ab69/form0/tera0:5/boss0:0]
[log] [coop:transport] send guest t=turnCommitAck e=1827802517509761 wave=85 turn=2 rev=797 stage=materialApplied checksum=10b845eaecead469
[log] [coop:stream] guest ACK turn stage=materialApplied e=1827802517509761 wave=85 turn=2 rev=797
[log] [coop:checksum] guest finalize materialApplied e=1827802517509761 wave=85 turn=2 rev=797
[log] [coop:transport] recv host t=turnCommitAck e=1827802517509761 wave=85 turn=2 rev=797 stage=materialApplied checksum=10b845eaecead469 handlers=1
[log] [coop:stream] host ACCEPT turn ACK stage=materialApplied key=1827802517509761:85:2:797
[log] [coop:transport] send guest t=turnCommitAck e=1827802517509761 wave=85 turn=2 rev=797 stage=presentationReady checksum=10b845eaecead469
[log] [coop:stream] guest ACK turn stage=presentationReady e=1827802517509761 wave=85 turn=2 rev=797
[log] [coop:checksum] guest finalize presentationReady e=1827802517509761 wave=85 turn=2 rev=797
[log] [coop:replay] guest finalize turn=2: END (checkpoint applied, turn-end queued)
[log] [coop:transport] recv host t=turnCommitAck e=1827802517509761 wave=85 turn=2 rev=797 stage=presentationReady checksum=10b845eaecead469 handlers=1
[log] [coop:stream] host ACCEPT turn ACK stage=presentationReady key=1827802517509761:85:2:797
[log] [coop:stream] guest admitted WAVE_ADVANCE continuation e=1827802517509761 wave=85
[log] [coop:runtime] wave-advance JOURNAL bootstrap wave=85 outcome=win (ACK withheld)
[log] [coop:runtime] wave-advance JOURNAL queued safe-boundary wake wave=85 unparkedReplay=0
[log] [coop:runtime] wave-advance op JOURNAL cursor-advanced id=1827802517509761:0:WAVE_ADVANCE:85 rev=199 dataApplied=false continuationReady=false (DATA applies at BattleEnd; retained ACK awaits DATA + destination continuation)
[log] [coop:transport] send guest t=coopAck cls=op:global seq=199
[log] [coop:replay] guest RECV waveEndState wave=85 tick=798
[log] [coop:runtime] ignore raw waveEndState for correctness wave=85 tick=798
[log] [coop:relay] RECV rewardOptions key=99:0 -> BUFFER rewardOptionsInbox (latest-wins) count=4
[log] [coop:rendezvous] RECV arrival point=shop:85:99 -> BUFFER (no waiter yet) role=guest
[log] [coop:transport] recv host t=coopAck cls=op:global seq=199 handlers=1
[log] [coop:session] isCoopAuthoritativeGuestGated -> true (authoritative GUEST gates a structural mutation)
[log] [coop:session] isCoopAuthoritativeGuestGated -> true (authoritative GUEST gates a structural mutation)
[log] [coop:session] isCoopAuthoritativeGuestGated -> true (authoritative GUEST gates a structural mutation)
[log] [coop:session] isCoopAuthoritativeGuestGated -> true (authoritative GUEST gates a structural mutation)
[log] [coop:session] isCoopAuthoritativeGuestGated -> true (authoritative GUEST gates a structural mutation)
[log] [coop:runtime] consume wave-advance wave=85 outcome=win transition=WAVE_VICTORY/next86/biome0/egg1/wild (lastResolved 84 -> 85)
[log] [coop:replay] guest wave-advance outcome=win wave=85 next=WAVE_VICTORY/wave86 biomeChange=false eggLapse=true victoryKind=wild battleType=WILD queues=VictoryPhase (host-stated)
[warn] [coop:replay] guest wave-advance wave=85: replacing speculative future queue [CommandPhase,CommandPhase,TurnStartPhase]
[log] [coop:session] isCoopAuthoritativeGuestGated -> true (authoritative GUEST gates a structural mutation)
[log] [coop:progression] GUEST applyPartyExp SKIP wave=85 koMon=Golem (awaiting host waveEndState)
[log] [coop-diag] VictoryPhase win-branch role=guest battleType=WILD queuesTrainerVictory=false queuesSelectModifier=true wave=85
[log] [coop:session] isCoopAuthoritativeGuestGated -> true (authoritative GUEST gates a structural mutation)
[log] [coop:session] isCoopAuthoritativeGuestGated -> true (authoritative GUEST gates a structural mutation)
[log] [coop-diag] VictoryTail role=guest wave=85 source=host-stated trainer=false egg=true biomeShop=false biomeChange=false crossroads=true nextWave=86
[log] [coop:session] isCoopAuthoritativeGuestGated -> true (authoritative GUEST gates a structural mutation)
[log] [coop:session] isCoopAuthoritativeGuestGated -> true (authoritative GUEST gates a structural mutation)
[log] [coop:session] isCoopAuthoritativeGuestGated -> true (authoritative GUEST gates a structural mutation)
[log] [coop:session] isCoopAuthoritativeGuestGated -> true (authoritative GUEST gates a structural mutation)
[log] [coop:adopt] erMoneyStreaks host entries=0 -> restored (#837/#348)
[log] [coop:adopt] biomeOverstayAnchor host=null -> restored (#837/#504)
[log] [coop:adopt] erBiomeStructure host length=24 startWave=81 -> restored (#841 item 5)
[log] [coop:adopt] erRelicBattleState host wave=85 -> restored (#837)
[log] [coop:adopt] erMapState host nodes=2 travelTarget=- fragments=0 -> restored (#865/#841 item 1)
[log] [coop:adopt] erPendingNodes host count=5 revealed=2 -> restored (#865)
[log] [coop:resync] guest apply authoritativeState tick=798 wave=85 turn=3 party=6/2 field=4
[log] [coop:resync] presentation settle boundary=resync-stable side=player desired=visible ids=[178671748,2610605] changed=0 phase=BattleEndPhase
[log] [coop:resync] presentation settle boundary=wave-start-pre-intro side=enemy desired=visible ids=[] changed=0 phase=BattleEndPhase
[log] [coop:runtime] wave-advance retained DATA boundary admitted wave=85
[log] [coop:progression] retained WAVE_ADVANCE DATA applied wave=85 tick=798
[log] [coop:progression] GUEST retained WAVE_ADVANCE BattleEnd release wave=85
[log] [coop:progression] GUEST automatic victory settlement admitted wave=85 turn=3
[log] [coop:transport] recv guest t=envelope t=envelope handlers=1
[log] [coop:interaction] interactionCounter() read -> 99 (role=guest)
[log] [coop:checksum] capture digest=a5de9eae215271f3 field=4 biome=12 seed=coop-soak-20260725 weather=3 terrain=4 money=17160 party=[493,150,890,384,382,888] partyLevels=[500,500,500,500,500,500] arenaTags=0 modifiers=6 heldItemsDigest=0 pokeballs=[0:90,1:10,2:0,3:0,4:0] mons=[bi0:sp493/hp1749-1865/st0/ab121/form0/tera0:0/boss0:0 bi1:sp150/hp936-1725/st0/ab227/form0/tera0:13/boss0:0 bi2:sp232/hp0-184/st7/ab3/form0/tera0:4/boss0:0 bi3:sp76/hp0-202/st7/ab69/form0/tera0:5/boss0:0]
[log] [coop:interaction] interactionCounter() read -> 99 (role=guest)
[log] [coop:owner] ownerOf(counter=99) seat=1 -> owner=guest
[log] [coop:owner] isLocalOwnerAtCounter(pinnedCounter=99) parity=1 owner=guest role=guest -> true
[log] [coop:interaction] interactionCounter() read -> 99 (role=guest)
[log] [coop:reward] owner/watcher decision: pinnedStart=99 liveCounter=99 parity=1 role=guest pick=OWNER option=ADOPT spoof=false
[log] [coop:rendezvous] ARRIVE point=shop:85:99 (send) role=guest
[log] [coop:transport] send guest t=rendezvous point=shop:85:99
[log] [coop:reward] OWNER drives reward screen (start=99 role=guest spoof=false adoptsOptions=true wave=85)
[log] [coop:rendezvous] shop-pick-commit barrier AWAIT shop:85:99
[log] [coop:rendezvous] AWAIT point=shop:85:99 -> partner already arrived (buffer-hit) role=guest
[log] [coop:transport] recv host t=rendezvous point=shop:85:99 handlers=1
[log] [coop:transport] send guest t=coopAck cls=op:global seq=199
[log] [coop:reward] WATCHER awaiting owner reward options (start=99 reroll=0 localCount=0)
[log] [coop:relay] AWAIT rewardOptions key=99:0 timeoutMs=1200000 -> BUFFER-HIT resolve count=4
[log] [coop:transport] recv host t=coopAck cls=op:global seq=199 handlers=1
[log] [coop:shop] reconstructRewardOptions OK count=4 ids=[PP_UP,POTION,RARE_CANDY,POKEBALL]
[log] [coop:reward] WATCHER ADOPTED owner reward options (was=0 now=4 ids=[PP_UP,POTION,RARE_CANDY,POKEBALL])
[log] [coop:transport] send guest t=turnCommitAck e=1827802517509761 wave=85 turn=2 rev=797 stage=continuationReady checksum=10b845eaecead469
[log] [coop:stream] guest ACK turn stage=continuationReady e=1827802517509761 wave=85 turn=2 rev=797
[log] [coop:stream] guest continuation surface=sharedInput e=1827802517509761 wave=85 turn=3 waiting=1 released=1
[log] [coop:interaction] mirror begin role=owner mirrorSeq=6336 interactionStart=99 reroll=0
[log] [coop:interaction] uiMirror beginSession role=owner mode=6 seq=6336 early=0
[log] [coop:transport] recv host t=turnCommitAck e=1827802517509761 wave=85 turn=2 rev=797 stage=continuationReady checksum=10b845eaecead469 handlers=1
[log] [coop:progression] retained WAVE_ADVANCE continuationReady wave=85
[log] [coop:transport] send guest t=coopAck cls=op:global seq=199
[log] [coop:transport] send guest t=coopAck cls=op:global seq=199
[log] [coop:transport] send guest t=coopAck cls=op:global seq=199
[log] [coop:transport] recv host t=coopAck cls=op:global seq=199 handlers=1
[log] [coop:transport] recv host t=coopAck cls=op:global seq=199 handlers=1
[log] [coop:transport] recv host t=coopAck cls=op:global seq=199 handlers=1
[log] [coop:owner] ownerOf(counter=99) seat=1 -> owner=guest
[log] [coop:owner] isLocalOwnerAtCounter(pinnedCounter=99) parity=1 owner=guest role=guest -> true
[log] [coop:relay] OWNER prepare seq=99 kind=skip choice=-1 data=[] role=guest
[log] [coop:reward] reward op INTENT prepared label=skip id=1827802517509761:1:REWARD:9900000
[log] [coop:relay] SEND interactionChoice seq=99 kind=skip kind=? choice=-1 data=-
[log] [coop:transport] send guest t=interactionChoice seq=99 kind=skip choice=-1
[warn] [coop:v2-shadow] FAULT tap(INTERACTION_COMMIT): AuthorityLog.commit: entry context is not bound to the local authority
[log] [coop:relay] AWAIT interactionChoice seq=99 timeoutMs=1200000 expected=[reward,shop,skip,reroll,check,transfer,lock] -> network-wait
[log] [coop:transport] recv host t=interactionChoice seq=99 kind=skip choice=-1 handlers=1
[log] [coop:adopt] erMoneyStreaks host entries=0 -> restored (#837/#348)
[log] [coop:adopt] biomeOverstayAnchor host=null -> restored (#837/#504)
[log] [coop:adopt] erBiomeStructure host length=24 startWave=81 -> restored (#841 item 5)
[log] [coop:adopt] erRelicBattleState host wave=85 -> restored (#837)
[log] [coop:adopt] erMapState host nodes=2 travelTarget=- fragments=0 -> restored (#865/#841 item 1)
[log] [coop:adopt] erPendingNodes host count=5 revealed=2 -> restored (#865)
[log] [coop:resync] guest apply authoritativeState tick=799 wave=85 turn=3 party=6/2 field=4
[log] [coop:resync] presentation settle boundary=resync-stable side=player desired=visible ids=[178671748,2610605] changed=0 phase=SelectModifierPhase
[log] [coop:resync] presentation settle boundary=wave-start-pre-intro side=enemy desired=visible ids=[] changed=0 phase=SelectModifierPhase
[log] [coop:relay] DELIVER interactionChoice seq=99 -> waiter kind=skip choice=-1 data=-
[log] [coop:relay] AWAIT interactionChoice seq=99 RESOLVE kind=skip choice=-1 data=-
[log] [coop:reward] shop authoritative RESULT applied-before-render kind=REWARD id=1827802517509761:1:REWARD:9900000 rev=200 tick=799
[log] [coop:transport] send guest t=coopAck cls=op:global seq=200
[log] [coop:reward] reward op WATCHER materialize retained choice=-1 terminal=true id=1827802517509761:1:REWARD:9900000
[log] [coop:reward] WATCHER applying relayed action seq=99 act=LEAVE choice=-1 data=-
[log] [coop:v2-interaction] terminal proof recorded op=1827802517509761:1:REWARD:9900000 role=guest seat=1 duplicate=0 ambient=1
[log] [coop:v2-interaction] phase terminal proof op=1827802517509761:1:REWARD:9900000 route=constructor-fallback accepted=1
[log] [coop:interaction] interactionCounter() read -> 99 (role=guest)
[log] [coop:interaction] CoopInteractionTurn.advance INCREMENT (fromCounter=99) counter 99 -> 100
[log] [coop:interaction] advanceInteraction ADVANCED+BROADCAST (fromCounter=99) counter 99 -> 100 role=guest; send interaction screen=__turn__ choice=100
[log] [coop:interaction] SEND counter snapshot reason=advance choice=100 role=guest
[log] [coop:transport] send guest t=interaction screen=__turn__
[log] [coop:owner] ownerOf(counter=100) seat=0 -> owner=host
[log] [coop:owner] ownerOf(counter=100) seat=0 -> owner=host
[log] [coop:interaction] interactionCounter() read -> 100 (role=guest)
[log] [coop:reward] advance interaction (role=guest from=99 counter 99 -> 100)
[log] [coop:session] isCoopAuthoritativeGuestGated -> true (authoritative GUEST gates a structural mutation)
[log] [coop:transport] recv host t=coopAck cls=op:global seq=200 handlers=1
[log] [coop:transport] recv host t=interaction screen=__turn__ handlers=1
[log] [coop:interaction] RECV interaction broadcast (deferred catch-up net) received=100 localBefore=100 role=guest -> no defer (local >= received)
[warn] [coop:interaction] CoopInteractionTurn.mergeRemote DEFER (remote=100, counter=100, pendingRemote=100) live counter UNCHANGED (folds in at next advance if still ahead)
[log] [coop:owner] ownerOf(counter=100) seat=0 -> owner=host
[log] [coop:owner] ownerOf(counter=100) seat=0 -> owner=host
[log] [coop:rendezvous] RECV arrival point=xroads:85 -> BUFFER (no waiter yet) role=guest
[log] [coop:interaction] interactionCounter() read -> 100 (role=guest)
[log] [coop:owner] ownerOf(counter=100) seat=0 -> owner=host
[log] [coop:owner] isLocalOwnerAtCounter(pinnedCounter=100) parity=0 owner=host role=guest -> false
[log] [coop:rendezvous] crossroads boundary barrier RENDEZVOUS xroads:85 (#858)
[log] [coop:rendezvous] ARRIVE point=xroads:85 (send) role=guest
[log] [coop:transport] send guest t=rendezvous point=xroads:85
[log] [coop:rendezvous] AWAIT point=xroads:85 -> partner already arrived (buffer-hit) role=guest
[log] [coop:transport] recv host t=rendezvous point=xroads:85 handlers=1
[log] [coop:interaction] interactionCounter() read -> 100 (role=guest)
[log] [coop:owner] ownerOf(counter=100) seat=0 -> owner=host
[log] [coop:owner] isLocalOwnerAtCounter(pinnedCounter=100) parity=0 owner=host role=guest -> false
[log] [coop:reward] crossroads owner/watcher decision: pinnedStart=100 role=guest spoof=false -> WATCHER (#848)
[log] [coop:interaction] uiMirror beginSession role=watcher mode=15 seq=9600100 early=0
[log] [coop:transport] send guest t=coopAck cls=op:global seq=199
[log] [coop:transport] recv host t=coopAck cls=op:global seq=199 handlers=1
[log] [coop:rendezvous] RECV arrival point=xroads:85 -> DUPLICATE (already seen) role=guest
[log] [coop:interaction] uiMirror WATCHER apply n=0 button=1 mode=15
[log] [coop:relay] DELIVER interactionChoice seq=9600100 -> BUFFER inbox depth=1 kind=crossroads choice=1 data=-
[log] [coop:reward] biome op JOURNAL apply id=1827802517509761:0:CROSSROADS_PICK:9600100 rev=201 (Wave-2e/W2e-R)
[log] [coop:transport] send guest t=coopAck cls=op:global seq=201
[log] [coop:relay] DELIVER interactionChoice seq=9600100 -> BUFFER inbox depth=2 kind=crossroads choice=1 data=-
[log] [coop:transport] recv host t=coopAck cls=op:global seq=201 handlers=1
[log] [coop:reward] biome op WATCHER materialize JOURNAL choice kind=CROSSROADS_PICK id=1827802517509761:0:CROSSROADS_PICK:9600100
[log] [coop:reward] crossroads WATCHER: owner pick received moveOn=true pinnedStart=100 (#848)
[log] [coop:session] isCoopAuthoritativeGuestGated -> true (authoritative GUEST gates a structural mutation)
[log] [coop:v2-interaction] terminal proof recorded op=1827802517509761:0:CROSSROADS_PICK:9600100 role=guest seat=1 duplicate=0 ambient=1
[log] [coop:interaction] interactionCounter() read -> 100 (role=guest)
[log] [coop:interaction] interactionCounter() read -> 100 (role=guest)
[log] [coop:owner] ownerOf(counter=100) seat=0 -> owner=host
[log] [coop:owner] isLocalOwnerAtCounter(pinnedCounter=100) parity=0 owner=host role=guest -> false
[log] [coop:session] isCoopAuthoritativeGuestGated -> true (authoritative GUEST gates a structural mutation)
[log] [coop:owner] ownerOf(counter=100) seat=0 -> owner=host
[log] [coop:owner] isLocalOwnerAtCounter(pinnedCounter=100) parity=0 owner=host role=guest -> false
[log] [coop:session] isCoopAuthoritativeGuestGated -> true (authoritative GUEST gates a structural mutation)
[log] [coop:owner] ownerOf(counter=100) seat=0 -> owner=host
[log] [coop:owner] isLocalOwnerAtCounter(pinnedCounter=100) parity=0 owner=host role=guest -> false
[log] [coop:reward] biome pick owner/watcher decision: pinnedStart=100 role=guest spoof=false chained=true -> WATCHER (#848)
[log] [coop:interaction] uiMirror beginSession role=watcher mode=54 seq=9700100 early=0
[log] [coop:transport] send guest t=coopAck cls=op:global seq=199
[log] [coop:transport] recv host t=coopAck cls=op:global seq=199 handlers=1
[log] [coop:relay] DELIVER interactionChoice seq=9700100 -> BUFFER inbox depth=1 kind=biomePick choice=0 data=[14]
[log] [coop:relay] DELIVER interactionChoice seq=9700100 -> BUFFER inbox depth=2 kind=biomePick choice=0 data=[14]
[log] [coop:reward] biome op JOURNAL apply id=1827802517509761:0:BIOME_PICK:9700100 rev=202 (Wave-2e/W2e-R)
[log] [coop:transport] send guest t=coopAck cls=op:global seq=202
[log] [coop:interaction] RECV interaction broadcast (deferred catch-up net) received=101 localBefore=100 role=guest -> WILL DEFER to 101 (folds in at next advance if still ahead)
[warn] [coop:interaction] CoopInteractionTurn.mergeRemote DEFER (remote=101, counter=100, pendingRemote=101) live counter UNCHANGED (folds in at next advance if still ahead)
[log] [coop:owner] ownerOf(counter=100) seat=0 -> owner=host
[log] [coop:owner] ownerOf(counter=100) seat=0 -> owner=host
[log] [coop:reward] biome op WATCHER materialize JOURNAL choice kind=BIOME_PICK id=1827802517509761:0:BIOME_PICK:9700100
[log] [coop:session] isCoopAuthoritativeGuestGated -> true (authoritative GUEST gates a structural mutation)
[log] [coop:reward] biome pick WATCHER: owner biome=undefined received pinnedStart=100 (#848)
[log] [coop:transport] recv host t=coopAck cls=op:global seq=202 handlers=1
[log] [coop:session] isCoopAuthoritativeGuestGated -> true (authoritative GUEST gates a structural mutation)
[log] [coop:interaction] interactionCounter() read -> 100 (role=guest)
[log] [coop:interaction] CoopInteractionTurn.advance INCREMENT (fromCounter=100) counter 100 -> 101
[log] [coop:interaction] advanceInteraction ADVANCED+BROADCAST (fromCounter=100) counter 100 -> 101 role=guest; send interaction screen=__turn__ choice=101
[log] [coop:interaction] SEND counter snapshot reason=advance choice=101 role=guest
[log] [coop:transport] send guest t=interaction screen=__turn__
[log] [coop:owner] ownerOf(counter=101) seat=1 -> owner=guest
[log] [coop:owner] ownerOf(counter=101) seat=1 -> owner=guest
[log] [coop:interaction] interactionCounter() read -> 101 (role=guest)
[log] [coop:reward] advance interaction from CONTINUATION commit (role=guest from=100 counter 100 -> 101)
[log] [coop:interaction] interactionCounter() read -> 101 (role=guest)
[log] [coop:v2-interaction] terminal proof recorded op=1827802517509761:0:BIOME_PICK:9700100 role=guest seat=1 duplicate=0 ambient=1
[log] [coop:transport] recv host t=interaction screen=__turn__ handlers=1
[log] [coop:interaction] interactionCounter() read -> 101 (role=guest)
[log] [coop:replay] guest RECV enemyPartySync wave=86 count=2 -> buffered (no waiter)
[log] [coop:replay] guest RECV entry presentation wave=86 stateTick=803 events=5 buffered
[log] [coop:replay] guest RECV enemyPartySync wave=86 count=2 -> buffered (no waiter)
[log] [coop:rendezvous] RECV arrival point=cmd:86:1 -> BUFFER (no waiter yet) role=guest
[log] [coop:session] isCoopAuthoritativeGuestGated -> true (authoritative GUEST gates a structural mutation)
[log] [coop:battletype] wave=86 HOST verdict: WILD - adopting (#867)
[log] [coop:me] wave=86 HOST verdict: NO ME - local presence roll suppressed (#862)
[log] [coop:session] isCoopAuthoritativeGuestGated -> true (authoritative GUEST gates a structural mutation)
[log] [coop:session] isCoopAuthoritativeGuestGated -> true (authoritative GUEST gates a structural mutation)
[log] [coop:stream] guest consumeEnemyParty wave=86 -> 2 enemies
[log] [coop:replay] guest adopt enemy trainerSlot=0 isBoss segments=1 index=0
[log] [coop:enemy] buildCoopEnemy ADOPT trainerSlot=0 species=553 form=0 lv=60 abilityIdx=1 nature=0 gender=0 shiny=false tera=0:4 hp=213/213 moves=4 heldItems=4
[log] [coop:replay] guest adopt enemy trainerSlot=0 isBoss segments=2 index=1
[log] [coop:enemy] buildCoopEnemy ADOPT trainerSlot=0 species=450 form=0 lv=61 abilityIdx=0 nature=0 gender=1 shiny=false tera=0:4 hp=233/233 moves=4 heldItems=3
[log] [coop:turn] host recorder: append turn=1 seq=5 k=weather total=6 live=true
[log] [coop:session] isCoopAuthoritativeGuestGated -> true (authoritative GUEST gates a structural mutation)
[log] [coop:turn] host recorder: append turn=1 seq=6 k=message total=7 live=true
[log] [coop:turn] host recorder: append turn=1 seq=7 k=terrain total=8 live=true
[log] [coop:turn] host recorder: append turn=1 seq=8 k=message total=9 live=true
[log] [coop:adopt] erMoneyStreaks host entries=0 -> restored (#837/#348)
[log] [coop:adopt] biomeOverstayAnchor host=null -> restored (#837/#504)
[log] [coop:adopt] erBiomeStructure host length=23 startWave=86 -> restored (#841 item 5)
[log] [coop:adopt] erRelicBattleState host wave=86 -> restored (#837)
[log] [coop:adopt] erMapState host nodes=2 travelTarget=- fragments=0 -> restored (#865/#841 item 1)
[log] [coop:adopt] erPendingNodes host count=4 revealed=2 -> restored (#865)
[log] [coop:resync] guest apply authoritativeState tick=803 wave=86 turn=1 party=6/2 field=4
[log] [coop:resync] presentation settle boundary=resync-stable side=player desired=visible ids=[178671748,2610605] changed=0 phase=NewBiomeEncounterPhase
[log] [coop:resync] presentation settle boundary=resync-stable side=enemy desired=visible ids=[3394841486,1387929471] changed=2 phase=NewBiomeEncounterPhase
[log] [coop:resync] render differ: newly presented id=3394841486 key=pkmn__553 -> load atlas
[log] [coop:resync] render differ: newly presented id=1387929471 key=pkmn__female__450 -> load atlas
[log] [coop:resync] presentation settle boundary=launch-ready side=player desired=visible ids=[178671748,2610605] changed=0 phase=NewBiomeEncounterPhase
[log] [coop:resync] presentation settle boundary=encounter-summon side=enemy desired=visible ids=[3394841486,1387929471] changed=0 phase=NewBiomeEncounterPhase
[log] [coop:resync] presentation settle boundary=encounter-summon side=enemy desired=visible ids=[3394841486,1387929471] changed=0 phase=NewBiomeEncounterPhase
[log] [coop:session] isCoopAuthoritativeGuestGated -> true (authoritative GUEST gates a structural mutation)
[log] [coop:session] isCoopAuthoritativeGuestGated -> true (authoritative GUEST gates a structural mutation)
[log] [coop:session] isCoopAuthoritativeGuestGated -> true (authoritative GUEST gates a structural mutation)
[log] [coop:session] isCoopAuthoritativeGuestGated -> true (authoritative GUEST gates a structural mutation)
[log] [coop:session] isCoopAuthoritativeGuestGated -> true (authoritative GUEST gates a structural mutation)
[log] [coop:session] isCoopAuthoritativeGuestGated -> true (authoritative GUEST gates a structural mutation)
[log] [coop:replay] guest replay turn=1: awaiting retained entry presentation
[warn] [coop:resync] authoritativeState tick=803 STALE (lastApplied=803) -> REJECTED (#807)
[log] [coop:adopt] erMoneyStreaks host entries=0 -> restored (#837/#348)
[log] [coop:adopt] biomeOverstayAnchor host=null -> restored (#837/#504)
[log] [coop:adopt] erBiomeStructure host length=23 startWave=86 -> restored (#841 item 5)
[log] [coop:adopt] erRelicBattleState host wave=86 -> restored (#837)
[log] [coop:adopt] erMapState host nodes=2 travelTarget=- fragments=0 -> restored (#865/#841 item 1)
[log] [coop:adopt] erPendingNodes host count=4 revealed=2 -> restored (#865)
[log] [coop:resync] guest reassert authoritativeState tick=803 wave=86 turn=1 party=6/2 field=4
[log] [coop:resync] presentation settle boundary=resync-stable side=player desired=visible ids=[178671748,2610605] changed=0 phase=CoopReplayTurnPhase
[log] [coop:resync] presentation settle boundary=resync-stable side=enemy desired=visible ids=[3394841486,1387929471] changed=0 phase=CoopReplayTurnPhase
[log] [coop:replay] guest replay turn=1: rendering 5 event(s)
[log] [coop:replay] guest replay turn=1: present k=weather
[log] [coop:session] isCoopAuthoritativeGuestGated -> true (authoritative GUEST gates a structural mutation)
[log] [coop:replay] guest replay turn=1: present k=message
[log] [coop:turn] host recorder: append turn=1 seq=9 k=message total=10 live=true
[log] [coop:replay] guest replay turn=1: present k=terrain
[log] [coop:session] isCoopAuthoritativeGuestGated -> true (authoritative GUEST gates a structural mutation)
[log] [coop:replay] guest replay turn=1: present k=message
[log] [coop:turn] host recorder: append turn=1 seq=10 k=message total=11 live=true
[log] [coop:replay] guest replay turn=1: present k=showAbility
[log] [coop:session] isCoopAuthoritativeGuestGated -> true (authoritative GUEST gates a structural mutation)
[log] [coop:replay] guest replay turn=1: rendered phases [weather=1 message=2 terrain=1 showAbility=1]
[log] [coop:replay] guest replay turn=1: retained entry presentation queued stateTick=803 events=5; awaiting exact outcome proof
[log] [coop:session] isCoopAuthoritativeGuestGated -> true (authoritative GUEST gates a structural mutation)
[log] [coop:session] isCoopAuthoritativeGuestGated -> true (authoritative GUEST gates a structural mutation)
[log] [coop:session] isCoopAuthoritativeGuestGated -> true (authoritative GUEST gates a structural mutation)
[log] [coop:replay] guest entry presentation PROVED wave=86 turn=1 events=5
[log] [coop:stream] guest consumeEnemyParty wave=86 -> null (buffered=none)
[log] [coop:battle] CommandPhase slot=0 turn=1 owner=host role=guest -> partner path
[log] [coop:stream] guest consumeEnemyParty wave=86 -> null (buffered=none)
[log] [coop:rendezvous] ARRIVE point=cmd:86:1 (send) role=guest
[log] [coop:transport] send guest t=rendezvous point=cmd:86:1
[log] [coop:rendezvous] next-command barrier cmd:86:1 SYNC pass (partner already arrived)
[log] [coop:stream] guest consumeEnemyParty wave=86 -> null (buffered=none)
[log] [coop:transport] send guest t=coopAck cls=op:global seq=200
[log] [coop:transport] send guest t=coopAck cls=op:global seq=200
[log] [coop:transport] send guest t=coopAck cls=op:global seq=201
[log] [coop:transport] send guest t=coopAck cls=op:global seq=201
[log] [coop:transport] send guest t=coopAck cls=op:global seq=202
[log] [coop:transport] send guest t=coopAck cls=op:global seq=202
[log] [coop:transport] recv host t=rendezvous point=cmd:86:1 handlers=1
[log] [coop:transport] recv host t=coopAck cls=op:global seq=200 handlers=1
[log] [coop:transport] recv host t=coopAck cls=op:global seq=200 handlers=1
[log] [coop:transport] recv host t=coopAck cls=op:global seq=201 handlers=1
[log] [coop:transport] recv host t=coopAck cls=op:global seq=201 handlers=1
[log] [coop:transport] recv host t=coopAck cls=op:global seq=202 handlers=1
[log] [coop:transport] recv host t=coopAck cls=op:global seq=202 handlers=1
[log] [coop:rendezvous] RECV arrival point=cmd:86:1 -> DUPLICATE (already seen) role=guest
[log] [coop:replay] guest IGNORE duplicate consumed entry presentation wave=86
[log] [coop:replay] guest RECV enemyPartySync wave=86 count=2 -> buffered (no waiter)
[log] [coop:interaction] interactionCounter() read -> 101 (role=guest)
[log] [coop:checksum] capture digest=106846c9f2466113 field=4 biome=14 seed=coop-soak-20260725 weather=3 terrain=4 money=17160 party=[493,150,890,384,382,888] partyLevels=[500,500,500,500,500,500] arenaTags=0 modifiers=6 heldItemsDigest=7 pokeballs=[0:90,1:10,2:0,3:0,4:0] mons=[bi0:sp493/hp1749-1865/st0/ab121/form0/tera0:0/boss0:0 bi1:sp150/hp936-1725/st0/ab227/form0/tera0:13/boss0:0 bi2:sp553/hp213-213/st0/ab153/form0/tera0:4/boss1:0 bi3:sp450/hp233-233/st0/ab45/form0/tera0:4/boss2:1]
[log] [coop:interaction] interactionCounter() read -> 101 (role=guest)
[log] [coop:replay] guest IGNORE duplicate consumed entry presentation wave=86
[log] [coop:replay] guest RECV enemyPartySync wave=86 count=2 -> buffered (no waiter)
[log] [coop:replay] guest RECV turnResolution e=1827802517509761 wave=86 turn=1 events=30 checksum=fe98e840e3926c94 -> buffered (no waiter)
[log] [coop:session] isCoopAuthoritativeGuestGated -> true (authoritative GUEST gates a structural mutation)
[log] [coop:replay] guest replay turn=1: live pump start mode=turn
[log] [coop:replay] guest replay turn=1: advance local watermark 0->5
[log] [coop:session] isCoopAuthoritativeGuestGated -> true (authoritative GUEST gates a structural mutation)
[log] [coop:transport] send guest t=requestTurnCommit e=1827802517509761 wave=86 turn=1 rev=pending
[log] [coop:transport] send guest t=requestTurnCommit e=1827802517509761 wave=86 turn=1 rev=807
[log] [coop:replay] guest awaitTurn turn=1 RESOLVE (buffered race) events=30
[log] [coop:transport] recv host t=requestTurnCommit e=1827802517509761 wave=86 turn=1 rev=pending handlers=1
[log] [coop:transport] send host t=turnResolution e=1827802517509761 wave=86 turn=1 rev=807 events=30 checksum=fe98e840e3926c94
[log] [coop:transport] recv host t=requestTurnCommit e=1827802517509761 wave=86 turn=1 rev=807 handlers=1
[log] [coop:transport] send host t=turnResolution e=1827802517509761 wave=86 turn=1 rev=807 events=30 checksum=fe98e840e3926c94
[log] [coop:transport] recv guest t=turnResolution e=1827802517509761 wave=86 turn=1 rev=807 events=30 checksum=fe98e840e3926c94 handlers=1
[log] [coop:transport] recv guest t=turnResolution e=1827802517509761 wave=86 turn=1 rev=807 events=30 checksum=fe98e840e3926c94 handlers=1
[log] [coop:replay] guest consume live events turn=1 count=0
[log] [coop:replay] guest replay turn=1: RESOLVE renderedLive=5 remaining=25 batch=30
[log] [coop:replay] guest replay turn=1: rendering 25 event(s)
[log] [coop:replay] guest replay turn=1: present k=weather
[log] [coop:session] isCoopAuthoritativeGuestGated -> true (authoritative GUEST gates a structural mutation)
[log] [coop:replay] guest replay turn=1: present k=message
[log] [coop:replay] guest replay turn=1: present k=terrain
[log] [coop:replay] guest replay turn=1: present k=message
[log] [coop:replay] guest replay turn=1: present k=message
[log] [coop:replay] guest replay turn=1: present k=message
[log] [coop:replay] guest replay turn=1: present k=switch
[log] [coop:session] isCoopAuthoritativeGuestGated -> true (authoritative GUEST gates a structural mutation)
[log] [coop:replay] guest replay turn=1: present k=showAbility
[log] [coop:session] isCoopAuthoritativeGuestGated -> true (authoritative GUEST gates a structural mutation)
[log] [coop:replay] guest replay turn=1: present k=message
[log] [coop:replay] guest replay turn=1: present k=statStage
[log] [coop:session] isCoopAuthoritativeGuestGated -> true (authoritative GUEST gates a structural mutation)
[log] [coop:replay] guest replay turn=1: present k=message
[log] [coop:replay] guest replay turn=1: present k=statStage
[log] [coop:session] isCoopAuthoritativeGuestGated -> true (authoritative GUEST gates a structural mutation)
[log] [coop:replay] guest replay turn=1: present k=message
[log] [coop:replay] guest replay turn=1: present k=statStage
[log] [coop:session] isCoopAuthoritativeGuestGated -> true (authoritative GUEST gates a structural mutation)
[log] [coop:replay] guest replay turn=1: present k=message
[log] [coop:replay] guest replay turn=1: present k=statStage
[log] [coop:session] isCoopAuthoritativeGuestGated -> true (authoritative GUEST gates a structural mutation)
[log] [coop:replay] guest replay turn=1: present k=moveUsed
[log] [coop:session] isCoopAuthoritativeGuestGated -> true (authoritative GUEST gates a structural mutation)
[log] [coop:replay] guest replay turn=1: present k=hp
[log] [coop:session] isCoopAuthoritativeGuestGated -> true (authoritative GUEST gates a structural mutation)
[log] [coop:replay] guest replay turn=1: present k=faint
[log] [coop:session] isCoopAuthoritativeGuestGated -> true (authoritative GUEST gates a structural mutation)
[log] [coop:replay] guest replay turn=1: present k=moveUsed
[log] [coop:session] isCoopAuthoritativeGuestGated -> true (authoritative GUEST gates a structural mutation)
[log] [coop:replay] guest replay turn=1: present k=message
[log] [coop:replay] guest replay turn=1: present k=message
[log] [coop:replay] guest replay turn=1: present k=hp
[log] [coop:session] isCoopAuthoritativeGuestGated -> true (authoritative GUEST gates a structural mutation)
[log] [coop:replay] guest replay turn=1: present k=message
[log] [coop:replay] guest replay turn=1: present k=hp
[log] [coop:session] isCoopAuthoritativeGuestGated -> true (authoritative GUEST gates a structural mutation)
[log] [coop:replay] guest replay turn=1: rendered phases [weather=1 message=11 terrain=1 switch=1 showAbility=1 statStage=4 moveUsed=2 hp=3 faint=1]
[log] [coop:replay] guest replay turn=1: unshift CoopFinalizeTurnPhase (checkpoint apply deferred)
[log] [coop:session] isCoopAuthoritativeGuestGated -> true (authoritative GUEST gates a structural mutation)
[log] [coop:stream] guest IGNORE idempotent turn duplicate e=1827802517509761 wave=86 turn=1 rev=807
[log] [coop:stream] guest IGNORE idempotent turn duplicate e=1827802517509761 wave=86 turn=1 rev=807
[log] [coop:session] isCoopAuthoritativeGuestGated -> true (authoritative GUEST gates a structural mutation)
[log] [coop:session] isCoopAuthoritativeGuestGated -> true (authoritative GUEST gates a structural mutation)
[log] [coop:replay] present statStage bi=2 stat=1 -> -1
[log] [coop:replay] present statStage bi=2 stat=1 set to -1 NO tween (delta=-1 anims=false)
[log] [coop:replay] present statStage bi=2 stat=3 -> -1
[log] [coop:replay] present statStage bi=2 stat=3 set to -1 NO tween (delta=-1 anims=false)
[log] [coop:replay] present statStage bi=3 stat=1 -> -1
[log] [coop:replay] present statStage bi=3 stat=1 set to -1 NO tween (delta=-1 anims=false)
[log] [coop:replay] present statStage bi=3 stat=3 -> -1
[log] [coop:replay] present statStage bi=3 stat=3 set to -1 NO tween (delta=-1 anims=false)
[log] [coop:replay] present move bi=0 moveId=53 targets=1
[log] [coop:replay] present hp bi=2 213->0/213
[log] [coop:replay] present faint bi=2 narrate=true
[log] [coop:replay] present move bi=3 moveId=838 targets=1
[log] [coop:replay] present hp bi=0 1749->1633/1865
[log] [coop:replay] present hp bi=1 1608->1608/1715
[log] [coop:checkpoint] guest apply field=4 weather=3 terrain=4 arenaTags=0
[log] [coop:session] isCoopAuthoritativeGuestGated -> true (authoritative GUEST gates a structural mutation)
[log] [coop:adopt] erMoneyStreaks host entries=0 -> restored (#837/#348)
[log] [coop:adopt] biomeOverstayAnchor host=null -> restored (#837/#504)
[log] [coop:adopt] erBiomeStructure host length=23 startWave=86 -> restored (#841 item 5)
[log] [coop:adopt] erRelicBattleState host wave=86 -> restored (#837)
[log] [coop:adopt] erMapState host nodes=2 travelTarget=- fragments=0 -> restored (#865/#841 item 1)
[log] [coop:adopt] erPendingNodes host count=4 revealed=2 -> restored (#865)
[log] [coop:resync] guest apply authoritativeState tick=807 wave=86 turn=1 party=6/2 field=4
[log] [coop:resync] presentation settle boundary=resync-stable side=player desired=visible ids=[178671748,1930538543] changed=0 phase=CoopFinalizeTurnPhase
[log] [coop:resync] presentation settle boundary=resync-stable side=enemy desired=visible ids=[1387929471] changed=0 phase=CoopFinalizeTurnPhase
[warn] [coop:heal] heldItems monId=3394841486 bi=2 removed=[BASE_STAT_BOOSTER,BASE_STAT_BOOSTER,BASE_STAT_BOOSTER] added=[BASE_STAT_BOOSTER,BASE_STAT_BOOSTER,BASE_STAT_BOOSTER] -> applied
[warn] [coop:heal] heldItems bi=2 host=[BASE_STAT_BOOSTER,BASE_STAT_BOOSTER,BASE_STAT_BOOSTER] -> applied (rewrote to host set)
[warn] [coop:heal] heldItems monId=1387929471 bi=3 removed=[BERRY,BASE_STAT_BOOSTER,BERRY] added=[BERRY,BASE_STAT_BOOSTER,BERRY] -> applied
[warn] [coop:heal] heldItems bi=3 host=[BERRY,BASE_STAT_BOOSTER,BERRY] -> applied (rewrote to host set)
[log] [coop:interaction] interactionCounter() read -> 101 (role=guest)
[log] [coop:checksum] capture digest=fe98e840e3926c94 field=4 biome=14 seed=coop-soak-20260725 weather=3 terrain=4 money=17160 party=[493,384,890,150,382,888] partyLevels=[500,500,500,500,500,500] arenaTags=0 modifiers=6 heldItemsDigest=3 pokeballs=[0:90,1:10,2:0,3:0,4:0] mons=[bi0:sp493/hp1633-1865/st0/ab121/form0/tera0:0/boss0:0 bi1:sp384/hp1608-1715/st0/ab5144/form0/tera0:15/boss0:0 bi2:sp553/hp0-213/st7/ab153/form0/tera0:4/boss1:0 bi3:sp450/hp233-233/st0/ab45/form0/tera0:4/boss2:1]
[log] [coop:transport] send guest t=turnCommitAck e=1827802517509761 wave=86 turn=1 rev=807 stage=materialApplied checksum=fe98e840e3926c94
[log] [coop:stream] guest ACK turn stage=materialApplied e=1827802517509761 wave=86 turn=1 rev=807
[log] [coop:checksum] guest finalize materialApplied e=1827802517509761 wave=86 turn=1 rev=807
[log] [coop:transport] recv host t=turnCommitAck e=1827802517509761 wave=86 turn=1 rev=807 stage=materialApplied checksum=fe98e840e3926c94 handlers=1
[log] [coop:stream] host ACCEPT turn ACK stage=materialApplied key=1827802517509761:86:1:807
[log] [coop:transport] send guest t=turnCommitAck e=1827802517509761 wave=86 turn=1 rev=807 stage=presentationReady checksum=fe98e840e3926c94
[log] [coop:stream] guest ACK turn stage=presentationReady e=1827802517509761 wave=86 turn=1 rev=807
[log] [coop:checksum] guest finalize presentationReady e=1827802517509761 wave=86 turn=1 rev=807
[log] [coop:replay] guest finalize turn=1: END (checkpoint applied, turn-end queued)
[log] [coop:transport] recv host t=turnCommitAck e=1827802517509761 wave=86 turn=1 rev=807 stage=presentationReady checksum=fe98e840e3926c94 handlers=1
[log] [coop:stream] host ACCEPT turn ACK stage=presentationReady key=1827802517509761:86:1:807
[log] [coop:rendezvous] ARRIVE point=cmd:86:2 (send) role=guest
[log] [coop:transport] send guest t=rendezvous point=cmd:86:2
[log] [coop:rendezvous] RECV arrival point=cmd:86:2 -> BUFFER (no waiter yet) role=guest
[log] [coop:session] isCoopAuthoritativeGuestGated -> true (authoritative GUEST gates a structural mutation)
[log] [coop:session] isCoopAuthoritativeGuestGated -> true (authoritative GUEST gates a structural mutation)
[log] [coop:session] isCoopAuthoritativeGuestGated -> true (authoritative GUEST gates a structural mutation)
[log] [coop:session] isCoopAuthoritativeGuestGated -> true (authoritative GUEST gates a structural mutation)
[log] [coop:session] isCoopAuthoritativeGuestGated -> true (authoritative GUEST gates a structural mutation)
[log] [coop:battle] CommandPhase slot=0 turn=2 owner=host role=guest -> partner path
[log] [coop:rendezvous] next-command barrier cmd:86:2 SYNC pass (partner already arrived)
[log] [coop:transport] send guest t=turnCommitAck e=1827802517509761 wave=86 turn=1 rev=807 stage=continuationReady checksum=fe98e840e3926c94
[log] [coop:stream] guest ACK turn stage=continuationReady e=1827802517509761 wave=86 turn=1 rev=807
[log] [coop:stream] guest continuation surface=command e=1827802517509761 wave=86 turn=2 waiting=1 released=1
[log] [coop:transport] recv host t=turnCommitAck e=1827802517509761 wave=86 turn=1 rev=807 stage=continuationReady checksum=fe98e840e3926c94 handlers=1
[log] [coop:replay] guest RECV turnResolution e=1827802517509761 wave=86 turn=2 events=9 checksum=82b50b39cc2f8723 -> buffered (no waiter)
[log] [coop:replay] guest RECV waveResolved wave=86 outcome=win transition=WAVE_VICTORY/next87/biome0/egg1/wild
[log] [coop:runtime] recv waveResolved wave=86 outcome=win role=guest netcode=authoritative
[log] [coop:runtime] ignore raw waveResolved for correctness wave=86 outcome=win; awaiting retained transaction
[log] [coop:session] isCoopAuthoritativeGuestGated -> true (authoritative GUEST gates a structural mutation)
[log] [coop:replay] guest replay turn=2: live pump start mode=turn
[log] [coop:transport] send guest t=requestTurnCommit e=1827802517509761 wave=86 turn=2 rev=pending
[log] [coop:transport] send guest t=requestTurnCommit e=1827802517509761 wave=86 turn=2 rev=809
[log] [coop:replay] guest awaitTurn turn=2 RESOLVE (buffered race) events=9
[log] [coop:transport] recv host t=requestTurnCommit e=1827802517509761 wave=86 turn=2 rev=pending handlers=1
[log] [coop:transport] send host t=turnResolution e=1827802517509761 wave=86 turn=2 rev=809 events=9 checksum=82b50b39cc2f8723
[log] [coop:transport] recv host t=requestTurnCommit e=1827802517509761 wave=86 turn=2 rev=809 handlers=1
[log] [coop:transport] send host t=turnResolution e=1827802517509761 wave=86 turn=2 rev=809 events=9 checksum=82b50b39cc2f8723
[log] [coop:transport] recv guest t=turnResolution e=1827802517509761 wave=86 turn=2 rev=809 events=9 checksum=82b50b39cc2f8723 handlers=1
[log] [coop:transport] recv guest t=turnResolution e=1827802517509761 wave=86 turn=2 rev=809 events=9 checksum=82b50b39cc2f8723 handlers=1
[log] [coop:replay] guest consume live events turn=2 count=0
[log] [coop:replay] guest replay turn=2: RESOLVE renderedLive=0 remaining=9 batch=9
[log] [coop:replay] guest replay turn=2: rendering 9 event(s)
[log] [coop:replay] guest replay turn=2: present k=moveUsed
[log] [coop:session] isCoopAuthoritativeGuestGated -> true (authoritative GUEST gates a structural mutation)
[log] [coop:replay] guest replay turn=2: present k=hp
[log] [coop:session] isCoopAuthoritativeGuestGated -> true (authoritative GUEST gates a structural mutation)
[log] [coop:replay] guest replay turn=2: present k=faint
[log] [coop:session] isCoopAuthoritativeGuestGated -> true (authoritative GUEST gates a structural mutation)
[log] [coop:replay] guest replay turn=2: present k=moveUsed
[log] [coop:session] isCoopAuthoritativeGuestGated -> true (authoritative GUEST gates a structural mutation)
[log] [coop:replay] guest replay turn=2: present k=message
[log] [coop:replay] guest replay turn=2: present k=message
[log] [coop:replay] guest replay turn=2: present k=hp
[log] [coop:session] isCoopAuthoritativeGuestGated -> true (authoritative GUEST gates a structural mutation)
[log] [coop:replay] guest replay turn=2: present k=message
[log] [coop:replay] guest replay turn=2: present k=hp
[log] [coop:session] isCoopAuthoritativeGuestGated -> true (authoritative GUEST gates a structural mutation)
[log] [coop:replay] guest replay turn=2: rendered phases [moveUsed=2 hp=3 faint=1 message=3]
[log] [coop:replay] guest replay turn=2: unshift CoopFinalizeTurnPhase (checkpoint apply deferred)
[log] [coop:session] isCoopAuthoritativeGuestGated -> true (authoritative GUEST gates a structural mutation)
[log] [coop:stream] guest IGNORE idempotent turn duplicate e=1827802517509761 wave=86 turn=2 rev=809
[log] [coop:stream] guest IGNORE idempotent turn duplicate e=1827802517509761 wave=86 turn=2 rev=809
[log] [coop:replay] present move bi=0 moveId=53 targets=1
[log] [coop:replay] present hp bi=3 233->0/233
[log] [coop:replay] present faint bi=3 narrate=true
[log] [coop:replay] present move bi=1 moveId=34 targets=0
[log] [coop:replay] present hp bi=0 1633->1517/1865
[log] [coop:replay] present hp bi=1 1608->1501/1715
[log] [coop:checkpoint] guest apply field=4 weather=3 terrain=4 arenaTags=0
[log] [coop:session] isCoopAuthoritativeGuestGated -> true (authoritative GUEST gates a structural mutation)
[log] [coop:adopt] erMoneyStreaks host entries=0 -> restored (#837/#348)
[log] [coop:adopt] biomeOverstayAnchor host=null -> restored (#837/#504)
[log] [coop:adopt] erBiomeStructure host length=23 startWave=86 -> restored (#841 item 5)
[log] [coop:adopt] erRelicBattleState host wave=86 -> restored (#837)
[log] [coop:adopt] erMapState host nodes=2 travelTarget=- fragments=0 -> restored (#865/#841 item 1)
[log] [coop:adopt] erPendingNodes host count=4 revealed=2 -> restored (#865)
[log] [coop:resync] guest apply authoritativeState tick=809 wave=86 turn=2 party=6/2 field=4
[log] [coop:resync] presentation settle boundary=resync-stable side=player desired=visible ids=[178671748,1930538543] changed=0 phase=CoopFinalizeTurnPhase
[log] [coop:resync] presentation settle boundary=wave-start-pre-intro side=enemy desired=visible ids=[] changed=0 phase=CoopFinalizeTurnPhase
[warn] [coop:heal] heldItems monId=3394841486 bi=2 removed=[BASE_STAT_BOOSTER,BASE_STAT_BOOSTER,BASE_STAT_BOOSTER] added=[BASE_STAT_BOOSTER,BASE_STAT_BOOSTER,BASE_STAT_BOOSTER] -> applied
[warn] [coop:heal] heldItems bi=2 host=[BASE_STAT_BOOSTER,BASE_STAT_BOOSTER,BASE_STAT_BOOSTER] -> applied (rewrote to host set)
[warn] [coop:heal] heldItems monId=1387929471 bi=3 removed=[BASE_STAT_BOOSTER] added=[BASE_STAT_BOOSTER] -> applied
[warn] [coop:heal] heldItems bi=3 host=[BASE_STAT_BOOSTER] -> applied (rewrote to host set)
[log] [coop:interaction] interactionCounter() read -> 101 (role=guest)
[log] [coop:checksum] capture digest=82b50b39cc2f8723 field=4 biome=14 seed=coop-soak-20260725 weather=3 terrain=4 money=17160 party=[493,384,890,150,382,888] partyLevels=[500,500,500,500,500,500] arenaTags=0 modifiers=6 heldItemsDigest=0 pokeballs=[0:90,1:10,2:0,3:0,4:0] mons=[bi0:sp493/hp1517-1865/st0/ab121/form0/tera0:0/boss0:0 bi1:sp384/hp1501-1715/st0/ab5144/form0/tera0:15/boss0:0 bi2:sp553/hp0-213/st7/ab153/form0/tera0:4/boss1:0 bi3:sp450/hp0-233/st7/ab45/form0/tera0:4/boss2:0]
[log] [coop:transport] send guest t=turnCommitAck e=1827802517509761 wave=86 turn=2 rev=809 stage=materialApplied checksum=82b50b39cc2f8723
[log] [coop:stream] guest ACK turn stage=materialApplied e=1827802517509761 wave=86 turn=2 rev=809
[log] [coop:checksum] guest finalize materialApplied e=1827802517509761 wave=86 turn=2 rev=809
[log] [coop:transport] recv host t=turnCommitAck e=1827802517509761 wave=86 turn=2 rev=809 stage=materialApplied checksum=82b50b39cc2f8723 handlers=1
[log] [coop:stream] host ACCEPT turn ACK stage=materialApplied key=1827802517509761:86:2:809
[log] [coop:transport] send guest t=turnCommitAck e=1827802517509761 wave=86 turn=2 rev=809 stage=presentationReady checksum=82b50b39cc2f8723
[log] [coop:stream] guest ACK turn stage=presentationReady e=1827802517509761 wave=86 turn=2 rev=809
[log] [coop:checksum] guest finalize presentationReady e=1827802517509761 wave=86 turn=2 rev=809
[log] [coop:replay] guest finalize turn=2: END (checkpoint applied, turn-end queued)
[log] [coop:transport] recv host t=turnCommitAck e=1827802517509761 wave=86 turn=2 rev=809 stage=presentationReady checksum=82b50b39cc2f8723 handlers=1
[log] [coop:stream] host ACCEPT turn ACK stage=presentationReady key=1827802517509761:86:2:809
[log] [coop:stream] guest admitted WAVE_ADVANCE continuation e=1827802517509761 wave=86
[log] [coop:runtime] wave-advance JOURNAL bootstrap wave=86 outcome=win (ACK withheld)
[log] [coop:runtime] wave-advance JOURNAL queued safe-boundary wake wave=86 unparkedReplay=0
[log] [coop:runtime] wave-advance op JOURNAL cursor-advanced id=1827802517509761:0:WAVE_ADVANCE:86 rev=203 dataApplied=false continuationReady=false (DATA applies at BattleEnd; retained ACK awaits DATA + destination continuation)
[log] [coop:transport] send guest t=coopAck cls=op:global seq=203
[log] [coop:replay] guest RECV waveEndState wave=86 tick=810
[log] [coop:runtime] ignore raw waveEndState for correctness wave=86 tick=810
[log] [coop:relay] RECV rewardOptions key=101:0 -> BUFFER rewardOptionsInbox (latest-wins) count=4
[log] [coop:rendezvous] RECV arrival point=shop:86:101 -> BUFFER (no waiter yet) role=guest
[log] [coop:transport] recv host t=coopAck cls=op:global seq=203 handlers=1
[log] [coop:session] isCoopAuthoritativeGuestGated -> true (authoritative GUEST gates a structural mutation)
[log] [coop:session] isCoopAuthoritativeGuestGated -> true (authoritative GUEST gates a structural mutation)
[log] [coop:session] isCoopAuthoritativeGuestGated -> true (authoritative GUEST gates a structural mutation)
[log] [coop:session] isCoopAuthoritativeGuestGated -> true (authoritative GUEST gates a structural mutation)
[log] [coop:session] isCoopAuthoritativeGuestGated -> true (authoritative GUEST gates a structural mutation)
[log] [coop:runtime] consume wave-advance wave=86 outcome=win transition=WAVE_VICTORY/next87/biome0/egg1/wild (lastResolved 85 -> 86)
[log] [coop:replay] guest wave-advance outcome=win wave=86 next=WAVE_VICTORY/wave87 biomeChange=false eggLapse=true victoryKind=wild battleType=WILD queues=VictoryPhase (host-stated)
[warn] [coop:replay] guest wave-advance wave=86: replacing speculative future queue [CommandPhase,CommandPhase,TurnStartPhase]
[log] [coop:session] isCoopAuthoritativeGuestGated -> true (authoritative GUEST gates a structural mutation)
[log] [coop:progression] GUEST applyPartyExp SKIP wave=86 koMon=Hippowdon (awaiting host waveEndState)
[log] [coop-diag] VictoryPhase win-branch role=guest battleType=WILD queuesTrainerVictory=false queuesSelectModifier=true wave=86
[log] [coop:session] isCoopAuthoritativeGuestGated -> true (authoritative GUEST gates a structural mutation)
[log] [coop:session] isCoopAuthoritativeGuestGated -> true (authoritative GUEST gates a structural mutation)
[log] [coop-diag] VictoryTail role=guest wave=86 source=host-stated trainer=false egg=true biomeShop=false biomeChange=false crossroads=false nextWave=87
[log] [coop:session] isCoopAuthoritativeGuestGated -> true (authoritative GUEST gates a structural mutation)
[log] [coop:session] isCoopAuthoritativeGuestGated -> true (authoritative GUEST gates a structural mutation)
[log] [coop:session] isCoopAuthoritativeGuestGated -> true (authoritative GUEST gates a structural mutation)
[log] [coop:adopt] erMoneyStreaks host entries=0 -> restored (#837/#348)
[log] [coop:adopt] biomeOverstayAnchor host=null -> restored (#837/#504)
[log] [coop:adopt] erBiomeStructure host length=23 startWave=86 -> restored (#841 item 5)
[log] [coop:adopt] erRelicBattleState host wave=86 -> restored (#837)
[log] [coop:adopt] erMapState host nodes=2 travelTarget=- fragments=0 -> restored (#865/#841 item 1)
[log] [coop:adopt] erPendingNodes host count=4 revealed=2 -> restored (#865)
[log] [coop:resync] guest apply authoritativeState tick=810 wave=86 turn=3 party=6/2 field=4
[log] [coop:resync] presentation settle boundary=resync-stable side=player desired=visible ids=[178671748,1930538543] changed=0 phase=BattleEndPhase
[log] [coop:resync] presentation settle boundary=wave-start-pre-intro side=enemy desired=visible ids=[] changed=0 phase=BattleEndPhase
[log] [coop:runtime] wave-advance retained DATA boundary admitted wave=86
[log] [coop:progression] retained WAVE_ADVANCE DATA applied wave=86 tick=810
[log] [coop:progression] GUEST retained WAVE_ADVANCE BattleEnd release wave=86
[log] [coop:progression] GUEST automatic victory settlement admitted wave=86 turn=3
[log] [coop:interaction] interactionCounter() read -> 101 (role=guest)
[log] [coop:checksum] capture digest=f3e3344c0702f4e0 field=4 biome=14 seed=coop-soak-20260725 weather=3 terrain=4 money=17160 party=[493,384,890,150,382,888] partyLevels=[500,500,500,500,500,500] arenaTags=0 modifiers=6 heldItemsDigest=0 pokeballs=[0:90,1:10,2:0,3:0,4:0] mons=[bi0:sp493/hp1517-1865/st0/ab121/form0/tera0:0/boss0:0 bi1:sp384/hp1501-1715/st0/ab5144/form0/tera0:15/boss0:0 bi2:sp553/hp0-202/st7/ab153/form0/tera0:4/boss1:0 bi3:sp450/hp0-221/st7/ab45/form0/tera0:4/boss2:0]
[log] [coop:interaction] interactionCounter() read -> 101 (role=guest)
[log] [coop:owner] ownerOf(counter=101) seat=1 -> owner=guest
[log] [coop:owner] isLocalOwnerAtCounter(pinnedCounter=101) parity=1 owner=guest role=guest -> true
[log] [coop:interaction] interactionCounter() read -> 101 (role=guest)
[log] [coop:reward] owner/watcher decision: pinnedStart=101 liveCounter=101 parity=1 role=guest pick=OWNER option=ADOPT spoof=false
[log] [coop:rendezvous] ARRIVE point=shop:86:101 (send) role=guest
[log] [coop:transport] send guest t=rendezvous point=shop:86:101
[log] [coop:reward] OWNER drives reward screen (start=101 role=guest spoof=false adoptsOptions=true wave=86)
[log] [coop:rendezvous] shop-pick-commit barrier AWAIT shop:86:101
[log] [coop:rendezvous] AWAIT point=shop:86:101 -> partner already arrived (buffer-hit) role=guest
[log] [coop:transport] recv host t=rendezvous point=shop:86:101 handlers=1
[log] [coop:reward] WATCHER awaiting owner reward options (start=101 reroll=0 localCount=0)
[log] [coop:relay] AWAIT rewardOptions key=101:0 timeoutMs=1200000 -> BUFFER-HIT resolve count=4
[log] [coop:shop] reconstructRewardOptions OK count=4 ids=[POKEBALL,NUGGET,TEMP_STAT_STAGE_BOOSTER,POTION]
[log] [coop:reward] WATCHER ADOPTED owner reward options (was=0 now=4 ids=[POKEBALL,NUGGET,TEMP_STAT_STAGE_BOOSTER,POTION])
[log] [coop:transport] send guest t=turnCommitAck e=1827802517509761 wave=86 turn=2 rev=809 stage=continuationReady checksum=82b50b39cc2f8723
[log] [coop:stream] guest ACK turn stage=continuationReady e=1827802517509761 wave=86 turn=2 rev=809
[log] [coop:stream] guest continuation surface=sharedInput e=1827802517509761 wave=86 turn=3 waiting=1 released=1
[log] [coop:interaction] mirror begin role=owner mirrorSeq=6464 interactionStart=101 reroll=0
[log] [coop:interaction] uiMirror beginSession role=owner mode=6 seq=6464 early=0
[log] [coop:transport] recv host t=turnCommitAck e=1827802517509761 wave=86 turn=2 rev=809 stage=continuationReady checksum=82b50b39cc2f8723 handlers=1
[log] [coop:progression] retained WAVE_ADVANCE continuationReady wave=86
[log] [coop:transport] send guest t=coopAck cls=op:global seq=203
[log] [coop:transport] send guest t=coopAck cls=op:global seq=203
[log] [coop:transport] send guest t=coopAck cls=op:global seq=203
[log] [coop:transport] recv host t=coopAck cls=op:global seq=203 handlers=1
[log] [coop:transport] recv host t=coopAck cls=op:global seq=203 handlers=1
[log] [coop:transport] recv host t=coopAck cls=op:global seq=203 handlers=1
[log] [coop:transport] recv guest t=envelope t=envelope handlers=1
[log] [coop:transport] send guest t=coopAck cls=op:global seq=203
[log] [coop:transport] send guest t=coopAck cls=op:global seq=203
[log] [coop:transport] send guest t=coopAck cls=op:global seq=203
[log] [coop:transport] recv host t=coopAck cls=op:global seq=203 handlers=1
[log] [coop:transport] recv host t=coopAck cls=op:global seq=203 handlers=1
[log] [coop:transport] recv host t=coopAck cls=op:global seq=203 handlers=1
[log] [coop:owner] ownerOf(counter=101) seat=1 -> owner=guest
[log] [coop:owner] isLocalOwnerAtCounter(pinnedCounter=101) parity=1 owner=guest role=guest -> true
[log] [coop:relay] OWNER prepare seq=101 kind=skip choice=-1 data=[] role=guest
[log] [coop:reward] reward op INTENT prepared label=skip id=1827802517509761:1:REWARD:10100000
[log] [coop:relay] SEND interactionChoice seq=101 kind=skip kind=? choice=-1 data=-
[log] [coop:transport] send guest t=interactionChoice seq=101 kind=skip choice=-1
[warn] [coop:v2-shadow] FAULT tap(INTERACTION_COMMIT): AuthorityLog.commit: entry context is not bound to the local authority
[log] [coop:relay] AWAIT interactionChoice seq=101 timeoutMs=1200000 expected=[reward,shop,skip,reroll,check,transfer,lock] -> network-wait
[log] [coop:transport] recv host t=interactionChoice seq=101 kind=skip choice=-1 handlers=1
[log] [coop:adopt] erMoneyStreaks host entries=0 -> restored (#837/#348)
[log] [coop:adopt] biomeOverstayAnchor host=null -> restored (#837/#504)
[log] [coop:adopt] erBiomeStructure host length=23 startWave=86 -> restored (#841 item 5)
[log] [coop:adopt] erRelicBattleState host wave=86 -> restored (#837)
[log] [coop:adopt] erMapState host nodes=2 travelTarget=- fragments=0 -> restored (#865/#841 item 1)
[log] [coop:adopt] erPendingNodes host count=4 revealed=2 -> restored (#865)
[log] [coop:resync] guest apply authoritativeState tick=811 wave=86 turn=3 party=6/2 field=4
[log] [coop:resync] presentation settle boundary=resync-stable side=player desired=visible ids=[178671748,1930538543] changed=0 phase=SelectModifierPhase
[log] [coop:resync] presentation settle boundary=wave-start-pre-intro side=enemy desired=visible ids=[] changed=0 phase=SelectModifierPhase
[log] [coop:relay] DELIVER interactionChoice seq=101 -> waiter kind=skip choice=-1 data=-
[log] [coop:relay] AWAIT interactionChoice seq=101 RESOLVE kind=skip choice=-1 data=-
[log] [coop:reward] shop authoritative RESULT applied-before-render kind=REWARD id=1827802517509761:1:REWARD:10100000 rev=204 tick=811
[log] [coop:transport] send guest t=coopAck cls=op:global seq=204
[log] [coop:reward] reward op WATCHER materialize retained choice=-1 terminal=true id=1827802517509761:1:REWARD:10100000
[log] [coop:reward] WATCHER applying relayed action seq=101 act=LEAVE choice=-1 data=-
[log] [coop:v2-interaction] terminal proof recorded op=1827802517509761:1:REWARD:10100000 role=guest seat=1 duplicate=0 ambient=1
[log] [coop:v2-interaction] phase terminal proof op=1827802517509761:1:REWARD:10100000 route=constructor-fallback accepted=1
[log] [coop:interaction] interactionCounter() read -> 101 (role=guest)
[log] [coop:interaction] CoopInteractionTurn.advance INCREMENT (fromCounter=101) counter 101 -> 102
[log] [coop:interaction] advanceInteraction ADVANCED+BROADCAST (fromCounter=101) counter 101 -> 102 role=guest; send interaction screen=__turn__ choice=102
[log] [coop:interaction] SEND counter snapshot reason=advance choice=102 role=guest
[log] [coop:transport] send guest t=interaction screen=__turn__
[log] [coop:owner] ownerOf(counter=102) seat=0 -> owner=host
[log] [coop:owner] ownerOf(counter=102) seat=0 -> owner=host
[log] [coop:interaction] interactionCounter() read -> 102 (role=guest)
[log] [coop:reward] advance interaction (role=guest from=101 counter 101 -> 102)
[log] [coop:session] isCoopAuthoritativeGuestGated -> true (authoritative GUEST gates a structural mutation)
[log] [coop:transport] recv host t=coopAck cls=op:global seq=204 handlers=1
[log] [coop:transport] recv host t=interaction screen=__turn__ handlers=1
[log] [coop:interaction] RECV interaction broadcast (deferred catch-up net) received=102 localBefore=102 role=guest -> no defer (local >= received)
[warn] [coop:interaction] CoopInteractionTurn.mergeRemote DEFER (remote=102, counter=102, pendingRemote=102) live counter UNCHANGED (folds in at next advance if still ahead)
[log] [coop:owner] ownerOf(counter=102) seat=0 -> owner=host
[log] [coop:owner] ownerOf(counter=102) seat=0 -> owner=host
[log] [coop:replay] guest RECV enemyPartySync wave=87 count=2 -> buffered (no waiter)
[log] [coop:replay] guest RECV entry presentation wave=87 stateTick=813 events=2 buffered
[log] [coop:replay] guest RECV enemyPartySync wave=87 count=2 -> buffered (no waiter)
[log] [coop:rendezvous] RECV arrival point=cmd:87:1 -> BUFFER (no waiter yet) role=guest
[log] [coop:battletype] wave=87 HOST verdict: WILD - adopting (#867)
[log] [coop:me] wave=87 HOST verdict: NO ME - local presence roll suppressed (#862)
[log] [coop:session] isCoopAuthoritativeGuestGated -> true (authoritative GUEST gates a structural mutation)
[log] [coop:interaction] interactionCounter() read -> 102 (role=guest)
[log] [coop:stream] guest consumeEnemyParty wave=87 -> 2 enemies
[log] [coop:enemy] buildCoopEnemy ADOPT trainerSlot=0 species=954 form=0 lv=60 abilityIdx=0 nature=0 gender=0 shiny=false tera=0:6 hp=178/178 moves=4 heldItems=0
[log] [coop:enemy] buildCoopEnemy ADOPT trainerSlot=0 species=968 form=0 lv=64 abilityIdx=1 nature=0 gender=0 shiny=false tera=0:4 hp=183/183 moves=4 heldItems=0
[log] [coop:adopt] erMoneyStreaks host entries=0 -> restored (#837/#348)
[log] [coop:adopt] biomeOverstayAnchor host=null -> restored (#837/#504)
[log] [coop:adopt] erBiomeStructure host length=23 startWave=86 -> restored (#841 item 5)
[log] [coop:adopt] erRelicBattleState host wave=87 -> restored (#837)
[log] [coop:adopt] erMapState host nodes=2 travelTarget=- fragments=0 -> restored (#865/#841 item 1)
[log] [coop:adopt] erPendingNodes host count=4 revealed=2 -> restored (#865)
[log] [coop:resync] guest apply authoritativeState tick=813 wave=87 turn=1 party=6/2 field=4
[log] [coop:resync] presentation settle boundary=resync-stable side=player desired=visible ids=[178671748,1930538543] changed=0 phase=NextEncounterPhase
[log] [coop:resync] presentation settle boundary=resync-stable side=enemy desired=visible ids=[2221292493,2579941553] changed=2 phase=NextEncounterPhase
[log] [coop:resync] render differ: newly presented id=2221292493 key=pkmn__954 -> load atlas
[log] [coop:resync] render differ: newly presented id=2579941553 key=pkmn__968 -> load atlas
[log] [coop:resync] presentation settle boundary=launch-ready side=player desired=visible ids=[178671748,1930538543] changed=0 phase=NextEncounterPhase
[log] [coop:session] isCoopAuthoritativeGuestGated -> true (authoritative GUEST gates a structural mutation)
[log] [coop:session] isCoopAuthoritativeGuestGated -> true (authoritative GUEST gates a structural mutation)
[log] [coop:session] isCoopAuthoritativeGuestGated -> true (authoritative GUEST gates a structural mutation)
[log] [coop:session] isCoopAuthoritativeGuestGated -> true (authoritative GUEST gates a structural mutation)
[log] [coop:session] isCoopAuthoritativeGuestGated -> true (authoritative GUEST gates a structural mutation)
[log] [coop:session] isCoopAuthoritativeGuestGated -> true (authoritative GUEST gates a structural mutation)
[log] [coop:replay] guest replay turn=1: awaiting retained entry presentation
[warn] [coop:resync] authoritativeState tick=813 STALE (lastApplied=813) -> REJECTED (#807)
[log] [coop:adopt] erMoneyStreaks host entries=0 -> restored (#837/#348)
[log] [coop:adopt] biomeOverstayAnchor host=null -> restored (#837/#504)
[log] [coop:adopt] erBiomeStructure host length=23 startWave=86 -> restored (#841 item 5)
[log] [coop:adopt] erRelicBattleState host wave=87 -> restored (#837)
[log] [coop:adopt] erMapState host nodes=2 travelTarget=- fragments=0 -> restored (#865/#841 item 1)
[log] [coop:adopt] erPendingNodes host count=4 revealed=2 -> restored (#865)
[log] [coop:resync] guest reassert authoritativeState tick=813 wave=87 turn=1 party=6/2 field=4
[log] [coop:resync] presentation settle boundary=resync-stable side=player desired=visible ids=[178671748,1930538543] changed=0 phase=CoopReplayTurnPhase
[log] [coop:resync] presentation settle boundary=resync-stable side=enemy desired=visible ids=[2221292493,2579941553] changed=0 phase=CoopReplayTurnPhase
[log] [coop:replay] guest replay turn=1: rendering 2 event(s)
[log] [coop:replay] guest replay turn=1: present k=message
[log] [coop:turn] host recorder: append turn=1 seq=2 k=message total=3 live=true
[log] [coop:replay] guest replay turn=1: present k=showAbility
[log] [coop:session] isCoopAuthoritativeGuestGated -> true (authoritative GUEST gates a structural mutation)
[log] [coop:replay] guest replay turn=1: rendered phases [message=1 showAbility=1]
[log] [coop:replay] guest replay turn=1: retained entry presentation queued stateTick=813 events=2; awaiting exact outcome proof
[log] [coop:session] isCoopAuthoritativeGuestGated -> true (authoritative GUEST gates a structural mutation)
[log] [coop:session] isCoopAuthoritativeGuestGated -> true (authoritative GUEST gates a structural mutation)
[log] [coop:session] isCoopAuthoritativeGuestGated -> true (authoritative GUEST gates a structural mutation)
[log] [coop:replay] guest entry presentation PROVED wave=87 turn=1 events=2
[log] [coop:stream] guest consumeEnemyParty wave=87 -> null (buffered=none)
[log] [coop:battle] CommandPhase slot=0 turn=1 owner=host role=guest -> partner path
[log] [coop:stream] guest consumeEnemyParty wave=87 -> null (buffered=none)
[log] [coop:rendezvous] ARRIVE point=cmd:87:1 (send) role=guest
[log] [coop:transport] send guest t=rendezvous point=cmd:87:1
[log] [coop:rendezvous] next-command barrier cmd:87:1 SYNC pass (partner already arrived)
[log] [coop:stream] guest consumeEnemyParty wave=87 -> null (buffered=none)
[log] [coop:transport] send guest t=coopAck cls=op:global seq=204
[log] [coop:transport] send guest t=coopAck cls=op:global seq=204
[log] [coop:transport] recv host t=rendezvous point=cmd:87:1 handlers=1
[log] [coop:transport] recv host t=coopAck cls=op:global seq=204 handlers=1
[log] [coop:transport] recv host t=coopAck cls=op:global seq=204 handlers=1
[log] [coop:rendezvous] RECV arrival point=cmd:87:1 -> DUPLICATE (already seen) role=guest
[log] [coop:replay] guest IGNORE duplicate consumed entry presentation wave=87
[log] [coop:replay] guest RECV enemyPartySync wave=87 count=2 -> buffered (no waiter)
[log] [coop:interaction] interactionCounter() read -> 102 (role=guest)
[log] [coop:checksum] capture digest=a517c020b08ba4e3 field=4 biome=14 seed=coop-soak-20260725 weather=3 terrain=4 money=17160 party=[493,384,890,150,382,888] partyLevels=[500,500,500,500,500,500] arenaTags=0 modifiers=6 heldItemsDigest=0 pokeballs=[0:90,1:10,2:0,3:0,4:0] mons=[bi0:sp493/hp1517-1865/st0/ab121/form0/tera0:0/boss0:0 bi1:sp384/hp1501-1715/st0/ab5144/form0/tera0:15/boss0:0 bi2:sp954/hp178-178/st0/ab140/form0/tera0:6/boss0:0 bi3:sp968/hp183-183/st0/ab89/form0/tera0:4/boss0:0]
[log] [coop:interaction] interactionCounter() read -> 102 (role=guest)
[log] [coop:replay] guest IGNORE duplicate consumed entry presentation wave=87
[log] [coop:replay] guest RECV enemyPartySync wave=87 count=2 -> buffered (no waiter)
[log] [coop:replay] guest RECV turnResolution e=1827802517509761 wave=87 turn=1 events=14 checksum=8036a3df3bdd1fbf -> buffered (no waiter)
[log] [coop:replay] guest RECV waveResolved wave=87 outcome=win transition=WAVE_VICTORY/next88/biome0/egg1/wild
[log] [coop:runtime] recv waveResolved wave=87 outcome=win role=guest netcode=authoritative
[log] [coop:runtime] ignore raw waveResolved for correctness wave=87 outcome=win; awaiting retained transaction
[log] [coop:session] isCoopAuthoritativeGuestGated -> true (authoritative GUEST gates a structural mutation)
[log] [coop:replay] guest replay turn=1: live pump start mode=turn
[log] [coop:replay] guest replay turn=1: advance local watermark 0->2
[log] [coop:session] isCoopAuthoritativeGuestGated -> true (authoritative GUEST gates a structural mutation)
[log] [coop:transport] send guest t=requestTurnCommit e=1827802517509761 wave=87 turn=1 rev=pending
[log] [coop:transport] send guest t=requestTurnCommit e=1827802517509761 wave=87 turn=1 rev=817
[log] [coop:replay] guest awaitTurn turn=1 RESOLVE (buffered race) events=14
[log] [coop:transport] recv host t=requestTurnCommit e=1827802517509761 wave=87 turn=1 rev=pending handlers=1
[log] [coop:transport] send host t=turnResolution e=1827802517509761 wave=87 turn=1 rev=817 events=14 checksum=8036a3df3bdd1fbf
[log] [coop:transport] recv host t=requestTurnCommit e=1827802517509761 wave=87 turn=1 rev=817 handlers=1
[log] [coop:transport] send host t=turnResolution e=1827802517509761 wave=87 turn=1 rev=817 events=14 checksum=8036a3df3bdd1fbf
[log] [coop:transport] recv guest t=turnResolution e=1827802517509761 wave=87 turn=1 rev=817 events=14 checksum=8036a3df3bdd1fbf handlers=1
[log] [coop:transport] recv guest t=turnResolution e=1827802517509761 wave=87 turn=1 rev=817 events=14 checksum=8036a3df3bdd1fbf handlers=1
[log] [coop:replay] guest consume live events turn=1 count=0
[log] [coop:replay] guest replay turn=1: RESOLVE renderedLive=2 remaining=12 batch=14
[log] [coop:replay] guest replay turn=1: rendering 12 event(s)
[log] [coop:replay] guest replay turn=1: present k=message
[log] [coop:replay] guest replay turn=1: present k=moveUsed
[log] [coop:session] isCoopAuthoritativeGuestGated -> true (authoritative GUEST gates a structural mutation)
[log] [coop:replay] guest replay turn=1: present k=hp
[log] [coop:session] isCoopAuthoritativeGuestGated -> true (authoritative GUEST gates a structural mutation)
[log] [coop:replay] guest replay turn=1: present k=faint
[log] [coop:session] isCoopAuthoritativeGuestGated -> true (authoritative GUEST gates a structural mutation)
[log] [coop:replay] guest replay turn=1: present k=moveUsed
[log] [coop:session] isCoopAuthoritativeGuestGated -> true (authoritative GUEST gates a structural mutation)
[log] [coop:replay] guest replay turn=1: present k=hp
[log] [coop:session] isCoopAuthoritativeGuestGated -> true (authoritative GUEST gates a structural mutation)
[log] [coop:replay] guest replay turn=1: present k=faint
[log] [coop:session] isCoopAuthoritativeGuestGated -> true (authoritative GUEST gates a structural mutation)
[log] [coop:replay] guest replay turn=1: present k=message
[log] [coop:replay] guest replay turn=1: present k=message
[log] [coop:replay] guest replay turn=1: present k=hp
[log] [coop:session] isCoopAuthoritativeGuestGated -> true (authoritative GUEST gates a structural mutation)
[log] [coop:replay] guest replay turn=1: present k=message
[log] [coop:replay] guest replay turn=1: present k=hp
[log] [coop:session] isCoopAuthoritativeGuestGated -> true (authoritative GUEST gates a structural mutation)
[log] [coop:replay] guest replay turn=1: rendered phases [message=4 moveUsed=2 hp=4 faint=2]
[log] [coop:replay] guest replay turn=1: unshift CoopFinalizeTurnPhase (checkpoint apply deferred)
[log] [coop:session] isCoopAuthoritativeGuestGated -> true (authoritative GUEST gates a structural mutation)
[log] [coop:stream] guest IGNORE idempotent turn duplicate e=1827802517509761 wave=87 turn=1 rev=817
[log] [coop:stream] guest IGNORE idempotent turn duplicate e=1827802517509761 wave=87 turn=1 rev=817
[log] [coop:replay] present move bi=0 moveId=34 targets=1
[log] [coop:replay] present hp bi=2 178->0/178
[log] [coop:replay] present faint bi=2 narrate=true
[log] [coop:replay] present move bi=1 moveId=53 targets=1
[log] [coop:replay] present hp bi=3 183->0/183
[log] [coop:replay] present faint bi=3 narrate=true
[log] [coop:replay] present hp bi=0 1517->1401/1865
[log] [coop:replay] present hp bi=1 1501->1394/1715
[log] [coop:checkpoint] guest apply field=4 weather=3 terrain=4 arenaTags=0
[log] [coop:session] isCoopAuthoritativeGuestGated -> true (authoritative GUEST gates a structural mutation)
[log] [coop:adopt] erMoneyStreaks host entries=0 -> restored (#837/#348)
[log] [coop:adopt] biomeOverstayAnchor host=null -> restored (#837/#504)
[log] [coop:adopt] erBiomeStructure host length=23 startWave=86 -> restored (#841 item 5)
[log] [coop:adopt] erRelicBattleState host wave=87 -> restored (#837)
[log] [coop:adopt] erMapState host nodes=2 travelTarget=- fragments=0 -> restored (#865/#841 item 1)
[log] [coop:adopt] erPendingNodes host count=4 revealed=2 -> restored (#865)
[log] [coop:resync] guest apply authoritativeState tick=817 wave=87 turn=1 party=6/2 field=4
[log] [coop:resync] presentation settle boundary=resync-stable side=player desired=visible ids=[178671748,1930538543] changed=0 phase=CoopFinalizeTurnPhase
[log] [coop:resync] presentation settle boundary=wave-start-pre-intro side=enemy desired=visible ids=[] changed=0 phase=CoopFinalizeTurnPhase
[log] [coop:interaction] interactionCounter() read -> 102 (role=guest)
[log] [coop:checksum] capture digest=8036a3df3bdd1fbf field=4 biome=14 seed=coop-soak-20260725 weather=3 terrain=4 money=17160 party=[493,384,890,150,382,888] partyLevels=[500,500,500,500,500,500] arenaTags=0 modifiers=6 heldItemsDigest=0 pokeballs=[0:90,1:10,2:0,3:0,4:0] mons=[bi0:sp493/hp1401-1865/st0/ab121/form0/tera0:0/boss0:0 bi1:sp384/hp1394-1715/st0/ab5144/form0/tera0:15/boss0:0 bi2:sp954/hp0-178/st7/ab140/form0/tera0:6/boss0:0 bi3:sp968/hp0-183/st7/ab89/form0/tera0:4/boss0:0]
[log] [coop:transport] send guest t=turnCommitAck e=1827802517509761 wave=87 turn=1 rev=817 stage=materialApplied checksum=8036a3df3bdd1fbf
[log] [coop:stream] guest ACK turn stage=materialApplied e=1827802517509761 wave=87 turn=1 rev=817
[log] [coop:checksum] guest finalize materialApplied e=1827802517509761 wave=87 turn=1 rev=817
[log] [coop:transport] recv host t=turnCommitAck e=1827802517509761 wave=87 turn=1 rev=817 stage=materialApplied checksum=8036a3df3bdd1fbf handlers=1
[log] [coop:stream] host ACCEPT turn ACK stage=materialApplied key=1827802517509761:87:1:817
[log] [coop:transport] send guest t=turnCommitAck e=1827802517509761 wave=87 turn=1 rev=817 stage=presentationReady checksum=8036a3df3bdd1fbf
[log] [coop:stream] guest ACK turn stage=presentationReady e=1827802517509761 wave=87 turn=1 rev=817
[log] [coop:checksum] guest finalize presentationReady e=1827802517509761 wave=87 turn=1 rev=817
[log] [coop:replay] guest finalize turn=1: END (checkpoint applied, turn-end queued)
[log] [coop:transport] recv host t=turnCommitAck e=1827802517509761 wave=87 turn=1 rev=817 stage=presentationReady checksum=8036a3df3bdd1fbf handlers=1
[log] [coop:stream] host ACCEPT turn ACK stage=presentationReady key=1827802517509761:87:1:817
[log] [coop:stream] guest admitted WAVE_ADVANCE continuation e=1827802517509761 wave=87
[log] [coop:runtime] wave-advance JOURNAL bootstrap wave=87 outcome=win (ACK withheld)
[log] [coop:runtime] wave-advance JOURNAL queued safe-boundary wake wave=87 unparkedReplay=0
[log] [coop:runtime] wave-advance op JOURNAL cursor-advanced id=1827802517509761:0:WAVE_ADVANCE:87 rev=205 dataApplied=false continuationReady=false (DATA applies at BattleEnd; retained ACK awaits DATA + destination continuation)
[log] [coop:transport] send guest t=coopAck cls=op:global seq=205
[log] [coop:replay] guest RECV waveEndState wave=87 tick=818
[log] [coop:runtime] ignore raw waveEndState for correctness wave=87 tick=818
[log] [coop:relay] RECV rewardOptions key=102:0 -> BUFFER rewardOptionsInbox (latest-wins) count=4
[log] [coop:rendezvous] RECV arrival point=shop:87:102 -> BUFFER (no waiter yet) role=guest
[log] [coop:transport] recv host t=coopAck cls=op:global seq=205 handlers=1
[log] [coop:session] isCoopAuthoritativeGuestGated -> true (authoritative GUEST gates a structural mutation)
[log] [coop:session] isCoopAuthoritativeGuestGated -> true (authoritative GUEST gates a structural mutation)
[log] [coop:session] isCoopAuthoritativeGuestGated -> true (authoritative GUEST gates a structural mutation)
[log] [coop:session] isCoopAuthoritativeGuestGated -> true (authoritative GUEST gates a structural mutation)
[log] [coop:session] isCoopAuthoritativeGuestGated -> true (authoritative GUEST gates a structural mutation)
[log] [coop:runtime] consume wave-advance wave=87 outcome=win transition=WAVE_VICTORY/next88/biome0/egg1/wild (lastResolved 86 -> 87)
[log] [coop:replay] guest wave-advance outcome=win wave=87 next=WAVE_VICTORY/wave88 biomeChange=false eggLapse=true victoryKind=wild battleType=WILD queues=VictoryPhase (host-stated)
[warn] [coop:replay] guest wave-advance wave=87: replacing speculative future queue [CommandPhase,CommandPhase,TurnStartPhase]
[log] [coop:session] isCoopAuthoritativeGuestGated -> true (authoritative GUEST gates a structural mutation)
[log] [coop:progression] GUEST applyPartyExp SKIP wave=87 koMon=Orthworm (awaiting host waveEndState)
[log] [coop-diag] VictoryPhase win-branch role=guest battleType=WILD queuesTrainerVictory=false queuesSelectModifier=true wave=87
[log] [coop:session] isCoopAuthoritativeGuestGated -> true (authoritative GUEST gates a structural mutation)
[log] [coop:session] isCoopAuthoritativeGuestGated -> true (authoritative GUEST gates a structural mutation)
[log] [coop-diag] VictoryTail role=guest wave=87 source=host-stated trainer=false egg=true biomeShop=false biomeChange=false crossroads=false nextWave=88
[log] [coop:session] isCoopAuthoritativeGuestGated -> true (authoritative GUEST gates a structural mutation)
[log] [coop:session] isCoopAuthoritativeGuestGated -> true (authoritative GUEST gates a structural mutation)
[log] [coop:session] isCoopAuthoritativeGuestGated -> true (authoritative GUEST gates a structural mutation)
[log] [coop:adopt] erMoneyStreaks host entries=0 -> restored (#837/#348)
[log] [coop:adopt] biomeOverstayAnchor host=null -> restored (#837/#504)
[log] [coop:adopt] erBiomeStructure host length=23 startWave=86 -> restored (#841 item 5)
[log] [coop:adopt] erRelicBattleState host wave=87 -> restored (#837)
[log] [coop:adopt] erMapState host nodes=2 travelTarget=- fragments=0 -> restored (#865/#841 item 1)
[log] [coop:adopt] erPendingNodes host count=4 revealed=2 -> restored (#865)
[log] [coop:resync] guest apply authoritativeState tick=818 wave=87 turn=2 party=6/2 field=4
[log] [coop:resync] presentation settle boundary=resync-stable side=player desired=visible ids=[178671748,1930538543] changed=0 phase=BattleEndPhase
[log] [coop:resync] presentation settle boundary=wave-start-pre-intro side=enemy desired=visible ids=[] changed=0 phase=BattleEndPhase
[log] [coop:runtime] wave-advance retained DATA boundary admitted wave=87
[log] [coop:progression] retained WAVE_ADVANCE DATA applied wave=87 tick=818
[log] [coop:progression] GUEST retained WAVE_ADVANCE BattleEnd release wave=87
[log] [coop:progression] GUEST automatic victory settlement admitted wave=87 turn=2
[log] [coop:transport] recv guest t=envelope t=envelope handlers=1
[log] [coop:interaction] interactionCounter() read -> 102 (role=guest)
[log] [coop:checksum] capture digest=8036a3df3bdd1fbf field=4 biome=14 seed=coop-soak-20260725 weather=3 terrain=4 money=17160 party=[493,384,890,150,382,888] partyLevels=[500,500,500,500,500,500] arenaTags=0 modifiers=6 heldItemsDigest=0 pokeballs=[0:90,1:10,2:0,3:0,4:0] mons=[bi0:sp493/hp1401-1865/st0/ab121/form0/tera0:0/boss0:0 bi1:sp384/hp1394-1715/st0/ab5144/form0/tera0:15/boss0:0 bi2:sp954/hp0-178/st7/ab140/form0/tera0:6/boss0:0 bi3:sp968/hp0-183/st7/ab89/form0/tera0:4/boss0:0]
[log] [coop:interaction] interactionCounter() read -> 102 (role=guest)
[log] [coop:owner] ownerOf(counter=102) seat=0 -> owner=host
[log] [coop:owner] isLocalOwnerAtCounter(pinnedCounter=102) parity=0 owner=host role=guest -> false
[log] [coop:interaction] interactionCounter() read -> 102 (role=guest)
[log] [coop:reward] owner/watcher decision: pinnedStart=102 liveCounter=102 parity=0 role=guest pick=WATCHER option=ADOPT spoof=false
[log] [coop:rendezvous] ARRIVE point=shop:87:102 (send) role=guest
[log] [coop:transport] send guest t=rendezvous point=shop:87:102
[log] [coop:reward] WATCHER waits for partner's reward picks (start=102 role=guest wave=87)
[log] [coop:reward] WATCHER awaiting owner reward options (start=102 reroll=0 localCount=0)
[log] [coop:relay] AWAIT rewardOptions key=102:0 timeoutMs=1200000 -> BUFFER-HIT resolve count=4
[log] [coop:transport] send guest t=coopAck cls=op:global seq=205
[log] [coop:transport] recv host t=rendezvous point=shop:87:102 handlers=1
[log] [coop:shop] reconstructRewardOptions OK count=4 ids=[POKEBALL,BERRY,TEMP_STAT_STAGE_BOOSTER,POTION]
[log] [coop:reward] WATCHER ADOPTED owner reward options (was=0 now=4 ids=[POKEBALL,BERRY,TEMP_STAT_STAGE_BOOSTER,POTION])
[log] [coop:transport] recv host t=coopAck cls=op:global seq=205 handlers=1
[log] [coop:transport] send guest t=turnCommitAck e=1827802517509761 wave=87 turn=1 rev=817 stage=continuationReady checksum=8036a3df3bdd1fbf
[log] [coop:stream] guest ACK turn stage=continuationReady e=1827802517509761 wave=87 turn=1 rev=817
[log] [coop:stream] guest continuation surface=sharedInput e=1827802517509761 wave=87 turn=2 waiting=1 released=1
[log] [coop:transport] recv host t=turnCommitAck e=1827802517509761 wave=87 turn=1 rev=817 stage=continuationReady checksum=8036a3df3bdd1fbf handlers=1
[log] [coop:progression] retained WAVE_ADVANCE continuationReady wave=87
[log] [coop:transport] send guest t=coopAck cls=op:global seq=205
[log] [coop:transport] send guest t=coopAck cls=op:global seq=205
[log] [coop:transport] send guest t=coopAck cls=op:global seq=205
[log] [coop:interaction] mirror begin role=watcher mirrorSeq=6528 interactionStart=102 reroll=0
[log] [coop:interaction] uiMirror beginSession role=watcher mode=6 seq=6528 early=0
[log] [coop:transport] recv host t=coopAck cls=op:global seq=205 handlers=1
[log] [coop:transport] recv host t=coopAck cls=op:global seq=205 handlers=1
[log] [coop:transport] recv host t=coopAck cls=op:global seq=205 handlers=1
[log] [coop:relay] AWAIT interactionChoice seq=102 timeoutMs=1200000 expected=[reward,shop,skip,reroll,check,transfer,lock] -> network-wait
[log] [coop:rendezvous] RECV arrival point=shop:87:102 -> DUPLICATE (already seen) role=guest
[log] [coop:relay] DELIVER interactionChoice seq=102 -> waiter kind=reward choice=0 data=[0]
[log] [coop:relay] AWAIT interactionChoice seq=102 RESOLVE kind=reward choice=0 data=[0]
[log] [coop:adopt] erMoneyStreaks host entries=0 -> restored (#837/#348)
[log] [coop:adopt] biomeOverstayAnchor host=null -> restored (#837/#504)
[log] [coop:adopt] erBiomeStructure host length=23 startWave=86 -> restored (#841 item 5)
[log] [coop:adopt] erRelicBattleState host wave=87 -> restored (#837)
[log] [coop:adopt] erMapState host nodes=2 travelTarget=- fragments=0 -> restored (#865/#841 item 1)
[log] [coop:adopt] erPendingNodes host count=4 revealed=2 -> restored (#865)
[log] [coop:resync] guest apply authoritativeState tick=819 wave=87 turn=2 party=6/2 field=4
[log] [coop:resync] presentation settle boundary=resync-stable side=player desired=visible ids=[178671748,1930538543] changed=0 phase=SelectModifierPhase
[log] [coop:resync] presentation settle boundary=wave-start-pre-intro side=enemy desired=visible ids=[] changed=0 phase=SelectModifierPhase
[log] [coop:relay] DELIVER interactionChoice seq=102 -> BUFFER inbox depth=1 kind=reward choice=0 data=[0]
[log] [coop:reward] shop authoritative RESULT applied-before-render kind=REWARD id=1827802517509761:0:REWARD:10200000 rev=206 tick=819
[log] [coop:transport] send guest t=coopAck cls=op:global seq=206
[log] [coop:interaction] RECV interaction broadcast (deferred catch-up net) received=103 localBefore=102 role=guest -> WILL DEFER to 103 (folds in at next advance if still ahead)
[warn] [coop:interaction] CoopInteractionTurn.mergeRemote DEFER (remote=103, counter=102, pendingRemote=103) live counter UNCHANGED (folds in at next advance if still ahead)
[log] [coop:owner] ownerOf(counter=102) seat=0 -> owner=host
[log] [coop:owner] ownerOf(counter=102) seat=0 -> owner=host
[warn] [coop:reward] WATCHER op-gate rejected relayed action (await-journal) seq=102 choice=0 - keep awaiting terminal (Wave-2d)
[log] [coop:transport] recv host t=coopAck cls=op:global seq=206 handlers=1
[log] [coop:relay] AWAIT interactionChoice seq=102 timeoutMs=1200000 -> BUFFER-HIT resolve kind=reward choice=0 data=[0]
[log] [coop:reward] reward op WATCHER materialize retained choice=0 terminal=true id=1827802517509761:0:REWARD:10200000
[log] [coop:reward] WATCHER applying relayed action seq=102 act=REWARD choice=0 data=[0]
[log] [coop:v2-interaction] terminal proof recorded op=1827802517509761:0:REWARD:10200000 role=guest seat=1 duplicate=0 ambient=1
[log] [coop:v2-interaction] phase terminal proof op=1827802517509761:0:REWARD:10200000 route=constructor-fallback accepted=1
[log] [coop:interaction] interactionCounter() read -> 102 (role=guest)
[log] [coop:interaction] CoopInteractionTurn.advance INCREMENT (fromCounter=102) counter 102 -> 103
[log] [coop:interaction] advanceInteraction ADVANCED+BROADCAST (fromCounter=102) counter 102 -> 103 role=guest; send interaction screen=__turn__ choice=103
[log] [coop:interaction] SEND counter snapshot reason=advance choice=103 role=guest
[log] [coop:transport] send guest t=interaction screen=__turn__
[log] [coop:owner] ownerOf(counter=103) seat=1 -> owner=guest
[log] [coop:owner] ownerOf(counter=103) seat=1 -> owner=guest
[log] [coop:interaction] interactionCounter() read -> 103 (role=guest)
[log] [coop:reward] advance interaction (role=guest from=102 counter 102 -> 103)
[log] [coop:session] isCoopAuthoritativeGuestGated -> true (authoritative GUEST gates a structural mutation)
[log] [coop:transport] recv host t=interaction screen=__turn__ handlers=1
[log] [coop:interaction] interactionCounter() read -> 103 (role=guest)
[log] [coop:interaction] interactionCounter() read -> 103 (role=guest)
[log] [coop:replay] guest RECV enemyPartySync wave=88 count=2 -> buffered (no waiter)
[log] [coop:replay] guest RECV entry presentation wave=88 stateTick=821 events=0 buffered
[log] [coop:replay] guest RECV enemyPartySync wave=88 count=2 -> buffered (no waiter)
[log] [coop:rendezvous] RECV arrival point=cmd:88:1 -> BUFFER (no waiter yet) role=guest
[log] [coop:battletype] wave=88 HOST verdict: WILD - adopting (#867)
[log] [coop:me] wave=88 HOST verdict: NO ME - local presence roll suppressed (#862)
[log] [coop:session] isCoopAuthoritativeGuestGated -> true (authoritative GUEST gates a structural mutation)
[log] [coop:interaction] interactionCounter() read -> 103 (role=guest)
[log] [coop:stream] guest consumeEnemyParty wave=88 -> 2 enemies
[log] [coop:enemy] buildCoopEnemy ADOPT trainerSlot=0 species=968 form=0 lv=64 abilityIdx=1 nature=0 gender=0 shiny=false tera=0:4 hp=183/183 moves=4 heldItems=1
[log] [coop:enemy] buildCoopEnemy ADOPT trainerSlot=0 species=844 form=0 lv=58 abilityIdx=0 nature=0 gender=1 shiny=false tera=0:4 hp=169/169 moves=4 heldItems=0
[log] [coop:adopt] erMoneyStreaks host entries=0 -> restored (#837/#348)
[log] [coop:adopt] biomeOverstayAnchor host=null -> restored (#837/#504)
[log] [coop:adopt] erBiomeStructure host length=23 startWave=86 -> restored (#841 item 5)
[log] [coop:adopt] erRelicBattleState host wave=88 -> restored (#837)
[log] [coop:adopt] erMapState host nodes=2 travelTarget=- fragments=0 -> restored (#865/#841 item 1)
[log] [coop:adopt] erPendingNodes host count=4 revealed=2 -> restored (#865)
[log] [coop:resync] guest apply authoritativeState tick=821 wave=88 turn=1 party=6/2 field=4
[log] [coop:resync] presentation settle boundary=resync-stable side=player desired=visible ids=[178671748,1930538543] changed=0 phase=NextEncounterPhase
[log] [coop:resync] presentation settle boundary=resync-stable side=enemy desired=visible ids=[989432110,2605218814] changed=2 phase=NextEncounterPhase
[log] [coop:resync] render differ: newly presented id=989432110 key=pkmn__968 -> load atlas
[log] [coop:resync] render differ: newly presented id=2605218814 key=pkmn__844 -> load atlas
[log] [coop:resync] presentation settle boundary=launch-ready side=player desired=visible ids=[178671748,1930538543] changed=0 phase=NextEncounterPhase
[log] [coop:session] isCoopAuthoritativeGuestGated -> true (authoritative GUEST gates a structural mutation)
[log] [coop:session] isCoopAuthoritativeGuestGated -> true (authoritative GUEST gates a structural mutation)
[log] [coop:session] isCoopAuthoritativeGuestGated -> true (authoritative GUEST gates a structural mutation)
[log] [coop:session] isCoopAuthoritativeGuestGated -> true (authoritative GUEST gates a structural mutation)
[log] [coop:session] isCoopAuthoritativeGuestGated -> true (authoritative GUEST gates a structural mutation)
[log] [coop:session] isCoopAuthoritativeGuestGated -> true (authoritative GUEST gates a structural mutation)
[log] [coop:replay] guest replay turn=1: awaiting retained entry presentation
[warn] [coop:resync] authoritativeState tick=821 STALE (lastApplied=821) -> REJECTED (#807)
[log] [coop:adopt] erMoneyStreaks host entries=0 -> restored (#837/#348)
[log] [coop:adopt] biomeOverstayAnchor host=null -> restored (#837/#504)
[log] [coop:adopt] erBiomeStructure host length=23 startWave=86 -> restored (#841 item 5)
[log] [coop:adopt] erRelicBattleState host wave=88 -> restored (#837)
[log] [coop:adopt] erMapState host nodes=2 travelTarget=- fragments=0 -> restored (#865/#841 item 1)
[log] [coop:adopt] erPendingNodes host count=4 revealed=2 -> restored (#865)
[log] [coop:resync] guest reassert authoritativeState tick=821 wave=88 turn=1 party=6/2 field=4
[log] [coop:resync] presentation settle boundary=resync-stable side=player desired=visible ids=[178671748,1930538543] changed=0 phase=CoopReplayTurnPhase
[log] [coop:resync] presentation settle boundary=resync-stable side=enemy desired=visible ids=[989432110,2605218814] changed=0 phase=CoopReplayTurnPhase
[log] [coop:replay] guest replay turn=1: rendering 0 event(s)
[log] [coop:replay] guest replay turn=1: rendered phases [none]
[log] [coop:replay] guest replay turn=1: retained entry presentation queued stateTick=821 events=0; awaiting exact outcome proof
[log] [coop:session] isCoopAuthoritativeGuestGated -> true (authoritative GUEST gates a structural mutation)
[log] [coop:replay] guest entry presentation PROVED wave=88 turn=1 events=0
[log] [coop:stream] guest consumeEnemyParty wave=88 -> null (buffered=none)
[log] [coop:battle] CommandPhase slot=0 turn=1 owner=host role=guest -> partner path
[log] [coop:stream] guest consumeEnemyParty wave=88 -> null (buffered=none)
[log] [coop:rendezvous] ARRIVE point=cmd:88:1 (send) role=guest
[log] [coop:transport] send guest t=rendezvous point=cmd:88:1
[log] [coop:rendezvous] next-command barrier cmd:88:1 SYNC pass (partner already arrived)
[log] [coop:stream] guest consumeEnemyParty wave=88 -> null (buffered=none)
[log] [coop:transport] send guest t=coopAck cls=op:global seq=206
[log] [coop:transport] send guest t=coopAck cls=op:global seq=206
[log] [coop:transport] recv host t=rendezvous point=cmd:88:1 handlers=1
[log] [coop:transport] recv host t=coopAck cls=op:global seq=206 handlers=1
[log] [coop:transport] recv host t=coopAck cls=op:global seq=206 handlers=1
[log] [coop:rendezvous] RECV arrival point=cmd:88:1 -> DUPLICATE (already seen) role=guest
[log] [coop:replay] guest IGNORE duplicate consumed entry presentation wave=88
[log] [coop:replay] guest RECV enemyPartySync wave=88 count=2 -> buffered (no waiter)
[log] [coop:interaction] interactionCounter() read -> 103 (role=guest)
[log] [coop:checksum] capture digest=dc18d667e18064a4 field=4 biome=14 seed=coop-soak-20260725 weather=3 terrain=4 money=17160 party=[493,384,890,150,382,888] partyLevels=[500,500,500,500,500,500] arenaTags=0 modifiers=6 heldItemsDigest=1 pokeballs=[0:95,1:10,2:0,3:0,4:0] mons=[bi0:sp493/hp1401-1865/st0/ab121/form0/tera0:0/boss0:0 bi1:sp384/hp1394-1715/st0/ab5144/form0/tera0:15/boss0:0 bi2:sp968/hp183-183/st0/ab89/form0/tera0:4/boss0:0 bi3:sp844/hp169-169/st0/ab146/form0/tera0:4/boss0:0]
[log] [coop:interaction] interactionCounter() read -> 103 (role=guest)
[log] [coop:replay] guest IGNORE duplicate consumed entry presentation wave=88
[log] [coop:replay] guest RECV enemyPartySync wave=88 count=2 -> buffered (no waiter)
[log] [coop:replay] guest RECV turnResolution e=1827802517509761 wave=88 turn=1 events=10 checksum=a76f9b80c0dd1112 -> buffered (no waiter)
[log] [coop:replay] guest RECV waveResolved wave=88 outcome=win transition=WAVE_VICTORY/next89/biome0/egg1/wild
[log] [coop:runtime] recv waveResolved wave=88 outcome=win role=guest netcode=authoritative
[log] [coop:runtime] ignore raw waveResolved for correctness wave=88 outcome=win; awaiting retained transaction
[log] [coop:session] isCoopAuthoritativeGuestGated -> true (authoritative GUEST gates a structural mutation)
[log] [coop:replay] guest replay turn=1: live pump start mode=turn
[log] [coop:transport] send guest t=requestTurnCommit e=1827802517509761 wave=88 turn=1 rev=pending
[log] [coop:transport] send guest t=requestTurnCommit e=1827802517509761 wave=88 turn=1 rev=825
[log] [coop:replay] guest awaitTurn turn=1 RESOLVE (buffered race) events=10
[log] [coop:transport] recv host t=requestTurnCommit e=1827802517509761 wave=88 turn=1 rev=pending handlers=1
[log] [coop:transport] send host t=turnResolution e=1827802517509761 wave=88 turn=1 rev=825 events=10 checksum=a76f9b80c0dd1112
[log] [coop:transport] recv host t=requestTurnCommit e=1827802517509761 wave=88 turn=1 rev=825 handlers=1
[log] [coop:transport] send host t=turnResolution e=1827802517509761 wave=88 turn=1 rev=825 events=10 checksum=a76f9b80c0dd1112
[log] [coop:transport] recv guest t=turnResolution e=1827802517509761 wave=88 turn=1 rev=825 events=10 checksum=a76f9b80c0dd1112 handlers=1
[log] [coop:transport] recv guest t=turnResolution e=1827802517509761 wave=88 turn=1 rev=825 events=10 checksum=a76f9b80c0dd1112 handlers=1
[log] [coop:replay] guest consume live events turn=1 count=0
[log] [coop:replay] guest replay turn=1: RESOLVE renderedLive=0 remaining=10 batch=10
[log] [coop:replay] guest replay turn=1: rendering 10 event(s)
[log] [coop:replay] guest replay turn=1: present k=moveUsed
[log] [coop:session] isCoopAuthoritativeGuestGated -> true (authoritative GUEST gates a structural mutation)
[log] [coop:replay] guest replay turn=1: present k=hp
[log] [coop:session] isCoopAuthoritativeGuestGated -> true (authoritative GUEST gates a structural mutation)
[log] [coop:replay] guest replay turn=1: present k=faint
[log] [coop:session] isCoopAuthoritativeGuestGated -> true (authoritative GUEST gates a structural mutation)
[log] [coop:replay] guest replay turn=1: present k=moveUsed
[log] [coop:session] isCoopAuthoritativeGuestGated -> true (authoritative GUEST gates a structural mutation)
[log] [coop:replay] guest replay turn=1: present k=hp
[log] [coop:session] isCoopAuthoritativeGuestGated -> true (authoritative GUEST gates a structural mutation)
[log] [coop:replay] guest replay turn=1: present k=faint
[log] [coop:session] isCoopAuthoritativeGuestGated -> true (authoritative GUEST gates a structural mutation)
[log] [coop:replay] guest replay turn=1: present k=message
[log] [coop:replay] guest replay turn=1: present k=hp
[log] [coop:session] isCoopAuthoritativeGuestGated -> true (authoritative GUEST gates a structural mutation)
[log] [coop:replay] guest replay turn=1: present k=message
[log] [coop:replay] guest replay turn=1: present k=hp
[log] [coop:session] isCoopAuthoritativeGuestGated -> true (authoritative GUEST gates a structural mutation)
[log] [coop:replay] guest replay turn=1: rendered phases [moveUsed=2 hp=4 faint=2 message=2]
[log] [coop:replay] guest replay turn=1: unshift CoopFinalizeTurnPhase (checkpoint apply deferred)
[log] [coop:session] isCoopAuthoritativeGuestGated -> true (authoritative GUEST gates a structural mutation)
[log] [coop:stream] guest IGNORE idempotent turn duplicate e=1827802517509761 wave=88 turn=1 rev=825
[log] [coop:stream] guest IGNORE idempotent turn duplicate e=1827802517509761 wave=88 turn=1 rev=825
[log] [coop:replay] present move bi=0 moveId=247 targets=1
[log] [coop:replay] present hp bi=2 183->0/183
[log] [coop:replay] present faint bi=2 narrate=true
[log] [coop:replay] present move bi=1 moveId=247 targets=1
[log] [coop:replay] present hp bi=3 169->0/169
[log] [coop:replay] present faint bi=3 narrate=true
[log] [coop:replay] present hp bi=0 1401->1285/1865
[log] [coop:replay] present hp bi=1 1394->1287/1715
[log] [coop:checkpoint] guest apply field=4 weather=3 terrain=4 arenaTags=0
[log] [coop:session] isCoopAuthoritativeGuestGated -> true (authoritative GUEST gates a structural mutation)
[log] [coop:adopt] erMoneyStreaks host entries=0 -> restored (#837/#348)
[log] [coop:adopt] biomeOverstayAnchor host=null -> restored (#837/#504)
[log] [coop:adopt] erBiomeStructure host length=23 startWave=86 -> restored (#841 item 5)
[log] [coop:adopt] erRelicBattleState host wave=88 -> restored (#837)
[log] [coop:adopt] erMapState host nodes=2 travelTarget=- fragments=0 -> restored (#865/#841 item 1)
[log] [coop:adopt] erPendingNodes host count=4 revealed=2 -> restored (#865)
[log] [coop:resync] guest apply authoritativeState tick=825 wave=88 turn=1 party=6/2 field=4
[log] [coop:resync] presentation settle boundary=resync-stable side=player desired=visible ids=[178671748,1930538543] changed=0 phase=CoopFinalizeTurnPhase
[log] [coop:resync] presentation settle boundary=wave-start-pre-intro side=enemy desired=visible ids=[] changed=0 phase=CoopFinalizeTurnPhase
[log] [coop:interaction] interactionCounter() read -> 103 (role=guest)
[log] [coop:checksum] capture digest=a76f9b80c0dd1112 field=4 biome=14 seed=coop-soak-20260725 weather=3 terrain=4 money=17160 party=[493,384,890,150,382,888] partyLevels=[500,500,500,500,500,500] arenaTags=0 modifiers=6 heldItemsDigest=0 pokeballs=[0:95,1:10,2:0,3:0,4:0] mons=[bi0:sp493/hp1285-1865/st0/ab121/form0/tera0:0/boss0:0 bi1:sp384/hp1287-1715/st0/ab5144/form0/tera0:15/boss0:0 bi2:sp968/hp0-183/st7/ab89/form0/tera0:4/boss0:0 bi3:sp844/hp0-169/st7/ab146/form0/tera0:4/boss0:0]
[log] [coop:transport] send guest t=turnCommitAck e=1827802517509761 wave=88 turn=1 rev=825 stage=materialApplied checksum=a76f9b80c0dd1112
[log] [coop:stream] guest ACK turn stage=materialApplied e=1827802517509761 wave=88 turn=1 rev=825
[log] [coop:checksum] guest finalize materialApplied e=1827802517509761 wave=88 turn=1 rev=825
[log] [coop:transport] recv host t=turnCommitAck e=1827802517509761 wave=88 turn=1 rev=825 stage=materialApplied checksum=a76f9b80c0dd1112 handlers=1
[log] [coop:stream] host ACCEPT turn ACK stage=materialApplied key=1827802517509761:88:1:825
[log] [coop:transport] send guest t=turnCommitAck e=1827802517509761 wave=88 turn=1 rev=825 stage=presentationReady checksum=a76f9b80c0dd1112
[log] [coop:stream] guest ACK turn stage=presentationReady e=1827802517509761 wave=88 turn=1 rev=825
[log] [coop:checksum] guest finalize presentationReady e=1827802517509761 wave=88 turn=1 rev=825
[log] [coop:replay] guest finalize turn=1: END (checkpoint applied, turn-end queued)
[log] [coop:transport] recv host t=turnCommitAck e=1827802517509761 wave=88 turn=1 rev=825 stage=presentationReady checksum=a76f9b80c0dd1112 handlers=1
[log] [coop:stream] host ACCEPT turn ACK stage=presentationReady key=1827802517509761:88:1:825
[log] [coop:stream] guest admitted WAVE_ADVANCE continuation e=1827802517509761 wave=88
[log] [coop:runtime] wave-advance JOURNAL bootstrap wave=88 outcome=win (ACK withheld)
[log] [coop:runtime] wave-advance JOURNAL queued safe-boundary wake wave=88 unparkedReplay=0
[log] [coop:runtime] wave-advance op JOURNAL cursor-advanced id=1827802517509761:0:WAVE_ADVANCE:88 rev=207 dataApplied=false continuationReady=false (DATA applies at BattleEnd; retained ACK awaits DATA + destination continuation)
[log] [coop:transport] send guest t=coopAck cls=op:global seq=207
[log] [coop:replay] guest RECV waveEndState wave=88 tick=826
[log] [coop:runtime] ignore raw waveEndState for correctness wave=88 tick=826
[log] [coop:relay] RECV rewardOptions key=103:0 -> BUFFER rewardOptionsInbox (latest-wins) count=4
[log] [coop:rendezvous] RECV arrival point=shop:88:103 -> BUFFER (no waiter yet) role=guest
[log] [coop:transport] recv host t=coopAck cls=op:global seq=207 handlers=1
[log] [coop:session] isCoopAuthoritativeGuestGated -> true (authoritative GUEST gates a structural mutation)
[log] [coop:session] isCoopAuthoritativeGuestGated -> true (authoritative GUEST gates a structural mutation)
[log] [coop:session] isCoopAuthoritativeGuestGated -> true (authoritative GUEST gates a structural mutation)
[log] [coop:session] isCoopAuthoritativeGuestGated -> true (authoritative GUEST gates a structural mutation)
[log] [coop:session] isCoopAuthoritativeGuestGated -> true (authoritative GUEST gates a structural mutation)
[log] [coop:runtime] consume wave-advance wave=88 outcome=win transition=WAVE_VICTORY/next89/biome0/egg1/wild (lastResolved 87 -> 88)
[log] [coop:replay] guest wave-advance outcome=win wave=88 next=WAVE_VICTORY/wave89 biomeChange=false eggLapse=true victoryKind=wild battleType=WILD queues=VictoryPhase (host-stated)
[warn] [coop:replay] guest wave-advance wave=88: replacing speculative future queue [CommandPhase,CommandPhase,TurnStartPhase]
[log] [coop:session] isCoopAuthoritativeGuestGated -> true (authoritative GUEST gates a structural mutation)
[log] [coop:progression] GUEST applyPartyExp SKIP wave=88 koMon=Sandaconda (awaiting host waveEndState)
[log] [coop-diag] VictoryPhase win-branch role=guest battleType=WILD queuesTrainerVictory=false queuesSelectModifier=true wave=88
[log] [coop:session] isCoopAuthoritativeGuestGated -> true (authoritative GUEST gates a structural mutation)
[log] [coop:session] isCoopAuthoritativeGuestGated -> true (authoritative GUEST gates a structural mutation)
[log] [coop-diag] VictoryTail role=guest wave=88 source=host-stated trainer=false egg=true biomeShop=false biomeChange=false crossroads=false nextWave=89
[log] [coop:session] isCoopAuthoritativeGuestGated -> true (authoritative GUEST gates a structural mutation)
[log] [coop:session] isCoopAuthoritativeGuestGated -> true (authoritative GUEST gates a structural mutation)
[log] [coop:session] isCoopAuthoritativeGuestGated -> true (authoritative GUEST gates a structural mutation)
[log] [coop:adopt] erMoneyStreaks host entries=0 -> restored (#837/#348)
[log] [coop:adopt] biomeOverstayAnchor host=null -> restored (#837/#504)
[log] [coop:adopt] erBiomeStructure host length=23 startWave=86 -> restored (#841 item 5)
[log] [coop:adopt] erRelicBattleState host wave=88 -> restored (#837)
[log] [coop:adopt] erMapState host nodes=2 travelTarget=- fragments=0 -> restored (#865/#841 item 1)
[log] [coop:adopt] erPendingNodes host count=4 revealed=2 -> restored (#865)
[log] [coop:resync] guest apply authoritativeState tick=826 wave=88 turn=2 party=6/2 field=4
[log] [coop:resync] presentation settle boundary=resync-stable side=player desired=visible ids=[178671748,1930538543] changed=0 phase=BattleEndPhase
[log] [coop:resync] presentation settle boundary=wave-start-pre-intro side=enemy desired=visible ids=[] changed=0 phase=BattleEndPhase
[log] [coop:runtime] wave-advance retained DATA boundary admitted wave=88
[log] [coop:progression] retained WAVE_ADVANCE DATA applied wave=88 tick=826
[log] [coop:progression] GUEST retained WAVE_ADVANCE BattleEnd release wave=88
[log] [coop:progression] GUEST automatic victory settlement admitted wave=88 turn=2
[log] [coop:transport] recv guest t=envelope t=envelope handlers=1
[log] [coop:interaction] interactionCounter() read -> 103 (role=guest)
[log] [coop:checksum] capture digest=a76f9b80c0dd1112 field=4 biome=14 seed=coop-soak-20260725 weather=3 terrain=4 money=17160 party=[493,384,890,150,382,888] partyLevels=[500,500,500,500,500,500] arenaTags=0 modifiers=6 heldItemsDigest=0 pokeballs=[0:95,1:10,2:0,3:0,4:0] mons=[bi0:sp493/hp1285-1865/st0/ab121/form0/tera0:0/boss0:0 bi1:sp384/hp1287-1715/st0/ab5144/form0/tera0:15/boss0:0 bi2:sp968/hp0-183/st7/ab89/form0/tera0:4/boss0:0 bi3:sp844/hp0-169/st7/ab146/form0/tera0:4/boss0:0]
[log] [coop:interaction] interactionCounter() read -> 103 (role=guest)
[log] [coop:owner] ownerOf(counter=103) seat=1 -> owner=guest
[log] [coop:owner] isLocalOwnerAtCounter(pinnedCounter=103) parity=1 owner=guest role=guest -> true
[log] [coop:interaction] interactionCounter() read -> 103 (role=guest)
[log] [coop:reward] owner/watcher decision: pinnedStart=103 liveCounter=103 parity=1 role=guest pick=OWNER option=ADOPT spoof=false
[log] [coop:rendezvous] ARRIVE point=shop:88:103 (send) role=guest
[log] [coop:transport] send guest t=rendezvous point=shop:88:103
[log] [coop:reward] OWNER drives reward screen (start=103 role=guest spoof=false adoptsOptions=true wave=88)
[log] [coop:rendezvous] shop-pick-commit barrier AWAIT shop:88:103
[log] [coop:rendezvous] AWAIT point=shop:88:103 -> partner already arrived (buffer-hit) role=guest
[log] [coop:transport] recv host t=rendezvous point=shop:88:103 handlers=1
[log] [coop:transport] send guest t=coopAck cls=op:global seq=207
[log] [coop:reward] WATCHER awaiting owner reward options (start=103 reroll=0 localCount=0)
[log] [coop:relay] AWAIT rewardOptions key=103:0 timeoutMs=1200000 -> BUFFER-HIT resolve count=4
[log] [coop:transport] recv host t=coopAck cls=op:global seq=207 handlers=1
[log] [coop:shop] reconstructRewardOptions OK count=4 ids=[TM_CASE,BERRY,SUPER_POTION,POKEBALL]
[log] [coop:reward] WATCHER ADOPTED owner reward options (was=0 now=4 ids=[TM_CASE,BERRY,SUPER_POTION,POKEBALL])
[log] [coop:transport] send guest t=turnCommitAck e=1827802517509761 wave=88 turn=1 rev=825 stage=continuationReady checksum=a76f9b80c0dd1112
[log] [coop:stream] guest ACK turn stage=continuationReady e=1827802517509761 wave=88 turn=1 rev=825
[log] [coop:stream] guest continuation surface=sharedInput e=1827802517509761 wave=88 turn=2 waiting=1 released=1
[log] [coop:interaction] mirror begin role=owner mirrorSeq=6592 interactionStart=103 reroll=0
[log] [coop:interaction] uiMirror beginSession role=owner mode=6 seq=6592 early=0
[log] [coop:transport] recv host t=turnCommitAck e=1827802517509761 wave=88 turn=1 rev=825 stage=continuationReady checksum=a76f9b80c0dd1112 handlers=1
[log] [coop:progression] retained WAVE_ADVANCE continuationReady wave=88
[log] [coop:transport] send guest t=coopAck cls=op:global seq=207
[log] [coop:transport] send guest t=coopAck cls=op:global seq=207
[log] [coop:transport] send guest t=coopAck cls=op:global seq=207
[log] [coop:transport] recv host t=coopAck cls=op:global seq=207 handlers=1
[log] [coop:transport] recv host t=coopAck cls=op:global seq=207 handlers=1
[log] [coop:transport] recv host t=coopAck cls=op:global seq=207 handlers=1
[log] [coop:owner] ownerOf(counter=103) seat=1 -> owner=guest
[log] [coop:owner] isLocalOwnerAtCounter(pinnedCounter=103) parity=1 owner=guest role=guest -> true
[log] [coop:relay] OWNER prepare seq=103 kind=skip choice=-1 data=[] role=guest
[log] [coop:reward] reward op INTENT prepared label=skip id=1827802517509761:1:REWARD:10300000
[log] [coop:relay] SEND interactionChoice seq=103 kind=skip kind=? choice=-1 data=-
[log] [coop:transport] send guest t=interactionChoice seq=103 kind=skip choice=-1
[warn] [coop:v2-shadow] FAULT tap(INTERACTION_COMMIT): AuthorityLog.commit: entry context is not bound to the local authority
[log] [coop:relay] AWAIT interactionChoice seq=103 timeoutMs=1200000 expected=[reward,shop,skip,reroll,check,transfer,lock] -> network-wait
[log] [coop:transport] recv host t=interactionChoice seq=103 kind=skip choice=-1 handlers=1
[log] [coop:adopt] erMoneyStreaks host entries=0 -> restored (#837/#348)
[log] [coop:adopt] biomeOverstayAnchor host=null -> restored (#837/#504)
[log] [coop:adopt] erBiomeStructure host length=23 startWave=86 -> restored (#841 item 5)
[log] [coop:adopt] erRelicBattleState host wave=88 -> restored (#837)
[log] [coop:adopt] erMapState host nodes=2 travelTarget=- fragments=0 -> restored (#865/#841 item 1)
[log] [coop:adopt] erPendingNodes host count=4 revealed=2 -> restored (#865)
[log] [coop:resync] guest apply authoritativeState tick=827 wave=88 turn=2 party=6/2 field=4
[log] [coop:resync] presentation settle boundary=resync-stable side=player desired=visible ids=[178671748,1930538543] changed=0 phase=SelectModifierPhase
[log] [coop:resync] presentation settle boundary=wave-start-pre-intro side=enemy desired=visible ids=[] changed=0 phase=SelectModifierPhase
[log] [coop:relay] DELIVER interactionChoice seq=103 -> waiter kind=skip choice=-1 data=-
[log] [coop:relay] AWAIT interactionChoice seq=103 RESOLVE kind=skip choice=-1 data=-
[log] [coop:reward] shop authoritative RESULT applied-before-render kind=REWARD id=1827802517509761:1:REWARD:10300000 rev=208 tick=827
[log] [coop:transport] send guest t=coopAck cls=op:global seq=208
[log] [coop:reward] reward op WATCHER materialize retained choice=-1 terminal=true id=1827802517509761:1:REWARD:10300000
[log] [coop:reward] WATCHER applying relayed action seq=103 act=LEAVE choice=-1 data=-
[log] [coop:v2-interaction] terminal proof recorded op=1827802517509761:1:REWARD:10300000 role=guest seat=1 duplicate=0 ambient=1
[log] [coop:v2-interaction] phase terminal proof op=1827802517509761:1:REWARD:10300000 route=constructor-fallback accepted=1
[log] [coop:interaction] interactionCounter() read -> 103 (role=guest)
[log] [coop:interaction] CoopInteractionTurn.advance INCREMENT (fromCounter=103) counter 103 -> 104
[log] [coop:interaction] advanceInteraction ADVANCED+BROADCAST (fromCounter=103) counter 103 -> 104 role=guest; send interaction screen=__turn__ choice=104
[log] [coop:interaction] SEND counter snapshot reason=advance choice=104 role=guest
[log] [coop:transport] send guest t=interaction screen=__turn__
[log] [coop:owner] ownerOf(counter=104) seat=0 -> owner=host
[log] [coop:owner] ownerOf(counter=104) seat=0 -> owner=host
[log] [coop:interaction] interactionCounter() read -> 104 (role=guest)
[log] [coop:reward] advance interaction (role=guest from=103 counter 103 -> 104)
[log] [coop:session] isCoopAuthoritativeGuestGated -> true (authoritative GUEST gates a structural mutation)
[log] [coop:transport] recv host t=coopAck cls=op:global seq=208 handlers=1
[log] [coop:transport] recv host t=interaction screen=__turn__ handlers=1
[log] [coop:interaction] RECV interaction broadcast (deferred catch-up net) received=104 localBefore=104 role=guest -> no defer (local >= received)
[warn] [coop:interaction] CoopInteractionTurn.mergeRemote DEFER (remote=104, counter=104, pendingRemote=104) live counter UNCHANGED (folds in at next advance if still ahead)
[log] [coop:owner] ownerOf(counter=104) seat=0 -> owner=host
[log] [coop:owner] ownerOf(counter=104) seat=0 -> owner=host
[log] [coop:replay] guest RECV enemyPartySync wave=89 count=2 -> buffered (no waiter)
[log] [coop:replay] guest RECV entry presentation wave=89 stateTick=829 events=1 buffered
[log] [coop:replay] guest RECV enemyPartySync wave=89 count=2 -> buffered (no waiter)
[log] [coop:rendezvous] RECV arrival point=cmd:89:1 -> BUFFER (no waiter yet) role=guest
[log] [coop:battletype] wave=89 HOST verdict: WILD - adopting (#867)
[log] [coop:me] wave=89 HOST verdict: NO ME - local presence roll suppressed (#862)
[log] [coop:session] isCoopAuthoritativeGuestGated -> true (authoritative GUEST gates a structural mutation)
[log] [coop:interaction] interactionCounter() read -> 104 (role=guest)
[log] [coop:stream] guest consumeEnemyParty wave=89 -> 2 enemies
[log] [coop:replay] guest adopt enemy trainerSlot=0 isBoss segments=2 index=1
[log] [coop:enemy] buildCoopEnemy ADOPT trainerSlot=0 species=330 form=0 lv=61 abilityIdx=1 nature=0 gender=0 shiny=false tera=0:6 hp=187/187 moves=4 heldItems=4
[log] [coop:replay] guest adopt enemy trainerSlot=0 isBoss segments=1 index=0
[log] [coop:enemy] buildCoopEnemy ADOPT trainerSlot=0 species=452 form=0 lv=58 abilityIdx=1 nature=0 gender=1 shiny=false tera=0:16 hp=175/175 moves=4 heldItems=4
[log] [coop:adopt] erMoneyStreaks host entries=0 -> restored (#837/#348)
[log] [coop:adopt] biomeOverstayAnchor host=null -> restored (#837/#504)
[log] [coop:adopt] erBiomeStructure host length=23 startWave=86 -> restored (#841 item 5)
[log] [coop:adopt] erRelicBattleState host wave=89 -> restored (#837)
[log] [coop:adopt] erMapState host nodes=2 travelTarget=- fragments=0 -> restored (#865/#841 item 1)
[log] [coop:adopt] erPendingNodes host count=4 revealed=2 -> restored (#865)
[log] [coop:resync] guest apply authoritativeState tick=829 wave=89 turn=1 party=6/2 field=4
[log] [coop:resync] presentation settle boundary=resync-stable side=player desired=visible ids=[178671748,1930538543] changed=0 phase=NextEncounterPhase
[log] [coop:resync] presentation settle boundary=resync-stable side=enemy desired=visible ids=[2453207139,2717093748] changed=2 phase=NextEncounterPhase
[log] [coop:resync] render differ: newly presented id=2453207139 key=pkmn__330 -> load atlas
[log] [coop:resync] render differ: newly presented id=2717093748 key=pkmn__452 -> load atlas
[log] [coop:resync] presentation settle boundary=launch-ready side=player desired=visible ids=[178671748,1930538543] changed=0 phase=NextEncounterPhase
[log] [coop:session] isCoopAuthoritativeGuestGated -> true (authoritative GUEST gates a structural mutation)
[log] [coop:session] isCoopAuthoritativeGuestGated -> true (authoritative GUEST gates a structural mutation)
[log] [coop:session] isCoopAuthoritativeGuestGated -> true (authoritative GUEST gates a structural mutation)
[log] [coop:session] isCoopAuthoritativeGuestGated -> true (authoritative GUEST gates a structural mutation)
[log] [coop:session] isCoopAuthoritativeGuestGated -> true (authoritative GUEST gates a structural mutation)
[log] [coop:session] isCoopAuthoritativeGuestGated -> true (authoritative GUEST gates a structural mutation)
[log] [coop:replay] guest replay turn=1: awaiting retained entry presentation
[warn] [coop:resync] authoritativeState tick=829 STALE (lastApplied=829) -> REJECTED (#807)
[log] [coop:adopt] erMoneyStreaks host entries=0 -> restored (#837/#348)
[log] [coop:adopt] biomeOverstayAnchor host=null -> restored (#837/#504)
[log] [coop:adopt] erBiomeStructure host length=23 startWave=86 -> restored (#841 item 5)
[log] [coop:adopt] erRelicBattleState host wave=89 -> restored (#837)
[log] [coop:adopt] erMapState host nodes=2 travelTarget=- fragments=0 -> restored (#865/#841 item 1)
[log] [coop:adopt] erPendingNodes host count=4 revealed=2 -> restored (#865)
[log] [coop:resync] guest reassert authoritativeState tick=829 wave=89 turn=1 party=6/2 field=4
[log] [coop:resync] presentation settle boundary=resync-stable side=player desired=visible ids=[178671748,1930538543] changed=0 phase=CoopReplayTurnPhase
[log] [coop:resync] presentation settle boundary=resync-stable side=enemy desired=visible ids=[2453207139,2717093748] changed=0 phase=CoopReplayTurnPhase
[log] [coop:replay] guest replay turn=1: rendering 1 event(s)
[log] [coop:replay] guest replay turn=1: present k=showAbility
[log] [coop:session] isCoopAuthoritativeGuestGated -> true (authoritative GUEST gates a structural mutation)
[log] [coop:replay] guest replay turn=1: rendered phases [showAbility=1]
[log] [coop:replay] guest replay turn=1: retained entry presentation queued stateTick=829 events=1; awaiting exact outcome proof
[log] [coop:session] isCoopAuthoritativeGuestGated -> true (authoritative GUEST gates a structural mutation)
[log] [coop:session] isCoopAuthoritativeGuestGated -> true (authoritative GUEST gates a structural mutation)
[log] [coop:session] isCoopAuthoritativeGuestGated -> true (authoritative GUEST gates a structural mutation)
[log] [coop:replay] guest entry presentation PROVED wave=89 turn=1 events=1
[log] [coop:stream] guest consumeEnemyParty wave=89 -> null (buffered=none)
[log] [coop:battle] CommandPhase slot=0 turn=1 owner=host role=guest -> partner path
[log] [coop:stream] guest consumeEnemyParty wave=89 -> null (buffered=none)
[log] [coop:rendezvous] ARRIVE point=cmd:89:1 (send) role=guest
[log] [coop:transport] send guest t=rendezvous point=cmd:89:1
[log] [coop:rendezvous] next-command barrier cmd:89:1 SYNC pass (partner already arrived)
[log] [coop:stream] guest consumeEnemyParty wave=89 -> null (buffered=none)
[log] [coop:transport] send guest t=coopAck cls=op:global seq=208
[log] [coop:transport] send guest t=coopAck cls=op:global seq=208
[log] [coop:transport] recv host t=rendezvous point=cmd:89:1 handlers=1
[log] [coop:transport] recv host t=coopAck cls=op:global seq=208 handlers=1
[log] [coop:transport] recv host t=coopAck cls=op:global seq=208 handlers=1
[log] [coop:rendezvous] RECV arrival point=cmd:89:1 -> DUPLICATE (already seen) role=guest
[log] [coop:replay] guest IGNORE duplicate consumed entry presentation wave=89
[log] [coop:replay] guest RECV enemyPartySync wave=89 count=2 -> buffered (no waiter)
[log] [coop:interaction] interactionCounter() read -> 104 (role=guest)
[log] [coop:checksum] capture digest=cd832ea05c189aa4 field=4 biome=14 seed=coop-soak-20260725 weather=3 terrain=4 money=17160 party=[493,384,890,150,382,888] partyLevels=[500,500,500,500,500,500] arenaTags=0 modifiers=6 heldItemsDigest=8 pokeballs=[0:95,1:10,2:0,3:0,4:0] mons=[bi0:sp493/hp1285-1865/st0/ab121/form0/tera0:0/boss0:0 bi1:sp384/hp1287-1715/st0/ab5144/form0/tera0:15/boss0:0 bi2:sp330/hp187-187/st0/ab45/form0/tera0:6/boss2:1 bi3:sp452/hp175-175/st0/ab290/form0/tera0:16/boss1:0]
[log] [coop:interaction] interactionCounter() read -> 104 (role=guest)
[log] [coop:replay] guest IGNORE duplicate consumed entry presentation wave=89
[log] [coop:replay] guest RECV enemyPartySync wave=89 count=2 -> buffered (no waiter)
[log] [coop:replay] guest RECV turnResolution e=1827802517509761 wave=89 turn=1 events=11 checksum=5989c78a64510f97 -> buffered (no waiter)
[log] [coop:replay] guest RECV waveResolved wave=89 outcome=win transition=WAVE_VICTORY/next90/biome0/egg1/wild
[log] [coop:runtime] recv waveResolved wave=89 outcome=win role=guest netcode=authoritative
[log] [coop:runtime] ignore raw waveResolved for correctness wave=89 outcome=win; awaiting retained transaction
[log] [coop:session] isCoopAuthoritativeGuestGated -> true (authoritative GUEST gates a structural mutation)
[log] [coop:replay] guest replay turn=1: live pump start mode=turn
[log] [coop:replay] guest replay turn=1: advance local watermark 0->1
[log] [coop:session] isCoopAuthoritativeGuestGated -> true (authoritative GUEST gates a structural mutation)
[log] [coop:transport] send guest t=requestTurnCommit e=1827802517509761 wave=89 turn=1 rev=pending
[log] [coop:transport] send guest t=requestTurnCommit e=1827802517509761 wave=89 turn=1 rev=833
[log] [coop:replay] guest awaitTurn turn=1 RESOLVE (buffered race) events=11
[log] [coop:transport] recv host t=requestTurnCommit e=1827802517509761 wave=89 turn=1 rev=pending handlers=1
[log] [coop:transport] send host t=turnResolution e=1827802517509761 wave=89 turn=1 rev=833 events=11 checksum=5989c78a64510f97
[log] [coop:transport] recv host t=requestTurnCommit e=1827802517509761 wave=89 turn=1 rev=833 handlers=1
[log] [coop:transport] send host t=turnResolution e=1827802517509761 wave=89 turn=1 rev=833 events=11 checksum=5989c78a64510f97
[log] [coop:transport] recv guest t=turnResolution e=1827802517509761 wave=89 turn=1 rev=833 events=11 checksum=5989c78a64510f97 handlers=1
[log] [coop:transport] recv guest t=turnResolution e=1827802517509761 wave=89 turn=1 rev=833 events=11 checksum=5989c78a64510f97 handlers=1
[log] [coop:replay] guest consume live events turn=1 count=0
[log] [coop:replay] guest replay turn=1: RESOLVE renderedLive=1 remaining=10 batch=11
[log] [coop:replay] guest replay turn=1: rendering 10 event(s)
[log] [coop:replay] guest replay turn=1: present k=moveUsed
[log] [coop:session] isCoopAuthoritativeGuestGated -> true (authoritative GUEST gates a structural mutation)
[log] [coop:replay] guest replay turn=1: present k=hp
[log] [coop:session] isCoopAuthoritativeGuestGated -> true (authoritative GUEST gates a structural mutation)
[log] [coop:replay] guest replay turn=1: present k=faint
[log] [coop:session] isCoopAuthoritativeGuestGated -> true (authoritative GUEST gates a structural mutation)
[log] [coop:replay] guest replay turn=1: present k=moveUsed
[log] [coop:session] isCoopAuthoritativeGuestGated -> true (authoritative GUEST gates a structural mutation)
[log] [coop:replay] guest replay turn=1: present k=hp
[log] [coop:session] isCoopAuthoritativeGuestGated -> true (authoritative GUEST gates a structural mutation)
[log] [coop:replay] guest replay turn=1: present k=faint
[log] [coop:session] isCoopAuthoritativeGuestGated -> true (authoritative GUEST gates a structural mutation)
[log] [coop:replay] guest replay turn=1: present k=message
[log] [coop:replay] guest replay turn=1: present k=hp
[log] [coop:session] isCoopAuthoritativeGuestGated -> true (authoritative GUEST gates a structural mutation)
[log] [coop:replay] guest replay turn=1: present k=message
[log] [coop:replay] guest replay turn=1: present k=hp
[log] [coop:session] isCoopAuthoritativeGuestGated -> true (authoritative GUEST gates a structural mutation)
[log] [coop:replay] guest replay turn=1: rendered phases [moveUsed=2 hp=4 faint=2 message=2]
[log] [coop:replay] guest replay turn=1: unshift CoopFinalizeTurnPhase (checkpoint apply deferred)
[log] [coop:session] isCoopAuthoritativeGuestGated -> true (authoritative GUEST gates a structural mutation)
[log] [coop:stream] guest IGNORE idempotent turn duplicate e=1827802517509761 wave=89 turn=1 rev=833
[log] [coop:stream] guest IGNORE idempotent turn duplicate e=1827802517509761 wave=89 turn=1 rev=833
[log] [coop:replay] present move bi=0 moveId=247 targets=1
[log] [coop:replay] present hp bi=2 187->0/187
[log] [coop:replay] present faint bi=2 narrate=true
[log] [coop:replay] present move bi=1 moveId=53 targets=1
[log] [coop:replay] present hp bi=3 175->0/175
[log] [coop:replay] present faint bi=3 narrate=true
[log] [coop:replay] present hp bi=0 1285->1169/1865
[log] [coop:replay] present hp bi=1 1287->1180/1715
[log] [coop:checkpoint] guest apply field=4 weather=3 terrain=4 arenaTags=0
[log] [coop:session] isCoopAuthoritativeGuestGated -> true (authoritative GUEST gates a structural mutation)
[log] [coop:adopt] erMoneyStreaks host entries=0 -> restored (#837/#348)
[log] [coop:adopt] biomeOverstayAnchor host=null -> restored (#837/#504)
[log] [coop:adopt] erBiomeStructure host length=23 startWave=86 -> restored (#841 item 5)
[log] [coop:adopt] erRelicBattleState host wave=89 -> restored (#837)
[log] [coop:adopt] erMapState host nodes=2 travelTarget=- fragments=0 -> restored (#865/#841 item 1)
[log] [coop:adopt] erPendingNodes host count=4 revealed=2 -> restored (#865)
[log] [coop:resync] guest apply authoritativeState tick=833 wave=89 turn=1 party=6/2 field=4
[log] [coop:resync] presentation settle boundary=resync-stable side=player desired=visible ids=[178671748,1930538543] changed=0 phase=CoopFinalizeTurnPhase
[log] [coop:resync] presentation settle boundary=wave-start-pre-intro side=enemy desired=visible ids=[] changed=0 phase=CoopFinalizeTurnPhase
[warn] [coop:heal] heldItems monId=2717093748 bi=3 removed=[BASE_STAT_BOOSTER,BASE_STAT_BOOSTER] added=[BASE_STAT_BOOSTER,BASE_STAT_BOOSTER] -> applied
[warn] [coop:heal] heldItems bi=3 host=[BASE_STAT_BOOSTER,BASE_STAT_BOOSTER] -> applied (rewrote to host set)
[log] [coop:interaction] interactionCounter() read -> 104 (role=guest)
[log] [coop:checksum] capture digest=5989c78a64510f97 field=4 biome=14 seed=coop-soak-20260725 weather=3 terrain=4 money=17160 party=[493,384,890,150,382,888] partyLevels=[500,500,500,500,500,500] arenaTags=0 modifiers=6 heldItemsDigest=0 pokeballs=[0:95,1:10,2:0,3:0,4:0] mons=[bi0:sp493/hp1169-1865/st0/ab121/form0/tera0:0/boss0:0 bi1:sp384/hp1180-1715/st0/ab5144/form0/tera0:15/boss0:0 bi2:sp330/hp0-187/st7/ab45/form0/tera0:6/boss2:0 bi3:sp452/hp0-175/st7/ab290/form0/tera0:16/boss1:0]
[log] [coop:transport] send guest t=turnCommitAck e=1827802517509761 wave=89 turn=1 rev=833 stage=materialApplied checksum=5989c78a64510f97
[log] [coop:stream] guest ACK turn stage=materialApplied e=1827802517509761 wave=89 turn=1 rev=833
[log] [coop:checksum] guest finalize materialApplied e=1827802517509761 wave=89 turn=1 rev=833
[log] [coop:transport] recv host t=turnCommitAck e=1827802517509761 wave=89 turn=1 rev=833 stage=materialApplied checksum=5989c78a64510f97 handlers=1
[log] [coop:stream] host ACCEPT turn ACK stage=materialApplied key=1827802517509761:89:1:833
[log] [coop:transport] send guest t=turnCommitAck e=1827802517509761 wave=89 turn=1 rev=833 stage=presentationReady checksum=5989c78a64510f97
[log] [coop:stream] guest ACK turn stage=presentationReady e=1827802517509761 wave=89 turn=1 rev=833
[log] [coop:checksum] guest finalize presentationReady e=1827802517509761 wave=89 turn=1 rev=833
[log] [coop:replay] guest finalize turn=1: END (checkpoint applied, turn-end queued)
[log] [coop:transport] recv host t=turnCommitAck e=1827802517509761 wave=89 turn=1 rev=833 stage=presentationReady checksum=5989c78a64510f97 handlers=1
[log] [coop:stream] host ACCEPT turn ACK stage=presentationReady key=1827802517509761:89:1:833
[log] [coop:stream] guest admitted WAVE_ADVANCE continuation e=1827802517509761 wave=89
[log] [coop:runtime] wave-advance JOURNAL bootstrap wave=89 outcome=win (ACK withheld)
[log] [coop:runtime] wave-advance JOURNAL queued safe-boundary wake wave=89 unparkedReplay=0
[log] [coop:runtime] wave-advance op JOURNAL cursor-advanced id=1827802517509761:0:WAVE_ADVANCE:89 rev=209 dataApplied=false continuationReady=false (DATA applies at BattleEnd; retained ACK awaits DATA + destination continuation)
[log] [coop:transport] send guest t=coopAck cls=op:global seq=209
[log] [coop:replay] guest RECV waveEndState wave=89 tick=834
[log] [coop:runtime] ignore raw waveEndState for correctness wave=89 tick=834
[log] [coop:relay] RECV rewardOptions key=104:0 -> BUFFER rewardOptionsInbox (latest-wins) count=4
[log] [coop:rendezvous] RECV arrival point=shop:89:104 -> BUFFER (no waiter yet) role=guest
[log] [coop:transport] recv host t=coopAck cls=op:global seq=209 handlers=1
[log] [coop:session] isCoopAuthoritativeGuestGated -> true (authoritative GUEST gates a structural mutation)
[log] [coop:session] isCoopAuthoritativeGuestGated -> true (authoritative GUEST gates a structural mutation)
[log] [coop:session] isCoopAuthoritativeGuestGated -> true (authoritative GUEST gates a structural mutation)
[log] [coop:session] isCoopAuthoritativeGuestGated -> true (authoritative GUEST gates a structural mutation)
[log] [coop:session] isCoopAuthoritativeGuestGated -> true (authoritative GUEST gates a structural mutation)
[log] [coop:runtime] consume wave-advance wave=89 outcome=win transition=WAVE_VICTORY/next90/biome0/egg1/wild (lastResolved 88 -> 89)
[log] [coop:replay] guest wave-advance outcome=win wave=89 next=WAVE_VICTORY/wave90 biomeChange=false eggLapse=true victoryKind=wild battleType=WILD queues=VictoryPhase (host-stated)
[warn] [coop:replay] guest wave-advance wave=89: replacing speculative future queue [CommandPhase,CommandPhase,TurnStartPhase]
[log] [coop:session] isCoopAuthoritativeGuestGated -> true (authoritative GUEST gates a structural mutation)
[log] [coop:progression] GUEST applyPartyExp SKIP wave=89 koMon=Drapion (awaiting host waveEndState)
[log] [coop-diag] VictoryPhase win-branch role=guest battleType=WILD queuesTrainerVictory=false queuesSelectModifier=true wave=89
[log] [coop:session] isCoopAuthoritativeGuestGated -> true (authoritative GUEST gates a structural mutation)
[log] [coop:session] isCoopAuthoritativeGuestGated -> true (authoritative GUEST gates a structural mutation)
[log] [coop-diag] VictoryTail role=guest wave=89 source=host-stated trainer=false egg=true biomeShop=false biomeChange=false crossroads=false nextWave=90
[log] [coop:session] isCoopAuthoritativeGuestGated -> true (authoritative GUEST gates a structural mutation)
[log] [coop:session] isCoopAuthoritativeGuestGated -> true (authoritative GUEST gates a structural mutation)
[log] [coop:session] isCoopAuthoritativeGuestGated -> true (authoritative GUEST gates a structural mutation)
[log] [coop:adopt] erMoneyStreaks host entries=0 -> restored (#837/#348)
[log] [coop:adopt] biomeOverstayAnchor host=null -> restored (#837/#504)
[log] [coop:adopt] erBiomeStructure host length=23 startWave=86 -> restored (#841 item 5)
[log] [coop:adopt] erRelicBattleState host wave=89 -> restored (#837)
[log] [coop:adopt] erMapState host nodes=2 travelTarget=- fragments=0 -> restored (#865/#841 item 1)
[log] [coop:adopt] erPendingNodes host count=4 revealed=2 -> restored (#865)
[log] [coop:resync] guest apply authoritativeState tick=834 wave=89 turn=2 party=6/2 field=4
[log] [coop:resync] presentation settle boundary=resync-stable side=player desired=visible ids=[178671748,1930538543] changed=0 phase=BattleEndPhase
[log] [coop:resync] presentation settle boundary=wave-start-pre-intro side=enemy desired=visible ids=[] changed=0 phase=BattleEndPhase
[log] [coop:runtime] wave-advance retained DATA boundary admitted wave=89
[log] [coop:progression] retained WAVE_ADVANCE DATA applied wave=89 tick=834
[log] [coop:progression] GUEST retained WAVE_ADVANCE BattleEnd release wave=89
[log] [coop:progression] GUEST automatic victory settlement admitted wave=89 turn=2
[log] [coop:interaction] interactionCounter() read -> 104 (role=guest)
[log] [coop:checksum] capture digest=491a4fc9b47da05c field=4 biome=14 seed=coop-soak-20260725 weather=3 terrain=4 money=17160 party=[493,384,890,150,382,888] partyLevels=[500,500,500,500,500,500] arenaTags=0 modifiers=6 heldItemsDigest=0 pokeballs=[0:95,1:10,2:0,3:0,4:0] mons=[bi0:sp493/hp1169-1865/st0/ab121/form0/tera0:0/boss0:0 bi1:sp384/hp1180-1715/st0/ab5144/form0/tera0:15/boss0:0 bi2:sp330/hp0-187/st7/ab45/form0/tera0:6/boss2:0 bi3:sp452/hp0-167/st7/ab290/form0/tera0:16/boss1:0]
[log] [coop:interaction] interactionCounter() read -> 104 (role=guest)
[log] [coop:owner] ownerOf(counter=104) seat=0 -> owner=host
[log] [coop:owner] isLocalOwnerAtCounter(pinnedCounter=104) parity=0 owner=host role=guest -> false
[log] [coop:interaction] interactionCounter() read -> 104 (role=guest)
[log] [coop:reward] owner/watcher decision: pinnedStart=104 liveCounter=104 parity=0 role=guest pick=WATCHER option=ADOPT spoof=false
[log] [coop:rendezvous] ARRIVE point=shop:89:104 (send) role=guest
[log] [coop:transport] send guest t=rendezvous point=shop:89:104
[log] [coop:reward] WATCHER waits for partner's reward picks (start=104 role=guest wave=89)
[log] [coop:reward] WATCHER awaiting owner reward options (start=104 reroll=0 localCount=0)
[log] [coop:relay] AWAIT rewardOptions key=104:0 timeoutMs=1200000 -> BUFFER-HIT resolve count=4
[log] [coop:transport] recv host t=rendezvous point=shop:89:104 handlers=1
[log] [coop:shop] reconstructRewardOptions OK count=4 ids=[POTION,POKEBALL,TM_CASE,PP_UP]
[log] [coop:reward] WATCHER ADOPTED owner reward options (was=0 now=4 ids=[POTION,POKEBALL,TM_CASE,PP_UP])
[log] [coop:transport] send guest t=turnCommitAck e=1827802517509761 wave=89 turn=1 rev=833 stage=continuationReady checksum=5989c78a64510f97
[log] [coop:stream] guest ACK turn stage=continuationReady e=1827802517509761 wave=89 turn=1 rev=833
[log] [coop:stream] guest continuation surface=sharedInput e=1827802517509761 wave=89 turn=2 waiting=1 released=1
[log] [coop:transport] recv host t=turnCommitAck e=1827802517509761 wave=89 turn=1 rev=833 stage=continuationReady checksum=5989c78a64510f97 handlers=1
[log] [coop:progression] retained WAVE_ADVANCE continuationReady wave=89
[log] [coop:transport] send guest t=coopAck cls=op:global seq=209
[log] [coop:transport] send guest t=coopAck cls=op:global seq=209
[log] [coop:transport] send guest t=coopAck cls=op:global seq=209
[log] [coop:interaction] mirror begin role=watcher mirrorSeq=6656 interactionStart=104 reroll=0
[log] [coop:interaction] uiMirror beginSession role=watcher mode=6 seq=6656 early=0
[log] [coop:transport] recv host t=coopAck cls=op:global seq=209 handlers=1
[log] [coop:transport] recv host t=coopAck cls=op:global seq=209 handlers=1
[log] [coop:transport] recv host t=coopAck cls=op:global seq=209 handlers=1
[log] [coop:relay] AWAIT interactionChoice seq=104 timeoutMs=1200000 expected=[reward,shop,skip,reroll,check,transfer,lock] -> network-wait
[log] [coop:transport] recv guest t=envelope t=envelope handlers=1
[log] [coop:transport] send guest t=coopAck cls=op:global seq=209
[log] [coop:transport] send guest t=coopAck cls=op:global seq=209
[log] [coop:transport] send guest t=coopAck cls=op:global seq=209
[log] [coop:transport] recv host t=coopAck cls=op:global seq=209 handlers=1
[log] [coop:transport] recv host t=coopAck cls=op:global seq=209 handlers=1
[log] [coop:transport] recv host t=coopAck cls=op:global seq=209 handlers=1
[log] [coop:rendezvous] RECV arrival point=shop:89:104 -> DUPLICATE (already seen) role=guest
[log] [coop:adopt] erMoneyStreaks host entries=0 -> restored (#837/#348)
[log] [coop:adopt] biomeOverstayAnchor host=null -> restored (#837/#504)
[log] [coop:adopt] erBiomeStructure host length=23 startWave=86 -> restored (#841 item 5)
[log] [coop:adopt] erRelicBattleState host wave=89 -> restored (#837)
[log] [coop:adopt] erMapState host nodes=2 travelTarget=- fragments=0 -> restored (#865/#841 item 1)
[log] [coop:adopt] erPendingNodes host count=4 revealed=2 -> restored (#865)
[log] [coop:resync] guest apply authoritativeState tick=835 wave=89 turn=2 party=6/2 field=4
[log] [coop:resync] presentation settle boundary=resync-stable side=player desired=visible ids=[178671748,1930538543] changed=0 phase=SelectModifierPhase
[log] [coop:resync] presentation settle boundary=wave-start-pre-intro side=enemy desired=visible ids=[] changed=0 phase=SelectModifierPhase
[log] [coop:relay] DELIVER interactionChoice seq=104 -> waiter kind=skip choice=-1 data=-
[log] [coop:relay] AWAIT interactionChoice seq=104 RESOLVE kind=skip choice=-1 data=-
[log] [coop:reward] shop authoritative RESULT applied-before-render kind=REWARD id=1827802517509761:0:REWARD:10400000 rev=210 tick=835
[log] [coop:transport] send guest t=coopAck cls=op:global seq=210
[log] [coop:reward] reward op WATCHER materialize retained choice=-1 terminal=true id=1827802517509761:0:REWARD:10400000
[log] [coop:reward] WATCHER applying relayed action seq=104 act=LEAVE choice=-1 data=-
[log] [coop:v2-interaction] terminal proof recorded op=1827802517509761:0:REWARD:10400000 role=guest seat=1 duplicate=0 ambient=1
[log] [coop:v2-interaction] phase terminal proof op=1827802517509761:0:REWARD:10400000 route=constructor-fallback accepted=1
[log] [coop:interaction] interactionCounter() read -> 104 (role=guest)
[log] [coop:interaction] CoopInteractionTurn.advance INCREMENT (fromCounter=104) counter 104 -> 105
[log] [coop:interaction] advanceInteraction ADVANCED+BROADCAST (fromCounter=104) counter 104 -> 105 role=guest; send interaction screen=__turn__ choice=105
[log] [coop:interaction] SEND counter snapshot reason=advance choice=105 role=guest
[log] [coop:transport] send guest t=interaction screen=__turn__
[log] [coop:owner] ownerOf(counter=105) seat=1 -> owner=guest
[log] [coop:owner] ownerOf(counter=105) seat=1 -> owner=guest
[log] [coop:interaction] interactionCounter() read -> 105 (role=guest)
[log] [coop:reward] advance interaction (role=guest from=104 counter 104 -> 105)
[log] [coop:session] isCoopAuthoritativeGuestGated -> true (authoritative GUEST gates a structural mutation)
[log] [coop:transport] recv host t=coopAck cls=op:global seq=210 handlers=1
[log] [coop:transport] recv host t=interaction screen=__turn__ handlers=1
[log] [coop:interaction] interactionCounter() read -> 105 (role=guest)
[log] [coop:interaction] interactionCounter() read -> 105 (role=guest)
[log] [coop:interaction] RECV interaction broadcast (deferred catch-up net) received=105 localBefore=105 role=guest -> no defer (local >= received)
[warn] [coop:interaction] CoopInteractionTurn.mergeRemote DEFER (remote=105, counter=105, pendingRemote=105) live counter UNCHANGED (folds in at next advance if still ahead)
[log] [coop:owner] ownerOf(counter=105) seat=1 -> owner=guest
[log] [coop:owner] ownerOf(counter=105) seat=1 -> owner=guest
[log] [coop:replay] guest RECV enemyPartySync wave=90 count=2 -> buffered (no waiter)
[log] [coop:replay] guest RECV entry presentation wave=90 stateTick=837 events=0 buffered
[log] [coop:replay] guest RECV enemyPartySync wave=90 count=2 -> buffered (no waiter)
[log] [coop:rendezvous] RECV arrival point=cmd:90:1 -> BUFFER (no waiter yet) role=guest
[log] [coop:battletype] wave=90 HOST verdict: WILD - adopting (#867)
[log] [coop:me] wave=90 HOST verdict: NO ME - local presence roll suppressed (#862)
[log] [coop:session] isCoopAuthoritativeGuestGated -> true (authoritative GUEST gates a structural mutation)
[log] [coop:interaction] interactionCounter() read -> 105 (role=guest)
[log] [coop:stream] guest consumeEnemyParty wave=90 -> 2 enemies
[log] [coop:replay] guest adopt enemy trainerSlot=0 isBoss segments=2 index=1
[log] [coop:enemy] buildCoopEnemy ADOPT trainerSlot=0 species=795 form=0 lv=63 abilityIdx=0 nature=0 gender=-1 shiny=false tera=0:1 hp=181/181 moves=4 heldItems=4
[log] [coop:replay] guest adopt enemy trainerSlot=0 isBoss segments=1 index=0
[log] [coop:enemy] buildCoopEnemy ADOPT trainerSlot=0 species=695 form=0 lv=70 abilityIdx=0 nature=0 gender=1 shiny=false tera=0:12 hp=196/196 moves=4 heldItems=4
[log] [coop:adopt] erMoneyStreaks host entries=0 -> restored (#837/#348)
[log] [coop:adopt] biomeOverstayAnchor host=null -> restored (#837/#504)
[log] [coop:adopt] erBiomeStructure host length=23 startWave=86 -> restored (#841 item 5)
[log] [coop:adopt] erRelicBattleState host wave=90 -> restored (#837)
[log] [coop:adopt] erMapState host nodes=2 travelTarget=- fragments=0 -> restored (#865/#841 item 1)
[log] [coop:adopt] erPendingNodes host count=4 revealed=2 -> restored (#865)
[log] [coop:resync] guest apply authoritativeState tick=837 wave=90 turn=1 party=6/2 field=4
[log] [coop:resync] presentation settle boundary=resync-stable side=player desired=visible ids=[178671748,1930538543] changed=0 phase=NextEncounterPhase
[log] [coop:resync] presentation settle boundary=resync-stable side=enemy desired=visible ids=[1018559051,559493477] changed=2 phase=NextEncounterPhase
[log] [coop:resync] render differ: newly presented id=1018559051 key=pkmn__795 -> load atlas
[log] [coop:resync] render differ: newly presented id=559493477 key=pkmn__695 -> load atlas
[log] [coop:resync] presentation settle boundary=launch-ready side=player desired=visible ids=[178671748,1930538543] changed=0 phase=NextEncounterPhase
[log] [coop:session] isCoopAuthoritativeGuestGated -> true (authoritative GUEST gates a structural mutation)
[log] [coop:session] isCoopAuthoritativeGuestGated -> true (authoritative GUEST gates a structural mutation)
[log] [coop:session] isCoopAuthoritativeGuestGated -> true (authoritative GUEST gates a structural mutation)
[log] [coop:session] isCoopAuthoritativeGuestGated -> true (authoritative GUEST gates a structural mutation)
[log] [coop:session] isCoopAuthoritativeGuestGated -> true (authoritative GUEST gates a structural mutation)
[log] [coop:session] isCoopAuthoritativeGuestGated -> true (authoritative GUEST gates a structural mutation)
[log] [coop:replay] guest replay turn=1: awaiting retained entry presentation
[warn] [coop:resync] authoritativeState tick=837 STALE (lastApplied=837) -> REJECTED (#807)
[log] [coop:adopt] erMoneyStreaks host entries=0 -> restored (#837/#348)
[log] [coop:adopt] biomeOverstayAnchor host=null -> restored (#837/#504)
[log] [coop:adopt] erBiomeStructure host length=23 startWave=86 -> restored (#841 item 5)
[log] [coop:adopt] erRelicBattleState host wave=90 -> restored (#837)
[log] [coop:adopt] erMapState host nodes=2 travelTarget=- fragments=0 -> restored (#865/#841 item 1)
[log] [coop:adopt] erPendingNodes host count=4 revealed=2 -> restored (#865)
[log] [coop:resync] guest reassert authoritativeState tick=837 wave=90 turn=1 party=6/2 field=4
[log] [coop:resync] presentation settle boundary=resync-stable side=player desired=visible ids=[178671748,1930538543] changed=0 phase=CoopReplayTurnPhase
[log] [coop:resync] presentation settle boundary=resync-stable side=enemy desired=visible ids=[1018559051,559493477] changed=0 phase=CoopReplayTurnPhase
[log] [coop:replay] guest replay turn=1: rendering 0 event(s)
[log] [coop:replay] guest replay turn=1: rendered phases [none]
[log] [coop:replay] guest replay turn=1: retained entry presentation queued stateTick=837 events=0; awaiting exact outcome proof
[log] [coop:session] isCoopAuthoritativeGuestGated -> true (authoritative GUEST gates a structural mutation)
[log] [coop:replay] guest entry presentation PROVED wave=90 turn=1 events=0
[log] [coop:stream] guest consumeEnemyParty wave=90 -> null (buffered=none)
[log] [coop:battle] CommandPhase slot=0 turn=1 owner=host role=guest -> partner path
[log] [coop:stream] guest consumeEnemyParty wave=90 -> null (buffered=none)
[log] [coop:rendezvous] ARRIVE point=cmd:90:1 (send) role=guest
[log] [coop:transport] send guest t=rendezvous point=cmd:90:1
[log] [coop:rendezvous] next-command barrier cmd:90:1 SYNC pass (partner already arrived)
[log] [coop:stream] guest consumeEnemyParty wave=90 -> null (buffered=none)
[log] [coop:transport] send guest t=coopAck cls=op:global seq=210
[log] [coop:transport] send guest t=coopAck cls=op:global seq=210
[log] [coop:transport] recv host t=rendezvous point=cmd:90:1 handlers=1
[log] [coop:transport] recv host t=coopAck cls=op:global seq=210 handlers=1
[log] [coop:transport] recv host t=coopAck cls=op:global seq=210 handlers=1
[log] [coop:rendezvous] RECV arrival point=cmd:90:1 -> DUPLICATE (already seen) role=guest
[log] [coop:replay] guest IGNORE duplicate consumed entry presentation wave=90
[log] [coop:replay] guest RECV enemyPartySync wave=90 count=2 -> buffered (no waiter)
[log] [coop:interaction] interactionCounter() read -> 105 (role=guest)
[log] [coop:checksum] capture digest=823a9b40fdf56628 field=4 biome=14 seed=coop-soak-20260725 weather=3 terrain=4 money=17160 party=[493,384,890,150,382,888] partyLevels=[500,500,500,500,500,500] arenaTags=0 modifiers=6 heldItemsDigest=8 pokeballs=[0:95,1:10,2:0,3:0,4:0] mons=[bi0:sp493/hp1169-1865/st0/ab121/form0/tera0:0/boss0:0 bi1:sp384/hp1180-1715/st0/ab5144/form0/tera0:15/boss0:0 bi2:sp795/hp181-181/st0/ab7/form0/tera0:1/boss2:1 bi3:sp695/hp196-196/st0/ab146/form0/tera0:12/boss1:0]
[log] [coop:interaction] interactionCounter() read -> 105 (role=guest)
[log] [coop:replay] guest IGNORE duplicate consumed entry presentation wave=90
[log] [coop:replay] guest RECV enemyPartySync wave=90 count=2 -> buffered (no waiter)
[log] [coop:replay] guest RECV turnResolution e=1827802517509761 wave=90 turn=1 events=19 checksum=5f2ac9dde17883b5 -> buffered (no waiter)
[log] [coop:session] isCoopAuthoritativeGuestGated -> true (authoritative GUEST gates a structural mutation)
[log] [coop:replay] guest replay turn=1: live pump start mode=turn
[log] [coop:transport] send guest t=requestTurnCommit e=1827802517509761 wave=90 turn=1 rev=pending
[log] [coop:transport] send guest t=requestTurnCommit e=1827802517509761 wave=90 turn=1 rev=841
[log] [coop:replay] guest awaitTurn turn=1 RESOLVE (buffered race) events=19
[log] [coop:transport] recv host t=requestTurnCommit e=1827802517509761 wave=90 turn=1 rev=pending handlers=1
[log] [coop:transport] send host t=turnResolution e=1827802517509761 wave=90 turn=1 rev=841 events=19 checksum=5f2ac9dde17883b5
[log] [coop:transport] recv host t=requestTurnCommit e=1827802517509761 wave=90 turn=1 rev=841 handlers=1
[log] [coop:transport] send host t=turnResolution e=1827802517509761 wave=90 turn=1 rev=841 events=19 checksum=5f2ac9dde17883b5
[log] [coop:transport] recv guest t=turnResolution e=1827802517509761 wave=90 turn=1 rev=841 events=19 checksum=5f2ac9dde17883b5 handlers=1
[log] [coop:transport] recv guest t=turnResolution e=1827802517509761 wave=90 turn=1 rev=841 events=19 checksum=5f2ac9dde17883b5 handlers=1
[log] [coop:replay] guest consume live events turn=1 count=0
[log] [coop:replay] guest replay turn=1: RESOLVE renderedLive=0 remaining=19 batch=19
[log] [coop:replay] guest replay turn=1: rendering 19 event(s)
[log] [coop:replay] guest replay turn=1: present k=moveUsed
[log] [coop:session] isCoopAuthoritativeGuestGated -> true (authoritative GUEST gates a structural mutation)
[log] [coop:replay] guest replay turn=1: present k=showAbility
[log] [coop:session] isCoopAuthoritativeGuestGated -> true (authoritative GUEST gates a structural mutation)
[log] [coop:replay] guest replay turn=1: present k=showAbility
[log] [coop:session] isCoopAuthoritativeGuestGated -> true (authoritative GUEST gates a structural mutation)
[log] [coop:replay] guest replay turn=1: present k=message
[log] [coop:replay] guest replay turn=1: present k=statStage
[log] [coop:session] isCoopAuthoritativeGuestGated -> true (authoritative GUEST gates a structural mutation)
[log] [coop:replay] guest replay turn=1: present k=moveUsed
[log] [coop:session] isCoopAuthoritativeGuestGated -> true (authoritative GUEST gates a structural mutation)
[log] [coop:replay] guest replay turn=1: present k=hp
[log] [coop:session] isCoopAuthoritativeGuestGated -> true (authoritative GUEST gates a structural mutation)
[log] [coop:replay] guest replay turn=1: present k=faint
[log] [coop:session] isCoopAuthoritativeGuestGated -> true (authoritative GUEST gates a structural mutation)
[log] [coop:replay] guest replay turn=1: present k=moveUsed
[log] [coop:session] isCoopAuthoritativeGuestGated -> true (authoritative GUEST gates a structural mutation)
[log] [coop:replay] guest replay turn=1: present k=hp
[log] [coop:session] isCoopAuthoritativeGuestGated -> true (authoritative GUEST gates a structural mutation)
[log] [coop:replay] guest replay turn=1: present k=message
[log] [coop:replay] guest replay turn=1: present k=hp
[log] [coop:session] isCoopAuthoritativeGuestGated -> true (authoritative GUEST gates a structural mutation)
[log] [coop:replay] guest replay turn=1: present k=message
[log] [coop:replay] guest replay turn=1: present k=hp
[log] [coop:session] isCoopAuthoritativeGuestGated -> true (authoritative GUEST gates a structural mutation)
[log] [coop:replay] guest replay turn=1: present k=message
[log] [coop:replay] guest replay turn=1: present k=hp
[log] [coop:session] isCoopAuthoritativeGuestGated -> true (authoritative GUEST gates a structural mutation)
[log] [coop:replay] guest replay turn=1: present k=showAbility
[log] [coop:session] isCoopAuthoritativeGuestGated -> true (authoritative GUEST gates a structural mutation)
[log] [coop:replay] guest replay turn=1: present k=message
[log] [coop:replay] guest replay turn=1: present k=statStage
[log] [coop:session] isCoopAuthoritativeGuestGated -> true (authoritative GUEST gates a structural mutation)
[log] [coop:replay] guest replay turn=1: rendered phases [moveUsed=3 showAbility=3 message=5 statStage=2 hp=5 faint=1]
[log] [coop:replay] guest replay turn=1: unshift CoopFinalizeTurnPhase (checkpoint apply deferred)
[log] [coop:session] isCoopAuthoritativeGuestGated -> true (authoritative GUEST gates a structural mutation)
[log] [coop:stream] guest IGNORE idempotent turn duplicate e=1827802517509761 wave=90 turn=1 rev=841
[log] [coop:stream] guest IGNORE idempotent turn duplicate e=1827802517509761 wave=90 turn=1 rev=841
[log] [coop:replay] present move bi=0 moveId=85 targets=1
[log] [coop:session] isCoopAuthoritativeGuestGated -> true (authoritative GUEST gates a structural mutation)
[log] [coop:session] isCoopAuthoritativeGuestGated -> true (authoritative GUEST gates a structural mutation)
[log] [coop:session] isCoopAuthoritativeGuestGated -> true (authoritative GUEST gates a structural mutation)
[log] [coop:session] isCoopAuthoritativeGuestGated -> true (authoritative GUEST gates a structural mutation)
[log] [coop:replay] present statStage bi=3 stat=3 -> 1
[log] [coop:replay] present statStage bi=3 stat=3 set to 1 NO tween (delta=1 anims=false)
[log] [coop:replay] present move bi=1 moveId=53 targets=1
[log] [coop:replay] present hp bi=3 196->0/196
[log] [coop:replay] present faint bi=3 narrate=true
[log] [coop:replay] present move bi=2 moveId=853 targets=1
[log] [coop:replay] present hp bi=1 1180->1163/1715
[log] [coop:replay] present hp bi=0 1169->1053/1865
[log] [coop:replay] present hp bi=1 1163->1056/1715
[log] [coop:replay] present hp bi=2 181->170/181
[log] [coop:session] isCoopAuthoritativeGuestGated -> true (authoritative GUEST gates a structural mutation)
[log] [coop:session] isCoopAuthoritativeGuestGated -> true (authoritative GUEST gates a structural mutation)
[log] [coop:replay] present statStage bi=2 stat=5 -> 1
[log] [coop:replay] present statStage bi=2 stat=5 set to 1 NO tween (delta=1 anims=false)
[log] [coop:checkpoint] guest apply field=4 weather=3 terrain=4 arenaTags=0
[log] [coop:session] isCoopAuthoritativeGuestGated -> true (authoritative GUEST gates a structural mutation)
[log] [coop:adopt] erMoneyStreaks host entries=0 -> restored (#837/#348)
[log] [coop:adopt] biomeOverstayAnchor host=null -> restored (#837/#504)
[log] [coop:adopt] erBiomeStructure host length=23 startWave=86 -> restored (#841 item 5)
[log] [coop:adopt] erRelicBattleState host wave=90 -> restored (#837)
[log] [coop:adopt] erMapState host nodes=2 travelTarget=- fragments=0 -> restored (#865/#841 item 1)
[log] [coop:adopt] erPendingNodes host count=4 revealed=2 -> restored (#865)
[log] [coop:resync] guest apply authoritativeState tick=841 wave=90 turn=1 party=6/2 field=4
[log] [coop:resync] presentation settle boundary=resync-stable side=player desired=visible ids=[178671748,1930538543] changed=0 phase=CoopFinalizeTurnPhase
[log] [coop:resync] presentation settle boundary=resync-stable side=enemy desired=visible ids=[1018559051] changed=0 phase=CoopFinalizeTurnPhase
[warn] [coop:heal] heldItems monId=1018559051 bi=2 removed=[BERRY,BERRY,BERRY,ATTACK_TYPE_BOOSTER] added=[BERRY,BERRY,BERRY,ATTACK_TYPE_BOOSTER] -> applied
[warn] [coop:heal] heldItems bi=2 host=[BERRY,BERRY,BERRY,ATTACK_TYPE_BOOSTER] -> applied (rewrote to host set)
[warn] [coop:heal] heldItems monId=559493477 bi=3 removed=[BASE_STAT_BOOSTER] added=[BASE_STAT_BOOSTER] -> applied
[warn] [coop:heal] heldItems bi=3 host=[BASE_STAT_BOOSTER] -> applied (rewrote to host set)
[log] [coop:interaction] interactionCounter() read -> 105 (role=guest)
[log] [coop:checksum] capture digest=5f2ac9dde17883b5 field=4 biome=14 seed=coop-soak-20260725 weather=3 terrain=4 money=17160 party=[493,384,890,150,382,888] partyLevels=[500,500,500,500,500,500] arenaTags=0 modifiers=6 heldItemsDigest=4 pokeballs=[0:95,1:10,2:0,3:0,4:0] mons=[bi0:sp493/hp1053-1865/st0/ab121/form0/tera0:0/boss0:0 bi1:sp384/hp1056-1715/st0/ab5144/form0/tera0:15/boss0:0 bi2:sp795/hp170-181/st0/ab7/form0/tera0:1/boss2:1 bi3:sp695/hp0-196/st7/ab146/form0/tera0:12/boss1:0]
[log] [coop:transport] send guest t=turnCommitAck e=1827802517509761 wave=90 turn=1 rev=841 stage=materialApplied checksum=5f2ac9dde17883b5
[log] [coop:stream] guest ACK turn stage=materialApplied e=1827802517509761 wave=90 turn=1 rev=841
[log] [coop:checksum] guest finalize materialApplied e=1827802517509761 wave=90 turn=1 rev=841
[log] [coop:transport] recv host t=turnCommitAck e=1827802517509761 wave=90 turn=1 rev=841 stage=materialApplied checksum=5f2ac9dde17883b5 handlers=1
[log] [coop:stream] host ACCEPT turn ACK stage=materialApplied key=1827802517509761:90:1:841
[log] [coop:transport] send guest t=turnCommitAck e=1827802517509761 wave=90 turn=1 rev=841 stage=presentationReady checksum=5f2ac9dde17883b5
[log] [coop:stream] guest ACK turn stage=presentationReady e=1827802517509761 wave=90 turn=1 rev=841
[log] [coop:checksum] guest finalize presentationReady e=1827802517509761 wave=90 turn=1 rev=841
[log] [coop:replay] guest finalize turn=1: END (checkpoint applied, turn-end queued)
[log] [coop:transport] recv host t=turnCommitAck e=1827802517509761 wave=90 turn=1 rev=841 stage=presentationReady checksum=5f2ac9dde17883b5 handlers=1
[log] [coop:stream] host ACCEPT turn ACK stage=presentationReady key=1827802517509761:90:1:841
[log] [coop:rendezvous] ARRIVE point=cmd:90:2 (send) role=guest
[log] [coop:transport] send guest t=rendezvous point=cmd:90:2
[log] [coop:rendezvous] RECV arrival point=cmd:90:2 -> BUFFER (no waiter yet) role=guest
[log] [coop:session] isCoopAuthoritativeGuestGated -> true (authoritative GUEST gates a structural mutation)
[log] [coop:session] isCoopAuthoritativeGuestGated -> true (authoritative GUEST gates a structural mutation)
[log] [coop:session] isCoopAuthoritativeGuestGated -> true (authoritative GUEST gates a structural mutation)
[log] [coop:session] isCoopAuthoritativeGuestGated -> true (authoritative GUEST gates a structural mutation)
[log] [coop:session] isCoopAuthoritativeGuestGated -> true (authoritative GUEST gates a structural mutation)
[log] [coop:battle] CommandPhase slot=0 turn=2 owner=host role=guest -> partner path
[log] [coop:rendezvous] next-command barrier cmd:90:2 SYNC pass (partner already arrived)
[log] [coop:transport] send guest t=turnCommitAck e=1827802517509761 wave=90 turn=1 rev=841 stage=continuationReady checksum=5f2ac9dde17883b5
[log] [coop:stream] guest ACK turn stage=continuationReady e=1827802517509761 wave=90 turn=1 rev=841
[log] [coop:stream] guest continuation surface=command e=1827802517509761 wave=90 turn=2 waiting=1 released=1
[log] [coop:transport] recv host t=turnCommitAck e=1827802517509761 wave=90 turn=1 rev=841 stage=continuationReady checksum=5f2ac9dde17883b5 handlers=1
[log] [coop:replay] guest RECV turnResolution e=1827802517509761 wave=90 turn=2 events=5 checksum=4547dc0cbc30d607 -> buffered (no waiter)
[log] [coop:replay] guest RECV waveResolved wave=90 outcome=win transition=WAVE_VICTORY/next91/biome0/egg1/wild
[log] [coop:runtime] recv waveResolved wave=90 outcome=win role=guest netcode=authoritative
[log] [coop:runtime] ignore raw waveResolved for correctness wave=90 outcome=win; awaiting retained transaction
[log] [coop:session] isCoopAuthoritativeGuestGated -> true (authoritative GUEST gates a structural mutation)
[log] [coop:replay] guest replay turn=2: live pump start mode=turn
[log] [coop:transport] send guest t=requestTurnCommit e=1827802517509761 wave=90 turn=2 rev=pending
[log] [coop:transport] send guest t=requestTurnCommit e=1827802517509761 wave=90 turn=2 rev=843
[log] [coop:replay] guest awaitTurn turn=2 RESOLVE (buffered race) events=5
[log] [coop:transport] recv host t=requestTurnCommit e=1827802517509761 wave=90 turn=2 rev=pending handlers=1
[log] [coop:transport] send host t=turnResolution e=1827802517509761 wave=90 turn=2 rev=843 events=5 checksum=4547dc0cbc30d607
[log] [coop:transport] recv host t=requestTurnCommit e=1827802517509761 wave=90 turn=2 rev=843 handlers=1
[log] [coop:transport] send host t=turnResolution e=1827802517509761 wave=90 turn=2 rev=843 events=5 checksum=4547dc0cbc30d607
[log] [coop:transport] recv guest t=turnResolution e=1827802517509761 wave=90 turn=2 rev=843 events=5 checksum=4547dc0cbc30d607 handlers=1
[log] [coop:transport] recv guest t=turnResolution e=1827802517509761 wave=90 turn=2 rev=843 events=5 checksum=4547dc0cbc30d607 handlers=1
[log] [coop:replay] guest consume live events turn=2 count=0
[log] [coop:replay] guest replay turn=2: RESOLVE renderedLive=0 remaining=5 batch=5
[log] [coop:replay] guest replay turn=2: rendering 5 event(s)
[log] [coop:replay] guest replay turn=2: present k=moveUsed
[log] [coop:session] isCoopAuthoritativeGuestGated -> true (authoritative GUEST gates a structural mutation)
[log] [coop:replay] guest replay turn=2: present k=hp
[log] [coop:session] isCoopAuthoritativeGuestGated -> true (authoritative GUEST gates a structural mutation)
[log] [coop:replay] guest replay turn=2: present k=faint
[log] [coop:session] isCoopAuthoritativeGuestGated -> true (authoritative GUEST gates a structural mutation)
[log] [coop:replay] guest replay turn=2: present k=moveUsed
[log] [coop:session] isCoopAuthoritativeGuestGated -> true (authoritative GUEST gates a structural mutation)
[log] [coop:replay] guest replay turn=2: present k=message
[log] [coop:replay] guest replay turn=2: rendered phases [moveUsed=2 hp=1 faint=1 message=1]
[log] [coop:replay] guest replay turn=2: unshift CoopFinalizeTurnPhase (checkpoint apply deferred)
[log] [coop:session] isCoopAuthoritativeGuestGated -> true (authoritative GUEST gates a structural mutation)
[log] [coop:stream] guest IGNORE idempotent turn duplicate e=1827802517509761 wave=90 turn=2 rev=843
[log] [coop:stream] guest IGNORE idempotent turn duplicate e=1827802517509761 wave=90 turn=2 rev=843
[log] [coop:replay] present move bi=0 moveId=85 targets=1
[log] [coop:replay] present hp bi=2 170->0/181
[log] [coop:replay] present faint bi=2 narrate=true
[log] [coop:replay] present move bi=1 moveId=247 targets=0
[log] [coop:checkpoint] guest apply field=4 weather=3 terrain=4 arenaTags=0
[log] [coop:session] isCoopAuthoritativeGuestGated -> true (authoritative GUEST gates a structural mutation)
[log] [coop:adopt] erMoneyStreaks host entries=0 -> restored (#837/#348)
[log] [coop:adopt] biomeOverstayAnchor host=null -> restored (#837/#504)
[log] [coop:adopt] erBiomeStructure host length=23 startWave=86 -> restored (#841 item 5)
[log] [coop:adopt] erRelicBattleState host wave=90 -> restored (#837)
[log] [coop:adopt] erMapState host nodes=2 travelTarget=- fragments=0 -> restored (#865/#841 item 1)
[log] [coop:adopt] erPendingNodes host count=4 revealed=2 -> restored (#865)
[log] [coop:resync] guest apply authoritativeState tick=843 wave=90 turn=2 party=6/2 field=4
[log] [coop:resync] presentation settle boundary=resync-stable side=player desired=visible ids=[178671748,1930538543] changed=0 phase=CoopFinalizeTurnPhase
[log] [coop:resync] presentation settle boundary=wave-start-pre-intro side=enemy desired=visible ids=[] changed=0 phase=CoopFinalizeTurnPhase
[warn] [coop:heal] heldItems monId=559493477 bi=3 removed=[BASE_STAT_BOOSTER] added=[BASE_STAT_BOOSTER] -> applied
[warn] [coop:heal] heldItems bi=3 host=[BASE_STAT_BOOSTER] -> applied (rewrote to host set)
[log] [coop:interaction] interactionCounter() read -> 105 (role=guest)
[log] [coop:checksum] capture digest=4547dc0cbc30d607 field=4 biome=14 seed=coop-soak-20260725 weather=3 terrain=4 money=17160 party=[493,384,890,150,382,888] partyLevels=[500,500,500,500,500,500] arenaTags=0 modifiers=6 heldItemsDigest=0 pokeballs=[0:95,1:10,2:0,3:0,4:0] mons=[bi0:sp493/hp1053-1865/st0/ab121/form0/tera0:0/boss0:0 bi1:sp384/hp1056-1715/st0/ab5144/form0/tera0:15/boss0:0 bi2:sp795/hp0-181/st7/ab7/form0/tera0:1/boss2:0 bi3:sp695/hp0-196/st7/ab146/form0/tera0:12/boss1:0]
[log] [coop:transport] send guest t=turnCommitAck e=1827802517509761 wave=90 turn=2 rev=843 stage=materialApplied checksum=4547dc0cbc30d607
[log] [coop:stream] guest ACK turn stage=materialApplied e=1827802517509761 wave=90 turn=2 rev=843
[log] [coop:checksum] guest finalize materialApplied e=1827802517509761 wave=90 turn=2 rev=843
[log] [coop:transport] recv host t=turnCommitAck e=1827802517509761 wave=90 turn=2 rev=843 stage=materialApplied checksum=4547dc0cbc30d607 handlers=1
[log] [coop:stream] host ACCEPT turn ACK stage=materialApplied key=1827802517509761:90:2:843
[log] [coop:transport] send guest t=turnCommitAck e=1827802517509761 wave=90 turn=2 rev=843 stage=presentationReady checksum=4547dc0cbc30d607
[log] [coop:stream] guest ACK turn stage=presentationReady e=1827802517509761 wave=90 turn=2 rev=843
[log] [coop:checksum] guest finalize presentationReady e=1827802517509761 wave=90 turn=2 rev=843
[log] [coop:replay] guest finalize turn=2: END (checkpoint applied, turn-end queued)
[log] [coop:transport] recv host t=turnCommitAck e=1827802517509761 wave=90 turn=2 rev=843 stage=presentationReady checksum=4547dc0cbc30d607 handlers=1
[log] [coop:stream] host ACCEPT turn ACK stage=presentationReady key=1827802517509761:90:2:843
[log] [coop:stream] guest admitted WAVE_ADVANCE continuation e=1827802517509761 wave=90
[log] [coop:runtime] wave-advance JOURNAL bootstrap wave=90 outcome=win (ACK withheld)
[log] [coop:runtime] wave-advance JOURNAL queued safe-boundary wake wave=90 unparkedReplay=0
[log] [coop:runtime] wave-advance op JOURNAL cursor-advanced id=1827802517509761:0:WAVE_ADVANCE:90 rev=211 dataApplied=false continuationReady=false (DATA applies at BattleEnd; retained ACK awaits DATA + destination continuation)
[log] [coop:transport] send guest t=coopAck cls=op:global seq=211
[log] [coop:replay] guest RECV waveEndState wave=90 tick=844
[log] [coop:runtime] ignore raw waveEndState for correctness wave=90 tick=844
[log] [coop:transport] recv host t=coopAck cls=op:global seq=211 handlers=1
[log] [coop:session] isCoopAuthoritativeGuestGated -> true (authoritative GUEST gates a structural mutation)
[log] [coop:session] isCoopAuthoritativeGuestGated -> true (authoritative GUEST gates a structural mutation)
[log] [coop:session] isCoopAuthoritativeGuestGated -> true (authoritative GUEST gates a structural mutation)
[log] [coop:session] isCoopAuthoritativeGuestGated -> true (authoritative GUEST gates a structural mutation)
[log] [coop:session] isCoopAuthoritativeGuestGated -> true (authoritative GUEST gates a structural mutation)
[log] [coop:runtime] consume wave-advance wave=90 outcome=win transition=WAVE_VICTORY/next91/biome0/egg1/wild (lastResolved 89 -> 90)
[log] [coop:replay] guest wave-advance outcome=win wave=90 next=WAVE_VICTORY/wave91 biomeChange=false eggLapse=true victoryKind=wild battleType=WILD queues=VictoryPhase (host-stated)
[warn] [coop:replay] guest wave-advance wave=90: replacing speculative future queue [CommandPhase,CommandPhase,TurnStartPhase]
[log] [coop:session] isCoopAuthoritativeGuestGated -> true (authoritative GUEST gates a structural mutation)
[log] [coop:progression] GUEST applyPartyExp SKIP wave=90 koMon=Heliolisk (awaiting host waveEndState)
[log] [coop-diag] VictoryPhase win-branch role=guest battleType=WILD queuesTrainerVictory=false queuesSelectModifier=false wave=90
[log] [coop:session] isCoopAuthoritativeGuestGated -> true (authoritative GUEST gates a structural mutation)
[log] [coop:session] isCoopAuthoritativeGuestGated -> true (authoritative GUEST gates a structural mutation)
[log] [coop:session] isCoopAuthoritativeGuestGated -> true (authoritative GUEST gates a structural mutation)
[log] [coop-diag] VictoryTail role=guest wave=90 source=host-stated trainer=false egg=true biomeShop=true biomeChange=false crossroads=true nextWave=91
[log] [coop:session] isCoopAuthoritativeGuestGated -> true (authoritative GUEST gates a structural mutation)
[log] [coop:session] isCoopAuthoritativeGuestGated -> true (authoritative GUEST gates a structural mutation)
[log] [coop:session] isCoopAuthoritativeGuestGated -> true (authoritative GUEST gates a structural mutation)
[log] [coop:session] isCoopAuthoritativeGuestGated -> true (authoritative GUEST gates a structural mutation)
[log] [coop:adopt] erMoneyStreaks host entries=0 -> restored (#837/#348)
[log] [coop:adopt] biomeOverstayAnchor host=null -> restored (#837/#504)
[log] [coop:adopt] erBiomeStructure host length=23 startWave=86 -> restored (#841 item 5)
[log] [coop:adopt] erRelicBattleState host wave=90 -> restored (#837)
[log] [coop:adopt] erMapState host nodes=2 travelTarget=- fragments=0 -> restored (#865/#841 item 1)
[log] [coop:adopt] erPendingNodes host count=4 revealed=2 -> restored (#865)
[log] [coop:resync] guest apply authoritativeState tick=844 wave=90 turn=3 party=6/2 field=4
[log] [coop:resync] presentation settle boundary=resync-stable side=player desired=visible ids=[178671748,1930538543] changed=0 phase=BattleEndPhase
[log] [coop:resync] presentation settle boundary=wave-start-pre-intro side=enemy desired=visible ids=[] changed=0 phase=BattleEndPhase
[log] [coop:runtime] wave-advance retained DATA boundary admitted wave=90
[log] [coop:progression] retained WAVE_ADVANCE DATA applied wave=90 tick=844
[log] [coop:progression] GUEST retained WAVE_ADVANCE BattleEnd release wave=90
[log] [coop:reward] renderer SKIP shared ModifierRewardPhase type=EXP. Charm
[log] [coop:progression] GUEST automatic victory settlement admitted wave=90 turn=3
[log] [coop:interaction] interactionCounter() read -> 105 (role=guest)
[log] [coop:checksum] capture digest=fb39e1d6f2574d16 field=4 biome=14 seed=coop-soak-20260725 weather=3 terrain=4 money=17160 party=[493,384,890,150,382,888] partyLevels=[500,500,500,500,500,500] arenaTags=0 modifiers=6 heldItemsDigest=0 pokeballs=[0:95,1:10,2:0,3:0,4:0] mons=[bi0:sp493/hp1865-1865/st0/ab121/form0/tera0:0/boss0:0 bi1:sp384/hp1715-1715/st0/ab5144/form0/tera0:15/boss0:0 bi2:sp795/hp0-181/st7/ab7/form0/tera0:1/boss2:0 bi3:sp695/hp0-188/st7/ab146/form0/tera0:12/boss1:0]
[log] [coop:interaction] interactionCounter() read -> 105 (role=guest)
[log] [coop:owner] ownerOf(counter=105) seat=1 -> owner=guest
[log] [coop:owner] isLocalOwnerAtCounter(pinnedCounter=105) parity=1 owner=guest role=guest -> true
[log] [coop:reward] biome market roles: pinnedStart=105 inMe=false role=guest spoof=false pick=OWNER option=ADOPT continuation=false
[log] [coop:relay] AWAIT rewardOptions key=105:777 timeoutMs=1200000 -> network-wait
[log] [coop:relay] SEND requestRewardOptions key=105:777 (authoritative replay)
[log] [coop:transport] send guest t=requestRewardOptions seq=105 reroll=777
[log] [coop:relay] RECV rewardOptions key=105:777 -> deliver-to-waiter count=16
[log] [coop:relay] AWAIT rewardOptions key=105:777 RESOLVE count=16
[log] [coop:transport] recv host t=requestRewardOptions seq=105 reroll=777 handlers=1
[log] [coop:shop] reconstructRewardOptions OK count=16 ids=[GRIP_CLAW,BATON,ER_SAFETY_GOGGLES,ULTRA_BALL,FROSTBITE_ORB,WIDE_LENS,FOCUS_BAND,POKEBALL,ER_COPPER_ROD,ROGUE_BALL,ER_LUCKY_HEART,ER_RUSTY_CLAW,ER_SPIKED_KNUCKLES,ER_LOADED_DICE,ER_CHILI_SAMPLE,GREAT_BALL]
[log] [coop:transport] send guest t=turnCommitAck e=1827802517509761 wave=90 turn=2 rev=843 stage=continuationReady checksum=4547dc0cbc30d607
[log] [coop:stream] guest ACK turn stage=continuationReady e=1827802517509761 wave=90 turn=2 rev=843
[log] [coop:stream] guest continuation surface=sharedInput e=1827802517509761 wave=90 turn=3 waiting=1 released=1
[log] [coop:transport] recv host t=turnCommitAck e=1827802517509761 wave=90 turn=2 rev=843 stage=continuationReady checksum=4547dc0cbc30d607 handlers=1
[log] [coop:progression] retained WAVE_ADVANCE continuationReady wave=90
[log] [coop:transport] send guest t=coopAck cls=op:global seq=211
[log] [coop:transport] send guest t=coopAck cls=op:global seq=211
[log] [coop:transport] send guest t=coopAck cls=op:global seq=211
[log] [coop:transport] recv host t=coopAck cls=op:global seq=211 handlers=1
[log] [coop:transport] recv host t=coopAck cls=op:global seq=211 handlers=1
[log] [coop:transport] recv host t=coopAck cls=op:global seq=211 handlers=1
[log] [coop:relay] RECV rewardOptions key=105:777 -> BUFFER rewardOptionsInbox (latest-wins) count=16
[log] [coop:owner] ownerOf(counter=-1) seat=1 -> owner=guest
[log] [coop:owner] isLocalOwnerAtCounter(pinnedCounter=-1) parity=1 owner=guest role=guest -> true
[log] [coop:owner] ownerOf(counter=-1) seat=1 -> owner=guest
[log] [coop:owner] isLocalOwnerAtCounter(pinnedCounter=-1) parity=1 owner=guest role=guest -> true
[log] [coop:reward] market op INTENT prepared label=biomeShop id=1827802517509761:1:SHOP_BUY:10500000
[log] [coop:relay] SEND interactionChoice seq=7000105 kind=biomeShop kind=? choice=-1 data=-
[log] [coop:transport] send guest t=interactionChoice seq=7000105 kind=biomeShop choice=-1
[warn] [coop:v2-shadow] FAULT tap(INTERACTION_COMMIT): AuthorityLog.commit: entry context is not bound to the local authority
[log] [coop:relay] AWAIT interactionChoice seq=7000105 timeoutMs=1200000 expected=[biomeShop] -> network-wait
[log] [coop:transport] recv host t=interactionChoice seq=7000105 kind=biomeShop choice=-1 handlers=1
[log] [coop:adopt] erMoneyStreaks host entries=0 -> restored (#837/#348)
[log] [coop:adopt] biomeOverstayAnchor host=null -> restored (#837/#504)
[log] [coop:adopt] erBiomeStructure host length=23 startWave=86 -> restored (#841 item 5)
[log] [coop:adopt] erRelicBattleState host wave=90 -> restored (#837)
[log] [coop:adopt] erMapState host nodes=2 travelTarget=- fragments=0 -> restored (#865/#841 item 1)
[log] [coop:adopt] erPendingNodes host count=4 revealed=2 -> restored (#865)
[log] [coop:resync] guest apply authoritativeState tick=845 wave=90 turn=3 party=6/2 field=4
[log] [coop:resync] presentation settle boundary=resync-stable side=player desired=visible ids=[178671748,1930538543] changed=0 phase=SelectModifierPhase
[log] [coop:resync] presentation settle boundary=wave-start-pre-intro side=enemy desired=visible ids=[] changed=0 phase=SelectModifierPhase
[log] [coop:relay] DELIVER interactionChoice seq=7000105 -> waiter kind=biomeShop choice=-1 data=-
[log] [coop:relay] AWAIT interactionChoice seq=7000105 RESOLVE kind=biomeShop choice=-1 data=-
[log] [coop:reward] shop authoritative RESULT applied-before-render kind=SHOP_BUY id=1827802517509761:1:SHOP_BUY:10500000 rev=212 tick=845
[log] [coop:transport] send guest t=coopAck cls=op:global seq=212
[log] [coop:interaction] RECV interaction broadcast (deferred catch-up net) received=106 localBefore=105 role=guest -> WILL DEFER to 106 (folds in at next advance if still ahead)
[warn] [coop:interaction] CoopInteractionTurn.mergeRemote DEFER (remote=106, counter=105, pendingRemote=106) live counter UNCHANGED (folds in at next advance if still ahead)
[log] [coop:owner] ownerOf(counter=105) seat=1 -> owner=guest
[log] [coop:owner] ownerOf(counter=105) seat=1 -> owner=guest
[log] [coop:transport] recv host t=coopAck cls=op:global seq=212 handlers=1
[log] [coop:reward] market op WATCHER materialize retained choice=-1 terminal=true id=1827802517509761:1:SHOP_BUY:10500000
[log] [coop:interaction] interactionCounter() read -> 105 (role=guest)
[log] [coop:interaction] CoopInteractionTurn.advance INCREMENT (fromCounter=105) counter 105 -> 106
[log] [coop:interaction] advanceInteraction ADVANCED+BROADCAST (fromCounter=105) counter 105 -> 106 role=guest; send interaction screen=__turn__ choice=106
[log] [coop:interaction] SEND counter snapshot reason=advance choice=106 role=guest
[log] [coop:transport] send guest t=interaction screen=__turn__
[log] [coop:owner] ownerOf(counter=106) seat=0 -> owner=host
[log] [coop:owner] ownerOf(counter=106) seat=0 -> owner=host
[log] [coop:interaction] interactionCounter() read -> 106 (role=guest)
[log] [coop:reward] advance interaction from CONTINUATION commit (role=guest from=105 counter 105 -> 106)
[log] [coop:interaction] interactionCounter() read -> 106 (role=guest)
[log] [coop:transport] recv host t=interaction screen=__turn__ handlers=1
[log] [coop:rendezvous] RECV arrival point=xroads:90 -> BUFFER (no waiter yet) role=guest
[log] [coop:interaction] interactionCounter() read -> 106 (role=guest)
[log] [coop:owner] ownerOf(counter=106) seat=0 -> owner=host
[log] [coop:owner] isLocalOwnerAtCounter(pinnedCounter=106) parity=0 owner=host role=guest -> false
[log] [coop:rendezvous] crossroads boundary barrier RENDEZVOUS xroads:90 (#858)
[log] [coop:rendezvous] ARRIVE point=xroads:90 (send) role=guest
[log] [coop:transport] send guest t=rendezvous point=xroads:90
[log] [coop:rendezvous] AWAIT point=xroads:90 -> partner already arrived (buffer-hit) role=guest
[log] [coop:transport] recv host t=rendezvous point=xroads:90 handlers=1
[log] [coop:interaction] interactionCounter() read -> 106 (role=guest)
[log] [coop:owner] ownerOf(counter=106) seat=0 -> owner=host
[log] [coop:owner] isLocalOwnerAtCounter(pinnedCounter=106) parity=0 owner=host role=guest -> false
[log] [coop:reward] crossroads owner/watcher decision: pinnedStart=106 role=guest spoof=false -> WATCHER (#848)
[log] [coop:interaction] uiMirror beginSession role=watcher mode=15 seq=9600106 early=0
[log] [coop:transport] send guest t=coopAck cls=op:global seq=211
[log] [coop:transport] recv host t=coopAck cls=op:global seq=211 handlers=1
[log] [coop:rendezvous] RECV arrival point=xroads:90 -> DUPLICATE (already seen) role=guest
[log] [coop:interaction] interactionCounter() read -> 106 (role=guest)
[log] [coop:owner] ownerOf(counter=106) seat=0 -> owner=host
[log] [coop:owner] isLocalOwnerAtCounter(pinnedCounter=106) parity=0 owner=host role=guest -> false
[log] [coop:interaction] uiMirror WATCHER apply n=0 button=1 mode=15
[log] [coop:relay] DELIVER interactionChoice seq=9600106 -> BUFFER inbox depth=1 kind=crossroads choice=1 data=-
[log] [coop:reward] biome op JOURNAL apply id=1827802517509761:0:CROSSROADS_PICK:9600106 rev=213 (Wave-2e/W2e-R)
[log] [coop:transport] send guest t=coopAck cls=op:global seq=213
[log] [coop:relay] DELIVER interactionChoice seq=9600106 -> BUFFER inbox depth=2 kind=crossroads choice=1 data=-
[log] [coop:transport] recv host t=coopAck cls=op:global seq=213 handlers=1
[log] [coop:reward] biome op WATCHER materialize JOURNAL choice kind=CROSSROADS_PICK id=1827802517509761:0:CROSSROADS_PICK:9600106
[log] [coop:reward] crossroads WATCHER: owner pick received moveOn=true pinnedStart=106 (#848)
[log] [coop:session] isCoopAuthoritativeGuestGated -> true (authoritative GUEST gates a structural mutation)
[log] [coop:v2-interaction] terminal proof recorded op=1827802517509761:0:CROSSROADS_PICK:9600106 role=guest seat=1 duplicate=0 ambient=1
[log] [coop:interaction] interactionCounter() read -> 106 (role=guest)
[log] [coop:owner] ownerOf(counter=106) seat=0 -> owner=host
[log] [coop:owner] isLocalOwnerAtCounter(pinnedCounter=106) parity=0 owner=host role=guest -> false
[log] [coop:session] isCoopAuthoritativeGuestGated -> true (authoritative GUEST gates a structural mutation)
[log] [coop:owner] ownerOf(counter=106) seat=0 -> owner=host
[log] [coop:owner] isLocalOwnerAtCounter(pinnedCounter=106) parity=0 owner=host role=guest -> false
[log] [coop:session] isCoopAuthoritativeGuestGated -> true (authoritative GUEST gates a structural mutation)
[log] [coop:owner] ownerOf(counter=106) seat=0 -> owner=host
[log] [coop:owner] isLocalOwnerAtCounter(pinnedCounter=106) parity=0 owner=host role=guest -> false
[log] [coop:reward] biome pick owner/watcher decision: pinnedStart=106 role=guest spoof=false chained=true -> WATCHER (#848)
[log] [coop:interaction] uiMirror beginSession role=watcher mode=54 seq=9700106 early=0
[log] [coop:transport] send guest t=coopAck cls=op:global seq=211
[log] [coop:transport] recv host t=coopAck cls=op:global seq=211 handlers=1
[log] [coop:relay] DELIVER interactionChoice seq=9700106 -> BUFFER inbox depth=1 kind=biomePick choice=0 data=[22]
[log] [coop:relay] DELIVER interactionChoice seq=9700106 -> BUFFER inbox depth=2 kind=biomePick choice=0 data=[22]
[log] [coop:reward] biome op JOURNAL apply id=1827802517509761:0:BIOME_PICK:9700106 rev=214 (Wave-2e/W2e-R)
[log] [coop:transport] send guest t=coopAck cls=op:global seq=214
[log] [coop:interaction] RECV interaction broadcast (deferred catch-up net) received=107 localBefore=106 role=guest -> WILL DEFER to 107 (folds in at next advance if still ahead)
[warn] [coop:interaction] CoopInteractionTurn.mergeRemote DEFER (remote=107, counter=106, pendingRemote=107) live counter UNCHANGED (folds in at next advance if still ahead)
[log] [coop:owner] ownerOf(counter=106) seat=0 -> owner=host
[log] [coop:owner] ownerOf(counter=106) seat=0 -> owner=host
[log] [coop:reward] biome op WATCHER materialize JOURNAL choice kind=BIOME_PICK id=1827802517509761:0:BIOME_PICK:9700106
[log] [coop:session] isCoopAuthoritativeGuestGated -> true (authoritative GUEST gates a structural mutation)
[log] [coop:reward] biome pick WATCHER: owner biome=undefined received pinnedStart=106 (#848)
[log] [coop:transport] recv host t=coopAck cls=op:global seq=214 handlers=1
[log] [coop:session] isCoopAuthoritativeGuestGated -> true (authoritative GUEST gates a structural mutation)
[log] [coop:interaction] interactionCounter() read -> 106 (role=guest)
[log] [coop:interaction] CoopInteractionTurn.advance INCREMENT (fromCounter=106) counter 106 -> 107
[log] [coop:interaction] advanceInteraction ADVANCED+BROADCAST (fromCounter=106) counter 106 -> 107 role=guest; send interaction screen=__turn__ choice=107
[log] [coop:interaction] SEND counter snapshot reason=advance choice=107 role=guest
[log] [coop:transport] send guest t=interaction screen=__turn__
[log] [coop:owner] ownerOf(counter=107) seat=1 -> owner=guest
[log] [coop:owner] ownerOf(counter=107) seat=1 -> owner=guest
[log] [coop:interaction] interactionCounter() read -> 107 (role=guest)
[log] [coop:reward] advance interaction from CONTINUATION commit (role=guest from=106 counter 106 -> 107)
[log] [coop:interaction] interactionCounter() read -> 107 (role=guest)
[log] [coop:v2-interaction] terminal proof recorded op=1827802517509761:0:BIOME_PICK:9700106 role=guest seat=1 duplicate=0 ambient=1
[log] [coop:transport] recv host t=interaction screen=__turn__ handlers=1
[log] [coop:interaction] interactionCounter() read -> 107 (role=guest)
[log] [coop:replay] guest RECV enemyPartySync wave=91 count=2 -> buffered (no waiter)
[log] [coop:replay] guest RECV entry presentation wave=91 stateTick=849 events=13 buffered
[log] [coop:replay] guest RECV enemyPartySync wave=91 count=2 -> buffered (no waiter)
[log] [coop:rendezvous] RECV arrival point=cmd:91:1 -> BUFFER (no waiter yet) role=guest
[log] [coop:session] isCoopAuthoritativeGuestGated -> true (authoritative GUEST gates a structural mutation)
[log] [coop:battletype] wave=91 HOST verdict: WILD - adopting (#867)
[log] [coop:me] wave=91 HOST verdict: NO ME - local presence roll suppressed (#862)
[log] [coop:session] isCoopAuthoritativeGuestGated -> true (authoritative GUEST gates a structural mutation)
[log] [coop:session] isCoopAuthoritativeGuestGated -> true (authoritative GUEST gates a structural mutation)
[log] [coop:stream] guest consumeEnemyParty wave=91 -> 2 enemies
[log] [coop:enemy] buildCoopEnemy ADOPT trainerSlot=0 species=202 form=0 lv=61 abilityIdx=0 nature=0 gender=0 shiny=false tera=0:13 hp=321/321 moves=2 heldItems=2
[log] [coop:enemy] buildCoopEnemy ADOPT trainerSlot=0 species=178 form=0 lv=63 abilityIdx=1 nature=0 gender=1 shiny=false tera=0:2 hp=195/195 moves=4 heldItems=2
[log] [coop:adopt] erMoneyStreaks host entries=0 -> restored (#837/#348)
[log] [coop:adopt] biomeOverstayAnchor host=null -> restored (#837/#504)
[log] [coop:adopt] erBiomeStructure host length=24 startWave=91 -> restored (#841 item 5)
[log] [coop:adopt] erRelicBattleState host wave=91 -> restored (#837)
[log] [coop:adopt] erMapState host nodes=2 travelTarget=- fragments=0 -> restored (#865/#841 item 1)
[log] [coop:adopt] erPendingNodes host count=5 revealed=2 -> restored (#865)
[log] [coop:resync] guest apply authoritativeState tick=849 wave=91 turn=1 party=6/2 field=4
[log] [coop:resync] presentation settle boundary=resync-stable side=player desired=visible ids=[178671748,1930538543] changed=0 phase=NewBiomeEncounterPhase
[log] [coop:resync] presentation settle boundary=resync-stable side=enemy desired=visible ids=[3586963388,2190467860] changed=2 phase=NewBiomeEncounterPhase
[log] [coop:resync] render differ: newly presented id=3586963388 key=pkmn__202 -> load atlas
[log] [coop:resync] render differ: newly presented id=2190467860 key=pkmn__female__178 -> load atlas
[log] [coop:resync] presentation settle boundary=launch-ready side=player desired=visible ids=[178671748,1930538543] changed=0 phase=NewBiomeEncounterPhase
[log] [coop:resync] presentation settle boundary=encounter-summon side=enemy desired=visible ids=[3586963388,2190467860] changed=0 phase=NewBiomeEncounterPhase
[log] [coop:resync] presentation settle boundary=encounter-summon side=enemy desired=visible ids=[3586963388,2190467860] changed=0 phase=NewBiomeEncounterPhase
[log] [coop:session] isCoopAuthoritativeGuestGated -> true (authoritative GUEST gates a structural mutation)
[log] [coop:session] isCoopAuthoritativeGuestGated -> true (authoritative GUEST gates a structural mutation)
[log] [coop:session] isCoopAuthoritativeGuestGated -> true (authoritative GUEST gates a structural mutation)
[log] [coop:session] isCoopAuthoritativeGuestGated -> true (authoritative GUEST gates a structural mutation)
[log] [coop:session] isCoopAuthoritativeGuestGated -> true (authoritative GUEST gates a structural mutation)
[log] [coop:session] isCoopAuthoritativeGuestGated -> true (authoritative GUEST gates a structural mutation)
[log] [coop:replay] guest replay turn=1: awaiting retained entry presentation
[warn] [coop:resync] authoritativeState tick=849 STALE (lastApplied=849) -> REJECTED (#807)
[log] [coop:adopt] erMoneyStreaks host entries=0 -> restored (#837/#348)
[log] [coop:adopt] biomeOverstayAnchor host=null -> restored (#837/#504)
[log] [coop:adopt] erBiomeStructure host length=24 startWave=91 -> restored (#841 item 5)
[log] [coop:adopt] erRelicBattleState host wave=91 -> restored (#837)
[log] [coop:adopt] erMapState host nodes=2 travelTarget=- fragments=0 -> restored (#865/#841 item 1)
[log] [coop:adopt] erPendingNodes host count=5 revealed=2 -> restored (#865)
[log] [coop:resync] guest reassert authoritativeState tick=849 wave=91 turn=1 party=6/2 field=4
[log] [coop:resync] presentation settle boundary=resync-stable side=player desired=visible ids=[178671748,1930538543] changed=0 phase=CoopReplayTurnPhase
[log] [coop:resync] presentation settle boundary=resync-stable side=enemy desired=visible ids=[3586963388,2190467860] changed=0 phase=CoopReplayTurnPhase
[log] [coop:replay] guest replay turn=1: rendering 13 event(s)
[log] [coop:replay] guest replay turn=1: present k=showAbility
[log] [coop:session] isCoopAuthoritativeGuestGated -> true (authoritative GUEST gates a structural mutation)
[log] [coop:replay] guest replay turn=1: present k=message
[log] [coop:turn] host recorder: append turn=1 seq=13 k=message total=14 live=true
[log] [coop:replay] guest replay turn=1: present k=statStage
[log] [coop:session] isCoopAuthoritativeGuestGated -> true (authoritative GUEST gates a structural mutation)
[log] [coop:replay] guest replay turn=1: present k=message
[log] [coop:turn] host recorder: append turn=1 seq=14 k=message total=15 live=true
[log] [coop:replay] guest replay turn=1: present k=statStage
[log] [coop:session] isCoopAuthoritativeGuestGated -> true (authoritative GUEST gates a structural mutation)
[log] [coop:replay] guest replay turn=1: present k=message
[log] [coop:turn] host recorder: append turn=1 seq=15 k=message total=16 live=true
[log] [coop:replay] guest replay turn=1: present k=statStage
[log] [coop:session] isCoopAuthoritativeGuestGated -> true (authoritative GUEST gates a structural mutation)
[log] [coop:replay] guest replay turn=1: present k=message
[log] [coop:turn] host recorder: append turn=1 seq=16 k=message total=17 live=true
[log] [coop:replay] guest replay turn=1: present k=statStage
[log] [coop:session] isCoopAuthoritativeGuestGated -> true (authoritative GUEST gates a structural mutation)
[log] [coop:replay] guest replay turn=1: present k=showAbility
[log] [coop:session] isCoopAuthoritativeGuestGated -> true (authoritative GUEST gates a structural mutation)
[log] [coop:replay] guest replay turn=1: present k=moveUsed
[log] [coop:turn] host recorder: append turn=1 seq=17 k=message total=18 live=true
[log] [coop:session] isCoopAuthoritativeGuestGated -> true (authoritative GUEST gates a structural mutation)
[log] [coop:replay] guest replay turn=1: present k=message
[log] [coop:turn] host recorder: append turn=1 seq=18 k=message total=19 live=true
[log] [coop:replay] guest replay turn=1: present k=showAbility
[log] [coop:session] isCoopAuthoritativeGuestGated -> true (authoritative GUEST gates a structural mutation)
[log] [coop:replay] guest replay turn=1: rendered phases [showAbility=3 message=5 statStage=4 moveUsed=1]
[log] [coop:replay] guest replay turn=1: retained entry presentation queued stateTick=849 events=13; awaiting exact outcome proof
[log] [coop:session] isCoopAuthoritativeGuestGated -> true (authoritative GUEST gates a structural mutation)
[log] [coop:session] isCoopAuthoritativeGuestGated -> true (authoritative GUEST gates a structural mutation)
[log] [coop:session] isCoopAuthoritativeGuestGated -> true (authoritative GUEST gates a structural mutation)
[log] [coop:replay] present statStage bi=3 stat=1 -> -1
[log] [coop:replay] present statStage bi=3 stat=1 set to -1 NO tween (delta=0 anims=false)
[log] [coop:replay] present statStage bi=3 stat=3 -> -1
[log] [coop:replay] present statStage bi=3 stat=3 set to -1 NO tween (delta=0 anims=false)
[log] [coop:replay] present statStage bi=2 stat=1 -> -1
[log] [coop:replay] present statStage bi=2 stat=1 set to -1 NO tween (delta=0 anims=false)
[log] [coop:replay] present statStage bi=2 stat=3 -> -1
[log] [coop:replay] present statStage bi=2 stat=3 set to -1 NO tween (delta=0 anims=false)
[log] [coop:session] isCoopAuthoritativeGuestGated -> true (authoritative GUEST gates a structural mutation)
[log] [coop:session] isCoopAuthoritativeGuestGated -> true (authoritative GUEST gates a structural mutation)
[log] [coop:replay] present move bi=3 moveId=9500 targets=1
[log] [coop:session] isCoopAuthoritativeGuestGated -> true (authoritative GUEST gates a structural mutation)
[log] [coop:session] isCoopAuthoritativeGuestGated -> true (authoritative GUEST gates a structural mutation)
[log] [coop:replay] guest entry presentation PROVED wave=91 turn=1 events=13
[log] [coop:stream] guest consumeEnemyParty wave=91 -> null (buffered=none)
[log] [coop:battle] CommandPhase slot=0 turn=1 owner=host role=guest -> partner path
[log] [coop:stream] guest consumeEnemyParty wave=91 -> null (buffered=none)
[log] [coop:rendezvous] ARRIVE point=cmd:91:1 (send) role=guest
[log] [coop:transport] send guest t=rendezvous point=cmd:91:1
[log] [coop:rendezvous] next-command barrier cmd:91:1 SYNC pass (partner already arrived)
[log] [coop:stream] guest consumeEnemyParty wave=91 -> null (buffered=none)
[log] [coop:transport] send guest t=coopAck cls=op:global seq=212
[log] [coop:transport] send guest t=coopAck cls=op:global seq=212
[log] [coop:transport] send guest t=coopAck cls=op:global seq=213
[log] [coop:transport] send guest t=coopAck cls=op:global seq=213
[log] [coop:transport] send guest t=coopAck cls=op:global seq=214
[log] [coop:transport] send guest t=coopAck cls=op:global seq=214
[log] [coop:transport] recv host t=rendezvous point=cmd:91:1 handlers=1
[log] [coop:transport] recv host t=coopAck cls=op:global seq=212 handlers=1
[log] [coop:transport] recv host t=coopAck cls=op:global seq=212 handlers=1
[log] [coop:transport] recv host t=coopAck cls=op:global seq=213 handlers=1
[log] [coop:transport] recv host t=coopAck cls=op:global seq=213 handlers=1
[log] [coop:transport] recv host t=coopAck cls=op:global seq=214 handlers=1
[log] [coop:transport] recv host t=coopAck cls=op:global seq=214 handlers=1
[log] [coop:rendezvous] RECV arrival point=cmd:91:1 -> DUPLICATE (already seen) role=guest
[log] [coop:replay] guest IGNORE duplicate consumed entry presentation wave=91
[log] [coop:replay] guest RECV enemyPartySync wave=91 count=2 -> buffered (no waiter)
[log] [coop:interaction] interactionCounter() read -> 107 (role=guest)
[log] [coop:checksum] capture digest=1888e2aca6c3b454 field=4 biome=22 seed=coop-soak-20260725 weather=0 terrain=0 money=17160 party=[493,384,890,150,382,888] partyLevels=[500,500,500,500,500,500] arenaTags=0 modifiers=6 heldItemsDigest=4 pokeballs=[0:95,1:10,2:0,3:0,4:0] mons=[bi0:sp493/hp1865-1865/st0/ab121/form0/tera0:0/boss0:0 bi1:sp384/hp1715-1715/st0/ab5144/form0/tera0:15/boss0:0 bi2:sp202/hp321-321/st0/ab98/form0/tera0:13/boss0:0 bi3:sp178/hp195-195/st0/ab5043/form0/tera0:2/boss0:0]
[log] [coop:interaction] interactionCounter() read -> 107 (role=guest)
[log] [coop:replay] guest IGNORE duplicate consumed entry presentation wave=91
[log] [coop:replay] guest RECV enemyPartySync wave=91 count=2 -> buffered (no waiter)
[log] [coop:replay] guest RECV turnResolution e=1827802517509761 wave=91 turn=1 events=29 checksum=738d8f904302925e -> buffered (no waiter)
[log] [coop:replay] guest RECV waveResolved wave=91 outcome=win transition=WAVE_VICTORY/next92/biome0/egg1/wild
[log] [coop:runtime] recv waveResolved wave=91 outcome=win role=guest netcode=authoritative
[log] [coop:runtime] ignore raw waveResolved for correctness wave=91 outcome=win; awaiting retained transaction
[log] [coop:session] isCoopAuthoritativeGuestGated -> true (authoritative GUEST gates a structural mutation)
[log] [coop:replay] guest replay turn=1: live pump start mode=turn
[log] [coop:replay] guest replay turn=1: advance local watermark 0->13
[log] [coop:session] isCoopAuthoritativeGuestGated -> true (authoritative GUEST gates a structural mutation)
[log] [coop:transport] send guest t=requestTurnCommit e=1827802517509761 wave=91 turn=1 rev=pending
[log] [coop:transport] send guest t=requestTurnCommit e=1827802517509761 wave=91 turn=1 rev=853
[log] [coop:replay] guest awaitTurn turn=1 RESOLVE (buffered race) events=29
[log] [coop:transport] recv host t=requestTurnCommit e=1827802517509761 wave=91 turn=1 rev=pending handlers=1
[log] [coop:transport] send host t=turnResolution e=1827802517509761 wave=91 turn=1 rev=853 events=29 checksum=738d8f904302925e
[log] [coop:transport] recv host t=requestTurnCommit e=1827802517509761 wave=91 turn=1 rev=853 handlers=1
[log] [coop:transport] send host t=turnResolution e=1827802517509761 wave=91 turn=1 rev=853 events=29 checksum=738d8f904302925e
[log] [coop:transport] recv guest t=turnResolution e=1827802517509761 wave=91 turn=1 rev=853 events=29 checksum=738d8f904302925e handlers=1
[log] [coop:transport] recv guest t=turnResolution e=1827802517509761 wave=91 turn=1 rev=853 events=29 checksum=738d8f904302925e handlers=1
[log] [coop:replay] guest consume live events turn=1 count=0
[log] [coop:replay] guest replay turn=1: RESOLVE renderedLive=13 remaining=16 batch=29
[log] [coop:replay] guest replay turn=1: rendering 16 event(s)
[log] [coop:replay] guest replay turn=1: present k=message
[log] [coop:replay] guest replay turn=1: present k=message
[log] [coop:replay] guest replay turn=1: present k=message
[log] [coop:replay] guest replay turn=1: present k=message
[log] [coop:replay] guest replay turn=1: present k=message
[log] [coop:replay] guest replay turn=1: present k=message
[log] [coop:replay] guest replay turn=1: present k=moveUsed
[log] [coop:session] isCoopAuthoritativeGuestGated -> true (authoritative GUEST gates a structural mutation)
[log] [coop:replay] guest replay turn=1: present k=hp
[log] [coop:session] isCoopAuthoritativeGuestGated -> true (authoritative GUEST gates a structural mutation)
[log] [coop:replay] guest replay turn=1: present k=faint
[log] [coop:session] isCoopAuthoritativeGuestGated -> true (authoritative GUEST gates a structural mutation)
[log] [coop:replay] guest replay turn=1: present k=message
[log] [coop:replay] guest replay turn=1: present k=hp
[log] [coop:session] isCoopAuthoritativeGuestGated -> true (authoritative GUEST gates a structural mutation)
[log] [coop:replay] guest replay turn=1: present k=showAbility
[log] [coop:session] isCoopAuthoritativeGuestGated -> true (authoritative GUEST gates a structural mutation)
[log] [coop:replay] guest replay turn=1: present k=moveUsed
[log] [coop:session] isCoopAuthoritativeGuestGated -> true (authoritative GUEST gates a structural mutation)
[log] [coop:replay] guest replay turn=1: present k=hp
[log] [coop:session] isCoopAuthoritativeGuestGated -> true (authoritative GUEST gates a structural mutation)
[log] [coop:replay] guest replay turn=1: present k=faint
[log] [coop:session] isCoopAuthoritativeGuestGated -> true (authoritative GUEST gates a structural mutation)
[log] [coop:replay] guest replay turn=1: present k=message
[log] [coop:replay] guest replay turn=1: rendered phases [message=8 moveUsed=2 hp=3 faint=2 showAbility=1]
[log] [coop:replay] guest replay turn=1: unshift CoopFinalizeTurnPhase (checkpoint apply deferred)
[log] [coop:session] isCoopAuthoritativeGuestGated -> true (authoritative GUEST gates a structural mutation)
[log] [coop:stream] guest IGNORE idempotent turn duplicate e=1827802517509761 wave=91 turn=1 rev=853
[log] [coop:stream] guest IGNORE idempotent turn duplicate e=1827802517509761 wave=91 turn=1 rev=853
[log] [coop:replay] present move bi=0 moveId=53 targets=1
[log] [coop:replay] present hp bi=2 321->0/321
[log] [coop:replay] present faint bi=2 narrate=true
[log] [coop:replay] present hp bi=0 1865->1544/1865
[log] [coop:session] isCoopAuthoritativeGuestGated -> true (authoritative GUEST gates a structural mutation)
[log] [coop:session] isCoopAuthoritativeGuestGated -> true (authoritative GUEST gates a structural mutation)
[log] [coop:replay] present move bi=1 moveId=34 targets=1
[log] [coop:replay] present hp bi=3 195->0/195
[log] [coop:replay] present faint bi=3 narrate=true
[log] [coop:checkpoint] guest apply field=4 weather=0 terrain=0 arenaTags=0
[log] [coop:session] isCoopAuthoritativeGuestGated -> true (authoritative GUEST gates a structural mutation)
[log] [coop:adopt] erMoneyStreaks host entries=0 -> restored (#837/#348)
[log] [coop:adopt] biomeOverstayAnchor host=null -> restored (#837/#504)
[log] [coop:adopt] erBiomeStructure host length=24 startWave=91 -> restored (#841 item 5)
[log] [coop:adopt] erRelicBattleState host wave=91 -> restored (#837)
[log] [coop:adopt] erMapState host nodes=2 travelTarget=- fragments=0 -> restored (#865/#841 item 1)
[log] [coop:adopt] erPendingNodes host count=5 revealed=2 -> restored (#865)
[log] [coop:resync] guest apply authoritativeState tick=853 wave=91 turn=1 party=6/2 field=4
[log] [coop:resync] presentation settle boundary=resync-stable side=player desired=visible ids=[178671748,1930538543] changed=0 phase=CoopFinalizeTurnPhase
[log] [coop:resync] presentation settle boundary=wave-start-pre-intro side=enemy desired=visible ids=[] changed=0 phase=CoopFinalizeTurnPhase
[warn] [coop:heal] heldItems monId=3586963388 bi=2 removed=[BASE_STAT_BOOSTER] added=[BASE_STAT_BOOSTER] -> applied
[warn] [coop:heal] heldItems bi=2 host=[BASE_STAT_BOOSTER] -> applied (rewrote to host set)
[log] [coop:interaction] interactionCounter() read -> 107 (role=guest)
[log] [coop:checksum] capture digest=738d8f904302925e field=4 biome=22 seed=coop-soak-20260725 weather=0 terrain=0 money=17160 party=[493,384,890,150,382,888] partyLevels=[500,500,500,500,500,500] arenaTags=0 modifiers=6 heldItemsDigest=0 pokeballs=[0:95,1:10,2:0,3:0,4:0] mons=[bi0:sp493/hp1544-1865/st0/ab121/form0/tera0:0/boss0:0 bi1:sp384/hp1715-1715/st0/ab5144/form0/tera0:15/boss0:0 bi2:sp202/hp0-321/st7/ab98/form0/tera0:13/boss0:0 bi3:sp178/hp0-195/st7/ab5043/form0/tera0:2/boss0:0]
[log] [coop:transport] send guest t=turnCommitAck e=1827802517509761 wave=91 turn=1 rev=853 stage=materialApplied checksum=738d8f904302925e
[log] [coop:stream] guest ACK turn stage=materialApplied e=1827802517509761 wave=91 turn=1 rev=853
[log] [coop:checksum] guest finalize materialApplied e=1827802517509761 wave=91 turn=1 rev=853
[log] [coop:transport] recv host t=turnCommitAck e=1827802517509761 wave=91 turn=1 rev=853 stage=materialApplied checksum=738d8f904302925e handlers=1
[log] [coop:stream] host ACCEPT turn ACK stage=materialApplied key=1827802517509761:91:1:853
[log] [coop:transport] send guest t=turnCommitAck e=1827802517509761 wave=91 turn=1 rev=853 stage=presentationReady checksum=738d8f904302925e
[log] [coop:stream] guest ACK turn stage=presentationReady e=1827802517509761 wave=91 turn=1 rev=853
[log] [coop:checksum] guest finalize presentationReady e=1827802517509761 wave=91 turn=1 rev=853
[log] [coop:replay] guest finalize turn=1: END (checkpoint applied, turn-end queued)
[log] [coop:transport] recv host t=turnCommitAck e=1827802517509761 wave=91 turn=1 rev=853 stage=presentationReady checksum=738d8f904302925e handlers=1
[log] [coop:stream] host ACCEPT turn ACK stage=presentationReady key=1827802517509761:91:1:853
[log] [coop:stream] guest admitted WAVE_ADVANCE continuation e=1827802517509761 wave=91
[log] [coop:runtime] wave-advance JOURNAL bootstrap wave=91 outcome=win (ACK withheld)
[log] [coop:runtime] wave-advance JOURNAL queued safe-boundary wake wave=91 unparkedReplay=0
[log] [coop:runtime] wave-advance op JOURNAL cursor-advanced id=1827802517509761:0:WAVE_ADVANCE:91 rev=215 dataApplied=false continuationReady=false (DATA applies at BattleEnd; retained ACK awaits DATA + destination continuation)
[log] [coop:transport] send guest t=coopAck cls=op:global seq=215
[log] [coop:replay] guest RECV waveEndState wave=91 tick=854
[log] [coop:runtime] ignore raw waveEndState for correctness wave=91 tick=854
[log] [coop:relay] RECV rewardOptions key=107:0 -> BUFFER rewardOptionsInbox (latest-wins) count=4
[log] [coop:rendezvous] RECV arrival point=shop:91:107 -> BUFFER (no waiter yet) role=guest
[log] [coop:transport] recv host t=coopAck cls=op:global seq=215 handlers=1
[log] [coop:session] isCoopAuthoritativeGuestGated -> true (authoritative GUEST gates a structural mutation)
[log] [coop:session] isCoopAuthoritativeGuestGated -> true (authoritative GUEST gates a structural mutation)
[log] [coop:session] isCoopAuthoritativeGuestGated -> true (authoritative GUEST gates a structural mutation)
[log] [coop:session] isCoopAuthoritativeGuestGated -> true (authoritative GUEST gates a structural mutation)
[log] [coop:session] isCoopAuthoritativeGuestGated -> true (authoritative GUEST gates a structural mutation)
[log] [coop:runtime] consume wave-advance wave=91 outcome=win transition=WAVE_VICTORY/next92/biome0/egg1/wild (lastResolved 90 -> 91)
[log] [coop:replay] guest wave-advance outcome=win wave=91 next=WAVE_VICTORY/wave92 biomeChange=false eggLapse=true victoryKind=wild battleType=WILD queues=VictoryPhase (host-stated)
[warn] [coop:replay] guest wave-advance wave=91: replacing speculative future queue [CommandPhase,CommandPhase,TurnStartPhase]
[log] [coop:session] isCoopAuthoritativeGuestGated -> true (authoritative GUEST gates a structural mutation)
[log] [coop:progression] GUEST applyPartyExp SKIP wave=91 koMon=Xatu (awaiting host waveEndState)
[log] [coop-diag] VictoryPhase win-branch role=guest battleType=WILD queuesTrainerVictory=false queuesSelectModifier=true wave=91
[log] [coop:session] isCoopAuthoritativeGuestGated -> true (authoritative GUEST gates a structural mutation)
[log] [coop:session] isCoopAuthoritativeGuestGated -> true (authoritative GUEST gates a structural mutation)
[log] [coop-diag] VictoryTail role=guest wave=91 source=host-stated trainer=false egg=true biomeShop=false biomeChange=false crossroads=false nextWave=92
[log] [coop:session] isCoopAuthoritativeGuestGated -> true (authoritative GUEST gates a structural mutation)
[log] [coop:session] isCoopAuthoritativeGuestGated -> true (authoritative GUEST gates a structural mutation)
[log] [coop:session] isCoopAuthoritativeGuestGated -> true (authoritative GUEST gates a structural mutation)
[log] [coop:adopt] erMoneyStreaks host entries=0 -> restored (#837/#348)
[log] [coop:adopt] biomeOverstayAnchor host=null -> restored (#837/#504)
[log] [coop:adopt] erBiomeStructure host length=24 startWave=91 -> restored (#841 item 5)
[log] [coop:adopt] erRelicBattleState host wave=91 -> restored (#837)
[log] [coop:adopt] erMapState host nodes=2 travelTarget=- fragments=0 -> restored (#865/#841 item 1)
[log] [coop:adopt] erPendingNodes host count=5 revealed=2 -> restored (#865)
[log] [coop:resync] guest apply authoritativeState tick=854 wave=91 turn=2 party=6/2 field=4
[log] [coop:resync] presentation settle boundary=resync-stable side=player desired=visible ids=[178671748,1930538543] changed=0 phase=BattleEndPhase
[log] [coop:resync] presentation settle boundary=wave-start-pre-intro side=enemy desired=visible ids=[] changed=0 phase=BattleEndPhase
[log] [coop:runtime] wave-advance retained DATA boundary admitted wave=91
[log] [coop:progression] retained WAVE_ADVANCE DATA applied wave=91 tick=854
[log] [coop:progression] GUEST retained WAVE_ADVANCE BattleEnd release wave=91
[log] [coop:progression] GUEST automatic victory settlement admitted wave=91 turn=2
[log] [coop:transport] recv guest t=envelope t=envelope handlers=1
[log] [coop:transport] send guest t=coopAck cls=op:global seq=215
[log] [coop:transport] recv host t=coopAck cls=op:global seq=215 handlers=1
[log] [coop:interaction] interactionCounter() read -> 107 (role=guest)
[log] [coop:checksum] capture digest=738d8f904302925e field=4 biome=22 seed=coop-soak-20260725 weather=0 terrain=0 money=17160 party=[493,384,890,150,382,888] partyLevels=[500,500,500,500,500,500] arenaTags=0 modifiers=6 heldItemsDigest=0 pokeballs=[0:95,1:10,2:0,3:0,4:0] mons=[bi0:sp493/hp1544-1865/st0/ab121/form0/tera0:0/boss0:0 bi1:sp384/hp1715-1715/st0/ab5144/form0/tera0:15/boss0:0 bi2:sp202/hp0-321/st7/ab98/form0/tera0:13/boss0:0 bi3:sp178/hp0-195/st7/ab5043/form0/tera0:2/boss0:0]
[log] [coop:interaction] interactionCounter() read -> 107 (role=guest)
[log] [coop:owner] ownerOf(counter=107) seat=1 -> owner=guest
[log] [coop:owner] isLocalOwnerAtCounter(pinnedCounter=107) parity=1 owner=guest role=guest -> true
[log] [coop:interaction] interactionCounter() read -> 107 (role=guest)
[log] [coop:reward] owner/watcher decision: pinnedStart=107 liveCounter=107 parity=1 role=guest pick=OWNER option=ADOPT spoof=false
[log] [coop:rendezvous] ARRIVE point=shop:91:107 (send) role=guest
[log] [coop:transport] send guest t=rendezvous point=shop:91:107
[log] [coop:reward] OWNER drives reward screen (start=107 role=guest spoof=false adoptsOptions=true wave=91)
[log] [coop:rendezvous] shop-pick-commit barrier AWAIT shop:91:107
[log] [coop:rendezvous] AWAIT point=shop:91:107 -> partner already arrived (buffer-hit) role=guest
[log] [coop:transport] recv host t=rendezvous point=shop:91:107 handlers=1
[log] [coop:reward] WATCHER awaiting owner reward options (start=107 reroll=0 localCount=0)
[log] [coop:relay] AWAIT rewardOptions key=107:0 timeoutMs=1200000 -> BUFFER-HIT resolve count=4
[log] [coop:shop] reconstructRewardOptions OK count=4 ids=[POTION,RARE_CANDY,BERRY,ULTRA_BALL]
[log] [coop:reward] WATCHER ADOPTED owner reward options (was=0 now=4 ids=[POTION,RARE_CANDY,BERRY,ULTRA_BALL])
[log] [coop:transport] send guest t=turnCommitAck e=1827802517509761 wave=91 turn=1 rev=853 stage=continuationReady checksum=738d8f904302925e
[log] [coop:stream] guest ACK turn stage=continuationReady e=1827802517509761 wave=91 turn=1 rev=853
[log] [coop:stream] guest continuation surface=sharedInput e=1827802517509761 wave=91 turn=2 waiting=1 released=1
[log] [coop:interaction] mirror begin role=owner mirrorSeq=6848 interactionStart=107 reroll=0
[log] [coop:interaction] uiMirror beginSession role=owner mode=6 seq=6848 early=0
[log] [coop:transport] recv host t=turnCommitAck e=1827802517509761 wave=91 turn=1 rev=853 stage=continuationReady checksum=738d8f904302925e handlers=1
[log] [coop:progression] retained WAVE_ADVANCE continuationReady wave=91
[log] [coop:transport] send guest t=coopAck cls=op:global seq=215
[log] [coop:transport] send guest t=coopAck cls=op:global seq=215
[log] [coop:transport] send guest t=coopAck cls=op:global seq=215
[log] [coop:transport] recv host t=coopAck cls=op:global seq=215 handlers=1
[log] [coop:transport] recv host t=coopAck cls=op:global seq=215 handlers=1
[log] [coop:transport] recv host t=coopAck cls=op:global seq=215 handlers=1
[log] [coop:owner] ownerOf(counter=107) seat=1 -> owner=guest
[log] [coop:owner] isLocalOwnerAtCounter(pinnedCounter=107) parity=1 owner=guest role=guest -> true
[log] [coop:owner] ownerOf(counter=107) seat=1 -> owner=guest
[log] [coop:owner] isLocalOwnerAtCounter(pinnedCounter=107) parity=1 owner=guest role=guest -> true
[log] [coop:relay] OWNER prepare seq=107 kind=reward choice=3 data=[0] role=guest
[log] [coop:reward] reward op INTENT prepared label=reward id=1827802517509761:1:REWARD:10700000
[log] [coop:relay] SEND interactionChoice seq=107 kind=reward kind=? choice=3 data=[0]
[log] [coop:transport] send guest t=interactionChoice seq=107 kind=reward choice=3
[warn] [coop:v2-shadow] FAULT tap(INTERACTION_COMMIT): AuthorityLog.commit: entry context is not bound to the local authority
[log] [coop:relay] AWAIT interactionChoice seq=107 timeoutMs=1200000 expected=[reward,shop,skip,reroll,check,transfer,lock] -> network-wait
[log] [coop:transport] recv host t=interactionChoice seq=107 kind=reward choice=3 handlers=1
[log] [coop:adopt] erMoneyStreaks host entries=0 -> restored (#837/#348)
[log] [coop:adopt] biomeOverstayAnchor host=null -> restored (#837/#504)
[log] [coop:adopt] erBiomeStructure host length=24 startWave=91 -> restored (#841 item 5)
[log] [coop:adopt] erRelicBattleState host wave=91 -> restored (#837)
[log] [coop:adopt] erMapState host nodes=2 travelTarget=- fragments=0 -> restored (#865/#841 item 1)
[log] [coop:adopt] erPendingNodes host count=5 revealed=2 -> restored (#865)
[log] [coop:resync] guest apply authoritativeState tick=855 wave=91 turn=2 party=6/2 field=4
[log] [coop:resync] presentation settle boundary=resync-stable side=player desired=visible ids=[178671748,1930538543] changed=0 phase=SelectModifierPhase
[log] [coop:resync] presentation settle boundary=wave-start-pre-intro side=enemy desired=visible ids=[] changed=0 phase=SelectModifierPhase
[log] [coop:relay] DELIVER interactionChoice seq=107 -> waiter kind=reward choice=3 data=[0]
[log] [coop:relay] AWAIT interactionChoice seq=107 RESOLVE kind=reward choice=3 data=[0]
[log] [coop:reward] shop authoritative RESULT applied-before-render kind=REWARD id=1827802517509761:1:REWARD:10700000 rev=216 tick=855
[log] [coop:transport] send guest t=coopAck cls=op:global seq=216
[log] [coop:interaction] RECV interaction broadcast (deferred catch-up net) received=108 localBefore=107 role=guest -> WILL DEFER to 108 (folds in at next advance if still ahead)
[warn] [coop:interaction] CoopInteractionTurn.mergeRemote DEFER (remote=108, counter=107, pendingRemote=108) live counter UNCHANGED (folds in at next advance if still ahead)
[log] [coop:owner] ownerOf(counter=107) seat=1 -> owner=guest
[log] [coop:owner] ownerOf(counter=107) seat=1 -> owner=guest
[log] [coop:reward] reward op WATCHER materialize retained choice=3 terminal=true id=1827802517509761:1:REWARD:10700000
[log] [coop:reward] WATCHER applying relayed action seq=107 act=REWARD choice=3 data=[0]
[log] [coop:transport] recv host t=coopAck cls=op:global seq=216 handlers=1
[log] [coop:v2-interaction] terminal proof recorded op=1827802517509761:1:REWARD:10700000 role=guest seat=1 duplicate=0 ambient=1
[log] [coop:v2-interaction] phase terminal proof op=1827802517509761:1:REWARD:10700000 route=constructor-fallback accepted=1
[log] [coop:interaction] interactionCounter() read -> 107 (role=guest)
[log] [coop:interaction] CoopInteractionTurn.advance INCREMENT (fromCounter=107) counter 107 -> 108
[log] [coop:interaction] advanceInteraction ADVANCED+BROADCAST (fromCounter=107) counter 107 -> 108 role=guest; send interaction screen=__turn__ choice=108
[log] [coop:interaction] SEND counter snapshot reason=advance choice=108 role=guest
[log] [coop:transport] send guest t=interaction screen=__turn__
[log] [coop:owner] ownerOf(counter=108) seat=0 -> owner=host
[log] [coop:owner] ownerOf(counter=108) seat=0 -> owner=host
[log] [coop:interaction] interactionCounter() read -> 108 (role=guest)
[log] [coop:reward] advance interaction (role=guest from=107 counter 107 -> 108)
[log] [coop:session] isCoopAuthoritativeGuestGated -> true (authoritative GUEST gates a structural mutation)
[log] [coop:transport] recv host t=interaction screen=__turn__ handlers=1
[log] [coop:replay] guest RECV enemyPartySync wave=92 count=2 -> buffered (no waiter)
[log] [coop:replay] guest RECV entry presentation wave=92 stateTick=857 events=6 buffered
[log] [coop:replay] guest RECV enemyPartySync wave=92 count=2 -> buffered (no waiter)
[log] [coop:rendezvous] RECV arrival point=cmd:92:1 -> BUFFER (no waiter yet) role=guest
[log] [coop:battletype] wave=92 HOST verdict: WILD - adopting (#867)
[log] [coop:me] wave=92 HOST verdict: NO ME - local presence roll suppressed (#862)
[log] [coop:session] isCoopAuthoritativeGuestGated -> true (authoritative GUEST gates a structural mutation)
[log] [coop:interaction] interactionCounter() read -> 108 (role=guest)
[log] [coop:stream] guest consumeEnemyParty wave=92 -> 2 enemies
[log] [coop:enemy] buildCoopEnemy ADOPT trainerSlot=0 species=959 form=0 lv=67 abilityIdx=0 nature=0 gender=1 shiny=false tera=0:17 hp=211/211 moves=4 heldItems=0
[log] [coop:enemy] buildCoopEnemy ADOPT trainerSlot=0 species=606 form=0 lv=62 abilityIdx=0 nature=0 gender=0 shiny=false tera=0:13 hp=192/192 moves=4 heldItems=1
[log] [coop:adopt] erMoneyStreaks host entries=0 -> restored (#837/#348)
[log] [coop:adopt] biomeOverstayAnchor host=null -> restored (#837/#504)
[log] [coop:adopt] erBiomeStructure host length=24 startWave=91 -> restored (#841 item 5)
[log] [coop:adopt] erRelicBattleState host wave=92 -> restored (#837)
[log] [coop:adopt] erMapState host nodes=2 travelTarget=- fragments=0 -> restored (#865/#841 item 1)
[log] [coop:adopt] erPendingNodes host count=5 revealed=2 -> restored (#865)
[log] [coop:resync] guest apply authoritativeState tick=857 wave=92 turn=1 party=6/2 field=4
[log] [coop:resync] presentation settle boundary=resync-stable side=player desired=visible ids=[178671748,1930538543] changed=0 phase=NextEncounterPhase
[log] [coop:resync] presentation settle boundary=resync-stable side=enemy desired=visible ids=[1456226561,4084050915] changed=2 phase=NextEncounterPhase
[log] [coop:resync] render differ: newly presented id=1456226561 key=pkmn__959 -> load atlas
[log] [coop:resync] render differ: newly presented id=4084050915 key=pkmn__606 -> load atlas
[log] [coop:resync] presentation settle boundary=launch-ready side=player desired=visible ids=[178671748,1930538543] changed=0 phase=NextEncounterPhase
[log] [coop:session] isCoopAuthoritativeGuestGated -> true (authoritative GUEST gates a structural mutation)
[log] [coop:session] isCoopAuthoritativeGuestGated -> true (authoritative GUEST gates a structural mutation)
[log] [coop:session] isCoopAuthoritativeGuestGated -> true (authoritative GUEST gates a structural mutation)
[log] [coop:session] isCoopAuthoritativeGuestGated -> true (authoritative GUEST gates a structural mutation)
[log] [coop:session] isCoopAuthoritativeGuestGated -> true (authoritative GUEST gates a structural mutation)
[log] [coop:session] isCoopAuthoritativeGuestGated -> true (authoritative GUEST gates a structural mutation)
[log] [coop:replay] guest replay turn=1: awaiting retained entry presentation
[warn] [coop:resync] authoritativeState tick=857 STALE (lastApplied=857) -> REJECTED (#807)
[log] [coop:adopt] erMoneyStreaks host entries=0 -> restored (#837/#348)
[log] [coop:adopt] biomeOverstayAnchor host=null -> restored (#837/#504)
[log] [coop:adopt] erBiomeStructure host length=24 startWave=91 -> restored (#841 item 5)
[log] [coop:adopt] erRelicBattleState host wave=92 -> restored (#837)
[log] [coop:adopt] erMapState host nodes=2 travelTarget=- fragments=0 -> restored (#865/#841 item 1)
[log] [coop:adopt] erPendingNodes host count=5 revealed=2 -> restored (#865)
[log] [coop:resync] guest reassert authoritativeState tick=857 wave=92 turn=1 party=6/2 field=4
[log] [coop:resync] presentation settle boundary=resync-stable side=player desired=visible ids=[178671748,1930538543] changed=0 phase=CoopReplayTurnPhase
[log] [coop:resync] presentation settle boundary=resync-stable side=enemy desired=visible ids=[1456226561,4084050915] changed=0 phase=CoopReplayTurnPhase
[log] [coop:replay] guest replay turn=1: rendering 6 event(s)
[log] [coop:replay] guest replay turn=1: present k=message
[log] [coop:turn] host recorder: append turn=1 seq=6 k=message total=7 live=true
[log] [coop:replay] guest replay turn=1: present k=showAbility
[log] [coop:session] isCoopAuthoritativeGuestGated -> true (authoritative GUEST gates a structural mutation)
[log] [coop:replay] guest replay turn=1: present k=message
[log] [coop:turn] host recorder: append turn=1 seq=7 k=message total=8 live=true
[log] [coop:replay] guest replay turn=1: present k=showAbility
[log] [coop:session] isCoopAuthoritativeGuestGated -> true (authoritative GUEST gates a structural mutation)
[log] [coop:replay] guest replay turn=1: present k=showAbility
[log] [coop:session] isCoopAuthoritativeGuestGated -> true (authoritative GUEST gates a structural mutation)
[log] [coop:replay] guest replay turn=1: present k=showAbility
[log] [coop:session] isCoopAuthoritativeGuestGated -> true (authoritative GUEST gates a structural mutation)
[log] [coop:replay] guest replay turn=1: rendered phases [message=2 showAbility=4]
[log] [coop:replay] guest replay turn=1: retained entry presentation queued stateTick=857 events=6; awaiting exact outcome proof
[log] [coop:session] isCoopAuthoritativeGuestGated -> true (authoritative GUEST gates a structural mutation)
[log] [coop:session] isCoopAuthoritativeGuestGated -> true (authoritative GUEST gates a structural mutation)
[log] [coop:session] isCoopAuthoritativeGuestGated -> true (authoritative GUEST gates a structural mutation)
[log] [coop:session] isCoopAuthoritativeGuestGated -> true (authoritative GUEST gates a structural mutation)
[log] [coop:session] isCoopAuthoritativeGuestGated -> true (authoritative GUEST gates a structural mutation)
[log] [coop:session] isCoopAuthoritativeGuestGated -> true (authoritative GUEST gates a structural mutation)
[log] [coop:session] isCoopAuthoritativeGuestGated -> true (authoritative GUEST gates a structural mutation)
[log] [coop:session] isCoopAuthoritativeGuestGated -> true (authoritative GUEST gates a structural mutation)
[log] [coop:session] isCoopAuthoritativeGuestGated -> true (authoritative GUEST gates a structural mutation)
[log] [coop:replay] guest entry presentation PROVED wave=92 turn=1 events=6
[log] [coop:stream] guest consumeEnemyParty wave=92 -> null (buffered=none)
[log] [coop:battle] CommandPhase slot=0 turn=1 owner=host role=guest -> partner path
[log] [coop:stream] guest consumeEnemyParty wave=92 -> null (buffered=none)
[log] [coop:rendezvous] ARRIVE point=cmd:92:1 (send) role=guest
[log] [coop:transport] send guest t=rendezvous point=cmd:92:1
[log] [coop:rendezvous] next-command barrier cmd:92:1 SYNC pass (partner already arrived)
[log] [coop:stream] guest consumeEnemyParty wave=92 -> null (buffered=none)
[log] [coop:transport] send guest t=coopAck cls=op:global seq=216
[log] [coop:transport] send guest t=coopAck cls=op:global seq=216
[log] [coop:transport] recv host t=rendezvous point=cmd:92:1 handlers=1
[log] [coop:transport] recv host t=coopAck cls=op:global seq=216 handlers=1
[log] [coop:transport] recv host t=coopAck cls=op:global seq=216 handlers=1
[log] [coop:rendezvous] RECV arrival point=cmd:92:1 -> DUPLICATE (already seen) role=guest
[log] [coop:replay] guest IGNORE duplicate consumed entry presentation wave=92
[log] [coop:replay] guest RECV enemyPartySync wave=92 count=2 -> buffered (no waiter)
[log] [coop:interaction] interactionCounter() read -> 108 (role=guest)
[log] [coop:checksum] capture digest=d627aa29420f3970 field=4 biome=22 seed=coop-soak-20260725 weather=0 terrain=0 money=17160 party=[493,384,890,150,382,888] partyLevels=[500,500,500,500,500,500] arenaTags=0 modifiers=6 heldItemsDigest=1 pokeballs=[0:95,1:10,2:5,3:0,4:0] mons=[bi0:sp493/hp1544-1865/st0/ab121/form0/tera0:0/boss0:0 bi1:sp384/hp1715-1715/st0/ab5144/form0/tera0:15/boss0:0 bi2:sp959/hp211-211/st0/ab252/form0/tera0:17/boss0:0 bi3:sp606/hp192-192/st0/ab110/form0/tera0:13/boss0:0]
[log] [coop:interaction] interactionCounter() read -> 108 (role=guest)
[log] [coop:replay] guest IGNORE duplicate consumed entry presentation wave=92
[log] [coop:replay] guest RECV enemyPartySync wave=92 count=2 -> buffered (no waiter)
[log] [coop:replay] guest RECV turnResolution e=1827802517509761 wave=92 turn=1 events=20 checksum=df9982b5c25c36b5 -> buffered (no waiter)
[log] [coop:replay] guest RECV waveResolved wave=92 outcome=win transition=WAVE_VICTORY/next93/biome0/egg1/wild
[log] [coop:runtime] recv waveResolved wave=92 outcome=win role=guest netcode=authoritative
[log] [coop:runtime] ignore raw waveResolved for correctness wave=92 outcome=win; awaiting retained transaction
[log] [coop:session] isCoopAuthoritativeGuestGated -> true (authoritative GUEST gates a structural mutation)
[log] [coop:replay] guest replay turn=1: live pump start mode=turn
[log] [coop:replay] guest replay turn=1: advance local watermark 0->6
[log] [coop:session] isCoopAuthoritativeGuestGated -> true (authoritative GUEST gates a structural mutation)
[log] [coop:transport] send guest t=requestTurnCommit e=1827802517509761 wave=92 turn=1 rev=pending
[log] [coop:transport] send guest t=requestTurnCommit e=1827802517509761 wave=92 turn=1 rev=861
[log] [coop:replay] guest awaitTurn turn=1 RESOLVE (buffered race) events=20
[log] [coop:transport] recv host t=requestTurnCommit e=1827802517509761 wave=92 turn=1 rev=pending handlers=1
[log] [coop:transport] send host t=turnResolution e=1827802517509761 wave=92 turn=1 rev=861 events=20 checksum=df9982b5c25c36b5
[log] [coop:transport] recv host t=requestTurnCommit e=1827802517509761 wave=92 turn=1 rev=861 handlers=1
[log] [coop:transport] send host t=turnResolution e=1827802517509761 wave=92 turn=1 rev=861 events=20 checksum=df9982b5c25c36b5
[log] [coop:transport] recv guest t=turnResolution e=1827802517509761 wave=92 turn=1 rev=861 events=20 checksum=df9982b5c25c36b5 handlers=1
[log] [coop:transport] recv guest t=turnResolution e=1827802517509761 wave=92 turn=1 rev=861 events=20 checksum=df9982b5c25c36b5 handlers=1
[log] [coop:replay] guest consume live events turn=1 count=0
[log] [coop:replay] guest replay turn=1: RESOLVE renderedLive=6 remaining=14 batch=20
[log] [coop:replay] guest replay turn=1: rendering 14 event(s)
[log] [coop:replay] guest replay turn=1: present k=message
[log] [coop:replay] guest replay turn=1: present k=message
[log] [coop:replay] guest replay turn=1: present k=moveUsed
[log] [coop:session] isCoopAuthoritativeGuestGated -> true (authoritative GUEST gates a structural mutation)
[log] [coop:replay] guest replay turn=1: present k=message
[log] [coop:replay] guest replay turn=1: present k=hp
[log] [coop:session] isCoopAuthoritativeGuestGated -> true (authoritative GUEST gates a structural mutation)
[log] [coop:replay] guest replay turn=1: present k=faint
[log] [coop:session] isCoopAuthoritativeGuestGated -> true (authoritative GUEST gates a structural mutation)
[log] [coop:replay] guest replay turn=1: present k=hp
[log] [coop:session] isCoopAuthoritativeGuestGated -> true (authoritative GUEST gates a structural mutation)
[log] [coop:replay] guest replay turn=1: present k=message
[log] [coop:replay] guest replay turn=1: present k=moveUsed
[log] [coop:session] isCoopAuthoritativeGuestGated -> true (authoritative GUEST gates a structural mutation)
[log] [coop:replay] guest replay turn=1: present k=message
[log] [coop:replay] guest replay turn=1: present k=hp
[log] [coop:session] isCoopAuthoritativeGuestGated -> true (authoritative GUEST gates a structural mutation)
[log] [coop:replay] guest replay turn=1: present k=faint
[log] [coop:session] isCoopAuthoritativeGuestGated -> true (authoritative GUEST gates a structural mutation)
[log] [coop:replay] guest replay turn=1: present k=hp
[log] [coop:session] isCoopAuthoritativeGuestGated -> true (authoritative GUEST gates a structural mutation)
[log] [coop:replay] guest replay turn=1: present k=message
[log] [coop:replay] guest replay turn=1: rendered phases [message=6 moveUsed=2 hp=4 faint=2]
[log] [coop:replay] guest replay turn=1: unshift CoopFinalizeTurnPhase (checkpoint apply deferred)
[log] [coop:session] isCoopAuthoritativeGuestGated -> true (authoritative GUEST gates a structural mutation)
[log] [coop:stream] guest IGNORE idempotent turn duplicate e=1827802517509761 wave=92 turn=1 rev=861
[log] [coop:stream] guest IGNORE idempotent turn duplicate e=1827802517509761 wave=92 turn=1 rev=861
[log] [coop:replay] present move bi=0 moveId=165 targets=1
[log] [coop:replay] present hp bi=3 192->0/192
[log] [coop:replay] present faint bi=3 narrate=true
[log] [coop:replay] present hp bi=0 1544->1078/1865
[log] [coop:replay] present move bi=1 moveId=165 targets=1
[log] [coop:replay] present hp bi=2 211->0/211
[log] [coop:replay] present faint bi=2 narrate=true
[log] [coop:replay] present hp bi=1 1715->1287/1715
[log] [coop:checkpoint] guest apply field=4 weather=0 terrain=0 arenaTags=0
[log] [coop:session] isCoopAuthoritativeGuestGated -> true (authoritative GUEST gates a structural mutation)
[log] [coop:adopt] erMoneyStreaks host entries=0 -> restored (#837/#348)
[log] [coop:adopt] biomeOverstayAnchor host=null -> restored (#837/#504)
[log] [coop:adopt] erBiomeStructure host length=24 startWave=91 -> restored (#841 item 5)
[log] [coop:adopt] erRelicBattleState host wave=92 -> restored (#837)
[log] [coop:adopt] erMapState host nodes=2 travelTarget=- fragments=0 -> restored (#865/#841 item 1)
[log] [coop:adopt] erPendingNodes host count=5 revealed=2 -> restored (#865)
[log] [coop:resync] guest apply authoritativeState tick=861 wave=92 turn=1 party=6/2 field=4
[log] [coop:resync] presentation settle boundary=resync-stable side=player desired=visible ids=[178671748,1930538543] changed=0 phase=CoopFinalizeTurnPhase
[log] [coop:resync] presentation settle boundary=wave-start-pre-intro side=enemy desired=visible ids=[] changed=0 phase=CoopFinalizeTurnPhase
[warn] [coop:heal] heldItems monId=4084050915 bi=3 removed=[BASE_STAT_BOOSTER] added=[BASE_STAT_BOOSTER] -> applied
[warn] [coop:heal] heldItems bi=3 host=[BASE_STAT_BOOSTER] -> applied (rewrote to host set)
[log] [coop:interaction] interactionCounter() read -> 108 (role=guest)
[log] [coop:checksum] capture digest=df9982b5c25c36b5 field=4 biome=22 seed=coop-soak-20260725 weather=0 terrain=0 money=17160 party=[493,384,890,150,382,888] partyLevels=[500,500,500,500,500,500] arenaTags=0 modifiers=6 heldItemsDigest=0 pokeballs=[0:95,1:10,2:5,3:0,4:0] mons=[bi0:sp493/hp1078-1865/st0/ab121/form0/tera0:0/boss0:0 bi1:sp384/hp1287-1715/st0/ab5144/form0/tera0:15/boss0:0 bi2:sp959/hp0-211/st7/ab252/form0/tera0:17/boss0:0 bi3:sp606/hp0-192/st7/ab110/form0/tera0:13/boss0:0]
[log] [coop:transport] send guest t=turnCommitAck e=1827802517509761 wave=92 turn=1 rev=861 stage=materialApplied checksum=df9982b5c25c36b5
[log] [coop:stream] guest ACK turn stage=materialApplied e=1827802517509761 wave=92 turn=1 rev=861
[log] [coop:checksum] guest finalize materialApplied e=1827802517509761 wave=92 turn=1 rev=861
[log] [coop:transport] recv host t=turnCommitAck e=1827802517509761 wave=92 turn=1 rev=861 stage=materialApplied checksum=df9982b5c25c36b5 handlers=1
[log] [coop:stream] host ACCEPT turn ACK stage=materialApplied key=1827802517509761:92:1:861
[log] [coop:transport] send guest t=turnCommitAck e=1827802517509761 wave=92 turn=1 rev=861 stage=presentationReady checksum=df9982b5c25c36b5
[log] [coop:stream] guest ACK turn stage=presentationReady e=1827802517509761 wave=92 turn=1 rev=861
[log] [coop:checksum] guest finalize presentationReady e=1827802517509761 wave=92 turn=1 rev=861
[log] [coop:replay] guest finalize turn=1: END (checkpoint applied, turn-end queued)
[log] [coop:transport] recv host t=turnCommitAck e=1827802517509761 wave=92 turn=1 rev=861 stage=presentationReady checksum=df9982b5c25c36b5 handlers=1
[log] [coop:stream] host ACCEPT turn ACK stage=presentationReady key=1827802517509761:92:1:861
[log] [coop:stream] guest admitted WAVE_ADVANCE continuation e=1827802517509761 wave=92
[log] [coop:runtime] wave-advance JOURNAL bootstrap wave=92 outcome=win (ACK withheld)
[log] [coop:runtime] wave-advance JOURNAL queued safe-boundary wake wave=92 unparkedReplay=0
[log] [coop:runtime] wave-advance op JOURNAL cursor-advanced id=1827802517509761:0:WAVE_ADVANCE:92 rev=217 dataApplied=false continuationReady=false (DATA applies at BattleEnd; retained ACK awaits DATA + destination continuation)
[log] [coop:transport] send guest t=coopAck cls=op:global seq=217
[log] [coop:replay] guest RECV waveEndState wave=92 tick=862
[log] [coop:runtime] ignore raw waveEndState for correctness wave=92 tick=862
[log] [coop:relay] RECV rewardOptions key=108:0 -> BUFFER rewardOptionsInbox (latest-wins) count=4
[log] [coop:rendezvous] RECV arrival point=shop:92:108 -> BUFFER (no waiter yet) role=guest
[log] [coop:transport] recv host t=coopAck cls=op:global seq=217 handlers=1
[log] [coop:session] isCoopAuthoritativeGuestGated -> true (authoritative GUEST gates a structural mutation)
[log] [coop:session] isCoopAuthoritativeGuestGated -> true (authoritative GUEST gates a structural mutation)
[log] [coop:session] isCoopAuthoritativeGuestGated -> true (authoritative GUEST gates a structural mutation)
[log] [coop:session] isCoopAuthoritativeGuestGated -> true (authoritative GUEST gates a structural mutation)
[log] [coop:session] isCoopAuthoritativeGuestGated -> true (authoritative GUEST gates a structural mutation)
[log] [coop:runtime] consume wave-advance wave=92 outcome=win transition=WAVE_VICTORY/next93/biome0/egg1/wild (lastResolved 91 -> 92)
[log] [coop:replay] guest wave-advance outcome=win wave=92 next=WAVE_VICTORY/wave93 biomeChange=false eggLapse=true victoryKind=wild battleType=WILD queues=VictoryPhase (host-stated)
[warn] [coop:replay] guest wave-advance wave=92: replacing speculative future queue [CommandPhase,CommandPhase,TurnStartPhase]
[log] [coop:session] isCoopAuthoritativeGuestGated -> true (authoritative GUEST gates a structural mutation)
[log] [coop:progression] GUEST applyPartyExp SKIP wave=92 koMon=Beheeyem (awaiting host waveEndState)
[log] [coop-diag] VictoryPhase win-branch role=guest battleType=WILD queuesTrainerVictory=false queuesSelectModifier=true wave=92
[log] [coop:session] isCoopAuthoritativeGuestGated -> true (authoritative GUEST gates a structural mutation)
[log] [coop:session] isCoopAuthoritativeGuestGated -> true (authoritative GUEST gates a structural mutation)
[log] [coop-diag] VictoryTail role=guest wave=92 source=host-stated trainer=false egg=true biomeShop=false biomeChange=false crossroads=false nextWave=93
[log] [coop:session] isCoopAuthoritativeGuestGated -> true (authoritative GUEST gates a structural mutation)
[log] [coop:session] isCoopAuthoritativeGuestGated -> true (authoritative GUEST gates a structural mutation)
[log] [coop:session] isCoopAuthoritativeGuestGated -> true (authoritative GUEST gates a structural mutation)
[log] [coop:adopt] erMoneyStreaks host entries=0 -> restored (#837/#348)
[log] [coop:adopt] biomeOverstayAnchor host=null -> restored (#837/#504)
[log] [coop:adopt] erBiomeStructure host length=24 startWave=91 -> restored (#841 item 5)
[log] [coop:adopt] erRelicBattleState host wave=92 -> restored (#837)
[log] [coop:adopt] erMapState host nodes=2 travelTarget=- fragments=0 -> restored (#865/#841 item 1)
[log] [coop:adopt] erPendingNodes host count=5 revealed=2 -> restored (#865)
[log] [coop:resync] guest apply authoritativeState tick=862 wave=92 turn=2 party=6/2 field=4
[log] [coop:resync] presentation settle boundary=resync-stable side=player desired=visible ids=[178671748,1930538543] changed=0 phase=BattleEndPhase
[log] [coop:resync] presentation settle boundary=wave-start-pre-intro side=enemy desired=visible ids=[] changed=0 phase=BattleEndPhase
[log] [coop:runtime] wave-advance retained DATA boundary admitted wave=92
[log] [coop:progression] retained WAVE_ADVANCE DATA applied wave=92 tick=862
[log] [coop:progression] GUEST retained WAVE_ADVANCE BattleEnd release wave=92
[log] [coop:progression] GUEST automatic victory settlement admitted wave=92 turn=2
[log] [coop:interaction] interactionCounter() read -> 108 (role=guest)
[log] [coop:checksum] capture digest=54cf6eafe4bc4a6c field=4 biome=22 seed=coop-soak-20260725 weather=0 terrain=0 money=17160 party=[493,384,890,150,382,888] partyLevels=[500,500,500,500,500,500] arenaTags=0 modifiers=6 heldItemsDigest=0 pokeballs=[0:95,1:10,2:5,3:0,4:0] mons=[bi0:sp493/hp1078-1865/st0/ab121/form0/tera0:0/boss0:0 bi1:sp384/hp1287-1715/st0/ab5144/form0/tera0:15/boss0:0 bi2:sp959/hp0-211/st7/ab252/form0/tera0:17/boss0:0 bi3:sp606/hp0-184/st7/ab110/form0/tera0:13/boss0:0]
[log] [coop:interaction] interactionCounter() read -> 108 (role=guest)
[log] [coop:owner] ownerOf(counter=108) seat=0 -> owner=host
[log] [coop:owner] isLocalOwnerAtCounter(pinnedCounter=108) parity=0 owner=host role=guest -> false
[log] [coop:interaction] interactionCounter() read -> 108 (role=guest)
[log] [coop:reward] owner/watcher decision: pinnedStart=108 liveCounter=108 parity=0 role=guest pick=WATCHER option=ADOPT spoof=false
[log] [coop:rendezvous] ARRIVE point=shop:92:108 (send) role=guest
[log] [coop:transport] send guest t=rendezvous point=shop:92:108
[log] [coop:reward] WATCHER waits for partner's reward picks (start=108 role=guest wave=92)
[log] [coop:reward] WATCHER awaiting owner reward options (start=108 reroll=0 localCount=0)
[log] [coop:relay] AWAIT rewardOptions key=108:0 timeoutMs=1200000 -> BUFFER-HIT resolve count=4
[log] [coop:transport] recv host t=rendezvous point=shop:92:108 handlers=1
[log] [coop:shop] reconstructRewardOptions OK count=4 ids=[POKEBALL,POTION,TEMP_STAT_STAGE_BOOSTER,NUGGET]
[log] [coop:reward] WATCHER ADOPTED owner reward options (was=0 now=4 ids=[POKEBALL,POTION,TEMP_STAT_STAGE_BOOSTER,NUGGET])
[log] [coop:transport] send guest t=turnCommitAck e=1827802517509761 wave=92 turn=1 rev=861 stage=continuationReady checksum=df9982b5c25c36b5
[log] [coop:stream] guest ACK turn stage=continuationReady e=1827802517509761 wave=92 turn=1 rev=861
[log] [coop:stream] guest continuation surface=sharedInput e=1827802517509761 wave=92 turn=2 waiting=1 released=1
[log] [coop:transport] recv host t=turnCommitAck e=1827802517509761 wave=92 turn=1 rev=861 stage=continuationReady checksum=df9982b5c25c36b5 handlers=1
[log] [coop:progression] retained WAVE_ADVANCE continuationReady wave=92
[log] [coop:transport] send guest t=coopAck cls=op:global seq=217
[log] [coop:transport] send guest t=coopAck cls=op:global seq=217
[log] [coop:transport] send guest t=coopAck cls=op:global seq=217
[log] [coop:interaction] mirror begin role=watcher mirrorSeq=6912 interactionStart=108 reroll=0
[log] [coop:interaction] uiMirror beginSession role=watcher mode=6 seq=6912 early=0
[log] [coop:transport] recv host t=coopAck cls=op:global seq=217 handlers=1
[log] [coop:transport] recv host t=coopAck cls=op:global seq=217 handlers=1
[log] [coop:transport] recv host t=coopAck cls=op:global seq=217 handlers=1
[log] [coop:relay] AWAIT interactionChoice seq=108 timeoutMs=1200000 expected=[reward,shop,skip,reroll,check,transfer,lock] -> network-wait
[log] [coop:transport] recv guest t=envelope t=envelope handlers=1
[log] [coop:transport] send guest t=coopAck cls=op:global seq=217
[log] [coop:transport] send guest t=coopAck cls=op:global seq=217
[log] [coop:transport] send guest t=coopAck cls=op:global seq=217
[log] [coop:transport] recv host t=coopAck cls=op:global seq=217 handlers=1
[log] [coop:transport] recv host t=coopAck cls=op:global seq=217 handlers=1
[log] [coop:transport] recv host t=coopAck cls=op:global seq=217 handlers=1
[log] [coop:rendezvous] RECV arrival point=shop:92:108 -> DUPLICATE (already seen) role=guest
[log] [coop:relay] DELIVER interactionChoice seq=108 -> waiter kind=reward choice=0 data=[0]
[log] [coop:relay] AWAIT interactionChoice seq=108 RESOLVE kind=reward choice=0 data=[0]
[log] [coop:adopt] erMoneyStreaks host entries=0 -> restored (#837/#348)
[log] [coop:adopt] biomeOverstayAnchor host=null -> restored (#837/#504)
[log] [coop:adopt] erBiomeStructure host length=24 startWave=91 -> restored (#841 item 5)
[log] [coop:adopt] erRelicBattleState host wave=92 -> restored (#837)
[log] [coop:adopt] erMapState host nodes=2 travelTarget=- fragments=0 -> restored (#865/#841 item 1)
[log] [coop:adopt] erPendingNodes host count=5 revealed=2 -> restored (#865)
[log] [coop:resync] guest apply authoritativeState tick=863 wave=92 turn=2 party=6/2 field=4
[log] [coop:resync] presentation settle boundary=resync-stable side=player desired=visible ids=[178671748,1930538543] changed=0 phase=SelectModifierPhase
[log] [coop:resync] presentation settle boundary=wave-start-pre-intro side=enemy desired=visible ids=[] changed=0 phase=SelectModifierPhase
[log] [coop:relay] DELIVER interactionChoice seq=108 -> BUFFER inbox depth=1 kind=reward choice=0 data=[0]
[log] [coop:reward] shop authoritative RESULT applied-before-render kind=REWARD id=1827802517509761:0:REWARD:10800000 rev=218 tick=863
[log] [coop:transport] send guest t=coopAck cls=op:global seq=218
[log] [coop:interaction] RECV interaction broadcast (deferred catch-up net) received=109 localBefore=108 role=guest -> WILL DEFER to 109 (folds in at next advance if still ahead)
[warn] [coop:interaction] CoopInteractionTurn.mergeRemote DEFER (remote=109, counter=108, pendingRemote=109) live counter UNCHANGED (folds in at next advance if still ahead)
[log] [coop:owner] ownerOf(counter=108) seat=0 -> owner=host
[log] [coop:owner] ownerOf(counter=108) seat=0 -> owner=host
[warn] [coop:reward] WATCHER op-gate rejected relayed action (await-journal) seq=108 choice=0 - keep awaiting terminal (Wave-2d)
[log] [coop:transport] recv host t=coopAck cls=op:global seq=218 handlers=1
[log] [coop:relay] AWAIT interactionChoice seq=108 timeoutMs=1200000 -> BUFFER-HIT resolve kind=reward choice=0 data=[0]
[log] [coop:reward] reward op WATCHER materialize retained choice=0 terminal=true id=1827802517509761:0:REWARD:10800000
[log] [coop:reward] WATCHER applying relayed action seq=108 act=REWARD choice=0 data=[0]
[log] [coop:v2-interaction] terminal proof recorded op=1827802517509761:0:REWARD:10800000 role=guest seat=1 duplicate=0 ambient=1
[log] [coop:v2-interaction] phase terminal proof op=1827802517509761:0:REWARD:10800000 route=constructor-fallback accepted=1
[log] [coop:interaction] interactionCounter() read -> 108 (role=guest)
[log] [coop:interaction] CoopInteractionTurn.advance INCREMENT (fromCounter=108) counter 108 -> 109
[log] [coop:interaction] advanceInteraction ADVANCED+BROADCAST (fromCounter=108) counter 108 -> 109 role=guest; send interaction screen=__turn__ choice=109
[log] [coop:interaction] SEND counter snapshot reason=advance choice=109 role=guest
[log] [coop:transport] send guest t=interaction screen=__turn__
[log] [coop:owner] ownerOf(counter=109) seat=1 -> owner=guest
[log] [coop:owner] ownerOf(counter=109) seat=1 -> owner=guest
[log] [coop:interaction] interactionCounter() read -> 109 (role=guest)
[log] [coop:reward] advance interaction (role=guest from=108 counter 108 -> 109)
[log] [coop:session] isCoopAuthoritativeGuestGated -> true (authoritative GUEST gates a structural mutation)
[log] [coop:transport] recv host t=interaction screen=__turn__ handlers=1
[log] [coop:interaction] interactionCounter() read -> 109 (role=guest)
[log] [coop:interaction] interactionCounter() read -> 109 (role=guest)
[log] [coop:replay] guest RECV enemyPartySync wave=93 count=2 -> buffered (no waiter)
[log] [coop:replay] guest RECV entry presentation wave=93 stateTick=865 events=4 buffered
[log] [coop:replay] guest RECV enemyPartySync wave=93 count=2 -> buffered (no waiter)
[log] [coop:rendezvous] RECV arrival point=cmd:93:1 -> BUFFER (no waiter yet) role=guest
[log] [coop:battletype] wave=93 HOST verdict: WILD - adopting (#867)
[log] [coop:me] wave=93 HOST verdict: NO ME - local presence roll suppressed (#862)
[log] [coop:session] isCoopAuthoritativeGuestGated -> true (authoritative GUEST gates a structural mutation)
[log] [coop:interaction] interactionCounter() read -> 109 (role=guest)
[log] [coop:stream] guest consumeEnemyParty wave=93 -> 2 enemies
[log] [coop:enemy] buildCoopEnemy ADOPT trainerSlot=0 species=65 form=0 lv=64 abilityIdx=0 nature=0 gender=1 shiny=false tera=0:13 hp=164/164 moves=4 heldItems=1
[log] [coop:enemy] buildCoopEnemy ADOPT trainerSlot=0 species=178 form=0 lv=67 abilityIdx=0 nature=0 gender=1 shiny=false tera=0:2 hp=207/207 moves=4 heldItems=0
[log] [coop:adopt] erMoneyStreaks host entries=0 -> restored (#837/#348)
[log] [coop:adopt] biomeOverstayAnchor host=null -> restored (#837/#504)
[log] [coop:adopt] erBiomeStructure host length=24 startWave=91 -> restored (#841 item 5)
[log] [coop:adopt] erRelicBattleState host wave=93 -> restored (#837)
[log] [coop:adopt] erMapState host nodes=2 travelTarget=- fragments=0 -> restored (#865/#841 item 1)
[log] [coop:adopt] erPendingNodes host count=5 revealed=2 -> restored (#865)
[log] [coop:resync] guest apply authoritativeState tick=865 wave=93 turn=1 party=6/2 field=4
[log] [coop:resync] presentation settle boundary=resync-stable side=player desired=visible ids=[178671748,1930538543] changed=0 phase=NextEncounterPhase
[log] [coop:resync] presentation settle boundary=resync-stable side=enemy desired=visible ids=[4265133867,815395851] changed=2 phase=NextEncounterPhase
[log] [coop:resync] render differ: newly presented id=4265133867 key=pkmn__female__65 -> load atlas
[log] [coop:resync] render differ: newly presented id=815395851 key=pkmn__female__178 -> load atlas
[log] [coop:resync] presentation settle boundary=launch-ready side=player desired=visible ids=[178671748,1930538543] changed=0 phase=NextEncounterPhase
[log] [coop:session] isCoopAuthoritativeGuestGated -> true (authoritative GUEST gates a structural mutation)
[log] [coop:session] isCoopAuthoritativeGuestGated -> true (authoritative GUEST gates a structural mutation)
[log] [coop:session] isCoopAuthoritativeGuestGated -> true (authoritative GUEST gates a structural mutation)
[log] [coop:session] isCoopAuthoritativeGuestGated -> true (authoritative GUEST gates a structural mutation)
[log] [coop:session] isCoopAuthoritativeGuestGated -> true (authoritative GUEST gates a structural mutation)
[log] [coop:session] isCoopAuthoritativeGuestGated -> true (authoritative GUEST gates a structural mutation)
[log] [coop:replay] guest replay turn=1: awaiting retained entry presentation
[warn] [coop:resync] authoritativeState tick=865 STALE (lastApplied=865) -> REJECTED (#807)
[log] [coop:adopt] erMoneyStreaks host entries=0 -> restored (#837/#348)
[log] [coop:adopt] biomeOverstayAnchor host=null -> restored (#837/#504)
[log] [coop:adopt] erBiomeStructure host length=24 startWave=91 -> restored (#841 item 5)
[log] [coop:adopt] erRelicBattleState host wave=93 -> restored (#837)
[log] [coop:adopt] erMapState host nodes=2 travelTarget=- fragments=0 -> restored (#865/#841 item 1)
[log] [coop:adopt] erPendingNodes host count=5 revealed=2 -> restored (#865)
[log] [coop:resync] guest reassert authoritativeState tick=865 wave=93 turn=1 party=6/2 field=4
[log] [coop:resync] presentation settle boundary=resync-stable side=player desired=visible ids=[178671748,1930538543] changed=0 phase=CoopReplayTurnPhase
[log] [coop:resync] presentation settle boundary=resync-stable side=enemy desired=visible ids=[4265133867,815395851] changed=0 phase=CoopReplayTurnPhase
[log] [coop:replay] guest replay turn=1: rendering 4 event(s)
[log] [coop:replay] guest replay turn=1: present k=showAbility
[log] [coop:session] isCoopAuthoritativeGuestGated -> true (authoritative GUEST gates a structural mutation)
[log] [coop:replay] guest replay turn=1: present k=moveUsed
[log] [coop:turn] host recorder: append turn=1 seq=4 k=message total=5 live=true
[log] [coop:session] isCoopAuthoritativeGuestGated -> true (authoritative GUEST gates a structural mutation)
[log] [coop:replay] guest replay turn=1: present k=message
[log] [coop:turn] host recorder: append turn=1 seq=5 k=message total=6 live=true
[log] [coop:replay] guest replay turn=1: present k=showAbility
[log] [coop:session] isCoopAuthoritativeGuestGated -> true (authoritative GUEST gates a structural mutation)
[log] [coop:replay] guest replay turn=1: rendered phases [showAbility=2 moveUsed=1 message=1]
[log] [coop:replay] guest replay turn=1: retained entry presentation queued stateTick=865 events=4; awaiting exact outcome proof
[log] [coop:session] isCoopAuthoritativeGuestGated -> true (authoritative GUEST gates a structural mutation)
[log] [coop:session] isCoopAuthoritativeGuestGated -> true (authoritative GUEST gates a structural mutation)
[log] [coop:session] isCoopAuthoritativeGuestGated -> true (authoritative GUEST gates a structural mutation)
[log] [coop:replay] present move bi=3 moveId=9500 targets=1
[log] [coop:session] isCoopAuthoritativeGuestGated -> true (authoritative GUEST gates a structural mutation)
[log] [coop:session] isCoopAuthoritativeGuestGated -> true (authoritative GUEST gates a structural mutation)
[log] [coop:replay] guest entry presentation PROVED wave=93 turn=1 events=4
[log] [coop:stream] guest consumeEnemyParty wave=93 -> null (buffered=none)
[log] [coop:battle] CommandPhase slot=0 turn=1 owner=host role=guest -> partner path
[log] [coop:stream] guest consumeEnemyParty wave=93 -> null (buffered=none)
[log] [coop:rendezvous] ARRIVE point=cmd:93:1 (send) role=guest
[log] [coop:transport] send guest t=rendezvous point=cmd:93:1
[log] [coop:rendezvous] next-command barrier cmd:93:1 SYNC pass (partner already arrived)
[log] [coop:stream] guest consumeEnemyParty wave=93 -> null (buffered=none)
[log] [coop:transport] send guest t=coopAck cls=op:global seq=218
[log] [coop:transport] send guest t=coopAck cls=op:global seq=218
[log] [coop:transport] recv host t=rendezvous point=cmd:93:1 handlers=1
[log] [coop:transport] recv host t=coopAck cls=op:global seq=218 handlers=1
[log] [coop:transport] recv host t=coopAck cls=op:global seq=218 handlers=1
[log] [coop:interaction] interactionCounter() read -> 109 (role=host)
[log] [coop:health] tick=0g turn=1 wave=93 counter=109 assertions=0 wait=235ms machineWaits=coop-rendezvous:cmd:93:1@235ms peerBeat=- lastRx=0s transport=connected journal=218/1 queue=0
[log] [coop:interaction] interactionCounter() read -> 109 (role=guest)
[log] [coop:health] tick=0g turn=1 wave=93 counter=109 assertions=0 wait=236ms machineWaits=coop-rendezvous:cmd:93:1@236ms peerBeat=- lastRx=0s transport=connected journal=0/0 queue=0
[log] [coop:rendezvous] RECV arrival point=cmd:93:1 -> DUPLICATE (already seen) role=guest
[log] [coop:replay] guest IGNORE duplicate consumed entry presentation wave=93
[log] [coop:replay] guest RECV enemyPartySync wave=93 count=2 -> buffered (no waiter)
[log] [coop:interaction] interactionCounter() read -> 109 (role=guest)
[log] [coop:checksum] capture digest=ae993f43aa41168b field=4 biome=22 seed=coop-soak-20260725 weather=0 terrain=0 money=17160 party=[493,384,890,150,382,888] partyLevels=[500,500,500,500,500,500] arenaTags=0 modifiers=6 heldItemsDigest=1 pokeballs=[0:99,1:10,2:5,3:0,4:0] mons=[bi0:sp493/hp1078-1865/st0/ab121/form0/tera0:0/boss0:0 bi1:sp384/hp1287-1715/st0/ab5144/form0/tera0:15/boss0:0 bi2:sp65/hp164-164/st0/ab5025/form0/tera0:13/boss0:0 bi3:sp178/hp207-207/st0/ab127/form0/tera0:2/boss0:0]
[log] [coop:interaction] interactionCounter() read -> 109 (role=guest)
[log] [coop:replay] guest IGNORE duplicate consumed entry presentation wave=93
[log] [coop:replay] guest RECV enemyPartySync wave=93 count=2 -> buffered (no waiter)
[log] [coop:replay] guest RECV turnResolution e=1827802517509761 wave=93 turn=1 events=13 checksum=e44945582f1f799a -> buffered (no waiter)
[log] [coop:replay] guest RECV waveResolved wave=93 outcome=win transition=WAVE_VICTORY/next94/biome0/egg1/wild
[log] [coop:runtime] recv waveResolved wave=93 outcome=win role=guest netcode=authoritative
[log] [coop:runtime] ignore raw waveResolved for correctness wave=93 outcome=win; awaiting retained transaction
[log] [coop:session] isCoopAuthoritativeGuestGated -> true (authoritative GUEST gates a structural mutation)
[log] [coop:replay] guest replay turn=1: live pump start mode=turn
[log] [coop:replay] guest replay turn=1: advance local watermark 0->4
[log] [coop:session] isCoopAuthoritativeGuestGated -> true (authoritative GUEST gates a structural mutation)
[log] [coop:transport] send guest t=requestTurnCommit e=1827802517509761 wave=93 turn=1 rev=pending
[log] [coop:transport] send guest t=requestTurnCommit e=1827802517509761 wave=93 turn=1 rev=869
[log] [coop:replay] guest awaitTurn turn=1 RESOLVE (buffered race) events=13
[log] [coop:transport] recv host t=requestTurnCommit e=1827802517509761 wave=93 turn=1 rev=pending handlers=1
[log] [coop:transport] send host t=turnResolution e=1827802517509761 wave=93 turn=1 rev=869 events=13 checksum=e44945582f1f799a
[log] [coop:transport] recv host t=requestTurnCommit e=1827802517509761 wave=93 turn=1 rev=869 handlers=1
[log] [coop:transport] send host t=turnResolution e=1827802517509761 wave=93 turn=1 rev=869 events=13 checksum=e44945582f1f799a
[log] [coop:transport] recv guest t=turnResolution e=1827802517509761 wave=93 turn=1 rev=869 events=13 checksum=e44945582f1f799a handlers=1
[log] [coop:transport] recv guest t=turnResolution e=1827802517509761 wave=93 turn=1 rev=869 events=13 checksum=e44945582f1f799a handlers=1
[log] [coop:replay] guest consume live events turn=1 count=0
[log] [coop:replay] guest replay turn=1: RESOLVE renderedLive=4 remaining=9 batch=13
[log] [coop:replay] guest replay turn=1: rendering 9 event(s)
[log] [coop:replay] guest replay turn=1: present k=message
[log] [coop:replay] guest replay turn=1: present k=message
[log] [coop:replay] guest replay turn=1: present k=moveUsed
[log] [coop:session] isCoopAuthoritativeGuestGated -> true (authoritative GUEST gates a structural mutation)
[log] [coop:replay] guest replay turn=1: present k=hp
[log] [coop:session] isCoopAuthoritativeGuestGated -> true (authoritative GUEST gates a structural mutation)
[log] [coop:replay] guest replay turn=1: present k=faint
[log] [coop:session] isCoopAuthoritativeGuestGated -> true (authoritative GUEST gates a structural mutation)
[log] [coop:replay] guest replay turn=1: present k=moveUsed
[log] [coop:session] isCoopAuthoritativeGuestGated -> true (authoritative GUEST gates a structural mutation)
[log] [coop:replay] guest replay turn=1: present k=hp
[log] [coop:session] isCoopAuthoritativeGuestGated -> true (authoritative GUEST gates a structural mutation)
[log] [coop:replay] guest replay turn=1: present k=faint
[log] [coop:session] isCoopAuthoritativeGuestGated -> true (authoritative GUEST gates a structural mutation)
[log] [coop:replay] guest replay turn=1: present k=message
[log] [coop:replay] guest replay turn=1: rendered phases [message=3 moveUsed=2 hp=2 faint=2]
[log] [coop:replay] guest replay turn=1: unshift CoopFinalizeTurnPhase (checkpoint apply deferred)
[log] [coop:session] isCoopAuthoritativeGuestGated -> true (authoritative GUEST gates a structural mutation)
[log] [coop:stream] guest IGNORE idempotent turn duplicate e=1827802517509761 wave=93 turn=1 rev=869
[log] [coop:stream] guest IGNORE idempotent turn duplicate e=1827802517509761 wave=93 turn=1 rev=869
[log] [coop:replay] present move bi=0 moveId=34 targets=1
[log] [coop:replay] present hp bi=2 164->0/164
[log] [coop:replay] present faint bi=2 narrate=true
[log] [coop:replay] present move bi=1 moveId=53 targets=1
[log] [coop:replay] present hp bi=3 207->0/207
[log] [coop:replay] present faint bi=3 narrate=true
[log] [coop:checkpoint] guest apply field=4 weather=0 terrain=0 arenaTags=0
[log] [coop:session] isCoopAuthoritativeGuestGated -> true (authoritative GUEST gates a structural mutation)
[log] [coop:adopt] erMoneyStreaks host entries=0 -> restored (#837/#348)
[log] [coop:adopt] biomeOverstayAnchor host=null -> restored (#837/#504)
[log] [coop:adopt] erBiomeStructure host length=24 startWave=91 -> restored (#841 item 5)
[log] [coop:adopt] erRelicBattleState host wave=93 -> restored (#837)
[log] [coop:adopt] erMapState host nodes=2 travelTarget=- fragments=0 -> restored (#865/#841 item 1)
[log] [coop:adopt] erPendingNodes host count=5 revealed=2 -> restored (#865)
[log] [coop:resync] guest apply authoritativeState tick=869 wave=93 turn=1 party=6/2 field=4
[log] [coop:resync] presentation settle boundary=resync-stable side=player desired=visible ids=[178671748,1930538543] changed=0 phase=CoopFinalizeTurnPhase
[log] [coop:resync] presentation settle boundary=wave-start-pre-intro side=enemy desired=visible ids=[] changed=0 phase=CoopFinalizeTurnPhase
[log] [coop:interaction] interactionCounter() read -> 109 (role=guest)
[log] [coop:checksum] capture digest=e44945582f1f799a field=4 biome=22 seed=coop-soak-20260725 weather=0 terrain=0 money=17160 party=[493,384,890,150,382,888] partyLevels=[500,500,500,500,500,500] arenaTags=0 modifiers=6 heldItemsDigest=0 pokeballs=[0:99,1:10,2:5,3:0,4:0] mons=[bi0:sp493/hp1078-1865/st0/ab121/form0/tera0:0/boss0:0 bi1:sp384/hp1287-1715/st0/ab5144/form0/tera0:15/boss0:0 bi2:sp65/hp0-164/st7/ab5025/form0/tera0:13/boss0:0 bi3:sp178/hp0-207/st7/ab127/form0/tera0:2/boss0:0]
[log] [coop:transport] send guest t=turnCommitAck e=1827802517509761 wave=93 turn=1 rev=869 stage=materialApplied checksum=e44945582f1f799a
[log] [coop:stream] guest ACK turn stage=materialApplied e=1827802517509761 wave=93 turn=1 rev=869
[log] [coop:checksum] guest finalize materialApplied e=1827802517509761 wave=93 turn=1 rev=869
[log] [coop:transport] recv host t=turnCommitAck e=1827802517509761 wave=93 turn=1 rev=869 stage=materialApplied checksum=e44945582f1f799a handlers=1
[log] [coop:stream] host ACCEPT turn ACK stage=materialApplied key=1827802517509761:93:1:869
[log] [coop:transport] send guest t=turnCommitAck e=1827802517509761 wave=93 turn=1 rev=869 stage=presentationReady checksum=e44945582f1f799a
[log] [coop:stream] guest ACK turn stage=presentationReady e=1827802517509761 wave=93 turn=1 rev=869
[log] [coop:checksum] guest finalize presentationReady e=1827802517509761 wave=93 turn=1 rev=869
[log] [coop:replay] guest finalize turn=1: END (checkpoint applied, turn-end queued)
[log] [coop:transport] recv host t=turnCommitAck e=1827802517509761 wave=93 turn=1 rev=869 stage=presentationReady checksum=e44945582f1f799a handlers=1
[log] [coop:stream] host ACCEPT turn ACK stage=presentationReady key=1827802517509761:93:1:869
[log] [coop:stream] guest admitted WAVE_ADVANCE continuation e=1827802517509761 wave=93
[log] [coop:runtime] wave-advance JOURNAL bootstrap wave=93 outcome=win (ACK withheld)
[log] [coop:runtime] wave-advance JOURNAL queued safe-boundary wake wave=93 unparkedReplay=0
[log] [coop:runtime] wave-advance op JOURNAL cursor-advanced id=1827802517509761:0:WAVE_ADVANCE:93 rev=219 dataApplied=false continuationReady=false (DATA applies at BattleEnd; retained ACK awaits DATA + destination continuation)
[log] [coop:transport] send guest t=coopAck cls=op:global seq=219
[log] [coop:replay] guest RECV waveEndState wave=93 tick=870
[log] [coop:runtime] ignore raw waveEndState for correctness wave=93 tick=870
[log] [coop:relay] RECV rewardOptions key=109:0 -> BUFFER rewardOptionsInbox (latest-wins) count=4
[log] [coop:rendezvous] RECV arrival point=shop:93:109 -> BUFFER (no waiter yet) role=guest
[log] [coop:transport] recv host t=coopAck cls=op:global seq=219 handlers=1
[log] [coop:session] isCoopAuthoritativeGuestGated -> true (authoritative GUEST gates a structural mutation)
[log] [coop:session] isCoopAuthoritativeGuestGated -> true (authoritative GUEST gates a structural mutation)
[log] [coop:session] isCoopAuthoritativeGuestGated -> true (authoritative GUEST gates a structural mutation)
[log] [coop:session] isCoopAuthoritativeGuestGated -> true (authoritative GUEST gates a structural mutation)
[log] [coop:session] isCoopAuthoritativeGuestGated -> true (authoritative GUEST gates a structural mutation)
[log] [coop:runtime] consume wave-advance wave=93 outcome=win transition=WAVE_VICTORY/next94/biome0/egg1/wild (lastResolved 92 -> 93)
[log] [coop:replay] guest wave-advance outcome=win wave=93 next=WAVE_VICTORY/wave94 biomeChange=false eggLapse=true victoryKind=wild battleType=WILD queues=VictoryPhase (host-stated)
[warn] [coop:replay] guest wave-advance wave=93: replacing speculative future queue [CommandPhase,CommandPhase,TurnStartPhase]
[log] [coop:session] isCoopAuthoritativeGuestGated -> true (authoritative GUEST gates a structural mutation)
[log] [coop:progression] GUEST applyPartyExp SKIP wave=93 koMon=Xatu (awaiting host waveEndState)
[log] [coop-diag] VictoryPhase win-branch role=guest battleType=WILD queuesTrainerVictory=false queuesSelectModifier=true wave=93
[log] [coop:session] isCoopAuthoritativeGuestGated -> true (authoritative GUEST gates a structural mutation)
[log] [coop:session] isCoopAuthoritativeGuestGated -> true (authoritative GUEST gates a structural mutation)
[log] [coop-diag] VictoryTail role=guest wave=93 source=host-stated trainer=false egg=true biomeShop=false biomeChange=false crossroads=false nextWave=94
[log] [coop:session] isCoopAuthoritativeGuestGated -> true (authoritative GUEST gates a structural mutation)
[log] [coop:session] isCoopAuthoritativeGuestGated -> true (authoritative GUEST gates a structural mutation)
[log] [coop:session] isCoopAuthoritativeGuestGated -> true (authoritative GUEST gates a structural mutation)
[log] [coop:adopt] erMoneyStreaks host entries=0 -> restored (#837/#348)
[log] [coop:adopt] biomeOverstayAnchor host=null -> restored (#837/#504)
[log] [coop:adopt] erBiomeStructure host length=24 startWave=91 -> restored (#841 item 5)
[log] [coop:adopt] erRelicBattleState host wave=93 -> restored (#837)
[log] [coop:adopt] erMapState host nodes=2 travelTarget=- fragments=0 -> restored (#865/#841 item 1)
[log] [coop:adopt] erPendingNodes host count=5 revealed=2 -> restored (#865)
[log] [coop:resync] guest apply authoritativeState tick=870 wave=93 turn=2 party=6/2 field=4
[log] [coop:resync] presentation settle boundary=resync-stable side=player desired=visible ids=[178671748,1930538543] changed=0 phase=BattleEndPhase
[log] [coop:resync] presentation settle boundary=wave-start-pre-intro side=enemy desired=visible ids=[] changed=0 phase=BattleEndPhase
[log] [coop:runtime] wave-advance retained DATA boundary admitted wave=93
[log] [coop:progression] retained WAVE_ADVANCE DATA applied wave=93 tick=870
[log] [coop:progression] GUEST retained WAVE_ADVANCE BattleEnd release wave=93
[log] [coop:progression] GUEST automatic victory settlement admitted wave=93 turn=2
[log] [coop:transport] recv guest t=envelope t=envelope handlers=1
[log] [coop:transport] send guest t=coopAck cls=op:global seq=219
[log] [coop:transport] recv host t=coopAck cls=op:global seq=219 handlers=1
[log] [coop:interaction] interactionCounter() read -> 109 (role=guest)
[log] [coop:checksum] capture digest=e44945582f1f799a field=4 biome=22 seed=coop-soak-20260725 weather=0 terrain=0 money=17160 party=[493,384,890,150,382,888] partyLevels=[500,500,500,500,500,500] arenaTags=0 modifiers=6 heldItemsDigest=0 pokeballs=[0:99,1:10,2:5,3:0,4:0] mons=[bi0:sp493/hp1078-1865/st0/ab121/form0/tera0:0/boss0:0 bi1:sp384/hp1287-1715/st0/ab5144/form0/tera0:15/boss0:0 bi2:sp65/hp0-164/st7/ab5025/form0/tera0:13/boss0:0 bi3:sp178/hp0-207/st7/ab127/form0/tera0:2/boss0:0]
[log] [coop:interaction] interactionCounter() read -> 109 (role=guest)
[log] [coop:owner] ownerOf(counter=109) seat=1 -> owner=guest
[log] [coop:owner] isLocalOwnerAtCounter(pinnedCounter=109) parity=1 owner=guest role=guest -> true
[log] [coop:interaction] interactionCounter() read -> 109 (role=guest)
[log] [coop:reward] owner/watcher decision: pinnedStart=109 liveCounter=109 parity=1 role=guest pick=OWNER option=ADOPT spoof=false
[log] [coop:rendezvous] ARRIVE point=shop:93:109 (send) role=guest
[log] [coop:transport] send guest t=rendezvous point=shop:93:109
[log] [coop:reward] OWNER drives reward screen (start=109 role=guest spoof=false adoptsOptions=true wave=93)
[log] [coop:rendezvous] shop-pick-commit barrier AWAIT shop:93:109
[log] [coop:rendezvous] AWAIT point=shop:93:109 -> partner already arrived (buffer-hit) role=guest
[log] [coop:transport] recv host t=rendezvous point=shop:93:109 handlers=1
[log] [coop:reward] WATCHER awaiting owner reward options (start=109 reroll=0 localCount=0)
[log] [coop:relay] AWAIT rewardOptions key=109:0 timeoutMs=1200000 -> BUFFER-HIT resolve count=4
[log] [coop:shop] reconstructRewardOptions OK count=4 ids=[POTION,TEMP_STAT_STAGE_BOOSTER,BERRY,TEMP_STAT_STAGE_BOOSTER]
[log] [coop:reward] WATCHER ADOPTED owner reward options (was=0 now=4 ids=[POTION,TEMP_STAT_STAGE_BOOSTER,BERRY,TEMP_STAT_STAGE_BOOSTER])
[log] [coop:transport] send guest t=turnCommitAck e=1827802517509761 wave=93 turn=1 rev=869 stage=continuationReady checksum=e44945582f1f799a
[log] [coop:stream] guest ACK turn stage=continuationReady e=1827802517509761 wave=93 turn=1 rev=869
[log] [coop:stream] guest continuation surface=sharedInput e=1827802517509761 wave=93 turn=2 waiting=1 released=1
[log] [coop:interaction] mirror begin role=owner mirrorSeq=6976 interactionStart=109 reroll=0
[log] [coop:interaction] uiMirror beginSession role=owner mode=6 seq=6976 early=0
[log] [coop:transport] recv host t=turnCommitAck e=1827802517509761 wave=93 turn=1 rev=869 stage=continuationReady checksum=e44945582f1f799a handlers=1
[log] [coop:progression] retained WAVE_ADVANCE continuationReady wave=93
[log] [coop:transport] send guest t=coopAck cls=op:global seq=219
[log] [coop:transport] send guest t=coopAck cls=op:global seq=219
[log] [coop:transport] send guest t=coopAck cls=op:global seq=219
[log] [coop:transport] recv host t=coopAck cls=op:global seq=219 handlers=1
[log] [coop:transport] recv host t=coopAck cls=op:global seq=219 handlers=1
[log] [coop:transport] recv host t=coopAck cls=op:global seq=219 handlers=1
[log] [coop:owner] ownerOf(counter=109) seat=1 -> owner=guest
[log] [coop:owner] isLocalOwnerAtCounter(pinnedCounter=109) parity=1 owner=guest role=guest -> true
[log] [coop:relay] OWNER prepare seq=109 kind=skip choice=-1 data=[] role=guest
[log] [coop:reward] reward op INTENT prepared label=skip id=1827802517509761:1:REWARD:10900000
[log] [coop:relay] SEND interactionChoice seq=109 kind=skip kind=? choice=-1 data=-
[log] [coop:transport] send guest t=interactionChoice seq=109 kind=skip choice=-1
[warn] [coop:v2-shadow] FAULT tap(INTERACTION_COMMIT): AuthorityLog.commit: entry context is not bound to the local authority
[log] [coop:relay] AWAIT interactionChoice seq=109 timeoutMs=1200000 expected=[reward,shop,skip,reroll,check,transfer,lock] -> network-wait
[log] [coop:transport] recv host t=interactionChoice seq=109 kind=skip choice=-1 handlers=1
[log] [coop:adopt] erMoneyStreaks host entries=0 -> restored (#837/#348)
[log] [coop:adopt] biomeOverstayAnchor host=null -> restored (#837/#504)
[log] [coop:adopt] erBiomeStructure host length=24 startWave=91 -> restored (#841 item 5)
[log] [coop:adopt] erRelicBattleState host wave=93 -> restored (#837)
[log] [coop:adopt] erMapState host nodes=2 travelTarget=- fragments=0 -> restored (#865/#841 item 1)
[log] [coop:adopt] erPendingNodes host count=5 revealed=2 -> restored (#865)
[log] [coop:resync] guest apply authoritativeState tick=871 wave=93 turn=2 party=6/2 field=4
[log] [coop:resync] presentation settle boundary=resync-stable side=player desired=visible ids=[178671748,1930538543] changed=0 phase=SelectModifierPhase
[log] [coop:resync] presentation settle boundary=wave-start-pre-intro side=enemy desired=visible ids=[] changed=0 phase=SelectModifierPhase
[log] [coop:relay] DELIVER interactionChoice seq=109 -> waiter kind=skip choice=-1 data=-
[log] [coop:relay] AWAIT interactionChoice seq=109 RESOLVE kind=skip choice=-1 data=-
[log] [coop:reward] shop authoritative RESULT applied-before-render kind=REWARD id=1827802517509761:1:REWARD:10900000 rev=220 tick=871
[log] [coop:transport] send guest t=coopAck cls=op:global seq=220
[log] [coop:reward] reward op WATCHER materialize retained choice=-1 terminal=true id=1827802517509761:1:REWARD:10900000
[log] [coop:reward] WATCHER applying relayed action seq=109 act=LEAVE choice=-1 data=-
[log] [coop:v2-interaction] terminal proof recorded op=1827802517509761:1:REWARD:10900000 role=guest seat=1 duplicate=0 ambient=1
[log] [coop:v2-interaction] phase terminal proof op=1827802517509761:1:REWARD:10900000 route=constructor-fallback accepted=1
[log] [coop:interaction] interactionCounter() read -> 109 (role=guest)
[log] [coop:interaction] CoopInteractionTurn.advance INCREMENT (fromCounter=109) counter 109 -> 110
[log] [coop:interaction] advanceInteraction ADVANCED+BROADCAST (fromCounter=109) counter 109 -> 110 role=guest; send interaction screen=__turn__ choice=110
[log] [coop:interaction] SEND counter snapshot reason=advance choice=110 role=guest
[log] [coop:transport] send guest t=interaction screen=__turn__
[log] [coop:owner] ownerOf(counter=110) seat=0 -> owner=host
[log] [coop:owner] ownerOf(counter=110) seat=0 -> owner=host
[log] [coop:interaction] interactionCounter() read -> 110 (role=guest)
[log] [coop:reward] advance interaction (role=guest from=109 counter 109 -> 110)
[log] [coop:session] isCoopAuthoritativeGuestGated -> true (authoritative GUEST gates a structural mutation)
[log] [coop:transport] recv host t=coopAck cls=op:global seq=220 handlers=1
[log] [coop:transport] recv host t=interaction screen=__turn__ handlers=1
[log] [coop:interaction] RECV interaction broadcast (deferred catch-up net) received=110 localBefore=110 role=guest -> no defer (local >= received)
[warn] [coop:interaction] CoopInteractionTurn.mergeRemote DEFER (remote=110, counter=110, pendingRemote=110) live counter UNCHANGED (folds in at next advance if still ahead)
[log] [coop:owner] ownerOf(counter=110) seat=0 -> owner=host
[log] [coop:owner] ownerOf(counter=110) seat=0 -> owner=host
[log] [coop:replay] guest RECV enemyPartySync wave=94 count=2 -> buffered (no waiter)
[log] [coop:replay] guest RECV entry presentation wave=94 stateTick=873 events=2 buffered
[log] [coop:replay] guest RECV enemyPartySync wave=94 count=2 -> buffered (no waiter)
[log] [coop:rendezvous] RECV arrival point=cmd:94:1 -> BUFFER (no waiter yet) role=guest
[log] [coop:battletype] wave=94 HOST verdict: WILD - adopting (#867)
[log] [coop:me] wave=94 HOST verdict: NO ME - local presence roll suppressed (#862)
[log] [coop:session] isCoopAuthoritativeGuestGated -> true (authoritative GUEST gates a structural mutation)
[log] [coop:interaction] interactionCounter() read -> 110 (role=guest)
[log] [coop:stream] guest consumeEnemyParty wave=94 -> 2 enemies
[log] [coop:replay] guest adopt enemy trainerSlot=0 isBoss segments=1 index=0
[log] [coop:enemy] buildCoopEnemy ADOPT trainerSlot=0 species=202 form=0 lv=67 abilityIdx=1 nature=0 gender=0 shiny=false tera=0:13 hp=352/352 moves=2 heldItems=4
[log] [coop:replay] guest adopt enemy trainerSlot=0 isBoss segments=2 index=1
[log] [coop:enemy] buildCoopEnemy ADOPT trainerSlot=0 species=959 form=0 lv=67 abilityIdx=1 nature=0 gender=1 shiny=false tera=0:17 hp=211/211 moves=4 heldItems=4
[log] [coop:adopt] erMoneyStreaks host entries=0 -> restored (#837/#348)
[log] [coop:adopt] biomeOverstayAnchor host=null -> restored (#837/#504)
[log] [coop:adopt] erBiomeStructure host length=24 startWave=91 -> restored (#841 item 5)
[log] [coop:adopt] erRelicBattleState host wave=94 -> restored (#837)
[log] [coop:adopt] erMapState host nodes=2 travelTarget=- fragments=0 -> restored (#865/#841 item 1)
[log] [coop:adopt] erPendingNodes host count=5 revealed=2 -> restored (#865)
[log] [coop:resync] guest apply authoritativeState tick=873 wave=94 turn=1 party=6/2 field=4
[log] [coop:resync] presentation settle boundary=resync-stable side=player desired=visible ids=[178671748,1930538543] changed=0 phase=NextEncounterPhase
[log] [coop:resync] presentation settle boundary=resync-stable side=enemy desired=visible ids=[1144389446,1504151108] changed=2 phase=NextEncounterPhase
[log] [coop:resync] render differ: newly presented id=1144389446 key=pkmn__202 -> load atlas
[log] [coop:resync] render differ: newly presented id=1504151108 key=pkmn__959 -> load atlas
[log] [coop:resync] presentation settle boundary=launch-ready side=player desired=visible ids=[178671748,1930538543] changed=0 phase=NextEncounterPhase
[log] [coop:session] isCoopAuthoritativeGuestGated -> true (authoritative GUEST gates a structural mutation)
[log] [coop:session] isCoopAuthoritativeGuestGated -> true (authoritative GUEST gates a structural mutation)
[log] [coop:session] isCoopAuthoritativeGuestGated -> true (authoritative GUEST gates a structural mutation)
[log] [coop:session] isCoopAuthoritativeGuestGated -> true (authoritative GUEST gates a structural mutation)
[log] [coop:session] isCoopAuthoritativeGuestGated -> true (authoritative GUEST gates a structural mutation)
[log] [coop:session] isCoopAuthoritativeGuestGated -> true (authoritative GUEST gates a structural mutation)
[log] [coop:replay] guest replay turn=1: awaiting retained entry presentation
[warn] [coop:resync] authoritativeState tick=873 STALE (lastApplied=873) -> REJECTED (#807)
[log] [coop:adopt] erMoneyStreaks host entries=0 -> restored (#837/#348)
[log] [coop:adopt] biomeOverstayAnchor host=null -> restored (#837/#504)
[log] [coop:adopt] erBiomeStructure host length=24 startWave=91 -> restored (#841 item 5)
[log] [coop:adopt] erRelicBattleState host wave=94 -> restored (#837)
[log] [coop:adopt] erMapState host nodes=2 travelTarget=- fragments=0 -> restored (#865/#841 item 1)
[log] [coop:adopt] erPendingNodes host count=5 revealed=2 -> restored (#865)
[log] [coop:resync] guest reassert authoritativeState tick=873 wave=94 turn=1 party=6/2 field=4
[log] [coop:resync] presentation settle boundary=resync-stable side=player desired=visible ids=[178671748,1930538543] changed=0 phase=CoopReplayTurnPhase
[log] [coop:resync] presentation settle boundary=resync-stable side=enemy desired=visible ids=[1144389446,1504151108] changed=0 phase=CoopReplayTurnPhase
[log] [coop:replay] guest replay turn=1: rendering 2 event(s)
[log] [coop:replay] guest replay turn=1: present k=message
[log] [coop:turn] host recorder: append turn=1 seq=2 k=message total=3 live=true
[log] [coop:replay] guest replay turn=1: present k=showAbility
[log] [coop:session] isCoopAuthoritativeGuestGated -> true (authoritative GUEST gates a structural mutation)
[log] [coop:replay] guest replay turn=1: rendered phases [message=1 showAbility=1]
[log] [coop:replay] guest replay turn=1: retained entry presentation queued stateTick=873 events=2; awaiting exact outcome proof
[log] [coop:session] isCoopAuthoritativeGuestGated -> true (authoritative GUEST gates a structural mutation)
[log] [coop:session] isCoopAuthoritativeGuestGated -> true (authoritative GUEST gates a structural mutation)
[log] [coop:session] isCoopAuthoritativeGuestGated -> true (authoritative GUEST gates a structural mutation)
[log] [coop:replay] guest entry presentation PROVED wave=94 turn=1 events=2
[log] [coop:stream] guest consumeEnemyParty wave=94 -> null (buffered=none)
[log] [coop:battle] CommandPhase slot=0 turn=1 owner=host role=guest -> partner path
[log] [coop:stream] guest consumeEnemyParty wave=94 -> null (buffered=none)
[log] [coop:rendezvous] ARRIVE point=cmd:94:1 (send) role=guest
[log] [coop:transport] send guest t=rendezvous point=cmd:94:1
[log] [coop:rendezvous] next-command barrier cmd:94:1 SYNC pass (partner already arrived)
[log] [coop:stream] guest consumeEnemyParty wave=94 -> null (buffered=none)
[log] [coop:transport] send guest t=coopAck cls=op:global seq=220
[log] [coop:transport] send guest t=coopAck cls=op:global seq=220
[log] [coop:transport] recv host t=rendezvous point=cmd:94:1 handlers=1
[log] [coop:transport] recv host t=coopAck cls=op:global seq=220 handlers=1
[log] [coop:transport] recv host t=coopAck cls=op:global seq=220 handlers=1
[log] [coop:rendezvous] RECV arrival point=cmd:94:1 -> DUPLICATE (already seen) role=guest
[log] [coop:replay] guest IGNORE duplicate consumed entry presentation wave=94
[log] [coop:replay] guest RECV enemyPartySync wave=94 count=2 -> buffered (no waiter)
[log] [coop:interaction] interactionCounter() read -> 110 (role=guest)
[log] [coop:checksum] capture digest=166f181847f95e53 field=4 biome=22 seed=coop-soak-20260725 weather=0 terrain=0 money=17160 party=[493,384,890,150,382,888] partyLevels=[500,500,500,500,500,500] arenaTags=0 modifiers=6 heldItemsDigest=8 pokeballs=[0:99,1:10,2:5,3:0,4:0] mons=[bi0:sp493/hp1078-1865/st0/ab121/form0/tera0:0/boss0:0 bi1:sp384/hp1287-1715/st0/ab5144/form0/tera0:15/boss0:0 bi2:sp202/hp352-352/st0/ab5070/form0/tera0:13/boss1:0 bi3:sp959/hp211-211/st0/ab5278/form0/tera0:17/boss2:1]
[log] [coop:interaction] interactionCounter() read -> 110 (role=guest)
[log] [coop:replay] guest IGNORE duplicate consumed entry presentation wave=94
[log] [coop:replay] guest RECV enemyPartySync wave=94 count=2 -> buffered (no waiter)
[log] [coop:replay] guest RECV turnResolution e=1827802517509761 wave=94 turn=1 events=12 checksum=d77288b6706de9f8 -> buffered (no waiter)
[log] [coop:replay] guest RECV waveResolved wave=94 outcome=win transition=WAVE_VICTORY/next95/biome0/egg1/wild
[log] [coop:runtime] recv waveResolved wave=94 outcome=win role=guest netcode=authoritative
[log] [coop:runtime] ignore raw waveResolved for correctness wave=94 outcome=win; awaiting retained transaction
[log] [coop:session] isCoopAuthoritativeGuestGated -> true (authoritative GUEST gates a structural mutation)
[log] [coop:replay] guest replay turn=1: live pump start mode=turn
[log] [coop:replay] guest replay turn=1: advance local watermark 0->2
[log] [coop:session] isCoopAuthoritativeGuestGated -> true (authoritative GUEST gates a structural mutation)
[log] [coop:transport] send guest t=requestTurnCommit e=1827802517509761 wave=94 turn=1 rev=pending
[log] [coop:transport] send guest t=requestTurnCommit e=1827802517509761 wave=94 turn=1 rev=877
[log] [coop:replay] guest awaitTurn turn=1 RESOLVE (buffered race) events=12
[log] [coop:transport] recv host t=requestTurnCommit e=1827802517509761 wave=94 turn=1 rev=pending handlers=1
[log] [coop:transport] send host t=turnResolution e=1827802517509761 wave=94 turn=1 rev=877 events=12 checksum=d77288b6706de9f8
[log] [coop:transport] recv host t=requestTurnCommit e=1827802517509761 wave=94 turn=1 rev=877 handlers=1
[log] [coop:transport] send host t=turnResolution e=1827802517509761 wave=94 turn=1 rev=877 events=12 checksum=d77288b6706de9f8
[log] [coop:transport] recv guest t=turnResolution e=1827802517509761 wave=94 turn=1 rev=877 events=12 checksum=d77288b6706de9f8 handlers=1
[log] [coop:transport] recv guest t=turnResolution e=1827802517509761 wave=94 turn=1 rev=877 events=12 checksum=d77288b6706de9f8 handlers=1
[log] [coop:replay] guest consume live events turn=1 count=0
[log] [coop:replay] guest replay turn=1: RESOLVE renderedLive=2 remaining=10 batch=12
[log] [coop:replay] guest replay turn=1: rendering 10 event(s)
[log] [coop:replay] guest replay turn=1: present k=message
[log] [coop:replay] guest replay turn=1: present k=moveUsed
[log] [coop:session] isCoopAuthoritativeGuestGated -> true (authoritative GUEST gates a structural mutation)
[log] [coop:replay] guest replay turn=1: present k=hp
[log] [coop:session] isCoopAuthoritativeGuestGated -> true (authoritative GUEST gates a structural mutation)
[log] [coop:replay] guest replay turn=1: present k=faint
[log] [coop:session] isCoopAuthoritativeGuestGated -> true (authoritative GUEST gates a structural mutation)
[log] [coop:replay] guest replay turn=1: present k=message
[log] [coop:replay] guest replay turn=1: present k=hp
[log] [coop:session] isCoopAuthoritativeGuestGated -> true (authoritative GUEST gates a structural mutation)
[log] [coop:replay] guest replay turn=1: present k=showAbility
[log] [coop:session] isCoopAuthoritativeGuestGated -> true (authoritative GUEST gates a structural mutation)
[log] [coop:replay] guest replay turn=1: present k=moveUsed
[log] [coop:session] isCoopAuthoritativeGuestGated -> true (authoritative GUEST gates a structural mutation)
[log] [coop:replay] guest replay turn=1: present k=hp
[log] [coop:session] isCoopAuthoritativeGuestGated -> true (authoritative GUEST gates a structural mutation)
[log] [coop:replay] guest replay turn=1: present k=faint
[log] [coop:session] isCoopAuthoritativeGuestGated -> true (authoritative GUEST gates a structural mutation)
[log] [coop:replay] guest replay turn=1: rendered phases [message=2 moveUsed=2 hp=3 faint=2 showAbility=1]
[log] [coop:replay] guest replay turn=1: unshift CoopFinalizeTurnPhase (checkpoint apply deferred)
[log] [coop:session] isCoopAuthoritativeGuestGated -> true (authoritative GUEST gates a structural mutation)
[log] [coop:stream] guest IGNORE idempotent turn duplicate e=1827802517509761 wave=94 turn=1 rev=877
[log] [coop:stream] guest IGNORE idempotent turn duplicate e=1827802517509761 wave=94 turn=1 rev=877
[log] [coop:replay] present move bi=0 moveId=85 targets=1
[log] [coop:replay] present hp bi=2 352->0/352
[log] [coop:replay] present faint bi=2 narrate=true
[log] [coop:replay] present hp bi=0 1078->726/1865
[log] [coop:session] isCoopAuthoritativeGuestGated -> true (authoritative GUEST gates a structural mutation)
[log] [coop:session] isCoopAuthoritativeGuestGated -> true (authoritative GUEST gates a structural mutation)
[log] [coop:replay] present move bi=1 moveId=247 targets=1
[log] [coop:replay] present hp bi=3 211->0/211
[log] [coop:replay] present faint bi=3 narrate=true
[log] [coop:checkpoint] guest apply field=4 weather=0 terrain=0 arenaTags=0
[log] [coop:session] isCoopAuthoritativeGuestGated -> true (authoritative GUEST gates a structural mutation)
[log] [coop:adopt] erMoneyStreaks host entries=0 -> restored (#837/#348)
[log] [coop:adopt] biomeOverstayAnchor host=null -> restored (#837/#504)
[log] [coop:adopt] erBiomeStructure host length=24 startWave=91 -> restored (#841 item 5)
[log] [coop:adopt] erRelicBattleState host wave=94 -> restored (#837)
[log] [coop:adopt] erMapState host nodes=2 travelTarget=- fragments=0 -> restored (#865/#841 item 1)
[log] [coop:adopt] erPendingNodes host count=5 revealed=2 -> restored (#865)
[log] [coop:resync] guest apply authoritativeState tick=877 wave=94 turn=1 party=6/2 field=4
[log] [coop:resync] presentation settle boundary=resync-stable side=player desired=visible ids=[178671748,1930538543] changed=0 phase=CoopFinalizeTurnPhase
[log] [coop:resync] presentation settle boundary=wave-start-pre-intro side=enemy desired=visible ids=[] changed=0 phase=CoopFinalizeTurnPhase
[warn] [coop:heal] heldItems monId=1144389446 bi=2 removed=[BASE_STAT_BOOSTER] added=[BASE_STAT_BOOSTER] -> applied
[warn] [coop:heal] heldItems bi=2 host=[BASE_STAT_BOOSTER] -> applied (rewrote to host set)
[log] [coop:interaction] interactionCounter() read -> 110 (role=guest)
[log] [coop:checksum] capture digest=d77288b6706de9f8 field=4 biome=22 seed=coop-soak-20260725 weather=0 terrain=0 money=17160 party=[493,384,890,150,382,888] partyLevels=[500,500,500,500,500,500] arenaTags=0 modifiers=6 heldItemsDigest=0 pokeballs=[0:99,1:10,2:5,3:0,4:0] mons=[bi0:sp493/hp726-1865/st0/ab121/form0/tera0:0/boss0:0 bi1:sp384/hp1287-1715/st0/ab5144/form0/tera0:15/boss0:0 bi2:sp202/hp0-352/st7/ab5070/form0/tera0:13/boss1:0 bi3:sp959/hp0-211/st7/ab5278/form0/tera0:17/boss2:0]
[log] [coop:transport] send guest t=turnCommitAck e=1827802517509761 wave=94 turn=1 rev=877 stage=materialApplied checksum=d77288b6706de9f8
[log] [coop:stream] guest ACK turn stage=materialApplied e=1827802517509761 wave=94 turn=1 rev=877
[log] [coop:checksum] guest finalize materialApplied e=1827802517509761 wave=94 turn=1 rev=877
[log] [coop:transport] recv host t=turnCommitAck e=1827802517509761 wave=94 turn=1 rev=877 stage=materialApplied checksum=d77288b6706de9f8 handlers=1
[log] [coop:stream] host ACCEPT turn ACK stage=materialApplied key=1827802517509761:94:1:877
[log] [coop:transport] send guest t=turnCommitAck e=1827802517509761 wave=94 turn=1 rev=877 stage=presentationReady checksum=d77288b6706de9f8
[log] [coop:stream] guest ACK turn stage=presentationReady e=1827802517509761 wave=94 turn=1 rev=877
[log] [coop:checksum] guest finalize presentationReady e=1827802517509761 wave=94 turn=1 rev=877
[log] [coop:replay] guest finalize turn=1: END (checkpoint applied, turn-end queued)
[log] [coop:transport] recv host t=turnCommitAck e=1827802517509761 wave=94 turn=1 rev=877 stage=presentationReady checksum=d77288b6706de9f8 handlers=1
[log] [coop:stream] host ACCEPT turn ACK stage=presentationReady key=1827802517509761:94:1:877
[log] [coop:stream] guest admitted WAVE_ADVANCE continuation e=1827802517509761 wave=94
[log] [coop:runtime] wave-advance JOURNAL bootstrap wave=94 outcome=win (ACK withheld)
[log] [coop:runtime] wave-advance JOURNAL queued safe-boundary wake wave=94 unparkedReplay=0
[log] [coop:runtime] wave-advance op JOURNAL cursor-advanced id=1827802517509761:0:WAVE_ADVANCE:94 rev=221 dataApplied=false continuationReady=false (DATA applies at BattleEnd; retained ACK awaits DATA + destination continuation)
[log] [coop:transport] send guest t=coopAck cls=op:global seq=221
[log] [coop:replay] guest RECV waveEndState wave=94 tick=878
[log] [coop:runtime] ignore raw waveEndState for correctness wave=94 tick=878
[log] [coop:relay] RECV rewardOptions key=110:0 -> BUFFER rewardOptionsInbox (latest-wins) count=4
[log] [coop:rendezvous] RECV arrival point=shop:94:110 -> BUFFER (no waiter yet) role=guest
[log] [coop:transport] recv host t=coopAck cls=op:global seq=221 handlers=1
[log] [coop:session] isCoopAuthoritativeGuestGated -> true (authoritative GUEST gates a structural mutation)
[log] [coop:session] isCoopAuthoritativeGuestGated -> true (authoritative GUEST gates a structural mutation)
[log] [coop:session] isCoopAuthoritativeGuestGated -> true (authoritative GUEST gates a structural mutation)
[log] [coop:session] isCoopAuthoritativeGuestGated -> true (authoritative GUEST gates a structural mutation)
[log] [coop:session] isCoopAuthoritativeGuestGated -> true (authoritative GUEST gates a structural mutation)
[log] [coop:runtime] consume wave-advance wave=94 outcome=win transition=WAVE_VICTORY/next95/biome0/egg1/wild (lastResolved 93 -> 94)
[log] [coop:replay] guest wave-advance outcome=win wave=94 next=WAVE_VICTORY/wave95 biomeChange=false eggLapse=true victoryKind=wild battleType=WILD queues=VictoryPhase (host-stated)
[warn] [coop:replay] guest wave-advance wave=94: replacing speculative future queue [CommandPhase,CommandPhase,TurnStartPhase]
[log] [coop:session] isCoopAuthoritativeGuestGated -> true (authoritative GUEST gates a structural mutation)
[log] [coop:progression] GUEST applyPartyExp SKIP wave=94 koMon=Tinkaton (awaiting host waveEndState)
[log] [coop-diag] VictoryPhase win-branch role=guest battleType=WILD queuesTrainerVictory=false queuesSelectModifier=true wave=94
[log] [coop:session] isCoopAuthoritativeGuestGated -> true (authoritative GUEST gates a structural mutation)
[log] [coop:session] isCoopAuthoritativeGuestGated -> true (authoritative GUEST gates a structural mutation)
[log] [coop-diag] VictoryTail role=guest wave=94 source=host-stated trainer=false egg=true biomeShop=false biomeChange=false crossroads=false nextWave=95
[log] [coop:session] isCoopAuthoritativeGuestGated -> true (authoritative GUEST gates a structural mutation)
[log] [coop:session] isCoopAuthoritativeGuestGated -> true (authoritative GUEST gates a structural mutation)
[log] [coop:session] isCoopAuthoritativeGuestGated -> true (authoritative GUEST gates a structural mutation)
[log] [coop:adopt] erMoneyStreaks host entries=0 -> restored (#837/#348)
[log] [coop:adopt] biomeOverstayAnchor host=null -> restored (#837/#504)
[log] [coop:adopt] erBiomeStructure host length=24 startWave=91 -> restored (#841 item 5)
[log] [coop:adopt] erRelicBattleState host wave=94 -> restored (#837)
[log] [coop:adopt] erMapState host nodes=2 travelTarget=- fragments=0 -> restored (#865/#841 item 1)
[log] [coop:adopt] erPendingNodes host count=5 revealed=2 -> restored (#865)
[log] [coop:resync] guest apply authoritativeState tick=878 wave=94 turn=2 party=6/2 field=4
[log] [coop:resync] presentation settle boundary=resync-stable side=player desired=visible ids=[178671748,1930538543] changed=0 phase=BattleEndPhase
[log] [coop:resync] presentation settle boundary=wave-start-pre-intro side=enemy desired=visible ids=[] changed=0 phase=BattleEndPhase
[log] [coop:runtime] wave-advance retained DATA boundary admitted wave=94
[log] [coop:progression] retained WAVE_ADVANCE DATA applied wave=94 tick=878
[log] [coop:progression] GUEST retained WAVE_ADVANCE BattleEnd release wave=94
[log] [coop:progression] GUEST automatic victory settlement admitted wave=94 turn=2
[log] [coop:interaction] interactionCounter() read -> 110 (role=guest)
[log] [coop:checksum] capture digest=d77288b6706de9f8 field=4 biome=22 seed=coop-soak-20260725 weather=0 terrain=0 money=17160 party=[493,384,890,150,382,888] partyLevels=[500,500,500,500,500,500] arenaTags=0 modifiers=6 heldItemsDigest=0 pokeballs=[0:99,1:10,2:5,3:0,4:0] mons=[bi0:sp493/hp726-1865/st0/ab121/form0/tera0:0/boss0:0 bi1:sp384/hp1287-1715/st0/ab5144/form0/tera0:15/boss0:0 bi2:sp202/hp0-352/st7/ab5070/form0/tera0:13/boss1:0 bi3:sp959/hp0-211/st7/ab5278/form0/tera0:17/boss2:0]
[log] [coop:interaction] interactionCounter() read -> 110 (role=guest)
[log] [coop:owner] ownerOf(counter=110) seat=0 -> owner=host
[log] [coop:owner] isLocalOwnerAtCounter(pinnedCounter=110) parity=0 owner=host role=guest -> false
[log] [coop:interaction] interactionCounter() read -> 110 (role=guest)
[log] [coop:reward] owner/watcher decision: pinnedStart=110 liveCounter=110 parity=0 role=guest pick=WATCHER option=ADOPT spoof=false
[log] [coop:rendezvous] ARRIVE point=shop:94:110 (send) role=guest
[log] [coop:transport] send guest t=rendezvous point=shop:94:110
[log] [coop:reward] WATCHER waits for partner's reward picks (start=110 role=guest wave=94)
[log] [coop:reward] WATCHER awaiting owner reward options (start=110 reroll=0 localCount=0)
[log] [coop:relay] AWAIT rewardOptions key=110:0 timeoutMs=1200000 -> BUFFER-HIT resolve count=4
[log] [coop:transport] recv host t=rendezvous point=shop:94:110 handlers=1
[log] [coop:shop] reconstructRewardOptions OK count=4 ids=[PP_UP,POTION,BERRY,TEMP_STAT_STAGE_BOOSTER]
[log] [coop:reward] WATCHER ADOPTED owner reward options (was=0 now=4 ids=[PP_UP,POTION,BERRY,TEMP_STAT_STAGE_BOOSTER])
[log] [coop:transport] send guest t=turnCommitAck e=1827802517509761 wave=94 turn=1 rev=877 stage=continuationReady checksum=d77288b6706de9f8
[log] [coop:stream] guest ACK turn stage=continuationReady e=1827802517509761 wave=94 turn=1 rev=877
[log] [coop:stream] guest continuation surface=sharedInput e=1827802517509761 wave=94 turn=2 waiting=1 released=1
[log] [coop:transport] recv host t=turnCommitAck e=1827802517509761 wave=94 turn=1 rev=877 stage=continuationReady checksum=d77288b6706de9f8 handlers=1
[log] [coop:progression] retained WAVE_ADVANCE continuationReady wave=94
[log] [coop:transport] send guest t=coopAck cls=op:global seq=221
[log] [coop:transport] send guest t=coopAck cls=op:global seq=221
[log] [coop:transport] send guest t=coopAck cls=op:global seq=221
[log] [coop:interaction] mirror begin role=watcher mirrorSeq=7040 interactionStart=110 reroll=0
[log] [coop:interaction] uiMirror beginSession role=watcher mode=6 seq=7040 early=0
[log] [coop:transport] recv host t=coopAck cls=op:global seq=221 handlers=1
[log] [coop:transport] recv host t=coopAck cls=op:global seq=221 handlers=1
[log] [coop:transport] recv host t=coopAck cls=op:global seq=221 handlers=1
[log] [coop:relay] AWAIT interactionChoice seq=110 timeoutMs=1200000 expected=[reward,shop,skip,reroll,check,transfer,lock] -> network-wait
[log] [coop:transport] recv guest t=envelope t=envelope handlers=1
[log] [coop:transport] send guest t=coopAck cls=op:global seq=221
[log] [coop:transport] send guest t=coopAck cls=op:global seq=221
[log] [coop:transport] send guest t=coopAck cls=op:global seq=221
[log] [coop:transport] recv host t=coopAck cls=op:global seq=221 handlers=1
[log] [coop:transport] recv host t=coopAck cls=op:global seq=221 handlers=1
[log] [coop:transport] recv host t=coopAck cls=op:global seq=221 handlers=1
[log] [coop:rendezvous] RECV arrival point=shop:94:110 -> DUPLICATE (already seen) role=guest
[log] [coop:adopt] erMoneyStreaks host entries=0 -> restored (#837/#348)
[log] [coop:adopt] biomeOverstayAnchor host=null -> restored (#837/#504)
[log] [coop:adopt] erBiomeStructure host length=24 startWave=91 -> restored (#841 item 5)
[log] [coop:adopt] erRelicBattleState host wave=94 -> restored (#837)
[log] [coop:adopt] erMapState host nodes=2 travelTarget=- fragments=0 -> restored (#865/#841 item 1)
[log] [coop:adopt] erPendingNodes host count=5 revealed=2 -> restored (#865)
[log] [coop:resync] guest apply authoritativeState tick=879 wave=94 turn=2 party=6/2 field=4
[log] [coop:resync] presentation settle boundary=resync-stable side=player desired=visible ids=[178671748,1930538543] changed=0 phase=SelectModifierPhase
[log] [coop:resync] presentation settle boundary=wave-start-pre-intro side=enemy desired=visible ids=[] changed=0 phase=SelectModifierPhase
[log] [coop:relay] DELIVER interactionChoice seq=110 -> waiter kind=skip choice=-1 data=-
[log] [coop:relay] AWAIT interactionChoice seq=110 RESOLVE kind=skip choice=-1 data=-
[log] [coop:reward] shop authoritative RESULT applied-before-render kind=REWARD id=1827802517509761:0:REWARD:11000000 rev=222 tick=879
[log] [coop:transport] send guest t=coopAck cls=op:global seq=222
[log] [coop:reward] reward op WATCHER materialize retained choice=-1 terminal=true id=1827802517509761:0:REWARD:11000000
[log] [coop:reward] WATCHER applying relayed action seq=110 act=LEAVE choice=-1 data=-
[log] [coop:v2-interaction] terminal proof recorded op=1827802517509761:0:REWARD:11000000 role=guest seat=1 duplicate=0 ambient=1
[log] [coop:v2-interaction] phase terminal proof op=1827802517509761:0:REWARD:11000000 route=constructor-fallback accepted=1
[log] [coop:interaction] interactionCounter() read -> 110 (role=guest)
[log] [coop:interaction] CoopInteractionTurn.advance INCREMENT (fromCounter=110) counter 110 -> 111
[log] [coop:interaction] advanceInteraction ADVANCED+BROADCAST (fromCounter=110) counter 110 -> 111 role=guest; send interaction screen=__turn__ choice=111
[log] [coop:interaction] SEND counter snapshot reason=advance choice=111 role=guest
[log] [coop:transport] send guest t=interaction screen=__turn__
[log] [coop:owner] ownerOf(counter=111) seat=1 -> owner=guest
[log] [coop:owner] ownerOf(counter=111) seat=1 -> owner=guest
[log] [coop:interaction] interactionCounter() read -> 111 (role=guest)
[log] [coop:reward] advance interaction (role=guest from=110 counter 110 -> 111)
[log] [coop:session] isCoopAuthoritativeGuestGated -> true (authoritative GUEST gates a structural mutation)
[log] [coop:transport] recv host t=coopAck cls=op:global seq=222 handlers=1
[log] [coop:transport] recv host t=interaction screen=__turn__ handlers=1
[log] [coop:interaction] interactionCounter() read -> 111 (role=guest)
[log] [coop:interaction] interactionCounter() read -> 111 (role=guest)
[log] [coop:interaction] RECV interaction broadcast (deferred catch-up net) received=111 localBefore=111 role=guest -> no defer (local >= received)
[warn] [coop:interaction] CoopInteractionTurn.mergeRemote DEFER (remote=111, counter=111, pendingRemote=111) live counter UNCHANGED (folds in at next advance if still ahead)
[log] [coop:owner] ownerOf(counter=111) seat=1 -> owner=guest
[log] [coop:owner] ownerOf(counter=111) seat=1 -> owner=guest
[log] [coop:replay] guest RECV enemyPartySync wave=95 count=5 -> buffered (no waiter)
[log] [coop:replay] guest RECV entry presentation wave=95 stateTick=881 events=14 buffered
[log] [coop:replay] guest RECV enemyPartySync wave=95 count=5 -> buffered (no waiter)
[log] [coop:rendezvous] RECV arrival point=cmd:95:1 -> BUFFER (no waiter yet) role=guest
[log] [coop:session] isCoopAuthoritativeGuestGated -> true (authoritative GUEST gates a structural mutation)
[log] [coop:interaction] interactionCounter() read -> 111 (role=guest)
[log] [coop:stream] guest consumeEnemyParty wave=95 -> 5 enemies
[log] [coop:enemy] buildCoopEnemy ADOPT trainerSlot=1 species=257 form=0 lv=76 abilityIdx=0 nature=0 gender=0 shiny=false tera=0:9 hp=250/250 moves=4 heldItems=4
[log] [coop:enemy] buildCoopEnemy ADOPT trainerSlot=1 species=398 form=0 lv=73 abilityIdx=0 nature=0 gender=1 shiny=false tera=0:0 hp=229/229 moves=4 heldItems=4
[log] [coop:enemy] buildCoopEnemy ADOPT trainerSlot=1 species=752 form=0 lv=71 abilityIdx=0 nature=0 gender=0 shiny=false tera=0:10 hp=199/199 moves=4 heldItems=5
[log] [coop:enemy] buildCoopEnemy ADOPT trainerSlot=1 species=4080 form=0 lv=71 abilityIdx=1 nature=0 gender=1 shiny=false tera=0:13 hp=237/237 moves=4 heldItems=5
[log] [coop:enemy] buildCoopEnemy ADOPT trainerSlot=1 species=376 form=0 lv=69 abilityIdx=0 nature=0 gender=-1 shiny=false tera=0:13 hp=210/210 moves=4 heldItems=4
[log] [coop:adopt] erMoneyStreaks host entries=0 -> restored (#837/#348)
[log] [coop:adopt] biomeOverstayAnchor host=null -> restored (#837/#504)
[log] [coop:adopt] erBiomeStructure host length=24 startWave=91 -> restored (#841 item 5)
[log] [coop:adopt] erRelicBattleState host wave=95 -> restored (#837)
[log] [coop:adopt] erMapState host nodes=2 travelTarget=- fragments=0 -> restored (#865/#841 item 1)
[log] [coop:adopt] erPendingNodes host count=5 revealed=2 -> restored (#865)
[log] [coop:resync] guest apply authoritativeState tick=881 wave=95 turn=1 party=6/5 field=4
[log] [coop:resync] presentation settle boundary=resync-stable side=player desired=visible ids=[178671748,1930538543] changed=0 phase=NextEncounterPhase
[log] [coop:resync] presentation settle boundary=resync-stable side=enemy desired=visible ids=[1871253859,2667023250] changed=2 phase=NextEncounterPhase
[log] [coop:resync] render differ: newly presented id=1871253859 key=pkmn__257 -> load atlas
[log] [coop:resync] render differ: newly presented id=2667023250 key=pkmn__398 -> load atlas
[log] [coop:renderer] authoritative trainer intro cleared pokeball trays player=true enemy=true
[log] [coop:resync] presentation settle boundary=encounter-summon side=enemy desired=visible ids=[1871253859,2667023250] changed=0 phase=NextEncounterPhase
[log] [coop:resync] presentation settle boundary=launch-ready side=player desired=visible ids=[178671748,1930538543] changed=0 phase=NextEncounterPhase
[log] [coop:session] isCoopAuthoritativeGuestGated -> true (authoritative GUEST gates a structural mutation)
[log] [coop:session] isCoopAuthoritativeGuestGated -> true (authoritative GUEST gates a structural mutation)
[log] [coop:session] isCoopAuthoritativeGuestGated -> true (authoritative GUEST gates a structural mutation)
[log] [coop:session] isCoopAuthoritativeGuestGated -> true (authoritative GUEST gates a structural mutation)
[log] [coop:session] isCoopAuthoritativeGuestGated -> true (authoritative GUEST gates a structural mutation)
[log] [coop:session] isCoopAuthoritativeGuestGated -> true (authoritative GUEST gates a structural mutation)
[log] [coop:replay] guest replay turn=1: awaiting retained entry presentation
[warn] [coop:resync] authoritativeState tick=881 STALE (lastApplied=881) -> REJECTED (#807)
[log] [coop:adopt] erMoneyStreaks host entries=0 -> restored (#837/#348)
[log] [coop:adopt] biomeOverstayAnchor host=null -> restored (#837/#504)
[log] [coop:adopt] erBiomeStructure host length=24 startWave=91 -> restored (#841 item 5)
[log] [coop:adopt] erRelicBattleState host wave=95 -> restored (#837)
[log] [coop:adopt] erMapState host nodes=2 travelTarget=- fragments=0 -> restored (#865/#841 item 1)
[log] [coop:adopt] erPendingNodes host count=5 revealed=2 -> restored (#865)
[log] [coop:resync] guest reassert authoritativeState tick=881 wave=95 turn=1 party=6/5 field=4
[log] [coop:resync] presentation settle boundary=resync-stable side=player desired=visible ids=[178671748,1930538543] changed=0 phase=CoopReplayTurnPhase
[log] [coop:resync] presentation settle boundary=resync-stable side=enemy desired=visible ids=[1871253859,2667023250] changed=0 phase=CoopReplayTurnPhase
[log] [coop:replay] guest replay turn=1: rendering 14 event(s)
[log] [coop:replay] guest replay turn=1: present k=showAbility
[log] [coop:session] isCoopAuthoritativeGuestGated -> true (authoritative GUEST gates a structural mutation)
[log] [coop:replay] guest replay turn=1: present k=message
[log] [coop:turn] host recorder: append turn=1 seq=14 k=message total=15 live=true
[log] [coop:replay] guest replay turn=1: present k=statStage
[log] [coop:session] isCoopAuthoritativeGuestGated -> true (authoritative GUEST gates a structural mutation)
[log] [coop:replay] guest replay turn=1: present k=message
[log] [coop:turn] host recorder: append turn=1 seq=15 k=message total=16 live=true
[log] [coop:replay] guest replay turn=1: present k=statStage
[log] [coop:session] isCoopAuthoritativeGuestGated -> true (authoritative GUEST gates a structural mutation)
[log] [coop:replay] guest replay turn=1: present k=message
[log] [coop:turn] host recorder: append turn=1 seq=16 k=message total=17 live=true
[log] [coop:replay] guest replay turn=1: present k=statStage
[log] [coop:session] isCoopAuthoritativeGuestGated -> true (authoritative GUEST gates a structural mutation)
[log] [coop:replay] guest replay turn=1: present k=message
[log] [coop:turn] host recorder: append turn=1 seq=17 k=message total=18 live=true
[log] [coop:replay] guest replay turn=1: present k=statStage
[log] [coop:session] isCoopAuthoritativeGuestGated -> true (authoritative GUEST gates a structural mutation)
[log] [coop:replay] guest replay turn=1: present k=showAbility
[log] [coop:session] isCoopAuthoritativeGuestGated -> true (authoritative GUEST gates a structural mutation)
[log] [coop:replay] guest replay turn=1: present k=message
[log] [coop:turn] host recorder: append turn=1 seq=18 k=message total=19 live=true
[log] [coop:replay] guest replay turn=1: present k=statStage
[log] [coop:session] isCoopAuthoritativeGuestGated -> true (authoritative GUEST gates a structural mutation)
[log] [coop:replay] guest replay turn=1: present k=message
[log] [coop:turn] host recorder: append turn=1 seq=19 k=message total=20 live=true
[log] [coop:replay] guest replay turn=1: present k=statStage
[log] [coop:session] isCoopAuthoritativeGuestGated -> true (authoritative GUEST gates a structural mutation)
[log] [coop:replay] guest replay turn=1: rendered phases [showAbility=2 message=6 statStage=6]
[log] [coop:replay] guest replay turn=1: retained entry presentation queued stateTick=881 events=14; awaiting exact outcome proof
[log] [coop:session] isCoopAuthoritativeGuestGated -> true (authoritative GUEST gates a structural mutation)
[log] [coop:session] isCoopAuthoritativeGuestGated -> true (authoritative GUEST gates a structural mutation)
[log] [coop:session] isCoopAuthoritativeGuestGated -> true (authoritative GUEST gates a structural mutation)
[log] [coop:replay] present statStage bi=3 stat=1 -> -1
[log] [coop:replay] present statStage bi=3 stat=1 set to -1 NO tween (delta=0 anims=false)
[log] [coop:replay] present statStage bi=3 stat=3 -> -1
[log] [coop:replay] present statStage bi=3 stat=3 set to -1 NO tween (delta=0 anims=false)
[log] [coop:replay] present statStage bi=2 stat=1 -> -1
[log] [coop:replay] present statStage bi=2 stat=1 set to -1 NO tween (delta=0 anims=false)
[log] [coop:replay] present statStage bi=2 stat=3 -> -1
[log] [coop:replay] present statStage bi=2 stat=3 set to -1 NO tween (delta=0 anims=false)
[log] [coop:session] isCoopAuthoritativeGuestGated -> true (authoritative GUEST gates a structural mutation)
[log] [coop:session] isCoopAuthoritativeGuestGated -> true (authoritative GUEST gates a structural mutation)
[log] [coop:replay] present statStage bi=0 stat=1 -> -1
[log] [coop:replay] present statStage bi=0 stat=1 set to -1 NO tween (delta=0 anims=false)
[log] [coop:replay] present statStage bi=1 stat=1 -> -1
[log] [coop:replay] present statStage bi=1 stat=1 set to -1 NO tween (delta=0 anims=false)
[log] [coop:replay] guest entry presentation PROVED wave=95 turn=1 events=14
[log] [coop:renderer] command presentation postcondition hid stale enemy trainer
[log] [coop:stream] guest consumeEnemyParty wave=95 -> null (buffered=none)
[log] [coop:battle] CommandPhase slot=0 turn=1 owner=host role=guest -> partner path
[log] [coop:stream] guest consumeEnemyParty wave=95 -> null (buffered=none)
[log] [coop:rendezvous] ARRIVE point=cmd:95:1 (send) role=guest
[log] [coop:transport] send guest t=rendezvous point=cmd:95:1
[log] [coop:rendezvous] next-command barrier cmd:95:1 SYNC pass (partner already arrived)
[log] [coop:stream] guest consumeEnemyParty wave=95 -> null (buffered=none)
[log] [coop:transport] send guest t=coopAck cls=op:global seq=222
[log] [coop:transport] send guest t=coopAck cls=op:global seq=222
[log] [coop:transport] recv host t=rendezvous point=cmd:95:1 handlers=1
[log] [coop:transport] recv host t=coopAck cls=op:global seq=222 handlers=1
[log] [coop:transport] recv host t=coopAck cls=op:global seq=222 handlers=1
[log] [coop:rendezvous] RECV arrival point=cmd:95:1 -> DUPLICATE (already seen) role=guest
[log] [coop:replay] guest IGNORE duplicate consumed entry presentation wave=95
[log] [coop:replay] guest RECV enemyPartySync wave=95 count=5 -> buffered (no waiter)
[log] [coop:interaction] interactionCounter() read -> 111 (role=guest)
[log] [coop:checksum] capture digest=7439a4371884e2a2 field=4 biome=22 seed=coop-soak-20260725 weather=0 terrain=0 money=17160 party=[493,384,890,150,382,888] partyLevels=[500,500,500,500,500,500] arenaTags=0 modifiers=6 heldItemsDigest=8 pokeballs=[0:99,1:10,2:5,3:0,4:0] mons=[bi0:sp493/hp726-1865/st0/ab121/form0/tera0:0/boss0:0 bi1:sp384/hp1287-1715/st0/ab5144/form0/tera0:15/boss0:0 bi2:sp257/hp250-250/st0/ab5514/form0/tera0:9/boss0:0 bi3:sp398/hp229-229/st0/ab5078/form0/tera0:0/boss0:0]
[log] [coop:interaction] interactionCounter() read -> 111 (role=guest)
[log] [coop:replay] guest IGNORE duplicate consumed entry presentation wave=95
[log] [coop:replay] guest RECV enemyPartySync wave=95 count=5 -> buffered (no waiter)
[log] [coop:replay] guest RECV turnResolution e=1827802517509761 wave=95 turn=1 events=29 checksum=d07f96db264cce19 -> buffered (no waiter)
[log] [coop:session] isCoopAuthoritativeGuestGated -> true (authoritative GUEST gates a structural mutation)
[log] [coop:replay] guest replay turn=1: live pump start mode=turn
[log] [coop:replay] guest replay turn=1: advance local watermark 0->14
[log] [coop:session] isCoopAuthoritativeGuestGated -> true (authoritative GUEST gates a structural mutation)
[log] [coop:transport] send guest t=requestTurnCommit e=1827802517509761 wave=95 turn=1 rev=pending
[log] [coop:transport] send guest t=requestTurnCommit e=1827802517509761 wave=95 turn=1 rev=885
[log] [coop:replay] guest awaitTurn turn=1 RESOLVE (buffered race) events=29
[log] [coop:transport] recv host t=requestTurnCommit e=1827802517509761 wave=95 turn=1 rev=pending handlers=1
[log] [coop:transport] send host t=turnResolution e=1827802517509761 wave=95 turn=1 rev=885 events=29 checksum=d07f96db264cce19
[log] [coop:transport] recv host t=requestTurnCommit e=1827802517509761 wave=95 turn=1 rev=885 handlers=1
[log] [coop:transport] send host t=turnResolution e=1827802517509761 wave=95 turn=1 rev=885 events=29 checksum=d07f96db264cce19
[log] [coop:transport] recv guest t=turnResolution e=1827802517509761 wave=95 turn=1 rev=885 events=29 checksum=d07f96db264cce19 handlers=1
[log] [coop:transport] recv guest t=turnResolution e=1827802517509761 wave=95 turn=1 rev=885 events=29 checksum=d07f96db264cce19 handlers=1
[log] [coop:replay] guest consume live events turn=1 count=0
[log] [coop:replay] guest replay turn=1: RESOLVE renderedLive=14 remaining=15 batch=29
[log] [coop:replay] guest replay turn=1: rendering 15 event(s)
[log] [coop:replay] guest replay turn=1: present k=message
[log] [coop:replay] guest replay turn=1: present k=message
[log] [coop:replay] guest replay turn=1: present k=message
[log] [coop:replay] guest replay turn=1: present k=message
[log] [coop:replay] guest replay turn=1: present k=message
[log] [coop:replay] guest replay turn=1: present k=message
[log] [coop:replay] guest replay turn=1: present k=tera
[log] [coop:session] isCoopAuthoritativeGuestGated -> true (authoritative GUEST gates a structural mutation)
[log] [coop:replay] guest replay turn=1: present k=message
[log] [coop:replay] guest replay turn=1: present k=moveUsed
[log] [coop:session] isCoopAuthoritativeGuestGated -> true (authoritative GUEST gates a structural mutation)
[log] [coop:replay] guest replay turn=1: present k=hp
[log] [coop:session] isCoopAuthoritativeGuestGated -> true (authoritative GUEST gates a structural mutation)
[log] [coop:replay] guest replay turn=1: present k=faint
[log] [coop:session] isCoopAuthoritativeGuestGated -> true (authoritative GUEST gates a structural mutation)
[log] [coop:replay] guest replay turn=1: present k=message
[log] [coop:replay] guest replay turn=1: present k=moveUsed
[log] [coop:session] isCoopAuthoritativeGuestGated -> true (authoritative GUEST gates a structural mutation)
[log] [coop:replay] guest replay turn=1: present k=hp
[log] [coop:session] isCoopAuthoritativeGuestGated -> true (authoritative GUEST gates a structural mutation)
[log] [coop:replay] guest replay turn=1: present k=faint
[log] [coop:session] isCoopAuthoritativeGuestGated -> true (authoritative GUEST gates a structural mutation)
[log] [coop:replay] guest replay turn=1: rendered phases [message=8 tera=1 moveUsed=2 hp=2 faint=2]
[log] [coop:replay] guest replay turn=1: unshift CoopFinalizeTurnPhase (checkpoint apply deferred)
[log] [coop:session] isCoopAuthoritativeGuestGated -> true (authoritative GUEST gates a structural mutation)
[log] [coop:stream] guest IGNORE idempotent turn duplicate e=1827802517509761 wave=95 turn=1 rev=885
[log] [coop:stream] guest IGNORE idempotent turn duplicate e=1827802517509761 wave=95 turn=1 rev=885
[log] [coop:replay] present move bi=0 moveId=53 targets=1
[log] [coop:replay] present hp bi=2 250->0/250
[log] [coop:replay] present faint bi=2 narrate=true
[log] [coop:replay] present move bi=1 moveId=34 targets=1
[log] [coop:replay] present hp bi=3 229->0/229
[log] [coop:replay] present faint bi=3 narrate=true
[log] [coop:checkpoint] guest apply field=4 weather=0 terrain=0 arenaTags=0
[log] [coop:session] isCoopAuthoritativeGuestGated -> true (authoritative GUEST gates a structural mutation)
[log] [coop:adopt] erMoneyStreaks host entries=0 -> restored (#837/#348)
[log] [coop:adopt] biomeOverstayAnchor host=null -> restored (#837/#504)
[log] [coop:adopt] erBiomeStructure host length=24 startWave=91 -> restored (#841 item 5)
[log] [coop:adopt] erRelicBattleState host wave=95 -> restored (#837)
[log] [coop:adopt] erMapState host nodes=2 travelTarget=- fragments=0 -> restored (#865/#841 item 1)
[log] [coop:adopt] erPendingNodes host count=5 revealed=2 -> restored (#865)
[log] [coop:resync] guest apply authoritativeState tick=885 wave=95 turn=1 party=6/5 field=4
[log] [coop:resync] presentation settle boundary=resync-stable side=player desired=visible ids=[178671748,1930538543] changed=0 phase=CoopFinalizeTurnPhase
[log] [coop:resync] presentation settle boundary=wave-start-pre-intro side=enemy desired=visible ids=[] changed=0 phase=CoopFinalizeTurnPhase
[warn] [coop:heal] heldItems monId=1871253859 bi=2 removed=[BASE_STAT_BOOSTER,BASE_STAT_BOOSTER] added=[BASE_STAT_BOOSTER,BASE_STAT_BOOSTER] -> applied
[warn] [coop:heal] heldItems bi=2 host=[BASE_STAT_BOOSTER,BASE_STAT_BOOSTER] -> applied (rewrote to host set)
[warn] [coop:heal] heldItems monId=2667023250 bi=3 removed=[BASE_STAT_BOOSTER] added=[BASE_STAT_BOOSTER] -> applied
[warn] [coop:heal] heldItems bi=3 host=[BASE_STAT_BOOSTER] -> applied (rewrote to host set)
[log] [coop:interaction] interactionCounter() read -> 111 (role=guest)
[log] [coop:checksum] capture digest=d07f96db264cce19 field=4 biome=22 seed=coop-soak-20260725 weather=0 terrain=0 money=17160 party=[493,384,890,150,382,888] partyLevels=[500,500,500,500,500,500] arenaTags=0 modifiers=6 heldItemsDigest=0 pokeballs=[0:99,1:10,2:5,3:0,4:0] mons=[bi0:sp493/hp726-1865/st0/ab121/form0/tera0:0/boss0:0 bi1:sp384/hp1287-1715/st0/ab5144/form0/tera0:15/boss0:0 bi2:sp257/hp0-250/st7/ab5514/form0/tera0:9/boss0:0 bi3:sp398/hp0-229/st7/ab5078/form0/tera0:0/boss0:0]
[log] [coop:transport] send guest t=turnCommitAck e=1827802517509761 wave=95 turn=1 rev=885 stage=materialApplied checksum=d07f96db264cce19
[log] [coop:stream] guest ACK turn stage=materialApplied e=1827802517509761 wave=95 turn=1 rev=885
[log] [coop:checksum] guest finalize materialApplied e=1827802517509761 wave=95 turn=1 rev=885
[log] [coop:transport] recv host t=turnCommitAck e=1827802517509761 wave=95 turn=1 rev=885 stage=materialApplied checksum=d07f96db264cce19 handlers=1
[log] [coop:stream] host ACCEPT turn ACK stage=materialApplied key=1827802517509761:95:1:885
[log] [coop:transport] send guest t=turnCommitAck e=1827802517509761 wave=95 turn=1 rev=885 stage=presentationReady checksum=d07f96db264cce19
[log] [coop:stream] guest ACK turn stage=presentationReady e=1827802517509761 wave=95 turn=1 rev=885
[log] [coop:checksum] guest finalize presentationReady e=1827802517509761 wave=95 turn=1 rev=885
[log] [coop:replay] guest finalize turn=1: END (checkpoint applied, turn-end queued)
[log] [coop:transport] recv host t=turnCommitAck e=1827802517509761 wave=95 turn=1 rev=885 stage=presentationReady checksum=d07f96db264cce19 handlers=1
[log] [coop:stream] host ACCEPT turn ACK stage=presentationReady key=1827802517509761:95:1:885
[log] [coop:rendezvous] ARRIVE point=cmd:95:2 (send) role=guest
[log] [coop:transport] send guest t=rendezvous point=cmd:95:2
[log] [coop:rendezvous] RECV arrival point=cmd:95:2 -> BUFFER (no waiter yet) role=guest
[log] [coop:session] isCoopAuthoritativeGuestGated -> true (authoritative GUEST gates a structural mutation)
[log] [coop:session] isCoopAuthoritativeGuestGated -> true (authoritative GUEST gates a structural mutation)
[log] [coop:session] isCoopAuthoritativeGuestGated -> true (authoritative GUEST gates a structural mutation)
[log] [coop:session] isCoopAuthoritativeGuestGated -> true (authoritative GUEST gates a structural mutation)
[log] [coop:session] isCoopAuthoritativeGuestGated -> true (authoritative GUEST gates a structural mutation)
[log] [coop:battle] CommandPhase slot=0 turn=2 owner=host role=guest -> partner path
[log] [coop:rendezvous] next-command barrier cmd:95:2 SYNC pass (partner already arrived)
[log] [coop:transport] send guest t=turnCommitAck e=1827802517509761 wave=95 turn=1 rev=885 stage=continuationReady checksum=d07f96db264cce19
[log] [coop:stream] guest ACK turn stage=continuationReady e=1827802517509761 wave=95 turn=1 rev=885
[log] [coop:stream] guest continuation surface=command e=1827802517509761 wave=95 turn=2 waiting=1 released=1
[log] [coop:transport] recv host t=turnCommitAck e=1827802517509761 wave=95 turn=1 rev=885 stage=continuationReady checksum=d07f96db264cce19 handlers=1
[log] [coop:replay] guest RECV turnResolution e=1827802517509761 wave=95 turn=2 events=12 checksum=1e4477a89357302e -> buffered (no waiter)
[log] [coop:session] isCoopAuthoritativeGuestGated -> true (authoritative GUEST gates a structural mutation)
[log] [coop:replay] guest replay turn=2: live pump start mode=turn
[log] [coop:transport] send guest t=requestTurnCommit e=1827802517509761 wave=95 turn=2 rev=pending
[log] [coop:transport] send guest t=requestTurnCommit e=1827802517509761 wave=95 turn=2 rev=887
[log] [coop:replay] guest awaitTurn turn=2 RESOLVE (buffered race) events=12
[log] [coop:transport] recv host t=requestTurnCommit e=1827802517509761 wave=95 turn=2 rev=pending handlers=1
[log] [coop:transport] send host t=turnResolution e=1827802517509761 wave=95 turn=2 rev=887 events=12 checksum=1e4477a89357302e
[log] [coop:transport] recv host t=requestTurnCommit e=1827802517509761 wave=95 turn=2 rev=887 handlers=1
[log] [coop:transport] send host t=turnResolution e=1827802517509761 wave=95 turn=2 rev=887 events=12 checksum=1e4477a89357302e
[log] [coop:transport] recv guest t=turnResolution e=1827802517509761 wave=95 turn=2 rev=887 events=12 checksum=1e4477a89357302e handlers=1
[log] [coop:transport] recv guest t=turnResolution e=1827802517509761 wave=95 turn=2 rev=887 events=12 checksum=1e4477a89357302e handlers=1
[log] [coop:replay] guest consume live events turn=2 count=0
[log] [coop:replay] guest replay turn=2: RESOLVE renderedLive=0 remaining=12 batch=12
[log] [coop:replay] guest replay turn=2: rendering 12 event(s)
[log] [coop:replay] guest replay turn=2: present k=switch
[log] [coop:session] isCoopAuthoritativeGuestGated -> true (authoritative GUEST gates a structural mutation)
[log] [coop:replay] guest replay turn=2: present k=showAbility
[log] [coop:session] isCoopAuthoritativeGuestGated -> true (authoritative GUEST gates a structural mutation)
[log] [coop:replay] guest replay turn=2: present k=message
[log] [coop:replay] guest replay turn=2: present k=statStage
[log] [coop:session] isCoopAuthoritativeGuestGated -> true (authoritative GUEST gates a structural mutation)
[log] [coop:replay] guest replay turn=2: present k=switch
[log] [coop:session] isCoopAuthoritativeGuestGated -> true (authoritative GUEST gates a structural mutation)
[log] [coop:replay] guest replay turn=2: present k=moveUsed
[log] [coop:session] isCoopAuthoritativeGuestGated -> true (authoritative GUEST gates a structural mutation)
[log] [coop:replay] guest replay turn=2: present k=hp
[log] [coop:session] isCoopAuthoritativeGuestGated -> true (authoritative GUEST gates a structural mutation)
[log] [coop:replay] guest replay turn=2: present k=faint
[log] [coop:session] isCoopAuthoritativeGuestGated -> true (authoritative GUEST gates a structural mutation)
[log] [coop:replay] guest replay turn=2: present k=moveUsed
[log] [coop:session] isCoopAuthoritativeGuestGated -> true (authoritative GUEST gates a structural mutation)
[log] [coop:replay] guest replay turn=2: present k=hp
[log] [coop:session] isCoopAuthoritativeGuestGated -> true (authoritative GUEST gates a structural mutation)
[log] [coop:replay] guest replay turn=2: present k=faint
[log] [coop:session] isCoopAuthoritativeGuestGated -> true (authoritative GUEST gates a structural mutation)
[log] [coop:replay] guest replay turn=2: present k=message
[log] [coop:replay] guest replay turn=2: rendered phases [switch=2 showAbility=1 message=2 statStage=1 moveUsed=2 hp=2 faint=2]
[log] [coop:replay] guest replay turn=2: unshift CoopFinalizeTurnPhase (checkpoint apply deferred)
[log] [coop:session] isCoopAuthoritativeGuestGated -> true (authoritative GUEST gates a structural mutation)
[log] [coop:stream] guest IGNORE idempotent turn duplicate e=1827802517509761 wave=95 turn=2 rev=887
[log] [coop:stream] guest IGNORE idempotent turn duplicate e=1827802517509761 wave=95 turn=2 rev=887
[log] [coop:session] isCoopAuthoritativeGuestGated -> true (authoritative GUEST gates a structural mutation)
[log] [coop:session] isCoopAuthoritativeGuestGated -> true (authoritative GUEST gates a structural mutation)
[log] [coop:replay] present statStage bi=3 stat=1 -> 1
[log] [coop:replay] present statStage bi=3 stat=1 set to 1 NO tween (delta=1 anims=false)
[log] [coop:replay] present move bi=0 moveId=53 targets=1
[log] [coop:replay] present hp bi=2 0->0/237
[log] [coop:replay] present faint bi=2 narrate=true
[log] [coop:replay] present move bi=1 moveId=34 targets=1
[log] [coop:replay] present hp bi=3 0->0/210
[log] [coop:replay] present faint bi=3 narrate=true
[log] [coop:checkpoint] guest apply field=4 weather=0 terrain=0 arenaTags=0
[log] [coop:session] isCoopAuthoritativeGuestGated -> true (authoritative GUEST gates a structural mutation)
[log] [coop:adopt] erMoneyStreaks host entries=0 -> restored (#837/#348)
[log] [coop:adopt] biomeOverstayAnchor host=null -> restored (#837/#504)
[log] [coop:adopt] erBiomeStructure host length=24 startWave=91 -> restored (#841 item 5)
[log] [coop:adopt] erRelicBattleState host wave=95 -> restored (#837)
[log] [coop:adopt] erMapState host nodes=2 travelTarget=- fragments=0 -> restored (#865/#841 item 1)
[log] [coop:adopt] erPendingNodes host count=5 revealed=2 -> restored (#865)
[log] [coop:resync] guest apply authoritativeState tick=887 wave=95 turn=2 party=6/5 field=4
[log] [coop:resync] presentation settle boundary=resync-stable side=player desired=visible ids=[178671748,1930538543] changed=0 phase=CoopFinalizeTurnPhase
[log] [coop:resync] presentation settle boundary=wave-start-pre-intro side=enemy desired=visible ids=[] changed=0 phase=CoopFinalizeTurnPhase
[warn] [coop:heal] heldItems monId=1677056086 bi=2 removed=[BASE_STAT_BOOSTER,BASE_STAT_BOOSTER] added=[BASE_STAT_BOOSTER,BASE_STAT_BOOSTER] -> applied
[warn] [coop:heal] heldItems bi=2 host=[BASE_STAT_BOOSTER,BASE_STAT_BOOSTER] -> applied (rewrote to host set)
[warn] [coop:heal] heldItems monId=3664547059 bi=3 removed=[BASE_STAT_BOOSTER,BASE_STAT_BOOSTER] added=[BASE_STAT_BOOSTER,BASE_STAT_BOOSTER] -> applied
[warn] [coop:heal] heldItems bi=3 host=[BASE_STAT_BOOSTER,BASE_STAT_BOOSTER] -> applied (rewrote to host set)
[log] [coop:interaction] interactionCounter() read -> 111 (role=guest)
[log] [coop:checksum] capture digest=1e4477a89357302e field=4 biome=22 seed=coop-soak-20260725 weather=0 terrain=0 money=17160 party=[493,384,890,150,382,888] partyLevels=[500,500,500,500,500,500] arenaTags=0 modifiers=6 heldItemsDigest=0 pokeballs=[0:99,1:10,2:5,3:0,4:0] mons=[bi0:sp493/hp726-1865/st0/ab121/form0/tera0:0/boss0:0 bi1:sp384/hp1287-1715/st0/ab5144/form0/tera0:15/boss0:0 bi2:sp4080/hp0-237/st7/ab178/form0/tera0:13/boss0:0 bi3:sp376/hp0-210/st7/ab181/form0/tera0:13/boss0:0]
[log] [coop:transport] send guest t=turnCommitAck e=1827802517509761 wave=95 turn=2 rev=887 stage=materialApplied checksum=1e4477a89357302e
[log] [coop:stream] guest ACK turn stage=materialApplied e=1827802517509761 wave=95 turn=2 rev=887
[log] [coop:checksum] guest finalize materialApplied e=1827802517509761 wave=95 turn=2 rev=887
[log] [coop:transport] recv host t=turnCommitAck e=1827802517509761 wave=95 turn=2 rev=887 stage=materialApplied checksum=1e4477a89357302e handlers=1
[log] [coop:stream] host ACCEPT turn ACK stage=materialApplied key=1827802517509761:95:2:887
[log] [coop:transport] send guest t=turnCommitAck e=1827802517509761 wave=95 turn=2 rev=887 stage=presentationReady checksum=1e4477a89357302e
[log] [coop:stream] guest ACK turn stage=presentationReady e=1827802517509761 wave=95 turn=2 rev=887
[log] [coop:checksum] guest finalize presentationReady e=1827802517509761 wave=95 turn=2 rev=887
[log] [coop:replay] guest finalize turn=2: END (checkpoint applied, turn-end queued)
[log] [coop:transport] recv host t=turnCommitAck e=1827802517509761 wave=95 turn=2 rev=887 stage=presentationReady checksum=1e4477a89357302e handlers=1
[log] [coop:stream] host ACCEPT turn ACK stage=presentationReady key=1827802517509761:95:2:887
[log] [coop:rendezvous] ARRIVE point=cmd:95:3 (send) role=guest
[log] [coop:transport] send guest t=rendezvous point=cmd:95:3
[log] [coop:rendezvous] RECV arrival point=cmd:95:3 -> BUFFER (no waiter yet) role=guest
[log] [coop:session] isCoopAuthoritativeGuestGated -> true (authoritative GUEST gates a structural mutation)
[log] [coop:session] isCoopAuthoritativeGuestGated -> true (authoritative GUEST gates a structural mutation)
[log] [coop:session] isCoopAuthoritativeGuestGated -> true (authoritative GUEST gates a structural mutation)
[log] [coop:session] isCoopAuthoritativeGuestGated -> true (authoritative GUEST gates a structural mutation)
[log] [coop:session] isCoopAuthoritativeGuestGated -> true (authoritative GUEST gates a structural mutation)
[log] [coop:battle] CommandPhase slot=0 turn=3 owner=host role=guest -> partner path
[log] [coop:rendezvous] next-command barrier cmd:95:3 SYNC pass (partner already arrived)
[log] [coop:transport] send guest t=turnCommitAck e=1827802517509761 wave=95 turn=2 rev=887 stage=continuationReady checksum=1e4477a89357302e
[log] [coop:stream] guest ACK turn stage=continuationReady e=1827802517509761 wave=95 turn=2 rev=887
[log] [coop:stream] guest continuation surface=command e=1827802517509761 wave=95 turn=3 waiting=1 released=1
[log] [coop:transport] recv host t=turnCommitAck e=1827802517509761 wave=95 turn=2 rev=887 stage=continuationReady checksum=1e4477a89357302e handlers=1
[log] [coop:replay] guest RECV turnResolution e=1827802517509761 wave=95 turn=3 events=9 checksum=e207d8f80aed9533 -> buffered (no waiter)
[log] [coop:replay] guest RECV waveResolved wave=95 outcome=win transition=WAVE_VICTORY/next96/biome0/egg1/trainer
[log] [coop:runtime] recv waveResolved wave=95 outcome=win role=guest netcode=authoritative
[log] [coop:runtime] ignore raw waveResolved for correctness wave=95 outcome=win; awaiting retained transaction
[log] [coop:session] isCoopAuthoritativeGuestGated -> true (authoritative GUEST gates a structural mutation)
[log] [coop:replay] guest replay turn=3: live pump start mode=turn
[log] [coop:transport] send guest t=requestTurnCommit e=1827802517509761 wave=95 turn=3 rev=pending
[log] [coop:transport] send guest t=requestTurnCommit e=1827802517509761 wave=95 turn=3 rev=889
[log] [coop:replay] guest awaitTurn turn=3 RESOLVE (buffered race) events=9
[log] [coop:transport] recv host t=requestTurnCommit e=1827802517509761 wave=95 turn=3 rev=pending handlers=1
[log] [coop:transport] send host t=turnResolution e=1827802517509761 wave=95 turn=3 rev=889 events=9 checksum=e207d8f80aed9533
[log] [coop:transport] recv host t=requestTurnCommit e=1827802517509761 wave=95 turn=3 rev=889 handlers=1
[log] [coop:transport] send host t=turnResolution e=1827802517509761 wave=95 turn=3 rev=889 events=9 checksum=e207d8f80aed9533
[log] [coop:transport] recv guest t=turnResolution e=1827802517509761 wave=95 turn=3 rev=889 events=9 checksum=e207d8f80aed9533 handlers=1
[log] [coop:transport] recv guest t=turnResolution e=1827802517509761 wave=95 turn=3 rev=889 events=9 checksum=e207d8f80aed9533 handlers=1
[log] [coop:replay] guest consume live events turn=3 count=0
[log] [coop:replay] guest replay turn=3: RESOLVE renderedLive=0 remaining=9 batch=9
[log] [coop:replay] guest replay turn=3: rendering 9 event(s)
[log] [coop:replay] guest replay turn=3: present k=switch
[log] [coop:session] isCoopAuthoritativeGuestGated -> true (authoritative GUEST gates a structural mutation)
[log] [coop:replay] guest replay turn=3: present k=showAbility
[log] [coop:session] isCoopAuthoritativeGuestGated -> true (authoritative GUEST gates a structural mutation)
[log] [coop:replay] guest replay turn=3: present k=moveUsed
[log] [coop:session] isCoopAuthoritativeGuestGated -> true (authoritative GUEST gates a structural mutation)
[log] [coop:replay] guest replay turn=3: present k=message
[log] [coop:replay] guest replay turn=3: present k=moveUsed
[log] [coop:session] isCoopAuthoritativeGuestGated -> true (authoritative GUEST gates a structural mutation)
[log] [coop:replay] guest replay turn=3: present k=hp
[log] [coop:session] isCoopAuthoritativeGuestGated -> true (authoritative GUEST gates a structural mutation)
[log] [coop:replay] guest replay turn=3: present k=faint
[log] [coop:session] isCoopAuthoritativeGuestGated -> true (authoritative GUEST gates a structural mutation)
[log] [coop:replay] guest replay turn=3: present k=moveUsed
[log] [coop:session] isCoopAuthoritativeGuestGated -> true (authoritative GUEST gates a structural mutation)
[log] [coop:replay] guest replay turn=3: present k=message
[log] [coop:replay] guest replay turn=3: rendered phases [switch=1 showAbility=1 moveUsed=3 message=2 hp=1 faint=1]
[log] [coop:replay] guest replay turn=3: unshift CoopFinalizeTurnPhase (checkpoint apply deferred)
[log] [coop:session] isCoopAuthoritativeGuestGated -> true (authoritative GUEST gates a structural mutation)
[log] [coop:stream] guest IGNORE idempotent turn duplicate e=1827802517509761 wave=95 turn=3 rev=889
[log] [coop:stream] guest IGNORE idempotent turn duplicate e=1827802517509761 wave=95 turn=3 rev=889
[log] [coop:session] isCoopAuthoritativeGuestGated -> true (authoritative GUEST gates a structural mutation)
[log] [coop:session] isCoopAuthoritativeGuestGated -> true (authoritative GUEST gates a structural mutation)
[log] [coop:replay] present move bi=3 moveId=392 targets=1
[log] [coop:replay] present move bi=0 moveId=53 targets=1
[log] [coop:replay] present hp bi=3 0->0/199
[log] [coop:replay] present faint bi=3 narrate=true
[log] [coop:replay] present move bi=1 moveId=34 targets=0
[log] [coop:checkpoint] guest apply field=4 weather=0 terrain=0 arenaTags=0
[log] [coop:session] isCoopAuthoritativeGuestGated -> true (authoritative GUEST gates a structural mutation)
[log] [coop:adopt] erMoneyStreaks host entries=0 -> restored (#837/#348)
[log] [coop:adopt] biomeOverstayAnchor host=null -> restored (#837/#504)
[log] [coop:adopt] erBiomeStructure host length=24 startWave=91 -> restored (#841 item 5)
[log] [coop:adopt] erRelicBattleState host wave=95 -> restored (#837)
[log] [coop:adopt] erMapState host nodes=2 travelTarget=- fragments=0 -> restored (#865/#841 item 1)
[log] [coop:adopt] erPendingNodes host count=5 revealed=2 -> restored (#865)
[log] [coop:resync] guest apply authoritativeState tick=889 wave=95 turn=3 party=6/5 field=4
[log] [coop:resync] presentation settle boundary=resync-stable side=player desired=visible ids=[178671748,1930538543] changed=0 phase=CoopFinalizeTurnPhase
[log] [coop:resync] presentation settle boundary=wave-start-pre-intro side=enemy desired=visible ids=[] changed=0 phase=CoopFinalizeTurnPhase
[warn] [coop:heal] heldItems monId=1677056086 bi=2 removed=[BASE_STAT_BOOSTER,BASE_STAT_BOOSTER] added=[BASE_STAT_BOOSTER,BASE_STAT_BOOSTER] -> applied
[warn] [coop:heal] heldItems bi=2 host=[BASE_STAT_BOOSTER,BASE_STAT_BOOSTER] -> applied (rewrote to host set)
[warn] [coop:heal] heldItems monId=1367781138 bi=3 removed=[BASE_STAT_BOOSTER] added=[BASE_STAT_BOOSTER] -> applied
[warn] [coop:heal] heldItems bi=3 host=[BASE_STAT_BOOSTER] -> applied (rewrote to host set)
[log] [coop:interaction] interactionCounter() read -> 111 (role=guest)
[log] [coop:checksum] capture digest=e207d8f80aed9533 field=4 biome=22 seed=coop-soak-20260725 weather=0 terrain=0 money=17160 party=[493,384,890,150,382,888] partyLevels=[500,500,500,500,500,500] arenaTags=0 modifiers=6 heldItemsDigest=0 pokeballs=[0:99,1:10,2:5,3:0,4:0] mons=[bi0:sp493/hp726-1865/st0/ab121/form0/tera0:0/boss0:0 bi1:sp384/hp1287-1715/st0/ab5144/form0/tera0:15/boss0:0 bi2:sp4080/hp0-237/st7/ab178/form0/tera0:13/boss0:0 bi3:sp752/hp0-199/st7/ab41/form0/tera0:10/boss0:0]
[log] [coop:transport] send guest t=turnCommitAck e=1827802517509761 wave=95 turn=3 rev=889 stage=materialApplied checksum=e207d8f80aed9533
[log] [coop:stream] guest ACK turn stage=materialApplied e=1827802517509761 wave=95 turn=3 rev=889
[log] [coop:checksum] guest finalize materialApplied e=1827802517509761 wave=95 turn=3 rev=889
[log] [coop:transport] recv host t=turnCommitAck e=1827802517509761 wave=95 turn=3 rev=889 stage=materialApplied checksum=e207d8f80aed9533 handlers=1
[log] [coop:stream] host ACCEPT turn ACK stage=materialApplied key=1827802517509761:95:3:889
[log] [coop:transport] send guest t=turnCommitAck e=1827802517509761 wave=95 turn=3 rev=889 stage=presentationReady checksum=e207d8f80aed9533
[log] [coop:stream] guest ACK turn stage=presentationReady e=1827802517509761 wave=95 turn=3 rev=889
[log] [coop:checksum] guest finalize presentationReady e=1827802517509761 wave=95 turn=3 rev=889
[log] [coop:replay] guest finalize turn=3: END (checkpoint applied, turn-end queued)
[log] [coop:transport] recv host t=turnCommitAck e=1827802517509761 wave=95 turn=3 rev=889 stage=presentationReady checksum=e207d8f80aed9533 handlers=1
[log] [coop:stream] host ACCEPT turn ACK stage=presentationReady key=1827802517509761:95:3:889
[log] [coop:stream] guest admitted WAVE_ADVANCE continuation e=1827802517509761 wave=95
[log] [coop:runtime] wave-advance JOURNAL bootstrap wave=95 outcome=win (ACK withheld)
[log] [coop:runtime] wave-advance JOURNAL queued safe-boundary wake wave=95 unparkedReplay=0
[log] [coop:runtime] wave-advance op JOURNAL cursor-advanced id=1827802517509761:0:WAVE_ADVANCE:95 rev=223 dataApplied=false continuationReady=false (DATA applies at BattleEnd; retained ACK awaits DATA + destination continuation)
[log] [coop:transport] send guest t=coopAck cls=op:global seq=223
[log] [coop:replay] guest RECV waveEndState wave=95 tick=890
[log] [coop:runtime] ignore raw waveEndState for correctness wave=95 tick=890
[log] [coop:relay] RECV rewardOptions key=111:0 -> BUFFER rewardOptionsInbox (latest-wins) count=5
[log] [coop:rendezvous] RECV arrival point=shop:95:111 -> BUFFER (no waiter yet) role=guest
[log] [coop:transport] recv host t=coopAck cls=op:global seq=223 handlers=1
[log] [coop:session] isCoopAuthoritativeGuestGated -> true (authoritative GUEST gates a structural mutation)
[log] [coop:session] isCoopAuthoritativeGuestGated -> true (authoritative GUEST gates a structural mutation)
[log] [coop:session] isCoopAuthoritativeGuestGated -> true (authoritative GUEST gates a structural mutation)
[log] [coop:session] isCoopAuthoritativeGuestGated -> true (authoritative GUEST gates a structural mutation)
[log] [coop:session] isCoopAuthoritativeGuestGated -> true (authoritative GUEST gates a structural mutation)
[log] [coop:runtime] consume wave-advance wave=95 outcome=win transition=WAVE_VICTORY/next96/biome0/egg1/trainer (lastResolved 94 -> 95)
[log] [coop:replay] guest wave-advance outcome=win wave=95 next=WAVE_VICTORY/wave96 biomeChange=false eggLapse=true victoryKind=trainer battleType=TRAINER queues=VictoryPhase (host-stated)
[warn] [coop:replay] guest wave-advance wave=95: replacing speculative future queue [CommandPhase,CommandPhase,TurnStartPhase]
[log] [coop:session] isCoopAuthoritativeGuestGated -> true (authoritative GUEST gates a structural mutation)
[log] [coop:progression] GUEST applyPartyExp SKIP wave=95 koMon=Staraptor (awaiting host waveEndState)
[log] [coop-diag] VictoryPhase win-branch role=guest battleType=TRAINER queuesTrainerVictory=true queuesSelectModifier=true wave=95
[log] [coop:session] isCoopAuthoritativeGuestGated -> true (authoritative GUEST gates a structural mutation)
[log] [coop:session] isCoopAuthoritativeGuestGated -> true (authoritative GUEST gates a structural mutation)
[log] [coop:session] isCoopAuthoritativeGuestGated -> true (authoritative GUEST gates a structural mutation)
[log] [coop-diag] VictoryTail role=guest wave=95 source=host-stated trainer=true egg=true biomeShop=false biomeChange=false crossroads=true nextWave=96
[log] [coop:session] isCoopAuthoritativeGuestGated -> true (authoritative GUEST gates a structural mutation)
[log] [coop:session] isCoopAuthoritativeGuestGated -> true (authoritative GUEST gates a structural mutation)
[log] [coop:session] isCoopAuthoritativeGuestGated -> true (authoritative GUEST gates a structural mutation)
[log] [coop:session] isCoopAuthoritativeGuestGated -> true (authoritative GUEST gates a structural mutation)
[log] [coop:adopt] erMoneyStreaks host entries=0 -> restored (#837/#348)
[log] [coop:adopt] biomeOverstayAnchor host=null -> restored (#837/#504)
[log] [coop:adopt] erBiomeStructure host length=24 startWave=91 -> restored (#841 item 5)
[log] [coop:adopt] erRelicBattleState host wave=95 -> restored (#837)
[log] [coop:adopt] erMapState host nodes=2 travelTarget=- fragments=0 -> restored (#865/#841 item 1)
[log] [coop:adopt] erPendingNodes host count=5 revealed=2 -> restored (#865)
[log] [coop:resync] guest apply authoritativeState tick=890 wave=95 turn=4 party=6/5 field=4
[log] [coop:resync] presentation settle boundary=resync-stable side=player desired=visible ids=[178671748,1930538543] changed=0 phase=BattleEndPhase
[log] [coop:resync] presentation settle boundary=wave-start-pre-intro side=enemy desired=visible ids=[] changed=0 phase=BattleEndPhase
[log] [coop:runtime] wave-advance retained DATA boundary admitted wave=95
[log] [coop:progression] retained WAVE_ADVANCE DATA applied wave=95 tick=890
[log] [coop:progression] GUEST retained WAVE_ADVANCE BattleEnd release wave=95
[log] [coop:session] isCoopAuthoritativeGuestGated -> true (authoritative GUEST gates a structural mutation)
[warn] [coop:gate] ALLOWLIST BLOCK phase=MoneyRewardPhase (not a guest presentation/input-intent phase; neutralized to CoopInertPhase)
[log] [coop:session] isCoopAuthoritativeGuestGated -> true (authoritative GUEST gates a structural mutation)
[log] [coop:session] isCoopAuthoritativeGuestGated -> true (authoritative GUEST gates a structural mutation)
[log] [coop:progression] coopVictoryDialogue DECISION isCoop=true -> SKIP (constant 0 awaits, lockstep-safe)
[log] [coop:transport] recv guest t=envelope t=envelope handlers=1
[log] [coop:transport] send guest t=coopAck cls=op:global seq=223
[log] [coop:transport] recv host t=coopAck cls=op:global seq=223 handlers=1
[log] [coop:reward] renderer SKIP shared ModifierRewardPhase type=Tera Orb
[log] [coop:progression] GUEST automatic victory settlement admitted wave=95 turn=4
[log] [coop:interaction] interactionCounter() read -> 111 (role=guest)
[log] [coop:checksum] capture digest=13e11ffff0b6cef6 field=4 biome=22 seed=coop-soak-20260725 weather=0 terrain=0 money=19860 party=[493,384,890,150,382,888] partyLevels=[500,500,500,500,500,500] arenaTags=0 modifiers=7 heldItemsDigest=0 pokeballs=[0:99,1:10,2:5,3:0,4:0] mons=[bi0:sp493/hp726-1865/st0/ab121/form0/tera0:0/boss0:0 bi1:sp384/hp1287-1715/st0/ab5144/form0/tera0:15/boss0:0 bi2:sp4080/hp0-237/st7/ab178/form0/tera0:13/boss0:0 bi3:sp752/hp0-199/st7/ab41/form0/tera0:10/boss0:0]
[log] [coop:interaction] interactionCounter() read -> 111 (role=guest)
[log] [coop:owner] ownerOf(counter=111) seat=1 -> owner=guest
[log] [coop:owner] isLocalOwnerAtCounter(pinnedCounter=111) parity=1 owner=guest role=guest -> true
[log] [coop:interaction] interactionCounter() read -> 111 (role=guest)
[log] [coop:reward] owner/watcher decision: pinnedStart=111 liveCounter=111 parity=1 role=guest pick=OWNER option=ADOPT spoof=false
[log] [coop:rendezvous] ARRIVE point=shop:95:111 (send) role=guest
[log] [coop:transport] send guest t=rendezvous point=shop:95:111
[log] [coop:reward] OWNER drives reward screen (start=111 role=guest spoof=false adoptsOptions=true wave=95)
[log] [coop:rendezvous] shop-pick-commit barrier AWAIT shop:95:111
[log] [coop:rendezvous] AWAIT point=shop:95:111 -> partner already arrived (buffer-hit) role=guest
[log] [coop:transport] recv host t=rendezvous point=shop:95:111 handlers=1
[log] [coop:reward] WATCHER awaiting owner reward options (start=111 reroll=0 localCount=0)
[log] [coop:relay] AWAIT rewardOptions key=111:0 timeoutMs=1200000 -> BUFFER-HIT resolve count=5
[log] [coop:shop] reconstructRewardOptions OK count=5 ids=[ER_GREATER_ABILITY_CAPSULE,ULTRA_BALL,MINT,BIG_NUGGET,POTION]
[log] [coop:reward] WATCHER ADOPTED owner reward options (was=0 now=5 ids=[ER_GREATER_ABILITY_CAPSULE,ULTRA_BALL,MINT,BIG_NUGGET,POTION])
[log] [coop:transport] send guest t=turnCommitAck e=1827802517509761 wave=95 turn=3 rev=889 stage=continuationReady checksum=e207d8f80aed9533
[log] [coop:stream] guest ACK turn stage=continuationReady e=1827802517509761 wave=95 turn=3 rev=889
[log] [coop:stream] guest continuation surface=sharedInput e=1827802517509761 wave=95 turn=4 waiting=1 released=1
[log] [coop:interaction] mirror begin role=owner mirrorSeq=7104 interactionStart=111 reroll=0
[log] [coop:interaction] uiMirror beginSession role=owner mode=6 seq=7104 early=0
[log] [coop:transport] recv host t=turnCommitAck e=1827802517509761 wave=95 turn=3 rev=889 stage=continuationReady checksum=e207d8f80aed9533 handlers=1
[log] [coop:progression] retained WAVE_ADVANCE continuationReady wave=95
[log] [coop:transport] send guest t=coopAck cls=op:global seq=223
[log] [coop:transport] send guest t=coopAck cls=op:global seq=223
[log] [coop:transport] send guest t=coopAck cls=op:global seq=223
[log] [coop:transport] recv host t=coopAck cls=op:global seq=223 handlers=1
[log] [coop:transport] recv host t=coopAck cls=op:global seq=223 handlers=1
[log] [coop:transport] recv host t=coopAck cls=op:global seq=223 handlers=1
[log] [coop:owner] ownerOf(counter=111) seat=1 -> owner=guest
[log] [coop:owner] isLocalOwnerAtCounter(pinnedCounter=111) parity=1 owner=guest role=guest -> true
[log] [coop:owner] ownerOf(counter=111) seat=1 -> owner=guest
[log] [coop:owner] isLocalOwnerAtCounter(pinnedCounter=111) parity=1 owner=guest role=guest -> true
[log] [coop:relay] OWNER prepare seq=111 kind=reward choice=1 data=[0] role=guest
[log] [coop:reward] reward op INTENT prepared label=reward id=1827802517509761:1:REWARD:11100000
[log] [coop:relay] SEND interactionChoice seq=111 kind=reward kind=? choice=1 data=[0]
[log] [coop:transport] send guest t=interactionChoice seq=111 kind=reward choice=1
[warn] [coop:v2-shadow] FAULT tap(INTERACTION_COMMIT): AuthorityLog.commit: entry context is not bound to the local authority
[log] [coop:relay] AWAIT interactionChoice seq=111 timeoutMs=1200000 expected=[reward,shop,skip,reroll,check,transfer,lock] -> network-wait
[log] [coop:transport] recv host t=interactionChoice seq=111 kind=reward choice=1 handlers=1
[log] [coop:transport] recv guest t=envelope t=envelope handlers=1
[log] [coop:transport] send guest t=coopAck cls=op:global seq=223
[log] [coop:transport] send guest t=coopAck cls=op:global seq=223
[log] [coop:transport] send guest t=coopAck cls=op:global seq=223
[log] [coop:transport] recv host t=coopAck cls=op:global seq=223 handlers=1
[log] [coop:transport] recv host t=coopAck cls=op:global seq=223 handlers=1
[log] [coop:transport] recv host t=coopAck cls=op:global seq=223 handlers=1
[log] [coop:adopt] erMoneyStreaks host entries=0 -> restored (#837/#348)
[log] [coop:adopt] biomeOverstayAnchor host=null -> restored (#837/#504)
[log] [coop:adopt] erBiomeStructure host length=24 startWave=91 -> restored (#841 item 5)
[log] [coop:adopt] erRelicBattleState host wave=95 -> restored (#837)
[log] [coop:adopt] erMapState host nodes=2 travelTarget=- fragments=0 -> restored (#865/#841 item 1)
[log] [coop:adopt] erPendingNodes host count=5 revealed=2 -> restored (#865)
[log] [coop:resync] guest apply authoritativeState tick=891 wave=95 turn=4 party=6/5 field=4
[log] [coop:resync] presentation settle boundary=resync-stable side=player desired=visible ids=[178671748,1930538543] changed=0 phase=SelectModifierPhase
[log] [coop:resync] presentation settle boundary=wave-start-pre-intro side=enemy desired=visible ids=[] changed=0 phase=SelectModifierPhase
[log] [coop:relay] DELIVER interactionChoice seq=111 -> waiter kind=reward choice=1 data=[0]
[log] [coop:relay] AWAIT interactionChoice seq=111 RESOLVE kind=reward choice=1 data=[0]
[log] [coop:reward] shop authoritative RESULT applied-before-render kind=REWARD id=1827802517509761:1:REWARD:11100000 rev=224 tick=891
[log] [coop:transport] send guest t=coopAck cls=op:global seq=224
[log] [coop:interaction] RECV interaction broadcast (deferred catch-up net) received=112 localBefore=111 role=guest -> WILL DEFER to 112 (folds in at next advance if still ahead)
[warn] [coop:interaction] CoopInteractionTurn.mergeRemote DEFER (remote=112, counter=111, pendingRemote=112) live counter UNCHANGED (folds in at next advance if still ahead)
[log] [coop:owner] ownerOf(counter=111) seat=1 -> owner=guest
[log] [coop:owner] ownerOf(counter=111) seat=1 -> owner=guest
[log] [coop:reward] reward op WATCHER materialize retained choice=1 terminal=true id=1827802517509761:1:REWARD:11100000
[log] [coop:reward] WATCHER applying relayed action seq=111 act=REWARD choice=1 data=[0]
[log] [coop:transport] recv host t=coopAck cls=op:global seq=224 handlers=1
[log] [coop:v2-interaction] terminal proof recorded op=1827802517509761:1:REWARD:11100000 role=guest seat=1 duplicate=0 ambient=1
[log] [coop:v2-interaction] phase terminal proof op=1827802517509761:1:REWARD:11100000 route=constructor-fallback accepted=1
[log] [coop:interaction] interactionCounter() read -> 111 (role=guest)
[log] [coop:interaction] CoopInteractionTurn.advance INCREMENT (fromCounter=111) counter 111 -> 112
[log] [coop:interaction] advanceInteraction ADVANCED+BROADCAST (fromCounter=111) counter 111 -> 112 role=guest; send interaction screen=__turn__ choice=112
[log] [coop:interaction] SEND counter snapshot reason=advance choice=112 role=guest
[log] [coop:transport] send guest t=interaction screen=__turn__
[log] [coop:owner] ownerOf(counter=112) seat=0 -> owner=host
[log] [coop:owner] ownerOf(counter=112) seat=0 -> owner=host
[log] [coop:interaction] interactionCounter() read -> 112 (role=guest)
[log] [coop:reward] advance interaction (role=guest from=111 counter 111 -> 112)
[log] [coop:session] isCoopAuthoritativeGuestGated -> true (authoritative GUEST gates a structural mutation)
[log] [coop:transport] recv host t=interaction screen=__turn__ handlers=1
[log] [coop:rendezvous] RECV arrival point=xroads:95 -> BUFFER (no waiter yet) role=guest
[log] [coop:interaction] interactionCounter() read -> 112 (role=guest)
[log] [coop:owner] ownerOf(counter=112) seat=0 -> owner=host
[log] [coop:owner] isLocalOwnerAtCounter(pinnedCounter=112) parity=0 owner=host role=guest -> false
[log] [coop:rendezvous] crossroads boundary barrier RENDEZVOUS xroads:95 (#858)
[log] [coop:rendezvous] ARRIVE point=xroads:95 (send) role=guest
[log] [coop:transport] send guest t=rendezvous point=xroads:95
[log] [coop:rendezvous] AWAIT point=xroads:95 -> partner already arrived (buffer-hit) role=guest
[log] [coop:transport] recv host t=rendezvous point=xroads:95 handlers=1
[log] [coop:interaction] interactionCounter() read -> 112 (role=guest)
[log] [coop:owner] ownerOf(counter=112) seat=0 -> owner=host
[log] [coop:owner] isLocalOwnerAtCounter(pinnedCounter=112) parity=0 owner=host role=guest -> false
[log] [coop:reward] crossroads owner/watcher decision: pinnedStart=112 role=guest spoof=false -> WATCHER (#848)
[log] [coop:interaction] uiMirror beginSession role=watcher mode=15 seq=9600112 early=0
[log] [coop:transport] send guest t=coopAck cls=op:global seq=223
[log] [coop:transport] recv host t=coopAck cls=op:global seq=223 handlers=1
[log] [coop:rendezvous] RECV arrival point=xroads:95 -> DUPLICATE (already seen) role=guest
[log] [coop:interaction] uiMirror WATCHER apply n=0 button=1 mode=15
[log] [coop:relay] DELIVER interactionChoice seq=9600112 -> BUFFER inbox depth=1 kind=crossroads choice=1 data=-
[log] [coop:reward] biome op JOURNAL apply id=1827802517509761:0:CROSSROADS_PICK:9600112 rev=225 (Wave-2e/W2e-R)
[log] [coop:transport] send guest t=coopAck cls=op:global seq=225
[log] [coop:relay] DELIVER interactionChoice seq=9600112 -> BUFFER inbox depth=2 kind=crossroads choice=1 data=-
[log] [coop:transport] recv host t=coopAck cls=op:global seq=225 handlers=1
[log] [coop:reward] biome op WATCHER materialize JOURNAL choice kind=CROSSROADS_PICK id=1827802517509761:0:CROSSROADS_PICK:9600112
[log] [coop:reward] crossroads WATCHER: owner pick received moveOn=true pinnedStart=112 (#848)
[log] [coop:session] isCoopAuthoritativeGuestGated -> true (authoritative GUEST gates a structural mutation)
[log] [coop:v2-interaction] terminal proof recorded op=1827802517509761:0:CROSSROADS_PICK:9600112 role=guest seat=1 duplicate=0 ambient=1
[log] [coop:interaction] interactionCounter() read -> 112 (role=guest)
[log] [coop:interaction] interactionCounter() read -> 112 (role=guest)
[log] [coop:owner] ownerOf(counter=112) seat=0 -> owner=host
[log] [coop:owner] isLocalOwnerAtCounter(pinnedCounter=112) parity=0 owner=host role=guest -> false
[log] [coop:session] isCoopAuthoritativeGuestGated -> true (authoritative GUEST gates a structural mutation)
[log] [coop:owner] ownerOf(counter=112) seat=0 -> owner=host
[log] [coop:owner] isLocalOwnerAtCounter(pinnedCounter=112) parity=0 owner=host role=guest -> false
[log] [coop:session] isCoopAuthoritativeGuestGated -> true (authoritative GUEST gates a structural mutation)
[log] [coop:owner] ownerOf(counter=112) seat=0 -> owner=host
[log] [coop:owner] isLocalOwnerAtCounter(pinnedCounter=112) parity=0 owner=host role=guest -> false
[log] [coop:reward] biome pick owner/watcher decision: pinnedStart=112 role=guest spoof=false chained=true -> WATCHER (#848)
[log] [coop:interaction] uiMirror beginSession role=watcher mode=54 seq=9700112 early=0
[log] [coop:transport] send guest t=coopAck cls=op:global seq=223
[log] [coop:transport] recv host t=coopAck cls=op:global seq=223 handlers=1
[log] [coop:relay] DELIVER interactionChoice seq=9700112 -> BUFFER inbox depth=1 kind=biomePick choice=0 data=[11]
[log] [coop:relay] DELIVER interactionChoice seq=9700112 -> BUFFER inbox depth=2 kind=biomePick choice=0 data=[11]
[log] [coop:reward] biome op JOURNAL apply id=1827802517509761:0:BIOME_PICK:9700112 rev=226 (Wave-2e/W2e-R)
[log] [coop:transport] send guest t=coopAck cls=op:global seq=226
[log] [coop:interaction] RECV interaction broadcast (deferred catch-up net) received=113 localBefore=112 role=guest -> WILL DEFER to 113 (folds in at next advance if still ahead)
[warn] [coop:interaction] CoopInteractionTurn.mergeRemote DEFER (remote=113, counter=112, pendingRemote=113) live counter UNCHANGED (folds in at next advance if still ahead)
[log] [coop:owner] ownerOf(counter=112) seat=0 -> owner=host
[log] [coop:owner] ownerOf(counter=112) seat=0 -> owner=host
[log] [coop:reward] biome op WATCHER materialize JOURNAL choice kind=BIOME_PICK id=1827802517509761:0:BIOME_PICK:9700112
[log] [coop:session] isCoopAuthoritativeGuestGated -> true (authoritative GUEST gates a structural mutation)
[log] [coop:reward] biome pick WATCHER: owner biome=undefined received pinnedStart=112 (#848)
[log] [coop:transport] recv host t=coopAck cls=op:global seq=226 handlers=1
[log] [coop:session] isCoopAuthoritativeGuestGated -> true (authoritative GUEST gates a structural mutation)
[log] [coop:interaction] interactionCounter() read -> 112 (role=guest)
[log] [coop:interaction] CoopInteractionTurn.advance INCREMENT (fromCounter=112) counter 112 -> 113
[log] [coop:interaction] advanceInteraction ADVANCED+BROADCAST (fromCounter=112) counter 112 -> 113 role=guest; send interaction screen=__turn__ choice=113
[log] [coop:interaction] SEND counter snapshot reason=advance choice=113 role=guest
[log] [coop:transport] send guest t=interaction screen=__turn__
[log] [coop:owner] ownerOf(counter=113) seat=1 -> owner=guest
[log] [coop:owner] ownerOf(counter=113) seat=1 -> owner=guest
[log] [coop:interaction] interactionCounter() read -> 113 (role=guest)
[log] [coop:reward] advance interaction from CONTINUATION commit (role=guest from=112 counter 112 -> 113)
[log] [coop:interaction] interactionCounter() read -> 113 (role=guest)
[log] [coop:v2-interaction] terminal proof recorded op=1827802517509761:0:BIOME_PICK:9700112 role=guest seat=1 duplicate=0 ambient=1
[log] [coop:transport] recv host t=interaction screen=__turn__ handlers=1
[log] [coop:interaction] interactionCounter() read -> 113 (role=guest)
[log] [coop:replay] guest RECV enemyPartySync wave=96 count=2 -> buffered (no waiter)
[log] [coop:replay] guest RECV entry presentation wave=96 stateTick=895 events=9 buffered
[log] [coop:replay] guest RECV enemyPartySync wave=96 count=2 -> buffered (no waiter)
[log] [coop:rendezvous] RECV arrival point=cmd:96:1 -> BUFFER (no waiter yet) role=guest
[log] [coop:session] isCoopAuthoritativeGuestGated -> true (authoritative GUEST gates a structural mutation)
[log] [coop:battletype] wave=96 HOST verdict: WILD - adopting (#867)
[log] [coop:me] wave=96 HOST verdict: NO ME - local presence roll suppressed (#862)
[log] [coop:session] isCoopAuthoritativeGuestGated -> true (authoritative GUEST gates a structural mutation)
[log] [coop:session] isCoopAuthoritativeGuestGated -> true (authoritative GUEST gates a structural mutation)
[log] [coop:stream] guest consumeEnemyParty wave=96 -> 2 enemies
[log] [coop:enemy] buildCoopEnemy ADOPT trainerSlot=0 species=218 form=0 lv=64 abilityIdx=1 nature=0 gender=1 shiny=false tera=0:9 hp=145/145 moves=4 heldItems=1
[log] [coop:enemy] buildCoopEnemy ADOPT trainerSlot=0 species=521 form=0 lv=66 abilityIdx=0 nature=0 gender=1 shiny=false tera=0:2 hp=228/228 moves=4 heldItems=0
[log] [coop:adopt] erMoneyStreaks host entries=0 -> restored (#837/#348)
[log] [coop:adopt] biomeOverstayAnchor host=null -> restored (#837/#504)
[log] [coop:adopt] erBiomeStructure host length=23 startWave=96 -> restored (#841 item 5)
[log] [coop:adopt] erRelicBattleState host wave=96 -> restored (#837)
[log] [coop:adopt] erMapState host nodes=2 travelTarget=- fragments=0 -> restored (#865/#841 item 1)
[log] [coop:adopt] erPendingNodes host count=5 revealed=2 -> restored (#865)
[log] [coop:resync] guest apply authoritativeState tick=895 wave=96 turn=1 party=6/2 field=4
[log] [coop:resync] presentation settle boundary=resync-stable side=player desired=visible ids=[178671748,1930538543] changed=0 phase=NewBiomeEncounterPhase
[log] [coop:resync] presentation settle boundary=resync-stable side=enemy desired=visible ids=[2664723993,399164996] changed=2 phase=NewBiomeEncounterPhase
[log] [coop:resync] render differ: newly presented id=2664723993 key=pkmn__218 -> load atlas
[log] [coop:resync] render differ: newly presented id=399164996 key=pkmn__female__521 -> load atlas
[log] [coop:resync] presentation settle boundary=launch-ready side=player desired=visible ids=[178671748,1930538543] changed=0 phase=NewBiomeEncounterPhase
[log] [coop:resync] presentation settle boundary=encounter-summon side=enemy desired=visible ids=[2664723993,399164996] changed=0 phase=NewBiomeEncounterPhase
[log] [coop:resync] presentation settle boundary=encounter-summon side=enemy desired=visible ids=[2664723993,399164996] changed=0 phase=NewBiomeEncounterPhase
[log] [coop:session] isCoopAuthoritativeGuestGated -> true (authoritative GUEST gates a structural mutation)
[log] [coop:session] isCoopAuthoritativeGuestGated -> true (authoritative GUEST gates a structural mutation)
[log] [coop:session] isCoopAuthoritativeGuestGated -> true (authoritative GUEST gates a structural mutation)
[log] [coop:session] isCoopAuthoritativeGuestGated -> true (authoritative GUEST gates a structural mutation)
[log] [coop:session] isCoopAuthoritativeGuestGated -> true (authoritative GUEST gates a structural mutation)
[log] [coop:session] isCoopAuthoritativeGuestGated -> true (authoritative GUEST gates a structural mutation)
[log] [coop:replay] guest replay turn=1: awaiting retained entry presentation
[warn] [coop:resync] authoritativeState tick=895 STALE (lastApplied=895) -> REJECTED (#807)
[log] [coop:adopt] erMoneyStreaks host entries=0 -> restored (#837/#348)
[log] [coop:adopt] biomeOverstayAnchor host=null -> restored (#837/#504)
[log] [coop:adopt] erBiomeStructure host length=23 startWave=96 -> restored (#841 item 5)
[log] [coop:adopt] erRelicBattleState host wave=96 -> restored (#837)
[log] [coop:adopt] erMapState host nodes=2 travelTarget=- fragments=0 -> restored (#865/#841 item 1)
[log] [coop:adopt] erPendingNodes host count=5 revealed=2 -> restored (#865)
[log] [coop:resync] guest reassert authoritativeState tick=895 wave=96 turn=1 party=6/2 field=4
[log] [coop:resync] presentation settle boundary=resync-stable side=player desired=visible ids=[178671748,1930538543] changed=0 phase=CoopReplayTurnPhase
[log] [coop:resync] presentation settle boundary=resync-stable side=enemy desired=visible ids=[2664723993,399164996] changed=0 phase=CoopReplayTurnPhase
[log] [coop:replay] guest replay turn=1: rendering 9 event(s)
[log] [coop:replay] guest replay turn=1: present k=showAbility
[log] [coop:session] isCoopAuthoritativeGuestGated -> true (authoritative GUEST gates a structural mutation)
[log] [coop:replay] guest replay turn=1: present k=message
[log] [coop:turn] host recorder: append turn=1 seq=9 k=message total=10 live=true
[log] [coop:replay] guest replay turn=1: present k=statStage
[log] [coop:session] isCoopAuthoritativeGuestGated -> true (authoritative GUEST gates a structural mutation)
[log] [coop:replay] guest replay turn=1: present k=message
[log] [coop:turn] host recorder: append turn=1 seq=10 k=message total=11 live=true
[log] [coop:replay] guest replay turn=1: present k=statStage
[log] [coop:session] isCoopAuthoritativeGuestGated -> true (authoritative GUEST gates a structural mutation)
[log] [coop:replay] guest replay turn=1: present k=message
[log] [coop:turn] host recorder: append turn=1 seq=11 k=message total=12 live=true
[log] [coop:replay] guest replay turn=1: present k=statStage
[log] [coop:session] isCoopAuthoritativeGuestGated -> true (authoritative GUEST gates a structural mutation)
[log] [coop:replay] guest replay turn=1: present k=message
[log] [coop:turn] host recorder: append turn=1 seq=12 k=message total=13 live=true
[log] [coop:replay] guest replay turn=1: present k=statStage
[log] [coop:session] isCoopAuthoritativeGuestGated -> true (authoritative GUEST gates a structural mutation)
[log] [coop:replay] guest replay turn=1: rendered phases [showAbility=1 message=4 statStage=4]
[log] [coop:replay] guest replay turn=1: retained entry presentation queued stateTick=895 events=9; awaiting exact outcome proof
[log] [coop:session] isCoopAuthoritativeGuestGated -> true (authoritative GUEST gates a structural mutation)
[log] [coop:session] isCoopAuthoritativeGuestGated -> true (authoritative GUEST gates a structural mutation)
[log] [coop:session] isCoopAuthoritativeGuestGated -> true (authoritative GUEST gates a structural mutation)
[log] [coop:replay] present statStage bi=3 stat=1 -> -1
[log] [coop:replay] present statStage bi=3 stat=1 set to -1 NO tween (delta=0 anims=false)
[log] [coop:replay] present statStage bi=3 stat=3 -> -1
[log] [coop:replay] present statStage bi=3 stat=3 set to -1 NO tween (delta=0 anims=false)
[log] [coop:replay] present statStage bi=2 stat=1 -> -1
[log] [coop:replay] present statStage bi=2 stat=1 set to -1 NO tween (delta=0 anims=false)
[log] [coop:replay] present statStage bi=2 stat=3 -> -1
[log] [coop:replay] present statStage bi=2 stat=3 set to -1 NO tween (delta=0 anims=false)
[log] [coop:replay] guest entry presentation PROVED wave=96 turn=1 events=9
[log] [coop:stream] guest consumeEnemyParty wave=96 -> null (buffered=none)
[log] [coop:battle] CommandPhase slot=0 turn=1 owner=host role=guest -> partner path
[log] [coop:stream] guest consumeEnemyParty wave=96 -> null (buffered=none)
[log] [coop:rendezvous] ARRIVE point=cmd:96:1 (send) role=guest
[log] [coop:transport] send guest t=rendezvous point=cmd:96:1
[log] [coop:rendezvous] next-command barrier cmd:96:1 SYNC pass (partner already arrived)
[log] [coop:stream] guest consumeEnemyParty wave=96 -> null (buffered=none)
[log] [coop:transport] send guest t=coopAck cls=op:global seq=224
[log] [coop:transport] send guest t=coopAck cls=op:global seq=224
[log] [coop:transport] send guest t=coopAck cls=op:global seq=225
[log] [coop:transport] send guest t=coopAck cls=op:global seq=225
[log] [coop:transport] send guest t=coopAck cls=op:global seq=226
[log] [coop:transport] send guest t=coopAck cls=op:global seq=226
[log] [coop:transport] recv host t=rendezvous point=cmd:96:1 handlers=1
[log] [coop:transport] recv host t=coopAck cls=op:global seq=224 handlers=1
[log] [coop:transport] recv host t=coopAck cls=op:global seq=224 handlers=1
[log] [coop:transport] recv host t=coopAck cls=op:global seq=225 handlers=1
[log] [coop:transport] recv host t=coopAck cls=op:global seq=225 handlers=1
[log] [coop:transport] recv host t=coopAck cls=op:global seq=226 handlers=1
[log] [coop:transport] recv host t=coopAck cls=op:global seq=226 handlers=1
[log] [coop:rendezvous] RECV arrival point=cmd:96:1 -> DUPLICATE (already seen) role=guest
[log] [coop:replay] guest IGNORE duplicate consumed entry presentation wave=96
[log] [coop:replay] guest RECV enemyPartySync wave=96 count=2 -> buffered (no waiter)
[log] [coop:interaction] interactionCounter() read -> 113 (role=guest)
[log] [coop:checksum] capture digest=d8c46437bc80709f field=4 biome=11 seed=coop-soak-20260725 weather=0 terrain=0 money=19860 party=[493,384,890,150,382,888] partyLevels=[500,500,500,500,500,500] arenaTags=0 modifiers=7 heldItemsDigest=1 pokeballs=[0:99,1:10,2:10,3:0,4:0] mons=[bi0:sp493/hp726-1865/st0/ab121/form0/tera0:0/boss0:0 bi1:sp384/hp1287-1715/st0/ab5144/form0/tera0:15/boss0:0 bi2:sp218/hp145-145/st0/ab40/form0/tera0:9/boss0:0 bi3:sp521/hp228-228/st0/ab5205/form0/tera0:2/boss0:0]
[log] [coop:interaction] interactionCounter() read -> 113 (role=guest)
[log] [coop:replay] guest IGNORE duplicate consumed entry presentation wave=96
[log] [coop:replay] guest RECV enemyPartySync wave=96 count=2 -> buffered (no waiter)
[log] [coop:replay] guest RECV turnResolution e=1827802517509761 wave=96 turn=1 events=19 checksum=508bb77e0a3b16a5 -> buffered (no waiter)
[log] [coop:replay] guest RECV waveResolved wave=96 outcome=win transition=WAVE_VICTORY/next97/biome0/egg1/wild
[log] [coop:runtime] recv waveResolved wave=96 outcome=win role=guest netcode=authoritative
[log] [coop:runtime] ignore raw waveResolved for correctness wave=96 outcome=win; awaiting retained transaction
[log] [coop:session] isCoopAuthoritativeGuestGated -> true (authoritative GUEST gates a structural mutation)
[log] [coop:replay] guest replay turn=1: live pump start mode=turn
[log] [coop:replay] guest replay turn=1: advance local watermark 0->9
[log] [coop:session] isCoopAuthoritativeGuestGated -> true (authoritative GUEST gates a structural mutation)
[log] [coop:transport] send guest t=requestTurnCommit e=1827802517509761 wave=96 turn=1 rev=pending
[log] [coop:transport] send guest t=requestTurnCommit e=1827802517509761 wave=96 turn=1 rev=899
[log] [coop:replay] guest awaitTurn turn=1 RESOLVE (buffered race) events=19
[log] [coop:transport] recv host t=requestTurnCommit e=1827802517509761 wave=96 turn=1 rev=pending handlers=1
[log] [coop:transport] send host t=turnResolution e=1827802517509761 wave=96 turn=1 rev=899 events=19 checksum=508bb77e0a3b16a5
[log] [coop:transport] recv host t=requestTurnCommit e=1827802517509761 wave=96 turn=1 rev=899 handlers=1
[log] [coop:transport] send host t=turnResolution e=1827802517509761 wave=96 turn=1 rev=899 events=19 checksum=508bb77e0a3b16a5
[log] [coop:transport] recv guest t=turnResolution e=1827802517509761 wave=96 turn=1 rev=899 events=19 checksum=508bb77e0a3b16a5 handlers=1
[log] [coop:transport] recv guest t=turnResolution e=1827802517509761 wave=96 turn=1 rev=899 events=19 checksum=508bb77e0a3b16a5 handlers=1
[log] [coop:replay] guest consume live events turn=1 count=0
[log] [coop:replay] guest replay turn=1: RESOLVE renderedLive=9 remaining=10 batch=19
[log] [coop:replay] guest replay turn=1: rendering 10 event(s)
[log] [coop:replay] guest replay turn=1: present k=message
[log] [coop:replay] guest replay turn=1: present k=message
[log] [coop:replay] guest replay turn=1: present k=message
[log] [coop:replay] guest replay turn=1: present k=message
[log] [coop:replay] guest replay turn=1: present k=moveUsed
[log] [coop:session] isCoopAuthoritativeGuestGated -> true (authoritative GUEST gates a structural mutation)
[log] [coop:replay] guest replay turn=1: present k=hp
[log] [coop:session] isCoopAuthoritativeGuestGated -> true (authoritative GUEST gates a structural mutation)
[log] [coop:replay] guest replay turn=1: present k=faint
[log] [coop:session] isCoopAuthoritativeGuestGated -> true (authoritative GUEST gates a structural mutation)
[log] [coop:replay] guest replay turn=1: present k=moveUsed
[log] [coop:session] isCoopAuthoritativeGuestGated -> true (authoritative GUEST gates a structural mutation)
[log] [coop:replay] guest replay turn=1: present k=hp
[log] [coop:session] isCoopAuthoritativeGuestGated -> true (authoritative GUEST gates a structural mutation)
[log] [coop:replay] guest replay turn=1: present k=faint
[log] [coop:session] isCoopAuthoritativeGuestGated -> true (authoritative GUEST gates a structural mutation)
[log] [coop:replay] guest replay turn=1: rendered phases [message=4 moveUsed=2 hp=2 faint=2]
[log] [coop:replay] guest replay turn=1: unshift CoopFinalizeTurnPhase (checkpoint apply deferred)
[log] [coop:session] isCoopAuthoritativeGuestGated -> true (authoritative GUEST gates a structural mutation)
[log] [coop:stream] guest IGNORE idempotent turn duplicate e=1827802517509761 wave=96 turn=1 rev=899
[log] [coop:stream] guest IGNORE idempotent turn duplicate e=1827802517509761 wave=96 turn=1 rev=899
[log] [coop:replay] present move bi=0 moveId=247 targets=1
[log] [coop:replay] present hp bi=2 145->0/145
[log] [coop:replay] present faint bi=2 narrate=true
[log] [coop:replay] present move bi=1 moveId=53 targets=1
[log] [coop:replay] present hp bi=3 228->0/228
[log] [coop:replay] present faint bi=3 narrate=true
[log] [coop:checkpoint] guest apply field=4 weather=0 terrain=0 arenaTags=0
[log] [coop:session] isCoopAuthoritativeGuestGated -> true (authoritative GUEST gates a structural mutation)
[log] [coop:adopt] erMoneyStreaks host entries=0 -> restored (#837/#348)
[log] [coop:adopt] biomeOverstayAnchor host=null -> restored (#837/#504)
[log] [coop:adopt] erBiomeStructure host length=23 startWave=96 -> restored (#841 item 5)
[log] [coop:adopt] erRelicBattleState host wave=96 -> restored (#837)
[log] [coop:adopt] erMapState host nodes=2 travelTarget=- fragments=0 -> restored (#865/#841 item 1)
[log] [coop:adopt] erPendingNodes host count=5 revealed=2 -> restored (#865)
[log] [coop:resync] guest apply authoritativeState tick=899 wave=96 turn=1 party=6/2 field=4
[log] [coop:resync] presentation settle boundary=resync-stable side=player desired=visible ids=[178671748,1930538543] changed=0 phase=CoopFinalizeTurnPhase
[log] [coop:resync] presentation settle boundary=wave-start-pre-intro side=enemy desired=visible ids=[] changed=0 phase=CoopFinalizeTurnPhase
[warn] [coop:heal] heldItems monId=2664723993 bi=2 removed=[BASE_STAT_BOOSTER] added=[BASE_STAT_BOOSTER] -> applied
[warn] [coop:heal] heldItems bi=2 host=[BASE_STAT_BOOSTER] -> applied (rewrote to host set)
[log] [coop:interaction] interactionCounter() read -> 113 (role=guest)
[log] [coop:checksum] capture digest=508bb77e0a3b16a5 field=4 biome=11 seed=coop-soak-20260725 weather=0 terrain=0 money=19860 party=[493,384,890,150,382,888] partyLevels=[500,500,500,500,500,500] arenaTags=0 modifiers=7 heldItemsDigest=0 pokeballs=[0:99,1:10,2:10,3:0,4:0] mons=[bi0:sp493/hp726-1865/st0/ab121/form0/tera0:0/boss0:0 bi1:sp384/hp1287-1715/st0/ab5144/form0/tera0:15/boss0:0 bi2:sp218/hp0-145/st7/ab40/form0/tera0:9/boss0:0 bi3:sp521/hp0-228/st7/ab5205/form0/tera0:2/boss0:0]
[log] [coop:transport] send guest t=turnCommitAck e=1827802517509761 wave=96 turn=1 rev=899 stage=materialApplied checksum=508bb77e0a3b16a5
[log] [coop:stream] guest ACK turn stage=materialApplied e=1827802517509761 wave=96 turn=1 rev=899
[log] [coop:checksum] guest finalize materialApplied e=1827802517509761 wave=96 turn=1 rev=899
[log] [coop:transport] recv host t=turnCommitAck e=1827802517509761 wave=96 turn=1 rev=899 stage=materialApplied checksum=508bb77e0a3b16a5 handlers=1
[log] [coop:stream] host ACCEPT turn ACK stage=materialApplied key=1827802517509761:96:1:899
[log] [coop:transport] send guest t=turnCommitAck e=1827802517509761 wave=96 turn=1 rev=899 stage=presentationReady checksum=508bb77e0a3b16a5
[log] [coop:stream] guest ACK turn stage=presentationReady e=1827802517509761 wave=96 turn=1 rev=899
[log] [coop:checksum] guest finalize presentationReady e=1827802517509761 wave=96 turn=1 rev=899
[log] [coop:replay] guest finalize turn=1: END (checkpoint applied, turn-end queued)
[log] [coop:transport] recv host t=turnCommitAck e=1827802517509761 wave=96 turn=1 rev=899 stage=presentationReady checksum=508bb77e0a3b16a5 handlers=1
[log] [coop:stream] host ACCEPT turn ACK stage=presentationReady key=1827802517509761:96:1:899
[log] [coop:stream] guest admitted WAVE_ADVANCE continuation e=1827802517509761 wave=96
[log] [coop:runtime] wave-advance JOURNAL bootstrap wave=96 outcome=win (ACK withheld)
[log] [coop:runtime] wave-advance JOURNAL queued safe-boundary wake wave=96 unparkedReplay=0
[log] [coop:runtime] wave-advance op JOURNAL cursor-advanced id=1827802517509761:0:WAVE_ADVANCE:96 rev=227 dataApplied=false continuationReady=false (DATA applies at BattleEnd; retained ACK awaits DATA + destination continuation)
[log] [coop:transport] send guest t=coopAck cls=op:global seq=227
[log] [coop:replay] guest RECV waveEndState wave=96 tick=900
[log] [coop:runtime] ignore raw waveEndState for correctness wave=96 tick=900
[log] [coop:relay] RECV rewardOptions key=113:0 -> BUFFER rewardOptionsInbox (latest-wins) count=4
[log] [coop:rendezvous] RECV arrival point=shop:96:113 -> BUFFER (no waiter yet) role=guest
[log] [coop:transport] recv host t=coopAck cls=op:global seq=227 handlers=1
[log] [coop:session] isCoopAuthoritativeGuestGated -> true (authoritative GUEST gates a structural mutation)
[log] [coop:session] isCoopAuthoritativeGuestGated -> true (authoritative GUEST gates a structural mutation)
[log] [coop:session] isCoopAuthoritativeGuestGated -> true (authoritative GUEST gates a structural mutation)
[log] [coop:session] isCoopAuthoritativeGuestGated -> true (authoritative GUEST gates a structural mutation)
[log] [coop:session] isCoopAuthoritativeGuestGated -> true (authoritative GUEST gates a structural mutation)
[log] [coop:runtime] consume wave-advance wave=96 outcome=win transition=WAVE_VICTORY/next97/biome0/egg1/wild (lastResolved 95 -> 96)
[log] [coop:replay] guest wave-advance outcome=win wave=96 next=WAVE_VICTORY/wave97 biomeChange=false eggLapse=true victoryKind=wild battleType=WILD queues=VictoryPhase (host-stated)
[warn] [coop:replay] guest wave-advance wave=96: replacing speculative future queue [CommandPhase,CommandPhase,TurnStartPhase]
[log] [coop:session] isCoopAuthoritativeGuestGated -> true (authoritative GUEST gates a structural mutation)
[log] [coop:progression] GUEST applyPartyExp SKIP wave=96 koMon=Unfezant (awaiting host waveEndState)
[log] [coop-diag] VictoryPhase win-branch role=guest battleType=WILD queuesTrainerVictory=false queuesSelectModifier=true wave=96
[log] [coop:session] isCoopAuthoritativeGuestGated -> true (authoritative GUEST gates a structural mutation)
[log] [coop:session] isCoopAuthoritativeGuestGated -> true (authoritative GUEST gates a structural mutation)
[log] [coop-diag] VictoryTail role=guest wave=96 source=host-stated trainer=false egg=true biomeShop=false biomeChange=false crossroads=false nextWave=97
[log] [coop:session] isCoopAuthoritativeGuestGated -> true (authoritative GUEST gates a structural mutation)
[log] [coop:session] isCoopAuthoritativeGuestGated -> true (authoritative GUEST gates a structural mutation)
[log] [coop:session] isCoopAuthoritativeGuestGated -> true (authoritative GUEST gates a structural mutation)
[log] [coop:adopt] erMoneyStreaks host entries=0 -> restored (#837/#348)
[log] [coop:adopt] biomeOverstayAnchor host=null -> restored (#837/#504)
[log] [coop:adopt] erBiomeStructure host length=23 startWave=96 -> restored (#841 item 5)
[log] [coop:adopt] erRelicBattleState host wave=96 -> restored (#837)
[log] [coop:adopt] erMapState host nodes=2 travelTarget=- fragments=0 -> restored (#865/#841 item 1)
[log] [coop:adopt] erPendingNodes host count=5 revealed=2 -> restored (#865)
[log] [coop:resync] guest apply authoritativeState tick=900 wave=96 turn=2 party=6/2 field=4
[log] [coop:resync] presentation settle boundary=resync-stable side=player desired=visible ids=[178671748,1930538543] changed=0 phase=BattleEndPhase
[log] [coop:resync] presentation settle boundary=wave-start-pre-intro side=enemy desired=visible ids=[] changed=0 phase=BattleEndPhase
[log] [coop:runtime] wave-advance retained DATA boundary admitted wave=96
[log] [coop:progression] retained WAVE_ADVANCE DATA applied wave=96 tick=900
[log] [coop:progression] GUEST retained WAVE_ADVANCE BattleEnd release wave=96
[log] [coop:progression] GUEST automatic victory settlement admitted wave=96 turn=2
[log] [coop:transport] recv guest t=envelope t=envelope handlers=1
[log] [coop:transport] send guest t=coopAck cls=op:global seq=227
[log] [coop:transport] recv host t=coopAck cls=op:global seq=227 handlers=1
[log] [coop:interaction] interactionCounter() read -> 113 (role=guest)
[log] [coop:checksum] capture digest=508bb77e0a3b16a5 field=4 biome=11 seed=coop-soak-20260725 weather=0 terrain=0 money=19860 party=[493,384,890,150,382,888] partyLevels=[500,500,500,500,500,500] arenaTags=0 modifiers=7 heldItemsDigest=0 pokeballs=[0:99,1:10,2:10,3:0,4:0] mons=[bi0:sp493/hp726-1865/st0/ab121/form0/tera0:0/boss0:0 bi1:sp384/hp1287-1715/st0/ab5144/form0/tera0:15/boss0:0 bi2:sp218/hp0-145/st7/ab40/form0/tera0:9/boss0:0 bi3:sp521/hp0-228/st7/ab5205/form0/tera0:2/boss0:0]
[log] [coop:interaction] interactionCounter() read -> 113 (role=guest)
[log] [coop:owner] ownerOf(counter=113) seat=1 -> owner=guest
[log] [coop:owner] isLocalOwnerAtCounter(pinnedCounter=113) parity=1 owner=guest role=guest -> true
[log] [coop:interaction] interactionCounter() read -> 113 (role=guest)
[log] [coop:reward] owner/watcher decision: pinnedStart=113 liveCounter=113 parity=1 role=guest pick=OWNER option=ADOPT spoof=false
[log] [coop:rendezvous] ARRIVE point=shop:96:113 (send) role=guest
[log] [coop:transport] send guest t=rendezvous point=shop:96:113
[log] [coop:reward] OWNER drives reward screen (start=113 role=guest spoof=false adoptsOptions=true wave=96)
[log] [coop:rendezvous] shop-pick-commit barrier AWAIT shop:96:113
[log] [coop:rendezvous] AWAIT point=shop:96:113 -> partner already arrived (buffer-hit) role=guest
[log] [coop:transport] recv host t=rendezvous point=shop:96:113 handlers=1
[log] [coop:reward] WATCHER awaiting owner reward options (start=113 reroll=0 localCount=0)
[log] [coop:relay] AWAIT rewardOptions key=113:0 timeoutMs=1200000 -> BUFFER-HIT resolve count=4
[log] [coop:shop] reconstructRewardOptions OK count=4 ids=[SUPER_POTION,NUGGET,BERRY,MEMORY_MUSHROOM]
[log] [coop:reward] WATCHER ADOPTED owner reward options (was=0 now=4 ids=[SUPER_POTION,NUGGET,BERRY,MEMORY_MUSHROOM])
[log] [coop:transport] send guest t=turnCommitAck e=1827802517509761 wave=96 turn=1 rev=899 stage=continuationReady checksum=508bb77e0a3b16a5
[log] [coop:stream] guest ACK turn stage=continuationReady e=1827802517509761 wave=96 turn=1 rev=899
[log] [coop:stream] guest continuation surface=sharedInput e=1827802517509761 wave=96 turn=2 waiting=1 released=1
[log] [coop:interaction] mirror begin role=owner mirrorSeq=7232 interactionStart=113 reroll=0
[log] [coop:interaction] uiMirror beginSession role=owner mode=6 seq=7232 early=0
[log] [coop:transport] recv host t=turnCommitAck e=1827802517509761 wave=96 turn=1 rev=899 stage=continuationReady checksum=508bb77e0a3b16a5 handlers=1
[log] [coop:progression] retained WAVE_ADVANCE continuationReady wave=96
[log] [coop:transport] send guest t=coopAck cls=op:global seq=227
[log] [coop:transport] send guest t=coopAck cls=op:global seq=227
[log] [coop:transport] send guest t=coopAck cls=op:global seq=227
[log] [coop:transport] recv host t=coopAck cls=op:global seq=227 handlers=1
[log] [coop:transport] recv host t=coopAck cls=op:global seq=227 handlers=1
[log] [coop:transport] recv host t=coopAck cls=op:global seq=227 handlers=1
[log] [coop:owner] ownerOf(counter=113) seat=1 -> owner=guest
[log] [coop:owner] isLocalOwnerAtCounter(pinnedCounter=113) parity=1 owner=guest role=guest -> true
[log] [coop:owner] ownerOf(counter=113) seat=1 -> owner=guest
[log] [coop:owner] isLocalOwnerAtCounter(pinnedCounter=113) parity=1 owner=guest role=guest -> true
[log] [coop:relay] OWNER prepare seq=113 kind=reward choice=1 data=[0] role=guest
[log] [coop:reward] reward op INTENT prepared label=reward id=1827802517509761:1:REWARD:11300000
[log] [coop:relay] SEND interactionChoice seq=113 kind=reward kind=? choice=1 data=[0]
[log] [coop:transport] send guest t=interactionChoice seq=113 kind=reward choice=1
[warn] [coop:v2-shadow] FAULT tap(INTERACTION_COMMIT): AuthorityLog.commit: entry context is not bound to the local authority
[log] [coop:relay] AWAIT interactionChoice seq=113 timeoutMs=1200000 expected=[reward,shop,skip,reroll,check,transfer,lock] -> network-wait
[log] [coop:transport] recv host t=interactionChoice seq=113 kind=reward choice=1 handlers=1
[log] [coop:adopt] erMoneyStreaks host entries=0 -> restored (#837/#348)
[log] [coop:adopt] biomeOverstayAnchor host=null -> restored (#837/#504)
[log] [coop:adopt] erBiomeStructure host length=23 startWave=96 -> restored (#841 item 5)
[log] [coop:adopt] erRelicBattleState host wave=96 -> restored (#837)
[log] [coop:adopt] erMapState host nodes=2 travelTarget=- fragments=0 -> restored (#865/#841 item 1)
[log] [coop:adopt] erPendingNodes host count=5 revealed=2 -> restored (#865)
[log] [coop:resync] guest apply authoritativeState tick=901 wave=96 turn=2 party=6/2 field=4
[log] [coop:resync] presentation settle boundary=resync-stable side=player desired=visible ids=[178671748,1930538543] changed=0 phase=SelectModifierPhase
[log] [coop:resync] presentation settle boundary=wave-start-pre-intro side=enemy desired=visible ids=[] changed=0 phase=SelectModifierPhase
[log] [coop:relay] DELIVER interactionChoice seq=113 -> waiter kind=reward choice=1 data=[0]
[log] [coop:relay] AWAIT interactionChoice seq=113 RESOLVE kind=reward choice=1 data=[0]
[log] [coop:reward] shop authoritative RESULT applied-before-render kind=REWARD id=1827802517509761:1:REWARD:11300000 rev=228 tick=901
[log] [coop:transport] send guest t=coopAck cls=op:global seq=228
[log] [coop:interaction] RECV interaction broadcast (deferred catch-up net) received=114 localBefore=113 role=guest -> WILL DEFER to 114 (folds in at next advance if still ahead)
[warn] [coop:interaction] CoopInteractionTurn.mergeRemote DEFER (remote=114, counter=113, pendingRemote=114) live counter UNCHANGED (folds in at next advance if still ahead)
[log] [coop:owner] ownerOf(counter=113) seat=1 -> owner=guest
[log] [coop:owner] ownerOf(counter=113) seat=1 -> owner=guest
[log] [coop:reward] reward op WATCHER materialize retained choice=1 terminal=true id=1827802517509761:1:REWARD:11300000
[log] [coop:reward] WATCHER applying relayed action seq=113 act=REWARD choice=1 data=[0]
[log] [coop:transport] recv host t=coopAck cls=op:global seq=228 handlers=1
[log] [coop:v2-interaction] terminal proof recorded op=1827802517509761:1:REWARD:11300000 role=guest seat=1 duplicate=0 ambient=1
[log] [coop:v2-interaction] phase terminal proof op=1827802517509761:1:REWARD:11300000 route=constructor-fallback accepted=1
[log] [coop:interaction] interactionCounter() read -> 113 (role=guest)
[log] [coop:interaction] CoopInteractionTurn.advance INCREMENT (fromCounter=113) counter 113 -> 114
[log] [coop:interaction] advanceInteraction ADVANCED+BROADCAST (fromCounter=113) counter 113 -> 114 role=guest; send interaction screen=__turn__ choice=114
[log] [coop:interaction] SEND counter snapshot reason=advance choice=114 role=guest
[log] [coop:transport] send guest t=interaction screen=__turn__
[log] [coop:owner] ownerOf(counter=114) seat=0 -> owner=host
[log] [coop:owner] ownerOf(counter=114) seat=0 -> owner=host
[log] [coop:interaction] interactionCounter() read -> 114 (role=guest)
[log] [coop:reward] advance interaction (role=guest from=113 counter 113 -> 114)
[log] [coop:session] isCoopAuthoritativeGuestGated -> true (authoritative GUEST gates a structural mutation)
[log] [coop:transport] recv host t=interaction screen=__turn__ handlers=1
[log] [coop:replay] guest RECV enemyPartySync wave=97 count=2 -> buffered (no waiter)
[log] [coop:replay] guest RECV entry presentation wave=97 stateTick=903 events=2 buffered
[log] [coop:replay] guest RECV enemyPartySync wave=97 count=2 -> buffered (no waiter)
[log] [coop:rendezvous] RECV arrival point=cmd:97:1 -> BUFFER (no waiter yet) role=guest
[log] [coop:battletype] wave=97 HOST verdict: WILD - adopting (#867)
[log] [coop:me] wave=97 HOST verdict: NO ME - local presence roll suppressed (#862)
[log] [coop:session] isCoopAuthoritativeGuestGated -> true (authoritative GUEST gates a structural mutation)
[log] [coop:interaction] interactionCounter() read -> 114 (role=guest)
[log] [coop:stream] guest consumeEnemyParty wave=97 -> 2 enemies
[log] [coop:enemy] buildCoopEnemy ADOPT trainerSlot=0 species=277 form=0 lv=69 abilityIdx=1 nature=0 gender=1 shiny=false tera=0:0 hp=183/183 moves=4 heldItems=2
[log] [coop:enemy] buildCoopEnemy ADOPT trainerSlot=0 species=521 form=0 lv=70 abilityIdx=0 nature=0 gender=0 shiny=false tera=0:0 hp=241/241 moves=4 heldItems=1
[warn] [coop:heal] arenaTag ADD tagType=TAILWIND side=2 layers=1 turnCount=3 (guest lacked it) -> added
[log] [coop:adopt] erMoneyStreaks host entries=0 -> restored (#837/#348)
[log] [coop:adopt] biomeOverstayAnchor host=null -> restored (#837/#504)
[log] [coop:adopt] erBiomeStructure host length=23 startWave=96 -> restored (#841 item 5)
[log] [coop:adopt] erRelicBattleState host wave=97 -> restored (#837)
[log] [coop:adopt] erMapState host nodes=2 travelTarget=- fragments=0 -> restored (#865/#841 item 1)
[log] [coop:adopt] erPendingNodes host count=5 revealed=2 -> restored (#865)
[log] [coop:resync] guest apply authoritativeState tick=903 wave=97 turn=1 party=6/2 field=4
[log] [coop:resync] presentation settle boundary=resync-stable side=player desired=visible ids=[178671748,1930538543] changed=0 phase=NextEncounterPhase
[log] [coop:resync] presentation settle boundary=resync-stable side=enemy desired=visible ids=[3658208056,2624665679] changed=2 phase=NextEncounterPhase
[log] [coop:resync] render differ: newly presented id=3658208056 key=pkmn__277 -> load atlas
[log] [coop:resync] render differ: newly presented id=2624665679 key=pkmn__521 -> load atlas
[log] [coop:resync] presentation settle boundary=launch-ready side=player desired=visible ids=[178671748,1930538543] changed=0 phase=NextEncounterPhase
[log] [coop:session] isCoopAuthoritativeGuestGated -> true (authoritative GUEST gates a structural mutation)
[log] [coop:session] isCoopAuthoritativeGuestGated -> true (authoritative GUEST gates a structural mutation)
[log] [coop:session] isCoopAuthoritativeGuestGated -> true (authoritative GUEST gates a structural mutation)
[log] [coop:session] isCoopAuthoritativeGuestGated -> true (authoritative GUEST gates a structural mutation)
[log] [coop:session] isCoopAuthoritativeGuestGated -> true (authoritative GUEST gates a structural mutation)
[log] [coop:session] isCoopAuthoritativeGuestGated -> true (authoritative GUEST gates a structural mutation)
[log] [coop:replay] guest replay turn=1: awaiting retained entry presentation
[warn] [coop:resync] authoritativeState tick=903 STALE (lastApplied=903) -> REJECTED (#807)
[log] [coop:adopt] erMoneyStreaks host entries=0 -> restored (#837/#348)
[log] [coop:adopt] biomeOverstayAnchor host=null -> restored (#837/#504)
[log] [coop:adopt] erBiomeStructure host length=23 startWave=96 -> restored (#841 item 5)
[log] [coop:adopt] erRelicBattleState host wave=97 -> restored (#837)
[log] [coop:adopt] erMapState host nodes=2 travelTarget=- fragments=0 -> restored (#865/#841 item 1)
[log] [coop:adopt] erPendingNodes host count=5 revealed=2 -> restored (#865)
[log] [coop:resync] guest reassert authoritativeState tick=903 wave=97 turn=1 party=6/2 field=4
[log] [coop:resync] presentation settle boundary=resync-stable side=player desired=visible ids=[178671748,1930538543] changed=0 phase=CoopReplayTurnPhase
[log] [coop:resync] presentation settle boundary=resync-stable side=enemy desired=visible ids=[3658208056,2624665679] changed=0 phase=CoopReplayTurnPhase
[log] [coop:replay] guest replay turn=1: rendering 2 event(s)
[log] [coop:replay] guest replay turn=1: present k=message
[log] [coop:turn] host recorder: append turn=1 seq=2 k=message total=3 live=true
[log] [coop:replay] guest replay turn=1: present k=showAbility
[log] [coop:session] isCoopAuthoritativeGuestGated -> true (authoritative GUEST gates a structural mutation)
[log] [coop:replay] guest replay turn=1: rendered phases [message=1 showAbility=1]
[log] [coop:replay] guest replay turn=1: retained entry presentation queued stateTick=903 events=2; awaiting exact outcome proof
[log] [coop:session] isCoopAuthoritativeGuestGated -> true (authoritative GUEST gates a structural mutation)
[log] [coop:session] isCoopAuthoritativeGuestGated -> true (authoritative GUEST gates a structural mutation)
[log] [coop:session] isCoopAuthoritativeGuestGated -> true (authoritative GUEST gates a structural mutation)
[log] [coop:replay] guest entry presentation PROVED wave=97 turn=1 events=2
[log] [coop:stream] guest consumeEnemyParty wave=97 -> null (buffered=none)
[log] [coop:battle] CommandPhase slot=0 turn=1 owner=host role=guest -> partner path
[log] [coop:stream] guest consumeEnemyParty wave=97 -> null (buffered=none)
[log] [coop:rendezvous] ARRIVE point=cmd:97:1 (send) role=guest
[log] [coop:transport] send guest t=rendezvous point=cmd:97:1
[log] [coop:rendezvous] next-command barrier cmd:97:1 SYNC pass (partner already arrived)
[log] [coop:stream] guest consumeEnemyParty wave=97 -> null (buffered=none)
[log] [coop:transport] send guest t=coopAck cls=op:global seq=228
[log] [coop:transport] send guest t=coopAck cls=op:global seq=228
[log] [coop:transport] recv host t=rendezvous point=cmd:97:1 handlers=1
[log] [coop:transport] recv host t=coopAck cls=op:global seq=228 handlers=1
[log] [coop:transport] recv host t=coopAck cls=op:global seq=228 handlers=1
[log] [coop:rendezvous] RECV arrival point=cmd:97:1 -> DUPLICATE (already seen) role=guest
[log] [coop:replay] guest IGNORE duplicate consumed entry presentation wave=97
[log] [coop:replay] guest RECV enemyPartySync wave=97 count=2 -> buffered (no waiter)
[log] [coop:interaction] interactionCounter() read -> 114 (role=guest)
[log] [coop:checksum] capture digest=2fee2ef104284957 field=4 biome=11 seed=coop-soak-20260725 weather=0 terrain=0 money=21410 party=[493,384,890,150,382,888] partyLevels=[500,500,500,500,500,500] arenaTags=1 modifiers=7 heldItemsDigest=3 pokeballs=[0:99,1:10,2:10,3:0,4:0] mons=[bi0:sp493/hp726-1865/st0/ab121/form0/tera0:0/boss0:0 bi1:sp384/hp1287-1715/st0/ab5144/form0/tera0:15/boss0:0 bi2:sp277/hp183-183/st0/ab5058/form0/tera0:0/boss0:0 bi3:sp521/hp241-241/st0/ab5205/form0/tera0:0/boss0:0]
[log] [coop:interaction] interactionCounter() read -> 114 (role=guest)
[log] [coop:replay] guest IGNORE duplicate consumed entry presentation wave=97
[log] [coop:replay] guest RECV enemyPartySync wave=97 count=2 -> buffered (no waiter)
[log] [coop:replay] guest RECV turnResolution e=1827802517509761 wave=97 turn=1 events=11 checksum=2e09882c8b238c79 -> buffered (no waiter)
[log] [coop:session] isCoopAuthoritativeGuestGated -> true (authoritative GUEST gates a structural mutation)
[log] [coop:replay] guest replay turn=1: live pump start mode=turn
[log] [coop:replay] guest replay turn=1: advance local watermark 0->2
[log] [coop:session] isCoopAuthoritativeGuestGated -> true (authoritative GUEST gates a structural mutation)
[log] [coop:transport] send guest t=requestTurnCommit e=1827802517509761 wave=97 turn=1 rev=pending
[log] [coop:transport] send guest t=requestTurnCommit e=1827802517509761 wave=97 turn=1 rev=907
[log] [coop:replay] guest awaitTurn turn=1 RESOLVE (buffered race) events=11
[log] [coop:transport] recv host t=requestTurnCommit e=1827802517509761 wave=97 turn=1 rev=pending handlers=1
[log] [coop:transport] send host t=turnResolution e=1827802517509761 wave=97 turn=1 rev=907 events=11 checksum=2e09882c8b238c79
[log] [coop:transport] recv host t=requestTurnCommit e=1827802517509761 wave=97 turn=1 rev=907 handlers=1
[log] [coop:transport] send host t=turnResolution e=1827802517509761 wave=97 turn=1 rev=907 events=11 checksum=2e09882c8b238c79
[log] [coop:transport] recv guest t=turnResolution e=1827802517509761 wave=97 turn=1 rev=907 events=11 checksum=2e09882c8b238c79 handlers=1
[log] [coop:transport] recv guest t=turnResolution e=1827802517509761 wave=97 turn=1 rev=907 events=11 checksum=2e09882c8b238c79 handlers=1
[log] [coop:replay] guest consume live events turn=1 count=0
[log] [coop:replay] guest replay turn=1: RESOLVE renderedLive=2 remaining=9 batch=11
[log] [coop:replay] guest replay turn=1: rendering 9 event(s)
[log] [coop:replay] guest replay turn=1: present k=message
[log] [coop:replay] guest replay turn=1: present k=moveUsed
[log] [coop:session] isCoopAuthoritativeGuestGated -> true (authoritative GUEST gates a structural mutation)
[log] [coop:replay] guest replay turn=1: present k=message
[log] [coop:replay] guest replay turn=1: present k=moveUsed
[log] [coop:session] isCoopAuthoritativeGuestGated -> true (authoritative GUEST gates a structural mutation)
[log] [coop:replay] guest replay turn=1: present k=message
[log] [coop:replay] guest replay turn=1: present k=moveUsed
[log] [coop:session] isCoopAuthoritativeGuestGated -> true (authoritative GUEST gates a structural mutation)
[log] [coop:replay] guest replay turn=1: present k=hp
[log] [coop:session] isCoopAuthoritativeGuestGated -> true (authoritative GUEST gates a structural mutation)
[log] [coop:replay] guest replay turn=1: present k=faint
[log] [coop:session] isCoopAuthoritativeGuestGated -> true (authoritative GUEST gates a structural mutation)
[log] [coop:replay] guest replay turn=1: present k=message
[log] [coop:replay] guest replay turn=1: rendered phases [message=4 moveUsed=3 hp=1 faint=1]
[log] [coop:replay] guest replay turn=1: unshift CoopFinalizeTurnPhase (checkpoint apply deferred)
[log] [coop:session] isCoopAuthoritativeGuestGated -> true (authoritative GUEST gates a structural mutation)
[log] [coop:stream] guest IGNORE idempotent turn duplicate e=1827802517509761 wave=97 turn=1 rev=907
[log] [coop:stream] guest IGNORE idempotent turn duplicate e=1827802517509761 wave=97 turn=1 rev=907
[log] [coop:replay] present move bi=2 moveId=170 targets=1
[log] [coop:replay] present move bi=0 moveId=85 targets=1
[log] [coop:replay] present move bi=1 moveId=85 targets=1
[log] [coop:replay] present hp bi=3 241->0/241
[log] [coop:replay] present faint bi=3 narrate=true
[log] [coop:checkpoint] guest apply field=4 weather=0 terrain=0 arenaTags=1
[log] [coop:session] isCoopAuthoritativeGuestGated -> true (authoritative GUEST gates a structural mutation)
[log] [coop:adopt] erMoneyStreaks host entries=0 -> restored (#837/#348)
[log] [coop:adopt] biomeOverstayAnchor host=null -> restored (#837/#504)
[log] [coop:adopt] erBiomeStructure host length=23 startWave=96 -> restored (#841 item 5)
[log] [coop:adopt] erRelicBattleState host wave=97 -> restored (#837)
[log] [coop:adopt] erMapState host nodes=2 travelTarget=- fragments=0 -> restored (#865/#841 item 1)
[log] [coop:adopt] erPendingNodes host count=5 revealed=2 -> restored (#865)
[log] [coop:resync] guest apply authoritativeState tick=907 wave=97 turn=1 party=6/2 field=4
[log] [coop:resync] presentation settle boundary=resync-stable side=player desired=visible ids=[178671748,1930538543] changed=0 phase=CoopFinalizeTurnPhase
[log] [coop:resync] presentation settle boundary=resync-stable side=enemy desired=visible ids=[3658208056] changed=0 phase=CoopFinalizeTurnPhase
[warn] [coop:heal] heldItems monId=3658208056 bi=2 removed=[BERRY,BERRY] added=[BERRY,BERRY] -> applied
[warn] [coop:heal] heldItems bi=2 host=[BERRY,BERRY] -> applied (rewrote to host set)
[log] [coop:interaction] interactionCounter() read -> 114 (role=guest)
[log] [coop:checksum] capture digest=2e09882c8b238c79 field=4 biome=11 seed=coop-soak-20260725 weather=0 terrain=0 money=21410 party=[493,384,890,150,382,888] partyLevels=[500,500,500,500,500,500] arenaTags=1 modifiers=7 heldItemsDigest=2 pokeballs=[0:99,1:10,2:10,3:0,4:0] mons=[bi0:sp493/hp726-1865/st0/ab121/form0/tera0:0/boss0:0 bi1:sp384/hp1287-1715/st0/ab5144/form0/tera0:15/boss0:0 bi2:sp277/hp183-183/st0/ab5058/form0/tera0:0/boss0:0 bi3:sp521/hp0-241/st7/ab5205/form0/tera0:0/boss0:0]
[log] [coop:transport] send guest t=turnCommitAck e=1827802517509761 wave=97 turn=1 rev=907 stage=materialApplied checksum=2e09882c8b238c79
[log] [coop:stream] guest ACK turn stage=materialApplied e=1827802517509761 wave=97 turn=1 rev=907
[log] [coop:checksum] guest finalize materialApplied e=1827802517509761 wave=97 turn=1 rev=907
[log] [coop:transport] recv host t=turnCommitAck e=1827802517509761 wave=97 turn=1 rev=907 stage=materialApplied checksum=2e09882c8b238c79 handlers=1
[log] [coop:stream] host ACCEPT turn ACK stage=materialApplied key=1827802517509761:97:1:907
[log] [coop:transport] send guest t=turnCommitAck e=1827802517509761 wave=97 turn=1 rev=907 stage=presentationReady checksum=2e09882c8b238c79
[log] [coop:stream] guest ACK turn stage=presentationReady e=1827802517509761 wave=97 turn=1 rev=907
[log] [coop:checksum] guest finalize presentationReady e=1827802517509761 wave=97 turn=1 rev=907
[log] [coop:replay] guest finalize turn=1: END (checkpoint applied, turn-end queued)
[log] [coop:transport] recv host t=turnCommitAck e=1827802517509761 wave=97 turn=1 rev=907 stage=presentationReady checksum=2e09882c8b238c79 handlers=1
[log] [coop:stream] host ACCEPT turn ACK stage=presentationReady key=1827802517509761:97:1:907
[log] [coop:rendezvous] ARRIVE point=cmd:97:2 (send) role=guest
[log] [coop:transport] send guest t=rendezvous point=cmd:97:2
[log] [coop:rendezvous] RECV arrival point=cmd:97:2 -> BUFFER (no waiter yet) role=guest
[log] [coop:session] isCoopAuthoritativeGuestGated -> true (authoritative GUEST gates a structural mutation)
[log] [coop:session] isCoopAuthoritativeGuestGated -> true (authoritative GUEST gates a structural mutation)
[log] [coop:session] isCoopAuthoritativeGuestGated -> true (authoritative GUEST gates a structural mutation)
[log] [coop:session] isCoopAuthoritativeGuestGated -> true (authoritative GUEST gates a structural mutation)
[log] [coop:session] isCoopAuthoritativeGuestGated -> true (authoritative GUEST gates a structural mutation)
[log] [coop:battle] CommandPhase slot=0 turn=2 owner=host role=guest -> partner path
[log] [coop:rendezvous] next-command barrier cmd:97:2 SYNC pass (partner already arrived)
[log] [coop:transport] send guest t=turnCommitAck e=1827802517509761 wave=97 turn=1 rev=907 stage=continuationReady checksum=2e09882c8b238c79
[log] [coop:stream] guest ACK turn stage=continuationReady e=1827802517509761 wave=97 turn=1 rev=907
[log] [coop:stream] guest continuation surface=command e=1827802517509761 wave=97 turn=2 waiting=1 released=1
[log] [coop:transport] recv host t=turnCommitAck e=1827802517509761 wave=97 turn=1 rev=907 stage=continuationReady checksum=2e09882c8b238c79 handlers=1
[log] [coop:replay] guest RECV turnResolution e=1827802517509761 wave=97 turn=2 events=8 checksum=f0b97aca26bd8854 -> buffered (no waiter)
[log] [coop:replay] guest RECV waveResolved wave=97 outcome=win transition=WAVE_VICTORY/next98/biome0/egg1/wild
[log] [coop:runtime] recv waveResolved wave=97 outcome=win role=guest netcode=authoritative
[log] [coop:runtime] ignore raw waveResolved for correctness wave=97 outcome=win; awaiting retained transaction
[log] [coop:session] isCoopAuthoritativeGuestGated -> true (authoritative GUEST gates a structural mutation)
[log] [coop:replay] guest replay turn=2: live pump start mode=turn
[log] [coop:transport] send guest t=requestTurnCommit e=1827802517509761 wave=97 turn=2 rev=pending
[log] [coop:transport] send guest t=requestTurnCommit e=1827802517509761 wave=97 turn=2 rev=909
[log] [coop:replay] guest awaitTurn turn=2 RESOLVE (buffered race) events=8
[log] [coop:transport] recv host t=requestTurnCommit e=1827802517509761 wave=97 turn=2 rev=pending handlers=1
[log] [coop:transport] send host t=turnResolution e=1827802517509761 wave=97 turn=2 rev=909 events=8 checksum=f0b97aca26bd8854
[log] [coop:transport] recv host t=requestTurnCommit e=1827802517509761 wave=97 turn=2 rev=909 handlers=1
[log] [coop:transport] send host t=turnResolution e=1827802517509761 wave=97 turn=2 rev=909 events=8 checksum=f0b97aca26bd8854
[log] [coop:transport] recv guest t=turnResolution e=1827802517509761 wave=97 turn=2 rev=909 events=8 checksum=f0b97aca26bd8854 handlers=1
[log] [coop:transport] recv guest t=turnResolution e=1827802517509761 wave=97 turn=2 rev=909 events=8 checksum=f0b97aca26bd8854 handlers=1
[log] [coop:replay] guest consume live events turn=2 count=0
[log] [coop:replay] guest replay turn=2: RESOLVE renderedLive=0 remaining=8 batch=8
[log] [coop:replay] guest replay turn=2: rendering 8 event(s)
[log] [coop:replay] guest replay turn=2: present k=moveUsed
[log] [coop:session] isCoopAuthoritativeGuestGated -> true (authoritative GUEST gates a structural mutation)
[log] [coop:replay] guest replay turn=2: present k=message
[log] [coop:replay] guest replay turn=2: present k=moveUsed
[log] [coop:session] isCoopAuthoritativeGuestGated -> true (authoritative GUEST gates a structural mutation)
[log] [coop:replay] guest replay turn=2: present k=hp
[log] [coop:session] isCoopAuthoritativeGuestGated -> true (authoritative GUEST gates a structural mutation)
[log] [coop:replay] guest replay turn=2: present k=faint
[log] [coop:session] isCoopAuthoritativeGuestGated -> true (authoritative GUEST gates a structural mutation)
[log] [coop:replay] guest replay turn=2: present k=message
[log] [coop:replay] guest replay turn=2: present k=moveUsed
[log] [coop:session] isCoopAuthoritativeGuestGated -> true (authoritative GUEST gates a structural mutation)
[log] [coop:replay] guest replay turn=2: present k=message
[log] [coop:replay] guest replay turn=2: rendered phases [moveUsed=3 message=3 hp=1 faint=1]
[log] [coop:replay] guest replay turn=2: unshift CoopFinalizeTurnPhase (checkpoint apply deferred)
[log] [coop:session] isCoopAuthoritativeGuestGated -> true (authoritative GUEST gates a structural mutation)
[log] [coop:stream] guest IGNORE idempotent turn duplicate e=1827802517509761 wave=97 turn=2 rev=909
[log] [coop:stream] guest IGNORE idempotent turn duplicate e=1827802517509761 wave=97 turn=2 rev=909
[log] [coop:replay] present move bi=2 moveId=170 targets=1
[log] [coop:replay] present move bi=0 moveId=85 targets=1
[log] [coop:replay] present hp bi=2 183->0/183
[log] [coop:replay] present faint bi=2 narrate=true
[log] [coop:replay] present move bi=1 moveId=85 targets=0
[log] [coop:checkpoint] guest apply field=4 weather=0 terrain=0 arenaTags=1
[log] [coop:session] isCoopAuthoritativeGuestGated -> true (authoritative GUEST gates a structural mutation)
[log] [coop:adopt] erMoneyStreaks host entries=0 -> restored (#837/#348)
[log] [coop:adopt] biomeOverstayAnchor host=null -> restored (#837/#504)
[log] [coop:adopt] erBiomeStructure host length=23 startWave=96 -> restored (#841 item 5)
[log] [coop:adopt] erRelicBattleState host wave=97 -> restored (#837)
[log] [coop:adopt] erMapState host nodes=2 travelTarget=- fragments=0 -> restored (#865/#841 item 1)
[log] [coop:adopt] erPendingNodes host count=5 revealed=2 -> restored (#865)
[log] [coop:resync] guest apply authoritativeState tick=909 wave=97 turn=2 party=6/2 field=4
[log] [coop:resync] presentation settle boundary=resync-stable side=player desired=visible ids=[178671748,1930538543] changed=0 phase=CoopFinalizeTurnPhase
[log] [coop:resync] presentation settle boundary=wave-start-pre-intro side=enemy desired=visible ids=[] changed=0 phase=CoopFinalizeTurnPhase
[log] [coop:interaction] interactionCounter() read -> 114 (role=guest)
[log] [coop:checksum] capture digest=f0b97aca26bd8854 field=4 biome=11 seed=coop-soak-20260725 weather=0 terrain=0 money=21410 party=[493,384,890,150,382,888] partyLevels=[500,500,500,500,500,500] arenaTags=1 modifiers=7 heldItemsDigest=0 pokeballs=[0:99,1:10,2:10,3:0,4:0] mons=[bi0:sp493/hp726-1865/st0/ab121/form0/tera0:0/boss0:0 bi1:sp384/hp1287-1715/st0/ab5144/form0/tera0:15/boss0:0 bi2:sp277/hp0-183/st7/ab5058/form0/tera0:0/boss0:0 bi3:sp521/hp0-241/st7/ab5205/form0/tera0:0/boss0:0]
[log] [coop:transport] send guest t=turnCommitAck e=1827802517509761 wave=97 turn=2 rev=909 stage=materialApplied checksum=f0b97aca26bd8854
[log] [coop:stream] guest ACK turn stage=materialApplied e=1827802517509761 wave=97 turn=2 rev=909
[log] [coop:checksum] guest finalize materialApplied e=1827802517509761 wave=97 turn=2 rev=909
[log] [coop:transport] recv host t=turnCommitAck e=1827802517509761 wave=97 turn=2 rev=909 stage=materialApplied checksum=f0b97aca26bd8854 handlers=1
[log] [coop:stream] host ACCEPT turn ACK stage=materialApplied key=1827802517509761:97:2:909
[log] [coop:transport] send guest t=turnCommitAck e=1827802517509761 wave=97 turn=2 rev=909 stage=presentationReady checksum=f0b97aca26bd8854
[log] [coop:stream] guest ACK turn stage=presentationReady e=1827802517509761 wave=97 turn=2 rev=909
[log] [coop:checksum] guest finalize presentationReady e=1827802517509761 wave=97 turn=2 rev=909
[log] [coop:replay] guest finalize turn=2: END (checkpoint applied, turn-end queued)
[log] [coop:transport] recv host t=turnCommitAck e=1827802517509761 wave=97 turn=2 rev=909 stage=presentationReady checksum=f0b97aca26bd8854 handlers=1
[log] [coop:stream] host ACCEPT turn ACK stage=presentationReady key=1827802517509761:97:2:909
[log] [coop:stream] guest admitted WAVE_ADVANCE continuation e=1827802517509761 wave=97
[log] [coop:runtime] wave-advance JOURNAL bootstrap wave=97 outcome=win (ACK withheld)
[log] [coop:runtime] wave-advance JOURNAL queued safe-boundary wake wave=97 unparkedReplay=0
[log] [coop:runtime] wave-advance op JOURNAL cursor-advanced id=1827802517509761:0:WAVE_ADVANCE:97 rev=229 dataApplied=false continuationReady=false (DATA applies at BattleEnd; retained ACK awaits DATA + destination continuation)
[log] [coop:transport] send guest t=coopAck cls=op:global seq=229
[log] [coop:replay] guest RECV waveEndState wave=97 tick=910
[log] [coop:runtime] ignore raw waveEndState for correctness wave=97 tick=910
[log] [coop:relay] RECV rewardOptions key=114:0 -> BUFFER rewardOptionsInbox (latest-wins) count=4
[log] [coop:rendezvous] RECV arrival point=shop:97:114 -> BUFFER (no waiter yet) role=guest
[log] [coop:transport] recv host t=coopAck cls=op:global seq=229 handlers=1
[log] [coop:session] isCoopAuthoritativeGuestGated -> true (authoritative GUEST gates a structural mutation)
[log] [coop:session] isCoopAuthoritativeGuestGated -> true (authoritative GUEST gates a structural mutation)
[log] [coop:session] isCoopAuthoritativeGuestGated -> true (authoritative GUEST gates a structural mutation)
[log] [coop:session] isCoopAuthoritativeGuestGated -> true (authoritative GUEST gates a structural mutation)
[log] [coop:session] isCoopAuthoritativeGuestGated -> true (authoritative GUEST gates a structural mutation)
[log] [coop:runtime] consume wave-advance wave=97 outcome=win transition=WAVE_VICTORY/next98/biome0/egg1/wild (lastResolved 96 -> 97)
[log] [coop:replay] guest wave-advance outcome=win wave=97 next=WAVE_VICTORY/wave98 biomeChange=false eggLapse=true victoryKind=wild battleType=WILD queues=VictoryPhase (host-stated)
[warn] [coop:replay] guest wave-advance wave=97: replacing speculative future queue [CommandPhase,CommandPhase,TurnStartPhase]
[log] [coop:session] isCoopAuthoritativeGuestGated -> true (authoritative GUEST gates a structural mutation)
[log] [coop:progression] GUEST applyPartyExp SKIP wave=97 koMon=Unfezant (awaiting host waveEndState)
[log] [coop-diag] VictoryPhase win-branch role=guest battleType=WILD queuesTrainerVictory=false queuesSelectModifier=true wave=97
[log] [coop:session] isCoopAuthoritativeGuestGated -> true (authoritative GUEST gates a structural mutation)
[log] [coop:session] isCoopAuthoritativeGuestGated -> true (authoritative GUEST gates a structural mutation)
[log] [coop-diag] VictoryTail role=guest wave=97 source=host-stated trainer=false egg=true biomeShop=false biomeChange=false crossroads=false nextWave=98
[log] [coop:session] isCoopAuthoritativeGuestGated -> true (authoritative GUEST gates a structural mutation)
[log] [coop:session] isCoopAuthoritativeGuestGated -> true (authoritative GUEST gates a structural mutation)
[log] [coop:session] isCoopAuthoritativeGuestGated -> true (authoritative GUEST gates a structural mutation)
[log] [coop:adopt] erMoneyStreaks host entries=0 -> restored (#837/#348)
[log] [coop:adopt] biomeOverstayAnchor host=null -> restored (#837/#504)
[log] [coop:adopt] erBiomeStructure host length=23 startWave=96 -> restored (#841 item 5)
[log] [coop:adopt] erRelicBattleState host wave=97 -> restored (#837)
[log] [coop:adopt] erMapState host nodes=2 travelTarget=- fragments=0 -> restored (#865/#841 item 1)
[log] [coop:adopt] erPendingNodes host count=5 revealed=2 -> restored (#865)
[log] [coop:resync] guest apply authoritativeState tick=910 wave=97 turn=3 party=6/2 field=4
[log] [coop:resync] presentation settle boundary=resync-stable side=player desired=visible ids=[178671748,1930538543] changed=0 phase=BattleEndPhase
[log] [coop:resync] presentation settle boundary=wave-start-pre-intro side=enemy desired=visible ids=[] changed=0 phase=BattleEndPhase
[log] [coop:runtime] wave-advance retained DATA boundary admitted wave=97
[log] [coop:progression] retained WAVE_ADVANCE DATA applied wave=97 tick=910
[log] [coop:progression] GUEST retained WAVE_ADVANCE BattleEnd release wave=97
[log] [coop:progression] GUEST automatic victory settlement admitted wave=97 turn=3
[log] [coop:interaction] interactionCounter() read -> 114 (role=guest)
[log] [coop:checksum] capture digest=f0b97aca26bd8854 field=4 biome=11 seed=coop-soak-20260725 weather=0 terrain=0 money=21410 party=[493,384,890,150,382,888] partyLevels=[500,500,500,500,500,500] arenaTags=1 modifiers=7 heldItemsDigest=0 pokeballs=[0:99,1:10,2:10,3:0,4:0] mons=[bi0:sp493/hp726-1865/st0/ab121/form0/tera0:0/boss0:0 bi1:sp384/hp1287-1715/st0/ab5144/form0/tera0:15/boss0:0 bi2:sp277/hp0-183/st7/ab5058/form0/tera0:0/boss0:0 bi3:sp521/hp0-241/st7/ab5205/form0/tera0:0/boss0:0]
[log] [coop:interaction] interactionCounter() read -> 114 (role=guest)
[log] [coop:owner] ownerOf(counter=114) seat=0 -> owner=host
[log] [coop:owner] isLocalOwnerAtCounter(pinnedCounter=114) parity=0 owner=host role=guest -> false
[log] [coop:interaction] interactionCounter() read -> 114 (role=guest)
[log] [coop:reward] owner/watcher decision: pinnedStart=114 liveCounter=114 parity=0 role=guest pick=WATCHER option=ADOPT spoof=false
[log] [coop:rendezvous] ARRIVE point=shop:97:114 (send) role=guest
[log] [coop:transport] send guest t=rendezvous point=shop:97:114
[log] [coop:reward] WATCHER waits for partner's reward picks (start=114 role=guest wave=97)
[log] [coop:reward] WATCHER awaiting owner reward options (start=114 reroll=0 localCount=0)
[log] [coop:relay] AWAIT rewardOptions key=114:0 timeoutMs=1200000 -> BUFFER-HIT resolve count=4
[log] [coop:transport] recv host t=rendezvous point=shop:97:114 handlers=1
[log] [coop:shop] reconstructRewardOptions OK count=4 ids=[DIRE_HIT,MAX_POTION,BERRY,POTION]
[log] [coop:reward] WATCHER ADOPTED owner reward options (was=0 now=4 ids=[DIRE_HIT,MAX_POTION,BERRY,POTION])
[log] [coop:transport] send guest t=turnCommitAck e=1827802517509761 wave=97 turn=2 rev=909 stage=continuationReady checksum=f0b97aca26bd8854
[log] [coop:stream] guest ACK turn stage=continuationReady e=1827802517509761 wave=97 turn=2 rev=909
[log] [coop:stream] guest continuation surface=sharedInput e=1827802517509761 wave=97 turn=3 waiting=1 released=1
[log] [coop:transport] recv host t=turnCommitAck e=1827802517509761 wave=97 turn=2 rev=909 stage=continuationReady checksum=f0b97aca26bd8854 handlers=1
[log] [coop:progression] retained WAVE_ADVANCE continuationReady wave=97
[log] [coop:transport] send guest t=coopAck cls=op:global seq=229
[log] [coop:transport] send guest t=coopAck cls=op:global seq=229
[log] [coop:transport] send guest t=coopAck cls=op:global seq=229
[log] [coop:interaction] mirror begin role=watcher mirrorSeq=7296 interactionStart=114 reroll=0
[log] [coop:interaction] uiMirror beginSession role=watcher mode=6 seq=7296 early=0
[log] [coop:transport] recv host t=coopAck cls=op:global seq=229 handlers=1
[log] [coop:transport] recv host t=coopAck cls=op:global seq=229 handlers=1
[log] [coop:transport] recv host t=coopAck cls=op:global seq=229 handlers=1
[log] [coop:relay] AWAIT interactionChoice seq=114 timeoutMs=1200000 expected=[reward,shop,skip,reroll,check,transfer,lock] -> network-wait
[log] [coop:transport] recv guest t=envelope t=envelope handlers=1
[log] [coop:transport] send guest t=coopAck cls=op:global seq=229
[log] [coop:transport] send guest t=coopAck cls=op:global seq=229
[log] [coop:transport] send guest t=coopAck cls=op:global seq=229
[log] [coop:transport] recv host t=coopAck cls=op:global seq=229 handlers=1
[log] [coop:transport] recv host t=coopAck cls=op:global seq=229 handlers=1
[log] [coop:transport] recv host t=coopAck cls=op:global seq=229 handlers=1
[log] [coop:rendezvous] RECV arrival point=shop:97:114 -> DUPLICATE (already seen) role=guest
[log] [coop:adopt] erMoneyStreaks host entries=0 -> restored (#837/#348)
[log] [coop:adopt] biomeOverstayAnchor host=null -> restored (#837/#504)
[log] [coop:adopt] erBiomeStructure host length=23 startWave=96 -> restored (#841 item 5)
[log] [coop:adopt] erRelicBattleState host wave=97 -> restored (#837)
[log] [coop:adopt] erMapState host nodes=2 travelTarget=- fragments=0 -> restored (#865/#841 item 1)
[log] [coop:adopt] erPendingNodes host count=5 revealed=2 -> restored (#865)
[log] [coop:resync] guest apply authoritativeState tick=911 wave=97 turn=3 party=6/2 field=4
[log] [coop:resync] presentation settle boundary=resync-stable side=player desired=visible ids=[178671748,1930538543] changed=0 phase=SelectModifierPhase
[log] [coop:resync] presentation settle boundary=wave-start-pre-intro side=enemy desired=visible ids=[] changed=0 phase=SelectModifierPhase
[log] [coop:relay] DELIVER interactionChoice seq=114 -> waiter kind=skip choice=-1 data=-
[log] [coop:relay] AWAIT interactionChoice seq=114 RESOLVE kind=skip choice=-1 data=-
[log] [coop:reward] shop authoritative RESULT applied-before-render kind=REWARD id=1827802517509761:0:REWARD:11400000 rev=230 tick=911
[log] [coop:transport] send guest t=coopAck cls=op:global seq=230
[log] [coop:reward] reward op WATCHER materialize retained choice=-1 terminal=true id=1827802517509761:0:REWARD:11400000
[log] [coop:reward] WATCHER applying relayed action seq=114 act=LEAVE choice=-1 data=-
[log] [coop:v2-interaction] terminal proof recorded op=1827802517509761:0:REWARD:11400000 role=guest seat=1 duplicate=0 ambient=1
[log] [coop:v2-interaction] phase terminal proof op=1827802517509761:0:REWARD:11400000 route=constructor-fallback accepted=1
[log] [coop:interaction] interactionCounter() read -> 114 (role=guest)
[log] [coop:interaction] CoopInteractionTurn.advance INCREMENT (fromCounter=114) counter 114 -> 115
[log] [coop:interaction] advanceInteraction ADVANCED+BROADCAST (fromCounter=114) counter 114 -> 115 role=guest; send interaction screen=__turn__ choice=115
[log] [coop:interaction] SEND counter snapshot reason=advance choice=115 role=guest
[log] [coop:transport] send guest t=interaction screen=__turn__
[log] [coop:owner] ownerOf(counter=115) seat=1 -> owner=guest
[log] [coop:owner] ownerOf(counter=115) seat=1 -> owner=guest
[log] [coop:interaction] interactionCounter() read -> 115 (role=guest)
[log] [coop:reward] advance interaction (role=guest from=114 counter 114 -> 115)
[log] [coop:session] isCoopAuthoritativeGuestGated -> true (authoritative GUEST gates a structural mutation)
[log] [coop:transport] recv host t=coopAck cls=op:global seq=230 handlers=1
[log] [coop:transport] recv host t=interaction screen=__turn__ handlers=1
[log] [coop:interaction] interactionCounter() read -> 115 (role=guest)
[log] [coop:interaction] interactionCounter() read -> 115 (role=guest)
[log] [coop:interaction] RECV interaction broadcast (deferred catch-up net) received=115 localBefore=115 role=guest -> no defer (local >= received)
[warn] [coop:interaction] CoopInteractionTurn.mergeRemote DEFER (remote=115, counter=115, pendingRemote=115) live counter UNCHANGED (folds in at next advance if still ahead)
[log] [coop:owner] ownerOf(counter=115) seat=1 -> owner=guest
[log] [coop:owner] ownerOf(counter=115) seat=1 -> owner=guest
[log] [coop:replay] guest RECV enemyPartySync wave=98 count=2 -> buffered (no waiter)
[log] [coop:replay] guest RECV entry presentation wave=98 stateTick=913 events=0 buffered
[log] [coop:replay] guest RECV enemyPartySync wave=98 count=2 -> buffered (no waiter)
[log] [coop:rendezvous] RECV arrival point=cmd:98:1 -> BUFFER (no waiter yet) role=guest
[log] [coop:battletype] wave=98 HOST verdict: WILD - adopting (#867)
[log] [coop:me] wave=98 HOST verdict: NO ME - local presence roll suppressed (#862)
[log] [coop:session] isCoopAuthoritativeGuestGated -> true (authoritative GUEST gates a structural mutation)
[log] [coop:interaction] interactionCounter() read -> 115 (role=guest)
[log] [coop:stream] guest consumeEnemyParty wave=98 -> 2 enemies
[log] [coop:enemy] buildCoopEnemy ADOPT trainerSlot=0 species=68 form=0 lv=69 abilityIdx=0 nature=0 gender=0 shiny=false tera=0:1 hp=224/224 moves=4 heldItems=1
[log] [coop:enemy] buildCoopEnemy ADOPT trainerSlot=0 species=521 form=0 lv=72 abilityIdx=1 nature=0 gender=1 shiny=false tera=0:0 hp=248/248 moves=4 heldItems=0
[log] [coop:adopt] erMoneyStreaks host entries=0 -> restored (#837/#348)
[log] [coop:adopt] biomeOverstayAnchor host=null -> restored (#837/#504)
[log] [coop:adopt] erBiomeStructure host length=23 startWave=96 -> restored (#841 item 5)
[log] [coop:adopt] erRelicBattleState host wave=98 -> restored (#837)
[log] [coop:adopt] erMapState host nodes=2 travelTarget=- fragments=0 -> restored (#865/#841 item 1)
[log] [coop:adopt] erPendingNodes host count=5 revealed=2 -> restored (#865)
[log] [coop:resync] guest apply authoritativeState tick=913 wave=98 turn=1 party=6/2 field=4
[log] [coop:resync] presentation settle boundary=resync-stable side=player desired=visible ids=[178671748,1930538543] changed=0 phase=NextEncounterPhase
[log] [coop:resync] presentation settle boundary=resync-stable side=enemy desired=visible ids=[2588672327,550300205] changed=2 phase=NextEncounterPhase
[log] [coop:resync] render differ: newly presented id=2588672327 key=pkmn__68 -> load atlas
[log] [coop:resync] render differ: newly presented id=550300205 key=pkmn__female__521 -> load atlas
[log] [coop:resync] presentation settle boundary=launch-ready side=player desired=visible ids=[178671748,1930538543] changed=0 phase=NextEncounterPhase
[log] [coop:session] isCoopAuthoritativeGuestGated -> true (authoritative GUEST gates a structural mutation)
[log] [coop:session] isCoopAuthoritativeGuestGated -> true (authoritative GUEST gates a structural mutation)
[log] [coop:session] isCoopAuthoritativeGuestGated -> true (authoritative GUEST gates a structural mutation)
[log] [coop:session] isCoopAuthoritativeGuestGated -> true (authoritative GUEST gates a structural mutation)
[log] [coop:session] isCoopAuthoritativeGuestGated -> true (authoritative GUEST gates a structural mutation)
[log] [coop:session] isCoopAuthoritativeGuestGated -> true (authoritative GUEST gates a structural mutation)
[log] [coop:replay] guest replay turn=1: awaiting retained entry presentation
[warn] [coop:resync] authoritativeState tick=913 STALE (lastApplied=913) -> REJECTED (#807)
[log] [coop:adopt] erMoneyStreaks host entries=0 -> restored (#837/#348)
[log] [coop:adopt] biomeOverstayAnchor host=null -> restored (#837/#504)
[log] [coop:adopt] erBiomeStructure host length=23 startWave=96 -> restored (#841 item 5)
[log] [coop:adopt] erRelicBattleState host wave=98 -> restored (#837)
[log] [coop:adopt] erMapState host nodes=2 travelTarget=- fragments=0 -> restored (#865/#841 item 1)
[log] [coop:adopt] erPendingNodes host count=5 revealed=2 -> restored (#865)
[log] [coop:resync] guest reassert authoritativeState tick=913 wave=98 turn=1 party=6/2 field=4
[log] [coop:resync] presentation settle boundary=resync-stable side=player desired=visible ids=[178671748,1930538543] changed=0 phase=CoopReplayTurnPhase
[log] [coop:resync] presentation settle boundary=resync-stable side=enemy desired=visible ids=[2588672327,550300205] changed=0 phase=CoopReplayTurnPhase
[log] [coop:replay] guest replay turn=1: rendering 0 event(s)
[log] [coop:replay] guest replay turn=1: rendered phases [none]
[log] [coop:replay] guest replay turn=1: retained entry presentation queued stateTick=913 events=0; awaiting exact outcome proof
[log] [coop:session] isCoopAuthoritativeGuestGated -> true (authoritative GUEST gates a structural mutation)
[log] [coop:replay] guest entry presentation PROVED wave=98 turn=1 events=0
[log] [coop:stream] guest consumeEnemyParty wave=98 -> null (buffered=none)
[log] [coop:battle] CommandPhase slot=0 turn=1 owner=host role=guest -> partner path
[log] [coop:stream] guest consumeEnemyParty wave=98 -> null (buffered=none)
[log] [coop:rendezvous] ARRIVE point=cmd:98:1 (send) role=guest
[log] [coop:transport] send guest t=rendezvous point=cmd:98:1
[log] [coop:rendezvous] next-command barrier cmd:98:1 SYNC pass (partner already arrived)
[log] [coop:stream] guest consumeEnemyParty wave=98 -> null (buffered=none)
[log] [coop:transport] send guest t=coopAck cls=op:global seq=230
[log] [coop:transport] send guest t=coopAck cls=op:global seq=230
[log] [coop:transport] recv host t=rendezvous point=cmd:98:1 handlers=1
[log] [coop:transport] recv host t=coopAck cls=op:global seq=230 handlers=1
[log] [coop:transport] recv host t=coopAck cls=op:global seq=230 handlers=1
[log] [coop:rendezvous] RECV arrival point=cmd:98:1 -> DUPLICATE (already seen) role=guest
[log] [coop:replay] guest IGNORE duplicate consumed entry presentation wave=98
[log] [coop:replay] guest RECV enemyPartySync wave=98 count=2 -> buffered (no waiter)
[log] [coop:interaction] interactionCounter() read -> 115 (role=guest)
[log] [coop:checksum] capture digest=9c124fdd2cefca96 field=4 biome=11 seed=coop-soak-20260725 weather=0 terrain=0 money=21410 party=[493,384,890,150,382,888] partyLevels=[500,500,500,500,500,500] arenaTags=1 modifiers=7 heldItemsDigest=1 pokeballs=[0:99,1:10,2:10,3:0,4:0] mons=[bi0:sp493/hp726-1865/st0/ab121/form0/tera0:0/boss0:0 bi1:sp384/hp1287-1715/st0/ab5144/form0/tera0:15/boss0:0 bi2:sp68/hp224-224/st0/ab125/form0/tera0:1/boss0:0 bi3:sp521/hp248-248/st0/ab145/form0/tera0:0/boss0:0]
[log] [coop:interaction] interactionCounter() read -> 115 (role=guest)
[log] [coop:replay] guest IGNORE duplicate consumed entry presentation wave=98
[log] [coop:replay] guest RECV enemyPartySync wave=98 count=2 -> buffered (no waiter)
[log] [coop:replay] guest RECV turnResolution e=1827802517509761 wave=98 turn=1 events=13 checksum=fdb32b03079ed69f -> buffered (no waiter)
[log] [coop:session] isCoopAuthoritativeGuestGated -> true (authoritative GUEST gates a structural mutation)
[log] [coop:replay] guest replay turn=1: live pump start mode=turn
[log] [coop:transport] send guest t=requestTurnCommit e=1827802517509761 wave=98 turn=1 rev=pending
[log] [coop:transport] send guest t=requestTurnCommit e=1827802517509761 wave=98 turn=1 rev=917
[log] [coop:replay] guest awaitTurn turn=1 RESOLVE (buffered race) events=13
[log] [coop:transport] recv host t=requestTurnCommit e=1827802517509761 wave=98 turn=1 rev=pending handlers=1
[log] [coop:transport] send host t=turnResolution e=1827802517509761 wave=98 turn=1 rev=917 events=13 checksum=fdb32b03079ed69f
[log] [coop:transport] recv host t=requestTurnCommit e=1827802517509761 wave=98 turn=1 rev=917 handlers=1
[log] [coop:transport] send host t=turnResolution e=1827802517509761 wave=98 turn=1 rev=917 events=13 checksum=fdb32b03079ed69f
[log] [coop:transport] recv guest t=turnResolution e=1827802517509761 wave=98 turn=1 rev=917 events=13 checksum=fdb32b03079ed69f handlers=1
[log] [coop:transport] recv guest t=turnResolution e=1827802517509761 wave=98 turn=1 rev=917 events=13 checksum=fdb32b03079ed69f handlers=1
[log] [coop:replay] guest consume live events turn=1 count=0
[log] [coop:replay] guest replay turn=1: RESOLVE renderedLive=0 remaining=13 batch=13
[log] [coop:replay] guest replay turn=1: rendering 13 event(s)
[log] [coop:replay] guest replay turn=1: present k=switch
[log] [coop:session] isCoopAuthoritativeGuestGated -> true (authoritative GUEST gates a structural mutation)
[log] [coop:replay] guest replay turn=1: present k=message
[log] [coop:replay] guest replay turn=1: present k=showAbility
[log] [coop:session] isCoopAuthoritativeGuestGated -> true (authoritative GUEST gates a structural mutation)
[log] [coop:replay] guest replay turn=1: present k=message
[log] [coop:replay] guest replay turn=1: present k=statStage
[log] [coop:session] isCoopAuthoritativeGuestGated -> true (authoritative GUEST gates a structural mutation)
[log] [coop:replay] guest replay turn=1: present k=showAbility
[log] [coop:session] isCoopAuthoritativeGuestGated -> true (authoritative GUEST gates a structural mutation)
[log] [coop:replay] guest replay turn=1: present k=moveUsed
[log] [coop:session] isCoopAuthoritativeGuestGated -> true (authoritative GUEST gates a structural mutation)
[log] [coop:replay] guest replay turn=1: present k=hp
[log] [coop:session] isCoopAuthoritativeGuestGated -> true (authoritative GUEST gates a structural mutation)
[log] [coop:replay] guest replay turn=1: present k=moveUsed
[log] [coop:session] isCoopAuthoritativeGuestGated -> true (authoritative GUEST gates a structural mutation)
[log] [coop:replay] guest replay turn=1: present k=hp
[log] [coop:session] isCoopAuthoritativeGuestGated -> true (authoritative GUEST gates a structural mutation)
[log] [coop:replay] guest replay turn=1: present k=faint
[log] [coop:session] isCoopAuthoritativeGuestGated -> true (authoritative GUEST gates a structural mutation)
[log] [coop:replay] guest replay turn=1: present k=message
[log] [coop:replay] guest replay turn=1: present k=message
[log] [coop:replay] guest replay turn=1: rendered phases [switch=1 message=4 showAbility=2 statStage=1 moveUsed=2 hp=2 faint=1]
[log] [coop:replay] guest replay turn=1: unshift CoopFinalizeTurnPhase (checkpoint apply deferred)
[log] [coop:session] isCoopAuthoritativeGuestGated -> true (authoritative GUEST gates a structural mutation)
[log] [coop:stream] guest IGNORE idempotent turn duplicate e=1827802517509761 wave=98 turn=1 rev=917
[log] [coop:stream] guest IGNORE idempotent turn duplicate e=1827802517509761 wave=98 turn=1 rev=917
[log] [coop:session] isCoopAuthoritativeGuestGated -> true (authoritative GUEST gates a structural mutation)
[log] [coop:session] isCoopAuthoritativeGuestGated -> true (authoritative GUEST gates a structural mutation)
[log] [coop:replay] present statStage bi=0 stat=3 -> 2
[log] [coop:replay] present statStage bi=0 stat=3 set to 2 NO tween (delta=2 anims=false)
[log] [coop:session] isCoopAuthoritativeGuestGated -> true (authoritative GUEST gates a structural mutation)
[log] [coop:session] isCoopAuthoritativeGuestGated -> true (authoritative GUEST gates a structural mutation)
[log] [coop:replay] present move bi=2 moveId=418 targets=1
[log] [coop:replay] present hp bi=1 1287->1280/1715
[log] [coop:replay] present move bi=1 moveId=85 targets=1
[log] [coop:replay] present hp bi=3 248->0/248
[log] [coop:replay] present faint bi=3 narrate=true
[log] [coop:checkpoint] guest apply field=4 weather=0 terrain=0 arenaTags=0
[warn] [coop:heal] arenaTag REMOVE tagType=TAILWIND side=2 (host lacks it) -> removed
[log] [coop:session] isCoopAuthoritativeGuestGated -> true (authoritative GUEST gates a structural mutation)
[log] [coop:adopt] erMoneyStreaks host entries=0 -> restored (#837/#348)
[log] [coop:adopt] biomeOverstayAnchor host=null -> restored (#837/#504)
[log] [coop:adopt] erBiomeStructure host length=23 startWave=96 -> restored (#841 item 5)
[log] [coop:adopt] erRelicBattleState host wave=98 -> restored (#837)
[log] [coop:adopt] erMapState host nodes=2 travelTarget=- fragments=0 -> restored (#865/#841 item 1)
[log] [coop:adopt] erPendingNodes host count=5 revealed=2 -> restored (#865)
[log] [coop:resync] guest apply authoritativeState tick=917 wave=98 turn=1 party=6/2 field=4
[log] [coop:resync] presentation settle boundary=resync-stable side=player desired=visible ids=[1582731684,1930538543] changed=0 phase=CoopFinalizeTurnPhase
[log] [coop:resync] presentation settle boundary=resync-stable side=enemy desired=visible ids=[2588672327] changed=0 phase=CoopFinalizeTurnPhase
[warn] [coop:heal] heldItems monId=1582731684 bi=0 removed=[LEFTOVERS] added=[LEFTOVERS] -> applied
[warn] [coop:heal] heldItems bi=0 host=[LEFTOVERS] -> applied (rewrote to host set)
[warn] [coop:heal] heldItems monId=2588672327 bi=2 removed=[BERRY] added=[BERRY] -> applied
[warn] [coop:heal] heldItems bi=2 host=[BERRY] -> applied (rewrote to host set)
[log] [coop:interaction] interactionCounter() read -> 115 (role=guest)
[log] [coop:checksum] capture digest=fdb32b03079ed69f field=4 biome=11 seed=coop-soak-20260725 weather=0 terrain=0 money=21410 party=[890,384,493,150,382,888] partyLevels=[500,500,500,500,500,500] arenaTags=0 modifiers=7 heldItemsDigest=2 pokeballs=[0:99,1:10,2:10,3:0,4:0] mons=[bi0:sp890/hp2065-2065/st0/ab5258/form0/tera0:3/boss0:0 bi1:sp384/hp1280-1715/st0/ab5144/form0/tera0:15/boss0:0 bi2:sp68/hp224-224/st0/ab125/form0/tera0:1/boss0:0 bi3:sp521/hp0-248/st7/ab145/form0/tera0:0/boss0:0]
[log] [coop:transport] send guest t=turnCommitAck e=1827802517509761 wave=98 turn=1 rev=917 stage=materialApplied checksum=fdb32b03079ed69f
[log] [coop:stream] guest ACK turn stage=materialApplied e=1827802517509761 wave=98 turn=1 rev=917
[log] [coop:checksum] guest finalize materialApplied e=1827802517509761 wave=98 turn=1 rev=917
[log] [coop:transport] recv host t=turnCommitAck e=1827802517509761 wave=98 turn=1 rev=917 stage=materialApplied checksum=fdb32b03079ed69f handlers=1
[log] [coop:stream] host ACCEPT turn ACK stage=materialApplied key=1827802517509761:98:1:917
[log] [coop:transport] send guest t=turnCommitAck e=1827802517509761 wave=98 turn=1 rev=917 stage=presentationReady checksum=fdb32b03079ed69f
[log] [coop:stream] guest ACK turn stage=presentationReady e=1827802517509761 wave=98 turn=1 rev=917
[log] [coop:checksum] guest finalize presentationReady e=1827802517509761 wave=98 turn=1 rev=917
[log] [coop:replay] guest finalize turn=1: END (checkpoint applied, turn-end queued)
[log] [coop:transport] recv host t=turnCommitAck e=1827802517509761 wave=98 turn=1 rev=917 stage=presentationReady checksum=fdb32b03079ed69f handlers=1
[log] [coop:stream] host ACCEPT turn ACK stage=presentationReady key=1827802517509761:98:1:917
[log] [coop:rendezvous] ARRIVE point=cmd:98:2 (send) role=guest
[log] [coop:transport] send guest t=rendezvous point=cmd:98:2
[log] [coop:rendezvous] RECV arrival point=cmd:98:2 -> BUFFER (no waiter yet) role=guest
[log] [coop:session] isCoopAuthoritativeGuestGated -> true (authoritative GUEST gates a structural mutation)
[log] [coop:session] isCoopAuthoritativeGuestGated -> true (authoritative GUEST gates a structural mutation)
[log] [coop:session] isCoopAuthoritativeGuestGated -> true (authoritative GUEST gates a structural mutation)
[log] [coop:session] isCoopAuthoritativeGuestGated -> true (authoritative GUEST gates a structural mutation)
[log] [coop:session] isCoopAuthoritativeGuestGated -> true (authoritative GUEST gates a structural mutation)
[log] [coop:battle] CommandPhase slot=0 turn=2 owner=host role=guest -> partner path
[log] [coop:rendezvous] next-command barrier cmd:98:2 SYNC pass (partner already arrived)
[log] [coop:transport] send guest t=turnCommitAck e=1827802517509761 wave=98 turn=1 rev=917 stage=continuationReady checksum=fdb32b03079ed69f
[log] [coop:stream] guest ACK turn stage=continuationReady e=1827802517509761 wave=98 turn=1 rev=917
[log] [coop:stream] guest continuation surface=command e=1827802517509761 wave=98 turn=2 waiting=1 released=1
[log] [coop:transport] recv host t=turnCommitAck e=1827802517509761 wave=98 turn=1 rev=917 stage=continuationReady checksum=fdb32b03079ed69f handlers=1
[log] [coop:replay] guest RECV turnResolution e=1827802517509761 wave=98 turn=2 events=11 checksum=5a37a3f4939faf12 -> buffered (no waiter)
[log] [coop:replay] guest RECV waveResolved wave=98 outcome=win transition=WAVE_VICTORY/next99/biome0/egg1/wild
[log] [coop:runtime] recv waveResolved wave=98 outcome=win role=guest netcode=authoritative
[log] [coop:runtime] ignore raw waveResolved for correctness wave=98 outcome=win; awaiting retained transaction
[log] [coop:session] isCoopAuthoritativeGuestGated -> true (authoritative GUEST gates a structural mutation)
[log] [coop:replay] guest replay turn=2: live pump start mode=turn
[log] [coop:transport] send guest t=requestTurnCommit e=1827802517509761 wave=98 turn=2 rev=pending
[log] [coop:transport] send guest t=requestTurnCommit e=1827802517509761 wave=98 turn=2 rev=919
[log] [coop:replay] guest awaitTurn turn=2 RESOLVE (buffered race) events=11
[log] [coop:transport] recv host t=requestTurnCommit e=1827802517509761 wave=98 turn=2 rev=pending handlers=1
[log] [coop:transport] send host t=turnResolution e=1827802517509761 wave=98 turn=2 rev=919 events=11 checksum=5a37a3f4939faf12
[log] [coop:transport] recv host t=requestTurnCommit e=1827802517509761 wave=98 turn=2 rev=919 handlers=1
[log] [coop:transport] send host t=turnResolution e=1827802517509761 wave=98 turn=2 rev=919 events=11 checksum=5a37a3f4939faf12
[log] [coop:transport] recv guest t=turnResolution e=1827802517509761 wave=98 turn=2 rev=919 events=11 checksum=5a37a3f4939faf12 handlers=1
[log] [coop:transport] recv guest t=turnResolution e=1827802517509761 wave=98 turn=2 rev=919 events=11 checksum=5a37a3f4939faf12 handlers=1
[log] [coop:replay] guest consume live events turn=2 count=0
[log] [coop:replay] guest replay turn=2: RESOLVE renderedLive=0 remaining=11 batch=11
[log] [coop:replay] guest replay turn=2: rendering 11 event(s)
[log] [coop:replay] guest replay turn=2: present k=moveUsed
[log] [coop:session] isCoopAuthoritativeGuestGated -> true (authoritative GUEST gates a structural mutation)
[log] [coop:replay] guest replay turn=2: present k=hp
[log] [coop:session] isCoopAuthoritativeGuestGated -> true (authoritative GUEST gates a structural mutation)
[log] [coop:replay] guest replay turn=2: present k=moveUsed
[log] [coop:session] isCoopAuthoritativeGuestGated -> true (authoritative GUEST gates a structural mutation)
[log] [coop:replay] guest replay turn=2: present k=hp
[log] [coop:session] isCoopAuthoritativeGuestGated -> true (authoritative GUEST gates a structural mutation)
[log] [coop:replay] guest replay turn=2: present k=faint
[log] [coop:session] isCoopAuthoritativeGuestGated -> true (authoritative GUEST gates a structural mutation)
[log] [coop:replay] guest replay turn=2: present k=hp
[log] [coop:session] isCoopAuthoritativeGuestGated -> true (authoritative GUEST gates a structural mutation)
[log] [coop:replay] guest replay turn=2: present k=message
[log] [coop:replay] guest replay turn=2: present k=moveUsed
[log] [coop:session] isCoopAuthoritativeGuestGated -> true (authoritative GUEST gates a structural mutation)
[log] [coop:replay] guest replay turn=2: present k=message
[log] [coop:replay] guest replay turn=2: present k=hp
[log] [coop:session] isCoopAuthoritativeGuestGated -> true (authoritative GUEST gates a structural mutation)
[log] [coop:replay] guest replay turn=2: present k=message
[log] [coop:replay] guest replay turn=2: rendered phases [moveUsed=3 hp=4 faint=1 message=3]
[log] [coop:replay] guest replay turn=2: unshift CoopFinalizeTurnPhase (checkpoint apply deferred)
[log] [coop:session] isCoopAuthoritativeGuestGated -> true (authoritative GUEST gates a structural mutation)
[log] [coop:stream] guest IGNORE idempotent turn duplicate e=1827802517509761 wave=98 turn=2 rev=919
[log] [coop:stream] guest IGNORE idempotent turn duplicate e=1827802517509761 wave=98 turn=2 rev=919
[log] [coop:replay] present move bi=2 moveId=418 targets=1
[log] [coop:replay] present hp bi=1 1280->1273/1715
[log] [coop:replay] present move bi=0 moveId=85 targets=1
[log] [coop:replay] present hp bi=2 224->0/224
[log] [coop:replay] present faint bi=2 narrate=true
[log] [coop:replay] present hp bi=0 2065->1992/2065
[log] [coop:replay] present move bi=1 moveId=247 targets=0
[log] [coop:replay] present hp bi=0 1992->2065/2065
[log] [coop:checkpoint] guest apply field=4 weather=0 terrain=0 arenaTags=0
[log] [coop:session] isCoopAuthoritativeGuestGated -> true (authoritative GUEST gates a structural mutation)
[log] [coop:adopt] erMoneyStreaks host entries=0 -> restored (#837/#348)
[log] [coop:adopt] biomeOverstayAnchor host=null -> restored (#837/#504)
[log] [coop:adopt] erBiomeStructure host length=23 startWave=96 -> restored (#841 item 5)
[log] [coop:adopt] erRelicBattleState host wave=98 -> restored (#837)
[log] [coop:adopt] erMapState host nodes=2 travelTarget=- fragments=0 -> restored (#865/#841 item 1)
[log] [coop:adopt] erPendingNodes host count=5 revealed=2 -> restored (#865)
[log] [coop:resync] guest apply authoritativeState tick=919 wave=98 turn=2 party=6/2 field=4
[log] [coop:resync] presentation settle boundary=resync-stable side=player desired=visible ids=[1582731684,1930538543] changed=0 phase=CoopFinalizeTurnPhase
[log] [coop:resync] presentation settle boundary=wave-start-pre-intro side=enemy desired=visible ids=[] changed=0 phase=CoopFinalizeTurnPhase
[warn] [coop:heal] heldItems monId=1582731684 bi=0 removed=[LEFTOVERS] added=[LEFTOVERS] -> applied
[warn] [coop:heal] heldItems bi=0 host=[LEFTOVERS] -> applied (rewrote to host set)
[log] [coop:interaction] interactionCounter() read -> 115 (role=guest)
[log] [coop:checksum] capture digest=5a37a3f4939faf12 field=4 biome=11 seed=coop-soak-20260725 weather=0 terrain=0 money=21410 party=[890,384,493,150,382,888] partyLevels=[500,500,500,500,500,500] arenaTags=0 modifiers=7 heldItemsDigest=1 pokeballs=[0:99,1:10,2:10,3:0,4:0] mons=[bi0:sp890/hp2065-2065/st0/ab5258/form0/tera0:3/boss0:0 bi1:sp384/hp1273-1715/st0/ab5144/form0/tera0:15/boss0:0 bi2:sp68/hp0-224/st7/ab125/form0/tera0:1/boss0:0 bi3:sp521/hp0-248/st7/ab145/form0/tera0:0/boss0:0]
[log] [coop:transport] send guest t=turnCommitAck e=1827802517509761 wave=98 turn=2 rev=919 stage=materialApplied checksum=5a37a3f4939faf12
[log] [coop:stream] guest ACK turn stage=materialApplied e=1827802517509761 wave=98 turn=2 rev=919
[log] [coop:checksum] guest finalize materialApplied e=1827802517509761 wave=98 turn=2 rev=919
[log] [coop:transport] recv host t=turnCommitAck e=1827802517509761 wave=98 turn=2 rev=919 stage=materialApplied checksum=5a37a3f4939faf12 handlers=1
[log] [coop:stream] host ACCEPT turn ACK stage=materialApplied key=1827802517509761:98:2:919
[log] [coop:transport] send guest t=turnCommitAck e=1827802517509761 wave=98 turn=2 rev=919 stage=presentationReady checksum=5a37a3f4939faf12
[log] [coop:stream] guest ACK turn stage=presentationReady e=1827802517509761 wave=98 turn=2 rev=919
[log] [coop:checksum] guest finalize presentationReady e=1827802517509761 wave=98 turn=2 rev=919
[log] [coop:replay] guest finalize turn=2: END (checkpoint applied, turn-end queued)
[log] [coop:transport] recv host t=turnCommitAck e=1827802517509761 wave=98 turn=2 rev=919 stage=presentationReady checksum=5a37a3f4939faf12 handlers=1
[log] [coop:stream] host ACCEPT turn ACK stage=presentationReady key=1827802517509761:98:2:919
[log] [coop:stream] guest admitted WAVE_ADVANCE continuation e=1827802517509761 wave=98
[log] [coop:runtime] wave-advance JOURNAL bootstrap wave=98 outcome=win (ACK withheld)
[log] [coop:runtime] wave-advance JOURNAL queued safe-boundary wake wave=98 unparkedReplay=0
[log] [coop:runtime] wave-advance op JOURNAL cursor-advanced id=1827802517509761:0:WAVE_ADVANCE:98 rev=231 dataApplied=false continuationReady=false (DATA applies at BattleEnd; retained ACK awaits DATA + destination continuation)
[log] [coop:transport] send guest t=coopAck cls=op:global seq=231
[log] [coop:replay] guest RECV waveEndState wave=98 tick=920
[log] [coop:runtime] ignore raw waveEndState for correctness wave=98 tick=920
[log] [coop:relay] RECV rewardOptions key=115:0 -> BUFFER rewardOptionsInbox (latest-wins) count=4
[log] [coop:rendezvous] RECV arrival point=shop:98:115 -> BUFFER (no waiter yet) role=guest
[log] [coop:transport] recv host t=coopAck cls=op:global seq=231 handlers=1
[log] [coop:session] isCoopAuthoritativeGuestGated -> true (authoritative GUEST gates a structural mutation)
[log] [coop:session] isCoopAuthoritativeGuestGated -> true (authoritative GUEST gates a structural mutation)
[log] [coop:session] isCoopAuthoritativeGuestGated -> true (authoritative GUEST gates a structural mutation)
[log] [coop:session] isCoopAuthoritativeGuestGated -> true (authoritative GUEST gates a structural mutation)
[log] [coop:session] isCoopAuthoritativeGuestGated -> true (authoritative GUEST gates a structural mutation)
[log] [coop:runtime] consume wave-advance wave=98 outcome=win transition=WAVE_VICTORY/next99/biome0/egg1/wild (lastResolved 97 -> 98)
[log] [coop:replay] guest wave-advance outcome=win wave=98 next=WAVE_VICTORY/wave99 biomeChange=false eggLapse=true victoryKind=wild battleType=WILD queues=VictoryPhase (host-stated)
[warn] [coop:replay] guest wave-advance wave=98: replacing speculative future queue [CommandPhase,CommandPhase,TurnStartPhase]
[log] [coop:session] isCoopAuthoritativeGuestGated -> true (authoritative GUEST gates a structural mutation)
[log] [coop:progression] GUEST applyPartyExp SKIP wave=98 koMon=Unfezant (awaiting host waveEndState)
[log] [coop-diag] VictoryPhase win-branch role=guest battleType=WILD queuesTrainerVictory=false queuesSelectModifier=true wave=98
[log] [coop:session] isCoopAuthoritativeGuestGated -> true (authoritative GUEST gates a structural mutation)
[log] [coop:session] isCoopAuthoritativeGuestGated -> true (authoritative GUEST gates a structural mutation)
[log] [coop-diag] VictoryTail role=guest wave=98 source=host-stated trainer=false egg=true biomeShop=false biomeChange=false crossroads=false nextWave=99
[log] [coop:session] isCoopAuthoritativeGuestGated -> true (authoritative GUEST gates a structural mutation)
[log] [coop:session] isCoopAuthoritativeGuestGated -> true (authoritative GUEST gates a structural mutation)
[log] [coop:session] isCoopAuthoritativeGuestGated -> true (authoritative GUEST gates a structural mutation)
[log] [coop:adopt] erMoneyStreaks host entries=0 -> restored (#837/#348)
[log] [coop:adopt] biomeOverstayAnchor host=null -> restored (#837/#504)
[log] [coop:adopt] erBiomeStructure host length=23 startWave=96 -> restored (#841 item 5)
[log] [coop:adopt] erRelicBattleState host wave=98 -> restored (#837)
[log] [coop:adopt] erMapState host nodes=2 travelTarget=- fragments=0 -> restored (#865/#841 item 1)
[log] [coop:adopt] erPendingNodes host count=5 revealed=2 -> restored (#865)
[log] [coop:resync] guest apply authoritativeState tick=920 wave=98 turn=3 party=6/2 field=4
[log] [coop:resync] presentation settle boundary=resync-stable side=player desired=visible ids=[1582731684,1930538543] changed=0 phase=BattleEndPhase
[log] [coop:resync] presentation settle boundary=wave-start-pre-intro side=enemy desired=visible ids=[] changed=0 phase=BattleEndPhase
[log] [coop:runtime] wave-advance retained DATA boundary admitted wave=98
[log] [coop:progression] retained WAVE_ADVANCE DATA applied wave=98 tick=920
[log] [coop:progression] GUEST retained WAVE_ADVANCE BattleEnd release wave=98
[log] [coop:transport] recv guest t=envelope t=envelope handlers=1
[log] [coop:transport] send guest t=coopAck cls=op:global seq=231
[log] [coop:transport] recv host t=coopAck cls=op:global seq=231 handlers=1
[log] [coop:progression] GUEST automatic victory settlement admitted wave=98 turn=3
[log] [coop:interaction] interactionCounter() read -> 115 (role=guest)
[log] [coop:checksum] capture digest=5a37a3f4939faf12 field=4 biome=11 seed=coop-soak-20260725 weather=0 terrain=0 money=21410 party=[890,384,493,150,382,888] partyLevels=[500,500,500,500,500,500] arenaTags=0 modifiers=7 heldItemsDigest=1 pokeballs=[0:99,1:10,2:10,3:0,4:0] mons=[bi0:sp890/hp2065-2065/st0/ab5258/form0/tera0:3/boss0:0 bi1:sp384/hp1273-1715/st0/ab5144/form0/tera0:15/boss0:0 bi2:sp68/hp0-224/st7/ab125/form0/tera0:1/boss0:0 bi3:sp521/hp0-248/st7/ab145/form0/tera0:0/boss0:0]
[log] [coop:interaction] interactionCounter() read -> 115 (role=guest)
[log] [coop:owner] ownerOf(counter=115) seat=1 -> owner=guest
[log] [coop:owner] isLocalOwnerAtCounter(pinnedCounter=115) parity=1 owner=guest role=guest -> true
[log] [coop:interaction] interactionCounter() read -> 115 (role=guest)
[log] [coop:reward] owner/watcher decision: pinnedStart=115 liveCounter=115 parity=1 role=guest pick=OWNER option=ADOPT spoof=false
[log] [coop:rendezvous] ARRIVE point=shop:98:115 (send) role=guest
[log] [coop:transport] send guest t=rendezvous point=shop:98:115
[log] [coop:reward] OWNER drives reward screen (start=115 role=guest spoof=false adoptsOptions=true wave=98)
[log] [coop:rendezvous] shop-pick-commit barrier AWAIT shop:98:115
[log] [coop:rendezvous] AWAIT point=shop:98:115 -> partner already arrived (buffer-hit) role=guest
[log] [coop:transport] recv host t=rendezvous point=shop:98:115 handlers=1
[log] [coop:reward] WATCHER awaiting owner reward options (start=115 reroll=0 localCount=0)
[log] [coop:relay] AWAIT rewardOptions key=115:0 timeoutMs=1200000 -> BUFFER-HIT resolve count=4
[log] [coop:shop] reconstructRewardOptions OK count=4 ids=[ER_RUSTY_CLAW,BERRY,POTION,NUGGET]
[log] [coop:reward] WATCHER ADOPTED owner reward options (was=0 now=4 ids=[ER_RUSTY_CLAW,BERRY,POTION,NUGGET])
[log] [coop:transport] send guest t=turnCommitAck e=1827802517509761 wave=98 turn=2 rev=919 stage=continuationReady checksum=5a37a3f4939faf12
[log] [coop:stream] guest ACK turn stage=continuationReady e=1827802517509761 wave=98 turn=2 rev=919
[log] [coop:stream] guest continuation surface=sharedInput e=1827802517509761 wave=98 turn=3 waiting=1 released=1
[log] [coop:interaction] mirror begin role=owner mirrorSeq=7360 interactionStart=115 reroll=0
[log] [coop:interaction] uiMirror beginSession role=owner mode=6 seq=7360 early=0
[log] [coop:transport] recv host t=turnCommitAck e=1827802517509761 wave=98 turn=2 rev=919 stage=continuationReady checksum=5a37a3f4939faf12 handlers=1
[log] [coop:progression] retained WAVE_ADVANCE continuationReady wave=98
[log] [coop:transport] send guest t=coopAck cls=op:global seq=231
[log] [coop:transport] send guest t=coopAck cls=op:global seq=231
[log] [coop:transport] send guest t=coopAck cls=op:global seq=231
[log] [coop:transport] recv host t=coopAck cls=op:global seq=231 handlers=1
[log] [coop:transport] recv host t=coopAck cls=op:global seq=231 handlers=1
[log] [coop:transport] recv host t=coopAck cls=op:global seq=231 handlers=1
[log] [coop:owner] ownerOf(counter=115) seat=1 -> owner=guest
[log] [coop:owner] isLocalOwnerAtCounter(pinnedCounter=115) parity=1 owner=guest role=guest -> true
[log] [coop:owner] ownerOf(counter=115) seat=1 -> owner=guest
[log] [coop:owner] isLocalOwnerAtCounter(pinnedCounter=115) parity=1 owner=guest role=guest -> true
[log] [coop:relay] OWNER prepare seq=115 kind=reward choice=3 data=[0] role=guest
[log] [coop:reward] reward op INTENT prepared label=reward id=1827802517509761:1:REWARD:11500000
[log] [coop:relay] SEND interactionChoice seq=115 kind=reward kind=? choice=3 data=[0]
[log] [coop:transport] send guest t=interactionChoice seq=115 kind=reward choice=3
[warn] [coop:v2-shadow] FAULT tap(INTERACTION_COMMIT): AuthorityLog.commit: entry context is not bound to the local authority
[log] [coop:relay] AWAIT interactionChoice seq=115 timeoutMs=1200000 expected=[reward,shop,skip,reroll,check,transfer,lock] -> network-wait
[log] [coop:transport] recv host t=interactionChoice seq=115 kind=reward choice=3 handlers=1
[log] [coop:adopt] erMoneyStreaks host entries=0 -> restored (#837/#348)
[log] [coop:adopt] biomeOverstayAnchor host=null -> restored (#837/#504)
[log] [coop:adopt] erBiomeStructure host length=23 startWave=96 -> restored (#841 item 5)
[log] [coop:adopt] erRelicBattleState host wave=98 -> restored (#837)
[log] [coop:adopt] erMapState host nodes=2 travelTarget=- fragments=0 -> restored (#865/#841 item 1)
[log] [coop:adopt] erPendingNodes host count=5 revealed=2 -> restored (#865)
[log] [coop:resync] guest apply authoritativeState tick=921 wave=98 turn=3 party=6/2 field=4
[log] [coop:resync] presentation settle boundary=resync-stable side=player desired=visible ids=[1582731684,1930538543] changed=0 phase=SelectModifierPhase
[log] [coop:resync] presentation settle boundary=wave-start-pre-intro side=enemy desired=visible ids=[] changed=0 phase=SelectModifierPhase
[log] [coop:relay] DELIVER interactionChoice seq=115 -> waiter kind=reward choice=3 data=[0]
[log] [coop:relay] AWAIT interactionChoice seq=115 RESOLVE kind=reward choice=3 data=[0]
[log] [coop:reward] shop authoritative RESULT applied-before-render kind=REWARD id=1827802517509761:1:REWARD:11500000 rev=232 tick=921
[log] [coop:transport] send guest t=coopAck cls=op:global seq=232
[log] [coop:interaction] RECV interaction broadcast (deferred catch-up net) received=116 localBefore=115 role=guest -> WILL DEFER to 116 (folds in at next advance if still ahead)
[warn] [coop:interaction] CoopInteractionTurn.mergeRemote DEFER (remote=116, counter=115, pendingRemote=116) live counter UNCHANGED (folds in at next advance if still ahead)
[log] [coop:owner] ownerOf(counter=115) seat=1 -> owner=guest
[log] [coop:owner] ownerOf(counter=115) seat=1 -> owner=guest
[log] [coop:reward] reward op WATCHER materialize retained choice=3 terminal=true id=1827802517509761:1:REWARD:11500000
[log] [coop:reward] WATCHER applying relayed action seq=115 act=REWARD choice=3 data=[0]
[log] [coop:transport] recv host t=coopAck cls=op:global seq=232 handlers=1
[log] [coop:v2-interaction] terminal proof recorded op=1827802517509761:1:REWARD:11500000 role=guest seat=1 duplicate=0 ambient=1
[log] [coop:v2-interaction] phase terminal proof op=1827802517509761:1:REWARD:11500000 route=constructor-fallback accepted=1
[log] [coop:interaction] interactionCounter() read -> 115 (role=guest)
[log] [coop:interaction] CoopInteractionTurn.advance INCREMENT (fromCounter=115) counter 115 -> 116
[log] [coop:interaction] advanceInteraction ADVANCED+BROADCAST (fromCounter=115) counter 115 -> 116 role=guest; send interaction screen=__turn__ choice=116
[log] [coop:interaction] SEND counter snapshot reason=advance choice=116 role=guest
[log] [coop:transport] send guest t=interaction screen=__turn__
[log] [coop:owner] ownerOf(counter=116) seat=0 -> owner=host
[log] [coop:owner] ownerOf(counter=116) seat=0 -> owner=host
[log] [coop:interaction] interactionCounter() read -> 116 (role=guest)
[log] [coop:reward] advance interaction (role=guest from=115 counter 115 -> 116)
[log] [coop:session] isCoopAuthoritativeGuestGated -> true (authoritative GUEST gates a structural mutation)
[log] [coop:transport] recv host t=interaction screen=__turn__ handlers=1
[log] [coop:replay] guest RECV enemyPartySync wave=99 count=2 -> buffered (no waiter)
[log] [coop:replay] guest RECV entry presentation wave=99 stateTick=923 events=2 buffered
[log] [coop:replay] guest RECV enemyPartySync wave=99 count=2 -> buffered (no waiter)
[log] [coop:rendezvous] RECV arrival point=cmd:99:1 -> BUFFER (no waiter yet) role=guest
[log] [coop:battletype] wave=99 HOST verdict: WILD - adopting (#867)
[log] [coop:me] wave=99 HOST verdict: NO ME - local presence roll suppressed (#862)
[log] [coop:session] isCoopAuthoritativeGuestGated -> true (authoritative GUEST gates a structural mutation)
[log] [coop:interaction] interactionCounter() read -> 116 (role=guest)
[log] [coop:stream] guest consumeEnemyParty wave=99 -> 2 enemies
[log] [coop:enemy] buildCoopEnemy ADOPT trainerSlot=0 species=21 form=0 lv=75 abilityIdx=1 nature=0 gender=1 shiny=false tera=0:2 hp=168/168 moves=4 heldItems=0
[log] [coop:enemy] buildCoopEnemy ADOPT trainerSlot=0 species=663 form=0 lv=72 abilityIdx=0 nature=0 gender=0 shiny=false tera=0:9 hp=216/216 moves=4 heldItems=1
[log] [coop:adopt] erMoneyStreaks host entries=0 -> restored (#837/#348)
[log] [coop:adopt] biomeOverstayAnchor host=null -> restored (#837/#504)
[log] [coop:adopt] erBiomeStructure host length=23 startWave=96 -> restored (#841 item 5)
[log] [coop:adopt] erRelicBattleState host wave=99 -> restored (#837)
[log] [coop:adopt] erMapState host nodes=2 travelTarget=- fragments=0 -> restored (#865/#841 item 1)
[log] [coop:adopt] erPendingNodes host count=5 revealed=2 -> restored (#865)
[log] [coop:resync] guest apply authoritativeState tick=923 wave=99 turn=1 party=6/2 field=4
[log] [coop:resync] presentation settle boundary=resync-stable side=player desired=visible ids=[1582731684,1930538543] changed=0 phase=NextEncounterPhase
[log] [coop:resync] presentation settle boundary=resync-stable side=enemy desired=visible ids=[2952235073,2030814744] changed=2 phase=NextEncounterPhase
[log] [coop:resync] render differ: newly presented id=2952235073 key=pkmn__21 -> load atlas
[log] [coop:resync] render differ: newly presented id=2030814744 key=pkmn__663 -> load atlas
[log] [coop:resync] presentation settle boundary=launch-ready side=player desired=visible ids=[1582731684,1930538543] changed=0 phase=NextEncounterPhase
[log] [coop:session] isCoopAuthoritativeGuestGated -> true (authoritative GUEST gates a structural mutation)
[log] [coop:session] isCoopAuthoritativeGuestGated -> true (authoritative GUEST gates a structural mutation)
[log] [coop:session] isCoopAuthoritativeGuestGated -> true (authoritative GUEST gates a structural mutation)
[log] [coop:session] isCoopAuthoritativeGuestGated -> true (authoritative GUEST gates a structural mutation)
[log] [coop:session] isCoopAuthoritativeGuestGated -> true (authoritative GUEST gates a structural mutation)
[log] [coop:session] isCoopAuthoritativeGuestGated -> true (authoritative GUEST gates a structural mutation)
[log] [coop:replay] guest replay turn=1: awaiting retained entry presentation
[warn] [coop:resync] authoritativeState tick=923 STALE (lastApplied=923) -> REJECTED (#807)
[log] [coop:adopt] erMoneyStreaks host entries=0 -> restored (#837/#348)
[log] [coop:adopt] biomeOverstayAnchor host=null -> restored (#837/#504)
[log] [coop:adopt] erBiomeStructure host length=23 startWave=96 -> restored (#841 item 5)
[log] [coop:adopt] erRelicBattleState host wave=99 -> restored (#837)
[log] [coop:adopt] erMapState host nodes=2 travelTarget=- fragments=0 -> restored (#865/#841 item 1)
[log] [coop:adopt] erPendingNodes host count=5 revealed=2 -> restored (#865)
[log] [coop:resync] guest reassert authoritativeState tick=923 wave=99 turn=1 party=6/2 field=4
[log] [coop:resync] presentation settle boundary=resync-stable side=player desired=visible ids=[1582731684,1930538543] changed=0 phase=CoopReplayTurnPhase
[log] [coop:resync] presentation settle boundary=resync-stable side=enemy desired=visible ids=[2952235073,2030814744] changed=0 phase=CoopReplayTurnPhase
[log] [coop:replay] guest replay turn=1: rendering 2 event(s)
[log] [coop:replay] guest replay turn=1: present k=message
[log] [coop:turn] host recorder: append turn=1 seq=2 k=message total=3 live=true
[log] [coop:replay] guest replay turn=1: present k=showAbility
[log] [coop:session] isCoopAuthoritativeGuestGated -> true (authoritative GUEST gates a structural mutation)
[log] [coop:replay] guest replay turn=1: rendered phases [message=1 showAbility=1]
[log] [coop:replay] guest replay turn=1: retained entry presentation queued stateTick=923 events=2; awaiting exact outcome proof
[log] [coop:session] isCoopAuthoritativeGuestGated -> true (authoritative GUEST gates a structural mutation)
[log] [coop:session] isCoopAuthoritativeGuestGated -> true (authoritative GUEST gates a structural mutation)
[log] [coop:session] isCoopAuthoritativeGuestGated -> true (authoritative GUEST gates a structural mutation)
[log] [coop:replay] guest entry presentation PROVED wave=99 turn=1 events=2
[log] [coop:stream] guest consumeEnemyParty wave=99 -> null (buffered=none)
[log] [coop:battle] CommandPhase slot=0 turn=1 owner=host role=guest -> partner path
[log] [coop:stream] guest consumeEnemyParty wave=99 -> null (buffered=none)
[log] [coop:rendezvous] ARRIVE point=cmd:99:1 (send) role=guest
[log] [coop:transport] send guest t=rendezvous point=cmd:99:1
[log] [coop:rendezvous] next-command barrier cmd:99:1 SYNC pass (partner already arrived)
[log] [coop:stream] guest consumeEnemyParty wave=99 -> null (buffered=none)
[log] [coop:transport] send guest t=coopAck cls=op:global seq=232
[log] [coop:transport] send guest t=coopAck cls=op:global seq=232
[log] [coop:transport] recv host t=rendezvous point=cmd:99:1 handlers=1
[log] [coop:transport] recv host t=coopAck cls=op:global seq=232 handlers=1
[log] [coop:transport] recv host t=coopAck cls=op:global seq=232 handlers=1
[log] [coop:rendezvous] RECV arrival point=cmd:99:1 -> DUPLICATE (already seen) role=guest
[log] [coop:replay] guest IGNORE duplicate consumed entry presentation wave=99
[log] [coop:replay] guest RECV enemyPartySync wave=99 count=2 -> buffered (no waiter)
[log] [coop:interaction] interactionCounter() read -> 116 (role=guest)
[log] [coop:checksum] capture digest=01279fe1e02f66c2 field=4 biome=11 seed=coop-soak-20260725 weather=0 terrain=0 money=22990 party=[890,384,493,150,382,888] partyLevels=[500,500,500,500,500,500] arenaTags=0 modifiers=7 heldItemsDigest=2 pokeballs=[0:99,1:10,2:10,3:0,4:0] mons=[bi0:sp890/hp2065-2065/st0/ab5258/form0/tera0:3/boss0:0 bi1:sp384/hp1273-1715/st0/ab5144/form0/tera0:15/boss0:0 bi2:sp21/hp168-168/st0/ab177/form0/tera0:2/boss0:0 bi3:sp663/hp216-216/st0/ab5101/form0/tera0:9/boss0:0]
[log] [coop:interaction] interactionCounter() read -> 116 (role=guest)
[log] [coop:replay] guest IGNORE duplicate consumed entry presentation wave=99
[log] [coop:replay] guest RECV enemyPartySync wave=99 count=2 -> buffered (no waiter)
[log] [coop:replay] guest RECV turnResolution e=1827802517509761 wave=99 turn=1 events=16 checksum=d05f132540b4d0a5 -> buffered (no waiter)
[log] [coop:replay] guest RECV waveResolved wave=99 outcome=win transition=WAVE_VICTORY/next100/biome0/egg1/wild
[log] [coop:runtime] recv waveResolved wave=99 outcome=win role=guest netcode=authoritative
[log] [coop:runtime] ignore raw waveResolved for correctness wave=99 outcome=win; awaiting retained transaction
[log] [coop:session] isCoopAuthoritativeGuestGated -> true (authoritative GUEST gates a structural mutation)
[log] [coop:replay] guest replay turn=1: live pump start mode=turn
[log] [coop:replay] guest replay turn=1: advance local watermark 0->2
[log] [coop:session] isCoopAuthoritativeGuestGated -> true (authoritative GUEST gates a structural mutation)
[log] [coop:transport] send guest t=requestTurnCommit e=1827802517509761 wave=99 turn=1 rev=pending
[log] [coop:transport] send guest t=requestTurnCommit e=1827802517509761 wave=99 turn=1 rev=927
[log] [coop:replay] guest awaitTurn turn=1 RESOLVE (buffered race) events=16
[log] [coop:transport] recv host t=requestTurnCommit e=1827802517509761 wave=99 turn=1 rev=pending handlers=1
[log] [coop:transport] send host t=turnResolution e=1827802517509761 wave=99 turn=1 rev=927 events=16 checksum=d05f132540b4d0a5
[log] [coop:transport] recv host t=requestTurnCommit e=1827802517509761 wave=99 turn=1 rev=927 handlers=1
[log] [coop:transport] send host t=turnResolution e=1827802517509761 wave=99 turn=1 rev=927 events=16 checksum=d05f132540b4d0a5
[log] [coop:transport] recv guest t=turnResolution e=1827802517509761 wave=99 turn=1 rev=927 events=16 checksum=d05f132540b4d0a5 handlers=1
[log] [coop:transport] recv guest t=turnResolution e=1827802517509761 wave=99 turn=1 rev=927 events=16 checksum=d05f132540b4d0a5 handlers=1
[log] [coop:replay] guest consume live events turn=1 count=0
[log] [coop:replay] guest replay turn=1: RESOLVE renderedLive=2 remaining=14 batch=16
[log] [coop:replay] guest replay turn=1: rendering 14 event(s)
[log] [coop:replay] guest replay turn=1: present k=message
[log] [coop:replay] guest replay turn=1: present k=moveUsed
[log] [coop:session] isCoopAuthoritativeGuestGated -> true (authoritative GUEST gates a structural mutation)
[log] [coop:replay] guest replay turn=1: present k=hp
[log] [coop:session] isCoopAuthoritativeGuestGated -> true (authoritative GUEST gates a structural mutation)
[log] [coop:replay] guest replay turn=1: present k=hp
[log] [coop:session] isCoopAuthoritativeGuestGated -> true (authoritative GUEST gates a structural mutation)
[log] [coop:replay] guest replay turn=1: present k=hp
[log] [coop:session] isCoopAuthoritativeGuestGated -> true (authoritative GUEST gates a structural mutation)
[log] [coop:replay] guest replay turn=1: present k=message
[log] [coop:replay] guest replay turn=1: present k=moveUsed
[log] [coop:session] isCoopAuthoritativeGuestGated -> true (authoritative GUEST gates a structural mutation)
[log] [coop:replay] guest replay turn=1: present k=hp
[log] [coop:session] isCoopAuthoritativeGuestGated -> true (authoritative GUEST gates a structural mutation)
[log] [coop:replay] guest replay turn=1: present k=faint
[log] [coop:session] isCoopAuthoritativeGuestGated -> true (authoritative GUEST gates a structural mutation)
[log] [coop:replay] guest replay turn=1: present k=hp
[log] [coop:session] isCoopAuthoritativeGuestGated -> true (authoritative GUEST gates a structural mutation)
[log] [coop:replay] guest replay turn=1: present k=message
[log] [coop:replay] guest replay turn=1: present k=moveUsed
[log] [coop:session] isCoopAuthoritativeGuestGated -> true (authoritative GUEST gates a structural mutation)
[log] [coop:replay] guest replay turn=1: present k=hp
[log] [coop:session] isCoopAuthoritativeGuestGated -> true (authoritative GUEST gates a structural mutation)
[log] [coop:replay] guest replay turn=1: present k=faint
[log] [coop:session] isCoopAuthoritativeGuestGated -> true (authoritative GUEST gates a structural mutation)
[log] [coop:replay] guest replay turn=1: rendered phases [message=3 moveUsed=3 hp=6 faint=2]
[log] [coop:replay] guest replay turn=1: unshift CoopFinalizeTurnPhase (checkpoint apply deferred)
[log] [coop:session] isCoopAuthoritativeGuestGated -> true (authoritative GUEST gates a structural mutation)
[log] [coop:stream] guest IGNORE idempotent turn duplicate e=1827802517509761 wave=99 turn=1 rev=927
[log] [coop:stream] guest IGNORE idempotent turn duplicate e=1827802517509761 wave=99 turn=1 rev=927
[log] [coop:replay] present move bi=3 moveId=5064 targets=1
[log] [coop:replay] present hp bi=1 1273->1266/1715
[log] [coop:replay] present hp bi=1 1266->1256/1715
[log] [coop:replay] present hp bi=1 1256->1242/1715
[log] [coop:replay] present move bi=0 moveId=53 targets=1
[log] [coop:replay] present hp bi=2 168->0/168
[log] [coop:replay] present faint bi=2 narrate=true
[log] [coop:replay] present hp bi=0 2065->2010/2065
[log] [coop:replay] present move bi=1 moveId=34 targets=1
[log] [coop:replay] present hp bi=3 216->0/216
[log] [coop:replay] present faint bi=3 narrate=true
[log] [coop:checkpoint] guest apply field=4 weather=0 terrain=0 arenaTags=0
[log] [coop:session] isCoopAuthoritativeGuestGated -> true (authoritative GUEST gates a structural mutation)
[log] [coop:adopt] erMoneyStreaks host entries=0 -> restored (#837/#348)
[log] [coop:adopt] biomeOverstayAnchor host=null -> restored (#837/#504)
[log] [coop:adopt] erBiomeStructure host length=23 startWave=96 -> restored (#841 item 5)
[log] [coop:adopt] erRelicBattleState host wave=99 -> restored (#837)
[log] [coop:adopt] erMapState host nodes=2 travelTarget=- fragments=0 -> restored (#865/#841 item 1)
[log] [coop:adopt] erPendingNodes host count=5 revealed=2 -> restored (#865)
[log] [coop:resync] guest apply authoritativeState tick=927 wave=99 turn=1 party=6/2 field=4
[log] [coop:resync] presentation settle boundary=resync-stable side=player desired=visible ids=[1582731684,1930538543] changed=0 phase=CoopFinalizeTurnPhase
[log] [coop:resync] presentation settle boundary=wave-start-pre-intro side=enemy desired=visible ids=[] changed=0 phase=CoopFinalizeTurnPhase
[warn] [coop:heal] heldItems monId=1582731684 bi=0 removed=[LEFTOVERS] added=[LEFTOVERS] -> applied
[warn] [coop:heal] heldItems bi=0 host=[LEFTOVERS] -> applied (rewrote to host set)
[log] [coop:interaction] interactionCounter() read -> 116 (role=guest)
[log] [coop:checksum] capture digest=d05f132540b4d0a5 field=4 biome=11 seed=coop-soak-20260725 weather=0 terrain=0 money=22990 party=[890,384,493,150,382,888] partyLevels=[500,500,500,500,500,500] arenaTags=0 modifiers=7 heldItemsDigest=1 pokeballs=[0:99,1:10,2:10,3:0,4:0] mons=[bi0:sp890/hp2010-2065/st0/ab5258/form0/tera0:3/boss0:0 bi1:sp384/hp1242-1715/st0/ab5144/form0/tera0:15/boss0:0 bi2:sp21/hp0-168/st7/ab177/form0/tera0:2/boss0:0 bi3:sp663/hp0-216/st7/ab5101/form0/tera0:9/boss0:0]
[log] [coop:transport] send guest t=turnCommitAck e=1827802517509761 wave=99 turn=1 rev=927 stage=materialApplied checksum=d05f132540b4d0a5
[log] [coop:stream] guest ACK turn stage=materialApplied e=1827802517509761 wave=99 turn=1 rev=927
[log] [coop:checksum] guest finalize materialApplied e=1827802517509761 wave=99 turn=1 rev=927
[log] [coop:transport] recv host t=turnCommitAck e=1827802517509761 wave=99 turn=1 rev=927 stage=materialApplied checksum=d05f132540b4d0a5 handlers=1
[log] [coop:stream] host ACCEPT turn ACK stage=materialApplied key=1827802517509761:99:1:927
[log] [coop:transport] send guest t=turnCommitAck e=1827802517509761 wave=99 turn=1 rev=927 stage=presentationReady checksum=d05f132540b4d0a5
[log] [coop:stream] guest ACK turn stage=presentationReady e=1827802517509761 wave=99 turn=1 rev=927
[log] [coop:checksum] guest finalize presentationReady e=1827802517509761 wave=99 turn=1 rev=927
[log] [coop:replay] guest finalize turn=1: END (checkpoint applied, turn-end queued)
[log] [coop:transport] recv host t=turnCommitAck e=1827802517509761 wave=99 turn=1 rev=927 stage=presentationReady checksum=d05f132540b4d0a5 handlers=1
[log] [coop:stream] host ACCEPT turn ACK stage=presentationReady key=1827802517509761:99:1:927
[log] [coop:stream] guest admitted WAVE_ADVANCE continuation e=1827802517509761 wave=99
[log] [coop:runtime] wave-advance JOURNAL bootstrap wave=99 outcome=win (ACK withheld)
[log] [coop:runtime] wave-advance JOURNAL queued safe-boundary wake wave=99 unparkedReplay=0
[log] [coop:runtime] wave-advance op JOURNAL cursor-advanced id=1827802517509761:0:WAVE_ADVANCE:99 rev=233 dataApplied=false continuationReady=false (DATA applies at BattleEnd; retained ACK awaits DATA + destination continuation)
[log] [coop:transport] send guest t=coopAck cls=op:global seq=233
[log] [coop:replay] guest RECV waveEndState wave=99 tick=928
[log] [coop:runtime] ignore raw waveEndState for correctness wave=99 tick=928
[log] [coop:relay] RECV rewardOptions key=116:0 -> BUFFER rewardOptionsInbox (latest-wins) count=4
[log] [coop:rendezvous] RECV arrival point=shop:99:116 -> BUFFER (no waiter yet) role=guest
[log] [coop:transport] recv host t=coopAck cls=op:global seq=233 handlers=1
[log] [coop:session] isCoopAuthoritativeGuestGated -> true (authoritative GUEST gates a structural mutation)
[log] [coop:session] isCoopAuthoritativeGuestGated -> true (authoritative GUEST gates a structural mutation)
[log] [coop:session] isCoopAuthoritativeGuestGated -> true (authoritative GUEST gates a structural mutation)
[log] [coop:session] isCoopAuthoritativeGuestGated -> true (authoritative GUEST gates a structural mutation)
[log] [coop:session] isCoopAuthoritativeGuestGated -> true (authoritative GUEST gates a structural mutation)
[log] [coop:runtime] consume wave-advance wave=99 outcome=win transition=WAVE_VICTORY/next100/biome0/egg1/wild (lastResolved 98 -> 99)
[log] [coop:replay] guest wave-advance outcome=win wave=99 next=WAVE_VICTORY/wave100 biomeChange=false eggLapse=true victoryKind=wild battleType=WILD queues=VictoryPhase (host-stated)
[warn] [coop:replay] guest wave-advance wave=99: replacing speculative future queue [CommandPhase,CommandPhase,TurnStartPhase]
[log] [coop:session] isCoopAuthoritativeGuestGated -> true (authoritative GUEST gates a structural mutation)
[log] [coop:progression] GUEST applyPartyExp SKIP wave=99 koMon=Talonflame (awaiting host waveEndState)
[log] [coop-diag] VictoryPhase win-branch role=guest battleType=WILD queuesTrainerVictory=false queuesSelectModifier=true wave=99
[log] [coop:session] isCoopAuthoritativeGuestGated -> true (authoritative GUEST gates a structural mutation)
[log] [coop:session] isCoopAuthoritativeGuestGated -> true (authoritative GUEST gates a structural mutation)
[log] [coop-diag] VictoryTail role=guest wave=99 source=host-stated trainer=false egg=true biomeShop=false biomeChange=false crossroads=false nextWave=100
[log] [coop:session] isCoopAuthoritativeGuestGated -> true (authoritative GUEST gates a structural mutation)
[log] [coop:session] isCoopAuthoritativeGuestGated -> true (authoritative GUEST gates a structural mutation)
[log] [coop:session] isCoopAuthoritativeGuestGated -> true (authoritative GUEST gates a structural mutation)
[log] [coop:adopt] erMoneyStreaks host entries=0 -> restored (#837/#348)
[log] [coop:adopt] biomeOverstayAnchor host=null -> restored (#837/#504)
[log] [coop:adopt] erBiomeStructure host length=23 startWave=96 -> restored (#841 item 5)
[log] [coop:adopt] erRelicBattleState host wave=99 -> restored (#837)
[log] [coop:adopt] erMapState host nodes=2 travelTarget=- fragments=0 -> restored (#865/#841 item 1)
[log] [coop:adopt] erPendingNodes host count=5 revealed=2 -> restored (#865)
[log] [coop:resync] guest apply authoritativeState tick=928 wave=99 turn=2 party=6/2 field=4
[log] [coop:resync] presentation settle boundary=resync-stable side=player desired=visible ids=[1582731684,1930538543] changed=0 phase=BattleEndPhase
[log] [coop:resync] presentation settle boundary=wave-start-pre-intro side=enemy desired=visible ids=[] changed=0 phase=BattleEndPhase
[log] [coop:runtime] wave-advance retained DATA boundary admitted wave=99
[log] [coop:progression] retained WAVE_ADVANCE DATA applied wave=99 tick=928
[log] [coop:progression] GUEST retained WAVE_ADVANCE BattleEnd release wave=99
[log] [coop:transport] recv guest t=envelope t=envelope handlers=1
[log] [coop:transport] send guest t=coopAck cls=op:global seq=233
[log] [coop:transport] recv host t=coopAck cls=op:global seq=233 handlers=1
[log] [coop:progression] GUEST automatic victory settlement admitted wave=99 turn=2
[log] [coop:interaction] interactionCounter() read -> 116 (role=guest)
[log] [coop:checksum] capture digest=d05f132540b4d0a5 field=4 biome=11 seed=coop-soak-20260725 weather=0 terrain=0 money=22990 party=[890,384,493,150,382,888] partyLevels=[500,500,500,500,500,500] arenaTags=0 modifiers=7 heldItemsDigest=1 pokeballs=[0:99,1:10,2:10,3:0,4:0] mons=[bi0:sp890/hp2010-2065/st0/ab5258/form0/tera0:3/boss0:0 bi1:sp384/hp1242-1715/st0/ab5144/form0/tera0:15/boss0:0 bi2:sp21/hp0-168/st7/ab177/form0/tera0:2/boss0:0 bi3:sp663/hp0-216/st7/ab5101/form0/tera0:9/boss0:0]
[log] [coop:interaction] interactionCounter() read -> 116 (role=guest)
[log] [coop:owner] ownerOf(counter=116) seat=0 -> owner=host
[log] [coop:owner] isLocalOwnerAtCounter(pinnedCounter=116) parity=0 owner=host role=guest -> false
[log] [coop:interaction] interactionCounter() read -> 116 (role=guest)
[log] [coop:reward] owner/watcher decision: pinnedStart=116 liveCounter=116 parity=0 role=guest pick=WATCHER option=ADOPT spoof=false
[log] [coop:rendezvous] ARRIVE point=shop:99:116 (send) role=guest
[log] [coop:transport] send guest t=rendezvous point=shop:99:116
[log] [coop:reward] WATCHER waits for partner's reward picks (start=116 role=guest wave=99)
[log] [coop:reward] WATCHER awaiting owner reward options (start=116 reroll=0 localCount=0)
[log] [coop:relay] AWAIT rewardOptions key=116:0 timeoutMs=1200000 -> BUFFER-HIT resolve count=4
[log] [coop:transport] recv host t=rendezvous point=shop:99:116 handlers=1
[log] [coop:shop] reconstructRewardOptions OK count=4 ids=[SUPER_POTION,TEMP_STAT_STAGE_BOOSTER,BERRY,POTION]
[log] [coop:reward] WATCHER ADOPTED owner reward options (was=0 now=4 ids=[SUPER_POTION,TEMP_STAT_STAGE_BOOSTER,BERRY,POTION])
[log] [coop:transport] send guest t=turnCommitAck e=1827802517509761 wave=99 turn=1 rev=927 stage=continuationReady checksum=d05f132540b4d0a5
[log] [coop:stream] guest ACK turn stage=continuationReady e=1827802517509761 wave=99 turn=1 rev=927
[log] [coop:stream] guest continuation surface=sharedInput e=1827802517509761 wave=99 turn=2 waiting=1 released=1
[log] [coop:transport] recv host t=turnCommitAck e=1827802517509761 wave=99 turn=1 rev=927 stage=continuationReady checksum=d05f132540b4d0a5 handlers=1
[log] [coop:progression] retained WAVE_ADVANCE continuationReady wave=99
[log] [coop:transport] send guest t=coopAck cls=op:global seq=233
[log] [coop:transport] send guest t=coopAck cls=op:global seq=233
[log] [coop:transport] send guest t=coopAck cls=op:global seq=233
[log] [coop:interaction] mirror begin role=watcher mirrorSeq=7424 interactionStart=116 reroll=0
[log] [coop:interaction] uiMirror beginSession role=watcher mode=6 seq=7424 early=0
[log] [coop:transport] recv host t=coopAck cls=op:global seq=233 handlers=1
[log] [coop:transport] recv host t=coopAck cls=op:global seq=233 handlers=1
[log] [coop:transport] recv host t=coopAck cls=op:global seq=233 handlers=1
[log] [coop:relay] AWAIT interactionChoice seq=116 timeoutMs=1200000 expected=[reward,shop,skip,reroll,check,transfer,lock] -> network-wait
[log] [coop:rendezvous] RECV arrival point=shop:99:116 -> DUPLICATE (already seen) role=guest
[log] [coop:relay] DELIVER interactionChoice seq=116 -> waiter kind=reward choice=1 data=[0]
[log] [coop:relay] AWAIT interactionChoice seq=116 RESOLVE kind=reward choice=1 data=[0]
[log] [coop:adopt] erMoneyStreaks host entries=0 -> restored (#837/#348)
[log] [coop:adopt] biomeOverstayAnchor host=null -> restored (#837/#504)
[log] [coop:adopt] erBiomeStructure host length=23 startWave=96 -> restored (#841 item 5)
[log] [coop:adopt] erRelicBattleState host wave=99 -> restored (#837)
[log] [coop:adopt] erMapState host nodes=2 travelTarget=- fragments=0 -> restored (#865/#841 item 1)
[log] [coop:adopt] erPendingNodes host count=5 revealed=2 -> restored (#865)
[log] [coop:resync] guest apply authoritativeState tick=929 wave=99 turn=2 party=6/2 field=4
[log] [coop:resync] presentation settle boundary=resync-stable side=player desired=visible ids=[1582731684,1930538543] changed=0 phase=SelectModifierPhase
[log] [coop:resync] presentation settle boundary=wave-start-pre-intro side=enemy desired=visible ids=[] changed=0 phase=SelectModifierPhase
[log] [coop:relay] DELIVER interactionChoice seq=116 -> BUFFER inbox depth=1 kind=reward choice=1 data=[0]
[log] [coop:reward] shop authoritative RESULT applied-before-render kind=REWARD id=1827802517509761:0:REWARD:11600000 rev=234 tick=929
[log] [coop:transport] send guest t=coopAck cls=op:global seq=234
[log] [coop:interaction] RECV interaction broadcast (deferred catch-up net) received=117 localBefore=116 role=guest -> WILL DEFER to 117 (folds in at next advance if still ahead)
[warn] [coop:interaction] CoopInteractionTurn.mergeRemote DEFER (remote=117, counter=116, pendingRemote=117) live counter UNCHANGED (folds in at next advance if still ahead)
[log] [coop:owner] ownerOf(counter=116) seat=0 -> owner=host
[log] [coop:owner] ownerOf(counter=116) seat=0 -> owner=host
[warn] [coop:reward] WATCHER op-gate rejected relayed action (await-journal) seq=116 choice=1 - keep awaiting terminal (Wave-2d)
[log] [coop:transport] recv host t=coopAck cls=op:global seq=234 handlers=1
[log] [coop:relay] AWAIT interactionChoice seq=116 timeoutMs=1200000 -> BUFFER-HIT resolve kind=reward choice=1 data=[0]
[log] [coop:reward] reward op WATCHER materialize retained choice=1 terminal=true id=1827802517509761:0:REWARD:11600000
[log] [coop:reward] WATCHER applying relayed action seq=116 act=REWARD choice=1 data=[0]
[log] [coop:v2-interaction] terminal proof recorded op=1827802517509761:0:REWARD:11600000 role=guest seat=1 duplicate=0 ambient=1
[log] [coop:v2-interaction] phase terminal proof op=1827802517509761:0:REWARD:11600000 route=constructor-fallback accepted=1
[log] [coop:interaction] interactionCounter() read -> 116 (role=guest)
[log] [coop:interaction] CoopInteractionTurn.advance INCREMENT (fromCounter=116) counter 116 -> 117
[log] [coop:interaction] advanceInteraction ADVANCED+BROADCAST (fromCounter=116) counter 116 -> 117 role=guest; send interaction screen=__turn__ choice=117
[log] [coop:interaction] SEND counter snapshot reason=advance choice=117 role=guest
[log] [coop:transport] send guest t=interaction screen=__turn__
[log] [coop:owner] ownerOf(counter=117) seat=1 -> owner=guest
[log] [coop:owner] ownerOf(counter=117) seat=1 -> owner=guest
[log] [coop:interaction] interactionCounter() read -> 117 (role=guest)
[log] [coop:reward] advance interaction (role=guest from=116 counter 116 -> 117)
[log] [coop:session] isCoopAuthoritativeGuestGated -> true (authoritative GUEST gates a structural mutation)
[log] [coop:transport] recv host t=interaction screen=__turn__ handlers=1
[log] [coop:interaction] interactionCounter() read -> 117 (role=guest)
[log] [coop:interaction] interactionCounter() read -> 117 (role=guest)
[log] [coop:replay] guest RECV enemyPartySync wave=100 count=2 -> buffered (no waiter)
[log] [coop:replay] guest RECV entry presentation wave=100 stateTick=931 events=5 buffered
[log] [coop:replay] guest RECV enemyPartySync wave=100 count=2 -> buffered (no waiter)
[log] [coop:rendezvous] RECV arrival point=cmd:100:1 -> BUFFER (no waiter yet) role=guest
[log] [coop:battletype] wave=100 HOST verdict: WILD - adopting (#867)
[log] [coop:me] wave=100 HOST verdict: NO ME - local presence roll suppressed (#862)
[log] [coop:session] isCoopAuthoritativeGuestGated -> true (authoritative GUEST gates a structural mutation)
[log] [coop:interaction] interactionCounter() read -> 117 (role=guest)
[log] [coop:stream] guest consumeEnemyParty wave=100 -> 2 enemies
[log] [coop:replay] guest adopt enemy trainerSlot=0 isBoss segments=2 index=1
[log] [coop:enemy] buildCoopEnemy ADOPT trainerSlot=0 species=701 form=0 lv=89 abilityIdx=0 nature=0 gender=1 shiny=false tera=0:1 hp=265/265 moves=4 heldItems=5
[log] [coop:replay] guest adopt enemy trainerSlot=0 isBoss segments=1 index=0
[log] [coop:enemy] buildCoopEnemy ADOPT trainerSlot=0 species=22 form=0 lv=76 abilityIdx=0 nature=0 gender=1 shiny=false tera=0:0 hp=208/208 moves=4 heldItems=3
[log] [coop:adopt] erMoneyStreaks host entries=0 -> restored (#837/#348)
[log] [coop:adopt] biomeOverstayAnchor host=null -> restored (#837/#504)
[log] [coop:adopt] erBiomeStructure host length=23 startWave=96 -> restored (#841 item 5)
[log] [coop:adopt] erRelicBattleState host wave=100 -> restored (#837)
[log] [coop:adopt] erMapState host nodes=2 travelTarget=- fragments=0 -> restored (#865/#841 item 1)
[log] [coop:adopt] erPendingNodes host count=5 revealed=2 -> restored (#865)
[log] [coop:resync] guest apply authoritativeState tick=931 wave=100 turn=1 party=6/2 field=4
[log] [coop:resync] presentation settle boundary=resync-stable side=player desired=visible ids=[1582731684,1930538543] changed=0 phase=NextEncounterPhase
[log] [coop:resync] presentation settle boundary=resync-stable side=enemy desired=visible ids=[2161132809,3191155439] changed=2 phase=NextEncounterPhase
[log] [coop:resync] render differ: newly presented id=2161132809 key=pkmn__701 -> load atlas
[log] [coop:resync] render differ: newly presented id=3191155439 key=pkmn__22 -> load atlas
[log] [coop:resync] presentation settle boundary=launch-ready side=player desired=visible ids=[1582731684,1930538543] changed=0 phase=NextEncounterPhase
[log] [coop:session] isCoopAuthoritativeGuestGated -> true (authoritative GUEST gates a structural mutation)
[log] [coop:session] isCoopAuthoritativeGuestGated -> true (authoritative GUEST gates a structural mutation)
[log] [coop:session] isCoopAuthoritativeGuestGated -> true (authoritative GUEST gates a structural mutation)
[log] [coop:session] isCoopAuthoritativeGuestGated -> true (authoritative GUEST gates a structural mutation)
[log] [coop:session] isCoopAuthoritativeGuestGated -> true (authoritative GUEST gates a structural mutation)
[log] [coop:session] isCoopAuthoritativeGuestGated -> true (authoritative GUEST gates a structural mutation)
[log] [coop:replay] guest replay turn=1: awaiting retained entry presentation
[warn] [coop:resync] authoritativeState tick=931 STALE (lastApplied=931) -> REJECTED (#807)
[log] [coop:adopt] erMoneyStreaks host entries=0 -> restored (#837/#348)
[log] [coop:adopt] biomeOverstayAnchor host=null -> restored (#837/#504)
[log] [coop:adopt] erBiomeStructure host length=23 startWave=96 -> restored (#841 item 5)
[log] [coop:adopt] erRelicBattleState host wave=100 -> restored (#837)
[log] [coop:adopt] erMapState host nodes=2 travelTarget=- fragments=0 -> restored (#865/#841 item 1)
[log] [coop:adopt] erPendingNodes host count=5 revealed=2 -> restored (#865)
[log] [coop:resync] guest reassert authoritativeState tick=931 wave=100 turn=1 party=6/2 field=4
[log] [coop:resync] presentation settle boundary=resync-stable side=player desired=visible ids=[1582731684,1930538543] changed=0 phase=CoopReplayTurnPhase
[log] [coop:resync] presentation settle boundary=resync-stable side=enemy desired=visible ids=[2161132809,3191155439] changed=0 phase=CoopReplayTurnPhase
[log] [coop:replay] guest replay turn=1: rendering 5 event(s)
[log] [coop:replay] guest replay turn=1: present k=showAbility
[log] [coop:session] isCoopAuthoritativeGuestGated -> true (authoritative GUEST gates a structural mutation)
[log] [coop:replay] guest replay turn=1: present k=message
[log] [coop:turn] host recorder: append turn=1 seq=5 k=message total=6 live=true
[log] [coop:replay] guest replay turn=1: present k=statStage
[log] [coop:session] isCoopAuthoritativeGuestGated -> true (authoritative GUEST gates a structural mutation)
[log] [coop:replay] guest replay turn=1: present k=message
[log] [coop:turn] host recorder: append turn=1 seq=6 k=message total=7 live=true
[log] [coop:replay] guest replay turn=1: present k=statStage
[log] [coop:session] isCoopAuthoritativeGuestGated -> true (authoritative GUEST gates a structural mutation)
[log] [coop:replay] guest replay turn=1: rendered phases [showAbility=1 message=2 statStage=2]
[log] [coop:replay] guest replay turn=1: retained entry presentation queued stateTick=931 events=5; awaiting exact outcome proof
[log] [coop:session] isCoopAuthoritativeGuestGated -> true (authoritative GUEST gates a structural mutation)
[log] [coop:session] isCoopAuthoritativeGuestGated -> true (authoritative GUEST gates a structural mutation)
[log] [coop:session] isCoopAuthoritativeGuestGated -> true (authoritative GUEST gates a structural mutation)
[log] [coop:replay] present statStage bi=0 stat=1 -> -1
[log] [coop:replay] present statStage bi=0 stat=1 set to -1 NO tween (delta=0 anims=false)
[log] [coop:replay] present statStage bi=1 stat=1 -> -1
[log] [coop:replay] present statStage bi=1 stat=1 set to -1 NO tween (delta=0 anims=false)
[log] [coop:replay] guest entry presentation PROVED wave=100 turn=1 events=5
[log] [coop:stream] guest consumeEnemyParty wave=100 -> null (buffered=none)
[log] [coop:battle] CommandPhase slot=0 turn=1 owner=host role=guest -> partner path
[log] [coop:stream] guest consumeEnemyParty wave=100 -> null (buffered=none)
[log] [coop:rendezvous] ARRIVE point=cmd:100:1 (send) role=guest
[log] [coop:transport] send guest t=rendezvous point=cmd:100:1
[log] [coop:rendezvous] next-command barrier cmd:100:1 SYNC pass (partner already arrived)
[log] [coop:stream] guest consumeEnemyParty wave=100 -> null (buffered=none)
[log] [coop:transport] send guest t=coopAck cls=op:global seq=234
[log] [coop:transport] send guest t=coopAck cls=op:global seq=234
[log] [coop:transport] recv host t=rendezvous point=cmd:100:1 handlers=1
[log] [coop:transport] recv host t=coopAck cls=op:global seq=234 handlers=1
[log] [coop:transport] recv host t=coopAck cls=op:global seq=234 handlers=1
[log] [coop:rendezvous] RECV arrival point=cmd:100:1 -> DUPLICATE (already seen) role=guest
[log] [coop:replay] guest IGNORE duplicate consumed entry presentation wave=100
[log] [coop:replay] guest RECV enemyPartySync wave=100 count=2 -> buffered (no waiter)
[log] [coop:interaction] interactionCounter() read -> 117 (role=guest)
[log] [coop:checksum] capture digest=b14e6c707e2580a6 field=4 biome=11 seed=coop-soak-20260725 weather=0 terrain=0 money=22990 party=[890,384,493,150,382,888] partyLevels=[500,500,500,500,500,500] arenaTags=0 modifiers=8 heldItemsDigest=9 pokeballs=[0:99,1:10,2:10,3:0,4:0] mons=[bi0:sp890/hp2010-2065/st0/ab5258/form0/tera0:3/boss0:0 bi1:sp384/hp1242-1715/st0/ab5144/form0/tera0:15/boss0:0 bi2:sp701/hp265-265/st0/ab84/form0/tera0:1/boss2:1 bi3:sp22/hp208-208/st0/ab97/form0/tera0:0/boss1:0]
[log] [coop:interaction] interactionCounter() read -> 117 (role=guest)
[log] [coop:replay] guest IGNORE duplicate consumed entry presentation wave=100
[log] [coop:replay] guest RECV enemyPartySync wave=100 count=2 -> buffered (no waiter)
[log] [coop:replay] guest RECV turnResolution e=1827802517509761 wave=100 turn=1 events=15 checksum=89204203a67abee4 -> buffered (no waiter)
[log] [coop:replay] guest RECV waveResolved wave=100 outcome=win transition=WAVE_VICTORY/next101/biome0/egg1/wild
[log] [coop:runtime] recv waveResolved wave=100 outcome=win role=guest netcode=authoritative
[log] [coop:runtime] ignore raw waveResolved for correctness wave=100 outcome=win; awaiting retained transaction
[log] [coop:session] isCoopAuthoritativeGuestGated -> true (authoritative GUEST gates a structural mutation)
[log] [coop:replay] guest replay turn=1: live pump start mode=turn
[log] [coop:replay] guest replay turn=1: advance local watermark 0->5
[log] [coop:session] isCoopAuthoritativeGuestGated -> true (authoritative GUEST gates a structural mutation)
[log] [coop:transport] send guest t=requestTurnCommit e=1827802517509761 wave=100 turn=1 rev=pending
[log] [coop:transport] send guest t=requestTurnCommit e=1827802517509761 wave=100 turn=1 rev=935
[log] [coop:replay] guest awaitTurn turn=1 RESOLVE (buffered race) events=15
[log] [coop:transport] recv host t=requestTurnCommit e=1827802517509761 wave=100 turn=1 rev=pending handlers=1
[log] [coop:transport] send host t=turnResolution e=1827802517509761 wave=100 turn=1 rev=935 events=15 checksum=89204203a67abee4
[log] [coop:transport] recv host t=requestTurnCommit e=1827802517509761 wave=100 turn=1 rev=935 handlers=1
[log] [coop:transport] send host t=turnResolution e=1827802517509761 wave=100 turn=1 rev=935 events=15 checksum=89204203a67abee4
[log] [coop:transport] recv guest t=turnResolution e=1827802517509761 wave=100 turn=1 rev=935 events=15 checksum=89204203a67abee4 handlers=1
[log] [coop:transport] recv guest t=turnResolution e=1827802517509761 wave=100 turn=1 rev=935 events=15 checksum=89204203a67abee4 handlers=1
[log] [coop:replay] guest consume live events turn=1 count=0
[log] [coop:replay] guest replay turn=1: RESOLVE renderedLive=5 remaining=10 batch=15
[log] [coop:replay] guest replay turn=1: rendering 10 event(s)
[log] [coop:replay] guest replay turn=1: present k=message
[log] [coop:replay] guest replay turn=1: present k=message
[log] [coop:replay] guest replay turn=1: present k=moveUsed
[log] [coop:session] isCoopAuthoritativeGuestGated -> true (authoritative GUEST gates a structural mutation)
[log] [coop:replay] guest replay turn=1: present k=hp
[log] [coop:session] isCoopAuthoritativeGuestGated -> true (authoritative GUEST gates a structural mutation)
[log] [coop:replay] guest replay turn=1: present k=faint
[log] [coop:session] isCoopAuthoritativeGuestGated -> true (authoritative GUEST gates a structural mutation)
[log] [coop:replay] guest replay turn=1: present k=hp
[log] [coop:session] isCoopAuthoritativeGuestGated -> true (authoritative GUEST gates a structural mutation)
[log] [coop:replay] guest replay turn=1: present k=message
[log] [coop:replay] guest replay turn=1: present k=moveUsed
[log] [coop:session] isCoopAuthoritativeGuestGated -> true (authoritative GUEST gates a structural mutation)
[log] [coop:replay] guest replay turn=1: present k=hp
[log] [coop:session] isCoopAuthoritativeGuestGated -> true (authoritative GUEST gates a structural mutation)
[log] [coop:replay] guest replay turn=1: present k=faint
[log] [coop:session] isCoopAuthoritativeGuestGated -> true (authoritative GUEST gates a structural mutation)
[log] [coop:replay] guest replay turn=1: rendered phases [message=3 moveUsed=2 hp=3 faint=2]
[log] [coop:replay] guest replay turn=1: unshift CoopFinalizeTurnPhase (checkpoint apply deferred)
[log] [coop:session] isCoopAuthoritativeGuestGated -> true (authoritative GUEST gates a structural mutation)
[log] [coop:stream] guest IGNORE idempotent turn duplicate e=1827802517509761 wave=100 turn=1 rev=935
[log] [coop:stream] guest IGNORE idempotent turn duplicate e=1827802517509761 wave=100 turn=1 rev=935
[log] [coop:replay] present move bi=0 moveId=247 targets=1
[log] [coop:replay] present hp bi=2 265->0/265
[log] [coop:replay] present faint bi=2 narrate=true
[log] [coop:replay] present hp bi=0 2010->1923/2065
[log] [coop:replay] present move bi=1 moveId=34 targets=1
[log] [coop:replay] present hp bi=3 208->0/208
[log] [coop:replay] present faint bi=3 narrate=true
[log] [coop:checkpoint] guest apply field=4 weather=0 terrain=0 arenaTags=0
[log] [coop:session] isCoopAuthoritativeGuestGated -> true (authoritative GUEST gates a structural mutation)
[log] [coop:adopt] erMoneyStreaks host entries=0 -> restored (#837/#348)
[log] [coop:adopt] biomeOverstayAnchor host=null -> restored (#837/#504)
[log] [coop:adopt] erBiomeStructure host length=23 startWave=96 -> restored (#841 item 5)
[log] [coop:adopt] erRelicBattleState host wave=100 -> restored (#837)
[log] [coop:adopt] erMapState host nodes=2 travelTarget=- fragments=0 -> restored (#865/#841 item 1)
[log] [coop:adopt] erPendingNodes host count=5 revealed=2 -> restored (#865)
[log] [coop:resync] guest apply authoritativeState tick=935 wave=100 turn=1 party=6/2 field=4
[log] [coop:resync] presentation settle boundary=resync-stable side=player desired=visible ids=[1582731684,1930538543] changed=0 phase=CoopFinalizeTurnPhase
[log] [coop:resync] presentation settle boundary=wave-start-pre-intro side=enemy desired=visible ids=[] changed=0 phase=CoopFinalizeTurnPhase
[warn] [coop:heal] heldItems monId=1582731684 bi=0 removed=[LEFTOVERS] added=[LEFTOVERS] -> applied
[warn] [coop:heal] heldItems bi=0 host=[LEFTOVERS] -> applied (rewrote to host set)
[warn] [coop:heal] heldItems monId=2161132809 bi=2 removed=[BASE_STAT_BOOSTER] added=[BASE_STAT_BOOSTER] -> applied
[warn] [coop:heal] heldItems bi=2 host=[BASE_STAT_BOOSTER] -> applied (rewrote to host set)
[warn] [coop:heal] heldItems monId=3191155439 bi=3 removed=[BASE_STAT_BOOSTER,BASE_STAT_BOOSTER] added=[BASE_STAT_BOOSTER,BASE_STAT_BOOSTER] -> applied
[warn] [coop:heal] heldItems bi=3 host=[BASE_STAT_BOOSTER,BASE_STAT_BOOSTER] -> applied (rewrote to host set)
[log] [coop:interaction] interactionCounter() read -> 117 (role=guest)
[log] [coop:checksum] capture digest=89204203a67abee4 field=4 biome=11 seed=coop-soak-20260725 weather=0 terrain=0 money=22990 party=[890,384,493,150,382,888] partyLevels=[500,500,500,500,500,500] arenaTags=0 modifiers=8 heldItemsDigest=1 pokeballs=[0:99,1:10,2:10,3:0,4:0] mons=[bi0:sp890/hp1923-2065/st0/ab5258/form0/tera0:3/boss0:0 bi1:sp384/hp1242-1715/st0/ab5144/form0/tera0:15/boss0:0 bi2:sp701/hp0-265/st7/ab84/form0/tera0:1/boss2:0 bi3:sp22/hp0-208/st7/ab97/form0/tera0:0/boss1:0]
[log] [coop:transport] send guest t=turnCommitAck e=1827802517509761 wave=100 turn=1 rev=935 stage=materialApplied checksum=89204203a67abee4
[log] [coop:stream] guest ACK turn stage=materialApplied e=1827802517509761 wave=100 turn=1 rev=935
[log] [coop:checksum] guest finalize materialApplied e=1827802517509761 wave=100 turn=1 rev=935
[log] [coop:transport] recv host t=turnCommitAck e=1827802517509761 wave=100 turn=1 rev=935 stage=materialApplied checksum=89204203a67abee4 handlers=1
[log] [coop:stream] host ACCEPT turn ACK stage=materialApplied key=1827802517509761:100:1:935
[log] [coop:transport] send guest t=turnCommitAck e=1827802517509761 wave=100 turn=1 rev=935 stage=presentationReady checksum=89204203a67abee4
[log] [coop:stream] guest ACK turn stage=presentationReady e=1827802517509761 wave=100 turn=1 rev=935
[log] [coop:checksum] guest finalize presentationReady e=1827802517509761 wave=100 turn=1 rev=935
[log] [coop:replay] guest finalize turn=1: END (checkpoint applied, turn-end queued)
[log] [coop:transport] recv host t=turnCommitAck e=1827802517509761 wave=100 turn=1 rev=935 stage=presentationReady checksum=89204203a67abee4 handlers=1
[log] [coop:stream] host ACCEPT turn ACK stage=presentationReady key=1827802517509761:100:1:935
[log] [coop:stream] guest admitted WAVE_ADVANCE continuation e=1827802517509761 wave=100
[log] [coop:runtime] wave-advance JOURNAL bootstrap wave=100 outcome=win (ACK withheld)
[log] [coop:runtime] wave-advance JOURNAL queued safe-boundary wake wave=100 unparkedReplay=0
[log] [coop:runtime] wave-advance op JOURNAL cursor-advanced id=1827802517509761:0:WAVE_ADVANCE:100 rev=235 dataApplied=false continuationReady=false (DATA applies at BattleEnd; retained ACK awaits DATA + destination continuation)
[log] [coop:transport] send guest t=coopAck cls=op:global seq=235
[log] [coop:replay] guest RECV waveEndState wave=100 tick=936
[log] [coop:runtime] ignore raw waveEndState for correctness wave=100 tick=936
[log] [coop:transport] recv host t=coopAck cls=op:global seq=235 handlers=1
[log] [coop:session] isCoopAuthoritativeGuestGated -> true (authoritative GUEST gates a structural mutation)
[log] [coop:session] isCoopAuthoritativeGuestGated -> true (authoritative GUEST gates a structural mutation)
[log] [coop:session] isCoopAuthoritativeGuestGated -> true (authoritative GUEST gates a structural mutation)
[log] [coop:session] isCoopAuthoritativeGuestGated -> true (authoritative GUEST gates a structural mutation)
[log] [coop:session] isCoopAuthoritativeGuestGated -> true (authoritative GUEST gates a structural mutation)
[log] [coop:runtime] consume wave-advance wave=100 outcome=win transition=WAVE_VICTORY/next101/biome0/egg1/wild (lastResolved 99 -> 100)
[log] [coop:replay] guest wave-advance outcome=win wave=100 next=WAVE_VICTORY/wave101 biomeChange=false eggLapse=true victoryKind=wild battleType=WILD queues=VictoryPhase (host-stated)
[warn] [coop:replay] guest wave-advance wave=100: replacing speculative future queue [CommandPhase,CommandPhase,TurnStartPhase]
[log] [coop:session] isCoopAuthoritativeGuestGated -> true (authoritative GUEST gates a structural mutation)
[log] [coop:progression] GUEST applyPartyExp SKIP wave=100 koMon=Fearow (awaiting host waveEndState)
[log] [coop:account] account-write scope OPEN (achievement-egg-reward) depth=1
[log] [coop-diag] VictoryPhase win-branch role=guest battleType=WILD queuesTrainerVictory=false queuesSelectModifier=false wave=100
[log] [coop:session] isCoopAuthoritativeGuestGated -> true (authoritative GUEST gates a structural mutation)
[log] [coop:session] isCoopAuthoritativeGuestGated -> true (authoritative GUEST gates a structural mutation)
[log] [coop:session] isCoopAuthoritativeGuestGated -> true (authoritative GUEST gates a structural mutation)
[log] [coop:session] isCoopAuthoritativeGuestGated -> true (authoritative GUEST gates a structural mutation)
[log] [coop-diag] VictoryTail role=guest wave=100 source=host-stated trainer=false egg=true biomeShop=true biomeChange=false crossroads=true nextWave=101
[log] [coop:session] isCoopAuthoritativeGuestGated -> true (authoritative GUEST gates a structural mutation)
[log] [coop:session] isCoopAuthoritativeGuestGated -> true (authoritative GUEST gates a structural mutation)
[log] [coop:session] isCoopAuthoritativeGuestGated -> true (authoritative GUEST gates a structural mutation)
[log] [coop:session] isCoopAuthoritativeGuestGated -> true (authoritative GUEST gates a structural mutation)
[log] [coop:adopt] erMoneyStreaks host entries=0 -> restored (#837/#348)
[log] [coop:adopt] biomeOverstayAnchor host=null -> restored (#837/#504)
[log] [coop:adopt] erBiomeStructure host length=23 startWave=96 -> restored (#841 item 5)
[log] [coop:adopt] erRelicBattleState host wave=100 -> restored (#837)
[log] [coop:adopt] erMapState host nodes=2 travelTarget=- fragments=0 -> restored (#865/#841 item 1)
[log] [coop:adopt] erPendingNodes host count=5 revealed=2 -> restored (#865)
[log] [coop:resync] guest apply authoritativeState tick=936 wave=100 turn=2 party=6/2 field=4
[log] [coop:resync] presentation settle boundary=resync-stable side=player desired=visible ids=[1582731684,1930538543] changed=0 phase=BattleEndPhase
[log] [coop:resync] presentation settle boundary=wave-start-pre-intro side=enemy desired=visible ids=[] changed=0 phase=BattleEndPhase
[log] [coop:runtime] wave-advance retained DATA boundary admitted wave=100
[log] [coop:progression] retained WAVE_ADVANCE DATA applied wave=100 tick=936
[log] [coop:progression] GUEST retained WAVE_ADVANCE BattleEnd release wave=100
[log] [coop:reward] renderer SKIP shared ModifierRewardPhase type=EXP. Charm
[log] [coop:reward] renderer SKIP shared ModifierRewardPhase type=Golden Poké Ball
[log] [coop:progression] GUEST automatic victory settlement admitted wave=100 turn=2
[log] [coop:interaction] interactionCounter() read -> 117 (role=guest)
[log] [coop:checksum] capture digest=aaccd46e7e5c5669 field=4 biome=11 seed=coop-soak-20260725 weather=0 terrain=0 money=22990 party=[890,384,493,150,382,888] partyLevels=[500,500,500,500,500,500] arenaTags=0 modifiers=8 heldItemsDigest=1 pokeballs=[0:99,1:10,2:10,3:0,4:0] mons=[bi0:sp890/hp2065-2065/st0/ab5258/form0/tera0:3/boss0:0 bi1:sp384/hp1715-1715/st0/ab5144/form0/tera0:15/boss0:0 bi2:sp701/hp0-265/st7/ab84/form0/tera0:1/boss2:0 bi3:sp22/hp0-208/st7/ab97/form0/tera0:0/boss1:0]
[log] [coop:interaction] interactionCounter() read -> 117 (role=guest)
[log] [coop:owner] ownerOf(counter=117) seat=1 -> owner=guest
[log] [coop:owner] isLocalOwnerAtCounter(pinnedCounter=117) parity=1 owner=guest role=guest -> true
[log] [coop:reward] biome market roles: pinnedStart=117 inMe=false role=guest spoof=false pick=OWNER option=ADOPT continuation=false
[log] [coop:relay] AWAIT rewardOptions key=117:777 timeoutMs=1200000 -> network-wait
[log] [coop:relay] SEND requestRewardOptions key=117:777 (authoritative replay)
[log] [coop:transport] send guest t=requestRewardOptions seq=117 reroll=777
[log] [coop:relay] RECV rewardOptions key=117:777 -> deliver-to-waiter count=15
[log] [coop:relay] AWAIT rewardOptions key=117:777 RESOLVE count=15
[log] [coop:transport] recv host t=requestRewardOptions seq=117 reroll=777 handlers=1
[log] [coop:shop] reconstructRewardOptions OK count=15 ids=[KINGS_ROCK,QUICK_CLAW,ER_ROCK_GEM,ER_ADRENALINE_ORB,DIRE_HIT,TEMP_STAT_STAGE_BOOSTER,ULTRA_BALL,TM_CASE,FOCUS_BAND,MINT,ER_CHILI_SAMPLE,ER_POWER_HERB,FROSTBITE_ORB,ER_LUCKY_HEART,RARER_CANDY]
[log] [coop:transport] send guest t=turnCommitAck e=1827802517509761 wave=100 turn=1 rev=935 stage=continuationReady checksum=89204203a67abee4
[log] [coop:stream] guest ACK turn stage=continuationReady e=1827802517509761 wave=100 turn=1 rev=935
[log] [coop:stream] guest continuation surface=sharedInput e=1827802517509761 wave=100 turn=2 waiting=1 released=1
[log] [coop:transport] recv host t=turnCommitAck e=1827802517509761 wave=100 turn=1 rev=935 stage=continuationReady checksum=89204203a67abee4 handlers=1
[log] [coop:progression] retained WAVE_ADVANCE continuationReady wave=100
[log] [coop:transport] send guest t=coopAck cls=op:global seq=235
[log] [coop:transport] send guest t=coopAck cls=op:global seq=235
[log] [coop:transport] send guest t=coopAck cls=op:global seq=235
[log] [coop:transport] recv host t=coopAck cls=op:global seq=235 handlers=1
[log] [coop:transport] recv host t=coopAck cls=op:global seq=235 handlers=1
[log] [coop:transport] recv host t=coopAck cls=op:global seq=235 handlers=1
[log] [coop:relay] RECV rewardOptions key=117:777 -> BUFFER rewardOptionsInbox (latest-wins) count=15
[log] [coop:owner] ownerOf(counter=-1) seat=1 -> owner=guest
[log] [coop:owner] isLocalOwnerAtCounter(pinnedCounter=-1) parity=1 owner=guest role=guest -> true
[log] [coop:owner] ownerOf(counter=-1) seat=1 -> owner=guest
[log] [coop:owner] isLocalOwnerAtCounter(pinnedCounter=-1) parity=1 owner=guest role=guest -> true
[log] [coop:reward] market op INTENT prepared label=biomeShop id=1827802517509761:1:SHOP_BUY:11700000
[log] [coop:relay] SEND interactionChoice seq=7000117 kind=biomeShop kind=? choice=-1 data=-
[log] [coop:transport] send guest t=interactionChoice seq=7000117 kind=biomeShop choice=-1
[warn] [coop:v2-shadow] FAULT tap(INTERACTION_COMMIT): AuthorityLog.commit: entry context is not bound to the local authority
[log] [coop:relay] AWAIT interactionChoice seq=7000117 timeoutMs=1200000 expected=[biomeShop] -> network-wait
[log] [coop:transport] recv host t=interactionChoice seq=7000117 kind=biomeShop choice=-1 handlers=1
[log] [coop:adopt] erMoneyStreaks host entries=0 -> restored (#837/#348)
[log] [coop:adopt] biomeOverstayAnchor host=null -> restored (#837/#504)
[log] [coop:adopt] erBiomeStructure host length=23 startWave=96 -> restored (#841 item 5)
[log] [coop:adopt] erRelicBattleState host wave=100 -> restored (#837)
[log] [coop:adopt] erMapState host nodes=2 travelTarget=- fragments=0 -> restored (#865/#841 item 1)
[log] [coop:adopt] erPendingNodes host count=5 revealed=2 -> restored (#865)
[log] [coop:resync] guest apply authoritativeState tick=937 wave=100 turn=2 party=6/2 field=4
[log] [coop:resync] presentation settle boundary=resync-stable side=player desired=visible ids=[1582731684,1930538543] changed=0 phase=SelectModifierPhase
[log] [coop:resync] presentation settle boundary=wave-start-pre-intro side=enemy desired=visible ids=[] changed=0 phase=SelectModifierPhase
[log] [coop:relay] DELIVER interactionChoice seq=7000117 -> waiter kind=biomeShop choice=-1 data=-
[log] [coop:relay] AWAIT interactionChoice seq=7000117 RESOLVE kind=biomeShop choice=-1 data=-
[log] [coop:reward] shop authoritative RESULT applied-before-render kind=SHOP_BUY id=1827802517509761:1:SHOP_BUY:11700000 rev=236 tick=937
[log] [coop:transport] send guest t=coopAck cls=op:global seq=236
[log] [coop:interaction] RECV interaction broadcast (deferred catch-up net) received=118 localBefore=117 role=guest -> WILL DEFER to 118 (folds in at next advance if still ahead)
[warn] [coop:interaction] CoopInteractionTurn.mergeRemote DEFER (remote=118, counter=117, pendingRemote=118) live counter UNCHANGED (folds in at next advance if still ahead)
[log] [coop:owner] ownerOf(counter=117) seat=1 -> owner=guest
[log] [coop:owner] ownerOf(counter=117) seat=1 -> owner=guest
[log] [coop:transport] recv host t=coopAck cls=op:global seq=236 handlers=1
[log] [coop:reward] market op WATCHER materialize retained choice=-1 terminal=true id=1827802517509761:1:SHOP_BUY:11700000
[log] [coop:interaction] interactionCounter() read -> 117 (role=guest)
[log] [coop:interaction] CoopInteractionTurn.advance INCREMENT (fromCounter=117) counter 117 -> 118
[log] [coop:interaction] advanceInteraction ADVANCED+BROADCAST (fromCounter=117) counter 117 -> 118 role=guest; send interaction screen=__turn__ choice=118
[log] [coop:interaction] SEND counter snapshot reason=advance choice=118 role=guest
[log] [coop:transport] send guest t=interaction screen=__turn__
[log] [coop:owner] ownerOf(counter=118) seat=0 -> owner=host
[log] [coop:owner] ownerOf(counter=118) seat=0 -> owner=host
[log] [coop:interaction] interactionCounter() read -> 118 (role=guest)
[log] [coop:reward] advance interaction from CONTINUATION commit (role=guest from=117 counter 117 -> 118)
[log] [coop:interaction] interactionCounter() read -> 118 (role=guest)
[log] [coop:transport] recv host t=interaction screen=__turn__ handlers=1
[log] [coop:rendezvous] RECV arrival point=xroads:100 -> BUFFER (no waiter yet) role=guest
[log] [coop:interaction] interactionCounter() read -> 118 (role=guest)
[log] [coop:owner] ownerOf(counter=118) seat=0 -> owner=host
[log] [coop:owner] isLocalOwnerAtCounter(pinnedCounter=118) parity=0 owner=host role=guest -> false
[log] [coop:rendezvous] crossroads boundary barrier RENDEZVOUS xroads:100 (#858)
[log] [coop:rendezvous] ARRIVE point=xroads:100 (send) role=guest
[log] [coop:transport] send guest t=rendezvous point=xroads:100
[log] [coop:rendezvous] AWAIT point=xroads:100 -> partner already arrived (buffer-hit) role=guest
[log] [coop:transport] recv host t=rendezvous point=xroads:100 handlers=1
[log] [coop:interaction] interactionCounter() read -> 118 (role=guest)
[log] [coop:owner] ownerOf(counter=118) seat=0 -> owner=host
[log] [coop:owner] isLocalOwnerAtCounter(pinnedCounter=118) parity=0 owner=host role=guest -> false
[log] [coop:reward] crossroads owner/watcher decision: pinnedStart=118 role=guest spoof=false -> WATCHER (#848)
[log] [coop:interaction] uiMirror beginSession role=watcher mode=15 seq=9600118 early=0
[log] [coop:transport] send guest t=coopAck cls=op:global seq=235
[log] [coop:transport] recv host t=coopAck cls=op:global seq=235 handlers=1
[log] [coop:rendezvous] RECV arrival point=xroads:100 -> DUPLICATE (already seen) role=guest
[log] [coop:interaction] interactionCounter() read -> 118 (role=guest)
[log] [coop:owner] ownerOf(counter=118) seat=0 -> owner=host
[log] [coop:owner] isLocalOwnerAtCounter(pinnedCounter=118) parity=0 owner=host role=guest -> false
[log] [coop:interaction] uiMirror WATCHER apply n=0 button=1 mode=15
[log] [coop:relay] DELIVER interactionChoice seq=9600118 -> BUFFER inbox depth=1 kind=crossroads choice=1 data=-
[log] [coop:reward] biome op JOURNAL apply id=1827802517509761:0:CROSSROADS_PICK:9600118 rev=237 (Wave-2e/W2e-R)
[log] [coop:transport] send guest t=coopAck cls=op:global seq=237
[log] [coop:relay] DELIVER interactionChoice seq=9600118 -> BUFFER inbox depth=2 kind=crossroads choice=1 data=-
[log] [coop:transport] recv host t=coopAck cls=op:global seq=237 handlers=1
[log] [coop:reward] biome op WATCHER materialize JOURNAL choice kind=CROSSROADS_PICK id=1827802517509761:0:CROSSROADS_PICK:9600118
[log] [coop:reward] crossroads WATCHER: owner pick received moveOn=true pinnedStart=118 (#848)
[log] [coop:session] isCoopAuthoritativeGuestGated -> true (authoritative GUEST gates a structural mutation)
[log] [coop:v2-interaction] terminal proof recorded op=1827802517509761:0:CROSSROADS_PICK:9600118 role=guest seat=1 duplicate=0 ambient=1
[log] [coop:interaction] interactionCounter() read -> 118 (role=guest)
[log] [coop:owner] ownerOf(counter=118) seat=0 -> owner=host
[log] [coop:owner] isLocalOwnerAtCounter(pinnedCounter=118) parity=0 owner=host role=guest -> false
[log] [coop:session] isCoopAuthoritativeGuestGated -> true (authoritative GUEST gates a structural mutation)
[log] [coop:owner] ownerOf(counter=118) seat=0 -> owner=host
[log] [coop:owner] isLocalOwnerAtCounter(pinnedCounter=118) parity=0 owner=host role=guest -> false
[log] [coop:session] isCoopAuthoritativeGuestGated -> true (authoritative GUEST gates a structural mutation)
[log] [coop:owner] ownerOf(counter=118) seat=0 -> owner=host
[log] [coop:owner] isLocalOwnerAtCounter(pinnedCounter=118) parity=0 owner=host role=guest -> false
[log] [coop:reward] biome pick owner/watcher decision: pinnedStart=118 role=guest spoof=false chained=true -> WATCHER (#848)
[log] [coop:interaction] uiMirror beginSession role=watcher mode=54 seq=9700118 early=0
[log] [coop:transport] send guest t=coopAck cls=op:global seq=235
[log] [coop:transport] recv host t=coopAck cls=op:global seq=235 handlers=1
[log] [coop:relay] DELIVER interactionChoice seq=9700118 -> BUFFER inbox depth=1 kind=biomePick choice=0 data=[18]
[log] [coop:relay] DELIVER interactionChoice seq=9700118 -> BUFFER inbox depth=2 kind=biomePick choice=0 data=[18]
[log] [coop:reward] biome op JOURNAL apply id=1827802517509761:0:BIOME_PICK:9700118 rev=238 (Wave-2e/W2e-R)
[log] [coop:transport] send guest t=coopAck cls=op:global seq=238
[log] [coop:interaction] RECV interaction broadcast (deferred catch-up net) received=119 localBefore=118 role=guest -> WILL DEFER to 119 (folds in at next advance if still ahead)
[warn] [coop:interaction] CoopInteractionTurn.mergeRemote DEFER (remote=119, counter=118, pendingRemote=119) live counter UNCHANGED (folds in at next advance if still ahead)
[log] [coop:owner] ownerOf(counter=118) seat=0 -> owner=host
[log] [coop:owner] ownerOf(counter=118) seat=0 -> owner=host
[log] [coop:reward] biome op WATCHER materialize JOURNAL choice kind=BIOME_PICK id=1827802517509761:0:BIOME_PICK:9700118
[log] [coop:session] isCoopAuthoritativeGuestGated -> true (authoritative GUEST gates a structural mutation)
[log] [coop:reward] biome pick WATCHER: owner biome=undefined received pinnedStart=118 (#848)
[log] [coop:transport] recv host t=coopAck cls=op:global seq=238 handlers=1
[log] [coop:session] isCoopAuthoritativeGuestGated -> true (authoritative GUEST gates a structural mutation)
[log] [coop:interaction] interactionCounter() read -> 118 (role=guest)
[log] [coop:interaction] CoopInteractionTurn.advance INCREMENT (fromCounter=118) counter 118 -> 119
[log] [coop:interaction] advanceInteraction ADVANCED+BROADCAST (fromCounter=118) counter 118 -> 119 role=guest; send interaction screen=__turn__ choice=119
[log] [coop:interaction] SEND counter snapshot reason=advance choice=119 role=guest
[log] [coop:transport] send guest t=interaction screen=__turn__
[log] [coop:owner] ownerOf(counter=119) seat=1 -> owner=guest
[log] [coop:owner] ownerOf(counter=119) seat=1 -> owner=guest
[log] [coop:interaction] interactionCounter() read -> 119 (role=guest)
[log] [coop:reward] advance interaction from CONTINUATION commit (role=guest from=118 counter 118 -> 119)
[log] [coop:interaction] interactionCounter() read -> 119 (role=guest)
[log] [coop:v2-interaction] terminal proof recorded op=1827802517509761:0:BIOME_PICK:9700118 role=guest seat=1 duplicate=0 ambient=1
[log] [coop:transport] recv host t=interaction screen=__turn__ handlers=1
[log] [coop:interaction] interactionCounter() read -> 119 (role=guest)
[log] [coop:replay] guest RECV enemyPartySync wave=101 count=2 -> buffered (no waiter)
[log] [coop:replay] guest RECV entry presentation wave=101 stateTick=941 events=21 buffered
[log] [coop:replay] guest RECV enemyPartySync wave=101 count=2 -> buffered (no waiter)
[log] [coop:rendezvous] RECV arrival point=cmd:101:1 -> BUFFER (no waiter yet) role=guest
[log] [coop:session] isCoopAuthoritativeGuestGated -> true (authoritative GUEST gates a structural mutation)
[log] [coop:battletype] wave=101 HOST verdict: WILD - adopting (#867)
[log] [coop:me] wave=101 HOST verdict: NO ME - local presence roll suppressed (#862)
[log] [coop:session] isCoopAuthoritativeGuestGated -> true (authoritative GUEST gates a structural mutation)
[log] [coop:session] isCoopAuthoritativeGuestGated -> true (authoritative GUEST gates a structural mutation)
[log] [coop:stream] guest consumeEnemyParty wave=101 -> 2 enemies
[log] [coop:replay] guest adopt enemy trainerSlot=0 isBoss segments=1 index=0
[log] [coop:enemy] buildCoopEnemy ADOPT trainerSlot=0 species=6059 form=0 lv=73 abilityIdx=1 nature=0 gender=0 shiny=false tera=0:9 hp=237/237 moves=4 heldItems=4
[log] [coop:replay] guest adopt enemy trainerSlot=0 isBoss segments=1 index=0
[log] [coop:enemy] buildCoopEnemy ADOPT trainerSlot=0 species=485 form=0 lv=71 abilityIdx=0 nature=0 gender=0 shiny=false tera=0:9 hp=232/232 moves=4 heldItems=4
[log] [coop:turn] host recorder: append turn=1 seq=21 k=weather total=22 live=true
[log] [coop:session] isCoopAuthoritativeGuestGated -> true (authoritative GUEST gates a structural mutation)
[log] [coop:turn] host recorder: append turn=1 seq=22 k=message total=23 live=true
[log] [coop:adopt] erMoneyStreaks host entries=0 -> restored (#837/#348)
[log] [coop:adopt] biomeOverstayAnchor host=null -> restored (#837/#504)
[log] [coop:adopt] erBiomeStructure host length=25 startWave=101 -> restored (#841 item 5)
[log] [coop:adopt] erRelicBattleState host wave=101 -> restored (#837)
[log] [coop:adopt] erMapState host nodes=2 travelTarget=- fragments=0 -> restored (#865/#841 item 1)
[log] [coop:adopt] erPendingNodes host count=5 revealed=2 -> restored (#865)
[log] [coop:resync] guest apply authoritativeState tick=941 wave=101 turn=1 party=6/2 field=4
[log] [coop:resync] presentation settle boundary=resync-stable side=player desired=visible ids=[1582731684,1930538543] changed=0 phase=NewBiomeEncounterPhase
[log] [coop:resync] presentation settle boundary=resync-stable side=enemy desired=visible ids=[3920358175,2954831974] changed=2 phase=NewBiomeEncounterPhase
[log] [coop:resync] render differ: newly presented id=3920358175 key=pkmn__6059 -> load atlas
[log] [coop:resync] render differ: newly presented id=2954831974 key=pkmn__485 -> load atlas
[log] [coop:resync] presentation settle boundary=launch-ready side=player desired=visible ids=[1582731684,1930538543] changed=0 phase=NewBiomeEncounterPhase
[log] [coop:resync] presentation settle boundary=encounter-summon side=enemy desired=visible ids=[3920358175,2954831974] changed=0 phase=NewBiomeEncounterPhase
[log] [coop:resync] presentation settle boundary=encounter-summon side=enemy desired=visible ids=[3920358175,2954831974] changed=0 phase=NewBiomeEncounterPhase
[log] [coop:session] isCoopAuthoritativeGuestGated -> true (authoritative GUEST gates a structural mutation)
[log] [coop:session] isCoopAuthoritativeGuestGated -> true (authoritative GUEST gates a structural mutation)
[log] [coop:session] isCoopAuthoritativeGuestGated -> true (authoritative GUEST gates a structural mutation)
[log] [coop:session] isCoopAuthoritativeGuestGated -> true (authoritative GUEST gates a structural mutation)
[log] [coop:session] isCoopAuthoritativeGuestGated -> true (authoritative GUEST gates a structural mutation)
[log] [coop:session] isCoopAuthoritativeGuestGated -> true (authoritative GUEST gates a structural mutation)
[log] [coop:replay] guest replay turn=1: awaiting retained entry presentation
[warn] [coop:resync] authoritativeState tick=941 STALE (lastApplied=941) -> REJECTED (#807)
[log] [coop:adopt] erMoneyStreaks host entries=0 -> restored (#837/#348)
[log] [coop:adopt] biomeOverstayAnchor host=null -> restored (#837/#504)
[log] [coop:adopt] erBiomeStructure host length=25 startWave=101 -> restored (#841 item 5)
[log] [coop:adopt] erRelicBattleState host wave=101 -> restored (#837)
[log] [coop:adopt] erMapState host nodes=2 travelTarget=- fragments=0 -> restored (#865/#841 item 1)
[log] [coop:adopt] erPendingNodes host count=5 revealed=2 -> restored (#865)
[log] [coop:resync] guest reassert authoritativeState tick=941 wave=101 turn=1 party=6/2 field=4
[log] [coop:resync] presentation settle boundary=resync-stable side=player desired=visible ids=[1582731684,1930538543] changed=0 phase=CoopReplayTurnPhase
[log] [coop:resync] presentation settle boundary=resync-stable side=enemy desired=visible ids=[3920358175,2954831974] changed=0 phase=CoopReplayTurnPhase
[log] [coop:replay] guest replay turn=1: rendering 21 event(s)
[log] [coop:replay] guest replay turn=1: present k=weather
[log] [coop:session] isCoopAuthoritativeGuestGated -> true (authoritative GUEST gates a structural mutation)
[log] [coop:replay] guest replay turn=1: present k=message
[log] [coop:turn] host recorder: append turn=1 seq=23 k=message total=24 live=true
[log] [coop:replay] guest replay turn=1: present k=message
[log] [coop:turn] host recorder: append turn=1 seq=24 k=message total=25 live=true
[log] [coop:replay] guest replay turn=1: present k=showAbility
[log] [coop:session] isCoopAuthoritativeGuestGated -> true (authoritative GUEST gates a structural mutation)
[log] [coop:replay] guest replay turn=1: present k=message
[log] [coop:turn] host recorder: append turn=1 seq=25 k=message total=26 live=true
[log] [coop:replay] guest replay turn=1: present k=statStage
[log] [coop:session] isCoopAuthoritativeGuestGated -> true (authoritative GUEST gates a structural mutation)
[log] [coop:replay] guest replay turn=1: present k=showAbility
[log] [coop:session] isCoopAuthoritativeGuestGated -> true (authoritative GUEST gates a structural mutation)
[log] [coop:replay] guest replay turn=1: present k=showAbility
[log] [coop:session] isCoopAuthoritativeGuestGated -> true (authoritative GUEST gates a structural mutation)
[log] [coop:replay] guest replay turn=1: present k=message
[log] [coop:turn] host recorder: append turn=1 seq=26 k=message total=27 live=true
[log] [coop:replay] guest replay turn=1: present k=statStage
[log] [coop:session] isCoopAuthoritativeGuestGated -> true (authoritative GUEST gates a structural mutation)
[log] [coop:replay] guest replay turn=1: present k=message
[log] [coop:turn] host recorder: append turn=1 seq=27 k=message total=28 live=true
[log] [coop:replay] guest replay turn=1: present k=statStage
[log] [coop:session] isCoopAuthoritativeGuestGated -> true (authoritative GUEST gates a structural mutation)
[log] [coop:replay] guest replay turn=1: present k=message
[log] [coop:turn] host recorder: append turn=1 seq=28 k=message total=29 live=true
[log] [coop:replay] guest replay turn=1: present k=statStage
[log] [coop:session] isCoopAuthoritativeGuestGated -> true (authoritative GUEST gates a structural mutation)
[log] [coop:replay] guest replay turn=1: present k=message
[log] [coop:turn] host recorder: append turn=1 seq=29 k=message total=30 live=true
[log] [coop:replay] guest replay turn=1: present k=statStage
[log] [coop:session] isCoopAuthoritativeGuestGated -> true (authoritative GUEST gates a structural mutation)
[log] [coop:replay] guest replay turn=1: present k=showAbility
[log] [coop:session] isCoopAuthoritativeGuestGated -> true (authoritative GUEST gates a structural mutation)
[log] [coop:replay] guest replay turn=1: present k=message
[log] [coop:turn] host recorder: append turn=1 seq=30 k=message total=31 live=true
[log] [coop:replay] guest replay turn=1: present k=statStage
[log] [coop:session] isCoopAuthoritativeGuestGated -> true (authoritative GUEST gates a structural mutation)
[log] [coop:replay] guest replay turn=1: present k=message
[log] [coop:turn] host recorder: append turn=1 seq=31 k=message total=32 live=true
[log] [coop:replay] guest replay turn=1: present k=statStage
[log] [coop:session] isCoopAuthoritativeGuestGated -> true (authoritative GUEST gates a structural mutation)
[log] [coop:replay] guest replay turn=1: rendered phases [weather=1 message=9 showAbility=4 statStage=7]
[log] [coop:replay] guest replay turn=1: retained entry presentation queued stateTick=941 events=21; awaiting exact outcome proof
[log] [coop:session] isCoopAuthoritativeGuestGated -> true (authoritative GUEST gates a structural mutation)
[log] [coop:session] isCoopAuthoritativeGuestGated -> true (authoritative GUEST gates a structural mutation)
[log] [coop:session] isCoopAuthoritativeGuestGated -> true (authoritative GUEST gates a structural mutation)
[log] [coop:replay] present statStage bi=0 stat=3 -> 2
[log] [coop:replay] present statStage bi=0 stat=3 set to 2 NO tween (delta=0 anims=false)
[log] [coop:session] isCoopAuthoritativeGuestGated -> true (authoritative GUEST gates a structural mutation)
[log] [coop:session] isCoopAuthoritativeGuestGated -> true (authoritative GUEST gates a structural mutation)
[log] [coop:session] isCoopAuthoritativeGuestGated -> true (authoritative GUEST gates a structural mutation)
[log] [coop:session] isCoopAuthoritativeGuestGated -> true (authoritative GUEST gates a structural mutation)
[log] [coop:replay] present statStage bi=2 stat=1 -> -1
[log] [coop:replay] present statStage bi=2 stat=1 set to -1 NO tween (delta=0 anims=false)
[log] [coop:replay] present statStage bi=2 stat=3 -> -1
[log] [coop:replay] present statStage bi=2 stat=3 set to -1 NO tween (delta=0 anims=false)
[log] [coop:replay] present statStage bi=3 stat=1 -> -1
[log] [coop:replay] present statStage bi=3 stat=1 set to -1 NO tween (delta=0 anims=false)
[log] [coop:replay] present statStage bi=3 stat=3 -> -1
[log] [coop:replay] present statStage bi=3 stat=3 set to -1 NO tween (delta=0 anims=false)
[log] [coop:session] isCoopAuthoritativeGuestGated -> true (authoritative GUEST gates a structural mutation)
[log] [coop:session] isCoopAuthoritativeGuestGated -> true (authoritative GUEST gates a structural mutation)
[log] [coop:replay] present statStage bi=0 stat=1 -> -1
[log] [coop:replay] present statStage bi=0 stat=1 set to -1 NO tween (delta=0 anims=false)
[log] [coop:replay] present statStage bi=1 stat=1 -> -1
[log] [coop:replay] present statStage bi=1 stat=1 set to -1 NO tween (delta=0 anims=false)
[log] [coop:replay] guest entry presentation PROVED wave=101 turn=1 events=21
[log] [coop:stream] guest consumeEnemyParty wave=101 -> null (buffered=none)
[log] [coop:battle] CommandPhase slot=0 turn=1 owner=host role=guest -> partner path
[log] [coop:stream] guest consumeEnemyParty wave=101 -> null (buffered=none)
[log] [coop:rendezvous] ARRIVE point=cmd:101:1 (send) role=guest
[log] [coop:transport] send guest t=rendezvous point=cmd:101:1
[log] [coop:rendezvous] next-command barrier cmd:101:1 SYNC pass (partner already arrived)
[log] [coop:stream] guest consumeEnemyParty wave=101 -> null (buffered=none)
[log] [coop:transport] send guest t=coopAck cls=op:global seq=236
[log] [coop:transport] send guest t=coopAck cls=op:global seq=236
[log] [coop:transport] send guest t=coopAck cls=op:global seq=237
[log] [coop:transport] send guest t=coopAck cls=op:global seq=237
[log] [coop:transport] send guest t=coopAck cls=op:global seq=238
[log] [coop:transport] send guest t=coopAck cls=op:global seq=238
[log] [coop:transport] recv host t=rendezvous point=cmd:101:1 handlers=1
[log] [coop:transport] recv host t=coopAck cls=op:global seq=236 handlers=1
[log] [coop:transport] recv host t=coopAck cls=op:global seq=236 handlers=1
[log] [coop:transport] recv host t=coopAck cls=op:global seq=237 handlers=1
[log] [coop:transport] recv host t=coopAck cls=op:global seq=237 handlers=1
[log] [coop:transport] recv host t=coopAck cls=op:global seq=238 handlers=1
[log] [coop:transport] recv host t=coopAck cls=op:global seq=238 handlers=1
[log] [coop:rendezvous] RECV arrival point=cmd:101:1 -> DUPLICATE (already seen) role=guest
[log] [coop:replay] guest IGNORE duplicate consumed entry presentation wave=101
[log] [coop:replay] guest RECV enemyPartySync wave=101 count=2 -> buffered (no waiter)
[log] [coop:interaction] interactionCounter() read -> 119 (role=guest)
[log] [coop:checksum] capture digest=bd324c3de6b98bd7 field=4 biome=18 seed=coop-soak-20260725 weather=1 terrain=0 money=22990 party=[890,384,493,150,382,888] partyLevels=[500,500,500,500,500,500] arenaTags=0 modifiers=8 heldItemsDigest=9 pokeballs=[0:99,1:10,2:10,3:0,4:0] mons=[bi0:sp890/hp2065-2065/st0/ab5258/form0/tera0:3/boss0:0 bi1:sp384/hp1715-1715/st0/ab5144/form0/tera0:15/boss0:0 bi2:sp6059/hp237-237/st0/ab22/form0/tera0:9/boss1:0 bi3:sp485/hp232-232/st0/ab200/form0/tera0:9/boss1:0]
[log] [coop:interaction] interactionCounter() read -> 119 (role=guest)
[log] [coop:replay] guest IGNORE duplicate consumed entry presentation wave=101
[log] [coop:replay] guest RECV enemyPartySync wave=101 count=2 -> buffered (no waiter)
[log] [coop:replay] guest RECV turnResolution e=1827802517509761 wave=101 turn=1 events=43 checksum=0a476ba81777b788 -> buffered (no waiter)
[log] [coop:replay] guest RECV waveResolved wave=101 outcome=win transition=WAVE_VICTORY/next102/biome0/egg1/wild
[log] [coop:runtime] recv waveResolved wave=101 outcome=win role=guest netcode=authoritative
[log] [coop:runtime] ignore raw waveResolved for correctness wave=101 outcome=win; awaiting retained transaction
[log] [coop:session] isCoopAuthoritativeGuestGated -> true (authoritative GUEST gates a structural mutation)
[log] [coop:replay] guest replay turn=1: live pump start mode=turn
[log] [coop:replay] guest replay turn=1: advance local watermark 0->21
[log] [coop:session] isCoopAuthoritativeGuestGated -> true (authoritative GUEST gates a structural mutation)
[log] [coop:transport] send guest t=requestTurnCommit e=1827802517509761 wave=101 turn=1 rev=pending
[log] [coop:transport] send guest t=requestTurnCommit e=1827802517509761 wave=101 turn=1 rev=945
[log] [coop:replay] guest awaitTurn turn=1 RESOLVE (buffered race) events=43
[log] [coop:transport] recv host t=requestTurnCommit e=1827802517509761 wave=101 turn=1 rev=pending handlers=1
[log] [coop:transport] send host t=turnResolution e=1827802517509761 wave=101 turn=1 rev=945 events=43 checksum=0a476ba81777b788
[log] [coop:transport] recv host t=requestTurnCommit e=1827802517509761 wave=101 turn=1 rev=945 handlers=1
[log] [coop:transport] send host t=turnResolution e=1827802517509761 wave=101 turn=1 rev=945 events=43 checksum=0a476ba81777b788
[log] [coop:transport] recv guest t=turnResolution e=1827802517509761 wave=101 turn=1 rev=945 events=43 checksum=0a476ba81777b788 handlers=1
[log] [coop:transport] recv guest t=turnResolution e=1827802517509761 wave=101 turn=1 rev=945 events=43 checksum=0a476ba81777b788 handlers=1
[log] [coop:replay] guest consume live events turn=1 count=0
[log] [coop:replay] guest replay turn=1: RESOLVE renderedLive=21 remaining=22 batch=43
[log] [coop:replay] guest replay turn=1: rendering 22 event(s)
[log] [coop:replay] guest replay turn=1: present k=weather
[log] [coop:session] isCoopAuthoritativeGuestGated -> true (authoritative GUEST gates a structural mutation)
[log] [coop:replay] guest replay turn=1: present k=message
[log] [coop:replay] guest replay turn=1: present k=message
[log] [coop:replay] guest replay turn=1: present k=message
[log] [coop:replay] guest replay turn=1: present k=message
[log] [coop:replay] guest replay turn=1: present k=message
[log] [coop:replay] guest replay turn=1: present k=message
[log] [coop:replay] guest replay turn=1: present k=message
[log] [coop:replay] guest replay turn=1: present k=message
[log] [coop:replay] guest replay turn=1: present k=message
[log] [coop:replay] guest replay turn=1: present k=message
[log] [coop:replay] guest replay turn=1: present k=moveUsed
[log] [coop:session] isCoopAuthoritativeGuestGated -> true (authoritative GUEST gates a structural mutation)
[log] [coop:replay] guest replay turn=1: present k=hp
[log] [coop:session] isCoopAuthoritativeGuestGated -> true (authoritative GUEST gates a structural mutation)
[log] [coop:replay] guest replay turn=1: present k=faint
[log] [coop:session] isCoopAuthoritativeGuestGated -> true (authoritative GUEST gates a structural mutation)
[log] [coop:replay] guest replay turn=1: present k=message
[log] [coop:replay] guest replay turn=1: present k=hp
[log] [coop:session] isCoopAuthoritativeGuestGated -> true (authoritative GUEST gates a structural mutation)
[log] [coop:replay] guest replay turn=1: present k=message
[log] [coop:replay] guest replay turn=1: present k=moveUsed
[log] [coop:session] isCoopAuthoritativeGuestGated -> true (authoritative GUEST gates a structural mutation)
[log] [coop:replay] guest replay turn=1: present k=hp
[log] [coop:session] isCoopAuthoritativeGuestGated -> true (authoritative GUEST gates a structural mutation)
[log] [coop:replay] guest replay turn=1: present k=faint
[log] [coop:session] isCoopAuthoritativeGuestGated -> true (authoritative GUEST gates a structural mutation)
[log] [coop:replay] guest replay turn=1: present k=hp
[log] [coop:session] isCoopAuthoritativeGuestGated -> true (authoritative GUEST gates a structural mutation)
[log] [coop:replay] guest replay turn=1: present k=message
[log] [coop:replay] guest replay turn=1: rendered phases [weather=1 message=13 moveUsed=2 hp=4 faint=2]
[log] [coop:replay] guest replay turn=1: unshift CoopFinalizeTurnPhase (checkpoint apply deferred)
[log] [coop:session] isCoopAuthoritativeGuestGated -> true (authoritative GUEST gates a structural mutation)
[log] [coop:stream] guest IGNORE idempotent turn duplicate e=1827802517509761 wave=101 turn=1 rev=945
[log] [coop:stream] guest IGNORE idempotent turn duplicate e=1827802517509761 wave=101 turn=1 rev=945
[log] [coop:replay] present move bi=0 moveId=34 targets=1
[log] [coop:replay] present hp bi=2 237->0/237
[log] [coop:replay] present faint bi=2 narrate=true
[log] [coop:replay] present hp bi=0 2065->1987/2065
[log] [coop:replay] present move bi=1 moveId=85 targets=1
[log] [coop:replay] present hp bi=3 232->0/232
[log] [coop:replay] present faint bi=3 narrate=true
[log] [coop:replay] present hp bi=0 1987->2065/2065
[log] [coop:checkpoint] guest apply field=4 weather=1 terrain=0 arenaTags=0
[log] [coop:session] isCoopAuthoritativeGuestGated -> true (authoritative GUEST gates a structural mutation)
[log] [coop:adopt] erMoneyStreaks host entries=0 -> restored (#837/#348)
[log] [coop:adopt] biomeOverstayAnchor host=null -> restored (#837/#504)
[log] [coop:adopt] erBiomeStructure host length=25 startWave=101 -> restored (#841 item 5)
[log] [coop:adopt] erRelicBattleState host wave=101 -> restored (#837)
[log] [coop:adopt] erMapState host nodes=2 travelTarget=- fragments=0 -> restored (#865/#841 item 1)
[log] [coop:adopt] erPendingNodes host count=5 revealed=2 -> restored (#865)
[log] [coop:resync] guest apply authoritativeState tick=945 wave=101 turn=1 party=6/2 field=4
[log] [coop:resync] presentation settle boundary=resync-stable side=player desired=visible ids=[1582731684,1930538543] changed=0 phase=CoopFinalizeTurnPhase
[log] [coop:resync] presentation settle boundary=wave-start-pre-intro side=enemy desired=visible ids=[] changed=0 phase=CoopFinalizeTurnPhase
[warn] [coop:heal] heldItems monId=1582731684 bi=0 removed=[LEFTOVERS] added=[LEFTOVERS] -> applied
[warn] [coop:heal] heldItems bi=0 host=[LEFTOVERS] -> applied (rewrote to host set)
[warn] [coop:heal] heldItems monId=3920358175 bi=2 removed=[BASE_STAT_BOOSTER] added=[BASE_STAT_BOOSTER] -> applied
[warn] [coop:heal] heldItems bi=2 host=[BASE_STAT_BOOSTER] -> applied (rewrote to host set)
[warn] [coop:heal] heldItems monId=2954831974 bi=3 removed=[BASE_STAT_BOOSTER] added=[BASE_STAT_BOOSTER] -> applied
[warn] [coop:heal] heldItems bi=3 host=[BASE_STAT_BOOSTER] -> applied (rewrote to host set)
[log] [coop:interaction] interactionCounter() read -> 119 (role=guest)
[log] [coop:checksum] capture digest=0a476ba81777b788 field=4 biome=18 seed=coop-soak-20260725 weather=1 terrain=0 money=22990 party=[890,384,493,150,382,888] partyLevels=[500,500,500,500,500,500] arenaTags=0 modifiers=8 heldItemsDigest=1 pokeballs=[0:99,1:10,2:10,3:0,4:0] mons=[bi0:sp890/hp2065-2065/st0/ab5258/form0/tera0:3/boss0:0 bi1:sp384/hp1715-1715/st0/ab5144/form0/tera0:15/boss0:0 bi2:sp6059/hp0-237/st7/ab22/form0/tera0:9/boss1:0 bi3:sp485/hp0-232/st7/ab200/form0/tera0:9/boss1:0]
[log] [coop:transport] send guest t=turnCommitAck e=1827802517509761 wave=101 turn=1 rev=945 stage=materialApplied checksum=0a476ba81777b788
[log] [coop:stream] guest ACK turn stage=materialApplied e=1827802517509761 wave=101 turn=1 rev=945
[log] [coop:checksum] guest finalize materialApplied e=1827802517509761 wave=101 turn=1 rev=945
[log] [coop:transport] recv host t=turnCommitAck e=1827802517509761 wave=101 turn=1 rev=945 stage=materialApplied checksum=0a476ba81777b788 handlers=1
[log] [coop:stream] host ACCEPT turn ACK stage=materialApplied key=1827802517509761:101:1:945
[log] [coop:transport] send guest t=turnCommitAck e=1827802517509761 wave=101 turn=1 rev=945 stage=presentationReady checksum=0a476ba81777b788
[log] [coop:stream] guest ACK turn stage=presentationReady e=1827802517509761 wave=101 turn=1 rev=945
[log] [coop:checksum] guest finalize presentationReady e=1827802517509761 wave=101 turn=1 rev=945
[log] [coop:replay] guest finalize turn=1: END (checkpoint applied, turn-end queued)
[log] [coop:transport] recv host t=turnCommitAck e=1827802517509761 wave=101 turn=1 rev=945 stage=presentationReady checksum=0a476ba81777b788 handlers=1
[log] [coop:stream] host ACCEPT turn ACK stage=presentationReady key=1827802517509761:101:1:945
[log] [coop:stream] guest admitted WAVE_ADVANCE continuation e=1827802517509761 wave=101
[log] [coop:runtime] wave-advance JOURNAL bootstrap wave=101 outcome=win (ACK withheld)
[log] [coop:runtime] wave-advance JOURNAL queued safe-boundary wake wave=101 unparkedReplay=0
[log] [coop:runtime] wave-advance op JOURNAL cursor-advanced id=1827802517509761:0:WAVE_ADVANCE:101 rev=239 dataApplied=false continuationReady=false (DATA applies at BattleEnd; retained ACK awaits DATA + destination continuation)
[log] [coop:transport] send guest t=coopAck cls=op:global seq=239
[log] [coop:replay] guest RECV waveEndState wave=101 tick=946
[log] [coop:runtime] ignore raw waveEndState for correctness wave=101 tick=946
[log] [coop:relay] RECV rewardOptions key=119:0 -> BUFFER rewardOptionsInbox (latest-wins) count=5
[log] [coop:rendezvous] RECV arrival point=shop:101:119 -> BUFFER (no waiter yet) role=guest
[log] [coop:transport] recv host t=coopAck cls=op:global seq=239 handlers=1
[log] [coop:session] isCoopAuthoritativeGuestGated -> true (authoritative GUEST gates a structural mutation)
[log] [coop:session] isCoopAuthoritativeGuestGated -> true (authoritative GUEST gates a structural mutation)
[log] [coop:session] isCoopAuthoritativeGuestGated -> true (authoritative GUEST gates a structural mutation)
[log] [coop:session] isCoopAuthoritativeGuestGated -> true (authoritative GUEST gates a structural mutation)
[log] [coop:session] isCoopAuthoritativeGuestGated -> true (authoritative GUEST gates a structural mutation)
[log] [coop:runtime] consume wave-advance wave=101 outcome=win transition=WAVE_VICTORY/next102/biome0/egg1/wild (lastResolved 100 -> 101)
[log] [coop:replay] guest wave-advance outcome=win wave=101 next=WAVE_VICTORY/wave102 biomeChange=false eggLapse=true victoryKind=wild battleType=WILD queues=VictoryPhase (host-stated)
[warn] [coop:replay] guest wave-advance wave=101: replacing speculative future queue [CommandPhase,CommandPhase,TurnStartPhase]
[log] [coop:session] isCoopAuthoritativeGuestGated -> true (authoritative GUEST gates a structural mutation)
[log] [coop:progression] GUEST applyPartyExp SKIP wave=101 koMon=Heatran (awaiting host waveEndState)
[log] [coop-diag] VictoryPhase win-branch role=guest battleType=WILD queuesTrainerVictory=false queuesSelectModifier=true wave=101
[log] [coop:session] isCoopAuthoritativeGuestGated -> true (authoritative GUEST gates a structural mutation)
[log] [coop:session] isCoopAuthoritativeGuestGated -> true (authoritative GUEST gates a structural mutation)
[log] [coop-diag] VictoryTail role=guest wave=101 source=host-stated trainer=false egg=true biomeShop=false biomeChange=false crossroads=false nextWave=102
[log] [coop:session] isCoopAuthoritativeGuestGated -> true (authoritative GUEST gates a structural mutation)
[log] [coop:session] isCoopAuthoritativeGuestGated -> true (authoritative GUEST gates a structural mutation)
[log] [coop:session] isCoopAuthoritativeGuestGated -> true (authoritative GUEST gates a structural mutation)
[log] [coop:adopt] erMoneyStreaks host entries=0 -> restored (#837/#348)
[log] [coop:adopt] biomeOverstayAnchor host=null -> restored (#837/#504)
[log] [coop:adopt] erBiomeStructure host length=25 startWave=101 -> restored (#841 item 5)
[log] [coop:adopt] erRelicBattleState host wave=101 -> restored (#837)
[log] [coop:adopt] erMapState host nodes=2 travelTarget=- fragments=0 -> restored (#865/#841 item 1)
[log] [coop:adopt] erPendingNodes host count=5 revealed=2 -> restored (#865)
[log] [coop:resync] guest apply authoritativeState tick=946 wave=101 turn=2 party=6/2 field=4
[log] [coop:resync] presentation settle boundary=resync-stable side=player desired=visible ids=[1582731684,1930538543] changed=0 phase=BattleEndPhase
[log] [coop:resync] presentation settle boundary=wave-start-pre-intro side=enemy desired=visible ids=[] changed=0 phase=BattleEndPhase
[log] [coop:runtime] wave-advance retained DATA boundary admitted wave=101
[log] [coop:progression] retained WAVE_ADVANCE DATA applied wave=101 tick=946
[log] [coop:progression] GUEST retained WAVE_ADVANCE BattleEnd release wave=101
[log] [coop:transport] recv guest t=envelope t=envelope handlers=1
[log] [coop:transport] send guest t=coopAck cls=op:global seq=239
[log] [coop:transport] recv host t=coopAck cls=op:global seq=239 handlers=1
[log] [coop:progression] GUEST automatic victory settlement admitted wave=101 turn=2
[log] [coop:interaction] interactionCounter() read -> 119 (role=guest)
[log] [coop:checksum] capture digest=7acad4025d8851cf field=4 biome=18 seed=coop-soak-20260725 weather=1 terrain=0 money=22990 party=[890,384,493,150,382,888] partyLevels=[500,500,500,500,500,500] arenaTags=0 modifiers=8 heldItemsDigest=1 pokeballs=[0:99,1:10,2:10,3:0,4:0] mons=[bi0:sp890/hp2065-2065/st0/ab5258/form0/tera0:3/boss0:0 bi1:sp384/hp1715-1715/st0/ab5144/form0/tera0:15/boss0:0 bi2:sp6059/hp0-237/st7/ab22/form0/tera0:9/boss1:0 bi3:sp485/hp0-232/st7/ab200/form0/tera0:9/boss1:0]
[log] [coop:interaction] interactionCounter() read -> 119 (role=guest)
[log] [coop:owner] ownerOf(counter=119) seat=1 -> owner=guest
[log] [coop:owner] isLocalOwnerAtCounter(pinnedCounter=119) parity=1 owner=guest role=guest -> true
[log] [coop:interaction] interactionCounter() read -> 119 (role=guest)
[log] [coop:reward] owner/watcher decision: pinnedStart=119 liveCounter=119 parity=1 role=guest pick=OWNER option=ADOPT spoof=false
[log] [coop:rendezvous] ARRIVE point=shop:101:119 (send) role=guest
[log] [coop:transport] send guest t=rendezvous point=shop:101:119
[log] [coop:reward] OWNER drives reward screen (start=119 role=guest spoof=false adoptsOptions=true wave=101)
[log] [coop:rendezvous] shop-pick-commit barrier AWAIT shop:101:119
[log] [coop:rendezvous] AWAIT point=shop:101:119 -> partner already arrived (buffer-hit) role=guest
[log] [coop:transport] recv host t=rendezvous point=shop:101:119 handlers=1
[log] [coop:reward] WATCHER awaiting owner reward options (start=119 reroll=0 localCount=0)
[log] [coop:relay] AWAIT rewardOptions key=119:0 timeoutMs=1200000 -> BUFFER-HIT resolve count=5
[log] [coop:shop] reconstructRewardOptions OK count=5 ids=[TERA_SHARD,ULTRA_BALL,BERRY,ER_RUSTY_CLAW,PP_UP]
[log] [coop:reward] WATCHER ADOPTED owner reward options (was=0 now=5 ids=[TERA_SHARD,ULTRA_BALL,BERRY,ER_RUSTY_CLAW,PP_UP])
[log] [coop:transport] send guest t=turnCommitAck e=1827802517509761 wave=101 turn=1 rev=945 stage=continuationReady checksum=0a476ba81777b788
[log] [coop:stream] guest ACK turn stage=continuationReady e=1827802517509761 wave=101 turn=1 rev=945
[log] [coop:stream] guest continuation surface=sharedInput e=1827802517509761 wave=101 turn=2 waiting=1 released=1
[log] [coop:interaction] mirror begin role=owner mirrorSeq=7616 interactionStart=119 reroll=0
[log] [coop:interaction] uiMirror beginSession role=owner mode=6 seq=7616 early=0
[log] [coop:transport] recv host t=turnCommitAck e=1827802517509761 wave=101 turn=1 rev=945 stage=continuationReady checksum=0a476ba81777b788 handlers=1
[log] [coop:progression] retained WAVE_ADVANCE continuationReady wave=101
[log] [coop:transport] send guest t=coopAck cls=op:global seq=239
[log] [coop:transport] send guest t=coopAck cls=op:global seq=239
[log] [coop:transport] send guest t=coopAck cls=op:global seq=239
[log] [coop:transport] recv host t=coopAck cls=op:global seq=239 handlers=1
[log] [coop:transport] recv host t=coopAck cls=op:global seq=239 handlers=1
[log] [coop:transport] recv host t=coopAck cls=op:global seq=239 handlers=1
[log] [coop:owner] ownerOf(counter=119) seat=1 -> owner=guest
[log] [coop:owner] isLocalOwnerAtCounter(pinnedCounter=119) parity=1 owner=guest role=guest -> true
[log] [coop:relay] OWNER prepare seq=119 kind=skip choice=-1 data=[] role=guest
[log] [coop:reward] reward op INTENT prepared label=skip id=1827802517509761:1:REWARD:11900000
[log] [coop:relay] SEND interactionChoice seq=119 kind=skip kind=? choice=-1 data=-
[log] [coop:transport] send guest t=interactionChoice seq=119 kind=skip choice=-1
[warn] [coop:v2-shadow] FAULT tap(INTERACTION_COMMIT): AuthorityLog.commit: entry context is not bound to the local authority
[log] [coop:relay] AWAIT interactionChoice seq=119 timeoutMs=1200000 expected=[reward,shop,skip,reroll,check,transfer,lock] -> network-wait
[log] [coop:transport] recv host t=interactionChoice seq=119 kind=skip choice=-1 handlers=1
[log] [coop:adopt] erMoneyStreaks host entries=0 -> restored (#837/#348)
[log] [coop:adopt] biomeOverstayAnchor host=null -> restored (#837/#504)
[log] [coop:adopt] erBiomeStructure host length=25 startWave=101 -> restored (#841 item 5)
[log] [coop:adopt] erRelicBattleState host wave=101 -> restored (#837)
[log] [coop:adopt] erMapState host nodes=2 travelTarget=- fragments=0 -> restored (#865/#841 item 1)
[log] [coop:adopt] erPendingNodes host count=5 revealed=2 -> restored (#865)
[log] [coop:resync] guest apply authoritativeState tick=947 wave=101 turn=2 party=6/2 field=4
[log] [coop:resync] presentation settle boundary=resync-stable side=player desired=visible ids=[1582731684,1930538543] changed=0 phase=SelectModifierPhase
[log] [coop:resync] presentation settle boundary=wave-start-pre-intro side=enemy desired=visible ids=[] changed=0 phase=SelectModifierPhase
[log] [coop:relay] DELIVER interactionChoice seq=119 -> waiter kind=skip choice=-1 data=-
[log] [coop:relay] AWAIT interactionChoice seq=119 RESOLVE kind=skip choice=-1 data=-
[log] [coop:reward] shop authoritative RESULT applied-before-render kind=REWARD id=1827802517509761:1:REWARD:11900000 rev=240 tick=947
[log] [coop:transport] send guest t=coopAck cls=op:global seq=240
[log] [coop:reward] reward op WATCHER materialize retained choice=-1 terminal=true id=1827802517509761:1:REWARD:11900000
[log] [coop:reward] WATCHER applying relayed action seq=119 act=LEAVE choice=-1 data=-
[log] [coop:v2-interaction] terminal proof recorded op=1827802517509761:1:REWARD:11900000 role=guest seat=1 duplicate=0 ambient=1
[log] [coop:v2-interaction] phase terminal proof op=1827802517509761:1:REWARD:11900000 route=constructor-fallback accepted=1
[log] [coop:interaction] interactionCounter() read -> 119 (role=guest)
[log] [coop:interaction] CoopInteractionTurn.advance INCREMENT (fromCounter=119) counter 119 -> 120
[log] [coop:interaction] advanceInteraction ADVANCED+BROADCAST (fromCounter=119) counter 119 -> 120 role=guest; send interaction screen=__turn__ choice=120
[log] [coop:interaction] SEND counter snapshot reason=advance choice=120 role=guest
[log] [coop:transport] send guest t=interaction screen=__turn__
[log] [coop:owner] ownerOf(counter=120) seat=0 -> owner=host
[log] [coop:owner] ownerOf(counter=120) seat=0 -> owner=host
[log] [coop:interaction] interactionCounter() read -> 120 (role=guest)
[log] [coop:reward] advance interaction (role=guest from=119 counter 119 -> 120)
[log] [coop:session] isCoopAuthoritativeGuestGated -> true (authoritative GUEST gates a structural mutation)
[log] [coop:transport] recv host t=coopAck cls=op:global seq=240 handlers=1
[log] [coop:transport] recv host t=interaction screen=__turn__ handlers=1
[log] [coop:interaction] RECV interaction broadcast (deferred catch-up net) received=120 localBefore=120 role=guest -> no defer (local >= received)
[warn] [coop:interaction] CoopInteractionTurn.mergeRemote DEFER (remote=120, counter=120, pendingRemote=120) live counter UNCHANGED (folds in at next advance if still ahead)
[log] [coop:owner] ownerOf(counter=120) seat=0 -> owner=host
[log] [coop:owner] ownerOf(counter=120) seat=0 -> owner=host
[log] [coop:replay] guest RECV enemyPartySync wave=102 count=4 -> buffered (no waiter)
[log] [coop:replay] guest RECV entry presentation wave=102 stateTick=949 events=14 buffered
[log] [coop:replay] guest RECV enemyPartySync wave=102 count=4 -> buffered (no waiter)
[log] [coop:rendezvous] RECV arrival point=cmd:102:1 -> BUFFER (no waiter yet) role=guest
[log] [coop:battletype] wave=102 HOST verdict: TRAINER - adopting (#867)
[log] [coop:me] wave=102 HOST verdict: NO ME - local presence roll suppressed (#862)
[log] [coop:session] isCoopAuthoritativeGuestGated -> true (authoritative GUEST gates a structural mutation)
[log] [coop:interaction] interactionCounter() read -> 120 (role=guest)
[log] [coop:stream] guest consumeEnemyParty wave=102 -> 4 enemies
[log] [coop:enemy] buildCoopEnemy ADOPT trainerSlot=1 species=10508 form=0 lv=72 abilityIdx=0 nature=0 gender=0 shiny=false tera=0:10 hp=241/241 moves=4 heldItems=0
[log] [coop:enemy] buildCoopEnemy ADOPT trainerSlot=1 species=10643 form=0 lv=72 abilityIdx=0 nature=0 gender=0 shiny=false tera=0:15 hp=236/236 moves=4 heldItems=0
[log] [coop:enemy] buildCoopEnemy ADOPT trainerSlot=1 species=10125 form=0 lv=72 abilityIdx=1 nature=0 gender=1 shiny=false tera=0:15 hp=212/212 moves=4 heldItems=0
[log] [coop:enemy] buildCoopEnemy ADOPT trainerSlot=1 species=10627 form=0 lv=72 abilityIdx=0 nature=0 gender=-1 shiny=false tera=0:15 hp=219/219 moves=4 heldItems=0
[log] [coop:adopt] erMoneyStreaks host entries=0 -> restored (#837/#348)
[log] [coop:adopt] biomeOverstayAnchor host=null -> restored (#837/#504)
[log] [coop:adopt] erBiomeStructure host length=25 startWave=101 -> restored (#841 item 5)
[log] [coop:adopt] erRelicBattleState host wave=102 -> restored (#837)
[log] [coop:adopt] erMapState host nodes=2 travelTarget=- fragments=0 -> restored (#865/#841 item 1)
[log] [coop:adopt] erPendingNodes host count=5 revealed=2 -> restored (#865)
[log] [coop:resync] guest apply authoritativeState tick=949 wave=102 turn=1 party=6/4 field=4
[log] [coop:resync] presentation settle boundary=resync-stable side=player desired=visible ids=[1582731684,1930538543] changed=0 phase=NextEncounterPhase
[log] [coop:resync] presentation settle boundary=resync-stable side=enemy desired=visible ids=[47176422,3263861165] changed=2 phase=NextEncounterPhase
[log] [coop:resync] render differ: newly presented id=47176422 key=pkmn__er__gyarados_mega_y -> load atlas
[log] [coop:resync] render differ: newly presented id=3263861165 key=pkmn__er__hydreigon_mega -> load atlas
[log] [coop:renderer] authoritative trainer intro cleared pokeball trays player=true enemy=true
[log] [coop:resync] presentation settle boundary=encounter-summon side=enemy desired=visible ids=[47176422,3263861165] changed=0 phase=NextEncounterPhase
[log] [coop:resync] presentation settle boundary=launch-ready side=player desired=visible ids=[1582731684,1930538543] changed=0 phase=NextEncounterPhase
[log] [coop:session] isCoopAuthoritativeGuestGated -> true (authoritative GUEST gates a structural mutation)
[log] [coop:session] isCoopAuthoritativeGuestGated -> true (authoritative GUEST gates a structural mutation)
[log] [coop:session] isCoopAuthoritativeGuestGated -> true (authoritative GUEST gates a structural mutation)
[log] [coop:session] isCoopAuthoritativeGuestGated -> true (authoritative GUEST gates a structural mutation)
[log] [coop:session] isCoopAuthoritativeGuestGated -> true (authoritative GUEST gates a structural mutation)
[log] [coop:session] isCoopAuthoritativeGuestGated -> true (authoritative GUEST gates a structural mutation)
[log] [coop:replay] guest replay turn=1: awaiting retained entry presentation
[warn] [coop:resync] authoritativeState tick=949 STALE (lastApplied=949) -> REJECTED (#807)
[log] [coop:adopt] erMoneyStreaks host entries=0 -> restored (#837/#348)
[log] [coop:adopt] biomeOverstayAnchor host=null -> restored (#837/#504)
[log] [coop:adopt] erBiomeStructure host length=25 startWave=101 -> restored (#841 item 5)
[log] [coop:adopt] erRelicBattleState host wave=102 -> restored (#837)
[log] [coop:adopt] erMapState host nodes=2 travelTarget=- fragments=0 -> restored (#865/#841 item 1)
[log] [coop:adopt] erPendingNodes host count=5 revealed=2 -> restored (#865)
[log] [coop:resync] guest reassert authoritativeState tick=949 wave=102 turn=1 party=6/4 field=4
[log] [coop:resync] presentation settle boundary=resync-stable side=player desired=visible ids=[1582731684,1930538543] changed=0 phase=CoopReplayTurnPhase
[log] [coop:resync] presentation settle boundary=resync-stable side=enemy desired=visible ids=[47176422,3263861165] changed=0 phase=CoopReplayTurnPhase
[log] [coop:replay] guest replay turn=1: rendering 14 event(s)
[log] [coop:replay] guest replay turn=1: present k=message
[log] [coop:turn] host recorder: append turn=1 seq=14 k=message total=15 live=true
[log] [coop:replay] guest replay turn=1: present k=showAbility
[log] [coop:session] isCoopAuthoritativeGuestGated -> true (authoritative GUEST gates a structural mutation)
[log] [coop:replay] guest replay turn=1: present k=message
[log] [coop:turn] host recorder: append turn=1 seq=15 k=message total=16 live=true
[log] [coop:replay] guest replay turn=1: present k=statStage
[log] [coop:session] isCoopAuthoritativeGuestGated -> true (authoritative GUEST gates a structural mutation)
[log] [coop:replay] guest replay turn=1: present k=showAbility
[log] [coop:session] isCoopAuthoritativeGuestGated -> true (authoritative GUEST gates a structural mutation)
[log] [coop:replay] guest replay turn=1: present k=showAbility
[log] [coop:session] isCoopAuthoritativeGuestGated -> true (authoritative GUEST gates a structural mutation)
[log] [coop:replay] guest replay turn=1: present k=message
[log] [coop:turn] host recorder: append turn=1 seq=16 k=message total=17 live=true
[log] [coop:replay] guest replay turn=1: present k=statStage
[log] [coop:session] isCoopAuthoritativeGuestGated -> true (authoritative GUEST gates a structural mutation)
[log] [coop:replay] guest replay turn=1: present k=message
[log] [coop:turn] host recorder: append turn=1 seq=17 k=message total=18 live=true
[log] [coop:replay] guest replay turn=1: present k=statStage
[log] [coop:session] isCoopAuthoritativeGuestGated -> true (authoritative GUEST gates a structural mutation)
[log] [coop:replay] guest replay turn=1: present k=message
[log] [coop:turn] host recorder: append turn=1 seq=18 k=message total=19 live=true
[log] [coop:replay] guest replay turn=1: present k=statStage
[log] [coop:session] isCoopAuthoritativeGuestGated -> true (authoritative GUEST gates a structural mutation)
[log] [coop:replay] guest replay turn=1: present k=message
[log] [coop:turn] host recorder: append turn=1 seq=19 k=message total=20 live=true
[log] [coop:replay] guest replay turn=1: present k=statStage
[log] [coop:session] isCoopAuthoritativeGuestGated -> true (authoritative GUEST gates a structural mutation)
[log] [coop:replay] guest replay turn=1: rendered phases [message=6 showAbility=3 statStage=5]
[log] [coop:replay] guest replay turn=1: retained entry presentation queued stateTick=949 events=14; awaiting exact outcome proof
[log] [coop:session] isCoopAuthoritativeGuestGated -> true (authoritative GUEST gates a structural mutation)
[log] [coop:session] isCoopAuthoritativeGuestGated -> true (authoritative GUEST gates a structural mutation)
[log] [coop:session] isCoopAuthoritativeGuestGated -> true (authoritative GUEST gates a structural mutation)
[log] [coop:replay] present statStage bi=0 stat=3 -> 2
[log] [coop:replay] present statStage bi=0 stat=3 set to 2 NO tween (delta=0 anims=false)
[log] [coop:session] isCoopAuthoritativeGuestGated -> true (authoritative GUEST gates a structural mutation)
[log] [coop:session] isCoopAuthoritativeGuestGated -> true (authoritative GUEST gates a structural mutation)
[log] [coop:session] isCoopAuthoritativeGuestGated -> true (authoritative GUEST gates a structural mutation)
[log] [coop:session] isCoopAuthoritativeGuestGated -> true (authoritative GUEST gates a structural mutation)
[log] [coop:replay] present statStage bi=3 stat=1 -> -1
[log] [coop:replay] present statStage bi=3 stat=1 set to -1 NO tween (delta=0 anims=false)
[log] [coop:replay] present statStage bi=3 stat=3 -> -1
[log] [coop:replay] present statStage bi=3 stat=3 set to -1 NO tween (delta=0 anims=false)
[log] [coop:replay] present statStage bi=2 stat=1 -> -1
[log] [coop:replay] present statStage bi=2 stat=1 set to -1 NO tween (delta=0 anims=false)
[log] [coop:replay] present statStage bi=2 stat=3 -> -1
[log] [coop:replay] present statStage bi=2 stat=3 set to -1 NO tween (delta=0 anims=false)
[log] [coop:replay] guest entry presentation PROVED wave=102 turn=1 events=14
[log] [coop:renderer] command presentation postcondition hid stale enemy trainer
[log] [coop:stream] guest consumeEnemyParty wave=102 -> null (buffered=none)
[log] [coop:battle] CommandPhase slot=0 turn=1 owner=host role=guest -> partner path
[log] [coop:stream] guest consumeEnemyParty wave=102 -> null (buffered=none)
[log] [coop:rendezvous] ARRIVE point=cmd:102:1 (send) role=guest
[log] [coop:transport] send guest t=rendezvous point=cmd:102:1
[log] [coop:rendezvous] next-command barrier cmd:102:1 SYNC pass (partner already arrived)
[log] [coop:stream] guest consumeEnemyParty wave=102 -> null (buffered=none)
[log] [coop:transport] send guest t=coopAck cls=op:global seq=240
[log] [coop:transport] send guest t=coopAck cls=op:global seq=240
[log] [coop:transport] recv host t=rendezvous point=cmd:102:1 handlers=1
[log] [coop:transport] recv host t=coopAck cls=op:global seq=240 handlers=1
[log] [coop:transport] recv host t=coopAck cls=op:global seq=240 handlers=1
[log] [coop:rendezvous] RECV arrival point=cmd:102:1 -> DUPLICATE (already seen) role=guest
[log] [coop:replay] guest IGNORE duplicate consumed entry presentation wave=102
[log] [coop:replay] guest RECV enemyPartySync wave=102 count=4 -> buffered (no waiter)
[log] [coop:interaction] interactionCounter() read -> 120 (role=guest)
[log] [coop:checksum] capture digest=6aeb2c5110d13158 field=4 biome=18 seed=coop-soak-20260725 weather=1 terrain=0 money=22990 party=[890,384,493,150,382,888] partyLevels=[500,500,500,500,500,500] arenaTags=0 modifiers=8 heldItemsDigest=1 pokeballs=[0:99,1:10,2:10,3:0,4:0] mons=[bi0:sp890/hp2065-2065/st0/ab5258/form0/tera0:3/boss0:0 bi1:sp384/hp1715-1715/st0/ab5144/form0/tera0:15/boss0:0 bi2:sp10508/hp241-241/st0/ab5025/form0/tera0:10/boss0:0 bi3:sp10643/hp236-236/st0/ab5631/form0/tera0:15/boss0:0]
[log] [coop:interaction] interactionCounter() read -> 120 (role=guest)
[log] [coop:replay] guest IGNORE duplicate consumed entry presentation wave=102
[log] [coop:replay] guest RECV enemyPartySync wave=102 count=4 -> buffered (no waiter)
[log] [coop:replay] guest RECV turnResolution e=1827802517509761 wave=102 turn=1 events=31 checksum=89018e1c4a2e5b88 -> buffered (no waiter)
[log] [coop:session] isCoopAuthoritativeGuestGated -> true (authoritative GUEST gates a structural mutation)
[log] [coop:replay] guest replay turn=1: live pump start mode=turn
[log] [coop:replay] guest replay turn=1: advance local watermark 0->14
[log] [coop:session] isCoopAuthoritativeGuestGated -> true (authoritative GUEST gates a structural mutation)
[log] [coop:transport] send guest t=requestTurnCommit e=1827802517509761 wave=102 turn=1 rev=pending
[log] [coop:transport] send guest t=requestTurnCommit e=1827802517509761 wave=102 turn=1 rev=953
[log] [coop:replay] guest awaitTurn turn=1 RESOLVE (buffered race) events=31
[log] [coop:transport] recv host t=requestTurnCommit e=1827802517509761 wave=102 turn=1 rev=pending handlers=1
[log] [coop:transport] send host t=turnResolution e=1827802517509761 wave=102 turn=1 rev=953 events=31 checksum=89018e1c4a2e5b88
[log] [coop:transport] recv host t=requestTurnCommit e=1827802517509761 wave=102 turn=1 rev=953 handlers=1
[log] [coop:transport] send host t=turnResolution e=1827802517509761 wave=102 turn=1 rev=953 events=31 checksum=89018e1c4a2e5b88
[log] [coop:transport] recv guest t=turnResolution e=1827802517509761 wave=102 turn=1 rev=953 events=31 checksum=89018e1c4a2e5b88 handlers=1
[log] [coop:transport] recv guest t=turnResolution e=1827802517509761 wave=102 turn=1 rev=953 events=31 checksum=89018e1c4a2e5b88 handlers=1
[log] [coop:replay] guest consume live events turn=1 count=0
[log] [coop:replay] guest replay turn=1: RESOLVE renderedLive=14 remaining=17 batch=31
[log] [coop:replay] guest replay turn=1: rendering 17 event(s)
[log] [coop:replay] guest replay turn=1: present k=message
[log] [coop:replay] guest replay turn=1: present k=message
[log] [coop:replay] guest replay turn=1: present k=message
[log] [coop:replay] guest replay turn=1: present k=message
[log] [coop:replay] guest replay turn=1: present k=message
[log] [coop:replay] guest replay turn=1: present k=message
[log] [coop:replay] guest replay turn=1: present k=moveUsed
[log] [coop:session] isCoopAuthoritativeGuestGated -> true (authoritative GUEST gates a structural mutation)
[log] [coop:replay] guest replay turn=1: present k=hp
[log] [coop:session] isCoopAuthoritativeGuestGated -> true (authoritative GUEST gates a structural mutation)
[log] [coop:replay] guest replay turn=1: present k=faint
[log] [coop:session] isCoopAuthoritativeGuestGated -> true (authoritative GUEST gates a structural mutation)
[log] [coop:replay] guest replay turn=1: present k=hp
[log] [coop:session] isCoopAuthoritativeGuestGated -> true (authoritative GUEST gates a structural mutation)
[log] [coop:replay] guest replay turn=1: present k=message
[log] [coop:replay] guest replay turn=1: present k=moveUsed
[log] [coop:session] isCoopAuthoritativeGuestGated -> true (authoritative GUEST gates a structural mutation)
[log] [coop:replay] guest replay turn=1: present k=hp
[log] [coop:session] isCoopAuthoritativeGuestGated -> true (authoritative GUEST gates a structural mutation)
[log] [coop:replay] guest replay turn=1: present k=faint
[log] [coop:session] isCoopAuthoritativeGuestGated -> true (authoritative GUEST gates a structural mutation)
[log] [coop:replay] guest replay turn=1: present k=message
[log] [coop:replay] guest replay turn=1: present k=hp
[log] [coop:session] isCoopAuthoritativeGuestGated -> true (authoritative GUEST gates a structural mutation)
[log] [coop:replay] guest replay turn=1: present k=message
[log] [coop:replay] guest replay turn=1: rendered phases [message=9 moveUsed=2 hp=4 faint=2]
[log] [coop:replay] guest replay turn=1: unshift CoopFinalizeTurnPhase (checkpoint apply deferred)
[log] [coop:session] isCoopAuthoritativeGuestGated -> true (authoritative GUEST gates a structural mutation)
[log] [coop:stream] guest IGNORE idempotent turn duplicate e=1827802517509761 wave=102 turn=1 rev=953
[log] [coop:stream] guest IGNORE idempotent turn duplicate e=1827802517509761 wave=102 turn=1 rev=953
[log] [coop:replay] present move bi=0 moveId=85 targets=1
[log] [coop:replay] present hp bi=2 241->0/241
[log] [coop:replay] present faint bi=2 narrate=true
[log] [coop:replay] present hp bi=0 2065->1986/2065
[log] [coop:replay] present move bi=1 moveId=247 targets=1
[log] [coop:replay] present hp bi=3 236->0/236
[log] [coop:replay] present faint bi=3 narrate=true
[log] [coop:replay] present hp bi=0 1986->2065/2065
[log] [coop:checkpoint] guest apply field=4 weather=1 terrain=0 arenaTags=0
[log] [coop:session] isCoopAuthoritativeGuestGated -> true (authoritative GUEST gates a structural mutation)
[log] [coop:adopt] erMoneyStreaks host entries=0 -> restored (#837/#348)
[log] [coop:adopt] biomeOverstayAnchor host=null -> restored (#837/#504)
[log] [coop:adopt] erBiomeStructure host length=25 startWave=101 -> restored (#841 item 5)
[log] [coop:adopt] erRelicBattleState host wave=102 -> restored (#837)
[log] [coop:adopt] erMapState host nodes=2 travelTarget=- fragments=0 -> restored (#865/#841 item 1)
[log] [coop:adopt] erPendingNodes host count=5 revealed=2 -> restored (#865)
[log] [coop:resync] guest apply authoritativeState tick=953 wave=102 turn=1 party=6/4 field=4
[log] [coop:resync] presentation settle boundary=resync-stable side=player desired=visible ids=[1582731684,1930538543] changed=0 phase=CoopFinalizeTurnPhase
[log] [coop:resync] presentation settle boundary=wave-start-pre-intro side=enemy desired=visible ids=[] changed=0 phase=CoopFinalizeTurnPhase
[warn] [coop:heal] heldItems monId=1582731684 bi=0 removed=[LEFTOVERS] added=[LEFTOVERS] -> applied
[warn] [coop:heal] heldItems bi=0 host=[LEFTOVERS] -> applied (rewrote to host set)
[log] [coop:interaction] interactionCounter() read -> 120 (role=guest)
[log] [coop:checksum] capture digest=89018e1c4a2e5b88 field=4 biome=18 seed=coop-soak-20260725 weather=1 terrain=0 money=22990 party=[890,384,493,150,382,888] partyLevels=[500,500,500,500,500,500] arenaTags=0 modifiers=8 heldItemsDigest=1 pokeballs=[0:99,1:10,2:10,3:0,4:0] mons=[bi0:sp890/hp2065-2065/st0/ab5258/form0/tera0:3/boss0:0 bi1:sp384/hp1715-1715/st0/ab5144/form0/tera0:15/boss0:0 bi2:sp10508/hp0-241/st7/ab5025/form0/tera0:10/boss0:0 bi3:sp10643/hp0-236/st7/ab5631/form0/tera0:15/boss0:0]
[log] [coop:transport] send guest t=turnCommitAck e=1827802517509761 wave=102 turn=1 rev=953 stage=materialApplied checksum=89018e1c4a2e5b88
[log] [coop:stream] guest ACK turn stage=materialApplied e=1827802517509761 wave=102 turn=1 rev=953
[log] [coop:checksum] guest finalize materialApplied e=1827802517509761 wave=102 turn=1 rev=953
[log] [coop:transport] recv host t=turnCommitAck e=1827802517509761 wave=102 turn=1 rev=953 stage=materialApplied checksum=89018e1c4a2e5b88 handlers=1
[log] [coop:stream] host ACCEPT turn ACK stage=materialApplied key=1827802517509761:102:1:953
[log] [coop:transport] send guest t=turnCommitAck e=1827802517509761 wave=102 turn=1 rev=953 stage=presentationReady checksum=89018e1c4a2e5b88
[log] [coop:stream] guest ACK turn stage=presentationReady e=1827802517509761 wave=102 turn=1 rev=953
[log] [coop:checksum] guest finalize presentationReady e=1827802517509761 wave=102 turn=1 rev=953
[log] [coop:replay] guest finalize turn=1: END (checkpoint applied, turn-end queued)
[log] [coop:transport] recv host t=turnCommitAck e=1827802517509761 wave=102 turn=1 rev=953 stage=presentationReady checksum=89018e1c4a2e5b88 handlers=1
[log] [coop:stream] host ACCEPT turn ACK stage=presentationReady key=1827802517509761:102:1:953
[log] [coop:rendezvous] ARRIVE point=cmd:102:2 (send) role=guest
[log] [coop:transport] send guest t=rendezvous point=cmd:102:2
[log] [coop:rendezvous] RECV arrival point=cmd:102:2 -> BUFFER (no waiter yet) role=guest
[log] [coop:session] isCoopAuthoritativeGuestGated -> true (authoritative GUEST gates a structural mutation)
[log] [coop:session] isCoopAuthoritativeGuestGated -> true (authoritative GUEST gates a structural mutation)
[log] [coop:session] isCoopAuthoritativeGuestGated -> true (authoritative GUEST gates a structural mutation)
[log] [coop:session] isCoopAuthoritativeGuestGated -> true (authoritative GUEST gates a structural mutation)
[log] [coop:session] isCoopAuthoritativeGuestGated -> true (authoritative GUEST gates a structural mutation)
[log] [coop:battle] CommandPhase slot=0 turn=2 owner=host role=guest -> partner path
[log] [coop:rendezvous] next-command barrier cmd:102:2 SYNC pass (partner already arrived)
[log] [coop:transport] send guest t=turnCommitAck e=1827802517509761 wave=102 turn=1 rev=953 stage=continuationReady checksum=89018e1c4a2e5b88
[log] [coop:stream] guest ACK turn stage=continuationReady e=1827802517509761 wave=102 turn=1 rev=953
[log] [coop:stream] guest continuation surface=command e=1827802517509761 wave=102 turn=2 waiting=1 released=1
[log] [coop:transport] recv host t=turnCommitAck e=1827802517509761 wave=102 turn=1 rev=953 stage=continuationReady checksum=89018e1c4a2e5b88 handlers=1
[log] [coop:replay] guest RECV turnResolution e=1827802517509761 wave=102 turn=2 events=16 checksum=771c477dcbfe12ff -> buffered (no waiter)
[log] [coop:replay] guest RECV waveResolved wave=102 outcome=win transition=WAVE_VICTORY/next103/biome0/egg1/trainer
[log] [coop:runtime] recv waveResolved wave=102 outcome=win role=guest netcode=authoritative
[log] [coop:runtime] ignore raw waveResolved for correctness wave=102 outcome=win; awaiting retained transaction
[log] [coop:session] isCoopAuthoritativeGuestGated -> true (authoritative GUEST gates a structural mutation)
[log] [coop:replay] guest replay turn=2: live pump start mode=turn
[log] [coop:transport] send guest t=requestTurnCommit e=1827802517509761 wave=102 turn=2 rev=pending
[log] [coop:transport] send guest t=requestTurnCommit e=1827802517509761 wave=102 turn=2 rev=955
[log] [coop:replay] guest awaitTurn turn=2 RESOLVE (buffered race) events=16
[log] [coop:transport] recv host t=requestTurnCommit e=1827802517509761 wave=102 turn=2 rev=pending handlers=1
[log] [coop:transport] send host t=turnResolution e=1827802517509761 wave=102 turn=2 rev=955 events=16 checksum=771c477dcbfe12ff
[log] [coop:transport] recv host t=requestTurnCommit e=1827802517509761 wave=102 turn=2 rev=955 handlers=1
[log] [coop:transport] send host t=turnResolution e=1827802517509761 wave=102 turn=2 rev=955 events=16 checksum=771c477dcbfe12ff
[log] [coop:transport] recv guest t=turnResolution e=1827802517509761 wave=102 turn=2 rev=955 events=16 checksum=771c477dcbfe12ff handlers=1
[log] [coop:transport] recv guest t=turnResolution e=1827802517509761 wave=102 turn=2 rev=955 events=16 checksum=771c477dcbfe12ff handlers=1
[log] [coop:replay] guest consume live events turn=2 count=0
[log] [coop:replay] guest replay turn=2: RESOLVE renderedLive=0 remaining=16 batch=16
[log] [coop:replay] guest replay turn=2: rendering 16 event(s)
[log] [coop:replay] guest replay turn=2: present k=switch
[log] [coop:session] isCoopAuthoritativeGuestGated -> true (authoritative GUEST gates a structural mutation)
[log] [coop:replay] guest replay turn=2: present k=weather
[log] [coop:replay] guest replay turn=2: present k=message
[log] [coop:replay] guest replay turn=2: present k=showAbility
[log] [coop:session] isCoopAuthoritativeGuestGated -> true (authoritative GUEST gates a structural mutation)
[log] [coop:replay] guest replay turn=2: present k=switch
[log] [coop:session] isCoopAuthoritativeGuestGated -> true (authoritative GUEST gates a structural mutation)
[log] [coop:replay] guest replay turn=2: present k=moveUsed
[log] [coop:session] isCoopAuthoritativeGuestGated -> true (authoritative GUEST gates a structural mutation)
[log] [coop:replay] guest replay turn=2: present k=hp
[log] [coop:session] isCoopAuthoritativeGuestGated -> true (authoritative GUEST gates a structural mutation)
[log] [coop:replay] guest replay turn=2: present k=faint
[log] [coop:session] isCoopAuthoritativeGuestGated -> true (authoritative GUEST gates a structural mutation)
[log] [coop:replay] guest replay turn=2: present k=message
[log] [coop:replay] guest replay turn=2: present k=hp
[log] [coop:session] isCoopAuthoritativeGuestGated -> true (authoritative GUEST gates a structural mutation)
[log] [coop:replay] guest replay turn=2: present k=message
[log] [coop:replay] guest replay turn=2: present k=moveUsed
[log] [coop:session] isCoopAuthoritativeGuestGated -> true (authoritative GUEST gates a structural mutation)
[log] [coop:replay] guest replay turn=2: present k=hp
[log] [coop:session] isCoopAuthoritativeGuestGated -> true (authoritative GUEST gates a structural mutation)
[log] [coop:replay] guest replay turn=2: present k=faint
[log] [coop:session] isCoopAuthoritativeGuestGated -> true (authoritative GUEST gates a structural mutation)
[log] [coop:replay] guest replay turn=2: present k=hp
[log] [coop:session] isCoopAuthoritativeGuestGated -> true (authoritative GUEST gates a structural mutation)
[log] [coop:replay] guest replay turn=2: present k=message
[log] [coop:replay] guest replay turn=2: rendered phases [switch=2 weather=1 message=4 showAbility=1 moveUsed=2 hp=4 faint=2]
[log] [coop:replay] guest replay turn=2: unshift CoopFinalizeTurnPhase (checkpoint apply deferred)
[log] [coop:session] isCoopAuthoritativeGuestGated -> true (authoritative GUEST gates a structural mutation)
[log] [coop:stream] guest IGNORE idempotent turn duplicate e=1827802517509761 wave=102 turn=2 rev=955
[log] [coop:stream] guest IGNORE idempotent turn duplicate e=1827802517509761 wave=102 turn=2 rev=955
[log] [coop:session] isCoopAuthoritativeGuestGated -> true (authoritative GUEST gates a structural mutation)
[log] [coop:session] isCoopAuthoritativeGuestGated -> true (authoritative GUEST gates a structural mutation)
[log] [coop:replay] present move bi=0 moveId=247 targets=1
[log] [coop:replay] present hp bi=2 0->0/219
[log] [coop:replay] present faint bi=2 narrate=true
[log] [coop:replay] present hp bi=0 2065->1993/2065
[log] [coop:replay] present move bi=1 moveId=247 targets=1
[log] [coop:replay] present hp bi=3 0->0/212
[log] [coop:replay] present faint bi=3 narrate=true
[log] [coop:replay] present hp bi=0 1993->2065/2065
[log] [coop:checkpoint] guest apply field=4 weather=0 terrain=0 arenaTags=0
[warn] [coop:checkpoint] weather host=0 guest=1 -> applied
[log] [coop:session] isCoopAuthoritativeGuestGated -> true (authoritative GUEST gates a structural mutation)
[log] [coop:adopt] erMoneyStreaks host entries=0 -> restored (#837/#348)
[log] [coop:adopt] biomeOverstayAnchor host=null -> restored (#837/#504)
[log] [coop:adopt] erBiomeStructure host length=25 startWave=101 -> restored (#841 item 5)
[log] [coop:adopt] erRelicBattleState host wave=102 -> restored (#837)
[log] [coop:adopt] erMapState host nodes=2 travelTarget=- fragments=0 -> restored (#865/#841 item 1)
[log] [coop:adopt] erPendingNodes host count=5 revealed=2 -> restored (#865)
[log] [coop:resync] guest apply authoritativeState tick=955 wave=102 turn=2 party=6/4 field=4
[log] [coop:resync] presentation settle boundary=resync-stable side=player desired=visible ids=[1582731684,1930538543] changed=0 phase=CoopFinalizeTurnPhase
[log] [coop:resync] presentation settle boundary=wave-start-pre-intro side=enemy desired=visible ids=[] changed=0 phase=CoopFinalizeTurnPhase
[warn] [coop:heal] heldItems monId=1582731684 bi=0 removed=[LEFTOVERS] added=[LEFTOVERS] -> applied
[warn] [coop:heal] heldItems bi=0 host=[LEFTOVERS] -> applied (rewrote to host set)
[log] [coop:interaction] interactionCounter() read -> 120 (role=guest)
[log] [coop:checksum] capture digest=771c477dcbfe12ff field=4 biome=18 seed=coop-soak-20260725 weather=0 terrain=0 money=22990 party=[890,384,493,150,382,888] partyLevels=[500,500,500,500,500,500] arenaTags=0 modifiers=8 heldItemsDigest=1 pokeballs=[0:99,1:10,2:10,3:0,4:0] mons=[bi0:sp890/hp2065-2065/st0/ab5258/form0/tera0:3/boss0:0 bi1:sp384/hp1715-1715/st0/ab5144/form0/tera0:15/boss0:0 bi2:sp10627/hp0-219/st7/ab5066/form0/tera0:15/boss0:0 bi3:sp10125/hp0-212/st7/ab13/form0/tera0:15/boss0:0]
[log] [coop:transport] send guest t=turnCommitAck e=1827802517509761 wave=102 turn=2 rev=955 stage=materialApplied checksum=771c477dcbfe12ff
[log] [coop:stream] guest ACK turn stage=materialApplied e=1827802517509761 wave=102 turn=2 rev=955
[log] [coop:checksum] guest finalize materialApplied e=1827802517509761 wave=102 turn=2 rev=955
[log] [coop:transport] recv host t=turnCommitAck e=1827802517509761 wave=102 turn=2 rev=955 stage=materialApplied checksum=771c477dcbfe12ff handlers=1
[log] [coop:stream] host ACCEPT turn ACK stage=materialApplied key=1827802517509761:102:2:955
[log] [coop:transport] send guest t=turnCommitAck e=1827802517509761 wave=102 turn=2 rev=955 stage=presentationReady checksum=771c477dcbfe12ff
[log] [coop:stream] guest ACK turn stage=presentationReady e=1827802517509761 wave=102 turn=2 rev=955
[log] [coop:checksum] guest finalize presentationReady e=1827802517509761 wave=102 turn=2 rev=955
[log] [coop:replay] guest finalize turn=2: END (checkpoint applied, turn-end queued)
[log] [coop:transport] recv host t=turnCommitAck e=1827802517509761 wave=102 turn=2 rev=955 stage=presentationReady checksum=771c477dcbfe12ff handlers=1
[log] [coop:stream] host ACCEPT turn ACK stage=presentationReady key=1827802517509761:102:2:955
[log] [coop:stream] guest admitted WAVE_ADVANCE continuation e=1827802517509761 wave=102
[log] [coop:runtime] wave-advance JOURNAL bootstrap wave=102 outcome=win (ACK withheld)
[log] [coop:runtime] wave-advance JOURNAL queued safe-boundary wake wave=102 unparkedReplay=0
[log] [coop:runtime] wave-advance op JOURNAL cursor-advanced id=1827802517509761:0:WAVE_ADVANCE:102 rev=241 dataApplied=false continuationReady=false (DATA applies at BattleEnd; retained ACK awaits DATA + destination continuation)
[log] [coop:transport] send guest t=coopAck cls=op:global seq=241
[log] [coop:replay] guest RECV waveEndState wave=102 tick=956
[log] [coop:runtime] ignore raw waveEndState for correctness wave=102 tick=956
[log] [coop:relay] RECV rewardOptions key=120:0 -> BUFFER rewardOptionsInbox (latest-wins) count=5
[log] [coop:rendezvous] RECV arrival point=shop:102:120 -> BUFFER (no waiter yet) role=guest
[log] [coop:transport] recv host t=coopAck cls=op:global seq=241 handlers=1
[log] [coop:runtime] consume wave-advance wave=102 outcome=win transition=WAVE_VICTORY/next103/biome0/egg1/trainer (lastResolved 101 -> 102)
[log] [coop:replay] guest wave-advance outcome=win wave=102 next=WAVE_VICTORY/wave103 biomeChange=false eggLapse=true victoryKind=trainer battleType=TRAINER queues=VictoryPhase (host-stated)
[log] [coop:session] isCoopAuthoritativeGuestGated -> true (authoritative GUEST gates a structural mutation)
[log] [coop:progression] GUEST applyPartyExp SKIP wave=102 koMon=Gyarados Mega Y (awaiting host waveEndState)
[log] [coop-diag] VictoryPhase win-branch role=guest battleType=TRAINER queuesTrainerVictory=true queuesSelectModifier=true wave=102
[log] [coop:session] isCoopAuthoritativeGuestGated -> true (authoritative GUEST gates a structural mutation)
[log] [coop:session] isCoopAuthoritativeGuestGated -> true (authoritative GUEST gates a structural mutation)
[log] [coop:session] isCoopAuthoritativeGuestGated -> true (authoritative GUEST gates a structural mutation)
[log] [coop-diag] VictoryTail role=guest wave=102 source=host-stated trainer=true egg=true biomeShop=false biomeChange=false crossroads=false nextWave=103
[log] [coop:session] isCoopAuthoritativeGuestGated -> true (authoritative GUEST gates a structural mutation)
[log] [coop:session] isCoopAuthoritativeGuestGated -> true (authoritative GUEST gates a structural mutation)
[log] [coop:session] isCoopAuthoritativeGuestGated -> true (authoritative GUEST gates a structural mutation)
[log] [coop:adopt] erMoneyStreaks host entries=0 -> restored (#837/#348)
[log] [coop:adopt] biomeOverstayAnchor host=null -> restored (#837/#504)
[log] [coop:adopt] erBiomeStructure host length=25 startWave=101 -> restored (#841 item 5)
[log] [coop:adopt] erRelicBattleState host wave=102 -> restored (#837)
[log] [coop:adopt] erMapState host nodes=2 travelTarget=- fragments=0 -> restored (#865/#841 item 1)
[log] [coop:adopt] erPendingNodes host count=5 revealed=2 -> restored (#865)
[log] [coop:resync] guest apply authoritativeState tick=956 wave=102 turn=3 party=6/4 field=4
[log] [coop:resync] presentation settle boundary=resync-stable side=player desired=visible ids=[1582731684,1930538543] changed=0 phase=BattleEndPhase
[log] [coop:resync] presentation settle boundary=wave-start-pre-intro side=enemy desired=visible ids=[] changed=0 phase=BattleEndPhase
[log] [coop:runtime] wave-advance retained DATA boundary admitted wave=102
[log] [coop:progression] retained WAVE_ADVANCE DATA applied wave=102 tick=956
[log] [coop:progression] GUEST retained WAVE_ADVANCE BattleEnd release wave=102
[log] [coop:session] isCoopAuthoritativeGuestGated -> true (authoritative GUEST gates a structural mutation)
[warn] [coop:gate] ALLOWLIST BLOCK phase=MoneyRewardPhase (not a guest presentation/input-intent phase; neutralized to CoopInertPhase)
[log] [coop:session] isCoopAuthoritativeGuestGated -> true (authoritative GUEST gates a structural mutation)
[log] [coop:progression] coopVictoryDialogue DECISION isCoop=true -> SKIP (constant 0 awaits, lockstep-safe)
[log] [coop:transport] recv guest t=envelope t=envelope handlers=1
[log] [coop:transport] send guest t=coopAck cls=op:global seq=241
[log] [coop:transport] recv host t=coopAck cls=op:global seq=241 handlers=1
[log] [coop:progression] GUEST automatic victory settlement admitted wave=102 turn=3
[log] [coop:interaction] interactionCounter() read -> 120 (role=guest)
[log] [coop:checksum] capture digest=e9cd71684ebfb4b4 field=4 biome=18 seed=coop-soak-20260725 weather=0 terrain=0 money=25800 party=[890,384,493,150,382,888] partyLevels=[500,500,500,500,500,500] arenaTags=0 modifiers=8 heldItemsDigest=1 pokeballs=[0:99,1:10,2:10,3:0,4:0] mons=[bi0:sp890/hp2065-2065/st0/ab5258/form0/tera0:3/boss0:0 bi1:sp384/hp1715-1715/st0/ab5144/form0/tera0:15/boss0:0 bi2:sp10627/hp0-219/st7/ab5066/form0/tera0:15/boss0:0 bi3:sp10125/hp0-212/st7/ab13/form0/tera0:15/boss0:0]
[log] [coop:interaction] interactionCounter() read -> 120 (role=guest)
[log] [coop:owner] ownerOf(counter=120) seat=0 -> owner=host
[log] [coop:owner] isLocalOwnerAtCounter(pinnedCounter=120) parity=0 owner=host role=guest -> false
[log] [coop:interaction] interactionCounter() read -> 120 (role=guest)
[log] [coop:reward] owner/watcher decision: pinnedStart=120 liveCounter=120 parity=0 role=guest pick=WATCHER option=ADOPT spoof=false
[log] [coop:rendezvous] ARRIVE point=shop:102:120 (send) role=guest
[log] [coop:transport] send guest t=rendezvous point=shop:102:120
[log] [coop:reward] WATCHER waits for partner's reward picks (start=120 role=guest wave=102)
[log] [coop:reward] WATCHER awaiting owner reward options (start=120 reroll=0 localCount=0)
[log] [coop:relay] AWAIT rewardOptions key=120:0 timeoutMs=1200000 -> BUFFER-HIT resolve count=5
[log] [coop:transport] recv host t=rendezvous point=shop:102:120 handlers=1
[log] [coop:shop] reconstructRewardOptions OK count=5 ids=[BERRY,TM_CASE,NUGGET,BERRY,PP_UP]
[log] [coop:reward] WATCHER ADOPTED owner reward options (was=0 now=5 ids=[BERRY,TM_CASE,NUGGET,BERRY,PP_UP])
[log] [coop:transport] send guest t=turnCommitAck e=1827802517509761 wave=102 turn=2 rev=955 stage=continuationReady checksum=771c477dcbfe12ff
[log] [coop:stream] guest ACK turn stage=continuationReady e=1827802517509761 wave=102 turn=2 rev=955
[log] [coop:stream] guest continuation surface=sharedInput e=1827802517509761 wave=102 turn=3 waiting=1 released=1
[log] [coop:transport] recv host t=turnCommitAck e=1827802517509761 wave=102 turn=2 rev=955 stage=continuationReady checksum=771c477dcbfe12ff handlers=1
[log] [coop:progression] retained WAVE_ADVANCE continuationReady wave=102
[log] [coop:transport] send guest t=coopAck cls=op:global seq=241
[log] [coop:transport] send guest t=coopAck cls=op:global seq=241
[log] [coop:transport] send guest t=coopAck cls=op:global seq=241
[log] [coop:interaction] mirror begin role=watcher mirrorSeq=7680 interactionStart=120 reroll=0
[log] [coop:interaction] uiMirror beginSession role=watcher mode=6 seq=7680 early=0
[log] [coop:transport] recv host t=coopAck cls=op:global seq=241 handlers=1
[log] [coop:transport] recv host t=coopAck cls=op:global seq=241 handlers=1
[log] [coop:transport] recv host t=coopAck cls=op:global seq=241 handlers=1
[log] [coop:relay] AWAIT interactionChoice seq=120 timeoutMs=1200000 expected=[reward,shop,skip,reroll,check,transfer,lock] -> network-wait
[log] [coop:rendezvous] RECV arrival point=shop:102:120 -> DUPLICATE (already seen) role=guest
[log] [coop:relay] DELIVER interactionChoice seq=120 -> waiter kind=reward choice=2 data=[0]
[log] [coop:relay] AWAIT interactionChoice seq=120 RESOLVE kind=reward choice=2 data=[0]
[log] [coop:adopt] erMoneyStreaks host entries=0 -> restored (#837/#348)
[log] [coop:adopt] biomeOverstayAnchor host=null -> restored (#837/#504)
[log] [coop:adopt] erBiomeStructure host length=25 startWave=101 -> restored (#841 item 5)
[log] [coop:adopt] erRelicBattleState host wave=102 -> restored (#837)
[log] [coop:adopt] erMapState host nodes=2 travelTarget=- fragments=0 -> restored (#865/#841 item 1)
[log] [coop:adopt] erPendingNodes host count=5 revealed=2 -> restored (#865)
[log] [coop:resync] guest apply authoritativeState tick=957 wave=102 turn=3 party=6/4 field=4
[log] [coop:resync] presentation settle boundary=resync-stable side=player desired=visible ids=[1582731684,1930538543] changed=0 phase=SelectModifierPhase
[log] [coop:resync] presentation settle boundary=wave-start-pre-intro side=enemy desired=visible ids=[] changed=0 phase=SelectModifierPhase
[log] [coop:relay] DELIVER interactionChoice seq=120 -> BUFFER inbox depth=1 kind=reward choice=2 data=[0]
[log] [coop:reward] shop authoritative RESULT applied-before-render kind=REWARD id=1827802517509761:0:REWARD:12000000 rev=242 tick=957
[log] [coop:transport] send guest t=coopAck cls=op:global seq=242
[log] [coop:interaction] RECV interaction broadcast (deferred catch-up net) received=121 localBefore=120 role=guest -> WILL DEFER to 121 (folds in at next advance if still ahead)
[warn] [coop:interaction] CoopInteractionTurn.mergeRemote DEFER (remote=121, counter=120, pendingRemote=121) live counter UNCHANGED (folds in at next advance if still ahead)
[log] [coop:owner] ownerOf(counter=120) seat=0 -> owner=host
[log] [coop:owner] ownerOf(counter=120) seat=0 -> owner=host
[warn] [coop:reward] WATCHER op-gate rejected relayed action (await-journal) seq=120 choice=2 - keep awaiting terminal (Wave-2d)
[log] [coop:transport] recv host t=coopAck cls=op:global seq=242 handlers=1
[log] [coop:relay] AWAIT interactionChoice seq=120 timeoutMs=1200000 -> BUFFER-HIT resolve kind=reward choice=2 data=[0]
[log] [coop:reward] reward op WATCHER materialize retained choice=2 terminal=true id=1827802517509761:0:REWARD:12000000
[log] [coop:reward] WATCHER applying relayed action seq=120 act=REWARD choice=2 data=[0]
[log] [coop:v2-interaction] terminal proof recorded op=1827802517509761:0:REWARD:12000000 role=guest seat=1 duplicate=0 ambient=1
[log] [coop:v2-interaction] phase terminal proof op=1827802517509761:0:REWARD:12000000 route=constructor-fallback accepted=1
[log] [coop:interaction] interactionCounter() read -> 120 (role=guest)
[log] [coop:interaction] CoopInteractionTurn.advance INCREMENT (fromCounter=120) counter 120 -> 121
[log] [coop:interaction] advanceInteraction ADVANCED+BROADCAST (fromCounter=120) counter 120 -> 121 role=guest; send interaction screen=__turn__ choice=121
[log] [coop:interaction] SEND counter snapshot reason=advance choice=121 role=guest
[log] [coop:transport] send guest t=interaction screen=__turn__
[log] [coop:owner] ownerOf(counter=121) seat=1 -> owner=guest
[log] [coop:owner] ownerOf(counter=121) seat=1 -> owner=guest
[log] [coop:interaction] interactionCounter() read -> 121 (role=guest)
[log] [coop:reward] advance interaction (role=guest from=120 counter 120 -> 121)
[log] [coop:session] isCoopAuthoritativeGuestGated -> true (authoritative GUEST gates a structural mutation)
[log] [coop:transport] recv host t=interaction screen=__turn__ handlers=1
[log] [coop:interaction] interactionCounter() read -> 121 (role=guest)
[log] [coop:interaction] interactionCounter() read -> 121 (role=guest)
[log] [coop:replay] guest RECV enemyPartySync wave=103 count=2 -> buffered (no waiter)
[log] [coop:replay] guest RECV entry presentation wave=103 stateTick=959 events=0 buffered
[log] [coop:replay] guest RECV enemyPartySync wave=103 count=2 -> buffered (no waiter)
[log] [coop:rendezvous] RECV arrival point=cmd:103:1 -> BUFFER (no waiter yet) role=guest
[log] [coop:battletype] wave=103 HOST verdict: WILD - adopting (#867)
[log] [coop:me] wave=103 HOST verdict: NO ME - local presence roll suppressed (#862)
[log] [coop:session] isCoopAuthoritativeGuestGated -> true (authoritative GUEST gates a structural mutation)
[log] [coop:interaction] interactionCounter() read -> 121 (role=guest)
[log] [coop:stream] guest consumeEnemyParty wave=103 -> 2 enemies
[log] [coop:enemy] buildCoopEnemy ADOPT trainerSlot=0 species=323 form=0 lv=72 abilityIdx=0 nature=0 gender=0 shiny=false tera=0:4 hp=233/233 moves=4 heldItems=0
[log] [coop:enemy] buildCoopEnemy ADOPT trainerSlot=0 species=261 form=0 lv=79 abilityIdx=0 nature=0 gender=0 shiny=false tera=0:16 hp=168/168 moves=4 heldItems=0
[log] [coop:adopt] erMoneyStreaks host entries=0 -> restored (#837/#348)
[log] [coop:adopt] biomeOverstayAnchor host=null -> restored (#837/#504)
[log] [coop:adopt] erBiomeStructure host length=25 startWave=101 -> restored (#841 item 5)
[log] [coop:adopt] erRelicBattleState host wave=103 -> restored (#837)
[log] [coop:adopt] erMapState host nodes=2 travelTarget=- fragments=0 -> restored (#865/#841 item 1)
[log] [coop:adopt] erPendingNodes host count=5 revealed=2 -> restored (#865)
[log] [coop:resync] guest apply authoritativeState tick=959 wave=103 turn=1 party=6/2 field=4
[log] [coop:resync] presentation settle boundary=resync-stable side=player desired=visible ids=[1582731684,1930538543] changed=0 phase=NextEncounterPhase
[log] [coop:resync] presentation settle boundary=resync-stable side=enemy desired=visible ids=[1731898828,1496505548] changed=2 phase=NextEncounterPhase
[log] [coop:resync] render differ: newly presented id=1731898828 key=pkmn__323 -> load atlas
[log] [coop:resync] render differ: newly presented id=1496505548 key=pkmn__261 -> load atlas
[log] [coop:resync] presentation settle boundary=launch-ready side=player desired=visible ids=[1582731684,1930538543] changed=0 phase=NextEncounterPhase
[log] [coop:session] isCoopAuthoritativeGuestGated -> true (authoritative GUEST gates a structural mutation)
[log] [coop:session] isCoopAuthoritativeGuestGated -> true (authoritative GUEST gates a structural mutation)
[log] [coop:session] isCoopAuthoritativeGuestGated -> true (authoritative GUEST gates a structural mutation)
[log] [coop:session] isCoopAuthoritativeGuestGated -> true (authoritative GUEST gates a structural mutation)
[log] [coop:session] isCoopAuthoritativeGuestGated -> true (authoritative GUEST gates a structural mutation)
[log] [coop:session] isCoopAuthoritativeGuestGated -> true (authoritative GUEST gates a structural mutation)
[log] [coop:replay] guest replay turn=1: awaiting retained entry presentation
[warn] [coop:resync] authoritativeState tick=959 STALE (lastApplied=959) -> REJECTED (#807)
[log] [coop:adopt] erMoneyStreaks host entries=0 -> restored (#837/#348)
[log] [coop:adopt] biomeOverstayAnchor host=null -> restored (#837/#504)
[log] [coop:adopt] erBiomeStructure host length=25 startWave=101 -> restored (#841 item 5)
[log] [coop:adopt] erRelicBattleState host wave=103 -> restored (#837)
[log] [coop:adopt] erMapState host nodes=2 travelTarget=- fragments=0 -> restored (#865/#841 item 1)
[log] [coop:adopt] erPendingNodes host count=5 revealed=2 -> restored (#865)
[log] [coop:resync] guest reassert authoritativeState tick=959 wave=103 turn=1 party=6/2 field=4
[log] [coop:resync] presentation settle boundary=resync-stable side=player desired=visible ids=[1582731684,1930538543] changed=0 phase=CoopReplayTurnPhase
[log] [coop:resync] presentation settle boundary=resync-stable side=enemy desired=visible ids=[1731898828,1496505548] changed=0 phase=CoopReplayTurnPhase
[log] [coop:replay] guest replay turn=1: rendering 0 event(s)
[log] [coop:replay] guest replay turn=1: rendered phases [none]
[log] [coop:replay] guest replay turn=1: retained entry presentation queued stateTick=959 events=0; awaiting exact outcome proof
[log] [coop:session] isCoopAuthoritativeGuestGated -> true (authoritative GUEST gates a structural mutation)
[log] [coop:replay] guest entry presentation PROVED wave=103 turn=1 events=0
[log] [coop:stream] guest consumeEnemyParty wave=103 -> null (buffered=none)
[log] [coop:battle] CommandPhase slot=0 turn=1 owner=host role=guest -> partner path
[log] [coop:stream] guest consumeEnemyParty wave=103 -> null (buffered=none)
[log] [coop:rendezvous] ARRIVE point=cmd:103:1 (send) role=guest
[log] [coop:transport] send guest t=rendezvous point=cmd:103:1
[log] [coop:rendezvous] next-command barrier cmd:103:1 SYNC pass (partner already arrived)
[log] [coop:stream] guest consumeEnemyParty wave=103 -> null (buffered=none)
[log] [coop:transport] send guest t=coopAck cls=op:global seq=242
[log] [coop:transport] send guest t=coopAck cls=op:global seq=242
[log] [coop:transport] recv host t=rendezvous point=cmd:103:1 handlers=1
[log] [coop:transport] recv host t=coopAck cls=op:global seq=242 handlers=1
[log] [coop:transport] recv host t=coopAck cls=op:global seq=242 handlers=1
[log] [coop:rendezvous] RECV arrival point=cmd:103:1 -> DUPLICATE (already seen) role=guest
[log] [coop:replay] guest IGNORE duplicate consumed entry presentation wave=103
[log] [coop:replay] guest RECV enemyPartySync wave=103 count=2 -> buffered (no waiter)
[log] [coop:interaction] interactionCounter() read -> 121 (role=guest)
[log] [coop:checksum] capture digest=0fd329d8553958af field=4 biome=18 seed=coop-soak-20260725 weather=0 terrain=0 money=27500 party=[890,384,493,150,382,888] partyLevels=[500,500,500,500,500,500] arenaTags=0 modifiers=8 heldItemsDigest=1 pokeballs=[0:99,1:10,2:10,3:0,4:0] mons=[bi0:sp890/hp2065-2065/st0/ab5258/form0/tera0:3/boss0:0 bi1:sp384/hp1715-1715/st0/ab5144/form0/tera0:15/boss0:0 bi2:sp323/hp233-233/st0/ab192/form0/tera0:4/boss0:0 bi3:sp261/hp168-168/st0/ab153/form0/tera0:16/boss0:0]
[log] [coop:interaction] interactionCounter() read -> 121 (role=guest)
[log] [coop:replay] guest IGNORE duplicate consumed entry presentation wave=103
[log] [coop:replay] guest RECV enemyPartySync wave=103 count=2 -> buffered (no waiter)
[log] [coop:replay] guest RECV turnResolution e=1827802517509761 wave=103 turn=1 events=11 checksum=d3d6c04b4464ac9c -> buffered (no waiter)
[log] [coop:replay] guest RECV waveResolved wave=103 outcome=win transition=WAVE_VICTORY/next104/biome0/egg1/wild
[log] [coop:runtime] recv waveResolved wave=103 outcome=win role=guest netcode=authoritative
[log] [coop:runtime] ignore raw waveResolved for correctness wave=103 outcome=win; awaiting retained transaction
[log] [coop:session] isCoopAuthoritativeGuestGated -> true (authoritative GUEST gates a structural mutation)
[log] [coop:replay] guest replay turn=1: live pump start mode=turn
[log] [coop:transport] send guest t=requestTurnCommit e=1827802517509761 wave=103 turn=1 rev=pending
[log] [coop:transport] send guest t=requestTurnCommit e=1827802517509761 wave=103 turn=1 rev=963
[log] [coop:replay] guest awaitTurn turn=1 RESOLVE (buffered race) events=11
[log] [coop:transport] recv host t=requestTurnCommit e=1827802517509761 wave=103 turn=1 rev=pending handlers=1
[log] [coop:transport] send host t=turnResolution e=1827802517509761 wave=103 turn=1 rev=963 events=11 checksum=d3d6c04b4464ac9c
[log] [coop:transport] recv host t=requestTurnCommit e=1827802517509761 wave=103 turn=1 rev=963 handlers=1
[log] [coop:transport] send host t=turnResolution e=1827802517509761 wave=103 turn=1 rev=963 events=11 checksum=d3d6c04b4464ac9c
[log] [coop:transport] recv guest t=turnResolution e=1827802517509761 wave=103 turn=1 rev=963 events=11 checksum=d3d6c04b4464ac9c handlers=1
[log] [coop:transport] recv guest t=turnResolution e=1827802517509761 wave=103 turn=1 rev=963 events=11 checksum=d3d6c04b4464ac9c handlers=1
[log] [coop:replay] guest consume live events turn=1 count=0
[log] [coop:replay] guest replay turn=1: RESOLVE renderedLive=0 remaining=11 batch=11
[log] [coop:replay] guest replay turn=1: rendering 11 event(s)
[log] [coop:replay] guest replay turn=1: present k=moveUsed
[log] [coop:session] isCoopAuthoritativeGuestGated -> true (authoritative GUEST gates a structural mutation)
[log] [coop:replay] guest replay turn=1: present k=hp
[log] [coop:session] isCoopAuthoritativeGuestGated -> true (authoritative GUEST gates a structural mutation)
[log] [coop:replay] guest replay turn=1: present k=faint
[log] [coop:session] isCoopAuthoritativeGuestGated -> true (authoritative GUEST gates a structural mutation)
[log] [coop:replay] guest replay turn=1: present k=message
[log] [coop:replay] guest replay turn=1: present k=hp
[log] [coop:session] isCoopAuthoritativeGuestGated -> true (authoritative GUEST gates a structural mutation)
[log] [coop:replay] guest replay turn=1: present k=message
[log] [coop:replay] guest replay turn=1: present k=moveUsed
[log] [coop:session] isCoopAuthoritativeGuestGated -> true (authoritative GUEST gates a structural mutation)
[log] [coop:replay] guest replay turn=1: present k=hp
[log] [coop:session] isCoopAuthoritativeGuestGated -> true (authoritative GUEST gates a structural mutation)
[log] [coop:replay] guest replay turn=1: present k=faint
[log] [coop:session] isCoopAuthoritativeGuestGated -> true (authoritative GUEST gates a structural mutation)
[log] [coop:replay] guest replay turn=1: present k=hp
[log] [coop:session] isCoopAuthoritativeGuestGated -> true (authoritative GUEST gates a structural mutation)
[log] [coop:replay] guest replay turn=1: present k=message
[log] [coop:replay] guest replay turn=1: rendered phases [moveUsed=2 hp=4 faint=2 message=3]
[log] [coop:replay] guest replay turn=1: unshift CoopFinalizeTurnPhase (checkpoint apply deferred)
[log] [coop:session] isCoopAuthoritativeGuestGated -> true (authoritative GUEST gates a structural mutation)
[log] [coop:stream] guest IGNORE idempotent turn duplicate e=1827802517509761 wave=103 turn=1 rev=963
[log] [coop:stream] guest IGNORE idempotent turn duplicate e=1827802517509761 wave=103 turn=1 rev=963
[log] [coop:replay] present move bi=0 moveId=53 targets=1
[log] [coop:replay] present hp bi=2 233->0/233
[log] [coop:replay] present faint bi=2 narrate=true
[log] [coop:replay] present hp bi=0 2065->1989/2065
[log] [coop:replay] present move bi=1 moveId=34 targets=1
[log] [coop:replay] present hp bi=3 168->0/168
[log] [coop:replay] present faint bi=3 narrate=true
[log] [coop:replay] present hp bi=0 1989->2065/2065
[log] [coop:checkpoint] guest apply field=4 weather=0 terrain=0 arenaTags=0
[log] [coop:session] isCoopAuthoritativeGuestGated -> true (authoritative GUEST gates a structural mutation)
[log] [coop:adopt] erMoneyStreaks host entries=0 -> restored (#837/#348)
[log] [coop:adopt] biomeOverstayAnchor host=null -> restored (#837/#504)
[log] [coop:adopt] erBiomeStructure host length=25 startWave=101 -> restored (#841 item 5)
[log] [coop:adopt] erRelicBattleState host wave=103 -> restored (#837)
[log] [coop:adopt] erMapState host nodes=2 travelTarget=- fragments=0 -> restored (#865/#841 item 1)
[log] [coop:adopt] erPendingNodes host count=5 revealed=2 -> restored (#865)
[log] [coop:resync] guest apply authoritativeState tick=963 wave=103 turn=1 party=6/2 field=4
[log] [coop:resync] presentation settle boundary=resync-stable side=player desired=visible ids=[1582731684,1930538543] changed=0 phase=CoopFinalizeTurnPhase
[log] [coop:resync] presentation settle boundary=wave-start-pre-intro side=enemy desired=visible ids=[] changed=0 phase=CoopFinalizeTurnPhase
[warn] [coop:heal] heldItems monId=1582731684 bi=0 removed=[LEFTOVERS] added=[LEFTOVERS] -> applied
[warn] [coop:heal] heldItems bi=0 host=[LEFTOVERS] -> applied (rewrote to host set)
[log] [coop:interaction] interactionCounter() read -> 121 (role=guest)
[log] [coop:checksum] capture digest=d3d6c04b4464ac9c field=4 biome=18 seed=coop-soak-20260725 weather=0 terrain=0 money=27500 party=[890,384,493,150,382,888] partyLevels=[500,500,500,500,500,500] arenaTags=0 modifiers=8 heldItemsDigest=1 pokeballs=[0:99,1:10,2:10,3:0,4:0] mons=[bi0:sp890/hp2065-2065/st0/ab5258/form0/tera0:3/boss0:0 bi1:sp384/hp1715-1715/st0/ab5144/form0/tera0:15/boss0:0 bi2:sp323/hp0-233/st7/ab192/form0/tera0:4/boss0:0 bi3:sp261/hp0-168/st7/ab153/form0/tera0:16/boss0:0]
[log] [coop:transport] send guest t=turnCommitAck e=1827802517509761 wave=103 turn=1 rev=963 stage=materialApplied checksum=d3d6c04b4464ac9c
[log] [coop:stream] guest ACK turn stage=materialApplied e=1827802517509761 wave=103 turn=1 rev=963
[log] [coop:checksum] guest finalize materialApplied e=1827802517509761 wave=103 turn=1 rev=963
[log] [coop:transport] recv host t=turnCommitAck e=1827802517509761 wave=103 turn=1 rev=963 stage=materialApplied checksum=d3d6c04b4464ac9c handlers=1
[log] [coop:stream] host ACCEPT turn ACK stage=materialApplied key=1827802517509761:103:1:963
[log] [coop:transport] send guest t=turnCommitAck e=1827802517509761 wave=103 turn=1 rev=963 stage=presentationReady checksum=d3d6c04b4464ac9c
[log] [coop:stream] guest ACK turn stage=presentationReady e=1827802517509761 wave=103 turn=1 rev=963
[log] [coop:checksum] guest finalize presentationReady e=1827802517509761 wave=103 turn=1 rev=963
[log] [coop:replay] guest finalize turn=1: END (checkpoint applied, turn-end queued)
[log] [coop:transport] recv host t=turnCommitAck e=1827802517509761 wave=103 turn=1 rev=963 stage=presentationReady checksum=d3d6c04b4464ac9c handlers=1
[log] [coop:stream] host ACCEPT turn ACK stage=presentationReady key=1827802517509761:103:1:963
[log] [coop:stream] guest admitted WAVE_ADVANCE continuation e=1827802517509761 wave=103
[log] [coop:runtime] wave-advance JOURNAL bootstrap wave=103 outcome=win (ACK withheld)
[log] [coop:runtime] wave-advance JOURNAL queued safe-boundary wake wave=103 unparkedReplay=0
[log] [coop:runtime] wave-advance op JOURNAL cursor-advanced id=1827802517509761:0:WAVE_ADVANCE:103 rev=243 dataApplied=false continuationReady=false (DATA applies at BattleEnd; retained ACK awaits DATA + destination continuation)
[log] [coop:transport] send guest t=coopAck cls=op:global seq=243
[log] [coop:replay] guest RECV waveEndState wave=103 tick=964
[log] [coop:runtime] ignore raw waveEndState for correctness wave=103 tick=964
[log] [coop:relay] RECV rewardOptions key=121:0 -> BUFFER rewardOptionsInbox (latest-wins) count=5
[log] [coop:rendezvous] RECV arrival point=shop:103:121 -> BUFFER (no waiter yet) role=guest
[log] [coop:transport] recv host t=coopAck cls=op:global seq=243 handlers=1
[log] [coop:session] isCoopAuthoritativeGuestGated -> true (authoritative GUEST gates a structural mutation)
[log] [coop:session] isCoopAuthoritativeGuestGated -> true (authoritative GUEST gates a structural mutation)
[log] [coop:session] isCoopAuthoritativeGuestGated -> true (authoritative GUEST gates a structural mutation)
[log] [coop:session] isCoopAuthoritativeGuestGated -> true (authoritative GUEST gates a structural mutation)
[log] [coop:session] isCoopAuthoritativeGuestGated -> true (authoritative GUEST gates a structural mutation)
[log] [coop:runtime] consume wave-advance wave=103 outcome=win transition=WAVE_VICTORY/next104/biome0/egg1/wild (lastResolved 102 -> 103)
[log] [coop:replay] guest wave-advance outcome=win wave=103 next=WAVE_VICTORY/wave104 biomeChange=false eggLapse=true victoryKind=wild battleType=WILD queues=VictoryPhase (host-stated)
[warn] [coop:replay] guest wave-advance wave=103: replacing speculative future queue [CommandPhase,CommandPhase,TurnStartPhase]
[log] [coop:session] isCoopAuthoritativeGuestGated -> true (authoritative GUEST gates a structural mutation)
[log] [coop:progression] GUEST applyPartyExp SKIP wave=103 koMon=Poochyena (awaiting host waveEndState)
[log] [coop-diag] VictoryPhase win-branch role=guest battleType=WILD queuesTrainerVictory=false queuesSelectModifier=true wave=103
[log] [coop:session] isCoopAuthoritativeGuestGated -> true (authoritative GUEST gates a structural mutation)
[log] [coop:session] isCoopAuthoritativeGuestGated -> true (authoritative GUEST gates a structural mutation)
[log] [coop-diag] VictoryTail role=guest wave=103 source=host-stated trainer=false egg=true biomeShop=false biomeChange=false crossroads=false nextWave=104
[log] [coop:session] isCoopAuthoritativeGuestGated -> true (authoritative GUEST gates a structural mutation)
[log] [coop:session] isCoopAuthoritativeGuestGated -> true (authoritative GUEST gates a structural mutation)
[log] [coop:session] isCoopAuthoritativeGuestGated -> true (authoritative GUEST gates a structural mutation)
[log] [coop:adopt] erMoneyStreaks host entries=0 -> restored (#837/#348)
[log] [coop:adopt] biomeOverstayAnchor host=null -> restored (#837/#504)
[log] [coop:adopt] erBiomeStructure host length=25 startWave=101 -> restored (#841 item 5)
[log] [coop:adopt] erRelicBattleState host wave=103 -> restored (#837)
[log] [coop:adopt] erMapState host nodes=2 travelTarget=- fragments=0 -> restored (#865/#841 item 1)
[log] [coop:adopt] erPendingNodes host count=5 revealed=2 -> restored (#865)
[log] [coop:resync] guest apply authoritativeState tick=964 wave=103 turn=2 party=6/2 field=4
[log] [coop:resync] presentation settle boundary=resync-stable side=player desired=visible ids=[1582731684,1930538543] changed=0 phase=BattleEndPhase
[log] [coop:resync] presentation settle boundary=wave-start-pre-intro side=enemy desired=visible ids=[] changed=0 phase=BattleEndPhase
[log] [coop:runtime] wave-advance retained DATA boundary admitted wave=103
[log] [coop:progression] retained WAVE_ADVANCE DATA applied wave=103 tick=964
[log] [coop:progression] GUEST retained WAVE_ADVANCE BattleEnd release wave=103
[log] [coop:transport] recv guest t=envelope t=envelope handlers=1
[log] [coop:transport] send guest t=coopAck cls=op:global seq=243
[log] [coop:transport] recv host t=coopAck cls=op:global seq=243 handlers=1
[log] [coop:progression] GUEST automatic victory settlement admitted wave=103 turn=2
[log] [coop:interaction] interactionCounter() read -> 121 (role=guest)
[log] [coop:checksum] capture digest=c0aa69ffa2fd5efb field=4 biome=18 seed=coop-soak-20260725 weather=0 terrain=0 money=27500 party=[890,384,493,150,382,888] partyLevels=[500,500,500,500,500,500] arenaTags=0 modifiers=8 heldItemsDigest=1 pokeballs=[0:99,1:10,2:10,3:0,4:0] mons=[bi0:sp890/hp2065-2065/st0/ab5258/form0/tera0:3/boss0:0 bi1:sp384/hp1715-1715/st0/ab5144/form0/tera0:15/boss0:0 bi2:sp323/hp0-233/st7/ab192/form0/tera0:4/boss0:0 bi3:sp261/hp0-168/st7/ab153/form0/tera0:16/boss0:0]
[log] [coop:interaction] interactionCounter() read -> 121 (role=guest)
[log] [coop:owner] ownerOf(counter=121) seat=1 -> owner=guest
[log] [coop:owner] isLocalOwnerAtCounter(pinnedCounter=121) parity=1 owner=guest role=guest -> true
[log] [coop:interaction] interactionCounter() read -> 121 (role=guest)
[log] [coop:reward] owner/watcher decision: pinnedStart=121 liveCounter=121 parity=1 role=guest pick=OWNER option=ADOPT spoof=false
[log] [coop:rendezvous] ARRIVE point=shop:103:121 (send) role=guest
[log] [coop:transport] send guest t=rendezvous point=shop:103:121
[log] [coop:reward] OWNER drives reward screen (start=121 role=guest spoof=false adoptsOptions=true wave=103)
[log] [coop:rendezvous] shop-pick-commit barrier AWAIT shop:103:121
[log] [coop:rendezvous] AWAIT point=shop:103:121 -> partner already arrived (buffer-hit) role=guest
[log] [coop:transport] recv host t=rendezvous point=shop:103:121 handlers=1
[log] [coop:reward] WATCHER awaiting owner reward options (start=121 reroll=0 localCount=0)
[log] [coop:relay] AWAIT rewardOptions key=121:0 timeoutMs=1200000 -> BUFFER-HIT resolve count=5
[log] [coop:shop] reconstructRewardOptions OK count=5 ids=[RARE_CANDY,BERRY,TM_CASE,PP_UP,TEMP_STAT_STAGE_BOOSTER]
[log] [coop:reward] WATCHER ADOPTED owner reward options (was=0 now=5 ids=[RARE_CANDY,BERRY,TM_CASE,PP_UP,TEMP_STAT_STAGE_BOOSTER])
[log] [coop:transport] send guest t=turnCommitAck e=1827802517509761 wave=103 turn=1 rev=963 stage=continuationReady checksum=d3d6c04b4464ac9c
[log] [coop:stream] guest ACK turn stage=continuationReady e=1827802517509761 wave=103 turn=1 rev=963
[log] [coop:stream] guest continuation surface=sharedInput e=1827802517509761 wave=103 turn=2 waiting=1 released=1
[log] [coop:interaction] mirror begin role=owner mirrorSeq=7744 interactionStart=121 reroll=0
[log] [coop:interaction] uiMirror beginSession role=owner mode=6 seq=7744 early=0
[log] [coop:transport] recv host t=turnCommitAck e=1827802517509761 wave=103 turn=1 rev=963 stage=continuationReady checksum=d3d6c04b4464ac9c handlers=1
[log] [coop:progression] retained WAVE_ADVANCE continuationReady wave=103
[log] [coop:transport] send guest t=coopAck cls=op:global seq=243
[log] [coop:transport] send guest t=coopAck cls=op:global seq=243
[log] [coop:transport] send guest t=coopAck cls=op:global seq=243
[log] [coop:transport] recv host t=coopAck cls=op:global seq=243 handlers=1
[log] [coop:transport] recv host t=coopAck cls=op:global seq=243 handlers=1
[log] [coop:transport] recv host t=coopAck cls=op:global seq=243 handlers=1
[log] [coop:owner] ownerOf(counter=121) seat=1 -> owner=guest
[log] [coop:owner] isLocalOwnerAtCounter(pinnedCounter=121) parity=1 owner=guest role=guest -> true
[log] [coop:owner] ownerOf(counter=121) seat=1 -> owner=guest
[log] [coop:owner] isLocalOwnerAtCounter(pinnedCounter=121) parity=1 owner=guest role=guest -> true
[log] [coop:relay] OWNER prepare seq=121 kind=reward choice=4 data=[0] role=guest
[log] [coop:reward] reward op INTENT prepared label=reward id=1827802517509761:1:REWARD:12100000
[log] [coop:relay] SEND interactionChoice seq=121 kind=reward kind=? choice=4 data=[0]
[log] [coop:transport] send guest t=interactionChoice seq=121 kind=reward choice=4
[warn] [coop:v2-shadow] FAULT tap(INTERACTION_COMMIT): AuthorityLog.commit: entry context is not bound to the local authority
[log] [coop:relay] AWAIT interactionChoice seq=121 timeoutMs=1200000 expected=[reward,shop,skip,reroll,check,transfer,lock] -> network-wait
[log] [coop:transport] recv host t=interactionChoice seq=121 kind=reward choice=4 handlers=1
[log] [coop:adopt] erMoneyStreaks host entries=0 -> restored (#837/#348)
[log] [coop:adopt] biomeOverstayAnchor host=null -> restored (#837/#504)
[log] [coop:adopt] erBiomeStructure host length=25 startWave=101 -> restored (#841 item 5)
[log] [coop:adopt] erRelicBattleState host wave=103 -> restored (#837)
[log] [coop:adopt] erMapState host nodes=2 travelTarget=- fragments=0 -> restored (#865/#841 item 1)
[log] [coop:adopt] erPendingNodes host count=5 revealed=2 -> restored (#865)
[log] [coop:resync] guest apply authoritativeState tick=965 wave=103 turn=2 party=6/2 field=4
[log] [coop:resync] presentation settle boundary=resync-stable side=player desired=visible ids=[1582731684,1930538543] changed=0 phase=SelectModifierPhase
[log] [coop:resync] presentation settle boundary=wave-start-pre-intro side=enemy desired=visible ids=[] changed=0 phase=SelectModifierPhase
[log] [coop:relay] DELIVER interactionChoice seq=121 -> waiter kind=reward choice=4 data=[0]
[log] [coop:relay] AWAIT interactionChoice seq=121 RESOLVE kind=reward choice=4 data=[0]
[log] [coop:reward] shop authoritative RESULT applied-before-render kind=REWARD id=1827802517509761:1:REWARD:12100000 rev=244 tick=965
[log] [coop:transport] send guest t=coopAck cls=op:global seq=244
[log] [coop:interaction] RECV interaction broadcast (deferred catch-up net) received=122 localBefore=121 role=guest -> WILL DEFER to 122 (folds in at next advance if still ahead)
[warn] [coop:interaction] CoopInteractionTurn.mergeRemote DEFER (remote=122, counter=121, pendingRemote=122) live counter UNCHANGED (folds in at next advance if still ahead)
[log] [coop:owner] ownerOf(counter=121) seat=1 -> owner=guest
[log] [coop:owner] ownerOf(counter=121) seat=1 -> owner=guest
[log] [coop:reward] reward op WATCHER materialize retained choice=4 terminal=true id=1827802517509761:1:REWARD:12100000
[log] [coop:reward] WATCHER applying relayed action seq=121 act=REWARD choice=4 data=[0]
[log] [coop:transport] recv host t=coopAck cls=op:global seq=244 handlers=1
[log] [coop:v2-interaction] terminal proof recorded op=1827802517509761:1:REWARD:12100000 role=guest seat=1 duplicate=0 ambient=1
[log] [coop:v2-interaction] phase terminal proof op=1827802517509761:1:REWARD:12100000 route=constructor-fallback accepted=1
[log] [coop:interaction] interactionCounter() read -> 121 (role=guest)
[log] [coop:interaction] CoopInteractionTurn.advance INCREMENT (fromCounter=121) counter 121 -> 122
[log] [coop:interaction] advanceInteraction ADVANCED+BROADCAST (fromCounter=121) counter 121 -> 122 role=guest; send interaction screen=__turn__ choice=122
[log] [coop:interaction] SEND counter snapshot reason=advance choice=122 role=guest
[log] [coop:transport] send guest t=interaction screen=__turn__
[log] [coop:owner] ownerOf(counter=122) seat=0 -> owner=host
[log] [coop:owner] ownerOf(counter=122) seat=0 -> owner=host
[log] [coop:interaction] interactionCounter() read -> 122 (role=guest)
[log] [coop:reward] advance interaction (role=guest from=121 counter 121 -> 122)
[log] [coop:session] isCoopAuthoritativeGuestGated -> true (authoritative GUEST gates a structural mutation)
[log] [coop:transport] recv host t=interaction screen=__turn__ handlers=1
[log] [coop:replay] guest RECV enemyPartySync wave=104 count=2 -> buffered (no waiter)
[log] [coop:replay] guest RECV entry presentation wave=104 stateTick=967 events=5 buffered
[log] [coop:replay] guest RECV enemyPartySync wave=104 count=2 -> buffered (no waiter)
[log] [coop:rendezvous] RECV arrival point=cmd:104:1 -> BUFFER (no waiter yet) role=guest
[log] [coop:battletype] wave=104 HOST verdict: WILD - adopting (#867)
[log] [coop:me] wave=104 HOST verdict: NO ME - local presence roll suppressed (#862)
[log] [coop:session] isCoopAuthoritativeGuestGated -> true (authoritative GUEST gates a structural mutation)
[log] [coop:interaction] interactionCounter() read -> 122 (role=guest)
[log] [coop:stream] guest consumeEnemyParty wave=104 -> 2 enemies
[log] [coop:enemy] buildCoopEnemy ADOPT trainerSlot=0 species=757 form=0 lv=77 abilityIdx=0 nature=0 gender=0 shiny=false tera=0:3 hp=184/184 moves=4 heldItems=0
[log] [coop:enemy] buildCoopEnemy ADOPT trainerSlot=0 species=261 form=0 lv=79 abilityIdx=1 nature=0 gender=0 shiny=false tera=0:16 hp=168/168 moves=4 heldItems=0
[log] [coop:adopt] erMoneyStreaks host entries=0 -> restored (#837/#348)
[log] [coop:adopt] biomeOverstayAnchor host=null -> restored (#837/#504)
[log] [coop:adopt] erBiomeStructure host length=25 startWave=101 -> restored (#841 item 5)
[log] [coop:adopt] erRelicBattleState host wave=104 -> restored (#837)
[log] [coop:adopt] erMapState host nodes=2 travelTarget=- fragments=0 -> restored (#865/#841 item 1)
[log] [coop:adopt] erPendingNodes host count=5 revealed=2 -> restored (#865)
[log] [coop:resync] guest apply authoritativeState tick=967 wave=104 turn=1 party=6/2 field=4
[log] [coop:resync] presentation settle boundary=resync-stable side=player desired=visible ids=[1582731684,1930538543] changed=0 phase=NextEncounterPhase
[log] [coop:resync] presentation settle boundary=resync-stable side=enemy desired=visible ids=[190112079,2600090645] changed=2 phase=NextEncounterPhase
[log] [coop:resync] render differ: newly presented id=190112079 key=pkmn__757 -> load atlas
[log] [coop:resync] render differ: newly presented id=2600090645 key=pkmn__261 -> load atlas
[log] [coop:resync] presentation settle boundary=launch-ready side=player desired=visible ids=[1582731684,1930538543] changed=0 phase=NextEncounterPhase
[log] [coop:session] isCoopAuthoritativeGuestGated -> true (authoritative GUEST gates a structural mutation)
[log] [coop:session] isCoopAuthoritativeGuestGated -> true (authoritative GUEST gates a structural mutation)
[log] [coop:session] isCoopAuthoritativeGuestGated -> true (authoritative GUEST gates a structural mutation)
[log] [coop:session] isCoopAuthoritativeGuestGated -> true (authoritative GUEST gates a structural mutation)
[log] [coop:session] isCoopAuthoritativeGuestGated -> true (authoritative GUEST gates a structural mutation)
[log] [coop:session] isCoopAuthoritativeGuestGated -> true (authoritative GUEST gates a structural mutation)
[log] [coop:replay] guest replay turn=1: awaiting retained entry presentation
[warn] [coop:resync] authoritativeState tick=967 STALE (lastApplied=967) -> REJECTED (#807)
[log] [coop:adopt] erMoneyStreaks host entries=0 -> restored (#837/#348)
[log] [coop:adopt] biomeOverstayAnchor host=null -> restored (#837/#504)
[log] [coop:adopt] erBiomeStructure host length=25 startWave=101 -> restored (#841 item 5)
[log] [coop:adopt] erRelicBattleState host wave=104 -> restored (#837)
[log] [coop:adopt] erMapState host nodes=2 travelTarget=- fragments=0 -> restored (#865/#841 item 1)
[log] [coop:adopt] erPendingNodes host count=5 revealed=2 -> restored (#865)
[log] [coop:resync] guest reassert authoritativeState tick=967 wave=104 turn=1 party=6/2 field=4
[log] [coop:resync] presentation settle boundary=resync-stable side=player desired=visible ids=[1582731684,1930538543] changed=0 phase=CoopReplayTurnPhase
[log] [coop:resync] presentation settle boundary=resync-stable side=enemy desired=visible ids=[190112079,2600090645] changed=0 phase=CoopReplayTurnPhase
[log] [coop:replay] guest replay turn=1: rendering 5 event(s)
[log] [coop:replay] guest replay turn=1: present k=showAbility
[log] [coop:session] isCoopAuthoritativeGuestGated -> true (authoritative GUEST gates a structural mutation)
[log] [coop:replay] guest replay turn=1: present k=message
[log] [coop:turn] host recorder: append turn=1 seq=5 k=message total=6 live=true
[log] [coop:replay] guest replay turn=1: present k=statStage
[log] [coop:session] isCoopAuthoritativeGuestGated -> true (authoritative GUEST gates a structural mutation)
[log] [coop:replay] guest replay turn=1: present k=message
[log] [coop:turn] host recorder: append turn=1 seq=6 k=message total=7 live=true
[log] [coop:replay] guest replay turn=1: present k=statStage
[log] [coop:session] isCoopAuthoritativeGuestGated -> true (authoritative GUEST gates a structural mutation)
[log] [coop:replay] guest replay turn=1: rendered phases [showAbility=1 message=2 statStage=2]
[log] [coop:replay] guest replay turn=1: retained entry presentation queued stateTick=967 events=5; awaiting exact outcome proof
[log] [coop:session] isCoopAuthoritativeGuestGated -> true (authoritative GUEST gates a structural mutation)
[log] [coop:session] isCoopAuthoritativeGuestGated -> true (authoritative GUEST gates a structural mutation)
[log] [coop:session] isCoopAuthoritativeGuestGated -> true (authoritative GUEST gates a structural mutation)
[log] [coop:replay] present statStage bi=0 stat=1 -> -1
[log] [coop:replay] present statStage bi=0 stat=1 set to -1 NO tween (delta=0 anims=false)
[log] [coop:replay] present statStage bi=1 stat=1 -> -1
[log] [coop:replay] present statStage bi=1 stat=1 set to -1 NO tween (delta=0 anims=false)
[log] [coop:replay] guest entry presentation PROVED wave=104 turn=1 events=5
[log] [coop:stream] guest consumeEnemyParty wave=104 -> null (buffered=none)
[log] [coop:battle] CommandPhase slot=0 turn=1 owner=host role=guest -> partner path
[log] [coop:stream] guest consumeEnemyParty wave=104 -> null (buffered=none)
[log] [coop:rendezvous] ARRIVE point=cmd:104:1 (send) role=guest
[log] [coop:transport] send guest t=rendezvous point=cmd:104:1
[log] [coop:rendezvous] next-command barrier cmd:104:1 SYNC pass (partner already arrived)
[log] [coop:stream] guest consumeEnemyParty wave=104 -> null (buffered=none)
[log] [coop:transport] send guest t=coopAck cls=op:global seq=244
[log] [coop:transport] send guest t=coopAck cls=op:global seq=244
[log] [coop:transport] recv host t=rendezvous point=cmd:104:1 handlers=1
[log] [coop:transport] recv host t=coopAck cls=op:global seq=244 handlers=1
[log] [coop:transport] recv host t=coopAck cls=op:global seq=244 handlers=1
[log] [coop:rendezvous] RECV arrival point=cmd:104:1 -> DUPLICATE (already seen) role=guest
[log] [coop:replay] guest IGNORE duplicate consumed entry presentation wave=104
[log] [coop:replay] guest RECV enemyPartySync wave=104 count=2 -> buffered (no waiter)
[log] [coop:interaction] interactionCounter() read -> 122 (role=guest)
[log] [coop:checksum] capture digest=f30eb654f28bae7c field=4 biome=18 seed=coop-soak-20260725 weather=0 terrain=0 money=27500 party=[890,384,493,150,382,888] partyLevels=[500,500,500,500,500,500] arenaTags=0 modifiers=9 heldItemsDigest=1 pokeballs=[0:99,1:10,2:10,3:0,4:0] mons=[bi0:sp890/hp2065-2065/st0/ab5258/form0/tera0:3/boss0:0 bi1:sp384/hp1715-1715/st0/ab5144/form0/tera0:15/boss0:0 bi2:sp757/hp184-184/st0/ab5299/form0/tera0:3/boss0:0 bi3:sp261/hp168-168/st0/ab22/form0/tera0:16/boss0:0]
[log] [coop:interaction] interactionCounter() read -> 122 (role=guest)
[log] [coop:replay] guest IGNORE duplicate consumed entry presentation wave=104
[log] [coop:replay] guest RECV enemyPartySync wave=104 count=2 -> buffered (no waiter)
[log] [coop:replay] guest RECV turnResolution e=1827802517509761 wave=104 turn=1 events=17 checksum=f6437d68779996ca -> buffered (no waiter)
[log] [coop:replay] guest RECV waveResolved wave=104 outcome=win transition=WAVE_VICTORY/next105/biome0/egg1/wild
[log] [coop:runtime] recv waveResolved wave=104 outcome=win role=guest netcode=authoritative
[log] [coop:runtime] ignore raw waveResolved for correctness wave=104 outcome=win; awaiting retained transaction
[log] [coop:session] isCoopAuthoritativeGuestGated -> true (authoritative GUEST gates a structural mutation)
[log] [coop:replay] guest replay turn=1: live pump start mode=turn
[log] [coop:replay] guest replay turn=1: advance local watermark 0->5
[log] [coop:session] isCoopAuthoritativeGuestGated -> true (authoritative GUEST gates a structural mutation)
[log] [coop:transport] send guest t=requestTurnCommit e=1827802517509761 wave=104 turn=1 rev=pending
[log] [coop:transport] send guest t=requestTurnCommit e=1827802517509761 wave=104 turn=1 rev=971
[log] [coop:replay] guest awaitTurn turn=1 RESOLVE (buffered race) events=17
[log] [coop:transport] recv host t=requestTurnCommit e=1827802517509761 wave=104 turn=1 rev=pending handlers=1
[log] [coop:transport] send host t=turnResolution e=1827802517509761 wave=104 turn=1 rev=971 events=17 checksum=f6437d68779996ca
[log] [coop:transport] recv host t=requestTurnCommit e=1827802517509761 wave=104 turn=1 rev=971 handlers=1
[log] [coop:transport] send host t=turnResolution e=1827802517509761 wave=104 turn=1 rev=971 events=17 checksum=f6437d68779996ca
[log] [coop:transport] recv guest t=turnResolution e=1827802517509761 wave=104 turn=1 rev=971 events=17 checksum=f6437d68779996ca handlers=1
[log] [coop:transport] recv guest t=turnResolution e=1827802517509761 wave=104 turn=1 rev=971 events=17 checksum=f6437d68779996ca handlers=1
[log] [coop:replay] guest consume live events turn=1 count=0
[log] [coop:replay] guest replay turn=1: RESOLVE renderedLive=5 remaining=12 batch=17
[log] [coop:replay] guest replay turn=1: rendering 12 event(s)
[log] [coop:replay] guest replay turn=1: present k=message
[log] [coop:replay] guest replay turn=1: present k=message
[log] [coop:replay] guest replay turn=1: present k=moveUsed
[log] [coop:session] isCoopAuthoritativeGuestGated -> true (authoritative GUEST gates a structural mutation)
[log] [coop:replay] guest replay turn=1: present k=hp
[log] [coop:session] isCoopAuthoritativeGuestGated -> true (authoritative GUEST gates a structural mutation)
[log] [coop:replay] guest replay turn=1: present k=faint
[log] [coop:session] isCoopAuthoritativeGuestGated -> true (authoritative GUEST gates a structural mutation)
[log] [coop:replay] guest replay turn=1: present k=hp
[log] [coop:session] isCoopAuthoritativeGuestGated -> true (authoritative GUEST gates a structural mutation)
[log] [coop:replay] guest replay turn=1: present k=message
[log] [coop:replay] guest replay turn=1: present k=moveUsed
[log] [coop:session] isCoopAuthoritativeGuestGated -> true (authoritative GUEST gates a structural mutation)
[log] [coop:replay] guest replay turn=1: present k=hp
[log] [coop:session] isCoopAuthoritativeGuestGated -> true (authoritative GUEST gates a structural mutation)
[log] [coop:replay] guest replay turn=1: present k=faint
[log] [coop:session] isCoopAuthoritativeGuestGated -> true (authoritative GUEST gates a structural mutation)
[log] [coop:replay] guest replay turn=1: present k=hp
[log] [coop:session] isCoopAuthoritativeGuestGated -> true (authoritative GUEST gates a structural mutation)
[log] [coop:replay] guest replay turn=1: present k=message
[log] [coop:replay] guest replay turn=1: rendered phases [message=4 moveUsed=2 hp=4 faint=2]
[log] [coop:replay] guest replay turn=1: unshift CoopFinalizeTurnPhase (checkpoint apply deferred)
[log] [coop:session] isCoopAuthoritativeGuestGated -> true (authoritative GUEST gates a structural mutation)
[log] [coop:stream] guest IGNORE idempotent turn duplicate e=1827802517509761 wave=104 turn=1 rev=971
[log] [coop:stream] guest IGNORE idempotent turn duplicate e=1827802517509761 wave=104 turn=1 rev=971
[log] [coop:replay] present move bi=0 moveId=247 targets=1
[log] [coop:replay] present hp bi=2 184->0/184
[log] [coop:replay] present faint bi=2 narrate=true
[log] [coop:replay] present hp bi=0 2065->2005/2065
[log] [coop:replay] present move bi=1 moveId=85 targets=1
[log] [coop:replay] present hp bi=3 168->0/168
[log] [coop:replay] present faint bi=3 narrate=true
[log] [coop:replay] present hp bi=0 2005->2065/2065
[log] [coop:checkpoint] guest apply field=4 weather=0 terrain=0 arenaTags=0
[log] [coop:session] isCoopAuthoritativeGuestGated -> true (authoritative GUEST gates a structural mutation)
[log] [coop:adopt] erMoneyStreaks host entries=0 -> restored (#837/#348)
[log] [coop:adopt] biomeOverstayAnchor host=null -> restored (#837/#504)
[log] [coop:adopt] erBiomeStructure host length=25 startWave=101 -> restored (#841 item 5)
[log] [coop:adopt] erRelicBattleState host wave=104 -> restored (#837)
[log] [coop:adopt] erMapState host nodes=2 travelTarget=- fragments=0 -> restored (#865/#841 item 1)
[log] [coop:adopt] erPendingNodes host count=5 revealed=2 -> restored (#865)
[log] [coop:resync] guest apply authoritativeState tick=971 wave=104 turn=1 party=6/2 field=4
[log] [coop:resync] presentation settle boundary=resync-stable side=player desired=visible ids=[1582731684,1930538543] changed=0 phase=CoopFinalizeTurnPhase
[log] [coop:resync] presentation settle boundary=wave-start-pre-intro side=enemy desired=visible ids=[] changed=0 phase=CoopFinalizeTurnPhase
[warn] [coop:heal] heldItems monId=1582731684 bi=0 removed=[LEFTOVERS] added=[LEFTOVERS] -> applied
[warn] [coop:heal] heldItems bi=0 host=[LEFTOVERS] -> applied (rewrote to host set)
[log] [coop:interaction] interactionCounter() read -> 122 (role=guest)
[log] [coop:checksum] capture digest=f6437d68779996ca field=4 biome=18 seed=coop-soak-20260725 weather=0 terrain=0 money=27500 party=[890,384,493,150,382,888] partyLevels=[500,500,500,500,500,500] arenaTags=0 modifiers=9 heldItemsDigest=1 pokeballs=[0:99,1:10,2:10,3:0,4:0] mons=[bi0:sp890/hp2065-2065/st0/ab5258/form0/tera0:3/boss0:0 bi1:sp384/hp1715-1715/st0/ab5144/form0/tera0:15/boss0:0 bi2:sp757/hp0-184/st7/ab5299/form0/tera0:3/boss0:0 bi3:sp261/hp0-168/st7/ab22/form0/tera0:16/boss0:0]
[log] [coop:transport] send guest t=turnCommitAck e=1827802517509761 wave=104 turn=1 rev=971 stage=materialApplied checksum=f6437d68779996ca
[log] [coop:stream] guest ACK turn stage=materialApplied e=1827802517509761 wave=104 turn=1 rev=971
[log] [coop:checksum] guest finalize materialApplied e=1827802517509761 wave=104 turn=1 rev=971
[log] [coop:transport] recv host t=turnCommitAck e=1827802517509761 wave=104 turn=1 rev=971 stage=materialApplied checksum=f6437d68779996ca handlers=1
[log] [coop:stream] host ACCEPT turn ACK stage=materialApplied key=1827802517509761:104:1:971
[log] [coop:transport] send guest t=turnCommitAck e=1827802517509761 wave=104 turn=1 rev=971 stage=presentationReady checksum=f6437d68779996ca
[log] [coop:stream] guest ACK turn stage=presentationReady e=1827802517509761 wave=104 turn=1 rev=971
[log] [coop:checksum] guest finalize presentationReady e=1827802517509761 wave=104 turn=1 rev=971
[log] [coop:replay] guest finalize turn=1: END (checkpoint applied, turn-end queued)
[log] [coop:transport] recv host t=turnCommitAck e=1827802517509761 wave=104 turn=1 rev=971 stage=presentationReady checksum=f6437d68779996ca handlers=1
[log] [coop:stream] host ACCEPT turn ACK stage=presentationReady key=1827802517509761:104:1:971
[log] [coop:stream] guest admitted WAVE_ADVANCE continuation e=1827802517509761 wave=104
[log] [coop:runtime] wave-advance JOURNAL bootstrap wave=104 outcome=win (ACK withheld)
[log] [coop:runtime] wave-advance JOURNAL queued safe-boundary wake wave=104 unparkedReplay=0
[log] [coop:runtime] wave-advance op JOURNAL cursor-advanced id=1827802517509761:0:WAVE_ADVANCE:104 rev=245 dataApplied=false continuationReady=false (DATA applies at BattleEnd; retained ACK awaits DATA + destination continuation)
[log] [coop:transport] send guest t=coopAck cls=op:global seq=245
[log] [coop:replay] guest RECV waveEndState wave=104 tick=972
[log] [coop:runtime] ignore raw waveEndState for correctness wave=104 tick=972
[log] [coop:relay] RECV rewardOptions key=122:0 -> BUFFER rewardOptionsInbox (latest-wins) count=5
[log] [coop:rendezvous] RECV arrival point=shop:104:122 -> BUFFER (no waiter yet) role=guest
[log] [coop:transport] recv host t=coopAck cls=op:global seq=245 handlers=1
[log] [coop:session] isCoopAuthoritativeGuestGated -> true (authoritative GUEST gates a structural mutation)
[log] [coop:session] isCoopAuthoritativeGuestGated -> true (authoritative GUEST gates a structural mutation)
[log] [coop:session] isCoopAuthoritativeGuestGated -> true (authoritative GUEST gates a structural mutation)
[log] [coop:session] isCoopAuthoritativeGuestGated -> true (authoritative GUEST gates a structural mutation)
[log] [coop:session] isCoopAuthoritativeGuestGated -> true (authoritative GUEST gates a structural mutation)
[log] [coop:runtime] consume wave-advance wave=104 outcome=win transition=WAVE_VICTORY/next105/biome0/egg1/wild (lastResolved 103 -> 104)
[log] [coop:replay] guest wave-advance outcome=win wave=104 next=WAVE_VICTORY/wave105 biomeChange=false eggLapse=true victoryKind=wild battleType=WILD queues=VictoryPhase (host-stated)
[warn] [coop:replay] guest wave-advance wave=104: replacing speculative future queue [CommandPhase,CommandPhase,TurnStartPhase]
[log] [coop:session] isCoopAuthoritativeGuestGated -> true (authoritative GUEST gates a structural mutation)
[log] [coop:progression] GUEST applyPartyExp SKIP wave=104 koMon=Poochyena (awaiting host waveEndState)
[log] [coop-diag] VictoryPhase win-branch role=guest battleType=WILD queuesTrainerVictory=false queuesSelectModifier=true wave=104
[log] [coop:session] isCoopAuthoritativeGuestGated -> true (authoritative GUEST gates a structural mutation)
[log] [coop:session] isCoopAuthoritativeGuestGated -> true (authoritative GUEST gates a structural mutation)
[log] [coop-diag] VictoryTail role=guest wave=104 source=host-stated trainer=false egg=true biomeShop=false biomeChange=false crossroads=false nextWave=105
[log] [coop:session] isCoopAuthoritativeGuestGated -> true (authoritative GUEST gates a structural mutation)
[log] [coop:session] isCoopAuthoritativeGuestGated -> true (authoritative GUEST gates a structural mutation)
[log] [coop:session] isCoopAuthoritativeGuestGated -> true (authoritative GUEST gates a structural mutation)
[log] [coop:adopt] erMoneyStreaks host entries=0 -> restored (#837/#348)
[log] [coop:adopt] biomeOverstayAnchor host=null -> restored (#837/#504)
[log] [coop:adopt] erBiomeStructure host length=25 startWave=101 -> restored (#841 item 5)
[log] [coop:adopt] erRelicBattleState host wave=104 -> restored (#837)
[log] [coop:adopt] erMapState host nodes=2 travelTarget=- fragments=0 -> restored (#865/#841 item 1)
[log] [coop:adopt] erPendingNodes host count=5 revealed=2 -> restored (#865)
[log] [coop:resync] guest apply authoritativeState tick=972 wave=104 turn=2 party=6/2 field=4
[log] [coop:resync] presentation settle boundary=resync-stable side=player desired=visible ids=[1582731684,1930538543] changed=0 phase=BattleEndPhase
[log] [coop:resync] presentation settle boundary=wave-start-pre-intro side=enemy desired=visible ids=[] changed=0 phase=BattleEndPhase
[log] [coop:runtime] wave-advance retained DATA boundary admitted wave=104
[log] [coop:progression] retained WAVE_ADVANCE DATA applied wave=104 tick=972
[log] [coop:progression] GUEST retained WAVE_ADVANCE BattleEnd release wave=104
[log] [coop:transport] recv guest t=envelope t=envelope handlers=1
[log] [coop:transport] send guest t=coopAck cls=op:global seq=245
[log] [coop:transport] recv host t=coopAck cls=op:global seq=245 handlers=1
[log] [coop:progression] GUEST automatic victory settlement admitted wave=104 turn=2
[log] [coop:interaction] interactionCounter() read -> 122 (role=guest)
[log] [coop:checksum] capture digest=d0e84b3623c238e2 field=4 biome=18 seed=coop-soak-20260725 weather=0 terrain=0 money=27500 party=[890,384,493,150,382,888] partyLevels=[500,500,500,500,500,500] arenaTags=0 modifiers=8 heldItemsDigest=1 pokeballs=[0:99,1:10,2:10,3:0,4:0] mons=[bi0:sp890/hp2065-2065/st0/ab5258/form0/tera0:3/boss0:0 bi1:sp384/hp1715-1715/st0/ab5144/form0/tera0:15/boss0:0 bi2:sp757/hp0-184/st7/ab5299/form0/tera0:3/boss0:0 bi3:sp261/hp0-168/st7/ab22/form0/tera0:16/boss0:0]
[log] [coop:interaction] interactionCounter() read -> 122 (role=guest)
[log] [coop:owner] ownerOf(counter=122) seat=0 -> owner=host
[log] [coop:owner] isLocalOwnerAtCounter(pinnedCounter=122) parity=0 owner=host role=guest -> false
[log] [coop:interaction] interactionCounter() read -> 122 (role=guest)
[log] [coop:reward] owner/watcher decision: pinnedStart=122 liveCounter=122 parity=0 role=guest pick=WATCHER option=ADOPT spoof=false
[log] [coop:rendezvous] ARRIVE point=shop:104:122 (send) role=guest
[log] [coop:transport] send guest t=rendezvous point=shop:104:122
[log] [coop:reward] WATCHER waits for partner's reward picks (start=122 role=guest wave=104)
[log] [coop:reward] WATCHER awaiting owner reward options (start=122 reroll=0 localCount=0)
[log] [coop:relay] AWAIT rewardOptions key=122:0 timeoutMs=1200000 -> BUFFER-HIT resolve count=5
[log] [coop:transport] recv host t=rendezvous point=shop:104:122 handlers=1
[log] [coop:shop] reconstructRewardOptions OK count=5 ids=[BASE_STAT_BOOSTER,BERRY,TEMP_STAT_STAGE_BOOSTER,BERRY,TEMP_STAT_STAGE_BOOSTER]
[log] [coop:reward] WATCHER ADOPTED owner reward options (was=0 now=5 ids=[BASE_STAT_BOOSTER,BERRY,TEMP_STAT_STAGE_BOOSTER,BERRY,TEMP_STAT_STAGE_BOOSTER])
[log] [coop:transport] send guest t=turnCommitAck e=1827802517509761 wave=104 turn=1 rev=971 stage=continuationReady checksum=f6437d68779996ca
[log] [coop:stream] guest ACK turn stage=continuationReady e=1827802517509761 wave=104 turn=1 rev=971
[log] [coop:stream] guest continuation surface=sharedInput e=1827802517509761 wave=104 turn=2 waiting=1 released=1
[log] [coop:transport] recv host t=turnCommitAck e=1827802517509761 wave=104 turn=1 rev=971 stage=continuationReady checksum=f6437d68779996ca handlers=1
[log] [coop:progression] retained WAVE_ADVANCE continuationReady wave=104
[log] [coop:transport] send guest t=coopAck cls=op:global seq=245
[log] [coop:transport] send guest t=coopAck cls=op:global seq=245
[log] [coop:transport] send guest t=coopAck cls=op:global seq=245
[log] [coop:interaction] mirror begin role=watcher mirrorSeq=7808 interactionStart=122 reroll=0
[log] [coop:interaction] uiMirror beginSession role=watcher mode=6 seq=7808 early=0
[log] [coop:transport] recv host t=coopAck cls=op:global seq=245 handlers=1
[log] [coop:transport] recv host t=coopAck cls=op:global seq=245 handlers=1
[log] [coop:transport] recv host t=coopAck cls=op:global seq=245 handlers=1
[log] [coop:relay] AWAIT interactionChoice seq=122 timeoutMs=1200000 expected=[reward,shop,skip,reroll,check,transfer,lock] -> network-wait
[log] [coop:rendezvous] RECV arrival point=shop:104:122 -> DUPLICATE (already seen) role=guest
[log] [coop:relay] DELIVER interactionChoice seq=122 -> waiter kind=reward choice=2 data=[0]
[log] [coop:relay] AWAIT interactionChoice seq=122 RESOLVE kind=reward choice=2 data=[0]
[log] [coop:adopt] erMoneyStreaks host entries=0 -> restored (#837/#348)
[log] [coop:adopt] biomeOverstayAnchor host=null -> restored (#837/#504)
[log] [coop:adopt] erBiomeStructure host length=25 startWave=101 -> restored (#841 item 5)
[log] [coop:adopt] erRelicBattleState host wave=104 -> restored (#837)
[log] [coop:adopt] erMapState host nodes=2 travelTarget=- fragments=0 -> restored (#865/#841 item 1)
[log] [coop:adopt] erPendingNodes host count=5 revealed=2 -> restored (#865)
[log] [coop:resync] guest apply authoritativeState tick=973 wave=104 turn=2 party=6/2 field=4
[log] [coop:resync] presentation settle boundary=resync-stable side=player desired=visible ids=[1582731684,1930538543] changed=0 phase=SelectModifierPhase
[log] [coop:resync] presentation settle boundary=wave-start-pre-intro side=enemy desired=visible ids=[] changed=0 phase=SelectModifierPhase
[log] [coop:relay] DELIVER interactionChoice seq=122 -> BUFFER inbox depth=1 kind=reward choice=2 data=[0]
[log] [coop:reward] shop authoritative RESULT applied-before-render kind=REWARD id=1827802517509761:0:REWARD:12200000 rev=246 tick=973
[log] [coop:transport] send guest t=coopAck cls=op:global seq=246
[log] [coop:interaction] RECV interaction broadcast (deferred catch-up net) received=123 localBefore=122 role=guest -> WILL DEFER to 123 (folds in at next advance if still ahead)
[warn] [coop:interaction] CoopInteractionTurn.mergeRemote DEFER (remote=123, counter=122, pendingRemote=123) live counter UNCHANGED (folds in at next advance if still ahead)
[log] [coop:owner] ownerOf(counter=122) seat=0 -> owner=host
[log] [coop:owner] ownerOf(counter=122) seat=0 -> owner=host
[warn] [coop:reward] WATCHER op-gate rejected relayed action (await-journal) seq=122 choice=2 - keep awaiting terminal (Wave-2d)
[log] [coop:transport] recv host t=coopAck cls=op:global seq=246 handlers=1
[log] [coop:relay] AWAIT interactionChoice seq=122 timeoutMs=1200000 -> BUFFER-HIT resolve kind=reward choice=2 data=[0]
[log] [coop:reward] reward op WATCHER materialize retained choice=2 terminal=true id=1827802517509761:0:REWARD:12200000
[log] [coop:reward] WATCHER applying relayed action seq=122 act=REWARD choice=2 data=[0]
[log] [coop:v2-interaction] terminal proof recorded op=1827802517509761:0:REWARD:12200000 role=guest seat=1 duplicate=0 ambient=1
[log] [coop:v2-interaction] phase terminal proof op=1827802517509761:0:REWARD:12200000 route=constructor-fallback accepted=1
[log] [coop:interaction] interactionCounter() read -> 122 (role=guest)
[log] [coop:interaction] CoopInteractionTurn.advance INCREMENT (fromCounter=122) counter 122 -> 123
[log] [coop:interaction] advanceInteraction ADVANCED+BROADCAST (fromCounter=122) counter 122 -> 123 role=guest; send interaction screen=__turn__ choice=123
[log] [coop:interaction] SEND counter snapshot reason=advance choice=123 role=guest
[log] [coop:transport] send guest t=interaction screen=__turn__
[log] [coop:owner] ownerOf(counter=123) seat=1 -> owner=guest
[log] [coop:owner] ownerOf(counter=123) seat=1 -> owner=guest
[log] [coop:interaction] interactionCounter() read -> 123 (role=guest)
[log] [coop:reward] advance interaction (role=guest from=122 counter 122 -> 123)
[log] [coop:session] isCoopAuthoritativeGuestGated -> true (authoritative GUEST gates a structural mutation)
[log] [coop:transport] recv host t=interaction screen=__turn__ handlers=1
[log] [coop:interaction] interactionCounter() read -> 123 (role=guest)
[log] [coop:interaction] interactionCounter() read -> 123 (role=guest)
[log] [coop:replay] guest RECV enemyPartySync wave=105 count=2 -> buffered (no waiter)
[log] [coop:replay] guest RECV entry presentation wave=105 stateTick=975 events=0 buffered
[log] [coop:replay] guest RECV enemyPartySync wave=105 count=2 -> buffered (no waiter)
[log] [coop:rendezvous] RECV arrival point=cmd:105:1 -> BUFFER (no waiter yet) role=guest
[log] [coop:battletype] wave=105 HOST verdict: WILD - adopting (#867)
[log] [coop:me] wave=105 HOST verdict: NO ME - local presence roll suppressed (#862)
[log] [coop:session] isCoopAuthoritativeGuestGated -> true (authoritative GUEST gates a structural mutation)
[log] [coop:interaction] interactionCounter() read -> 123 (role=guest)
[log] [coop:stream] guest consumeEnemyParty wave=105 -> 2 enemies
[log] [coop:enemy] buildCoopEnemy ADOPT trainerSlot=0 species=334 form=0 lv=72 abilityIdx=1 nature=0 gender=1 shiny=false tera=0:2 hp=212/212 moves=4 heldItems=1
[log] [coop:enemy] buildCoopEnemy ADOPT trainerSlot=0 species=334 form=0 lv=76 abilityIdx=0 nature=0 gender=1 shiny=false tera=0:2 hp=223/223 moves=4 heldItems=1
[log] [coop:adopt] erMoneyStreaks host entries=0 -> restored (#837/#348)
[log] [coop:adopt] biomeOverstayAnchor host=null -> restored (#837/#504)
[log] [coop:adopt] erBiomeStructure host length=25 startWave=101 -> restored (#841 item 5)
[log] [coop:adopt] erRelicBattleState host wave=105 -> restored (#837)
[log] [coop:adopt] erMapState host nodes=2 travelTarget=- fragments=0 -> restored (#865/#841 item 1)
[log] [coop:adopt] erPendingNodes host count=5 revealed=2 -> restored (#865)
[log] [coop:resync] guest apply authoritativeState tick=975 wave=105 turn=1 party=6/2 field=4
[log] [coop:resync] presentation settle boundary=resync-stable side=player desired=visible ids=[1582731684,1930538543] changed=0 phase=NextEncounterPhase
[log] [coop:resync] presentation settle boundary=resync-stable side=enemy desired=visible ids=[4053276790,709110610] changed=2 phase=NextEncounterPhase
[log] [coop:resync] render differ: newly presented id=4053276790 key=pkmn__334 -> load atlas
[log] [coop:resync] render differ: newly presented id=709110610 key=pkmn__334 -> load atlas
[log] [coop:resync] presentation settle boundary=launch-ready side=player desired=visible ids=[1582731684,1930538543] changed=0 phase=NextEncounterPhase
[log] [coop:session] isCoopAuthoritativeGuestGated -> true (authoritative GUEST gates a structural mutation)
[log] [coop:session] isCoopAuthoritativeGuestGated -> true (authoritative GUEST gates a structural mutation)
[log] [coop:session] isCoopAuthoritativeGuestGated -> true (authoritative GUEST gates a structural mutation)
[log] [coop:session] isCoopAuthoritativeGuestGated -> true (authoritative GUEST gates a structural mutation)
[log] [coop:session] isCoopAuthoritativeGuestGated -> true (authoritative GUEST gates a structural mutation)
[log] [coop:session] isCoopAuthoritativeGuestGated -> true (authoritative GUEST gates a structural mutation)
[log] [coop:replay] guest replay turn=1: awaiting retained entry presentation
[warn] [coop:resync] authoritativeState tick=975 STALE (lastApplied=975) -> REJECTED (#807)
[log] [coop:adopt] erMoneyStreaks host entries=0 -> restored (#837/#348)
[log] [coop:adopt] biomeOverstayAnchor host=null -> restored (#837/#504)
[log] [coop:adopt] erBiomeStructure host length=25 startWave=101 -> restored (#841 item 5)
[log] [coop:adopt] erRelicBattleState host wave=105 -> restored (#837)
[log] [coop:adopt] erMapState host nodes=2 travelTarget=- fragments=0 -> restored (#865/#841 item 1)
[log] [coop:adopt] erPendingNodes host count=5 revealed=2 -> restored (#865)
[log] [coop:resync] guest reassert authoritativeState tick=975 wave=105 turn=1 party=6/2 field=4
[log] [coop:resync] presentation settle boundary=resync-stable side=player desired=visible ids=[1582731684,1930538543] changed=0 phase=CoopReplayTurnPhase
[log] [coop:resync] presentation settle boundary=resync-stable side=enemy desired=visible ids=[4053276790,709110610] changed=0 phase=CoopReplayTurnPhase
[log] [coop:replay] guest replay turn=1: rendering 0 event(s)
[log] [coop:replay] guest replay turn=1: rendered phases [none]
[log] [coop:replay] guest replay turn=1: retained entry presentation queued stateTick=975 events=0; awaiting exact outcome proof
[log] [coop:session] isCoopAuthoritativeGuestGated -> true (authoritative GUEST gates a structural mutation)
[log] [coop:replay] guest entry presentation PROVED wave=105 turn=1 events=0
[log] [coop:stream] guest consumeEnemyParty wave=105 -> null (buffered=none)
[log] [coop:battle] CommandPhase slot=0 turn=1 owner=host role=guest -> partner path
[log] [coop:stream] guest consumeEnemyParty wave=105 -> null (buffered=none)
[log] [coop:rendezvous] ARRIVE point=cmd:105:1 (send) role=guest
[log] [coop:transport] send guest t=rendezvous point=cmd:105:1
[log] [coop:rendezvous] next-command barrier cmd:105:1 SYNC pass (partner already arrived)
[log] [coop:stream] guest consumeEnemyParty wave=105 -> null (buffered=none)
[log] [coop:transport] send guest t=coopAck cls=op:global seq=246
[log] [coop:transport] send guest t=coopAck cls=op:global seq=246
[log] [coop:transport] recv host t=rendezvous point=cmd:105:1 handlers=1
[log] [coop:transport] recv host t=coopAck cls=op:global seq=246 handlers=1
[log] [coop:transport] recv host t=coopAck cls=op:global seq=246 handlers=1
[log] [coop:rendezvous] RECV arrival point=cmd:105:1 -> DUPLICATE (already seen) role=guest
[log] [coop:replay] guest IGNORE duplicate consumed entry presentation wave=105
[log] [coop:replay] guest RECV enemyPartySync wave=105 count=2 -> buffered (no waiter)
[log] [coop:interaction] interactionCounter() read -> 123 (role=guest)
[log] [coop:checksum] capture digest=1e880f7b6f0dc101 field=4 biome=18 seed=coop-soak-20260725 weather=0 terrain=0 money=27500 party=[890,384,493,150,382,888] partyLevels=[500,500,500,500,500,500] arenaTags=0 modifiers=8 heldItemsDigest=3 pokeballs=[0:99,1:10,2:10,3:0,4:0] mons=[bi0:sp890/hp2065-2065/st0/ab5258/form0/tera0:3/boss0:0 bi1:sp384/hp1715-1715/st0/ab5144/form0/tera0:15/boss0:0 bi2:sp334/hp212-212/st0/ab32/form0/tera0:2/boss0:0 bi3:sp334/hp223-223/st0/ab238/form0/tera0:2/boss0:0]
[log] [coop:interaction] interactionCounter() read -> 123 (role=guest)
[log] [coop:replay] guest IGNORE duplicate consumed entry presentation wave=105
[log] [coop:replay] guest RECV enemyPartySync wave=105 count=2 -> buffered (no waiter)
[log] [coop:replay] guest RECV turnResolution e=1827802517509761 wave=105 turn=1 events=16 checksum=99daca92ec52093a -> buffered (no waiter)
[log] [coop:replay] guest RECV waveResolved wave=105 outcome=win transition=WAVE_VICTORY/next106/biome0/egg1/wild
[log] [coop:runtime] recv waveResolved wave=105 outcome=win role=guest netcode=authoritative
[log] [coop:runtime] ignore raw waveResolved for correctness wave=105 outcome=win; awaiting retained transaction
[log] [coop:session] isCoopAuthoritativeGuestGated -> true (authoritative GUEST gates a structural mutation)
[log] [coop:replay] guest replay turn=1: live pump start mode=turn
[log] [coop:transport] send guest t=requestTurnCommit e=1827802517509761 wave=105 turn=1 rev=pending
[log] [coop:transport] send guest t=requestTurnCommit e=1827802517509761 wave=105 turn=1 rev=979
[log] [coop:replay] guest awaitTurn turn=1 RESOLVE (buffered race) events=16
[log] [coop:transport] recv host t=requestTurnCommit e=1827802517509761 wave=105 turn=1 rev=pending handlers=1
[log] [coop:transport] send host t=turnResolution e=1827802517509761 wave=105 turn=1 rev=979 events=16 checksum=99daca92ec52093a
[log] [coop:transport] recv host t=requestTurnCommit e=1827802517509761 wave=105 turn=1 rev=979 handlers=1
[log] [coop:transport] send host t=turnResolution e=1827802517509761 wave=105 turn=1 rev=979 events=16 checksum=99daca92ec52093a
[log] [coop:transport] recv guest t=turnResolution e=1827802517509761 wave=105 turn=1 rev=979 events=16 checksum=99daca92ec52093a handlers=1
[log] [coop:transport] recv guest t=turnResolution e=1827802517509761 wave=105 turn=1 rev=979 events=16 checksum=99daca92ec52093a handlers=1
[log] [coop:replay] guest consume live events turn=1 count=0
[log] [coop:replay] guest replay turn=1: RESOLVE renderedLive=0 remaining=16 batch=16
[log] [coop:replay] guest replay turn=1: rendering 16 event(s)
[log] [coop:replay] guest replay turn=1: present k=moveUsed
[log] [coop:session] isCoopAuthoritativeGuestGated -> true (authoritative GUEST gates a structural mutation)
[log] [coop:replay] guest replay turn=1: present k=hp
[log] [coop:session] isCoopAuthoritativeGuestGated -> true (authoritative GUEST gates a structural mutation)
[log] [coop:replay] guest replay turn=1: present k=faint
[log] [coop:session] isCoopAuthoritativeGuestGated -> true (authoritative GUEST gates a structural mutation)
[log] [coop:replay] guest replay turn=1: present k=hp
[log] [coop:session] isCoopAuthoritativeGuestGated -> true (authoritative GUEST gates a structural mutation)
[log] [coop:replay] guest replay turn=1: present k=message
[log] [coop:replay] guest replay turn=1: present k=moveUsed
[log] [coop:session] isCoopAuthoritativeGuestGated -> true (authoritative GUEST gates a structural mutation)
[log] [coop:replay] guest replay turn=1: present k=hp
[log] [coop:session] isCoopAuthoritativeGuestGated -> true (authoritative GUEST gates a structural mutation)
[log] [coop:replay] guest replay turn=1: present k=faint
[log] [coop:session] isCoopAuthoritativeGuestGated -> true (authoritative GUEST gates a structural mutation)
[log] [coop:replay] guest replay turn=1: present k=message
[log] [coop:replay] guest replay turn=1: present k=showAbility
[log] [coop:session] isCoopAuthoritativeGuestGated -> true (authoritative GUEST gates a structural mutation)
[log] [coop:replay] guest replay turn=1: present k=message
[log] [coop:replay] guest replay turn=1: present k=statStage
[log] [coop:session] isCoopAuthoritativeGuestGated -> true (authoritative GUEST gates a structural mutation)
[log] [coop:replay] guest replay turn=1: present k=message
[log] [coop:replay] guest replay turn=1: present k=statStage
[log] [coop:session] isCoopAuthoritativeGuestGated -> true (authoritative GUEST gates a structural mutation)
[log] [coop:replay] guest replay turn=1: present k=hp
[log] [coop:session] isCoopAuthoritativeGuestGated -> true (authoritative GUEST gates a structural mutation)
[log] [coop:replay] guest replay turn=1: present k=message
[log] [coop:replay] guest replay turn=1: rendered phases [moveUsed=2 hp=4 faint=2 message=5 showAbility=1 statStage=2]
[log] [coop:replay] guest replay turn=1: unshift CoopFinalizeTurnPhase (checkpoint apply deferred)
[log] [coop:session] isCoopAuthoritativeGuestGated -> true (authoritative GUEST gates a structural mutation)
[log] [coop:stream] guest IGNORE idempotent turn duplicate e=1827802517509761 wave=105 turn=1 rev=979
[log] [coop:stream] guest IGNORE idempotent turn duplicate e=1827802517509761 wave=105 turn=1 rev=979
[log] [coop:replay] present move bi=0 moveId=34 targets=1
[log] [coop:replay] present hp bi=2 212->0/212
[log] [coop:replay] present faint bi=2 narrate=true
[log] [coop:replay] present hp bi=0 2065->1996/2065
[log] [coop:replay] present move bi=1 moveId=53 targets=1
[log] [coop:replay] present hp bi=3 223->0/223
[log] [coop:replay] present faint bi=3 narrate=true
[log] [coop:session] isCoopAuthoritativeGuestGated -> true (authoritative GUEST gates a structural mutation)
[log] [coop:session] isCoopAuthoritativeGuestGated -> true (authoritative GUEST gates a structural mutation)
[log] [coop:replay] present statStage bi=0 stat=5 -> -1
[log] [coop:replay] present statStage bi=0 stat=5 set to -1 NO tween (delta=-1 anims=false)
[log] [coop:replay] present statStage bi=1 stat=5 -> -1
[log] [coop:replay] present statStage bi=1 stat=5 set to -1 NO tween (delta=-1 anims=false)
[log] [coop:replay] present hp bi=0 1996->2065/2065
[log] [coop:checkpoint] guest apply field=4 weather=0 terrain=0 arenaTags=0
[log] [coop:session] isCoopAuthoritativeGuestGated -> true (authoritative GUEST gates a structural mutation)
[log] [coop:adopt] erMoneyStreaks host entries=0 -> restored (#837/#348)
[log] [coop:adopt] biomeOverstayAnchor host=null -> restored (#837/#504)
[log] [coop:adopt] erBiomeStructure host length=25 startWave=101 -> restored (#841 item 5)
[log] [coop:adopt] erRelicBattleState host wave=105 -> restored (#837)
[log] [coop:adopt] erMapState host nodes=2 travelTarget=- fragments=0 -> restored (#865/#841 item 1)
[log] [coop:adopt] erPendingNodes host count=5 revealed=2 -> restored (#865)
[log] [coop:resync] guest apply authoritativeState tick=979 wave=105 turn=1 party=6/2 field=4
[log] [coop:resync] presentation settle boundary=resync-stable side=player desired=visible ids=[1582731684,1930538543] changed=0 phase=CoopFinalizeTurnPhase
[log] [coop:resync] presentation settle boundary=wave-start-pre-intro side=enemy desired=visible ids=[] changed=0 phase=CoopFinalizeTurnPhase
[warn] [coop:heal] heldItems monId=1582731684 bi=0 removed=[LEFTOVERS] added=[LEFTOVERS] -> applied
[warn] [coop:heal] heldItems bi=0 host=[LEFTOVERS] -> applied (rewrote to host set)
[log] [coop:interaction] interactionCounter() read -> 123 (role=guest)
[log] [coop:checksum] capture digest=99daca92ec52093a field=4 biome=18 seed=coop-soak-20260725 weather=0 terrain=0 money=27500 party=[890,384,493,150,382,888] partyLevels=[500,500,500,500,500,500] arenaTags=0 modifiers=8 heldItemsDigest=1 pokeballs=[0:99,1:10,2:10,3:0,4:0] mons=[bi0:sp890/hp2065-2065/st0/ab5258/form0/tera0:3/boss0:0 bi1:sp384/hp1715-1715/st0/ab5144/form0/tera0:15/boss0:0 bi2:sp334/hp0-212/st7/ab32/form0/tera0:2/boss0:0 bi3:sp334/hp0-223/st7/ab238/form0/tera0:2/boss0:0]
[log] [coop:transport] send guest t=turnCommitAck e=1827802517509761 wave=105 turn=1 rev=979 stage=materialApplied checksum=99daca92ec52093a
[log] [coop:stream] guest ACK turn stage=materialApplied e=1827802517509761 wave=105 turn=1 rev=979
[log] [coop:checksum] guest finalize materialApplied e=1827802517509761 wave=105 turn=1 rev=979
[log] [coop:transport] recv host t=turnCommitAck e=1827802517509761 wave=105 turn=1 rev=979 stage=materialApplied checksum=99daca92ec52093a handlers=1
[log] [coop:stream] host ACCEPT turn ACK stage=materialApplied key=1827802517509761:105:1:979
[log] [coop:transport] send guest t=turnCommitAck e=1827802517509761 wave=105 turn=1 rev=979 stage=presentationReady checksum=99daca92ec52093a
[log] [coop:stream] guest ACK turn stage=presentationReady e=1827802517509761 wave=105 turn=1 rev=979
[log] [coop:checksum] guest finalize presentationReady e=1827802517509761 wave=105 turn=1 rev=979
[log] [coop:replay] guest finalize turn=1: END (checkpoint applied, turn-end queued)
[log] [coop:transport] recv host t=turnCommitAck e=1827802517509761 wave=105 turn=1 rev=979 stage=presentationReady checksum=99daca92ec52093a handlers=1
[log] [coop:stream] host ACCEPT turn ACK stage=presentationReady key=1827802517509761:105:1:979
[log] [coop:stream] guest admitted WAVE_ADVANCE continuation e=1827802517509761 wave=105
[log] [coop:runtime] wave-advance JOURNAL bootstrap wave=105 outcome=win (ACK withheld)
[log] [coop:runtime] wave-advance JOURNAL queued safe-boundary wake wave=105 unparkedReplay=0
[log] [coop:runtime] wave-advance op JOURNAL cursor-advanced id=1827802517509761:0:WAVE_ADVANCE:105 rev=247 dataApplied=false continuationReady=false (DATA applies at BattleEnd; retained ACK awaits DATA + destination continuation)
[log] [coop:transport] send guest t=coopAck cls=op:global seq=247
[log] [coop:replay] guest RECV waveEndState wave=105 tick=980
[log] [coop:runtime] ignore raw waveEndState for correctness wave=105 tick=980
[log] [coop:relay] RECV rewardOptions key=123:0 -> BUFFER rewardOptionsInbox (latest-wins) count=5
[log] [coop:rendezvous] RECV arrival point=shop:105:123 -> BUFFER (no waiter yet) role=guest
[log] [coop:transport] recv host t=coopAck cls=op:global seq=247 handlers=1
[log] [coop:session] isCoopAuthoritativeGuestGated -> true (authoritative GUEST gates a structural mutation)
[log] [coop:session] isCoopAuthoritativeGuestGated -> true (authoritative GUEST gates a structural mutation)
[log] [coop:session] isCoopAuthoritativeGuestGated -> true (authoritative GUEST gates a structural mutation)
[log] [coop:session] isCoopAuthoritativeGuestGated -> true (authoritative GUEST gates a structural mutation)
[log] [coop:session] isCoopAuthoritativeGuestGated -> true (authoritative GUEST gates a structural mutation)
[log] [coop:runtime] consume wave-advance wave=105 outcome=win transition=WAVE_VICTORY/next106/biome0/egg1/wild (lastResolved 104 -> 105)
[log] [coop:replay] guest wave-advance outcome=win wave=105 next=WAVE_VICTORY/wave106 biomeChange=false eggLapse=true victoryKind=wild battleType=WILD queues=VictoryPhase (host-stated)
[warn] [coop:replay] guest wave-advance wave=105: replacing speculative future queue [CommandPhase,CommandPhase,TurnStartPhase]
[log] [coop:session] isCoopAuthoritativeGuestGated -> true (authoritative GUEST gates a structural mutation)
[log] [coop:progression] GUEST applyPartyExp SKIP wave=105 koMon=Altaria (awaiting host waveEndState)
[log] [coop-diag] VictoryPhase win-branch role=guest battleType=WILD queuesTrainerVictory=false queuesSelectModifier=true wave=105
[log] [coop:session] isCoopAuthoritativeGuestGated -> true (authoritative GUEST gates a structural mutation)
[log] [coop:session] isCoopAuthoritativeGuestGated -> true (authoritative GUEST gates a structural mutation)
[log] [coop-diag] VictoryTail role=guest wave=105 source=host-stated trainer=false egg=true biomeShop=false biomeChange=false crossroads=true nextWave=106
[log] [coop:session] isCoopAuthoritativeGuestGated -> true (authoritative GUEST gates a structural mutation)
[log] [coop:session] isCoopAuthoritativeGuestGated -> true (authoritative GUEST gates a structural mutation)
[log] [coop:session] isCoopAuthoritativeGuestGated -> true (authoritative GUEST gates a structural mutation)
[log] [coop:session] isCoopAuthoritativeGuestGated -> true (authoritative GUEST gates a structural mutation)
[log] [coop:adopt] erMoneyStreaks host entries=0 -> restored (#837/#348)
[log] [coop:adopt] biomeOverstayAnchor host=null -> restored (#837/#504)
[log] [coop:adopt] erBiomeStructure host length=25 startWave=101 -> restored (#841 item 5)
[log] [coop:adopt] erRelicBattleState host wave=105 -> restored (#837)
[log] [coop:adopt] erMapState host nodes=2 travelTarget=- fragments=0 -> restored (#865/#841 item 1)
[log] [coop:adopt] erPendingNodes host count=5 revealed=2 -> restored (#865)
[log] [coop:resync] guest apply authoritativeState tick=980 wave=105 turn=2 party=6/2 field=4
[log] [coop:resync] presentation settle boundary=resync-stable side=player desired=visible ids=[1582731684,1930538543] changed=0 phase=BattleEndPhase
[log] [coop:resync] presentation settle boundary=wave-start-pre-intro side=enemy desired=visible ids=[] changed=0 phase=BattleEndPhase
[log] [coop:runtime] wave-advance retained DATA boundary admitted wave=105
[log] [coop:progression] retained WAVE_ADVANCE DATA applied wave=105 tick=980
[log] [coop:progression] GUEST retained WAVE_ADVANCE BattleEnd release wave=105
[log] [coop:transport] recv guest t=envelope t=envelope handlers=1
[log] [coop:transport] send guest t=coopAck cls=op:global seq=247
[log] [coop:transport] recv host t=coopAck cls=op:global seq=247 handlers=1
[log] [coop:progression] GUEST automatic victory settlement admitted wave=105 turn=2
[log] [coop:interaction] interactionCounter() read -> 123 (role=guest)
[log] [coop:checksum] capture digest=e3813769f435f2cc field=4 biome=18 seed=coop-soak-20260725 weather=0 terrain=0 money=27500 party=[890,384,493,150,382,888] partyLevels=[500,500,500,500,500,500] arenaTags=0 modifiers=8 heldItemsDigest=1 pokeballs=[0:99,1:10,2:10,3:0,4:0] mons=[bi0:sp890/hp2065-2065/st0/ab5258/form0/tera0:3/boss0:0 bi1:sp384/hp1715-1715/st0/ab5144/form0/tera0:15/boss0:0 bi2:sp334/hp0-212/st7/ab32/form0/tera0:2/boss0:0 bi3:sp334/hp0-223/st7/ab238/form0/tera0:2/boss0:0]
[log] [coop:interaction] interactionCounter() read -> 123 (role=guest)
[log] [coop:owner] ownerOf(counter=123) seat=1 -> owner=guest
[log] [coop:owner] isLocalOwnerAtCounter(pinnedCounter=123) parity=1 owner=guest role=guest -> true
[log] [coop:interaction] interactionCounter() read -> 123 (role=guest)
[log] [coop:reward] owner/watcher decision: pinnedStart=123 liveCounter=123 parity=1 role=guest pick=OWNER option=ADOPT spoof=false
[log] [coop:rendezvous] ARRIVE point=shop:105:123 (send) role=guest
[log] [coop:transport] send guest t=rendezvous point=shop:105:123
[log] [coop:reward] OWNER drives reward screen (start=123 role=guest spoof=false adoptsOptions=true wave=105)
[log] [coop:rendezvous] shop-pick-commit barrier AWAIT shop:105:123
[log] [coop:rendezvous] AWAIT point=shop:105:123 -> partner already arrived (buffer-hit) role=guest
[log] [coop:transport] recv host t=rendezvous point=shop:105:123 handlers=1
[log] [coop:reward] WATCHER awaiting owner reward options (start=123 reroll=0 localCount=0)
[log] [coop:relay] AWAIT rewardOptions key=123:0 timeoutMs=1200000 -> BUFFER-HIT resolve count=5
[log] [coop:shop] reconstructRewardOptions OK count=5 ids=[MEMORY_MUSHROOM,BERRY,TEMP_STAT_STAGE_BOOSTER,TEMP_STAT_STAGE_BOOSTER,ROGUE_BALL]
[log] [coop:reward] WATCHER ADOPTED owner reward options (was=0 now=5 ids=[MEMORY_MUSHROOM,BERRY,TEMP_STAT_STAGE_BOOSTER,TEMP_STAT_STAGE_BOOSTER,ROGUE_BALL])
[log] [coop:transport] send guest t=turnCommitAck e=1827802517509761 wave=105 turn=1 rev=979 stage=continuationReady checksum=99daca92ec52093a
[log] [coop:stream] guest ACK turn stage=continuationReady e=1827802517509761 wave=105 turn=1 rev=979
[log] [coop:stream] guest continuation surface=sharedInput e=1827802517509761 wave=105 turn=2 waiting=1 released=1
[log] [coop:interaction] mirror begin role=owner mirrorSeq=7872 interactionStart=123 reroll=0
[log] [coop:interaction] uiMirror beginSession role=owner mode=6 seq=7872 early=0
[log] [coop:transport] recv host t=turnCommitAck e=1827802517509761 wave=105 turn=1 rev=979 stage=continuationReady checksum=99daca92ec52093a handlers=1
[log] [coop:progression] retained WAVE_ADVANCE continuationReady wave=105
[log] [coop:transport] send guest t=coopAck cls=op:global seq=247
[log] [coop:transport] send guest t=coopAck cls=op:global seq=247
[log] [coop:transport] send guest t=coopAck cls=op:global seq=247
[log] [coop:transport] recv host t=coopAck cls=op:global seq=247 handlers=1
[log] [coop:transport] recv host t=coopAck cls=op:global seq=247 handlers=1
[log] [coop:transport] recv host t=coopAck cls=op:global seq=247 handlers=1
[log] [coop:owner] ownerOf(counter=123) seat=1 -> owner=guest
[log] [coop:owner] isLocalOwnerAtCounter(pinnedCounter=123) parity=1 owner=guest role=guest -> true
[log] [coop:relay] OWNER prepare seq=123 kind=skip choice=-1 data=[] role=guest
[log] [coop:reward] reward op INTENT prepared label=skip id=1827802517509761:1:REWARD:12300000
[log] [coop:relay] SEND interactionChoice seq=123 kind=skip kind=? choice=-1 data=-
[log] [coop:transport] send guest t=interactionChoice seq=123 kind=skip choice=-1
[warn] [coop:v2-shadow] FAULT tap(INTERACTION_COMMIT): AuthorityLog.commit: entry context is not bound to the local authority
[log] [coop:relay] AWAIT interactionChoice seq=123 timeoutMs=1200000 expected=[reward,shop,skip,reroll,check,transfer,lock] -> network-wait
[log] [coop:transport] recv host t=interactionChoice seq=123 kind=skip choice=-1 handlers=1
[log] [coop:adopt] erMoneyStreaks host entries=0 -> restored (#837/#348)
[log] [coop:adopt] biomeOverstayAnchor host=null -> restored (#837/#504)
[log] [coop:adopt] erBiomeStructure host length=25 startWave=101 -> restored (#841 item 5)
[log] [coop:adopt] erRelicBattleState host wave=105 -> restored (#837)
[log] [coop:adopt] erMapState host nodes=2 travelTarget=- fragments=0 -> restored (#865/#841 item 1)
[log] [coop:adopt] erPendingNodes host count=5 revealed=2 -> restored (#865)
[log] [coop:resync] guest apply authoritativeState tick=981 wave=105 turn=2 party=6/2 field=4
[log] [coop:resync] presentation settle boundary=resync-stable side=player desired=visible ids=[1582731684,1930538543] changed=0 phase=SelectModifierPhase
[log] [coop:resync] presentation settle boundary=wave-start-pre-intro side=enemy desired=visible ids=[] changed=0 phase=SelectModifierPhase
[log] [coop:relay] DELIVER interactionChoice seq=123 -> waiter kind=skip choice=-1 data=-
[log] [coop:relay] AWAIT interactionChoice seq=123 RESOLVE kind=skip choice=-1 data=-
[log] [coop:reward] shop authoritative RESULT applied-before-render kind=REWARD id=1827802517509761:1:REWARD:12300000 rev=248 tick=981
[log] [coop:transport] send guest t=coopAck cls=op:global seq=248
[log] [coop:reward] reward op WATCHER materialize retained choice=-1 terminal=true id=1827802517509761:1:REWARD:12300000
[log] [coop:reward] WATCHER applying relayed action seq=123 act=LEAVE choice=-1 data=-
[log] [coop:v2-interaction] terminal proof recorded op=1827802517509761:1:REWARD:12300000 role=guest seat=1 duplicate=0 ambient=1
[log] [coop:v2-interaction] phase terminal proof op=1827802517509761:1:REWARD:12300000 route=constructor-fallback accepted=1
[log] [coop:interaction] interactionCounter() read -> 123 (role=guest)
[log] [coop:interaction] CoopInteractionTurn.advance INCREMENT (fromCounter=123) counter 123 -> 124
[log] [coop:interaction] advanceInteraction ADVANCED+BROADCAST (fromCounter=123) counter 123 -> 124 role=guest; send interaction screen=__turn__ choice=124
[log] [coop:interaction] SEND counter snapshot reason=advance choice=124 role=guest
[log] [coop:transport] send guest t=interaction screen=__turn__
[log] [coop:owner] ownerOf(counter=124) seat=0 -> owner=host
[log] [coop:owner] ownerOf(counter=124) seat=0 -> owner=host
[log] [coop:interaction] interactionCounter() read -> 124 (role=guest)
[log] [coop:reward] advance interaction (role=guest from=123 counter 123 -> 124)
[log] [coop:session] isCoopAuthoritativeGuestGated -> true (authoritative GUEST gates a structural mutation)
[log] [coop:transport] recv host t=coopAck cls=op:global seq=248 handlers=1
[log] [coop:transport] recv host t=interaction screen=__turn__ handlers=1
[log] [coop:interaction] RECV interaction broadcast (deferred catch-up net) received=124 localBefore=124 role=guest -> no defer (local >= received)
[warn] [coop:interaction] CoopInteractionTurn.mergeRemote DEFER (remote=124, counter=124, pendingRemote=124) live counter UNCHANGED (folds in at next advance if still ahead)
[log] [coop:owner] ownerOf(counter=124) seat=0 -> owner=host
[log] [coop:owner] ownerOf(counter=124) seat=0 -> owner=host
[log] [coop:rendezvous] RECV arrival point=xroads:105 -> BUFFER (no waiter yet) role=guest
[log] [coop:interaction] interactionCounter() read -> 124 (role=guest)
[log] [coop:owner] ownerOf(counter=124) seat=0 -> owner=host
[log] [coop:owner] isLocalOwnerAtCounter(pinnedCounter=124) parity=0 owner=host role=guest -> false
[log] [coop:rendezvous] crossroads boundary barrier RENDEZVOUS xroads:105 (#858)
[log] [coop:rendezvous] ARRIVE point=xroads:105 (send) role=guest
[log] [coop:transport] send guest t=rendezvous point=xroads:105
[log] [coop:rendezvous] AWAIT point=xroads:105 -> partner already arrived (buffer-hit) role=guest
[log] [coop:transport] recv host t=rendezvous point=xroads:105 handlers=1
[log] [coop:interaction] interactionCounter() read -> 124 (role=guest)
[log] [coop:owner] ownerOf(counter=124) seat=0 -> owner=host
[log] [coop:owner] isLocalOwnerAtCounter(pinnedCounter=124) parity=0 owner=host role=guest -> false
[log] [coop:reward] crossroads owner/watcher decision: pinnedStart=124 role=guest spoof=false -> WATCHER (#848)
[log] [coop:interaction] uiMirror beginSession role=watcher mode=15 seq=9600124 early=0
[log] [coop:transport] send guest t=coopAck cls=op:global seq=247
[log] [coop:transport] recv host t=coopAck cls=op:global seq=247 handlers=1
[log] [coop:rendezvous] RECV arrival point=xroads:105 -> DUPLICATE (already seen) role=guest
[log] [coop:interaction] uiMirror WATCHER apply n=0 button=1 mode=15
[log] [coop:relay] DELIVER interactionChoice seq=9600124 -> BUFFER inbox depth=1 kind=crossroads choice=1 data=-
[log] [coop:reward] biome op JOURNAL apply id=1827802517509761:0:CROSSROADS_PICK:9600124 rev=249 (Wave-2e/W2e-R)
[log] [coop:transport] send guest t=coopAck cls=op:global seq=249
[log] [coop:relay] DELIVER interactionChoice seq=9600124 -> BUFFER inbox depth=2 kind=crossroads choice=1 data=-
[log] [coop:transport] recv host t=coopAck cls=op:global seq=249 handlers=1
[log] [coop:reward] biome op WATCHER materialize JOURNAL choice kind=CROSSROADS_PICK id=1827802517509761:0:CROSSROADS_PICK:9600124
[log] [coop:reward] crossroads WATCHER: owner pick received moveOn=true pinnedStart=124 (#848)
[log] [coop:session] isCoopAuthoritativeGuestGated -> true (authoritative GUEST gates a structural mutation)
[log] [coop:v2-interaction] terminal proof recorded op=1827802517509761:0:CROSSROADS_PICK:9600124 role=guest seat=1 duplicate=0 ambient=1
[log] [coop:interaction] interactionCounter() read -> 124 (role=guest)
[log] [coop:interaction] interactionCounter() read -> 124 (role=guest)
[log] [coop:owner] ownerOf(counter=124) seat=0 -> owner=host
[log] [coop:owner] isLocalOwnerAtCounter(pinnedCounter=124) parity=0 owner=host role=guest -> false
[log] [coop:session] isCoopAuthoritativeGuestGated -> true (authoritative GUEST gates a structural mutation)
[log] [coop:owner] ownerOf(counter=124) seat=0 -> owner=host
[log] [coop:owner] isLocalOwnerAtCounter(pinnedCounter=124) parity=0 owner=host role=guest -> false
[log] [coop:session] isCoopAuthoritativeGuestGated -> true (authoritative GUEST gates a structural mutation)
[log] [coop:owner] ownerOf(counter=124) seat=0 -> owner=host
[log] [coop:owner] isLocalOwnerAtCounter(pinnedCounter=124) parity=0 owner=host role=guest -> false
[log] [coop:reward] biome pick owner/watcher decision: pinnedStart=124 role=guest spoof=false chained=true -> WATCHER (#848)
[log] [coop:interaction] uiMirror beginSession role=watcher mode=54 seq=9700124 early=0
[log] [coop:transport] send guest t=coopAck cls=op:global seq=247
[log] [coop:transport] recv host t=coopAck cls=op:global seq=247 handlers=1
[log] [coop:relay] DELIVER interactionChoice seq=9700124 -> BUFFER inbox depth=1 kind=biomePick choice=0 data=[8]
[log] [coop:relay] DELIVER interactionChoice seq=9700124 -> BUFFER inbox depth=2 kind=biomePick choice=0 data=[8]
[log] [coop:reward] biome op JOURNAL apply id=1827802517509761:0:BIOME_PICK:9700124 rev=250 (Wave-2e/W2e-R)
[log] [coop:transport] send guest t=coopAck cls=op:global seq=250
[log] [coop:interaction] RECV interaction broadcast (deferred catch-up net) received=125 localBefore=124 role=guest -> WILL DEFER to 125 (folds in at next advance if still ahead)
[warn] [coop:interaction] CoopInteractionTurn.mergeRemote DEFER (remote=125, counter=124, pendingRemote=125) live counter UNCHANGED (folds in at next advance if still ahead)
[log] [coop:owner] ownerOf(counter=124) seat=0 -> owner=host
[log] [coop:owner] ownerOf(counter=124) seat=0 -> owner=host
[log] [coop:reward] biome op WATCHER materialize JOURNAL choice kind=BIOME_PICK id=1827802517509761:0:BIOME_PICK:9700124
[log] [coop:session] isCoopAuthoritativeGuestGated -> true (authoritative GUEST gates a structural mutation)
[log] [coop:reward] biome pick WATCHER: owner biome=undefined received pinnedStart=124 (#848)
[log] [coop:transport] recv host t=coopAck cls=op:global seq=250 handlers=1
[log] [coop:session] isCoopAuthoritativeGuestGated -> true (authoritative GUEST gates a structural mutation)
[log] [coop:interaction] interactionCounter() read -> 124 (role=guest)
[log] [coop:interaction] CoopInteractionTurn.advance INCREMENT (fromCounter=124) counter 124 -> 125
[log] [coop:interaction] advanceInteraction ADVANCED+BROADCAST (fromCounter=124) counter 124 -> 125 role=guest; send interaction screen=__turn__ choice=125
[log] [coop:interaction] SEND counter snapshot reason=advance choice=125 role=guest
[log] [coop:transport] send guest t=interaction screen=__turn__
[log] [coop:owner] ownerOf(counter=125) seat=1 -> owner=guest
[log] [coop:owner] ownerOf(counter=125) seat=1 -> owner=guest
[log] [coop:interaction] interactionCounter() read -> 125 (role=guest)
[log] [coop:reward] advance interaction from CONTINUATION commit (role=guest from=124 counter 124 -> 125)
[log] [coop:interaction] interactionCounter() read -> 125 (role=guest)
[log] [coop:v2-interaction] terminal proof recorded op=1827802517509761:0:BIOME_PICK:9700124 role=guest seat=1 duplicate=0 ambient=1
[log] [coop:transport] recv host t=interaction screen=__turn__ handlers=1
[log] [coop:interaction] interactionCounter() read -> 125 (role=guest)
[log] [coop:replay] guest RECV enemyPartySync wave=106 count=3 -> buffered (no waiter)
[log] [coop:replay] guest RECV entry presentation wave=106 stateTick=985 events=16 buffered
[log] [coop:replay] guest RECV enemyPartySync wave=106 count=3 -> buffered (no waiter)
[log] [coop:rendezvous] RECV arrival point=cmd:106:1 -> BUFFER (no waiter yet) role=guest
[log] [coop:session] isCoopAuthoritativeGuestGated -> true (authoritative GUEST gates a structural mutation)
[log] [coop:battletype] wave=106 HOST verdict: TRAINER - adopting (#867)
[log] [coop:me] wave=106 HOST verdict: NO ME - local presence roll suppressed (#862)
[log] [coop:session] isCoopAuthoritativeGuestGated -> true (authoritative GUEST gates a structural mutation)
[log] [coop:session] isCoopAuthoritativeGuestGated -> true (authoritative GUEST gates a structural mutation)
[log] [coop:stream] guest consumeEnemyParty wave=106 -> 3 enemies
[log] [coop:enemy] buildCoopEnemy ADOPT trainerSlot=1 species=10057 form=0 lv=76 abilityIdx=0 nature=0 gender=0 shiny=false tera=0:10 hp=261/261 moves=4 heldItems=0
[log] [coop:enemy] buildCoopEnemy ADOPT trainerSlot=1 species=10057 form=0 lv=76 abilityIdx=1 nature=0 gender=0 shiny=false tera=0:10 hp=261/261 moves=4 heldItems=1
[log] [coop:enemy] buildCoopEnemy ADOPT trainerSlot=1 species=691 form=0 lv=85 abilityIdx=0 nature=0 gender=0 shiny=false tera=0:3 hp=265/265 moves=4 heldItems=1
[log] [coop:turn] host recorder: append turn=1 seq=16 k=weather total=17 live=true
[log] [coop:session] isCoopAuthoritativeGuestGated -> true (authoritative GUEST gates a structural mutation)
[log] [coop:turn] host recorder: append turn=1 seq=17 k=message total=18 live=true
[log] [coop:adopt] erMoneyStreaks host entries=0 -> restored (#837/#348)
[log] [coop:adopt] biomeOverstayAnchor host=null -> restored (#837/#504)
[log] [coop:adopt] erBiomeStructure host length=20 startWave=106 -> restored (#841 item 5)
[log] [coop:adopt] erRelicBattleState host wave=106 -> restored (#837)
[log] [coop:adopt] erMapState host nodes=2 travelTarget=- fragments=0 -> restored (#865/#841 item 1)
[log] [coop:adopt] erPendingNodes host count=4 revealed=2 -> restored (#865)
[log] [coop:resync] guest apply authoritativeState tick=985 wave=106 turn=1 party=6/3 field=4
[log] [coop:resync] presentation settle boundary=resync-stable side=player desired=visible ids=[1582731684,1930538543] changed=0 phase=NewBiomeEncounterPhase
[log] [coop:resync] presentation settle boundary=resync-stable side=enemy desired=visible ids=[398558741,398439128] changed=2 phase=NewBiomeEncounterPhase
[log] [coop:resync] render differ: newly presented id=398558741 key=pkmn__er__tentagrewl -> load atlas
[log] [coop:resync] render differ: newly presented id=398439128 key=pkmn__er__tentagrewl -> load atlas
[log] [coop:resync] presentation settle boundary=launch-ready side=player desired=visible ids=[1582731684,1930538543] changed=0 phase=NewBiomeEncounterPhase
[log] [coop:resync] presentation settle boundary=encounter-summon side=enemy desired=visible ids=[398558741,398439128] changed=0 phase=NewBiomeEncounterPhase
[log] [coop:resync] presentation settle boundary=encounter-summon side=enemy desired=visible ids=[398558741,398439128] changed=0 phase=NewBiomeEncounterPhase
[log] [coop:session] isCoopAuthoritativeGuestGated -> true (authoritative GUEST gates a structural mutation)
[log] [coop:session] isCoopAuthoritativeGuestGated -> true (authoritative GUEST gates a structural mutation)
[log] [coop:session] isCoopAuthoritativeGuestGated -> true (authoritative GUEST gates a structural mutation)
[log] [coop:session] isCoopAuthoritativeGuestGated -> true (authoritative GUEST gates a structural mutation)
[log] [coop:session] isCoopAuthoritativeGuestGated -> true (authoritative GUEST gates a structural mutation)
[log] [coop:session] isCoopAuthoritativeGuestGated -> true (authoritative GUEST gates a structural mutation)
[log] [coop:replay] guest replay turn=1: awaiting retained entry presentation
[warn] [coop:resync] authoritativeState tick=985 STALE (lastApplied=985) -> REJECTED (#807)
[log] [coop:adopt] erMoneyStreaks host entries=0 -> restored (#837/#348)
[log] [coop:adopt] biomeOverstayAnchor host=null -> restored (#837/#504)
[log] [coop:adopt] erBiomeStructure host length=20 startWave=106 -> restored (#841 item 5)
[log] [coop:adopt] erRelicBattleState host wave=106 -> restored (#837)
[log] [coop:adopt] erMapState host nodes=2 travelTarget=- fragments=0 -> restored (#865/#841 item 1)
[log] [coop:adopt] erPendingNodes host count=4 revealed=2 -> restored (#865)
[log] [coop:resync] guest reassert authoritativeState tick=985 wave=106 turn=1 party=6/3 field=4
[log] [coop:resync] presentation settle boundary=resync-stable side=player desired=visible ids=[1582731684,1930538543] changed=0 phase=CoopReplayTurnPhase
[log] [coop:resync] presentation settle boundary=resync-stable side=enemy desired=visible ids=[398558741,398439128] changed=0 phase=CoopReplayTurnPhase
[log] [coop:replay] guest replay turn=1: rendering 16 event(s)
[log] [coop:replay] guest replay turn=1: present k=weather
[log] [coop:session] isCoopAuthoritativeGuestGated -> true (authoritative GUEST gates a structural mutation)
[log] [coop:replay] guest replay turn=1: present k=message
[log] [coop:turn] host recorder: append turn=1 seq=18 k=message total=19 live=true
[log] [coop:replay] guest replay turn=1: present k=message
[log] [coop:turn] host recorder: append turn=1 seq=19 k=message total=20 live=true
[log] [coop:replay] guest replay turn=1: present k=showAbility
[log] [coop:session] isCoopAuthoritativeGuestGated -> true (authoritative GUEST gates a structural mutation)
[log] [coop:replay] guest replay turn=1: present k=message
[log] [coop:turn] host recorder: append turn=1 seq=20 k=message total=21 live=true
[log] [coop:replay] guest replay turn=1: present k=statStage
[log] [coop:session] isCoopAuthoritativeGuestGated -> true (authoritative GUEST gates a structural mutation)
[log] [coop:replay] guest replay turn=1: present k=showAbility
[log] [coop:session] isCoopAuthoritativeGuestGated -> true (authoritative GUEST gates a structural mutation)
[log] [coop:replay] guest replay turn=1: present k=showAbility
[log] [coop:session] isCoopAuthoritativeGuestGated -> true (authoritative GUEST gates a structural mutation)
[log] [coop:replay] guest replay turn=1: present k=message
[log] [coop:turn] host recorder: append turn=1 seq=21 k=message total=22 live=true
[log] [coop:replay] guest replay turn=1: present k=statStage
[log] [coop:session] isCoopAuthoritativeGuestGated -> true (authoritative GUEST gates a structural mutation)
[log] [coop:replay] guest replay turn=1: present k=message
[log] [coop:turn] host recorder: append turn=1 seq=22 k=message total=23 live=true
[log] [coop:replay] guest replay turn=1: present k=statStage
[log] [coop:session] isCoopAuthoritativeGuestGated -> true (authoritative GUEST gates a structural mutation)
[log] [coop:replay] guest replay turn=1: present k=message
[log] [coop:turn] host recorder: append turn=1 seq=23 k=message total=24 live=true
[log] [coop:replay] guest replay turn=1: present k=statStage
[log] [coop:session] isCoopAuthoritativeGuestGated -> true (authoritative GUEST gates a structural mutation)
[log] [coop:replay] guest replay turn=1: present k=message
[log] [coop:turn] host recorder: append turn=1 seq=24 k=message total=25 live=true
[log] [coop:replay] guest replay turn=1: present k=statStage
[log] [coop:session] isCoopAuthoritativeGuestGated -> true (authoritative GUEST gates a structural mutation)
[log] [coop:replay] guest replay turn=1: rendered phases [weather=1 message=7 showAbility=3 statStage=5]
[log] [coop:replay] guest replay turn=1: retained entry presentation queued stateTick=985 events=16; awaiting exact outcome proof
[log] [coop:session] isCoopAuthoritativeGuestGated -> true (authoritative GUEST gates a structural mutation)
[log] [coop:session] isCoopAuthoritativeGuestGated -> true (authoritative GUEST gates a structural mutation)
[log] [coop:session] isCoopAuthoritativeGuestGated -> true (authoritative GUEST gates a structural mutation)
[log] [coop:replay] present statStage bi=0 stat=3 -> 2
[log] [coop:replay] present statStage bi=0 stat=3 set to 2 NO tween (delta=0 anims=false)
[log] [coop:session] isCoopAuthoritativeGuestGated -> true (authoritative GUEST gates a structural mutation)
[log] [coop:session] isCoopAuthoritativeGuestGated -> true (authoritative GUEST gates a structural mutation)
[log] [coop:session] isCoopAuthoritativeGuestGated -> true (authoritative GUEST gates a structural mutation)
[log] [coop:session] isCoopAuthoritativeGuestGated -> true (authoritative GUEST gates a structural mutation)
[log] [coop:replay] present statStage bi=2 stat=1 -> -1
[log] [coop:replay] present statStage bi=2 stat=1 set to -1 NO tween (delta=0 anims=false)
[log] [coop:replay] present statStage bi=2 stat=3 -> -1
[log] [coop:replay] present statStage bi=2 stat=3 set to -1 NO tween (delta=0 anims=false)
[log] [coop:replay] present statStage bi=3 stat=1 -> -1
[log] [coop:replay] present statStage bi=3 stat=1 set to -1 NO tween (delta=0 anims=false)
[log] [coop:replay] present statStage bi=3 stat=3 -> -1
[log] [coop:replay] present statStage bi=3 stat=3 set to -1 NO tween (delta=0 anims=false)
[log] [coop:replay] guest entry presentation PROVED wave=106 turn=1 events=16
[log] [coop:renderer] command presentation postcondition hid stale enemy trainer
[log] [coop:stream] guest consumeEnemyParty wave=106 -> null (buffered=none)
[log] [coop:battle] CommandPhase slot=0 turn=1 owner=host role=guest -> partner path
[log] [coop:stream] guest consumeEnemyParty wave=106 -> null (buffered=none)
[log] [coop:rendezvous] ARRIVE point=cmd:106:1 (send) role=guest
[log] [coop:transport] send guest t=rendezvous point=cmd:106:1
[log] [coop:rendezvous] next-command barrier cmd:106:1 SYNC pass (partner already arrived)
[log] [coop:stream] guest consumeEnemyParty wave=106 -> null (buffered=none)
[log] [coop:transport] send guest t=coopAck cls=op:global seq=248
[log] [coop:transport] send guest t=coopAck cls=op:global seq=248
[log] [coop:transport] send guest t=coopAck cls=op:global seq=249
[log] [coop:transport] send guest t=coopAck cls=op:global seq=249
[log] [coop:transport] send guest t=coopAck cls=op:global seq=250
[log] [coop:transport] send guest t=coopAck cls=op:global seq=250
[log] [coop:transport] recv host t=rendezvous point=cmd:106:1 handlers=1
[log] [coop:transport] recv host t=coopAck cls=op:global seq=248 handlers=1
[log] [coop:transport] recv host t=coopAck cls=op:global seq=248 handlers=1
[log] [coop:transport] recv host t=coopAck cls=op:global seq=249 handlers=1
[log] [coop:transport] recv host t=coopAck cls=op:global seq=249 handlers=1
[log] [coop:transport] recv host t=coopAck cls=op:global seq=250 handlers=1
[log] [coop:transport] recv host t=coopAck cls=op:global seq=250 handlers=1
[log] [coop:rendezvous] RECV arrival point=cmd:106:1 -> DUPLICATE (already seen) role=guest
[log] [coop:replay] guest IGNORE duplicate consumed entry presentation wave=106
[log] [coop:replay] guest RECV enemyPartySync wave=106 count=3 -> buffered (no waiter)
[log] [coop:interaction] interactionCounter() read -> 125 (role=guest)
[log] [coop:checksum] capture digest=5e3ec8c1719cd2cf field=4 biome=8 seed=coop-soak-20260725 weather=1 terrain=0 money=27500 party=[890,384,493,150,382,888] partyLevels=[500,500,500,500,500,500] arenaTags=0 modifiers=8 heldItemsDigest=2 pokeballs=[0:99,1:10,2:10,3:0,4:0] mons=[bi0:sp890/hp2065-2065/st0/ab5258/form0/tera0:3/boss0:0 bi1:sp384/hp1715-1715/st0/ab5144/form0/tera0:15/boss0:0 bi2:sp10057/hp261-261/st0/ab212/form0/tera0:10/boss0:0 bi3:sp10057/hp261-261/st0/ab5101/form0/tera0:10/boss0:0]
[log] [coop:interaction] interactionCounter() read -> 125 (role=guest)
[log] [coop:replay] guest IGNORE duplicate consumed entry presentation wave=106
[log] [coop:replay] guest RECV enemyPartySync wave=106 count=3 -> buffered (no waiter)
[log] [coop:replay] guest RECV turnResolution e=1827802517509761 wave=106 turn=1 events=39 checksum=5db04ae13af0ef6f -> buffered (no waiter)
[log] [coop:session] isCoopAuthoritativeGuestGated -> true (authoritative GUEST gates a structural mutation)
[log] [coop:replay] guest replay turn=1: live pump start mode=turn
[log] [coop:replay] guest replay turn=1: advance local watermark 0->16
[log] [coop:session] isCoopAuthoritativeGuestGated -> true (authoritative GUEST gates a structural mutation)
[log] [coop:transport] send guest t=requestTurnCommit e=1827802517509761 wave=106 turn=1 rev=pending
[log] [coop:transport] send guest t=requestTurnCommit e=1827802517509761 wave=106 turn=1 rev=989
[log] [coop:replay] guest awaitTurn turn=1 RESOLVE (buffered race) events=39
[log] [coop:transport] recv host t=requestTurnCommit e=1827802517509761 wave=106 turn=1 rev=pending handlers=1
[log] [coop:transport] send host t=turnResolution e=1827802517509761 wave=106 turn=1 rev=989 events=39 checksum=5db04ae13af0ef6f
[log] [coop:transport] recv host t=requestTurnCommit e=1827802517509761 wave=106 turn=1 rev=989 handlers=1
[log] [coop:transport] send host t=turnResolution e=1827802517509761 wave=106 turn=1 rev=989 events=39 checksum=5db04ae13af0ef6f
[log] [coop:transport] recv guest t=turnResolution e=1827802517509761 wave=106 turn=1 rev=989 events=39 checksum=5db04ae13af0ef6f handlers=1
[log] [coop:transport] recv guest t=turnResolution e=1827802517509761 wave=106 turn=1 rev=989 events=39 checksum=5db04ae13af0ef6f handlers=1
[log] [coop:replay] guest consume live events turn=1 count=0
[log] [coop:replay] guest replay turn=1: RESOLVE renderedLive=16 remaining=23 batch=39
[log] [coop:replay] guest replay turn=1: rendering 23 event(s)
[log] [coop:replay] guest replay turn=1: present k=weather
[log] [coop:session] isCoopAuthoritativeGuestGated -> true (authoritative GUEST gates a structural mutation)
[log] [coop:replay] guest replay turn=1: present k=message
[log] [coop:replay] guest replay turn=1: present k=message
[log] [coop:replay] guest replay turn=1: present k=message
[log] [coop:replay] guest replay turn=1: present k=message
[log] [coop:replay] guest replay turn=1: present k=message
[log] [coop:replay] guest replay turn=1: present k=message
[log] [coop:replay] guest replay turn=1: present k=message
[log] [coop:replay] guest replay turn=1: present k=message
[log] [coop:replay] guest replay turn=1: present k=switch
[log] [coop:session] isCoopAuthoritativeGuestGated -> true (authoritative GUEST gates a structural mutation)
[log] [coop:replay] guest replay turn=1: present k=terrain
[log] [coop:session] isCoopAuthoritativeGuestGated -> true (authoritative GUEST gates a structural mutation)
[log] [coop:replay] guest replay turn=1: present k=message
[log] [coop:replay] guest replay turn=1: present k=showAbility
[log] [coop:session] isCoopAuthoritativeGuestGated -> true (authoritative GUEST gates a structural mutation)
[log] [coop:replay] guest replay turn=1: present k=moveUsed
[log] [coop:session] isCoopAuthoritativeGuestGated -> true (authoritative GUEST gates a structural mutation)
[log] [coop:replay] guest replay turn=1: present k=hp
[log] [coop:session] isCoopAuthoritativeGuestGated -> true (authoritative GUEST gates a structural mutation)
[log] [coop:replay] guest replay turn=1: present k=faint
[log] [coop:session] isCoopAuthoritativeGuestGated -> true (authoritative GUEST gates a structural mutation)
[log] [coop:replay] guest replay turn=1: present k=message
[log] [coop:replay] guest replay turn=1: present k=hp
[log] [coop:session] isCoopAuthoritativeGuestGated -> true (authoritative GUEST gates a structural mutation)
[log] [coop:replay] guest replay turn=1: present k=message
[log] [coop:replay] guest replay turn=1: present k=moveUsed
[log] [coop:session] isCoopAuthoritativeGuestGated -> true (authoritative GUEST gates a structural mutation)
[log] [coop:replay] guest replay turn=1: present k=hp
[log] [coop:session] isCoopAuthoritativeGuestGated -> true (authoritative GUEST gates a structural mutation)
[log] [coop:replay] guest replay turn=1: present k=hp
[log] [coop:session] isCoopAuthoritativeGuestGated -> true (authoritative GUEST gates a structural mutation)
[log] [coop:replay] guest replay turn=1: present k=message
[log] [coop:replay] guest replay turn=1: rendered phases [weather=1 message=12 switch=1 terrain=1 showAbility=1 moveUsed=2 hp=4 faint=1]
[log] [coop:replay] guest replay turn=1: unshift CoopFinalizeTurnPhase (checkpoint apply deferred)
[log] [coop:session] isCoopAuthoritativeGuestGated -> true (authoritative GUEST gates a structural mutation)
[log] [coop:stream] guest IGNORE idempotent turn duplicate e=1827802517509761 wave=106 turn=1 rev=989
[log] [coop:stream] guest IGNORE idempotent turn duplicate e=1827802517509761 wave=106 turn=1 rev=989
[log] [coop:session] isCoopAuthoritativeGuestGated -> true (authoritative GUEST gates a structural mutation)
[log] [coop:session] isCoopAuthoritativeGuestGated -> true (authoritative GUEST gates a structural mutation)
[log] [coop:replay] present move bi=0 moveId=85 targets=1
[log] [coop:replay] present hp bi=2 261->0/261
[log] [coop:replay] present faint bi=2 narrate=true
[log] [coop:replay] present hp bi=0 2065->1979/2065
[log] [coop:replay] present move bi=3 moveId=352 targets=1
[log] [coop:replay] present hp bi=1 1721->1721/1725
[log] [coop:replay] present hp bi=0 1979->2065/2065
[log] [coop:checkpoint] guest apply field=4 weather=1 terrain=4 arenaTags=0
[warn] [coop:checkpoint] terrain host=4 guest=0 -> applied
[log] [coop:session] isCoopAuthoritativeGuestGated -> true (authoritative GUEST gates a structural mutation)
[log] [coop:adopt] erMoneyStreaks host entries=0 -> restored (#837/#348)
[log] [coop:adopt] biomeOverstayAnchor host=null -> restored (#837/#504)
[log] [coop:adopt] erBiomeStructure host length=20 startWave=106 -> restored (#841 item 5)
[log] [coop:adopt] erRelicBattleState host wave=106 -> restored (#837)
[log] [coop:adopt] erMapState host nodes=2 travelTarget=- fragments=0 -> restored (#865/#841 item 1)
[log] [coop:adopt] erPendingNodes host count=4 revealed=2 -> restored (#865)
[log] [coop:resync] guest apply authoritativeState tick=989 wave=106 turn=1 party=6/3 field=4
[log] [coop:resync] presentation settle boundary=resync-stable side=player desired=visible ids=[1582731684,2610605] changed=0 phase=CoopFinalizeTurnPhase
[log] [coop:resync] presentation settle boundary=resync-stable side=enemy desired=visible ids=[398439128] changed=0 phase=CoopFinalizeTurnPhase
[warn] [coop:heal] heldItems monId=1582731684 bi=0 removed=[LEFTOVERS] added=[LEFTOVERS] -> applied
[warn] [coop:heal] heldItems bi=0 host=[LEFTOVERS] -> applied (rewrote to host set)
[warn] [coop:heal] heldItems monId=398439128 bi=3 removed=[BERRY] added=[BERRY] -> applied
[warn] [coop:heal] heldItems bi=3 host=[BERRY] -> applied (rewrote to host set)
[log] [coop:interaction] interactionCounter() read -> 125 (role=guest)
[log] [coop:checksum] capture digest=5db04ae13af0ef6f field=4 biome=8 seed=coop-soak-20260725 weather=1 terrain=4 money=27500 party=[890,150,493,384,382,888] partyLevels=[500,500,500,500,500,500] arenaTags=0 modifiers=8 heldItemsDigest=2 pokeballs=[0:99,1:10,2:10,3:0,4:0] mons=[bi0:sp890/hp2065-2065/st0/ab5258/form0/tera0:3/boss0:0 bi1:sp150/hp1721-1725/st0/ab227/form0/tera0:13/boss0:0 bi2:sp10057/hp0-261/st7/ab212/form0/tera0:10/boss0:0 bi3:sp10057/hp261-261/st0/ab5101/form0/tera0:10/boss0:0]
[log] [coop:transport] send guest t=turnCommitAck e=1827802517509761 wave=106 turn=1 rev=989 stage=materialApplied checksum=5db04ae13af0ef6f
[log] [coop:stream] guest ACK turn stage=materialApplied e=1827802517509761 wave=106 turn=1 rev=989
[log] [coop:checksum] guest finalize materialApplied e=1827802517509761 wave=106 turn=1 rev=989
[log] [coop:transport] recv host t=turnCommitAck e=1827802517509761 wave=106 turn=1 rev=989 stage=materialApplied checksum=5db04ae13af0ef6f handlers=1
[log] [coop:stream] host ACCEPT turn ACK stage=materialApplied key=1827802517509761:106:1:989
[log] [coop:transport] send guest t=turnCommitAck e=1827802517509761 wave=106 turn=1 rev=989 stage=presentationReady checksum=5db04ae13af0ef6f
[log] [coop:stream] guest ACK turn stage=presentationReady e=1827802517509761 wave=106 turn=1 rev=989
[log] [coop:checksum] guest finalize presentationReady e=1827802517509761 wave=106 turn=1 rev=989
[log] [coop:replay] guest finalize turn=1: END (checkpoint applied, turn-end queued)
[log] [coop:transport] recv host t=turnCommitAck e=1827802517509761 wave=106 turn=1 rev=989 stage=presentationReady checksum=5db04ae13af0ef6f handlers=1
[log] [coop:stream] host ACCEPT turn ACK stage=presentationReady key=1827802517509761:106:1:989
[log] [coop:rendezvous] ARRIVE point=cmd:106:2 (send) role=guest
[log] [coop:transport] send guest t=rendezvous point=cmd:106:2
[log] [coop:rendezvous] RECV arrival point=cmd:106:2 -> BUFFER (no waiter yet) role=guest
[log] [coop:session] isCoopAuthoritativeGuestGated -> true (authoritative GUEST gates a structural mutation)
[log] [coop:session] isCoopAuthoritativeGuestGated -> true (authoritative GUEST gates a structural mutation)
[log] [coop:session] isCoopAuthoritativeGuestGated -> true (authoritative GUEST gates a structural mutation)
[log] [coop:session] isCoopAuthoritativeGuestGated -> true (authoritative GUEST gates a structural mutation)
[log] [coop:session] isCoopAuthoritativeGuestGated -> true (authoritative GUEST gates a structural mutation)
[log] [coop:battle] CommandPhase slot=0 turn=2 owner=host role=guest -> partner path
[log] [coop:rendezvous] next-command barrier cmd:106:2 SYNC pass (partner already arrived)
[log] [coop:transport] send guest t=turnCommitAck e=1827802517509761 wave=106 turn=1 rev=989 stage=continuationReady checksum=5db04ae13af0ef6f
[log] [coop:stream] guest ACK turn stage=continuationReady e=1827802517509761 wave=106 turn=1 rev=989
[log] [coop:stream] guest continuation surface=command e=1827802517509761 wave=106 turn=2 waiting=1 released=1
[log] [coop:transport] recv host t=turnCommitAck e=1827802517509761 wave=106 turn=1 rev=989 stage=continuationReady checksum=5db04ae13af0ef6f handlers=1
[log] [coop:replay] guest RECV turnResolution e=1827802517509761 wave=106 turn=2 events=11 checksum=774c2087c60ef824 -> buffered (no waiter)
[log] [coop:replay] guest RECV waveResolved wave=106 outcome=win transition=WAVE_VICTORY/next107/biome0/egg1/trainer
[log] [coop:runtime] recv waveResolved wave=106 outcome=win role=guest netcode=authoritative
[log] [coop:runtime] ignore raw waveResolved for correctness wave=106 outcome=win; awaiting retained transaction
[log] [coop:session] isCoopAuthoritativeGuestGated -> true (authoritative GUEST gates a structural mutation)
[log] [coop:replay] guest replay turn=2: live pump start mode=turn
[log] [coop:transport] send guest t=requestTurnCommit e=1827802517509761 wave=106 turn=2 rev=pending
[log] [coop:transport] send guest t=requestTurnCommit e=1827802517509761 wave=106 turn=2 rev=991
[log] [coop:replay] guest awaitTurn turn=2 RESOLVE (buffered race) events=11
[log] [coop:transport] recv host t=requestTurnCommit e=1827802517509761 wave=106 turn=2 rev=pending handlers=1
[log] [coop:transport] send host t=turnResolution e=1827802517509761 wave=106 turn=2 rev=991 events=11 checksum=774c2087c60ef824
[log] [coop:transport] recv host t=requestTurnCommit e=1827802517509761 wave=106 turn=2 rev=991 handlers=1
[log] [coop:transport] send host t=turnResolution e=1827802517509761 wave=106 turn=2 rev=991 events=11 checksum=774c2087c60ef824
[log] [coop:transport] recv guest t=turnResolution e=1827802517509761 wave=106 turn=2 rev=991 events=11 checksum=774c2087c60ef824 handlers=1
[log] [coop:transport] recv guest t=turnResolution e=1827802517509761 wave=106 turn=2 rev=991 events=11 checksum=774c2087c60ef824 handlers=1
[log] [coop:replay] guest consume live events turn=2 count=0
[log] [coop:replay] guest replay turn=2: RESOLVE renderedLive=0 remaining=11 batch=11
[log] [coop:replay] guest replay turn=2: rendering 11 event(s)
[log] [coop:replay] guest replay turn=2: present k=switch
[log] [coop:session] isCoopAuthoritativeGuestGated -> true (authoritative GUEST gates a structural mutation)
[log] [coop:replay] guest replay turn=2: present k=moveUsed
[log] [coop:session] isCoopAuthoritativeGuestGated -> true (authoritative GUEST gates a structural mutation)
[log] [coop:replay] guest replay turn=2: present k=hp
[log] [coop:session] isCoopAuthoritativeGuestGated -> true (authoritative GUEST gates a structural mutation)
[log] [coop:replay] guest replay turn=2: present k=faint
[log] [coop:session] isCoopAuthoritativeGuestGated -> true (authoritative GUEST gates a structural mutation)
[log] [coop:replay] guest replay turn=2: present k=hp
[log] [coop:session] isCoopAuthoritativeGuestGated -> true (authoritative GUEST gates a structural mutation)
[log] [coop:replay] guest replay turn=2: present k=message
[log] [coop:replay] guest replay turn=2: present k=moveUsed
[log] [coop:session] isCoopAuthoritativeGuestGated -> true (authoritative GUEST gates a structural mutation)
[log] [coop:replay] guest replay turn=2: present k=hp
[log] [coop:session] isCoopAuthoritativeGuestGated -> true (authoritative GUEST gates a structural mutation)
[log] [coop:replay] guest replay turn=2: present k=faint
[log] [coop:session] isCoopAuthoritativeGuestGated -> true (authoritative GUEST gates a structural mutation)
[log] [coop:replay] guest replay turn=2: present k=hp
[log] [coop:session] isCoopAuthoritativeGuestGated -> true (authoritative GUEST gates a structural mutation)
[log] [coop:replay] guest replay turn=2: present k=message
[log] [coop:replay] guest replay turn=2: rendered phases [switch=1 moveUsed=2 hp=4 faint=2 message=2]
[log] [coop:replay] guest replay turn=2: unshift CoopFinalizeTurnPhase (checkpoint apply deferred)
[log] [coop:session] isCoopAuthoritativeGuestGated -> true (authoritative GUEST gates a structural mutation)
[log] [coop:stream] guest IGNORE idempotent turn duplicate e=1827802517509761 wave=106 turn=2 rev=991
[log] [coop:stream] guest IGNORE idempotent turn duplicate e=1827802517509761 wave=106 turn=2 rev=991
[log] [coop:replay] present move bi=0 moveId=85 targets=1
[log] [coop:replay] present hp bi=2 0->0/265
[log] [coop:replay] present faint bi=2 narrate=true
[log] [coop:replay] present hp bi=0 2065->1978/2065
[log] [coop:replay] present move bi=1 moveId=247 targets=1
[log] [coop:replay] present hp bi=3 261->0/261
[log] [coop:replay] present faint bi=3 narrate=true
[log] [coop:replay] present hp bi=0 1978->2065/2065
[log] [coop:checkpoint] guest apply field=4 weather=1 terrain=4 arenaTags=0
[log] [coop:session] isCoopAuthoritativeGuestGated -> true (authoritative GUEST gates a structural mutation)
[log] [coop:adopt] erMoneyStreaks host entries=0 -> restored (#837/#348)
[log] [coop:adopt] biomeOverstayAnchor host=null -> restored (#837/#504)
[log] [coop:adopt] erBiomeStructure host length=20 startWave=106 -> restored (#841 item 5)
[log] [coop:adopt] erRelicBattleState host wave=106 -> restored (#837)
[log] [coop:adopt] erMapState host nodes=2 travelTarget=- fragments=0 -> restored (#865/#841 item 1)
[log] [coop:adopt] erPendingNodes host count=4 revealed=2 -> restored (#865)
[log] [coop:resync] guest apply authoritativeState tick=991 wave=106 turn=2 party=6/3 field=4
[log] [coop:resync] presentation settle boundary=resync-stable side=player desired=visible ids=[1582731684,2610605] changed=0 phase=CoopFinalizeTurnPhase
[log] [coop:resync] presentation settle boundary=wave-start-pre-intro side=enemy desired=visible ids=[] changed=0 phase=CoopFinalizeTurnPhase
[warn] [coop:heal] heldItems monId=1582731684 bi=0 removed=[LEFTOVERS] added=[LEFTOVERS] -> applied
[warn] [coop:heal] heldItems bi=0 host=[LEFTOVERS] -> applied (rewrote to host set)
[log] [coop:interaction] interactionCounter() read -> 125 (role=guest)
[log] [coop:checksum] capture digest=774c2087c60ef824 field=4 biome=8 seed=coop-soak-20260725 weather=1 terrain=4 money=27500 party=[890,150,493,384,382,888] partyLevels=[500,500,500,500,500,500] arenaTags=0 modifiers=8 heldItemsDigest=1 pokeballs=[0:99,1:10,2:10,3:0,4:0] mons=[bi0:sp890/hp2065-2065/st0/ab5258/form0/tera0:3/boss0:0 bi1:sp150/hp1721-1725/st0/ab227/form0/tera0:13/boss0:0 bi2:sp691/hp0-265/st7/ab168/form0/tera0:3/boss0:0 bi3:sp10057/hp0-261/st7/ab5101/form0/tera0:10/boss0:0]
[log] [coop:transport] send guest t=turnCommitAck e=1827802517509761 wave=106 turn=2 rev=991 stage=materialApplied checksum=774c2087c60ef824
[log] [coop:stream] guest ACK turn stage=materialApplied e=1827802517509761 wave=106 turn=2 rev=991
[log] [coop:checksum] guest finalize materialApplied e=1827802517509761 wave=106 turn=2 rev=991
[log] [coop:transport] recv host t=turnCommitAck e=1827802517509761 wave=106 turn=2 rev=991 stage=materialApplied checksum=774c2087c60ef824 handlers=1
[log] [coop:stream] host ACCEPT turn ACK stage=materialApplied key=1827802517509761:106:2:991
[log] [coop:transport] send guest t=turnCommitAck e=1827802517509761 wave=106 turn=2 rev=991 stage=presentationReady checksum=774c2087c60ef824
[log] [coop:stream] guest ACK turn stage=presentationReady e=1827802517509761 wave=106 turn=2 rev=991
[log] [coop:checksum] guest finalize presentationReady e=1827802517509761 wave=106 turn=2 rev=991
[log] [coop:replay] guest finalize turn=2: END (checkpoint applied, turn-end queued)
[log] [coop:transport] recv host t=turnCommitAck e=1827802517509761 wave=106 turn=2 rev=991 stage=presentationReady checksum=774c2087c60ef824 handlers=1
[log] [coop:stream] host ACCEPT turn ACK stage=presentationReady key=1827802517509761:106:2:991
[log] [coop:stream] guest admitted WAVE_ADVANCE continuation e=1827802517509761 wave=106
[log] [coop:runtime] wave-advance JOURNAL bootstrap wave=106 outcome=win (ACK withheld)
[log] [coop:runtime] wave-advance JOURNAL queued safe-boundary wake wave=106 unparkedReplay=0
[log] [coop:runtime] wave-advance op JOURNAL cursor-advanced id=1827802517509761:0:WAVE_ADVANCE:106 rev=251 dataApplied=false continuationReady=false (DATA applies at BattleEnd; retained ACK awaits DATA + destination continuation)
[log] [coop:transport] send guest t=coopAck cls=op:global seq=251
[log] [coop:replay] guest RECV waveEndState wave=106 tick=992
[log] [coop:runtime] ignore raw waveEndState for correctness wave=106 tick=992
[log] [coop:relay] RECV rewardOptions key=125:0 -> BUFFER rewardOptionsInbox (latest-wins) count=5
[log] [coop:rendezvous] RECV arrival point=shop:106:125 -> BUFFER (no waiter yet) role=guest
[log] [coop:transport] recv host t=coopAck cls=op:global seq=251 handlers=1
[log] [coop:session] isCoopAuthoritativeGuestGated -> true (authoritative GUEST gates a structural mutation)
[log] [coop:session] isCoopAuthoritativeGuestGated -> true (authoritative GUEST gates a structural mutation)
[log] [coop:session] isCoopAuthoritativeGuestGated -> true (authoritative GUEST gates a structural mutation)
[log] [coop:session] isCoopAuthoritativeGuestGated -> true (authoritative GUEST gates a structural mutation)
[log] [coop:session] isCoopAuthoritativeGuestGated -> true (authoritative GUEST gates a structural mutation)
[log] [coop:runtime] consume wave-advance wave=106 outcome=win transition=WAVE_VICTORY/next107/biome0/egg1/trainer (lastResolved 105 -> 106)
[log] [coop:replay] guest wave-advance outcome=win wave=106 next=WAVE_VICTORY/wave107 biomeChange=false eggLapse=true victoryKind=trainer battleType=TRAINER queues=VictoryPhase (host-stated)
[warn] [coop:replay] guest wave-advance wave=106: replacing speculative future queue [CommandPhase,CommandPhase,TurnStartPhase]
[log] [coop:session] isCoopAuthoritativeGuestGated -> true (authoritative GUEST gates a structural mutation)
[log] [coop:progression] GUEST applyPartyExp SKIP wave=106 koMon=Tentagrewl (awaiting host waveEndState)
[log] [coop-diag] VictoryPhase win-branch role=guest battleType=TRAINER queuesTrainerVictory=true queuesSelectModifier=true wave=106
[log] [coop:session] isCoopAuthoritativeGuestGated -> true (authoritative GUEST gates a structural mutation)
[log] [coop:session] isCoopAuthoritativeGuestGated -> true (authoritative GUEST gates a structural mutation)
[log] [coop:session] isCoopAuthoritativeGuestGated -> true (authoritative GUEST gates a structural mutation)
[log] [coop-diag] VictoryTail role=guest wave=106 source=host-stated trainer=true egg=true biomeShop=false biomeChange=false crossroads=false nextWave=107
[log] [coop:session] isCoopAuthoritativeGuestGated -> true (authoritative GUEST gates a structural mutation)
[log] [coop:session] isCoopAuthoritativeGuestGated -> true (authoritative GUEST gates a structural mutation)
[log] [coop:session] isCoopAuthoritativeGuestGated -> true (authoritative GUEST gates a structural mutation)
[log] [coop:adopt] erMoneyStreaks host entries=0 -> restored (#837/#348)
[log] [coop:adopt] biomeOverstayAnchor host=null -> restored (#837/#504)
[log] [coop:adopt] erBiomeStructure host length=20 startWave=106 -> restored (#841 item 5)
[log] [coop:adopt] erRelicBattleState host wave=106 -> restored (#837)
[log] [coop:adopt] erMapState host nodes=2 travelTarget=- fragments=0 -> restored (#865/#841 item 1)
[log] [coop:adopt] erPendingNodes host count=4 revealed=2 -> restored (#865)
[log] [coop:resync] guest apply authoritativeState tick=992 wave=106 turn=3 party=6/3 field=4
[log] [coop:resync] presentation settle boundary=resync-stable side=player desired=visible ids=[1582731684,2610605] changed=0 phase=BattleEndPhase
[log] [coop:resync] presentation settle boundary=wave-start-pre-intro side=enemy desired=visible ids=[] changed=0 phase=BattleEndPhase
[log] [coop:runtime] wave-advance retained DATA boundary admitted wave=106
[log] [coop:progression] retained WAVE_ADVANCE DATA applied wave=106 tick=992
[log] [coop:progression] GUEST retained WAVE_ADVANCE BattleEnd release wave=106
[log] [coop:transport] recv guest t=envelope t=envelope handlers=1
[log] [coop:transport] send guest t=coopAck cls=op:global seq=251
[log] [coop:transport] recv host t=coopAck cls=op:global seq=251 handlers=1
[log] [coop:session] isCoopAuthoritativeGuestGated -> true (authoritative GUEST gates a structural mutation)
[warn] [coop:gate] ALLOWLIST BLOCK phase=MoneyRewardPhase (not a guest presentation/input-intent phase; neutralized to CoopInertPhase)
[log] [coop:session] isCoopAuthoritativeGuestGated -> true (authoritative GUEST gates a structural mutation)
[log] [coop:progression] coopVictoryDialogue DECISION isCoop=true -> SKIP (constant 0 awaits, lockstep-safe)
[log] [coop:progression] GUEST automatic victory settlement admitted wave=106 turn=3
[log] [coop:interaction] interactionCounter() read -> 125 (role=guest)
[log] [coop:checksum] capture digest=946caeb842db2620 field=4 biome=8 seed=coop-soak-20260725 weather=1 terrain=4 money=29700 party=[890,150,493,384,382,888] partyLevels=[500,500,500,500,500,500] arenaTags=0 modifiers=8 heldItemsDigest=1 pokeballs=[0:99,1:10,2:10,3:0,4:0] mons=[bi0:sp890/hp2065-2065/st0/ab5258/form0/tera0:3/boss0:0 bi1:sp150/hp1721-1725/st0/ab227/form0/tera0:13/boss0:0 bi2:sp691/hp0-265/st7/ab168/form0/tera0:3/boss0:0 bi3:sp10057/hp0-261/st7/ab5101/form0/tera0:10/boss0:0]
[log] [coop:interaction] interactionCounter() read -> 125 (role=guest)
[log] [coop:owner] ownerOf(counter=125) seat=1 -> owner=guest
[log] [coop:owner] isLocalOwnerAtCounter(pinnedCounter=125) parity=1 owner=guest role=guest -> true
[log] [coop:interaction] interactionCounter() read -> 125 (role=guest)
[log] [coop:reward] owner/watcher decision: pinnedStart=125 liveCounter=125 parity=1 role=guest pick=OWNER option=ADOPT spoof=false
[log] [coop:rendezvous] ARRIVE point=shop:106:125 (send) role=guest
[log] [coop:transport] send guest t=rendezvous point=shop:106:125
[log] [coop:reward] OWNER drives reward screen (start=125 role=guest spoof=false adoptsOptions=true wave=106)
[log] [coop:rendezvous] shop-pick-commit barrier AWAIT shop:106:125
[log] [coop:rendezvous] AWAIT point=shop:106:125 -> partner already arrived (buffer-hit) role=guest
[log] [coop:transport] recv host t=rendezvous point=shop:106:125 handlers=1
[log] [coop:reward] WATCHER awaiting owner reward options (start=125 reroll=0 localCount=0)
[log] [coop:relay] AWAIT rewardOptions key=125:0 timeoutMs=1200000 -> BUFFER-HIT resolve count=5
[log] [coop:shop] reconstructRewardOptions OK count=5 ids=[SOOTHE_BELL,BERRY,BERRY,TEMP_STAT_STAGE_BOOSTER,RARE_CANDY]
[log] [coop:reward] WATCHER ADOPTED owner reward options (was=0 now=5 ids=[SOOTHE_BELL,BERRY,BERRY,TEMP_STAT_STAGE_BOOSTER,RARE_CANDY])
[log] [coop:transport] send guest t=turnCommitAck e=1827802517509761 wave=106 turn=2 rev=991 stage=continuationReady checksum=774c2087c60ef824
[log] [coop:stream] guest ACK turn stage=continuationReady e=1827802517509761 wave=106 turn=2 rev=991
[log] [coop:stream] guest continuation surface=sharedInput e=1827802517509761 wave=106 turn=3 waiting=1 released=1
[log] [coop:interaction] mirror begin role=owner mirrorSeq=8000 interactionStart=125 reroll=0
[log] [coop:interaction] uiMirror beginSession role=owner mode=6 seq=8000 early=0
[log] [coop:transport] recv host t=turnCommitAck e=1827802517509761 wave=106 turn=2 rev=991 stage=continuationReady checksum=774c2087c60ef824 handlers=1
[log] [coop:progression] retained WAVE_ADVANCE continuationReady wave=106
[log] [coop:transport] send guest t=coopAck cls=op:global seq=251
[log] [coop:transport] send guest t=coopAck cls=op:global seq=251
[log] [coop:transport] send guest t=coopAck cls=op:global seq=251
[log] [coop:transport] recv host t=coopAck cls=op:global seq=251 handlers=1
[log] [coop:transport] recv host t=coopAck cls=op:global seq=251 handlers=1
[log] [coop:transport] recv host t=coopAck cls=op:global seq=251 handlers=1
[log] [coop:owner] ownerOf(counter=125) seat=1 -> owner=guest
[log] [coop:owner] isLocalOwnerAtCounter(pinnedCounter=125) parity=1 owner=guest role=guest -> true
[log] [coop:relay] OWNER prepare seq=125 kind=skip choice=-1 data=[] role=guest
[log] [coop:reward] reward op INTENT prepared label=skip id=1827802517509761:1:REWARD:12500000
[log] [coop:relay] SEND interactionChoice seq=125 kind=skip kind=? choice=-1 data=-
[log] [coop:transport] send guest t=interactionChoice seq=125 kind=skip choice=-1
[warn] [coop:v2-shadow] FAULT tap(INTERACTION_COMMIT): AuthorityLog.commit: entry context is not bound to the local authority
[log] [coop:relay] AWAIT interactionChoice seq=125 timeoutMs=1200000 expected=[reward,shop,skip,reroll,check,transfer,lock] -> network-wait
[log] [coop:transport] recv host t=interactionChoice seq=125 kind=skip choice=-1 handlers=1
[log] [coop:transport] recv guest t=envelope t=envelope handlers=1
[log] [coop:transport] send guest t=coopAck cls=op:global seq=251
[log] [coop:transport] send guest t=coopAck cls=op:global seq=251
[log] [coop:transport] send guest t=coopAck cls=op:global seq=251
[log] [coop:transport] recv host t=coopAck cls=op:global seq=251 handlers=1
[log] [coop:transport] recv host t=coopAck cls=op:global seq=251 handlers=1
[log] [coop:transport] recv host t=coopAck cls=op:global seq=251 handlers=1
[log] [coop:adopt] erMoneyStreaks host entries=0 -> restored (#837/#348)
[log] [coop:adopt] biomeOverstayAnchor host=null -> restored (#837/#504)
[log] [coop:adopt] erBiomeStructure host length=20 startWave=106 -> restored (#841 item 5)
[log] [coop:adopt] erRelicBattleState host wave=106 -> restored (#837)
[log] [coop:adopt] erMapState host nodes=2 travelTarget=- fragments=0 -> restored (#865/#841 item 1)
[log] [coop:adopt] erPendingNodes host count=4 revealed=2 -> restored (#865)
[log] [coop:resync] guest apply authoritativeState tick=993 wave=106 turn=3 party=6/3 field=4
[log] [coop:resync] presentation settle boundary=resync-stable side=player desired=visible ids=[1582731684,2610605] changed=0 phase=SelectModifierPhase
[log] [coop:resync] presentation settle boundary=wave-start-pre-intro side=enemy desired=visible ids=[] changed=0 phase=SelectModifierPhase
[log] [coop:relay] DELIVER interactionChoice seq=125 -> waiter kind=skip choice=-1 data=-
[log] [coop:relay] AWAIT interactionChoice seq=125 RESOLVE kind=skip choice=-1 data=-
[log] [coop:reward] shop authoritative RESULT applied-before-render kind=REWARD id=1827802517509761:1:REWARD:12500000 rev=252 tick=993
[log] [coop:transport] send guest t=coopAck cls=op:global seq=252
[log] [coop:reward] reward op WATCHER materialize retained choice=-1 terminal=true id=1827802517509761:1:REWARD:12500000
[log] [coop:reward] WATCHER applying relayed action seq=125 act=LEAVE choice=-1 data=-
[log] [coop:v2-interaction] terminal proof recorded op=1827802517509761:1:REWARD:12500000 role=guest seat=1 duplicate=0 ambient=1
[log] [coop:v2-interaction] phase terminal proof op=1827802517509761:1:REWARD:12500000 route=constructor-fallback accepted=1
[log] [coop:interaction] interactionCounter() read -> 125 (role=guest)
[log] [coop:interaction] CoopInteractionTurn.advance INCREMENT (fromCounter=125) counter 125 -> 126
[log] [coop:interaction] advanceInteraction ADVANCED+BROADCAST (fromCounter=125) counter 125 -> 126 role=guest; send interaction screen=__turn__ choice=126
[log] [coop:interaction] SEND counter snapshot reason=advance choice=126 role=guest
[log] [coop:transport] send guest t=interaction screen=__turn__
[log] [coop:owner] ownerOf(counter=126) seat=0 -> owner=host
[log] [coop:owner] ownerOf(counter=126) seat=0 -> owner=host
[log] [coop:interaction] interactionCounter() read -> 126 (role=guest)
[log] [coop:reward] advance interaction (role=guest from=125 counter 125 -> 126)
[log] [coop:session] isCoopAuthoritativeGuestGated -> true (authoritative GUEST gates a structural mutation)
[log] [coop:transport] recv host t=coopAck cls=op:global seq=252 handlers=1
[log] [coop:transport] recv host t=interaction screen=__turn__ handlers=1
[log] [coop:interaction] RECV interaction broadcast (deferred catch-up net) received=126 localBefore=126 role=guest -> no defer (local >= received)
[warn] [coop:interaction] CoopInteractionTurn.mergeRemote DEFER (remote=126, counter=126, pendingRemote=126) live counter UNCHANGED (folds in at next advance if still ahead)
[log] [coop:owner] ownerOf(counter=126) seat=0 -> owner=host
[log] [coop:owner] ownerOf(counter=126) seat=0 -> owner=host
[log] [coop:replay] guest RECV enemyPartySync wave=107 count=2 -> buffered (no waiter)
[log] [coop:replay] guest RECV entry presentation wave=107 stateTick=995 events=0 buffered
[log] [coop:replay] guest RECV enemyPartySync wave=107 count=2 -> buffered (no waiter)
[log] [coop:rendezvous] RECV arrival point=cmd:107:1 -> BUFFER (no waiter yet) role=guest
[log] [coop:battletype] wave=107 HOST verdict: WILD - adopting (#867)
[log] [coop:me] wave=107 HOST verdict: NO ME - local presence roll suppressed (#862)
[log] [coop:session] isCoopAuthoritativeGuestGated -> true (authoritative GUEST gates a structural mutation)
[log] [coop:interaction] interactionCounter() read -> 126 (role=guest)
[log] [coop:stream] guest consumeEnemyParty wave=107 -> 2 enemies
[log] [coop:enemy] buildCoopEnemy ADOPT trainerSlot=0 species=341 form=0 lv=76 abilityIdx=1 nature=0 gender=1 shiny=false tera=0:10 hp=174/174 moves=4 heldItems=0
[log] [coop:enemy] buildCoopEnemy ADOPT trainerSlot=0 species=960 form=0 lv=76 abilityIdx=0 nature=0 gender=1 shiny=false tera=0:10 hp=132/132 moves=4 heldItems=0
[log] [coop:adopt] erMoneyStreaks host entries=0 -> restored (#837/#348)
[log] [coop:adopt] biomeOverstayAnchor host=null -> restored (#837/#504)
[log] [coop:adopt] erBiomeStructure host length=20 startWave=106 -> restored (#841 item 5)
[log] [coop:adopt] erRelicBattleState host wave=107 -> restored (#837)
[log] [coop:adopt] erMapState host nodes=2 travelTarget=- fragments=0 -> restored (#865/#841 item 1)
[log] [coop:adopt] erPendingNodes host count=4 revealed=2 -> restored (#865)
[log] [coop:resync] guest apply authoritativeState tick=995 wave=107 turn=1 party=6/2 field=4
[log] [coop:resync] presentation settle boundary=resync-stable side=player desired=visible ids=[1582731684,2610605] changed=0 phase=NextEncounterPhase
[log] [coop:resync] presentation settle boundary=resync-stable side=enemy desired=visible ids=[1928949921,275921199] changed=2 phase=NextEncounterPhase
[log] [coop:resync] render differ: newly presented id=1928949921 key=pkmn__341 -> load atlas
[log] [coop:resync] render differ: newly presented id=275921199 key=pkmn__960 -> load atlas
[log] [coop:resync] presentation settle boundary=launch-ready side=player desired=visible ids=[1582731684,2610605] changed=0 phase=NextEncounterPhase
[log] [coop:session] isCoopAuthoritativeGuestGated -> true (authoritative GUEST gates a structural mutation)
[log] [coop:session] isCoopAuthoritativeGuestGated -> true (authoritative GUEST gates a structural mutation)
[log] [coop:session] isCoopAuthoritativeGuestGated -> true (authoritative GUEST gates a structural mutation)
[log] [coop:session] isCoopAuthoritativeGuestGated -> true (authoritative GUEST gates a structural mutation)
[log] [coop:session] isCoopAuthoritativeGuestGated -> true (authoritative GUEST gates a structural mutation)
[log] [coop:session] isCoopAuthoritativeGuestGated -> true (authoritative GUEST gates a structural mutation)
[log] [coop:replay] guest replay turn=1: awaiting retained entry presentation
[warn] [coop:resync] authoritativeState tick=995 STALE (lastApplied=995) -> REJECTED (#807)
[log] [coop:adopt] erMoneyStreaks host entries=0 -> restored (#837/#348)
[log] [coop:adopt] biomeOverstayAnchor host=null -> restored (#837/#504)
[log] [coop:adopt] erBiomeStructure host length=20 startWave=106 -> restored (#841 item 5)
[log] [coop:adopt] erRelicBattleState host wave=107 -> restored (#837)
[log] [coop:adopt] erMapState host nodes=2 travelTarget=- fragments=0 -> restored (#865/#841 item 1)
[log] [coop:adopt] erPendingNodes host count=4 revealed=2 -> restored (#865)
[log] [coop:resync] guest reassert authoritativeState tick=995 wave=107 turn=1 party=6/2 field=4
[log] [coop:resync] presentation settle boundary=resync-stable side=player desired=visible ids=[1582731684,2610605] changed=0 phase=CoopReplayTurnPhase
[log] [coop:resync] presentation settle boundary=resync-stable side=enemy desired=visible ids=[1928949921,275921199] changed=0 phase=CoopReplayTurnPhase
[log] [coop:replay] guest replay turn=1: rendering 0 event(s)
[log] [coop:replay] guest replay turn=1: rendered phases [none]
[log] [coop:replay] guest replay turn=1: retained entry presentation queued stateTick=995 events=0; awaiting exact outcome proof
[log] [coop:session] isCoopAuthoritativeGuestGated -> true (authoritative GUEST gates a structural mutation)
[log] [coop:replay] guest entry presentation PROVED wave=107 turn=1 events=0
[log] [coop:stream] guest consumeEnemyParty wave=107 -> null (buffered=none)
[log] [coop:battle] CommandPhase slot=0 turn=1 owner=host role=guest -> partner path
[log] [coop:stream] guest consumeEnemyParty wave=107 -> null (buffered=none)
[log] [coop:rendezvous] ARRIVE point=cmd:107:1 (send) role=guest
[log] [coop:transport] send guest t=rendezvous point=cmd:107:1
[log] [coop:rendezvous] next-command barrier cmd:107:1 SYNC pass (partner already arrived)
[log] [coop:stream] guest consumeEnemyParty wave=107 -> null (buffered=none)
[log] [coop:transport] send guest t=coopAck cls=op:global seq=252
[log] [coop:transport] send guest t=coopAck cls=op:global seq=252
[log] [coop:transport] recv host t=rendezvous point=cmd:107:1 handlers=1
[log] [coop:transport] recv host t=coopAck cls=op:global seq=252 handlers=1
[log] [coop:transport] recv host t=coopAck cls=op:global seq=252 handlers=1
[log] [coop:rendezvous] RECV arrival point=cmd:107:1 -> DUPLICATE (already seen) role=guest
[log] [coop:replay] guest IGNORE duplicate consumed entry presentation wave=107
[log] [coop:replay] guest RECV enemyPartySync wave=107 count=2 -> buffered (no waiter)
[log] [coop:interaction] interactionCounter() read -> 126 (role=guest)
[log] [coop:checksum] capture digest=ebcd27e44d269af3 field=4 biome=8 seed=coop-soak-20260725 weather=1 terrain=4 money=29700 party=[890,150,493,384,382,888] partyLevels=[500,500,500,500,500,500] arenaTags=0 modifiers=8 heldItemsDigest=1 pokeballs=[0:99,1:10,2:10,3:0,4:0] mons=[bi0:sp890/hp2065-2065/st0/ab5258/form0/tera0:3/boss0:0 bi1:sp150/hp1721-1725/st0/ab227/form0/tera0:13/boss0:0 bi2:sp341/hp174-174/st0/ab5045/form0/tera0:10/boss0:0 bi3:sp960/hp132-132/st0/ab5205/form0/tera0:10/boss0:0]
[log] [coop:interaction] interactionCounter() read -> 126 (role=guest)
[log] [coop:replay] guest IGNORE duplicate consumed entry presentation wave=107
[log] [coop:replay] guest RECV enemyPartySync wave=107 count=2 -> buffered (no waiter)
[log] [coop:replay] guest RECV turnResolution e=1827802517509761 wave=107 turn=1 events=14 checksum=45e6ac82a32add3b -> buffered (no waiter)
[log] [coop:replay] guest RECV waveResolved wave=107 outcome=win transition=WAVE_VICTORY/next108/biome0/egg1/wild
[log] [coop:runtime] recv waveResolved wave=107 outcome=win role=guest netcode=authoritative
[log] [coop:runtime] ignore raw waveResolved for correctness wave=107 outcome=win; awaiting retained transaction
[log] [coop:session] isCoopAuthoritativeGuestGated -> true (authoritative GUEST gates a structural mutation)
[log] [coop:replay] guest replay turn=1: live pump start mode=turn
[log] [coop:transport] send guest t=requestTurnCommit e=1827802517509761 wave=107 turn=1 rev=pending
[log] [coop:transport] send guest t=requestTurnCommit e=1827802517509761 wave=107 turn=1 rev=999
[log] [coop:replay] guest awaitTurn turn=1 RESOLVE (buffered race) events=14
[log] [coop:transport] recv host t=requestTurnCommit e=1827802517509761 wave=107 turn=1 rev=pending handlers=1
[log] [coop:transport] send host t=turnResolution e=1827802517509761 wave=107 turn=1 rev=999 events=14 checksum=45e6ac82a32add3b
[log] [coop:transport] recv host t=requestTurnCommit e=1827802517509761 wave=107 turn=1 rev=999 handlers=1
[log] [coop:transport] send host t=turnResolution e=1827802517509761 wave=107 turn=1 rev=999 events=14 checksum=45e6ac82a32add3b
[log] [coop:transport] recv guest t=turnResolution e=1827802517509761 wave=107 turn=1 rev=999 events=14 checksum=45e6ac82a32add3b handlers=1
[log] [coop:transport] recv guest t=turnResolution e=1827802517509761 wave=107 turn=1 rev=999 events=14 checksum=45e6ac82a32add3b handlers=1
[log] [coop:replay] guest consume live events turn=1 count=0
[log] [coop:replay] guest replay turn=1: RESOLVE renderedLive=0 remaining=14 batch=14
[log] [coop:replay] guest replay turn=1: rendering 14 event(s)
[log] [coop:replay] guest replay turn=1: present k=moveUsed
[log] [coop:session] isCoopAuthoritativeGuestGated -> true (authoritative GUEST gates a structural mutation)
[log] [coop:replay] guest replay turn=1: present k=hp
[log] [coop:session] isCoopAuthoritativeGuestGated -> true (authoritative GUEST gates a structural mutation)
[log] [coop:replay] guest replay turn=1: present k=faint
[log] [coop:session] isCoopAuthoritativeGuestGated -> true (authoritative GUEST gates a structural mutation)
[log] [coop:replay] guest replay turn=1: present k=message
[log] [coop:replay] guest replay turn=1: present k=hp
[log] [coop:session] isCoopAuthoritativeGuestGated -> true (authoritative GUEST gates a structural mutation)
[log] [coop:replay] guest replay turn=1: present k=message
[log] [coop:replay] guest replay turn=1: present k=moveUsed
[log] [coop:session] isCoopAuthoritativeGuestGated -> true (authoritative GUEST gates a structural mutation)
[log] [coop:replay] guest replay turn=1: present k=hp
[log] [coop:session] isCoopAuthoritativeGuestGated -> true (authoritative GUEST gates a structural mutation)
[log] [coop:replay] guest replay turn=1: present k=faint
[log] [coop:session] isCoopAuthoritativeGuestGated -> true (authoritative GUEST gates a structural mutation)
[log] [coop:replay] guest replay turn=1: present k=showAbility
[log] [coop:session] isCoopAuthoritativeGuestGated -> true (authoritative GUEST gates a structural mutation)
[log] [coop:replay] guest replay turn=1: present k=message
[log] [coop:replay] guest replay turn=1: present k=statStage
[log] [coop:session] isCoopAuthoritativeGuestGated -> true (authoritative GUEST gates a structural mutation)
[log] [coop:replay] guest replay turn=1: present k=hp
[log] [coop:session] isCoopAuthoritativeGuestGated -> true (authoritative GUEST gates a structural mutation)
[log] [coop:replay] guest replay turn=1: present k=message
[log] [coop:replay] guest replay turn=1: rendered phases [moveUsed=2 hp=4 faint=2 message=4 showAbility=1 statStage=1]
[log] [coop:replay] guest replay turn=1: unshift CoopFinalizeTurnPhase (checkpoint apply deferred)
[log] [coop:session] isCoopAuthoritativeGuestGated -> true (authoritative GUEST gates a structural mutation)
[log] [coop:stream] guest IGNORE idempotent turn duplicate e=1827802517509761 wave=107 turn=1 rev=999
[log] [coop:stream] guest IGNORE idempotent turn duplicate e=1827802517509761 wave=107 turn=1 rev=999
[log] [coop:replay] present move bi=0 moveId=53 targets=1
[log] [coop:replay] present hp bi=2 174->0/174
[log] [coop:replay] present faint bi=2 narrate=true
[log] [coop:replay] present hp bi=0 2065->2008/2065
[log] [coop:replay] present move bi=1 moveId=34 targets=1
[log] [coop:replay] present hp bi=3 132->0/132
[log] [coop:replay] present faint bi=3 narrate=true
[log] [coop:session] isCoopAuthoritativeGuestGated -> true (authoritative GUEST gates a structural mutation)
[log] [coop:session] isCoopAuthoritativeGuestGated -> true (authoritative GUEST gates a structural mutation)
[log] [coop:replay] present statStage bi=1 stat=5 -> -1
[log] [coop:replay] present statStage bi=1 stat=5 set to -1 NO tween (delta=-1 anims=false)
[log] [coop:replay] present hp bi=0 2008->2065/2065
[log] [coop:checkpoint] guest apply field=4 weather=1 terrain=4 arenaTags=0
[log] [coop:session] isCoopAuthoritativeGuestGated -> true (authoritative GUEST gates a structural mutation)
[log] [coop:adopt] erMoneyStreaks host entries=0 -> restored (#837/#348)
[log] [coop:adopt] biomeOverstayAnchor host=null -> restored (#837/#504)
[log] [coop:adopt] erBiomeStructure host length=20 startWave=106 -> restored (#841 item 5)
[log] [coop:adopt] erRelicBattleState host wave=107 -> restored (#837)
[log] [coop:adopt] erMapState host nodes=2 travelTarget=- fragments=0 -> restored (#865/#841 item 1)
[log] [coop:adopt] erPendingNodes host count=4 revealed=2 -> restored (#865)
[log] [coop:resync] guest apply authoritativeState tick=999 wave=107 turn=1 party=6/2 field=4
[log] [coop:resync] presentation settle boundary=resync-stable side=player desired=visible ids=[1582731684,2610605] changed=0 phase=CoopFinalizeTurnPhase
[log] [coop:resync] presentation settle boundary=wave-start-pre-intro side=enemy desired=visible ids=[] changed=0 phase=CoopFinalizeTurnPhase
[warn] [coop:heal] heldItems monId=1582731684 bi=0 removed=[LEFTOVERS] added=[LEFTOVERS] -> applied
[warn] [coop:heal] heldItems bi=0 host=[LEFTOVERS] -> applied (rewrote to host set)
[log] [coop:interaction] interactionCounter() read -> 126 (role=guest)
[log] [coop:checksum] capture digest=45e6ac82a32add3b field=4 biome=8 seed=coop-soak-20260725 weather=1 terrain=4 money=29700 party=[890,150,493,384,382,888] partyLevels=[500,500,500,500,500,500] arenaTags=0 modifiers=8 heldItemsDigest=1 pokeballs=[0:99,1:10,2:10,3:0,4:0] mons=[bi0:sp890/hp2065-2065/st0/ab5258/form0/tera0:3/boss0:0 bi1:sp150/hp1721-1725/st0/ab227/form0/tera0:13/boss0:0 bi2:sp341/hp0-174/st7/ab5045/form0/tera0:10/boss0:0 bi3:sp960/hp0-132/st7/ab5205/form0/tera0:10/boss0:0]
[log] [coop:transport] send guest t=turnCommitAck e=1827802517509761 wave=107 turn=1 rev=999 stage=materialApplied checksum=45e6ac82a32add3b
[log] [coop:stream] guest ACK turn stage=materialApplied e=1827802517509761 wave=107 turn=1 rev=999
[log] [coop:checksum] guest finalize materialApplied e=1827802517509761 wave=107 turn=1 rev=999
[log] [coop:transport] recv host t=turnCommitAck e=1827802517509761 wave=107 turn=1 rev=999 stage=materialApplied checksum=45e6ac82a32add3b handlers=1
[log] [coop:stream] host ACCEPT turn ACK stage=materialApplied key=1827802517509761:107:1:999
[log] [coop:transport] send guest t=turnCommitAck e=1827802517509761 wave=107 turn=1 rev=999 stage=presentationReady checksum=45e6ac82a32add3b
[log] [coop:stream] guest ACK turn stage=presentationReady e=1827802517509761 wave=107 turn=1 rev=999
[log] [coop:checksum] guest finalize presentationReady e=1827802517509761 wave=107 turn=1 rev=999
[log] [coop:replay] guest finalize turn=1: END (checkpoint applied, turn-end queued)
[log] [coop:transport] recv host t=turnCommitAck e=1827802517509761 wave=107 turn=1 rev=999 stage=presentationReady checksum=45e6ac82a32add3b handlers=1
[log] [coop:stream] host ACCEPT turn ACK stage=presentationReady key=1827802517509761:107:1:999
[log] [coop:stream] guest admitted WAVE_ADVANCE continuation e=1827802517509761 wave=107
[log] [coop:runtime] wave-advance JOURNAL bootstrap wave=107 outcome=win (ACK withheld)
[log] [coop:runtime] wave-advance JOURNAL queued safe-boundary wake wave=107 unparkedReplay=0
[log] [coop:runtime] wave-advance op JOURNAL cursor-advanced id=1827802517509761:0:WAVE_ADVANCE:107 rev=253 dataApplied=false continuationReady=false (DATA applies at BattleEnd; retained ACK awaits DATA + destination continuation)
[log] [coop:transport] send guest t=coopAck cls=op:global seq=253
[log] [coop:replay] guest RECV waveEndState wave=107 tick=1000
[log] [coop:runtime] ignore raw waveEndState for correctness wave=107 tick=1000
[log] [coop:relay] RECV rewardOptions key=126:0 -> BUFFER rewardOptionsInbox (latest-wins) count=5
[log] [coop:rendezvous] RECV arrival point=shop:107:126 -> BUFFER (no waiter yet) role=guest
[log] [coop:transport] recv host t=coopAck cls=op:global seq=253 handlers=1
[log] [coop:session] isCoopAuthoritativeGuestGated -> true (authoritative GUEST gates a structural mutation)
[log] [coop:session] isCoopAuthoritativeGuestGated -> true (authoritative GUEST gates a structural mutation)
[log] [coop:session] isCoopAuthoritativeGuestGated -> true (authoritative GUEST gates a structural mutation)
[log] [coop:session] isCoopAuthoritativeGuestGated -> true (authoritative GUEST gates a structural mutation)
[log] [coop:session] isCoopAuthoritativeGuestGated -> true (authoritative GUEST gates a structural mutation)
[log] [coop:runtime] consume wave-advance wave=107 outcome=win transition=WAVE_VICTORY/next108/biome0/egg1/wild (lastResolved 106 -> 107)
[log] [coop:replay] guest wave-advance outcome=win wave=107 next=WAVE_VICTORY/wave108 biomeChange=false eggLapse=true victoryKind=wild battleType=WILD queues=VictoryPhase (host-stated)
[warn] [coop:replay] guest wave-advance wave=107: replacing speculative future queue [CommandPhase,CommandPhase,TurnStartPhase]
[log] [coop:session] isCoopAuthoritativeGuestGated -> true (authoritative GUEST gates a structural mutation)
[log] [coop:progression] GUEST applyPartyExp SKIP wave=107 koMon=Wiglett (awaiting host waveEndState)
[log] [coop-diag] VictoryPhase win-branch role=guest battleType=WILD queuesTrainerVictory=false queuesSelectModifier=true wave=107
[log] [coop:session] isCoopAuthoritativeGuestGated -> true (authoritative GUEST gates a structural mutation)
[log] [coop:session] isCoopAuthoritativeGuestGated -> true (authoritative GUEST gates a structural mutation)
[log] [coop-diag] VictoryTail role=guest wave=107 source=host-stated trainer=false egg=true biomeShop=false biomeChange=false crossroads=false nextWave=108
[log] [coop:session] isCoopAuthoritativeGuestGated -> true (authoritative GUEST gates a structural mutation)
[log] [coop:session] isCoopAuthoritativeGuestGated -> true (authoritative GUEST gates a structural mutation)
[log] [coop:session] isCoopAuthoritativeGuestGated -> true (authoritative GUEST gates a structural mutation)
[log] [coop:adopt] erMoneyStreaks host entries=0 -> restored (#837/#348)
[log] [coop:adopt] biomeOverstayAnchor host=null -> restored (#837/#504)
[log] [coop:adopt] erBiomeStructure host length=20 startWave=106 -> restored (#841 item 5)
[log] [coop:adopt] erRelicBattleState host wave=107 -> restored (#837)
[log] [coop:adopt] erMapState host nodes=2 travelTarget=- fragments=0 -> restored (#865/#841 item 1)
[log] [coop:adopt] erPendingNodes host count=4 revealed=2 -> restored (#865)
[log] [coop:resync] guest apply authoritativeState tick=1000 wave=107 turn=2 party=6/2 field=4
[log] [coop:resync] presentation settle boundary=resync-stable side=player desired=visible ids=[1582731684,2610605] changed=0 phase=BattleEndPhase
[log] [coop:resync] presentation settle boundary=wave-start-pre-intro side=enemy desired=visible ids=[] changed=0 phase=BattleEndPhase
[log] [coop:runtime] wave-advance retained DATA boundary admitted wave=107
[log] [coop:progression] retained WAVE_ADVANCE DATA applied wave=107 tick=1000
[log] [coop:progression] GUEST retained WAVE_ADVANCE BattleEnd release wave=107
[log] [coop:transport] recv guest t=envelope t=envelope handlers=1
[log] [coop:transport] send guest t=coopAck cls=op:global seq=253
[log] [coop:transport] recv host t=coopAck cls=op:global seq=253 handlers=1
[log] [coop:progression] GUEST automatic victory settlement admitted wave=107 turn=2
[log] [coop:interaction] interactionCounter() read -> 126 (role=guest)
[log] [coop:checksum] capture digest=21570f3f0f10d726 field=4 biome=8 seed=coop-soak-20260725 weather=1 terrain=4 money=29700 party=[890,150,493,384,382,888] partyLevels=[500,500,500,500,500,500] arenaTags=0 modifiers=8 heldItemsDigest=1 pokeballs=[0:99,1:10,2:10,3:0,4:0] mons=[bi0:sp890/hp2065-2065/st0/ab5258/form0/tera0:3/boss0:0 bi1:sp150/hp1721-1725/st0/ab227/form0/tera0:13/boss0:0 bi2:sp341/hp0-174/st7/ab5045/form0/tera0:10/boss0:0 bi3:sp960/hp0-132/st7/ab5205/form0/tera0:10/boss0:0]
[log] [coop:interaction] interactionCounter() read -> 126 (role=guest)
[log] [coop:owner] ownerOf(counter=126) seat=0 -> owner=host
[log] [coop:owner] isLocalOwnerAtCounter(pinnedCounter=126) parity=0 owner=host role=guest -> false
[log] [coop:interaction] interactionCounter() read -> 126 (role=guest)
[log] [coop:reward] owner/watcher decision: pinnedStart=126 liveCounter=126 parity=0 role=guest pick=WATCHER option=ADOPT spoof=false
[log] [coop:rendezvous] ARRIVE point=shop:107:126 (send) role=guest
[log] [coop:transport] send guest t=rendezvous point=shop:107:126
[log] [coop:reward] WATCHER waits for partner's reward picks (start=126 role=guest wave=107)
[log] [coop:reward] WATCHER awaiting owner reward options (start=126 reroll=0 localCount=0)
[log] [coop:relay] AWAIT rewardOptions key=126:0 timeoutMs=1200000 -> BUFFER-HIT resolve count=5
[log] [coop:transport] recv host t=rendezvous point=shop:107:126 handlers=1
[log] [coop:shop] reconstructRewardOptions OK count=5 ids=[RARE_CANDY,NUGGET,BERRY,RARE_CANDY,VOUCHER]
[log] [coop:reward] WATCHER ADOPTED owner reward options (was=0 now=5 ids=[RARE_CANDY,NUGGET,BERRY,RARE_CANDY,VOUCHER])
[log] [coop:transport] send guest t=turnCommitAck e=1827802517509761 wave=107 turn=1 rev=999 stage=continuationReady checksum=45e6ac82a32add3b
[log] [coop:stream] guest ACK turn stage=continuationReady e=1827802517509761 wave=107 turn=1 rev=999
[log] [coop:stream] guest continuation surface=sharedInput e=1827802517509761 wave=107 turn=2 waiting=1 released=1
[log] [coop:transport] recv host t=turnCommitAck e=1827802517509761 wave=107 turn=1 rev=999 stage=continuationReady checksum=45e6ac82a32add3b handlers=1
[log] [coop:progression] retained WAVE_ADVANCE continuationReady wave=107
[log] [coop:transport] send guest t=coopAck cls=op:global seq=253
[log] [coop:transport] send guest t=coopAck cls=op:global seq=253
[log] [coop:transport] send guest t=coopAck cls=op:global seq=253
[log] [coop:interaction] mirror begin role=watcher mirrorSeq=8064 interactionStart=126 reroll=0
[log] [coop:interaction] uiMirror beginSession role=watcher mode=6 seq=8064 early=0
[log] [coop:transport] recv host t=coopAck cls=op:global seq=253 handlers=1
[log] [coop:transport] recv host t=coopAck cls=op:global seq=253 handlers=1
[log] [coop:transport] recv host t=coopAck cls=op:global seq=253 handlers=1
[log] [coop:relay] AWAIT interactionChoice seq=126 timeoutMs=1200000 expected=[reward,shop,skip,reroll,check,transfer,lock] -> network-wait
[log] [coop:rendezvous] RECV arrival point=shop:107:126 -> DUPLICATE (already seen) role=guest
[log] [coop:relay] DELIVER interactionChoice seq=126 -> waiter kind=reward choice=1 data=[0]
[log] [coop:relay] AWAIT interactionChoice seq=126 RESOLVE kind=reward choice=1 data=[0]
[log] [coop:adopt] erMoneyStreaks host entries=0 -> restored (#837/#348)
[log] [coop:adopt] biomeOverstayAnchor host=null -> restored (#837/#504)
[log] [coop:adopt] erBiomeStructure host length=20 startWave=106 -> restored (#841 item 5)
[log] [coop:adopt] erRelicBattleState host wave=107 -> restored (#837)
[log] [coop:adopt] erMapState host nodes=2 travelTarget=- fragments=0 -> restored (#865/#841 item 1)
[log] [coop:adopt] erPendingNodes host count=4 revealed=2 -> restored (#865)
[log] [coop:resync] guest apply authoritativeState tick=1001 wave=107 turn=2 party=6/2 field=4
[log] [coop:resync] presentation settle boundary=resync-stable side=player desired=visible ids=[1582731684,2610605] changed=0 phase=SelectModifierPhase
[log] [coop:resync] presentation settle boundary=wave-start-pre-intro side=enemy desired=visible ids=[] changed=0 phase=SelectModifierPhase
[log] [coop:relay] DELIVER interactionChoice seq=126 -> BUFFER inbox depth=1 kind=reward choice=1 data=[0]
[log] [coop:reward] shop authoritative RESULT applied-before-render kind=REWARD id=1827802517509761:0:REWARD:12600000 rev=254 tick=1001
[log] [coop:transport] send guest t=coopAck cls=op:global seq=254
[log] [coop:interaction] RECV interaction broadcast (deferred catch-up net) received=127 localBefore=126 role=guest -> WILL DEFER to 127 (folds in at next advance if still ahead)
[warn] [coop:interaction] CoopInteractionTurn.mergeRemote DEFER (remote=127, counter=126, pendingRemote=127) live counter UNCHANGED (folds in at next advance if still ahead)
[log] [coop:owner] ownerOf(counter=126) seat=0 -> owner=host
[log] [coop:owner] ownerOf(counter=126) seat=0 -> owner=host
[warn] [coop:reward] WATCHER op-gate rejected relayed action (await-journal) seq=126 choice=1 - keep awaiting terminal (Wave-2d)
[log] [coop:transport] recv host t=coopAck cls=op:global seq=254 handlers=1
[log] [coop:relay] AWAIT interactionChoice seq=126 timeoutMs=1200000 -> BUFFER-HIT resolve kind=reward choice=1 data=[0]
[log] [coop:reward] reward op WATCHER materialize retained choice=1 terminal=true id=1827802517509761:0:REWARD:12600000
[log] [coop:reward] WATCHER applying relayed action seq=126 act=REWARD choice=1 data=[0]
[log] [coop:v2-interaction] terminal proof recorded op=1827802517509761:0:REWARD:12600000 role=guest seat=1 duplicate=0 ambient=1
[log] [coop:v2-interaction] phase terminal proof op=1827802517509761:0:REWARD:12600000 route=constructor-fallback accepted=1
[log] [coop:interaction] interactionCounter() read -> 126 (role=guest)
[log] [coop:interaction] CoopInteractionTurn.advance INCREMENT (fromCounter=126) counter 126 -> 127
[log] [coop:interaction] advanceInteraction ADVANCED+BROADCAST (fromCounter=126) counter 126 -> 127 role=guest; send interaction screen=__turn__ choice=127
[log] [coop:interaction] SEND counter snapshot reason=advance choice=127 role=guest
[log] [coop:transport] send guest t=interaction screen=__turn__
[log] [coop:owner] ownerOf(counter=127) seat=1 -> owner=guest
[log] [coop:owner] ownerOf(counter=127) seat=1 -> owner=guest
[log] [coop:interaction] interactionCounter() read -> 127 (role=guest)
[log] [coop:reward] advance interaction (role=guest from=126 counter 126 -> 127)
[log] [coop:session] isCoopAuthoritativeGuestGated -> true (authoritative GUEST gates a structural mutation)
[log] [coop:transport] recv host t=interaction screen=__turn__ handlers=1
[log] [coop:interaction] interactionCounter() read -> 127 (role=guest)
[log] [coop:interaction] interactionCounter() read -> 127 (role=guest)
[log] [coop:replay] guest RECV enemyPartySync wave=108 count=2 -> buffered (no waiter)
[log] [coop:replay] guest RECV entry presentation wave=108 stateTick=1003 events=0 buffered
[log] [coop:replay] guest RECV enemyPartySync wave=108 count=2 -> buffered (no waiter)
[log] [coop:rendezvous] RECV arrival point=cmd:108:1 -> BUFFER (no waiter yet) role=guest
[log] [coop:battletype] wave=108 HOST verdict: WILD - adopting (#867)
[log] [coop:me] wave=108 HOST verdict: NO ME - local presence roll suppressed (#862)
[log] [coop:session] isCoopAuthoritativeGuestGated -> true (authoritative GUEST gates a structural mutation)
[log] [coop:interaction] interactionCounter() read -> 127 (role=guest)
[log] [coop:stream] guest consumeEnemyParty wave=108 -> 2 enemies
[log] [coop:enemy] buildCoopEnemy ADOPT trainerSlot=0 species=341 form=0 lv=76 abilityIdx=0 nature=0 gender=0 shiny=false tera=0:10 hp=174/174 moves=4 heldItems=0
[log] [coop:enemy] buildCoopEnemy ADOPT trainerSlot=0 species=91 form=0 lv=77 abilityIdx=1 nature=0 gender=1 shiny=false tera=0:10 hp=187/187 moves=4 heldItems=1
[log] [coop:adopt] erMoneyStreaks host entries=0 -> restored (#837/#348)
[log] [coop:adopt] biomeOverstayAnchor host=null -> restored (#837/#504)
[log] [coop:adopt] erBiomeStructure host length=20 startWave=106 -> restored (#841 item 5)
[log] [coop:adopt] erRelicBattleState host wave=108 -> restored (#837)
[log] [coop:adopt] erMapState host nodes=2 travelTarget=- fragments=0 -> restored (#865/#841 item 1)
[log] [coop:adopt] erPendingNodes host count=4 revealed=2 -> restored (#865)
[log] [coop:resync] guest apply authoritativeState tick=1003 wave=108 turn=1 party=6/2 field=4
[log] [coop:resync] presentation settle boundary=resync-stable side=player desired=visible ids=[1582731684,2610605] changed=0 phase=NextEncounterPhase
[log] [coop:resync] presentation settle boundary=resync-stable side=enemy desired=visible ids=[3835790651,1291982770] changed=2 phase=NextEncounterPhase
[log] [coop:resync] render differ: newly presented id=3835790651 key=pkmn__341 -> load atlas
[log] [coop:resync] render differ: newly presented id=1291982770 key=pkmn__91 -> load atlas
[log] [coop:resync] presentation settle boundary=launch-ready side=player desired=visible ids=[1582731684,2610605] changed=0 phase=NextEncounterPhase
[log] [coop:session] isCoopAuthoritativeGuestGated -> true (authoritative GUEST gates a structural mutation)
[log] [coop:session] isCoopAuthoritativeGuestGated -> true (authoritative GUEST gates a structural mutation)
[log] [coop:session] isCoopAuthoritativeGuestGated -> true (authoritative GUEST gates a structural mutation)
[log] [coop:session] isCoopAuthoritativeGuestGated -> true (authoritative GUEST gates a structural mutation)
[log] [coop:session] isCoopAuthoritativeGuestGated -> true (authoritative GUEST gates a structural mutation)
[log] [coop:session] isCoopAuthoritativeGuestGated -> true (authoritative GUEST gates a structural mutation)
[log] [coop:replay] guest replay turn=1: awaiting retained entry presentation
[warn] [coop:resync] authoritativeState tick=1003 STALE (lastApplied=1003) -> REJECTED (#807)
[log] [coop:adopt] erMoneyStreaks host entries=0 -> restored (#837/#348)
[log] [coop:adopt] biomeOverstayAnchor host=null -> restored (#837/#504)
[log] [coop:adopt] erBiomeStructure host length=20 startWave=106 -> restored (#841 item 5)
[log] [coop:adopt] erRelicBattleState host wave=108 -> restored (#837)
[log] [coop:adopt] erMapState host nodes=2 travelTarget=- fragments=0 -> restored (#865/#841 item 1)
[log] [coop:adopt] erPendingNodes host count=4 revealed=2 -> restored (#865)
[log] [coop:resync] guest reassert authoritativeState tick=1003 wave=108 turn=1 party=6/2 field=4
[log] [coop:resync] presentation settle boundary=resync-stable side=player desired=visible ids=[1582731684,2610605] changed=0 phase=CoopReplayTurnPhase
[log] [coop:resync] presentation settle boundary=resync-stable side=enemy desired=visible ids=[3835790651,1291982770] changed=0 phase=CoopReplayTurnPhase
[log] [coop:replay] guest replay turn=1: rendering 0 event(s)
[log] [coop:replay] guest replay turn=1: rendered phases [none]
[log] [coop:replay] guest replay turn=1: retained entry presentation queued stateTick=1003 events=0; awaiting exact outcome proof
[log] [coop:session] isCoopAuthoritativeGuestGated -> true (authoritative GUEST gates a structural mutation)
[log] [coop:replay] guest entry presentation PROVED wave=108 turn=1 events=0
[log] [coop:stream] guest consumeEnemyParty wave=108 -> null (buffered=none)
[log] [coop:battle] CommandPhase slot=0 turn=1 owner=host role=guest -> partner path
[log] [coop:stream] guest consumeEnemyParty wave=108 -> null (buffered=none)
[log] [coop:rendezvous] ARRIVE point=cmd:108:1 (send) role=guest
[log] [coop:transport] send guest t=rendezvous point=cmd:108:1
[log] [coop:rendezvous] next-command barrier cmd:108:1 SYNC pass (partner already arrived)
[log] [coop:stream] guest consumeEnemyParty wave=108 -> null (buffered=none)
[log] [coop:transport] send guest t=coopAck cls=op:global seq=254
[log] [coop:transport] send guest t=coopAck cls=op:global seq=254
[log] [coop:transport] recv host t=rendezvous point=cmd:108:1 handlers=1
[log] [coop:transport] recv host t=coopAck cls=op:global seq=254 handlers=1
[log] [coop:transport] recv host t=coopAck cls=op:global seq=254 handlers=1
[log] [coop:rendezvous] RECV arrival point=cmd:108:1 -> DUPLICATE (already seen) role=guest
[log] [coop:replay] guest IGNORE duplicate consumed entry presentation wave=108
[log] [coop:replay] guest RECV enemyPartySync wave=108 count=2 -> buffered (no waiter)
[log] [coop:interaction] interactionCounter() read -> 127 (role=guest)
[log] [coop:checksum] capture digest=0e9bb4118a9bd23e field=4 biome=8 seed=coop-soak-20260725 weather=1 terrain=4 money=31470 party=[890,150,493,384,382,888] partyLevels=[500,500,500,500,500,500] arenaTags=0 modifiers=8 heldItemsDigest=2 pokeballs=[0:99,1:10,2:10,3:0,4:0] mons=[bi0:sp890/hp2065-2065/st0/ab5258/form0/tera0:3/boss0:0 bi1:sp150/hp1721-1725/st0/ab227/form0/tera0:13/boss0:0 bi2:sp341/hp174-174/st0/ab33/form0/tera0:10/boss0:0 bi3:sp91/hp187-187/st0/ab5053/form0/tera0:10/boss0:0]
[log] [coop:interaction] interactionCounter() read -> 127 (role=guest)
[log] [coop:replay] guest IGNORE duplicate consumed entry presentation wave=108
[log] [coop:replay] guest RECV enemyPartySync wave=108 count=2 -> buffered (no waiter)
[log] [coop:replay] guest RECV turnResolution e=1827802517509761 wave=108 turn=1 events=11 checksum=9e66a19e9e49f58d -> buffered (no waiter)
[log] [coop:session] isCoopAuthoritativeGuestGated -> true (authoritative GUEST gates a structural mutation)
[log] [coop:replay] guest replay turn=1: live pump start mode=turn
[log] [coop:transport] send guest t=requestTurnCommit e=1827802517509761 wave=108 turn=1 rev=pending
[log] [coop:transport] send guest t=requestTurnCommit e=1827802517509761 wave=108 turn=1 rev=1007
[log] [coop:replay] guest awaitTurn turn=1 RESOLVE (buffered race) events=11
[log] [coop:transport] recv host t=requestTurnCommit e=1827802517509761 wave=108 turn=1 rev=pending handlers=1
[log] [coop:transport] send host t=turnResolution e=1827802517509761 wave=108 turn=1 rev=1007 events=11 checksum=9e66a19e9e49f58d
[log] [coop:transport] recv host t=requestTurnCommit e=1827802517509761 wave=108 turn=1 rev=1007 handlers=1
[log] [coop:transport] send host t=turnResolution e=1827802517509761 wave=108 turn=1 rev=1007 events=11 checksum=9e66a19e9e49f58d
[log] [coop:transport] recv guest t=turnResolution e=1827802517509761 wave=108 turn=1 rev=1007 events=11 checksum=9e66a19e9e49f58d handlers=1
[log] [coop:transport] recv guest t=turnResolution e=1827802517509761 wave=108 turn=1 rev=1007 events=11 checksum=9e66a19e9e49f58d handlers=1
[log] [coop:replay] guest consume live events turn=1 count=0
[log] [coop:replay] guest replay turn=1: RESOLVE renderedLive=0 remaining=11 batch=11
[log] [coop:replay] guest replay turn=1: rendering 11 event(s)
[log] [coop:replay] guest replay turn=1: present k=moveUsed
[log] [coop:session] isCoopAuthoritativeGuestGated -> true (authoritative GUEST gates a structural mutation)
[log] [coop:replay] guest replay turn=1: present k=message
[log] [coop:replay] guest replay turn=1: present k=moveUsed
[log] [coop:session] isCoopAuthoritativeGuestGated -> true (authoritative GUEST gates a structural mutation)
[log] [coop:replay] guest replay turn=1: present k=hp
[log] [coop:session] isCoopAuthoritativeGuestGated -> true (authoritative GUEST gates a structural mutation)
[log] [coop:replay] guest replay turn=1: present k=faint
[log] [coop:session] isCoopAuthoritativeGuestGated -> true (authoritative GUEST gates a structural mutation)
[log] [coop:replay] guest replay turn=1: present k=hp
[log] [coop:session] isCoopAuthoritativeGuestGated -> true (authoritative GUEST gates a structural mutation)
[log] [coop:replay] guest replay turn=1: present k=message
[log] [coop:replay] guest replay turn=1: present k=moveUsed
[log] [coop:session] isCoopAuthoritativeGuestGated -> true (authoritative GUEST gates a structural mutation)
[log] [coop:replay] guest replay turn=1: present k=message
[log] [coop:replay] guest replay turn=1: present k=hp
[log] [coop:session] isCoopAuthoritativeGuestGated -> true (authoritative GUEST gates a structural mutation)
[log] [coop:replay] guest replay turn=1: present k=message
[log] [coop:replay] guest replay turn=1: rendered phases [moveUsed=3 message=4 hp=3 faint=1]
[log] [coop:replay] guest replay turn=1: unshift CoopFinalizeTurnPhase (checkpoint apply deferred)
[log] [coop:session] isCoopAuthoritativeGuestGated -> true (authoritative GUEST gates a structural mutation)
[log] [coop:stream] guest IGNORE idempotent turn duplicate e=1827802517509761 wave=108 turn=1 rev=1007
[log] [coop:stream] guest IGNORE idempotent turn duplicate e=1827802517509761 wave=108 turn=1 rev=1007
[log] [coop:replay] present move bi=3 moveId=596 targets=1
[log] [coop:replay] present move bi=0 moveId=247 targets=1
[log] [coop:replay] present hp bi=2 174->0/174
[log] [coop:replay] present faint bi=2 narrate=true
[log] [coop:replay] present hp bi=0 2065->2008/2065
[log] [coop:replay] present move bi=1 moveId=85 targets=1
[log] [coop:replay] present hp bi=0 2008->2065/2065
[log] [coop:checkpoint] guest apply field=4 weather=1 terrain=4 arenaTags=0
[log] [coop:session] isCoopAuthoritativeGuestGated -> true (authoritative GUEST gates a structural mutation)
[log] [coop:adopt] erMoneyStreaks host entries=0 -> restored (#837/#348)
[log] [coop:adopt] biomeOverstayAnchor host=null -> restored (#837/#504)
[log] [coop:adopt] erBiomeStructure host length=20 startWave=106 -> restored (#841 item 5)
[log] [coop:adopt] erRelicBattleState host wave=108 -> restored (#837)
[log] [coop:adopt] erMapState host nodes=2 travelTarget=- fragments=0 -> restored (#865/#841 item 1)
[log] [coop:adopt] erPendingNodes host count=4 revealed=2 -> restored (#865)
[log] [coop:resync] guest apply authoritativeState tick=1007 wave=108 turn=1 party=6/2 field=4
[log] [coop:resync] presentation settle boundary=resync-stable side=player desired=visible ids=[1582731684,2610605] changed=0 phase=CoopFinalizeTurnPhase
[log] [coop:resync] presentation settle boundary=resync-stable side=enemy desired=visible ids=[1291982770] changed=0 phase=CoopFinalizeTurnPhase
[warn] [coop:heal] heldItems monId=1582731684 bi=0 removed=[LEFTOVERS] added=[LEFTOVERS] -> applied
[warn] [coop:heal] heldItems bi=0 host=[LEFTOVERS] -> applied (rewrote to host set)
[warn] [coop:heal] heldItems monId=1291982770 bi=3 removed=[BERRY] added=[BERRY] -> applied
[warn] [coop:heal] heldItems bi=3 host=[BERRY] -> applied (rewrote to host set)
[log] [coop:interaction] interactionCounter() read -> 127 (role=guest)
[log] [coop:checksum] capture digest=9e66a19e9e49f58d field=4 biome=8 seed=coop-soak-20260725 weather=1 terrain=4 money=31470 party=[890,150,493,384,382,888] partyLevels=[500,500,500,500,500,500] arenaTags=0 modifiers=8 heldItemsDigest=2 pokeballs=[0:99,1:10,2:10,3:0,4:0] mons=[bi0:sp890/hp2065-2065/st0/ab5258/form0/tera0:3/boss0:0 bi1:sp150/hp1721-1725/st0/ab227/form0/tera0:13/boss0:0 bi2:sp341/hp0-174/st7/ab33/form0/tera0:10/boss0:0 bi3:sp91/hp187-187/st0/ab5053/form0/tera0:10/boss0:0]
[log] [coop:transport] send guest t=turnCommitAck e=1827802517509761 wave=108 turn=1 rev=1007 stage=materialApplied checksum=9e66a19e9e49f58d
[log] [coop:stream] guest ACK turn stage=materialApplied e=1827802517509761 wave=108 turn=1 rev=1007
[log] [coop:checksum] guest finalize materialApplied e=1827802517509761 wave=108 turn=1 rev=1007
[log] [coop:transport] recv host t=turnCommitAck e=1827802517509761 wave=108 turn=1 rev=1007 stage=materialApplied checksum=9e66a19e9e49f58d handlers=1
[log] [coop:stream] host ACCEPT turn ACK stage=materialApplied key=1827802517509761:108:1:1007
[log] [coop:transport] send guest t=turnCommitAck e=1827802517509761 wave=108 turn=1 rev=1007 stage=presentationReady checksum=9e66a19e9e49f58d
[log] [coop:stream] guest ACK turn stage=presentationReady e=1827802517509761 wave=108 turn=1 rev=1007
[log] [coop:checksum] guest finalize presentationReady e=1827802517509761 wave=108 turn=1 rev=1007
[log] [coop:replay] guest finalize turn=1: END (checkpoint applied, turn-end queued)
[log] [coop:transport] recv host t=turnCommitAck e=1827802517509761 wave=108 turn=1 rev=1007 stage=presentationReady checksum=9e66a19e9e49f58d handlers=1
[log] [coop:stream] host ACCEPT turn ACK stage=presentationReady key=1827802517509761:108:1:1007
[log] [coop:rendezvous] ARRIVE point=cmd:108:2 (send) role=guest
[log] [coop:transport] send guest t=rendezvous point=cmd:108:2
[log] [coop:rendezvous] RECV arrival point=cmd:108:2 -> BUFFER (no waiter yet) role=guest
[log] [coop:session] isCoopAuthoritativeGuestGated -> true (authoritative GUEST gates a structural mutation)
[log] [coop:session] isCoopAuthoritativeGuestGated -> true (authoritative GUEST gates a structural mutation)
[log] [coop:session] isCoopAuthoritativeGuestGated -> true (authoritative GUEST gates a structural mutation)
[log] [coop:session] isCoopAuthoritativeGuestGated -> true (authoritative GUEST gates a structural mutation)
[log] [coop:session] isCoopAuthoritativeGuestGated -> true (authoritative GUEST gates a structural mutation)
[log] [coop:battle] CommandPhase slot=0 turn=2 owner=host role=guest -> partner path
[log] [coop:rendezvous] next-command barrier cmd:108:2 SYNC pass (partner already arrived)
[log] [coop:transport] send guest t=turnCommitAck e=1827802517509761 wave=108 turn=1 rev=1007 stage=continuationReady checksum=9e66a19e9e49f58d
[log] [coop:stream] guest ACK turn stage=continuationReady e=1827802517509761 wave=108 turn=1 rev=1007
[log] [coop:stream] guest continuation surface=command e=1827802517509761 wave=108 turn=2 waiting=1 released=1
[log] [coop:transport] recv host t=turnCommitAck e=1827802517509761 wave=108 turn=1 rev=1007 stage=continuationReady checksum=9e66a19e9e49f58d handlers=1
[log] [coop:replay] guest RECV turnResolution e=1827802517509761 wave=108 turn=2 events=14 checksum=fdea1741ebc6577c -> buffered (no waiter)
[log] [coop:replay] guest RECV waveResolved wave=108 outcome=win transition=WAVE_VICTORY/next109/biome0/egg1/wild
[log] [coop:runtime] recv waveResolved wave=108 outcome=win role=guest netcode=authoritative
[log] [coop:runtime] ignore raw waveResolved for correctness wave=108 outcome=win; awaiting retained transaction
[log] [coop:session] isCoopAuthoritativeGuestGated -> true (authoritative GUEST gates a structural mutation)
[log] [coop:replay] guest replay turn=2: live pump start mode=turn
[log] [coop:transport] send guest t=requestTurnCommit e=1827802517509761 wave=108 turn=2 rev=pending
[log] [coop:transport] send guest t=requestTurnCommit e=1827802517509761 wave=108 turn=2 rev=1009
[log] [coop:replay] guest awaitTurn turn=2 RESOLVE (buffered race) events=14
[log] [coop:transport] recv host t=requestTurnCommit e=1827802517509761 wave=108 turn=2 rev=pending handlers=1
[log] [coop:transport] send host t=turnResolution e=1827802517509761 wave=108 turn=2 rev=1009 events=14 checksum=fdea1741ebc6577c
[log] [coop:transport] recv host t=requestTurnCommit e=1827802517509761 wave=108 turn=2 rev=1009 handlers=1
[log] [coop:transport] send host t=turnResolution e=1827802517509761 wave=108 turn=2 rev=1009 events=14 checksum=fdea1741ebc6577c
[log] [coop:transport] recv guest t=turnResolution e=1827802517509761 wave=108 turn=2 rev=1009 events=14 checksum=fdea1741ebc6577c handlers=1
[log] [coop:transport] recv guest t=turnResolution e=1827802517509761 wave=108 turn=2 rev=1009 events=14 checksum=fdea1741ebc6577c handlers=1
[log] [coop:replay] guest consume live events turn=2 count=0
[log] [coop:replay] guest replay turn=2: RESOLVE renderedLive=0 remaining=14 batch=14
[log] [coop:replay] guest replay turn=2: rendering 14 event(s)
[log] [coop:replay] guest replay turn=2: present k=moveUsed
[log] [coop:session] isCoopAuthoritativeGuestGated -> true (authoritative GUEST gates a structural mutation)
[log] [coop:replay] guest replay turn=2: present k=message
[log] [coop:replay] guest replay turn=2: present k=moveUsed
[log] [coop:session] isCoopAuthoritativeGuestGated -> true (authoritative GUEST gates a structural mutation)
[log] [coop:replay] guest replay turn=2: present k=message
[log] [coop:replay] guest replay turn=2: present k=hp
[log] [coop:session] isCoopAuthoritativeGuestGated -> true (authoritative GUEST gates a structural mutation)
[log] [coop:replay] guest replay turn=2: present k=showAbility
[log] [coop:session] isCoopAuthoritativeGuestGated -> true (authoritative GUEST gates a structural mutation)
[log] [coop:replay] guest replay turn=2: present k=hp
[log] [coop:session] isCoopAuthoritativeGuestGated -> true (authoritative GUEST gates a structural mutation)
[log] [coop:replay] guest replay turn=2: present k=message
[log] [coop:replay] guest replay turn=2: present k=moveUsed
[log] [coop:session] isCoopAuthoritativeGuestGated -> true (authoritative GUEST gates a structural mutation)
[log] [coop:replay] guest replay turn=2: present k=hp
[log] [coop:session] isCoopAuthoritativeGuestGated -> true (authoritative GUEST gates a structural mutation)
[log] [coop:replay] guest replay turn=2: present k=faint
[log] [coop:session] isCoopAuthoritativeGuestGated -> true (authoritative GUEST gates a structural mutation)
[log] [coop:replay] guest replay turn=2: present k=message
[log] [coop:replay] guest replay turn=2: present k=hp
[log] [coop:session] isCoopAuthoritativeGuestGated -> true (authoritative GUEST gates a structural mutation)
[log] [coop:replay] guest replay turn=2: present k=message
[log] [coop:replay] guest replay turn=2: rendered phases [moveUsed=3 message=5 hp=4 showAbility=1 faint=1]
[log] [coop:replay] guest replay turn=2: unshift CoopFinalizeTurnPhase (checkpoint apply deferred)
[log] [coop:session] isCoopAuthoritativeGuestGated -> true (authoritative GUEST gates a structural mutation)
[log] [coop:stream] guest IGNORE idempotent turn duplicate e=1827802517509761 wave=108 turn=2 rev=1009
[log] [coop:stream] guest IGNORE idempotent turn duplicate e=1827802517509761 wave=108 turn=2 rev=1009
[log] [coop:replay] present move bi=3 moveId=596 targets=1
[log] [coop:replay] present move bi=0 moveId=247 targets=1
[log] [coop:replay] present hp bi=3 187->1/187
[log] [coop:session] isCoopAuthoritativeGuestGated -> true (authoritative GUEST gates a structural mutation)
[log] [coop:session] isCoopAuthoritativeGuestGated -> true (authoritative GUEST gates a structural mutation)
[log] [coop:replay] present hp bi=0 2065->2004/2065
[log] [coop:replay] present move bi=1 moveId=85 targets=1
[log] [coop:replay] present hp bi=3 1->0/187
[log] [coop:replay] present faint bi=3 narrate=true
[log] [coop:replay] present hp bi=0 2004->2065/2065
[log] [coop:checkpoint] guest apply field=4 weather=1 terrain=4 arenaTags=0
[log] [coop:session] isCoopAuthoritativeGuestGated -> true (authoritative GUEST gates a structural mutation)
[log] [coop:adopt] erMoneyStreaks host entries=0 -> restored (#837/#348)
[log] [coop:adopt] biomeOverstayAnchor host=null -> restored (#837/#504)
[log] [coop:adopt] erBiomeStructure host length=20 startWave=106 -> restored (#841 item 5)
[log] [coop:adopt] erRelicBattleState host wave=108 -> restored (#837)
[log] [coop:adopt] erMapState host nodes=2 travelTarget=- fragments=0 -> restored (#865/#841 item 1)
[log] [coop:adopt] erPendingNodes host count=4 revealed=2 -> restored (#865)
[log] [coop:resync] guest apply authoritativeState tick=1009 wave=108 turn=2 party=6/2 field=4
[log] [coop:resync] presentation settle boundary=resync-stable side=player desired=visible ids=[1582731684,2610605] changed=0 phase=CoopFinalizeTurnPhase
[log] [coop:resync] presentation settle boundary=wave-start-pre-intro side=enemy desired=visible ids=[] changed=0 phase=CoopFinalizeTurnPhase
[warn] [coop:heal] heldItems monId=1582731684 bi=0 removed=[LEFTOVERS] added=[LEFTOVERS] -> applied
[warn] [coop:heal] heldItems bi=0 host=[LEFTOVERS] -> applied (rewrote to host set)
[log] [coop:interaction] interactionCounter() read -> 127 (role=guest)
[log] [coop:checksum] capture digest=fdea1741ebc6577c field=4 biome=8 seed=coop-soak-20260725 weather=1 terrain=4 money=31470 party=[890,150,493,384,382,888] partyLevels=[500,500,500,500,500,500] arenaTags=0 modifiers=8 heldItemsDigest=1 pokeballs=[0:99,1:10,2:10,3:0,4:0] mons=[bi0:sp890/hp2065-2065/st0/ab5258/form0/tera0:3/boss0:0 bi1:sp150/hp1721-1725/st0/ab227/form0/tera0:13/boss0:0 bi2:sp341/hp0-174/st7/ab33/form0/tera0:10/boss0:0 bi3:sp91/hp0-187/st7/ab5053/form0/tera0:10/boss0:0]
[log] [coop:transport] send guest t=turnCommitAck e=1827802517509761 wave=108 turn=2 rev=1009 stage=materialApplied checksum=fdea1741ebc6577c
[log] [coop:stream] guest ACK turn stage=materialApplied e=1827802517509761 wave=108 turn=2 rev=1009
[log] [coop:checksum] guest finalize materialApplied e=1827802517509761 wave=108 turn=2 rev=1009
[log] [coop:transport] recv host t=turnCommitAck e=1827802517509761 wave=108 turn=2 rev=1009 stage=materialApplied checksum=fdea1741ebc6577c handlers=1
[log] [coop:stream] host ACCEPT turn ACK stage=materialApplied key=1827802517509761:108:2:1009
[log] [coop:transport] send guest t=turnCommitAck e=1827802517509761 wave=108 turn=2 rev=1009 stage=presentationReady checksum=fdea1741ebc6577c
[log] [coop:stream] guest ACK turn stage=presentationReady e=1827802517509761 wave=108 turn=2 rev=1009
[log] [coop:checksum] guest finalize presentationReady e=1827802517509761 wave=108 turn=2 rev=1009
[log] [coop:replay] guest finalize turn=2: END (checkpoint applied, turn-end queued)
[log] [coop:transport] recv host t=turnCommitAck e=1827802517509761 wave=108 turn=2 rev=1009 stage=presentationReady checksum=fdea1741ebc6577c handlers=1
[log] [coop:stream] host ACCEPT turn ACK stage=presentationReady key=1827802517509761:108:2:1009
[log] [coop:stream] guest admitted WAVE_ADVANCE continuation e=1827802517509761 wave=108
[log] [coop:runtime] wave-advance JOURNAL bootstrap wave=108 outcome=win (ACK withheld)
[log] [coop:runtime] wave-advance JOURNAL queued safe-boundary wake wave=108 unparkedReplay=0
[log] [coop:runtime] wave-advance op JOURNAL cursor-advanced id=1827802517509761:0:WAVE_ADVANCE:108 rev=255 dataApplied=false continuationReady=false (DATA applies at BattleEnd; retained ACK awaits DATA + destination continuation)
[log] [coop:transport] send guest t=coopAck cls=op:global seq=255
[log] [coop:replay] guest RECV waveEndState wave=108 tick=1010
[log] [coop:runtime] ignore raw waveEndState for correctness wave=108 tick=1010
[log] [coop:relay] RECV rewardOptions key=127:0 -> BUFFER rewardOptionsInbox (latest-wins) count=5
[log] [coop:rendezvous] RECV arrival point=shop:108:127 -> BUFFER (no waiter yet) role=guest
[log] [coop:transport] recv host t=coopAck cls=op:global seq=255 handlers=1
[log] [coop:session] isCoopAuthoritativeGuestGated -> true (authoritative GUEST gates a structural mutation)
[log] [coop:session] isCoopAuthoritativeGuestGated -> true (authoritative GUEST gates a structural mutation)
[log] [coop:session] isCoopAuthoritativeGuestGated -> true (authoritative GUEST gates a structural mutation)
[log] [coop:session] isCoopAuthoritativeGuestGated -> true (authoritative GUEST gates a structural mutation)
[log] [coop:session] isCoopAuthoritativeGuestGated -> true (authoritative GUEST gates a structural mutation)
[log] [coop:runtime] consume wave-advance wave=108 outcome=win transition=WAVE_VICTORY/next109/biome0/egg1/wild (lastResolved 107 -> 108)
[log] [coop:replay] guest wave-advance outcome=win wave=108 next=WAVE_VICTORY/wave109 biomeChange=false eggLapse=true victoryKind=wild battleType=WILD queues=VictoryPhase (host-stated)
[warn] [coop:replay] guest wave-advance wave=108: replacing speculative future queue [CommandPhase,CommandPhase,TurnStartPhase]
[log] [coop:session] isCoopAuthoritativeGuestGated -> true (authoritative GUEST gates a structural mutation)
[log] [coop:progression] GUEST applyPartyExp SKIP wave=108 koMon=Cloyster (awaiting host waveEndState)
[log] [coop-diag] VictoryPhase win-branch role=guest battleType=WILD queuesTrainerVictory=false queuesSelectModifier=true wave=108
[log] [coop:session] isCoopAuthoritativeGuestGated -> true (authoritative GUEST gates a structural mutation)
[log] [coop:session] isCoopAuthoritativeGuestGated -> true (authoritative GUEST gates a structural mutation)
[log] [coop-diag] VictoryTail role=guest wave=108 source=host-stated trainer=false egg=true biomeShop=false biomeChange=false crossroads=false nextWave=109
[log] [coop:session] isCoopAuthoritativeGuestGated -> true (authoritative GUEST gates a structural mutation)
[log] [coop:session] isCoopAuthoritativeGuestGated -> true (authoritative GUEST gates a structural mutation)
[log] [coop:session] isCoopAuthoritativeGuestGated -> true (authoritative GUEST gates a structural mutation)
[log] [coop:adopt] erMoneyStreaks host entries=0 -> restored (#837/#348)
[log] [coop:adopt] biomeOverstayAnchor host=null -> restored (#837/#504)
[log] [coop:adopt] erBiomeStructure host length=20 startWave=106 -> restored (#841 item 5)
[log] [coop:adopt] erRelicBattleState host wave=108 -> restored (#837)
[log] [coop:adopt] erMapState host nodes=2 travelTarget=- fragments=0 -> restored (#865/#841 item 1)
[log] [coop:adopt] erPendingNodes host count=4 revealed=2 -> restored (#865)
[log] [coop:resync] guest apply authoritativeState tick=1010 wave=108 turn=3 party=6/2 field=4
[log] [coop:resync] presentation settle boundary=resync-stable side=player desired=visible ids=[1582731684,2610605] changed=0 phase=BattleEndPhase
[log] [coop:resync] presentation settle boundary=wave-start-pre-intro side=enemy desired=visible ids=[] changed=0 phase=BattleEndPhase
[log] [coop:runtime] wave-advance retained DATA boundary admitted wave=108
[log] [coop:progression] retained WAVE_ADVANCE DATA applied wave=108 tick=1010
[log] [coop:progression] GUEST retained WAVE_ADVANCE BattleEnd release wave=108
[log] [coop:transport] recv guest t=envelope t=envelope handlers=1
[log] [coop:transport] send guest t=coopAck cls=op:global seq=255
[log] [coop:transport] recv host t=coopAck cls=op:global seq=255 handlers=1
[log] [coop:progression] GUEST automatic victory settlement admitted wave=108 turn=3
[log] [coop:interaction] interactionCounter() read -> 127 (role=guest)
[log] [coop:checksum] capture digest=50185095a09fd2fb field=4 biome=8 seed=coop-soak-20260725 weather=1 terrain=4 money=31470 party=[890,150,493,384,382,888] partyLevels=[500,500,500,500,500,500] arenaTags=0 modifiers=8 heldItemsDigest=1 pokeballs=[0:99,1:10,2:10,3:0,4:0] mons=[bi0:sp890/hp2065-2065/st0/ab5258/form0/tera0:3/boss0:0 bi1:sp150/hp1721-1725/st0/ab227/form0/tera0:13/boss0:0 bi2:sp341/hp0-174/st7/ab33/form0/tera0:10/boss0:0 bi3:sp91/hp0-187/st7/ab5053/form0/tera0:10/boss0:0]
[log] [coop:interaction] interactionCounter() read -> 127 (role=guest)
[log] [coop:owner] ownerOf(counter=127) seat=1 -> owner=guest
[log] [coop:owner] isLocalOwnerAtCounter(pinnedCounter=127) parity=1 owner=guest role=guest -> true
[log] [coop:interaction] interactionCounter() read -> 127 (role=guest)
[log] [coop:reward] owner/watcher decision: pinnedStart=127 liveCounter=127 parity=1 role=guest pick=OWNER option=ADOPT spoof=false
[log] [coop:rendezvous] ARRIVE point=shop:108:127 (send) role=guest
[log] [coop:transport] send guest t=rendezvous point=shop:108:127
[log] [coop:reward] OWNER drives reward screen (start=127 role=guest spoof=false adoptsOptions=true wave=108)
[log] [coop:rendezvous] shop-pick-commit barrier AWAIT shop:108:127
[log] [coop:rendezvous] AWAIT point=shop:108:127 -> partner already arrived (buffer-hit) role=guest
[log] [coop:transport] recv host t=rendezvous point=shop:108:127 handlers=1
[log] [coop:reward] WATCHER awaiting owner reward options (start=127 reroll=0 localCount=0)
[log] [coop:relay] AWAIT rewardOptions key=127:0 timeoutMs=1200000 -> BUFFER-HIT resolve count=5
[log] [coop:shop] reconstructRewardOptions OK count=5 ids=[RARE_CANDY,BERRY,TM_CASE,BERRY,TM_CASE]
[log] [coop:reward] WATCHER ADOPTED owner reward options (was=0 now=5 ids=[RARE_CANDY,BERRY,TM_CASE,BERRY,TM_CASE])
[log] [coop:transport] send guest t=turnCommitAck e=1827802517509761 wave=108 turn=2 rev=1009 stage=continuationReady checksum=fdea1741ebc6577c
[log] [coop:stream] guest ACK turn stage=continuationReady e=1827802517509761 wave=108 turn=2 rev=1009
[log] [coop:stream] guest continuation surface=sharedInput e=1827802517509761 wave=108 turn=3 waiting=1 released=1
[log] [coop:interaction] mirror begin role=owner mirrorSeq=8128 interactionStart=127 reroll=0
[log] [coop:interaction] uiMirror beginSession role=owner mode=6 seq=8128 early=0
[log] [coop:transport] recv host t=turnCommitAck e=1827802517509761 wave=108 turn=2 rev=1009 stage=continuationReady checksum=fdea1741ebc6577c handlers=1
[log] [coop:progression] retained WAVE_ADVANCE continuationReady wave=108
[log] [coop:transport] send guest t=coopAck cls=op:global seq=255
[log] [coop:transport] send guest t=coopAck cls=op:global seq=255
[log] [coop:transport] send guest t=coopAck cls=op:global seq=255
[log] [coop:transport] recv host t=coopAck cls=op:global seq=255 handlers=1
[log] [coop:transport] recv host t=coopAck cls=op:global seq=255 handlers=1
[log] [coop:transport] recv host t=coopAck cls=op:global seq=255 handlers=1
[log] [coop:owner] ownerOf(counter=127) seat=1 -> owner=guest
[log] [coop:owner] isLocalOwnerAtCounter(pinnedCounter=127) parity=1 owner=guest role=guest -> true
[log] [coop:relay] OWNER prepare seq=127 kind=skip choice=-1 data=[] role=guest
[log] [coop:reward] reward op INTENT prepared label=skip id=1827802517509761:1:REWARD:12700000
[log] [coop:relay] SEND interactionChoice seq=127 kind=skip kind=? choice=-1 data=-
[log] [coop:transport] send guest t=interactionChoice seq=127 kind=skip choice=-1
[warn] [coop:v2-shadow] FAULT tap(INTERACTION_COMMIT): AuthorityLog.commit: entry context is not bound to the local authority
[log] [coop:relay] AWAIT interactionChoice seq=127 timeoutMs=1200000 expected=[reward,shop,skip,reroll,check,transfer,lock] -> network-wait
[log] [coop:transport] recv host t=interactionChoice seq=127 kind=skip choice=-1 handlers=1
[log] [coop:adopt] erMoneyStreaks host entries=0 -> restored (#837/#348)
[log] [coop:adopt] biomeOverstayAnchor host=null -> restored (#837/#504)
[log] [coop:adopt] erBiomeStructure host length=20 startWave=106 -> restored (#841 item 5)
[log] [coop:adopt] erRelicBattleState host wave=108 -> restored (#837)
[log] [coop:adopt] erMapState host nodes=2 travelTarget=- fragments=0 -> restored (#865/#841 item 1)
[log] [coop:adopt] erPendingNodes host count=4 revealed=2 -> restored (#865)
[log] [coop:resync] guest apply authoritativeState tick=1011 wave=108 turn=3 party=6/2 field=4
[log] [coop:resync] presentation settle boundary=resync-stable side=player desired=visible ids=[1582731684,2610605] changed=0 phase=SelectModifierPhase
[log] [coop:resync] presentation settle boundary=wave-start-pre-intro side=enemy desired=visible ids=[] changed=0 phase=SelectModifierPhase
[log] [coop:relay] DELIVER interactionChoice seq=127 -> waiter kind=skip choice=-1 data=-
[log] [coop:relay] AWAIT interactionChoice seq=127 RESOLVE kind=skip choice=-1 data=-
[log] [coop:reward] shop authoritative RESULT applied-before-render kind=REWARD id=1827802517509761:1:REWARD:12700000 rev=256 tick=1011
[log] [coop:transport] send guest t=coopAck cls=op:global seq=256
[log] [coop:reward] reward op WATCHER materialize retained choice=-1 terminal=true id=1827802517509761:1:REWARD:12700000
[log] [coop:reward] WATCHER applying relayed action seq=127 act=LEAVE choice=-1 data=-
[log] [coop:v2-interaction] terminal proof recorded op=1827802517509761:1:REWARD:12700000 role=guest seat=1 duplicate=0 ambient=1
[log] [coop:v2-interaction] phase terminal proof op=1827802517509761:1:REWARD:12700000 route=constructor-fallback accepted=1
[log] [coop:interaction] interactionCounter() read -> 127 (role=guest)
[log] [coop:interaction] CoopInteractionTurn.advance INCREMENT (fromCounter=127) counter 127 -> 128
[log] [coop:interaction] advanceInteraction ADVANCED+BROADCAST (fromCounter=127) counter 127 -> 128 role=guest; send interaction screen=__turn__ choice=128
[log] [coop:interaction] SEND counter snapshot reason=advance choice=128 role=guest
[log] [coop:transport] send guest t=interaction screen=__turn__
[log] [coop:owner] ownerOf(counter=128) seat=0 -> owner=host
[log] [coop:owner] ownerOf(counter=128) seat=0 -> owner=host
[log] [coop:interaction] interactionCounter() read -> 128 (role=guest)
[log] [coop:reward] advance interaction (role=guest from=127 counter 127 -> 128)
[log] [coop:session] isCoopAuthoritativeGuestGated -> true (authoritative GUEST gates a structural mutation)
[log] [coop:transport] recv host t=coopAck cls=op:global seq=256 handlers=1
[log] [coop:transport] recv host t=interaction screen=__turn__ handlers=1
[log] [coop:interaction] RECV interaction broadcast (deferred catch-up net) received=128 localBefore=128 role=guest -> no defer (local >= received)
[warn] [coop:interaction] CoopInteractionTurn.mergeRemote DEFER (remote=128, counter=128, pendingRemote=128) live counter UNCHANGED (folds in at next advance if still ahead)
[log] [coop:owner] ownerOf(counter=128) seat=0 -> owner=host
[log] [coop:owner] ownerOf(counter=128) seat=0 -> owner=host
[log] [coop:replay] guest RECV enemyPartySync wave=109 count=2 -> buffered (no waiter)
[log] [coop:replay] guest RECV entry presentation wave=109 stateTick=1013 events=0 buffered
[log] [coop:replay] guest RECV enemyPartySync wave=109 count=2 -> buffered (no waiter)
[log] [coop:rendezvous] RECV arrival point=cmd:109:1 -> BUFFER (no waiter yet) role=guest
[log] [coop:battletype] wave=109 HOST verdict: WILD - adopting (#867)
[log] [coop:me] wave=109 HOST verdict: NO ME - local presence roll suppressed (#862)
[log] [coop:session] isCoopAuthoritativeGuestGated -> true (authoritative GUEST gates a structural mutation)
[log] [coop:interaction] interactionCounter() read -> 128 (role=guest)
[log] [coop:stream] guest consumeEnemyParty wave=109 -> 2 enemies
[log] [coop:enemy] buildCoopEnemy ADOPT trainerSlot=0 species=99 form=0 lv=81 abilityIdx=0 nature=0 gender=0 shiny=false tera=0:10 hp=245/245 moves=4 heldItems=0
[log] [coop:enemy] buildCoopEnemy ADOPT trainerSlot=0 species=769 form=0 lv=82 abilityIdx=1 nature=0 gender=1 shiny=false tera=0:4 hp=207/207 moves=4 heldItems=1
[log] [coop:adopt] erMoneyStreaks host entries=0 -> restored (#837/#348)
[log] [coop:adopt] biomeOverstayAnchor host=null -> restored (#837/#504)
[log] [coop:adopt] erBiomeStructure host length=20 startWave=106 -> restored (#841 item 5)
[log] [coop:adopt] erRelicBattleState host wave=109 -> restored (#837)
[log] [coop:adopt] erMapState host nodes=2 travelTarget=- fragments=0 -> restored (#865/#841 item 1)
[log] [coop:adopt] erPendingNodes host count=4 revealed=2 -> restored (#865)
[log] [coop:resync] guest apply authoritativeState tick=1013 wave=109 turn=1 party=6/2 field=4
[log] [coop:resync] presentation settle boundary=resync-stable side=player desired=visible ids=[1582731684,2610605] changed=0 phase=NextEncounterPhase
[log] [coop:resync] presentation settle boundary=resync-stable side=enemy desired=visible ids=[3942486209,3681195020] changed=2 phase=NextEncounterPhase
[log] [coop:resync] render differ: newly presented id=3942486209 key=pkmn__99 -> load atlas
[log] [coop:resync] render differ: newly presented id=3681195020 key=pkmn__769 -> load atlas
[log] [coop:resync] presentation settle boundary=launch-ready side=player desired=visible ids=[1582731684,2610605] changed=0 phase=NextEncounterPhase
[log] [coop:session] isCoopAuthoritativeGuestGated -> true (authoritative GUEST gates a structural mutation)
[log] [coop:session] isCoopAuthoritativeGuestGated -> true (authoritative GUEST gates a structural mutation)
[log] [coop:session] isCoopAuthoritativeGuestGated -> true (authoritative GUEST gates a structural mutation)
[log] [coop:session] isCoopAuthoritativeGuestGated -> true (authoritative GUEST gates a structural mutation)
[log] [coop:session] isCoopAuthoritativeGuestGated -> true (authoritative GUEST gates a structural mutation)
[log] [coop:session] isCoopAuthoritativeGuestGated -> true (authoritative GUEST gates a structural mutation)
[log] [coop:replay] guest replay turn=1: awaiting retained entry presentation
[warn] [coop:resync] authoritativeState tick=1013 STALE (lastApplied=1013) -> REJECTED (#807)
[log] [coop:adopt] erMoneyStreaks host entries=0 -> restored (#837/#348)
[log] [coop:adopt] biomeOverstayAnchor host=null -> restored (#837/#504)
[log] [coop:adopt] erBiomeStructure host length=20 startWave=106 -> restored (#841 item 5)
[log] [coop:adopt] erRelicBattleState host wave=109 -> restored (#837)
[log] [coop:adopt] erMapState host nodes=2 travelTarget=- fragments=0 -> restored (#865/#841 item 1)
[log] [coop:adopt] erPendingNodes host count=4 revealed=2 -> restored (#865)
[log] [coop:resync] guest reassert authoritativeState tick=1013 wave=109 turn=1 party=6/2 field=4
[log] [coop:resync] presentation settle boundary=resync-stable side=player desired=visible ids=[1582731684,2610605] changed=0 phase=CoopReplayTurnPhase
[log] [coop:resync] presentation settle boundary=resync-stable side=enemy desired=visible ids=[3942486209,3681195020] changed=0 phase=CoopReplayTurnPhase
[log] [coop:replay] guest replay turn=1: rendering 0 event(s)
[log] [coop:replay] guest replay turn=1: rendered phases [none]
[log] [coop:replay] guest replay turn=1: retained entry presentation queued stateTick=1013 events=0; awaiting exact outcome proof
[log] [coop:session] isCoopAuthoritativeGuestGated -> true (authoritative GUEST gates a structural mutation)
[log] [coop:replay] guest entry presentation PROVED wave=109 turn=1 events=0
[log] [coop:stream] guest consumeEnemyParty wave=109 -> null (buffered=none)
[log] [coop:battle] CommandPhase slot=0 turn=1 owner=host role=guest -> partner path
[log] [coop:stream] guest consumeEnemyParty wave=109 -> null (buffered=none)
[log] [coop:rendezvous] ARRIVE point=cmd:109:1 (send) role=guest
[log] [coop:transport] send guest t=rendezvous point=cmd:109:1
[log] [coop:rendezvous] next-command barrier cmd:109:1 SYNC pass (partner already arrived)
[log] [coop:stream] guest consumeEnemyParty wave=109 -> null (buffered=none)
[log] [coop:transport] send guest t=coopAck cls=op:global seq=256
[log] [coop:transport] send guest t=coopAck cls=op:global seq=256
[log] [coop:transport] recv host t=rendezvous point=cmd:109:1 handlers=1
[log] [coop:transport] recv host t=coopAck cls=op:global seq=256 handlers=1
[log] [coop:transport] recv host t=coopAck cls=op:global seq=256 handlers=1
[log] [coop:rendezvous] RECV arrival point=cmd:109:1 -> DUPLICATE (already seen) role=guest
[log] [coop:replay] guest IGNORE duplicate consumed entry presentation wave=109
[log] [coop:replay] guest RECV enemyPartySync wave=109 count=2 -> buffered (no waiter)
[log] [coop:interaction] interactionCounter() read -> 128 (role=guest)
[log] [coop:checksum] capture digest=5ac68aae4c081e77 field=4 biome=8 seed=coop-soak-20260725 weather=1 terrain=4 money=31470 party=[890,150,493,384,382,888] partyLevels=[500,500,500,500,500,500] arenaTags=0 modifiers=8 heldItemsDigest=2 pokeballs=[0:99,1:10,2:10,3:0,4:0] mons=[bi0:sp890/hp2065-2065/st0/ab5258/form0/tera0:3/boss0:0 bi1:sp150/hp1721-1725/st0/ab227/form0/tera0:13/boss0:0 bi2:sp99/hp245-245/st0/ab33/form0/tera0:10/boss0:0 bi3:sp769/hp207-207/st0/ab71/form0/tera0:4/boss0:0]
[log] [coop:interaction] interactionCounter() read -> 128 (role=guest)
[log] [coop:replay] guest IGNORE duplicate consumed entry presentation wave=109
[log] [coop:replay] guest RECV enemyPartySync wave=109 count=2 -> buffered (no waiter)
[log] [coop:replay] guest RECV turnResolution e=1827802517509761 wave=109 turn=1 events=11 checksum=47d3a95f0482bfd9 -> buffered (no waiter)
[log] [coop:replay] guest RECV waveResolved wave=109 outcome=win transition=WAVE_VICTORY/next110/biome0/egg1/wild
[log] [coop:runtime] recv waveResolved wave=109 outcome=win role=guest netcode=authoritative
[log] [coop:runtime] ignore raw waveResolved for correctness wave=109 outcome=win; awaiting retained transaction
[log] [coop:session] isCoopAuthoritativeGuestGated -> true (authoritative GUEST gates a structural mutation)
[log] [coop:replay] guest replay turn=1: live pump start mode=turn
[log] [coop:transport] send guest t=requestTurnCommit e=1827802517509761 wave=109 turn=1 rev=pending
[log] [coop:transport] send guest t=requestTurnCommit e=1827802517509761 wave=109 turn=1 rev=1017
[log] [coop:replay] guest awaitTurn turn=1 RESOLVE (buffered race) events=11
[log] [coop:transport] recv host t=requestTurnCommit e=1827802517509761 wave=109 turn=1 rev=pending handlers=1
[log] [coop:transport] send host t=turnResolution e=1827802517509761 wave=109 turn=1 rev=1017 events=11 checksum=47d3a95f0482bfd9
[log] [coop:transport] recv host t=requestTurnCommit e=1827802517509761 wave=109 turn=1 rev=1017 handlers=1
[log] [coop:transport] send host t=turnResolution e=1827802517509761 wave=109 turn=1 rev=1017 events=11 checksum=47d3a95f0482bfd9
[log] [coop:transport] recv guest t=turnResolution e=1827802517509761 wave=109 turn=1 rev=1017 events=11 checksum=47d3a95f0482bfd9 handlers=1
[log] [coop:transport] recv guest t=turnResolution e=1827802517509761 wave=109 turn=1 rev=1017 events=11 checksum=47d3a95f0482bfd9 handlers=1
[log] [coop:replay] guest consume live events turn=1 count=0
[log] [coop:replay] guest replay turn=1: RESOLVE renderedLive=0 remaining=11 batch=11
[log] [coop:replay] guest replay turn=1: rendering 11 event(s)
[log] [coop:replay] guest replay turn=1: present k=moveUsed
[log] [coop:session] isCoopAuthoritativeGuestGated -> true (authoritative GUEST gates a structural mutation)
[log] [coop:replay] guest replay turn=1: present k=hp
[log] [coop:session] isCoopAuthoritativeGuestGated -> true (authoritative GUEST gates a structural mutation)
[log] [coop:replay] guest replay turn=1: present k=faint
[log] [coop:session] isCoopAuthoritativeGuestGated -> true (authoritative GUEST gates a structural mutation)
[log] [coop:replay] guest replay turn=1: present k=hp
[log] [coop:session] isCoopAuthoritativeGuestGated -> true (authoritative GUEST gates a structural mutation)
[log] [coop:replay] guest replay turn=1: present k=message
[log] [coop:replay] guest replay turn=1: present k=moveUsed
[log] [coop:session] isCoopAuthoritativeGuestGated -> true (authoritative GUEST gates a structural mutation)
[log] [coop:replay] guest replay turn=1: present k=hp
[log] [coop:session] isCoopAuthoritativeGuestGated -> true (authoritative GUEST gates a structural mutation)
[log] [coop:replay] guest replay turn=1: present k=faint
[log] [coop:session] isCoopAuthoritativeGuestGated -> true (authoritative GUEST gates a structural mutation)
[log] [coop:replay] guest replay turn=1: present k=message
[log] [coop:replay] guest replay turn=1: present k=hp
[log] [coop:session] isCoopAuthoritativeGuestGated -> true (authoritative GUEST gates a structural mutation)
[log] [coop:replay] guest replay turn=1: present k=message
[log] [coop:replay] guest replay turn=1: rendered phases [moveUsed=2 hp=4 faint=2 message=3]
[log] [coop:replay] guest replay turn=1: unshift CoopFinalizeTurnPhase (checkpoint apply deferred)
[log] [coop:session] isCoopAuthoritativeGuestGated -> true (authoritative GUEST gates a structural mutation)
[log] [coop:stream] guest IGNORE idempotent turn duplicate e=1827802517509761 wave=109 turn=1 rev=1017
[log] [coop:stream] guest IGNORE idempotent turn duplicate e=1827802517509761 wave=109 turn=1 rev=1017
[log] [coop:replay] present move bi=0 moveId=34 targets=1
[log] [coop:replay] present hp bi=2 245->0/245
[log] [coop:replay] present faint bi=2 narrate=true
[log] [coop:replay] present hp bi=0 2065->1985/2065
[log] [coop:replay] present move bi=1 moveId=247 targets=1
[log] [coop:replay] present hp bi=3 207->0/207
[log] [coop:replay] present faint bi=3 narrate=true
[log] [coop:replay] present hp bi=0 1985->2065/2065
[log] [coop:checkpoint] guest apply field=4 weather=1 terrain=4 arenaTags=0
[log] [coop:session] isCoopAuthoritativeGuestGated -> true (authoritative GUEST gates a structural mutation)
[log] [coop:adopt] erMoneyStreaks host entries=0 -> restored (#837/#348)
[log] [coop:adopt] biomeOverstayAnchor host=null -> restored (#837/#504)
[log] [coop:adopt] erBiomeStructure host length=20 startWave=106 -> restored (#841 item 5)
[log] [coop:adopt] erRelicBattleState host wave=109 -> restored (#837)
[log] [coop:adopt] erMapState host nodes=2 travelTarget=- fragments=0 -> restored (#865/#841 item 1)
[log] [coop:adopt] erPendingNodes host count=4 revealed=2 -> restored (#865)
[log] [coop:resync] guest apply authoritativeState tick=1017 wave=109 turn=1 party=6/2 field=4
[log] [coop:resync] presentation settle boundary=resync-stable side=player desired=visible ids=[1582731684,2610605] changed=0 phase=CoopFinalizeTurnPhase
[log] [coop:resync] presentation settle boundary=wave-start-pre-intro side=enemy desired=visible ids=[] changed=0 phase=CoopFinalizeTurnPhase
[warn] [coop:heal] heldItems monId=1582731684 bi=0 removed=[LEFTOVERS] added=[LEFTOVERS] -> applied
[warn] [coop:heal] heldItems bi=0 host=[LEFTOVERS] -> applied (rewrote to host set)
[log] [coop:interaction] interactionCounter() read -> 128 (role=guest)
[log] [coop:checksum] capture digest=47d3a95f0482bfd9 field=4 biome=8 seed=coop-soak-20260725 weather=1 terrain=4 money=31470 party=[890,150,493,384,382,888] partyLevels=[500,500,500,500,500,500] arenaTags=0 modifiers=8 heldItemsDigest=1 pokeballs=[0:99,1:10,2:10,3:0,4:0] mons=[bi0:sp890/hp2065-2065/st0/ab5258/form0/tera0:3/boss0:0 bi1:sp150/hp1721-1725/st0/ab227/form0/tera0:13/boss0:0 bi2:sp99/hp0-245/st7/ab33/form0/tera0:10/boss0:0 bi3:sp769/hp0-207/st7/ab71/form0/tera0:4/boss0:0]
[log] [coop:transport] send guest t=turnCommitAck e=1827802517509761 wave=109 turn=1 rev=1017 stage=materialApplied checksum=47d3a95f0482bfd9
[log] [coop:stream] guest ACK turn stage=materialApplied e=1827802517509761 wave=109 turn=1 rev=1017
[log] [coop:checksum] guest finalize materialApplied e=1827802517509761 wave=109 turn=1 rev=1017
[log] [coop:transport] recv host t=turnCommitAck e=1827802517509761 wave=109 turn=1 rev=1017 stage=materialApplied checksum=47d3a95f0482bfd9 handlers=1
[log] [coop:stream] host ACCEPT turn ACK stage=materialApplied key=1827802517509761:109:1:1017
[log] [coop:transport] send guest t=turnCommitAck e=1827802517509761 wave=109 turn=1 rev=1017 stage=presentationReady checksum=47d3a95f0482bfd9
[log] [coop:stream] guest ACK turn stage=presentationReady e=1827802517509761 wave=109 turn=1 rev=1017
[log] [coop:checksum] guest finalize presentationReady e=1827802517509761 wave=109 turn=1 rev=1017
[log] [coop:replay] guest finalize turn=1: END (checkpoint applied, turn-end queued)
[log] [coop:transport] recv host t=turnCommitAck e=1827802517509761 wave=109 turn=1 rev=1017 stage=presentationReady checksum=47d3a95f0482bfd9 handlers=1
[log] [coop:stream] host ACCEPT turn ACK stage=presentationReady key=1827802517509761:109:1:1017
[log] [coop:stream] guest admitted WAVE_ADVANCE continuation e=1827802517509761 wave=109
[log] [coop:runtime] wave-advance JOURNAL bootstrap wave=109 outcome=win (ACK withheld)
[log] [coop:runtime] wave-advance JOURNAL queued safe-boundary wake wave=109 unparkedReplay=0
[log] [coop:runtime] wave-advance op JOURNAL cursor-advanced id=1827802517509761:0:WAVE_ADVANCE:109 rev=257 dataApplied=false continuationReady=false (DATA applies at BattleEnd; retained ACK awaits DATA + destination continuation)
[log] [coop:transport] send guest t=coopAck cls=op:global seq=257
[log] [coop:replay] guest RECV waveEndState wave=109 tick=1018
[log] [coop:runtime] ignore raw waveEndState for correctness wave=109 tick=1018
[log] [coop:relay] RECV rewardOptions key=128:0 -> BUFFER rewardOptionsInbox (latest-wins) count=5
[log] [coop:rendezvous] RECV arrival point=shop:109:128 -> BUFFER (no waiter yet) role=guest
[log] [coop:transport] recv host t=coopAck cls=op:global seq=257 handlers=1
[log] [coop:session] isCoopAuthoritativeGuestGated -> true (authoritative GUEST gates a structural mutation)
[log] [coop:session] isCoopAuthoritativeGuestGated -> true (authoritative GUEST gates a structural mutation)
[log] [coop:session] isCoopAuthoritativeGuestGated -> true (authoritative GUEST gates a structural mutation)
[log] [coop:session] isCoopAuthoritativeGuestGated -> true (authoritative GUEST gates a structural mutation)
[log] [coop:session] isCoopAuthoritativeGuestGated -> true (authoritative GUEST gates a structural mutation)
[log] [coop:runtime] consume wave-advance wave=109 outcome=win transition=WAVE_VICTORY/next110/biome0/egg1/wild (lastResolved 108 -> 109)
[log] [coop:replay] guest wave-advance outcome=win wave=109 next=WAVE_VICTORY/wave110 biomeChange=false eggLapse=true victoryKind=wild battleType=WILD queues=VictoryPhase (host-stated)
[warn] [coop:replay] guest wave-advance wave=109: replacing speculative future queue [CommandPhase,CommandPhase,TurnStartPhase]
[log] [coop:session] isCoopAuthoritativeGuestGated -> true (authoritative GUEST gates a structural mutation)
[log] [coop:progression] GUEST applyPartyExp SKIP wave=109 koMon=Sandygast (awaiting host waveEndState)
[log] [coop-diag] VictoryPhase win-branch role=guest battleType=WILD queuesTrainerVictory=false queuesSelectModifier=true wave=109
[log] [coop:session] isCoopAuthoritativeGuestGated -> true (authoritative GUEST gates a structural mutation)
[log] [coop:session] isCoopAuthoritativeGuestGated -> true (authoritative GUEST gates a structural mutation)
[log] [coop-diag] VictoryTail role=guest wave=109 source=host-stated trainer=false egg=true biomeShop=false biomeChange=false crossroads=false nextWave=110
[log] [coop:session] isCoopAuthoritativeGuestGated -> true (authoritative GUEST gates a structural mutation)
[log] [coop:session] isCoopAuthoritativeGuestGated -> true (authoritative GUEST gates a structural mutation)
[log] [coop:session] isCoopAuthoritativeGuestGated -> true (authoritative GUEST gates a structural mutation)
[log] [coop:adopt] erMoneyStreaks host entries=0 -> restored (#837/#348)
[log] [coop:adopt] biomeOverstayAnchor host=null -> restored (#837/#504)
[log] [coop:adopt] erBiomeStructure host length=20 startWave=106 -> restored (#841 item 5)
[log] [coop:adopt] erRelicBattleState host wave=109 -> restored (#837)
[log] [coop:adopt] erMapState host nodes=2 travelTarget=- fragments=0 -> restored (#865/#841 item 1)
[log] [coop:adopt] erPendingNodes host count=4 revealed=2 -> restored (#865)
[log] [coop:resync] guest apply authoritativeState tick=1018 wave=109 turn=2 party=6/2 field=4
[log] [coop:resync] presentation settle boundary=resync-stable side=player desired=visible ids=[1582731684,2610605] changed=0 phase=BattleEndPhase
[log] [coop:resync] presentation settle boundary=wave-start-pre-intro side=enemy desired=visible ids=[] changed=0 phase=BattleEndPhase
[log] [coop:runtime] wave-advance retained DATA boundary admitted wave=109
[log] [coop:progression] retained WAVE_ADVANCE DATA applied wave=109 tick=1018
[log] [coop:progression] GUEST retained WAVE_ADVANCE BattleEnd release wave=109
[log] [coop:transport] recv guest t=envelope t=envelope handlers=1
[log] [coop:transport] send guest t=coopAck cls=op:global seq=257
[log] [coop:transport] recv host t=coopAck cls=op:global seq=257 handlers=1
[log] [coop:progression] GUEST automatic victory settlement admitted wave=109 turn=2
[log] [coop:interaction] interactionCounter() read -> 128 (role=guest)
[log] [coop:checksum] capture digest=652ab29e48dabf3f field=4 biome=8 seed=coop-soak-20260725 weather=1 terrain=4 money=31470 party=[890,150,493,384,382,888] partyLevels=[500,500,500,500,500,500] arenaTags=0 modifiers=7 heldItemsDigest=1 pokeballs=[0:99,1:10,2:10,3:0,4:0] mons=[bi0:sp890/hp2065-2065/st0/ab5258/form0/tera0:3/boss0:0 bi1:sp150/hp1721-1725/st0/ab227/form0/tera0:13/boss0:0 bi2:sp99/hp0-245/st7/ab33/form0/tera0:10/boss0:0 bi3:sp769/hp0-207/st7/ab71/form0/tera0:4/boss0:0]
[log] [coop:interaction] interactionCounter() read -> 128 (role=guest)
[log] [coop:owner] ownerOf(counter=128) seat=0 -> owner=host
[log] [coop:owner] isLocalOwnerAtCounter(pinnedCounter=128) parity=0 owner=host role=guest -> false
[log] [coop:interaction] interactionCounter() read -> 128 (role=guest)
[log] [coop:reward] owner/watcher decision: pinnedStart=128 liveCounter=128 parity=0 role=guest pick=WATCHER option=ADOPT spoof=false
[log] [coop:rendezvous] ARRIVE point=shop:109:128 (send) role=guest
[log] [coop:transport] send guest t=rendezvous point=shop:109:128
[log] [coop:reward] WATCHER waits for partner's reward picks (start=128 role=guest wave=109)
[log] [coop:reward] WATCHER awaiting owner reward options (start=128 reroll=0 localCount=0)
[log] [coop:relay] AWAIT rewardOptions key=128:0 timeoutMs=1200000 -> BUFFER-HIT resolve count=5
[log] [coop:transport] recv host t=rendezvous point=shop:109:128 handlers=1
[log] [coop:shop] reconstructRewardOptions OK count=5 ids=[RARE_CANDY,BERRY,GREAT_BALL,BERRY,TEMP_STAT_STAGE_BOOSTER]
[log] [coop:reward] WATCHER ADOPTED owner reward options (was=0 now=5 ids=[RARE_CANDY,BERRY,GREAT_BALL,BERRY,TEMP_STAT_STAGE_BOOSTER])
[log] [coop:transport] send guest t=turnCommitAck e=1827802517509761 wave=109 turn=1 rev=1017 stage=continuationReady checksum=47d3a95f0482bfd9
[log] [coop:stream] guest ACK turn stage=continuationReady e=1827802517509761 wave=109 turn=1 rev=1017
[log] [coop:stream] guest continuation surface=sharedInput e=1827802517509761 wave=109 turn=2 waiting=1 released=1
[log] [coop:transport] recv host t=turnCommitAck e=1827802517509761 wave=109 turn=1 rev=1017 stage=continuationReady checksum=47d3a95f0482bfd9 handlers=1
[log] [coop:progression] retained WAVE_ADVANCE continuationReady wave=109
[log] [coop:transport] send guest t=coopAck cls=op:global seq=257
[log] [coop:transport] send guest t=coopAck cls=op:global seq=257
[log] [coop:transport] send guest t=coopAck cls=op:global seq=257
[log] [coop:interaction] mirror begin role=watcher mirrorSeq=8192 interactionStart=128 reroll=0
[log] [coop:interaction] uiMirror beginSession role=watcher mode=6 seq=8192 early=0
[log] [coop:transport] recv host t=coopAck cls=op:global seq=257 handlers=1
[log] [coop:transport] recv host t=coopAck cls=op:global seq=257 handlers=1
[log] [coop:transport] recv host t=coopAck cls=op:global seq=257 handlers=1
[log] [coop:relay] AWAIT interactionChoice seq=128 timeoutMs=1200000 expected=[reward,shop,skip,reroll,check,transfer,lock] -> network-wait
[log] [coop:rendezvous] RECV arrival point=shop:109:128 -> DUPLICATE (already seen) role=guest
[log] [coop:adopt] erMoneyStreaks host entries=0 -> restored (#837/#348)
[log] [coop:adopt] biomeOverstayAnchor host=null -> restored (#837/#504)
[log] [coop:adopt] erBiomeStructure host length=20 startWave=106 -> restored (#841 item 5)
[log] [coop:adopt] erRelicBattleState host wave=109 -> restored (#837)
[log] [coop:adopt] erMapState host nodes=2 travelTarget=- fragments=0 -> restored (#865/#841 item 1)
[log] [coop:adopt] erPendingNodes host count=4 revealed=2 -> restored (#865)
[log] [coop:resync] guest apply authoritativeState tick=1019 wave=109 turn=2 party=6/2 field=4
[log] [coop:resync] presentation settle boundary=resync-stable side=player desired=visible ids=[1582731684,2610605] changed=0 phase=SelectModifierPhase
[log] [coop:resync] presentation settle boundary=wave-start-pre-intro side=enemy desired=visible ids=[] changed=0 phase=SelectModifierPhase
[log] [coop:relay] DELIVER interactionChoice seq=128 -> waiter kind=skip choice=-1 data=-
[log] [coop:relay] AWAIT interactionChoice seq=128 RESOLVE kind=skip choice=-1 data=-
[log] [coop:reward] shop authoritative RESULT applied-before-render kind=REWARD id=1827802517509761:0:REWARD:12800000 rev=258 tick=1019
[log] [coop:transport] send guest t=coopAck cls=op:global seq=258
[log] [coop:reward] reward op WATCHER materialize retained choice=-1 terminal=true id=1827802517509761:0:REWARD:12800000
[log] [coop:reward] WATCHER applying relayed action seq=128 act=LEAVE choice=-1 data=-
[log] [coop:v2-interaction] terminal proof recorded op=1827802517509761:0:REWARD:12800000 role=guest seat=1 duplicate=0 ambient=1
[log] [coop:v2-interaction] phase terminal proof op=1827802517509761:0:REWARD:12800000 route=constructor-fallback accepted=1
[log] [coop:interaction] interactionCounter() read -> 128 (role=guest)
[log] [coop:interaction] CoopInteractionTurn.advance INCREMENT (fromCounter=128) counter 128 -> 129
[log] [coop:interaction] advanceInteraction ADVANCED+BROADCAST (fromCounter=128) counter 128 -> 129 role=guest; send interaction screen=__turn__ choice=129
[log] [coop:interaction] SEND counter snapshot reason=advance choice=129 role=guest
[log] [coop:transport] send guest t=interaction screen=__turn__
[log] [coop:owner] ownerOf(counter=129) seat=1 -> owner=guest
[log] [coop:owner] ownerOf(counter=129) seat=1 -> owner=guest
[log] [coop:interaction] interactionCounter() read -> 129 (role=guest)
[log] [coop:reward] advance interaction (role=guest from=128 counter 128 -> 129)
[log] [coop:session] isCoopAuthoritativeGuestGated -> true (authoritative GUEST gates a structural mutation)
[log] [coop:transport] recv host t=coopAck cls=op:global seq=258 handlers=1
[log] [coop:transport] recv host t=interaction screen=__turn__ handlers=1
[log] [coop:interaction] interactionCounter() read -> 129 (role=guest)
[log] [coop:interaction] interactionCounter() read -> 129 (role=guest)
[log] [coop:interaction] RECV interaction broadcast (deferred catch-up net) received=129 localBefore=129 role=guest -> no defer (local >= received)
[warn] [coop:interaction] CoopInteractionTurn.mergeRemote DEFER (remote=129, counter=129, pendingRemote=129) live counter UNCHANGED (folds in at next advance if still ahead)
[log] [coop:owner] ownerOf(counter=129) seat=1 -> owner=guest
[log] [coop:owner] ownerOf(counter=129) seat=1 -> owner=guest
[log] [coop:replay] guest RECV enemyPartySync wave=110 count=5 -> buffered (no waiter)
[log] [coop:replay] guest RECV entry presentation wave=110 stateTick=1021 events=11 buffered
[log] [coop:replay] guest RECV enemyPartySync wave=110 count=5 -> buffered (no waiter)
[log] [coop:rendezvous] RECV arrival point=cmd:110:1 -> BUFFER (no waiter yet) role=guest
[log] [coop:battletype] wave=110 HOST verdict: TRAINER - adopting (#867)
[log] [coop:me] wave=110 HOST verdict: NO ME - local presence roll suppressed (#862)
[log] [coop:session] isCoopAuthoritativeGuestGated -> true (authoritative GUEST gates a structural mutation)
[log] [coop:interaction] interactionCounter() read -> 129 (role=guest)
[log] [coop:stream] guest consumeEnemyParty wave=110 -> 5 enemies
[log] [coop:enemy] buildCoopEnemy ADOPT trainerSlot=1 species=10598 form=0 lv=89 abilityIdx=0 nature=0 gender=1 shiny=false tera=0:1 hp=292/292 moves=4 heldItems=5
[log] [coop:enemy] buildCoopEnemy ADOPT trainerSlot=1 species=131 form=0 lv=89 abilityIdx=1 nature=0 gender=1 shiny=false tera=0:10 hp=357/357 moves=4 heldItems=5
[log] [coop:enemy] buildCoopEnemy ADOPT trainerSlot=1 species=195 form=0 lv=89 abilityIdx=1 nature=0 gender=1 shiny=false tera=0:4 hp=295/295 moves=4 heldItems=4
[log] [coop:enemy] buildCoopEnemy ADOPT trainerSlot=1 species=55 form=0 lv=91 abilityIdx=1 nature=0 gender=0 shiny=false tera=0:13 hp=289/289 moves=4 heldItems=5
[log] [coop:enemy] buildCoopEnemy ADOPT trainerSlot=1 species=121 form=0 lv=95 abilityIdx=1 nature=0 gender=-1 shiny=false tera=0:10 hp=248/248 moves=4 heldItems=4
[log] [coop:turn] host recorder: append turn=1 seq=11 k=weather total=12 live=true
[log] [coop:session] isCoopAuthoritativeGuestGated -> true (authoritative GUEST gates a structural mutation)
[log] [coop:turn] host recorder: append turn=1 seq=12 k=message total=13 live=true
[log] [coop:adopt] erMoneyStreaks host entries=0 -> restored (#837/#348)
[log] [coop:adopt] biomeOverstayAnchor host=null -> restored (#837/#504)
[log] [coop:adopt] erBiomeStructure host length=20 startWave=106 -> restored (#841 item 5)
[log] [coop:adopt] erRelicBattleState host wave=110 -> restored (#837)
[log] [coop:adopt] erMapState host nodes=2 travelTarget=- fragments=0 -> restored (#865/#841 item 1)
[log] [coop:adopt] erPendingNodes host count=4 revealed=2 -> restored (#865)
[log] [coop:resync] guest apply authoritativeState tick=1021 wave=110 turn=1 party=6/5 field=4
[log] [coop:resync] presentation settle boundary=resync-stable side=player desired=visible ids=[1582731684,2610605] changed=0 phase=NextEncounterPhase
[log] [coop:resync] presentation settle boundary=resync-stable side=enemy desired=visible ids=[1989741279,665093421] changed=2 phase=NextEncounterPhase
[log] [coop:resync] render differ: newly presented id=1989741279 key=pkmn__er__quaquaval_mega -> load atlas
[log] [coop:resync] render differ: newly presented id=665093421 key=pkmn__131 -> load atlas
[log] [coop:renderer] authoritative trainer intro cleared pokeball trays player=true enemy=true
[log] [coop:resync] presentation settle boundary=encounter-summon side=enemy desired=visible ids=[1989741279,665093421] changed=0 phase=NextEncounterPhase
[log] [coop:resync] presentation settle boundary=launch-ready side=player desired=visible ids=[1582731684,2610605] changed=0 phase=NextEncounterPhase
[log] [coop:session] isCoopAuthoritativeGuestGated -> true (authoritative GUEST gates a structural mutation)
[log] [coop:session] isCoopAuthoritativeGuestGated -> true (authoritative GUEST gates a structural mutation)
[log] [coop:session] isCoopAuthoritativeGuestGated -> true (authoritative GUEST gates a structural mutation)
[log] [coop:session] isCoopAuthoritativeGuestGated -> true (authoritative GUEST gates a structural mutation)
[log] [coop:session] isCoopAuthoritativeGuestGated -> true (authoritative GUEST gates a structural mutation)
[log] [coop:session] isCoopAuthoritativeGuestGated -> true (authoritative GUEST gates a structural mutation)
[log] [coop:replay] guest replay turn=1: awaiting retained entry presentation
[warn] [coop:resync] authoritativeState tick=1021 STALE (lastApplied=1021) -> REJECTED (#807)
[log] [coop:adopt] erMoneyStreaks host entries=0 -> restored (#837/#348)
[log] [coop:adopt] biomeOverstayAnchor host=null -> restored (#837/#504)
[log] [coop:adopt] erBiomeStructure host length=20 startWave=106 -> restored (#841 item 5)
[log] [coop:adopt] erRelicBattleState host wave=110 -> restored (#837)
[log] [coop:adopt] erMapState host nodes=2 travelTarget=- fragments=0 -> restored (#865/#841 item 1)
[log] [coop:adopt] erPendingNodes host count=4 revealed=2 -> restored (#865)
[log] [coop:resync] guest reassert authoritativeState tick=1021 wave=110 turn=1 party=6/5 field=4
[log] [coop:resync] presentation settle boundary=resync-stable side=player desired=visible ids=[1582731684,2610605] changed=0 phase=CoopReplayTurnPhase
[log] [coop:resync] presentation settle boundary=resync-stable side=enemy desired=visible ids=[1989741279,665093421] changed=0 phase=CoopReplayTurnPhase
[log] [coop:replay] guest replay turn=1: rendering 11 event(s)
[log] [coop:replay] guest replay turn=1: present k=message
[log] [coop:turn] host recorder: append turn=1 seq=13 k=message total=14 live=true
[log] [coop:replay] guest replay turn=1: present k=showAbility
[log] [coop:session] isCoopAuthoritativeGuestGated -> true (authoritative GUEST gates a structural mutation)
[log] [coop:replay] guest replay turn=1: present k=message
[log] [coop:turn] host recorder: append turn=1 seq=14 k=message total=15 live=true
[log] [coop:replay] guest replay turn=1: present k=statStage
[log] [coop:session] isCoopAuthoritativeGuestGated -> true (authoritative GUEST gates a structural mutation)
[log] [coop:replay] guest replay turn=1: present k=showAbility
[log] [coop:session] isCoopAuthoritativeGuestGated -> true (authoritative GUEST gates a structural mutation)
[log] [coop:replay] guest replay turn=1: present k=terrain
[log] [coop:session] isCoopAuthoritativeGuestGated -> true (authoritative GUEST gates a structural mutation)
[log] [coop:replay] guest replay turn=1: present k=message
[log] [coop:turn] host recorder: append turn=1 seq=15 k=message total=16 live=true
[log] [coop:replay] guest replay turn=1: present k=showAbility
[log] [coop:session] isCoopAuthoritativeGuestGated -> true (authoritative GUEST gates a structural mutation)
[log] [coop:replay] guest replay turn=1: present k=weather
[log] [coop:session] isCoopAuthoritativeGuestGated -> true (authoritative GUEST gates a structural mutation)
[log] [coop:replay] guest replay turn=1: present k=message
[log] [coop:turn] host recorder: append turn=1 seq=16 k=message total=17 live=true
[log] [coop:replay] guest replay turn=1: present k=showAbility
[log] [coop:session] isCoopAuthoritativeGuestGated -> true (authoritative GUEST gates a structural mutation)
[log] [coop:replay] guest replay turn=1: rendered phases [message=4 showAbility=4 statStage=1 terrain=1 weather=1]
[log] [coop:replay] guest replay turn=1: retained entry presentation queued stateTick=1021 events=11; awaiting exact outcome proof
[log] [coop:session] isCoopAuthoritativeGuestGated -> true (authoritative GUEST gates a structural mutation)
[log] [coop:session] isCoopAuthoritativeGuestGated -> true (authoritative GUEST gates a structural mutation)
[log] [coop:session] isCoopAuthoritativeGuestGated -> true (authoritative GUEST gates a structural mutation)
[log] [coop:replay] present statStage bi=0 stat=3 -> 2
[log] [coop:replay] present statStage bi=0 stat=3 set to 2 NO tween (delta=0 anims=false)
[log] [coop:session] isCoopAuthoritativeGuestGated -> true (authoritative GUEST gates a structural mutation)
[log] [coop:session] isCoopAuthoritativeGuestGated -> true (authoritative GUEST gates a structural mutation)
[log] [coop:session] isCoopAuthoritativeGuestGated -> true (authoritative GUEST gates a structural mutation)
[log] [coop:session] isCoopAuthoritativeGuestGated -> true (authoritative GUEST gates a structural mutation)
[log] [coop:session] isCoopAuthoritativeGuestGated -> true (authoritative GUEST gates a structural mutation)
[log] [coop:session] isCoopAuthoritativeGuestGated -> true (authoritative GUEST gates a structural mutation)
[log] [coop:replay] guest entry presentation PROVED wave=110 turn=1 events=11
[log] [coop:renderer] command presentation postcondition hid stale enemy trainer
[log] [coop:stream] guest consumeEnemyParty wave=110 -> null (buffered=none)
[log] [coop:battle] CommandPhase slot=0 turn=1 owner=host role=guest -> partner path
[log] [coop:stream] guest consumeEnemyParty wave=110 -> null (buffered=none)
[log] [coop:rendezvous] ARRIVE point=cmd:110:1 (send) role=guest
[log] [coop:transport] send guest t=rendezvous point=cmd:110:1
[log] [coop:rendezvous] next-command barrier cmd:110:1 SYNC pass (partner already arrived)
[log] [coop:stream] guest consumeEnemyParty wave=110 -> null (buffered=none)
[log] [coop:transport] send guest t=coopAck cls=op:global seq=258
[log] [coop:transport] send guest t=coopAck cls=op:global seq=258
[log] [coop:transport] recv host t=rendezvous point=cmd:110:1 handlers=1
[log] [coop:transport] recv host t=coopAck cls=op:global seq=258 handlers=1
[log] [coop:transport] recv host t=coopAck cls=op:global seq=258 handlers=1
[log] [coop:rendezvous] RECV arrival point=cmd:110:1 -> DUPLICATE (already seen) role=guest
[log] [coop:replay] guest IGNORE duplicate consumed entry presentation wave=110
[log] [coop:replay] guest RECV enemyPartySync wave=110 count=5 -> buffered (no waiter)
[log] [coop:interaction] interactionCounter() read -> 129 (role=guest)
[log] [coop:checksum] capture digest=15dcdc957fc4dd9f field=4 biome=8 seed=coop-soak-20260725 weather=4 terrain=4 money=31470 party=[890,150,493,384,382,888] partyLevels=[500,500,500,500,500,500] arenaTags=0 modifiers=7 heldItemsDigest=11 pokeballs=[0:99,1:10,2:10,3:0,4:0] mons=[bi0:sp890/hp2065-2065/st0/ab5258/form0/tera0:3/boss0:0 bi1:sp150/hp1721-1725/st0/ab227/form0/tera0:13/boss0:0 bi2:sp10598/hp292-292/st0/ab5471/form0/tera0:1/boss0:0 bi3:sp131/hp357-357/st0/ab117/form0/tera0:10/boss0:0]
[log] [coop:interaction] interactionCounter() read -> 129 (role=guest)
[log] [coop:replay] guest IGNORE duplicate consumed entry presentation wave=110
[log] [coop:replay] guest RECV enemyPartySync wave=110 count=5 -> buffered (no waiter)
[log] [coop:replay] guest RECV turnResolution e=1827802517509761 wave=110 turn=1 events=32 checksum=470a91b23dcf927f -> buffered (no waiter)
[log] [coop:session] isCoopAuthoritativeGuestGated -> true (authoritative GUEST gates a structural mutation)
[log] [coop:replay] guest replay turn=1: live pump start mode=turn
[log] [coop:replay] guest replay turn=1: advance local watermark 0->11
[log] [coop:session] isCoopAuthoritativeGuestGated -> true (authoritative GUEST gates a structural mutation)
[log] [coop:transport] send guest t=requestTurnCommit e=1827802517509761 wave=110 turn=1 rev=pending
[log] [coop:transport] send guest t=requestTurnCommit e=1827802517509761 wave=110 turn=1 rev=1025
[log] [coop:replay] guest awaitTurn turn=1 RESOLVE (buffered race) events=32
[log] [coop:transport] recv host t=requestTurnCommit e=1827802517509761 wave=110 turn=1 rev=pending handlers=1
[log] [coop:transport] send host t=turnResolution e=1827802517509761 wave=110 turn=1 rev=1025 events=32 checksum=470a91b23dcf927f
[log] [coop:transport] recv host t=requestTurnCommit e=1827802517509761 wave=110 turn=1 rev=1025 handlers=1
[log] [coop:transport] send host t=turnResolution e=1827802517509761 wave=110 turn=1 rev=1025 events=32 checksum=470a91b23dcf927f
[log] [coop:transport] recv guest t=turnResolution e=1827802517509761 wave=110 turn=1 rev=1025 events=32 checksum=470a91b23dcf927f handlers=1
[log] [coop:transport] recv guest t=turnResolution e=1827802517509761 wave=110 turn=1 rev=1025 events=32 checksum=470a91b23dcf927f handlers=1
[log] [coop:replay] guest consume live events turn=1 count=0
[log] [coop:replay] guest replay turn=1: RESOLVE renderedLive=11 remaining=21 batch=32
[log] [coop:replay] guest replay turn=1: rendering 21 event(s)
[log] [coop:replay] guest replay turn=1: present k=weather
[log] [coop:session] isCoopAuthoritativeGuestGated -> true (authoritative GUEST gates a structural mutation)
[log] [coop:replay] guest replay turn=1: present k=message
[log] [coop:replay] guest replay turn=1: present k=message
[log] [coop:replay] guest replay turn=1: present k=message
[log] [coop:replay] guest replay turn=1: present k=message
[log] [coop:replay] guest replay turn=1: present k=message
[log] [coop:replay] guest replay turn=1: present k=moveUsed
[log] [coop:session] isCoopAuthoritativeGuestGated -> true (authoritative GUEST gates a structural mutation)
[log] [coop:replay] guest replay turn=1: present k=hp
[log] [coop:session] isCoopAuthoritativeGuestGated -> true (authoritative GUEST gates a structural mutation)
[log] [coop:replay] guest replay turn=1: present k=faint
[log] [coop:session] isCoopAuthoritativeGuestGated -> true (authoritative GUEST gates a structural mutation)
[log] [coop:replay] guest replay turn=1: present k=message
[log] [coop:replay] guest replay turn=1: present k=hp
[log] [coop:session] isCoopAuthoritativeGuestGated -> true (authoritative GUEST gates a structural mutation)
[log] [coop:replay] guest replay turn=1: present k=message
[log] [coop:replay] guest replay turn=1: present k=moveUsed
[log] [coop:session] isCoopAuthoritativeGuestGated -> true (authoritative GUEST gates a structural mutation)
[log] [coop:replay] guest replay turn=1: present k=hp
[log] [coop:session] isCoopAuthoritativeGuestGated -> true (authoritative GUEST gates a structural mutation)
[log] [coop:replay] guest replay turn=1: present k=faint
[log] [coop:session] isCoopAuthoritativeGuestGated -> true (authoritative GUEST gates a structural mutation)
[log] [coop:replay] guest replay turn=1: present k=message
[log] [coop:replay] guest replay turn=1: present k=hp
[log] [coop:session] isCoopAuthoritativeGuestGated -> true (authoritative GUEST gates a structural mutation)
[log] [coop:replay] guest replay turn=1: present k=message
[log] [coop:replay] guest replay turn=1: present k=hp
[log] [coop:session] isCoopAuthoritativeGuestGated -> true (authoritative GUEST gates a structural mutation)
[log] [coop:replay] guest replay turn=1: present k=hp
[log] [coop:session] isCoopAuthoritativeGuestGated -> true (authoritative GUEST gates a structural mutation)
[log] [coop:replay] guest replay turn=1: present k=message
[log] [coop:replay] guest replay turn=1: rendered phases [weather=1 message=10 moveUsed=2 hp=6 faint=2]
[log] [coop:replay] guest replay turn=1: unshift CoopFinalizeTurnPhase (checkpoint apply deferred)
[log] [coop:session] isCoopAuthoritativeGuestGated -> true (authoritative GUEST gates a structural mutation)
[log] [coop:stream] guest IGNORE idempotent turn duplicate e=1827802517509761 wave=110 turn=1 rev=1025
[log] [coop:stream] guest IGNORE idempotent turn duplicate e=1827802517509761 wave=110 turn=1 rev=1025
[log] [coop:replay] present move bi=0 moveId=85 targets=1
[log] [coop:replay] present hp bi=2 292->0/292
[log] [coop:replay] present faint bi=2 narrate=true
[log] [coop:replay] present hp bi=0 2065->1969/2065
[log] [coop:replay] present move bi=1 moveId=247 targets=1
[log] [coop:replay] present hp bi=3 357->0/357
[log] [coop:replay] present faint bi=3 narrate=true
[log] [coop:replay] present hp bi=0 1969->1840/2065
[log] [coop:replay] present hp bi=1 1721->1614/1725
[log] [coop:replay] present hp bi=0 1840->1969/2065
[log] [coop:checkpoint] guest apply field=4 weather=4 terrain=4 arenaTags=0
[log] [coop:session] isCoopAuthoritativeGuestGated -> true (authoritative GUEST gates a structural mutation)
[log] [coop:adopt] erMoneyStreaks host entries=0 -> restored (#837/#348)
[log] [coop:adopt] biomeOverstayAnchor host=null -> restored (#837/#504)
[log] [coop:adopt] erBiomeStructure host length=20 startWave=106 -> restored (#841 item 5)
[log] [coop:adopt] erRelicBattleState host wave=110 -> restored (#837)
[log] [coop:adopt] erMapState host nodes=2 travelTarget=- fragments=0 -> restored (#865/#841 item 1)
[log] [coop:adopt] erPendingNodes host count=4 revealed=2 -> restored (#865)
[log] [coop:resync] guest apply authoritativeState tick=1025 wave=110 turn=1 party=6/5 field=4
[log] [coop:resync] presentation settle boundary=resync-stable side=player desired=visible ids=[1582731684,2610605] changed=0 phase=CoopFinalizeTurnPhase
[log] [coop:resync] presentation settle boundary=wave-start-pre-intro side=enemy desired=visible ids=[] changed=0 phase=CoopFinalizeTurnPhase
[warn] [coop:heal] heldItems monId=1582731684 bi=0 removed=[LEFTOVERS] added=[LEFTOVERS] -> applied
[warn] [coop:heal] heldItems bi=0 host=[LEFTOVERS] -> applied (rewrote to host set)
[warn] [coop:heal] heldItems monId=1989741279 bi=2 removed=[BASE_STAT_BOOSTER,BASE_STAT_BOOSTER,BASE_STAT_BOOSTER] added=[BASE_STAT_BOOSTER,BASE_STAT_BOOSTER,BASE_STAT_BOOSTER] -> applied
[warn] [coop:heal] heldItems bi=2 host=[BASE_STAT_BOOSTER,BASE_STAT_BOOSTER,BASE_STAT_BOOSTER] -> applied (rewrote to host set)
[warn] [coop:heal] heldItems monId=665093421 bi=3 removed=[BASE_STAT_BOOSTER] added=[BASE_STAT_BOOSTER] -> applied
[warn] [coop:heal] heldItems bi=3 host=[BASE_STAT_BOOSTER] -> applied (rewrote to host set)
[log] [coop:interaction] interactionCounter() read -> 129 (role=guest)
[log] [coop:checksum] capture digest=470a91b23dcf927f field=4 biome=8 seed=coop-soak-20260725 weather=4 terrain=4 money=31470 party=[890,150,493,384,382,888] partyLevels=[500,500,500,500,500,500] arenaTags=0 modifiers=7 heldItemsDigest=1 pokeballs=[0:99,1:10,2:10,3:0,4:0] mons=[bi0:sp890/hp1969-2065/st0/ab5258/form0/tera0:3/boss0:0 bi1:sp150/hp1614-1725/st0/ab227/form0/tera0:13/boss0:0 bi2:sp10598/hp0-292/st7/ab5471/form0/tera0:1/boss0:0 bi3:sp131/hp0-357/st7/ab117/form0/tera0:10/boss0:0]
[log] [coop:transport] send guest t=turnCommitAck e=1827802517509761 wave=110 turn=1 rev=1025 stage=materialApplied checksum=470a91b23dcf927f
[log] [coop:stream] guest ACK turn stage=materialApplied e=1827802517509761 wave=110 turn=1 rev=1025
[log] [coop:checksum] guest finalize materialApplied e=1827802517509761 wave=110 turn=1 rev=1025
[log] [coop:transport] recv host t=turnCommitAck e=1827802517509761 wave=110 turn=1 rev=1025 stage=materialApplied checksum=470a91b23dcf927f handlers=1
[log] [coop:stream] host ACCEPT turn ACK stage=materialApplied key=1827802517509761:110:1:1025
[log] [coop:transport] send guest t=turnCommitAck e=1827802517509761 wave=110 turn=1 rev=1025 stage=presentationReady checksum=470a91b23dcf927f
[log] [coop:stream] guest ACK turn stage=presentationReady e=1827802517509761 wave=110 turn=1 rev=1025
[log] [coop:checksum] guest finalize presentationReady e=1827802517509761 wave=110 turn=1 rev=1025
[log] [coop:replay] guest finalize turn=1: END (checkpoint applied, turn-end queued)
[log] [coop:transport] recv host t=turnCommitAck e=1827802517509761 wave=110 turn=1 rev=1025 stage=presentationReady checksum=470a91b23dcf927f handlers=1
[log] [coop:stream] host ACCEPT turn ACK stage=presentationReady key=1827802517509761:110:1:1025
[log] [coop:rendezvous] ARRIVE point=cmd:110:2 (send) role=guest
[log] [coop:transport] send guest t=rendezvous point=cmd:110:2
[log] [coop:rendezvous] RECV arrival point=cmd:110:2 -> BUFFER (no waiter yet) role=guest
[log] [coop:session] isCoopAuthoritativeGuestGated -> true (authoritative GUEST gates a structural mutation)
[log] [coop:session] isCoopAuthoritativeGuestGated -> true (authoritative GUEST gates a structural mutation)
[log] [coop:session] isCoopAuthoritativeGuestGated -> true (authoritative GUEST gates a structural mutation)
[log] [coop:session] isCoopAuthoritativeGuestGated -> true (authoritative GUEST gates a structural mutation)
[log] [coop:session] isCoopAuthoritativeGuestGated -> true (authoritative GUEST gates a structural mutation)
[log] [coop:battle] CommandPhase slot=0 turn=2 owner=host role=guest -> partner path
[log] [coop:rendezvous] next-command barrier cmd:110:2 SYNC pass (partner already arrived)
[log] [coop:transport] send guest t=turnCommitAck e=1827802517509761 wave=110 turn=1 rev=1025 stage=continuationReady checksum=470a91b23dcf927f
[log] [coop:stream] guest ACK turn stage=continuationReady e=1827802517509761 wave=110 turn=1 rev=1025
[log] [coop:stream] guest continuation surface=command e=1827802517509761 wave=110 turn=2 waiting=1 released=1
[log] [coop:transport] recv host t=turnCommitAck e=1827802517509761 wave=110 turn=1 rev=1025 stage=continuationReady checksum=470a91b23dcf927f handlers=1
[log] [coop:replay] guest RECV turnResolution e=1827802517509761 wave=110 turn=2 events=19 checksum=011d8dee9a83e099 -> buffered (no waiter)
[log] [coop:session] isCoopAuthoritativeGuestGated -> true (authoritative GUEST gates a structural mutation)
[log] [coop:replay] guest replay turn=2: live pump start mode=turn
[log] [coop:transport] send guest t=requestTurnCommit e=1827802517509761 wave=110 turn=2 rev=pending
[log] [coop:transport] send guest t=requestTurnCommit e=1827802517509761 wave=110 turn=2 rev=1027
[log] [coop:replay] guest awaitTurn turn=2 RESOLVE (buffered race) events=19
[log] [coop:transport] recv host t=requestTurnCommit e=1827802517509761 wave=110 turn=2 rev=pending handlers=1
[log] [coop:transport] send host t=turnResolution e=1827802517509761 wave=110 turn=2 rev=1027 events=19 checksum=011d8dee9a83e099
[log] [coop:transport] recv host t=requestTurnCommit e=1827802517509761 wave=110 turn=2 rev=1027 handlers=1
[log] [coop:transport] send host t=turnResolution e=1827802517509761 wave=110 turn=2 rev=1027 events=19 checksum=011d8dee9a83e099
[log] [coop:transport] recv guest t=turnResolution e=1827802517509761 wave=110 turn=2 rev=1027 events=19 checksum=011d8dee9a83e099 handlers=1
[log] [coop:transport] recv guest t=turnResolution e=1827802517509761 wave=110 turn=2 rev=1027 events=19 checksum=011d8dee9a83e099 handlers=1
[log] [coop:replay] guest consume live events turn=2 count=0
[log] [coop:replay] guest replay turn=2: RESOLVE renderedLive=0 remaining=19 batch=19
[log] [coop:replay] guest replay turn=2: rendering 19 event(s)
[log] [coop:replay] guest replay turn=2: present k=switch
[log] [coop:session] isCoopAuthoritativeGuestGated -> true (authoritative GUEST gates a structural mutation)
[log] [coop:replay] guest replay turn=2: present k=switch
[log] [coop:session] isCoopAuthoritativeGuestGated -> true (authoritative GUEST gates a structural mutation)
[log] [coop:replay] guest replay turn=2: present k=tera
[log] [coop:session] isCoopAuthoritativeGuestGated -> true (authoritative GUEST gates a structural mutation)
[log] [coop:replay] guest replay turn=2: present k=message
[log] [coop:replay] guest replay turn=2: present k=moveUsed
[log] [coop:session] isCoopAuthoritativeGuestGated -> true (authoritative GUEST gates a structural mutation)
[log] [coop:replay] guest replay turn=2: present k=hp
[log] [coop:session] isCoopAuthoritativeGuestGated -> true (authoritative GUEST gates a structural mutation)
[log] [coop:replay] guest replay turn=2: present k=faint
[log] [coop:session] isCoopAuthoritativeGuestGated -> true (authoritative GUEST gates a structural mutation)
[log] [coop:replay] guest replay turn=2: present k=message
[log] [coop:replay] guest replay turn=2: present k=hp
[log] [coop:session] isCoopAuthoritativeGuestGated -> true (authoritative GUEST gates a structural mutation)
[log] [coop:replay] guest replay turn=2: present k=message
[log] [coop:replay] guest replay turn=2: present k=moveUsed
[log] [coop:session] isCoopAuthoritativeGuestGated -> true (authoritative GUEST gates a structural mutation)
[log] [coop:replay] guest replay turn=2: present k=hp
[log] [coop:session] isCoopAuthoritativeGuestGated -> true (authoritative GUEST gates a structural mutation)
[log] [coop:replay] guest replay turn=2: present k=faint
[log] [coop:session] isCoopAuthoritativeGuestGated -> true (authoritative GUEST gates a structural mutation)
[log] [coop:replay] guest replay turn=2: present k=message
[log] [coop:replay] guest replay turn=2: present k=hp
[log] [coop:session] isCoopAuthoritativeGuestGated -> true (authoritative GUEST gates a structural mutation)
[log] [coop:replay] guest replay turn=2: present k=message
[log] [coop:replay] guest replay turn=2: present k=hp
[log] [coop:session] isCoopAuthoritativeGuestGated -> true (authoritative GUEST gates a structural mutation)
[log] [coop:replay] guest replay turn=2: present k=hp
[log] [coop:session] isCoopAuthoritativeGuestGated -> true (authoritative GUEST gates a structural mutation)
[log] [coop:replay] guest replay turn=2: present k=message
[log] [coop:replay] guest replay turn=2: rendered phases [switch=2 tera=1 message=6 moveUsed=2 hp=6 faint=2]
[log] [coop:replay] guest replay turn=2: unshift CoopFinalizeTurnPhase (checkpoint apply deferred)
[log] [coop:session] isCoopAuthoritativeGuestGated -> true (authoritative GUEST gates a structural mutation)
[log] [coop:stream] guest IGNORE idempotent turn duplicate e=1827802517509761 wave=110 turn=2 rev=1027
[log] [coop:stream] guest IGNORE idempotent turn duplicate e=1827802517509761 wave=110 turn=2 rev=1027
[log] [coop:replay] present move bi=0 moveId=85 targets=1
[log] [coop:replay] present hp bi=2 0->0/289
[log] [coop:replay] present faint bi=2 narrate=true
[log] [coop:replay] present hp bi=0 1969->1874/2065
[log] [coop:replay] present move bi=1 moveId=247 targets=1
[log] [coop:replay] present hp bi=3 0->0/248
[log] [coop:replay] present faint bi=3 narrate=true
[log] [coop:replay] present hp bi=0 1874->1745/2065
[log] [coop:replay] present hp bi=1 1614->1507/1725
[log] [coop:replay] present hp bi=0 1745->1874/2065
[log] [coop:checkpoint] guest apply field=4 weather=4 terrain=4 arenaTags=0
[log] [coop:session] isCoopAuthoritativeGuestGated -> true (authoritative GUEST gates a structural mutation)
[log] [coop:adopt] erMoneyStreaks host entries=0 -> restored (#837/#348)
[log] [coop:adopt] biomeOverstayAnchor host=null -> restored (#837/#504)
[log] [coop:adopt] erBiomeStructure host length=20 startWave=106 -> restored (#841 item 5)
[log] [coop:adopt] erRelicBattleState host wave=110 -> restored (#837)
[log] [coop:adopt] erMapState host nodes=2 travelTarget=- fragments=0 -> restored (#865/#841 item 1)
[log] [coop:adopt] erPendingNodes host count=4 revealed=2 -> restored (#865)
[log] [coop:resync] guest apply authoritativeState tick=1027 wave=110 turn=2 party=6/5 field=4
[log] [coop:resync] presentation settle boundary=resync-stable side=player desired=visible ids=[1582731684,2610605] changed=0 phase=CoopFinalizeTurnPhase
[log] [coop:resync] presentation settle boundary=wave-start-pre-intro side=enemy desired=visible ids=[] changed=0 phase=CoopFinalizeTurnPhase
[warn] [coop:heal] heldItems monId=1582731684 bi=0 removed=[LEFTOVERS] added=[LEFTOVERS] -> applied
[warn] [coop:heal] heldItems bi=0 host=[LEFTOVERS] -> applied (rewrote to host set)
[warn] [coop:heal] heldItems monId=3789441889 bi=2 removed=[BASE_STAT_BOOSTER,BASE_STAT_BOOSTER,BASE_STAT_BOOSTER] added=[BASE_STAT_BOOSTER,BASE_STAT_BOOSTER,BASE_STAT_BOOSTER] -> applied
[warn] [coop:heal] heldItems bi=2 host=[BASE_STAT_BOOSTER,BASE_STAT_BOOSTER,BASE_STAT_BOOSTER] -> applied (rewrote to host set)
[log] [coop:interaction] interactionCounter() read -> 129 (role=guest)
[log] [coop:checksum] capture digest=011d8dee9a83e099 field=4 biome=8 seed=coop-soak-20260725 weather=4 terrain=4 money=31470 party=[890,150,493,384,382,888] partyLevels=[500,500,500,500,500,500] arenaTags=0 modifiers=7 heldItemsDigest=1 pokeballs=[0:99,1:10,2:10,3:0,4:0] mons=[bi0:sp890/hp1874-2065/st0/ab5258/form0/tera0:3/boss0:0 bi1:sp150/hp1507-1725/st0/ab227/form0/tera0:13/boss0:0 bi2:sp55/hp0-289/st7/ab5090/form0/tera0:13/boss0:0 bi3:sp121/hp0-248/st7/ab5636/form0/tera0:10/boss0:0]
[log] [coop:transport] send guest t=turnCommitAck e=1827802517509761 wave=110 turn=2 rev=1027 stage=materialApplied checksum=011d8dee9a83e099
[log] [coop:stream] guest ACK turn stage=materialApplied e=1827802517509761 wave=110 turn=2 rev=1027
[log] [coop:checksum] guest finalize materialApplied e=1827802517509761 wave=110 turn=2 rev=1027
[log] [coop:transport] recv host t=turnCommitAck e=1827802517509761 wave=110 turn=2 rev=1027 stage=materialApplied checksum=011d8dee9a83e099 handlers=1
[log] [coop:stream] host ACCEPT turn ACK stage=materialApplied key=1827802517509761:110:2:1027
[log] [coop:transport] send guest t=turnCommitAck e=1827802517509761 wave=110 turn=2 rev=1027 stage=presentationReady checksum=011d8dee9a83e099
[log] [coop:stream] guest ACK turn stage=presentationReady e=1827802517509761 wave=110 turn=2 rev=1027
[log] [coop:checksum] guest finalize presentationReady e=1827802517509761 wave=110 turn=2 rev=1027
[log] [coop:replay] guest finalize turn=2: END (checkpoint applied, turn-end queued)
[log] [coop:transport] recv host t=turnCommitAck e=1827802517509761 wave=110 turn=2 rev=1027 stage=presentationReady checksum=011d8dee9a83e099 handlers=1
[log] [coop:stream] host ACCEPT turn ACK stage=presentationReady key=1827802517509761:110:2:1027
[log] [coop:rendezvous] ARRIVE point=cmd:110:3 (send) role=guest
[log] [coop:transport] send guest t=rendezvous point=cmd:110:3
[log] [coop:rendezvous] RECV arrival point=cmd:110:3 -> BUFFER (no waiter yet) role=guest
[log] [coop:session] isCoopAuthoritativeGuestGated -> true (authoritative GUEST gates a structural mutation)
[log] [coop:session] isCoopAuthoritativeGuestGated -> true (authoritative GUEST gates a structural mutation)
[log] [coop:session] isCoopAuthoritativeGuestGated -> true (authoritative GUEST gates a structural mutation)
[log] [coop:session] isCoopAuthoritativeGuestGated -> true (authoritative GUEST gates a structural mutation)
[log] [coop:session] isCoopAuthoritativeGuestGated -> true (authoritative GUEST gates a structural mutation)
[log] [coop:battle] CommandPhase slot=0 turn=3 owner=host role=guest -> partner path
[log] [coop:rendezvous] next-command barrier cmd:110:3 SYNC pass (partner already arrived)
[log] [coop:transport] send guest t=turnCommitAck e=1827802517509761 wave=110 turn=2 rev=1027 stage=continuationReady checksum=011d8dee9a83e099
[log] [coop:stream] guest ACK turn stage=continuationReady e=1827802517509761 wave=110 turn=2 rev=1027
[log] [coop:stream] guest continuation surface=command e=1827802517509761 wave=110 turn=3 waiting=1 released=1
[log] [coop:transport] recv host t=turnCommitAck e=1827802517509761 wave=110 turn=2 rev=1027 stage=continuationReady checksum=011d8dee9a83e099 handlers=1
[log] [coop:replay] guest RECV turnResolution e=1827802517509761 wave=110 turn=3 events=12 checksum=6e63bba1fc9ae4d6 -> buffered (no waiter)
[log] [coop:replay] guest RECV waveResolved wave=110 outcome=win transition=WAVE_VICTORY/next111/biome0/egg1/trainer
[log] [coop:runtime] recv waveResolved wave=110 outcome=win role=guest netcode=authoritative
[log] [coop:runtime] ignore raw waveResolved for correctness wave=110 outcome=win; awaiting retained transaction
[log] [coop:session] isCoopAuthoritativeGuestGated -> true (authoritative GUEST gates a structural mutation)
[log] [coop:replay] guest replay turn=3: live pump start mode=turn
[log] [coop:transport] send guest t=requestTurnCommit e=1827802517509761 wave=110 turn=3 rev=pending
[log] [coop:transport] send guest t=requestTurnCommit e=1827802517509761 wave=110 turn=3 rev=1029
[log] [coop:replay] guest awaitTurn turn=3 RESOLVE (buffered race) events=12
[log] [coop:transport] recv host t=requestTurnCommit e=1827802517509761 wave=110 turn=3 rev=pending handlers=1
[log] [coop:transport] send host t=turnResolution e=1827802517509761 wave=110 turn=3 rev=1029 events=12 checksum=6e63bba1fc9ae4d6
[log] [coop:transport] recv host t=requestTurnCommit e=1827802517509761 wave=110 turn=3 rev=1029 handlers=1
[log] [coop:transport] send host t=turnResolution e=1827802517509761 wave=110 turn=3 rev=1029 events=12 checksum=6e63bba1fc9ae4d6
[log] [coop:transport] recv guest t=turnResolution e=1827802517509761 wave=110 turn=3 rev=1029 events=12 checksum=6e63bba1fc9ae4d6 handlers=1
[log] [coop:transport] recv guest t=turnResolution e=1827802517509761 wave=110 turn=3 rev=1029 events=12 checksum=6e63bba1fc9ae4d6 handlers=1
[log] [coop:replay] guest consume live events turn=3 count=0
[log] [coop:replay] guest replay turn=3: RESOLVE renderedLive=0 remaining=12 batch=12
[log] [coop:replay] guest replay turn=3: rendering 12 event(s)
[log] [coop:replay] guest replay turn=3: present k=switch
[log] [coop:session] isCoopAuthoritativeGuestGated -> true (authoritative GUEST gates a structural mutation)
[log] [coop:replay] guest replay turn=3: present k=showAbility
[log] [coop:session] isCoopAuthoritativeGuestGated -> true (authoritative GUEST gates a structural mutation)
[log] [coop:replay] guest replay turn=3: present k=moveUsed
[log] [coop:session] isCoopAuthoritativeGuestGated -> true (authoritative GUEST gates a structural mutation)
[log] [coop:replay] guest replay turn=3: present k=message
[log] [coop:replay] guest replay turn=3: present k=moveUsed
[log] [coop:session] isCoopAuthoritativeGuestGated -> true (authoritative GUEST gates a structural mutation)
[log] [coop:replay] guest replay turn=3: present k=hp
[log] [coop:session] isCoopAuthoritativeGuestGated -> true (authoritative GUEST gates a structural mutation)
[log] [coop:replay] guest replay turn=3: present k=faint
[log] [coop:session] isCoopAuthoritativeGuestGated -> true (authoritative GUEST gates a structural mutation)
[log] [coop:replay] guest replay turn=3: present k=message
[log] [coop:replay] guest replay turn=3: present k=hp
[log] [coop:session] isCoopAuthoritativeGuestGated -> true (authoritative GUEST gates a structural mutation)
[log] [coop:replay] guest replay turn=3: present k=message
[log] [coop:replay] guest replay turn=3: present k=moveUsed
[log] [coop:session] isCoopAuthoritativeGuestGated -> true (authoritative GUEST gates a structural mutation)
[log] [coop:replay] guest replay turn=3: present k=message
[log] [coop:replay] guest replay turn=3: rendered phases [switch=1 showAbility=1 moveUsed=3 message=4 hp=2 faint=1]
[log] [coop:replay] guest replay turn=3: unshift CoopFinalizeTurnPhase (checkpoint apply deferred)
[log] [coop:session] isCoopAuthoritativeGuestGated -> true (authoritative GUEST gates a structural mutation)
[log] [coop:stream] guest IGNORE idempotent turn duplicate e=1827802517509761 wave=110 turn=3 rev=1029
[log] [coop:stream] guest IGNORE idempotent turn duplicate e=1827802517509761 wave=110 turn=3 rev=1029
[log] [coop:session] isCoopAuthoritativeGuestGated -> true (authoritative GUEST gates a structural mutation)
[log] [coop:session] isCoopAuthoritativeGuestGated -> true (authoritative GUEST gates a structural mutation)
[log] [coop:replay] present move bi=3 moveId=392 targets=1
[log] [coop:replay] present move bi=0 moveId=53 targets=1
[log] [coop:replay] present hp bi=3 0->0/295
[log] [coop:replay] present faint bi=3 narrate=true
[log] [coop:replay] present hp bi=0 1874->1777/2065
[log] [coop:replay] present move bi=1 moveId=247 targets=0
[log] [coop:checkpoint] guest apply field=4 weather=4 terrain=4 arenaTags=0
[log] [coop:session] isCoopAuthoritativeGuestGated -> true (authoritative GUEST gates a structural mutation)
[log] [coop:adopt] erMoneyStreaks host entries=0 -> restored (#837/#348)
[log] [coop:adopt] biomeOverstayAnchor host=null -> restored (#837/#504)
[log] [coop:adopt] erBiomeStructure host length=20 startWave=106 -> restored (#841 item 5)
[log] [coop:adopt] erRelicBattleState host wave=110 -> restored (#837)
[log] [coop:adopt] erMapState host nodes=2 travelTarget=- fragments=0 -> restored (#865/#841 item 1)
[log] [coop:adopt] erPendingNodes host count=4 revealed=2 -> restored (#865)
[log] [coop:resync] guest apply authoritativeState tick=1029 wave=110 turn=3 party=6/5 field=4
[log] [coop:resync] presentation settle boundary=resync-stable side=player desired=visible ids=[1582731684,2610605] changed=0 phase=CoopFinalizeTurnPhase
[log] [coop:resync] presentation settle boundary=wave-start-pre-intro side=enemy desired=visible ids=[] changed=0 phase=CoopFinalizeTurnPhase
[warn] [coop:heal] heldItems monId=1582731684 bi=0 removed=[LEFTOVERS] added=[LEFTOVERS] -> applied
[warn] [coop:heal] heldItems bi=0 host=[LEFTOVERS] -> applied (rewrote to host set)
[warn] [coop:heal] heldItems monId=3789441889 bi=2 removed=[BASE_STAT_BOOSTER,BASE_STAT_BOOSTER,BASE_STAT_BOOSTER] added=[BASE_STAT_BOOSTER,BASE_STAT_BOOSTER,BASE_STAT_BOOSTER] -> applied
[warn] [coop:heal] heldItems bi=2 host=[BASE_STAT_BOOSTER,BASE_STAT_BOOSTER,BASE_STAT_BOOSTER] -> applied (rewrote to host set)
[warn] [coop:heal] heldItems monId=3069363523 bi=3 removed=[BASE_STAT_BOOSTER,BASE_STAT_BOOSTER] added=[BASE_STAT_BOOSTER,BASE_STAT_BOOSTER] -> applied
[warn] [coop:heal] heldItems bi=3 host=[BASE_STAT_BOOSTER,BASE_STAT_BOOSTER] -> applied (rewrote to host set)
[log] [coop:interaction] interactionCounter() read -> 129 (role=guest)
[log] [coop:checksum] capture digest=6e63bba1fc9ae4d6 field=4 biome=8 seed=coop-soak-20260725 weather=4 terrain=4 money=31470 party=[890,150,493,384,382,888] partyLevels=[500,500,500,500,500,500] arenaTags=0 modifiers=7 heldItemsDigest=1 pokeballs=[0:99,1:10,2:10,3:0,4:0] mons=[bi0:sp890/hp1777-2065/st0/ab5258/form0/tera0:3/boss0:0 bi1:sp150/hp1507-1725/st0/ab227/form0/tera0:13/boss0:0 bi2:sp55/hp0-289/st7/ab5090/form0/tera0:13/boss0:0 bi3:sp195/hp0-295/st7/ab147/form0/tera0:4/boss0:0]
[log] [coop:transport] send guest t=turnCommitAck e=1827802517509761 wave=110 turn=3 rev=1029 stage=materialApplied checksum=6e63bba1fc9ae4d6
[log] [coop:stream] guest ACK turn stage=materialApplied e=1827802517509761 wave=110 turn=3 rev=1029
[log] [coop:checksum] guest finalize materialApplied e=1827802517509761 wave=110 turn=3 rev=1029
[log] [coop:transport] recv host t=turnCommitAck e=1827802517509761 wave=110 turn=3 rev=1029 stage=materialApplied checksum=6e63bba1fc9ae4d6 handlers=1
[log] [coop:stream] host ACCEPT turn ACK stage=materialApplied key=1827802517509761:110:3:1029
[log] [coop:transport] send guest t=turnCommitAck e=1827802517509761 wave=110 turn=3 rev=1029 stage=presentationReady checksum=6e63bba1fc9ae4d6
[log] [coop:stream] guest ACK turn stage=presentationReady e=1827802517509761 wave=110 turn=3 rev=1029
[log] [coop:checksum] guest finalize presentationReady e=1827802517509761 wave=110 turn=3 rev=1029
[log] [coop:replay] guest finalize turn=3: END (checkpoint applied, turn-end queued)
[log] [coop:transport] recv host t=turnCommitAck e=1827802517509761 wave=110 turn=3 rev=1029 stage=presentationReady checksum=6e63bba1fc9ae4d6 handlers=1
[log] [coop:stream] host ACCEPT turn ACK stage=presentationReady key=1827802517509761:110:3:1029
[log] [coop:stream] guest admitted WAVE_ADVANCE continuation e=1827802517509761 wave=110
[log] [coop:runtime] wave-advance JOURNAL bootstrap wave=110 outcome=win (ACK withheld)
[log] [coop:runtime] wave-advance JOURNAL queued safe-boundary wake wave=110 unparkedReplay=0
[log] [coop:runtime] wave-advance op JOURNAL cursor-advanced id=1827802517509761:0:WAVE_ADVANCE:110 rev=259 dataApplied=false continuationReady=false (DATA applies at BattleEnd; retained ACK awaits DATA + destination continuation)
[log] [coop:transport] send guest t=coopAck cls=op:global seq=259
[log] [coop:replay] guest RECV waveEndState wave=110 tick=1030
[log] [coop:runtime] ignore raw waveEndState for correctness wave=110 tick=1030
[log] [coop:transport] recv host t=coopAck cls=op:global seq=259 handlers=1
[log] [coop:session] isCoopAuthoritativeGuestGated -> true (authoritative GUEST gates a structural mutation)
[log] [coop:session] isCoopAuthoritativeGuestGated -> true (authoritative GUEST gates a structural mutation)
[log] [coop:session] isCoopAuthoritativeGuestGated -> true (authoritative GUEST gates a structural mutation)
[log] [coop:session] isCoopAuthoritativeGuestGated -> true (authoritative GUEST gates a structural mutation)
[log] [coop:session] isCoopAuthoritativeGuestGated -> true (authoritative GUEST gates a structural mutation)
[log] [coop:runtime] consume wave-advance wave=110 outcome=win transition=WAVE_VICTORY/next111/biome0/egg1/trainer (lastResolved 109 -> 110)
[log] [coop:replay] guest wave-advance outcome=win wave=110 next=WAVE_VICTORY/wave111 biomeChange=false eggLapse=true victoryKind=trainer battleType=TRAINER queues=VictoryPhase (host-stated)
[warn] [coop:replay] guest wave-advance wave=110: replacing speculative future queue [CommandPhase,CommandPhase,TurnStartPhase]
[log] [coop:session] isCoopAuthoritativeGuestGated -> true (authoritative GUEST gates a structural mutation)
[log] [coop:progression] GUEST applyPartyExp SKIP wave=110 koMon=Lapras (awaiting host waveEndState)
[log] [coop-diag] VictoryPhase win-branch role=guest battleType=TRAINER queuesTrainerVictory=true queuesSelectModifier=false wave=110
[log] [coop:session] isCoopAuthoritativeGuestGated -> true (authoritative GUEST gates a structural mutation)
[log] [coop:session] isCoopAuthoritativeGuestGated -> true (authoritative GUEST gates a structural mutation)
[log] [coop:session] isCoopAuthoritativeGuestGated -> true (authoritative GUEST gates a structural mutation)
[log] [coop:session] isCoopAuthoritativeGuestGated -> true (authoritative GUEST gates a structural mutation)
[log] [coop-diag] VictoryTail role=guest wave=110 source=host-stated trainer=true egg=true biomeShop=true biomeChange=false crossroads=true nextWave=111
[log] [coop:session] isCoopAuthoritativeGuestGated -> true (authoritative GUEST gates a structural mutation)
[log] [coop:session] isCoopAuthoritativeGuestGated -> true (authoritative GUEST gates a structural mutation)
[log] [coop:session] isCoopAuthoritativeGuestGated -> true (authoritative GUEST gates a structural mutation)
[log] [coop:session] isCoopAuthoritativeGuestGated -> true (authoritative GUEST gates a structural mutation)
[log] [coop:adopt] erMoneyStreaks host entries=0 -> restored (#837/#348)
[log] [coop:adopt] biomeOverstayAnchor host=null -> restored (#837/#504)
[log] [coop:adopt] erBiomeStructure host length=20 startWave=106 -> restored (#841 item 5)
[log] [coop:adopt] erRelicBattleState host wave=110 -> restored (#837)
[log] [coop:adopt] erMapState host nodes=2 travelTarget=- fragments=0 -> restored (#865/#841 item 1)
[log] [coop:adopt] erPendingNodes host count=4 revealed=2 -> restored (#865)
[log] [coop:resync] guest apply authoritativeState tick=1030 wave=110 turn=4 party=6/5 field=4
[log] [coop:resync] presentation settle boundary=resync-stable side=player desired=visible ids=[1582731684,2610605] changed=0 phase=BattleEndPhase
[log] [coop:resync] presentation settle boundary=wave-start-pre-intro side=enemy desired=visible ids=[] changed=0 phase=BattleEndPhase
[log] [coop:runtime] wave-advance retained DATA boundary admitted wave=110
[log] [coop:progression] retained WAVE_ADVANCE DATA applied wave=110 tick=1030
[log] [coop:progression] GUEST retained WAVE_ADVANCE BattleEnd release wave=110
[log] [coop:session] isCoopAuthoritativeGuestGated -> true (authoritative GUEST gates a structural mutation)
[warn] [coop:gate] ALLOWLIST BLOCK phase=MoneyRewardPhase (not a guest presentation/input-intent phase; neutralized to CoopInertPhase)
[log] [coop:session] isCoopAuthoritativeGuestGated -> true (authoritative GUEST gates a structural mutation)
[log] [coop:progression] coopBossVoucherReward DECISION isCoop=true creditedFirstTime=true -> NO-QUEUE (lockstep queue-len parity)
[log] [coop:progression] coopVictoryDialogue DECISION isCoop=true -> SKIP (constant 0 awaits, lockstep-safe)
[log] [coop:transport] recv guest t=envelope t=envelope handlers=1
[log] [coop:transport] send guest t=coopAck cls=op:global seq=259
[log] [coop:transport] recv host t=coopAck cls=op:global seq=259 handlers=1
[log] [coop:reward] renderer SKIP shared ModifierRewardPhase type=Super EXP. Charm
[log] [coop:progression] GUEST automatic victory settlement admitted wave=110 turn=4
[log] [coop:interaction] interactionCounter() read -> 129 (role=guest)
[log] [coop:checksum] capture digest=08b02b3579ad64b6 field=4 biome=8 seed=coop-soak-20260725 weather=4 terrain=4 money=36020 party=[890,150,493,384,382,888] partyLevels=[500,500,500,500,500,500] arenaTags=0 modifiers=7 heldItemsDigest=1 pokeballs=[0:99,1:10,2:10,3:0,4:0] mons=[bi0:sp890/hp2065-2065/st0/ab5258/form0/tera0:3/boss0:0 bi1:sp150/hp1725-1725/st0/ab227/form0/tera0:13/boss0:0 bi2:sp55/hp0-274/st7/ab5090/form0/tera0:13/boss0:0 bi3:sp195/hp0-295/st7/ab147/form0/tera0:4/boss0:0]
[log] [coop:interaction] interactionCounter() read -> 129 (role=guest)
[log] [coop:owner] ownerOf(counter=129) seat=1 -> owner=guest
[log] [coop:owner] isLocalOwnerAtCounter(pinnedCounter=129) parity=1 owner=guest role=guest -> true
[log] [coop:reward] biome market roles: pinnedStart=129 inMe=false role=guest spoof=false pick=OWNER option=ADOPT continuation=false
[log] [coop:relay] AWAIT rewardOptions key=129:777 timeoutMs=1200000 -> network-wait
[log] [coop:relay] SEND requestRewardOptions key=129:777 (authoritative replay)
[log] [coop:transport] send guest t=requestRewardOptions seq=129 reroll=777
[log] [coop:relay] RECV rewardOptions key=129:777 -> deliver-to-waiter count=16
[log] [coop:relay] AWAIT rewardOptions key=129:777 RESOLVE count=16
[log] [coop:transport] recv host t=requestRewardOptions seq=129 reroll=777 handlers=1
[log] [coop:shop] reconstructRewardOptions OK count=16 ids=[SOOTHE_BELL,SHELL_BELL,BERRY,POKEBALL,ULTRA_BALL,ER_RUSTY_CLAW,TEMP_STAT_STAGE_BOOSTER,RARE_CANDY,FOCUS_BAND,ER_LUCKY_HEART,ER_POWER_HERB,ROGUE_BALL,WIDE_LENS,ER_CHILI_SAMPLE,GREAT_BALL,ER_LOADED_DICE]
[log] [coop:transport] send guest t=turnCommitAck e=1827802517509761 wave=110 turn=3 rev=1029 stage=continuationReady checksum=6e63bba1fc9ae4d6
[log] [coop:stream] guest ACK turn stage=continuationReady e=1827802517509761 wave=110 turn=3 rev=1029
[log] [coop:stream] guest continuation surface=sharedInput e=1827802517509761 wave=110 turn=4 waiting=1 released=1
[log] [coop:transport] recv host t=turnCommitAck e=1827802517509761 wave=110 turn=3 rev=1029 stage=continuationReady checksum=6e63bba1fc9ae4d6 handlers=1
[log] [coop:progression] retained WAVE_ADVANCE continuationReady wave=110
[log] [coop:transport] send guest t=coopAck cls=op:global seq=259
[log] [coop:transport] send guest t=coopAck cls=op:global seq=259
[log] [coop:transport] send guest t=coopAck cls=op:global seq=259
[log] [coop:transport] recv host t=coopAck cls=op:global seq=259 handlers=1
[log] [coop:transport] recv host t=coopAck cls=op:global seq=259 handlers=1
[log] [coop:transport] recv host t=coopAck cls=op:global seq=259 handlers=1
[log] [coop:relay] RECV rewardOptions key=129:777 -> BUFFER rewardOptionsInbox (latest-wins) count=16
[log] [coop:owner] ownerOf(counter=-1) seat=1 -> owner=guest
[log] [coop:owner] isLocalOwnerAtCounter(pinnedCounter=-1) parity=1 owner=guest role=guest -> true
[log] [coop:owner] ownerOf(counter=-1) seat=1 -> owner=guest
[log] [coop:owner] isLocalOwnerAtCounter(pinnedCounter=-1) parity=1 owner=guest role=guest -> true
[log] [coop:reward] market op INTENT prepared label=biomeShop id=1827802517509761:1:SHOP_BUY:12900000
[log] [coop:relay] SEND interactionChoice seq=7000129 kind=biomeShop kind=? choice=-1 data=-
[log] [coop:transport] send guest t=interactionChoice seq=7000129 kind=biomeShop choice=-1
[warn] [coop:v2-shadow] FAULT tap(INTERACTION_COMMIT): AuthorityLog.commit: entry context is not bound to the local authority
[log] [coop:relay] AWAIT interactionChoice seq=7000129 timeoutMs=1200000 expected=[biomeShop] -> network-wait
[log] [coop:transport] recv host t=interactionChoice seq=7000129 kind=biomeShop choice=-1 handlers=1
[log] [coop:adopt] erMoneyStreaks host entries=0 -> restored (#837/#348)
[log] [coop:adopt] biomeOverstayAnchor host=null -> restored (#837/#504)
[log] [coop:adopt] erBiomeStructure host length=20 startWave=106 -> restored (#841 item 5)
[log] [coop:adopt] erRelicBattleState host wave=110 -> restored (#837)
[log] [coop:adopt] erMapState host nodes=2 travelTarget=- fragments=0 -> restored (#865/#841 item 1)
[log] [coop:adopt] erPendingNodes host count=4 revealed=2 -> restored (#865)
[log] [coop:resync] guest apply authoritativeState tick=1031 wave=110 turn=4 party=6/5 field=4
[log] [coop:resync] presentation settle boundary=resync-stable side=player desired=visible ids=[1582731684,2610605] changed=0 phase=SelectModifierPhase
[log] [coop:resync] presentation settle boundary=wave-start-pre-intro side=enemy desired=visible ids=[] changed=0 phase=SelectModifierPhase
[log] [coop:relay] DELIVER interactionChoice seq=7000129 -> waiter kind=biomeShop choice=-1 data=-
[log] [coop:relay] AWAIT interactionChoice seq=7000129 RESOLVE kind=biomeShop choice=-1 data=-
[log] [coop:reward] shop authoritative RESULT applied-before-render kind=SHOP_BUY id=1827802517509761:1:SHOP_BUY:12900000 rev=260 tick=1031
[log] [coop:transport] send guest t=coopAck cls=op:global seq=260
[log] [coop:interaction] RECV interaction broadcast (deferred catch-up net) received=130 localBefore=129 role=guest -> WILL DEFER to 130 (folds in at next advance if still ahead)
[warn] [coop:interaction] CoopInteractionTurn.mergeRemote DEFER (remote=130, counter=129, pendingRemote=130) live counter UNCHANGED (folds in at next advance if still ahead)
[log] [coop:owner] ownerOf(counter=129) seat=1 -> owner=guest
[log] [coop:owner] ownerOf(counter=129) seat=1 -> owner=guest
[log] [coop:transport] recv host t=coopAck cls=op:global seq=260 handlers=1
[log] [coop:reward] market op WATCHER materialize retained choice=-1 terminal=true id=1827802517509761:1:SHOP_BUY:12900000
[log] [coop:interaction] interactionCounter() read -> 129 (role=guest)
[log] [coop:interaction] CoopInteractionTurn.advance INCREMENT (fromCounter=129) counter 129 -> 130
[log] [coop:interaction] advanceInteraction ADVANCED+BROADCAST (fromCounter=129) counter 129 -> 130 role=guest; send interaction screen=__turn__ choice=130
[log] [coop:interaction] SEND counter snapshot reason=advance choice=130 role=guest
[log] [coop:transport] send guest t=interaction screen=__turn__
[log] [coop:owner] ownerOf(counter=130) seat=0 -> owner=host
[log] [coop:owner] ownerOf(counter=130) seat=0 -> owner=host
[log] [coop:interaction] interactionCounter() read -> 130 (role=guest)
[log] [coop:reward] advance interaction from CONTINUATION commit (role=guest from=129 counter 129 -> 130)
[log] [coop:interaction] interactionCounter() read -> 130 (role=guest)
[log] [coop:transport] recv host t=interaction screen=__turn__ handlers=1
[log] [coop:rendezvous] RECV arrival point=xroads:110 -> BUFFER (no waiter yet) role=guest
[log] [coop:interaction] interactionCounter() read -> 130 (role=guest)
[log] [coop:owner] ownerOf(counter=130) seat=0 -> owner=host
[log] [coop:owner] isLocalOwnerAtCounter(pinnedCounter=130) parity=0 owner=host role=guest -> false
[log] [coop:rendezvous] crossroads boundary barrier RENDEZVOUS xroads:110 (#858)
[log] [coop:rendezvous] ARRIVE point=xroads:110 (send) role=guest
[log] [coop:transport] send guest t=rendezvous point=xroads:110
[log] [coop:rendezvous] AWAIT point=xroads:110 -> partner already arrived (buffer-hit) role=guest
[log] [coop:transport] recv host t=rendezvous point=xroads:110 handlers=1
[log] [coop:interaction] interactionCounter() read -> 130 (role=guest)
[log] [coop:owner] ownerOf(counter=130) seat=0 -> owner=host
[log] [coop:owner] isLocalOwnerAtCounter(pinnedCounter=130) parity=0 owner=host role=guest -> false
[log] [coop:reward] crossroads owner/watcher decision: pinnedStart=130 role=guest spoof=false -> WATCHER (#848)
[log] [coop:interaction] uiMirror beginSession role=watcher mode=15 seq=9600130 early=0
[log] [coop:transport] send guest t=coopAck cls=op:global seq=259
[log] [coop:transport] recv host t=coopAck cls=op:global seq=259 handlers=1
[log] [coop:rendezvous] RECV arrival point=xroads:110 -> DUPLICATE (already seen) role=guest
[log] [coop:interaction] interactionCounter() read -> 130 (role=guest)
[log] [coop:owner] ownerOf(counter=130) seat=0 -> owner=host
[log] [coop:owner] isLocalOwnerAtCounter(pinnedCounter=130) parity=0 owner=host role=guest -> false
[log] [coop:interaction] uiMirror WATCHER apply n=0 button=1 mode=15
[log] [coop:relay] DELIVER interactionChoice seq=9600130 -> BUFFER inbox depth=1 kind=crossroads choice=1 data=-
[log] [coop:reward] biome op JOURNAL apply id=1827802517509761:0:CROSSROADS_PICK:9600130 rev=261 (Wave-2e/W2e-R)
[log] [coop:transport] send guest t=coopAck cls=op:global seq=261
[log] [coop:relay] DELIVER interactionChoice seq=9600130 -> BUFFER inbox depth=2 kind=crossroads choice=1 data=-
[log] [coop:transport] recv host t=coopAck cls=op:global seq=261 handlers=1
[log] [coop:reward] biome op WATCHER materialize JOURNAL choice kind=CROSSROADS_PICK id=1827802517509761:0:CROSSROADS_PICK:9600130
[log] [coop:reward] crossroads WATCHER: owner pick received moveOn=true pinnedStart=130 (#848)
[log] [coop:session] isCoopAuthoritativeGuestGated -> true (authoritative GUEST gates a structural mutation)
[log] [coop:v2-interaction] terminal proof recorded op=1827802517509761:0:CROSSROADS_PICK:9600130 role=guest seat=1 duplicate=0 ambient=1
[log] [coop:interaction] interactionCounter() read -> 130 (role=guest)
[log] [coop:owner] ownerOf(counter=130) seat=0 -> owner=host
[log] [coop:owner] isLocalOwnerAtCounter(pinnedCounter=130) parity=0 owner=host role=guest -> false
[log] [coop:session] isCoopAuthoritativeGuestGated -> true (authoritative GUEST gates a structural mutation)
[log] [coop:owner] ownerOf(counter=130) seat=0 -> owner=host
[log] [coop:owner] isLocalOwnerAtCounter(pinnedCounter=130) parity=0 owner=host role=guest -> false
[log] [coop:session] isCoopAuthoritativeGuestGated -> true (authoritative GUEST gates a structural mutation)
[log] [coop:owner] ownerOf(counter=130) seat=0 -> owner=host
[log] [coop:owner] isLocalOwnerAtCounter(pinnedCounter=130) parity=0 owner=host role=guest -> false
[log] [coop:reward] biome pick owner/watcher decision: pinnedStart=130 role=guest spoof=false chained=true -> WATCHER (#848)
[log] [coop:interaction] uiMirror beginSession role=watcher mode=54 seq=9700130 early=0
[log] [coop:transport] send guest t=coopAck cls=op:global seq=259
[log] [coop:transport] recv host t=coopAck cls=op:global seq=259 handlers=1
[log] [coop:relay] DELIVER interactionChoice seq=9700130 -> BUFFER inbox depth=1 kind=biomePick choice=0 data=[6]
[log] [coop:relay] DELIVER interactionChoice seq=9700130 -> BUFFER inbox depth=2 kind=biomePick choice=0 data=[6]
[log] [coop:reward] biome op JOURNAL apply id=1827802517509761:0:BIOME_PICK:9700130 rev=262 (Wave-2e/W2e-R)
[log] [coop:transport] send guest t=coopAck cls=op:global seq=262
[log] [coop:interaction] RECV interaction broadcast (deferred catch-up net) received=131 localBefore=130 role=guest -> WILL DEFER to 131 (folds in at next advance if still ahead)
[warn] [coop:interaction] CoopInteractionTurn.mergeRemote DEFER (remote=131, counter=130, pendingRemote=131) live counter UNCHANGED (folds in at next advance if still ahead)
[log] [coop:owner] ownerOf(counter=130) seat=0 -> owner=host
[log] [coop:owner] ownerOf(counter=130) seat=0 -> owner=host
[log] [coop:reward] biome op WATCHER materialize JOURNAL choice kind=BIOME_PICK id=1827802517509761:0:BIOME_PICK:9700130
[log] [coop:session] isCoopAuthoritativeGuestGated -> true (authoritative GUEST gates a structural mutation)
[log] [coop:reward] biome pick WATCHER: owner biome=undefined received pinnedStart=130 (#848)
[log] [coop:transport] recv host t=coopAck cls=op:global seq=262 handlers=1
[log] [coop:session] isCoopAuthoritativeGuestGated -> true (authoritative GUEST gates a structural mutation)
[log] [coop:interaction] interactionCounter() read -> 130 (role=guest)
[log] [coop:interaction] CoopInteractionTurn.advance INCREMENT (fromCounter=130) counter 130 -> 131
[log] [coop:interaction] advanceInteraction ADVANCED+BROADCAST (fromCounter=130) counter 130 -> 131 role=guest; send interaction screen=__turn__ choice=131
[log] [coop:interaction] SEND counter snapshot reason=advance choice=131 role=guest
[log] [coop:transport] send guest t=interaction screen=__turn__
[log] [coop:owner] ownerOf(counter=131) seat=1 -> owner=guest
[log] [coop:owner] ownerOf(counter=131) seat=1 -> owner=guest
[log] [coop:interaction] interactionCounter() read -> 131 (role=guest)
[log] [coop:reward] advance interaction from CONTINUATION commit (role=guest from=130 counter 130 -> 131)
[log] [coop:interaction] interactionCounter() read -> 131 (role=guest)
[log] [coop:v2-interaction] terminal proof recorded op=1827802517509761:0:BIOME_PICK:9700130 role=guest seat=1 duplicate=0 ambient=1
[log] [coop:transport] recv host t=interaction screen=__turn__ handlers=1
[log] [coop:interaction] interactionCounter() read -> 131 (role=guest)
[log] [coop:replay] guest RECV enemyPartySync wave=111 count=2 -> buffered (no waiter)
[log] [coop:replay] guest RECV entry presentation wave=111 stateTick=1035 events=19 buffered
[log] [coop:replay] guest RECV enemyPartySync wave=111 count=2 -> buffered (no waiter)
[log] [coop:rendezvous] RECV arrival point=cmd:111:1 -> BUFFER (no waiter yet) role=guest
[log] [coop:session] isCoopAuthoritativeGuestGated -> true (authoritative GUEST gates a structural mutation)
[log] [coop:battletype] wave=111 HOST verdict: WILD - adopting (#867)
[log] [coop:me] wave=111 HOST verdict: NO ME - local presence roll suppressed (#862)
[log] [coop:session] isCoopAuthoritativeGuestGated -> true (authoritative GUEST gates a structural mutation)
[log] [coop:session] isCoopAuthoritativeGuestGated -> true (authoritative GUEST gates a structural mutation)
[log] [coop:stream] guest consumeEnemyParty wave=111 -> 2 enemies
[log] [coop:enemy] buildCoopEnemy ADOPT trainerSlot=0 species=130 form=0 lv=82 abilityIdx=0 nature=0 gender=0 shiny=false tera=0:10 hp=273/273 moves=4 heldItems=1
[log] [coop:enemy] buildCoopEnemy ADOPT trainerSlot=0 species=72 form=0 lv=86 abilityIdx=0 nature=0 gender=0 shiny=false tera=0:10 hp=191/191 moves=4 heldItems=0
[log] [coop:turn] host recorder: append turn=1 seq=19 k=weather total=20 live=true
[log] [coop:session] isCoopAuthoritativeGuestGated -> true (authoritative GUEST gates a structural mutation)
[log] [coop:turn] host recorder: append turn=1 seq=20 k=message total=21 live=true
[log] [coop:turn] host recorder: append turn=1 seq=21 k=terrain total=22 live=true
[log] [coop:turn] host recorder: append turn=1 seq=22 k=message total=23 live=true
[log] [coop:adopt] erMoneyStreaks host entries=0 -> restored (#837/#348)
[log] [coop:adopt] biomeOverstayAnchor host=null -> restored (#837/#504)
[log] [coop:adopt] erBiomeStructure host length=22 startWave=111 -> restored (#841 item 5)
[log] [coop:adopt] erRelicBattleState host wave=111 -> restored (#837)
[log] [coop:adopt] erMapState host nodes=2 travelTarget=- fragments=0 -> restored (#865/#841 item 1)
[log] [coop:adopt] erPendingNodes host count=5 revealed=2 -> restored (#865)
[log] [coop:resync] guest apply authoritativeState tick=1035 wave=111 turn=1 party=6/2 field=4
[log] [coop:resync] presentation settle boundary=resync-stable side=player desired=visible ids=[1582731684,2610605] changed=0 phase=NewBiomeEncounterPhase
[log] [coop:resync] presentation settle boundary=resync-stable side=enemy desired=visible ids=[2016208408,1124396577] changed=2 phase=NewBiomeEncounterPhase
[log] [coop:resync] render differ: newly presented id=2016208408 key=pkmn__130 -> load atlas
[log] [coop:resync] render differ: newly presented id=1124396577 key=pkmn__72 -> load atlas
[log] [coop:resync] presentation settle boundary=launch-ready side=player desired=visible ids=[1582731684,2610605] changed=0 phase=NewBiomeEncounterPhase
[log] [coop:resync] presentation settle boundary=encounter-summon side=enemy desired=visible ids=[2016208408,1124396577] changed=0 phase=NewBiomeEncounterPhase
[log] [coop:resync] presentation settle boundary=encounter-summon side=enemy desired=visible ids=[2016208408,1124396577] changed=0 phase=NewBiomeEncounterPhase
[log] [coop:session] isCoopAuthoritativeGuestGated -> true (authoritative GUEST gates a structural mutation)
[log] [coop:session] isCoopAuthoritativeGuestGated -> true (authoritative GUEST gates a structural mutation)
[log] [coop:session] isCoopAuthoritativeGuestGated -> true (authoritative GUEST gates a structural mutation)
[log] [coop:session] isCoopAuthoritativeGuestGated -> true (authoritative GUEST gates a structural mutation)
[log] [coop:session] isCoopAuthoritativeGuestGated -> true (authoritative GUEST gates a structural mutation)
[log] [coop:session] isCoopAuthoritativeGuestGated -> true (authoritative GUEST gates a structural mutation)
[log] [coop:replay] guest replay turn=1: awaiting retained entry presentation
[warn] [coop:resync] authoritativeState tick=1035 STALE (lastApplied=1035) -> REJECTED (#807)
[log] [coop:adopt] erMoneyStreaks host entries=0 -> restored (#837/#348)
[log] [coop:adopt] biomeOverstayAnchor host=null -> restored (#837/#504)
[log] [coop:adopt] erBiomeStructure host length=22 startWave=111 -> restored (#841 item 5)
[log] [coop:adopt] erRelicBattleState host wave=111 -> restored (#837)
[log] [coop:adopt] erMapState host nodes=2 travelTarget=- fragments=0 -> restored (#865/#841 item 1)
[log] [coop:adopt] erPendingNodes host count=5 revealed=2 -> restored (#865)
[log] [coop:resync] guest reassert authoritativeState tick=1035 wave=111 turn=1 party=6/2 field=4
[log] [coop:resync] presentation settle boundary=resync-stable side=player desired=visible ids=[1582731684,2610605] changed=0 phase=CoopReplayTurnPhase
[log] [coop:resync] presentation settle boundary=resync-stable side=enemy desired=visible ids=[2016208408,1124396577] changed=0 phase=CoopReplayTurnPhase
[log] [coop:replay] guest replay turn=1: rendering 19 event(s)
[log] [coop:replay] guest replay turn=1: present k=weather
[log] [coop:session] isCoopAuthoritativeGuestGated -> true (authoritative GUEST gates a structural mutation)
[log] [coop:replay] guest replay turn=1: present k=message
[log] [coop:turn] host recorder: append turn=1 seq=23 k=message total=24 live=true
[log] [coop:replay] guest replay turn=1: present k=message
[log] [coop:turn] host recorder: append turn=1 seq=24 k=message total=25 live=true
[log] [coop:replay] guest replay turn=1: present k=statStage
[log] [coop:session] isCoopAuthoritativeGuestGated -> true (authoritative GUEST gates a structural mutation)
[log] [coop:replay] guest replay turn=1: present k=message
[log] [coop:turn] host recorder: append turn=1 seq=25 k=message total=26 live=true
[log] [coop:replay] guest replay turn=1: present k=statStage
[log] [coop:session] isCoopAuthoritativeGuestGated -> true (authoritative GUEST gates a structural mutation)
[log] [coop:replay] guest replay turn=1: present k=terrain
[log] [coop:session] isCoopAuthoritativeGuestGated -> true (authoritative GUEST gates a structural mutation)
[log] [coop:replay] guest replay turn=1: present k=message
[log] [coop:turn] host recorder: append turn=1 seq=26 k=message total=27 live=true
[log] [coop:replay] guest replay turn=1: present k=showAbility
[log] [coop:session] isCoopAuthoritativeGuestGated -> true (authoritative GUEST gates a structural mutation)
[log] [coop:replay] guest replay turn=1: present k=message
[log] [coop:turn] host recorder: append turn=1 seq=27 k=message total=28 live=true
[log] [coop:replay] guest replay turn=1: present k=showAbility
[log] [coop:session] isCoopAuthoritativeGuestGated -> true (authoritative GUEST gates a structural mutation)
[log] [coop:replay] guest replay turn=1: present k=message
[log] [coop:turn] host recorder: append turn=1 seq=28 k=message total=29 live=true
[log] [coop:replay] guest replay turn=1: present k=statStage
[log] [coop:session] isCoopAuthoritativeGuestGated -> true (authoritative GUEST gates a structural mutation)
[log] [coop:replay] guest replay turn=1: present k=showAbility
[log] [coop:session] isCoopAuthoritativeGuestGated -> true (authoritative GUEST gates a structural mutation)
[log] [coop:replay] guest replay turn=1: present k=showAbility
[log] [coop:session] isCoopAuthoritativeGuestGated -> true (authoritative GUEST gates a structural mutation)
[log] [coop:replay] guest replay turn=1: present k=message
[log] [coop:turn] host recorder: append turn=1 seq=29 k=message total=30 live=true
[log] [coop:replay] guest replay turn=1: present k=statStage
[log] [coop:session] isCoopAuthoritativeGuestGated -> true (authoritative GUEST gates a structural mutation)
[log] [coop:replay] guest replay turn=1: present k=message
[log] [coop:turn] host recorder: append turn=1 seq=30 k=message total=31 live=true
[log] [coop:replay] guest replay turn=1: present k=statStage
[log] [coop:session] isCoopAuthoritativeGuestGated -> true (authoritative GUEST gates a structural mutation)
[log] [coop:replay] guest replay turn=1: rendered phases [weather=1 message=8 statStage=5 terrain=1 showAbility=4]
[log] [coop:replay] guest replay turn=1: retained entry presentation queued stateTick=1035 events=19; awaiting exact outcome proof
[log] [coop:session] isCoopAuthoritativeGuestGated -> true (authoritative GUEST gates a structural mutation)
[log] [coop:replay] present statStage bi=1 stat=5 -> -1
[log] [coop:replay] present statStage bi=1 stat=5 set to -1 NO tween (delta=0 anims=false)
[log] [coop:replay] present statStage bi=0 stat=5 -> -1
[log] [coop:replay] present statStage bi=0 stat=5 set to -1 NO tween (delta=0 anims=false)
[log] [coop:session] isCoopAuthoritativeGuestGated -> true (authoritative GUEST gates a structural mutation)
[log] [coop:session] isCoopAuthoritativeGuestGated -> true (authoritative GUEST gates a structural mutation)
[log] [coop:session] isCoopAuthoritativeGuestGated -> true (authoritative GUEST gates a structural mutation)
[log] [coop:session] isCoopAuthoritativeGuestGated -> true (authoritative GUEST gates a structural mutation)
[log] [coop:replay] present statStage bi=0 stat=3 -> 2
[log] [coop:replay] present statStage bi=0 stat=3 set to 2 NO tween (delta=0 anims=false)
[log] [coop:session] isCoopAuthoritativeGuestGated -> true (authoritative GUEST gates a structural mutation)
[log] [coop:session] isCoopAuthoritativeGuestGated -> true (authoritative GUEST gates a structural mutation)
[log] [coop:session] isCoopAuthoritativeGuestGated -> true (authoritative GUEST gates a structural mutation)
[log] [coop:session] isCoopAuthoritativeGuestGated -> true (authoritative GUEST gates a structural mutation)
[log] [coop:replay] present statStage bi=0 stat=1 -> -1
[log] [coop:replay] present statStage bi=0 stat=1 set to -1 NO tween (delta=0 anims=false)
[log] [coop:replay] present statStage bi=1 stat=1 -> -1
[log] [coop:replay] present statStage bi=1 stat=1 set to -1 NO tween (delta=0 anims=false)
[log] [coop:replay] guest entry presentation PROVED wave=111 turn=1 events=19
[log] [coop:stream] guest consumeEnemyParty wave=111 -> null (buffered=none)
[log] [coop:battle] CommandPhase slot=0 turn=1 owner=host role=guest -> partner path
[log] [coop:stream] guest consumeEnemyParty wave=111 -> null (buffered=none)
[log] [coop:rendezvous] ARRIVE point=cmd:111:1 (send) role=guest
[log] [coop:transport] send guest t=rendezvous point=cmd:111:1
[log] [coop:rendezvous] next-command barrier cmd:111:1 SYNC pass (partner already arrived)
[log] [coop:stream] guest consumeEnemyParty wave=111 -> null (buffered=none)
[log] [coop:transport] send guest t=coopAck cls=op:global seq=260
[log] [coop:transport] send guest t=coopAck cls=op:global seq=260
[log] [coop:transport] send guest t=coopAck cls=op:global seq=261
[log] [coop:transport] send guest t=coopAck cls=op:global seq=261
[log] [coop:transport] send guest t=coopAck cls=op:global seq=262
[log] [coop:transport] send guest t=coopAck cls=op:global seq=262
[log] [coop:transport] recv host t=rendezvous point=cmd:111:1 handlers=1
[log] [coop:transport] recv host t=coopAck cls=op:global seq=260 handlers=1
[log] [coop:transport] recv host t=coopAck cls=op:global seq=260 handlers=1
[log] [coop:transport] recv host t=coopAck cls=op:global seq=261 handlers=1
[log] [coop:transport] recv host t=coopAck cls=op:global seq=261 handlers=1
[log] [coop:transport] recv host t=coopAck cls=op:global seq=262 handlers=1
[log] [coop:transport] recv host t=coopAck cls=op:global seq=262 handlers=1
[log] [coop:rendezvous] RECV arrival point=cmd:111:1 -> DUPLICATE (already seen) role=guest
[log] [coop:replay] guest IGNORE duplicate consumed entry presentation wave=111
[log] [coop:replay] guest RECV enemyPartySync wave=111 count=2 -> buffered (no waiter)
[log] [coop:interaction] interactionCounter() read -> 131 (role=guest)
[log] [coop:checksum] capture digest=e575dab9cc9497ab field=4 biome=6 seed=coop-soak-20260725 weather=2 terrain=4 money=36020 party=[890,150,493,384,382,888] partyLevels=[500,500,500,500,500,500] arenaTags=0 modifiers=7 heldItemsDigest=2 pokeballs=[0:99,1:10,2:10,3:0,4:0] mons=[bi0:sp890/hp2065-2065/st0/ab5258/form0/tera0:3/boss0:0 bi1:sp150/hp1725-1725/st0/ab227/form0/tera0:13/boss0:0 bi2:sp130/hp273-273/st0/ab153/form0/tera0:10/boss0:0 bi3:sp72/hp191-191/st0/ab64/form0/tera0:10/boss0:0]
[log] [coop:interaction] interactionCounter() read -> 131 (role=guest)
[log] [coop:replay] guest IGNORE duplicate consumed entry presentation wave=111
[log] [coop:replay] guest RECV enemyPartySync wave=111 count=2 -> buffered (no waiter)
[log] [coop:replay] guest RECV turnResolution e=1827802517509761 wave=111 turn=1 events=44 checksum=8decd89b0e264e30 -> buffered (no waiter)
[log] [coop:session] isCoopAuthoritativeGuestGated -> true (authoritative GUEST gates a structural mutation)
[log] [coop:replay] guest replay turn=1: live pump start mode=turn
[log] [coop:replay] guest replay turn=1: advance local watermark 0->19
[log] [coop:session] isCoopAuthoritativeGuestGated -> true (authoritative GUEST gates a structural mutation)
[log] [coop:transport] send guest t=requestTurnCommit e=1827802517509761 wave=111 turn=1 rev=pending
[log] [coop:transport] send guest t=requestTurnCommit e=1827802517509761 wave=111 turn=1 rev=1039
[log] [coop:replay] guest awaitTurn turn=1 RESOLVE (buffered race) events=44
[log] [coop:transport] recv host t=requestTurnCommit e=1827802517509761 wave=111 turn=1 rev=pending handlers=1
[log] [coop:transport] send host t=turnResolution e=1827802517509761 wave=111 turn=1 rev=1039 events=44 checksum=8decd89b0e264e30
[log] [coop:transport] recv host t=requestTurnCommit e=1827802517509761 wave=111 turn=1 rev=1039 handlers=1
[log] [coop:transport] send host t=turnResolution e=1827802517509761 wave=111 turn=1 rev=1039 events=44 checksum=8decd89b0e264e30
[log] [coop:transport] recv guest t=turnResolution e=1827802517509761 wave=111 turn=1 rev=1039 events=44 checksum=8decd89b0e264e30 handlers=1
[log] [coop:transport] recv guest t=turnResolution e=1827802517509761 wave=111 turn=1 rev=1039 events=44 checksum=8decd89b0e264e30 handlers=1
[log] [coop:replay] guest consume live events turn=1 count=0
[log] [coop:replay] guest replay turn=1: RESOLVE renderedLive=19 remaining=25 batch=44
[log] [coop:replay] guest replay turn=1: rendering 25 event(s)
[log] [coop:replay] guest replay turn=1: present k=weather
[log] [coop:session] isCoopAuthoritativeGuestGated -> true (authoritative GUEST gates a structural mutation)
[log] [coop:replay] guest replay turn=1: present k=message
[log] [coop:replay] guest replay turn=1: present k=terrain
[log] [coop:replay] guest replay turn=1: present k=message
[log] [coop:replay] guest replay turn=1: present k=message
[log] [coop:replay] guest replay turn=1: present k=message
[log] [coop:replay] guest replay turn=1: present k=message
[log] [coop:replay] guest replay turn=1: present k=message
[log] [coop:replay] guest replay turn=1: present k=message
[log] [coop:replay] guest replay turn=1: present k=message
[log] [coop:replay] guest replay turn=1: present k=message
[log] [coop:replay] guest replay turn=1: present k=message
[log] [coop:replay] guest replay turn=1: present k=switch
[log] [coop:session] isCoopAuthoritativeGuestGated -> true (authoritative GUEST gates a structural mutation)
[log] [coop:replay] guest replay turn=1: present k=message
[log] [coop:replay] guest replay turn=1: present k=statStage
[log] [coop:session] isCoopAuthoritativeGuestGated -> true (authoritative GUEST gates a structural mutation)
[log] [coop:replay] guest replay turn=1: present k=moveUsed
[log] [coop:session] isCoopAuthoritativeGuestGated -> true (authoritative GUEST gates a structural mutation)
[log] [coop:replay] guest replay turn=1: present k=hp
[log] [coop:session] isCoopAuthoritativeGuestGated -> true (authoritative GUEST gates a structural mutation)
[log] [coop:replay] guest replay turn=1: present k=faint
[log] [coop:session] isCoopAuthoritativeGuestGated -> true (authoritative GUEST gates a structural mutation)
[log] [coop:replay] guest replay turn=1: present k=moveUsed
[log] [coop:session] isCoopAuthoritativeGuestGated -> true (authoritative GUEST gates a structural mutation)
[log] [coop:replay] guest replay turn=1: present k=message
[log] [coop:replay] guest replay turn=1: present k=statStage
[log] [coop:session] isCoopAuthoritativeGuestGated -> true (authoritative GUEST gates a structural mutation)
[log] [coop:replay] guest replay turn=1: present k=message
[log] [coop:replay] guest replay turn=1: present k=statStage
[log] [coop:session] isCoopAuthoritativeGuestGated -> true (authoritative GUEST gates a structural mutation)
[log] [coop:replay] guest replay turn=1: present k=message
[log] [coop:replay] guest replay turn=1: present k=statStage
[log] [coop:session] isCoopAuthoritativeGuestGated -> true (authoritative GUEST gates a structural mutation)
[log] [coop:replay] guest replay turn=1: rendered phases [weather=1 message=14 terrain=1 switch=1 statStage=4 moveUsed=2 hp=1 faint=1]
[log] [coop:replay] guest replay turn=1: unshift CoopFinalizeTurnPhase (checkpoint apply deferred)
[log] [coop:session] isCoopAuthoritativeGuestGated -> true (authoritative GUEST gates a structural mutation)
[log] [coop:stream] guest IGNORE idempotent turn duplicate e=1827802517509761 wave=111 turn=1 rev=1039
[log] [coop:stream] guest IGNORE idempotent turn duplicate e=1827802517509761 wave=111 turn=1 rev=1039
[log] [coop:replay] present statStage bi=0 stat=5 -> -1
[log] [coop:replay] present statStage bi=0 stat=5 set to -1 NO tween (delta=-1 anims=false)
[log] [coop:replay] present move bi=1 moveId=34 targets=1
[log] [coop:replay] present hp bi=3 191->0/191
[log] [coop:replay] present faint bi=3 narrate=true
[log] [coop:replay] present move bi=2 moveId=5078 targets=1
[log] [coop:replay] present statStage bi=2 stat=5 -> -1
[log] [coop:replay] present statStage bi=2 stat=5 set to -1 NO tween (delta=-1 anims=false)
[log] [coop:replay] present statStage bi=2 stat=3 -> 1
[log] [coop:replay] present statStage bi=2 stat=3 set to 1 NO tween (delta=1 anims=false)
[log] [coop:replay] present statStage bi=2 stat=4 -> 1
[log] [coop:replay] present statStage bi=2 stat=4 set to 1 NO tween (delta=1 anims=false)
[log] [coop:checkpoint] guest apply field=4 weather=2 terrain=4 arenaTags=0
[log] [coop:session] isCoopAuthoritativeGuestGated -> true (authoritative GUEST gates a structural mutation)
[log] [coop:adopt] erMoneyStreaks host entries=0 -> restored (#837/#348)
[log] [coop:adopt] biomeOverstayAnchor host=null -> restored (#837/#504)
[log] [coop:adopt] erBiomeStructure host length=22 startWave=111 -> restored (#841 item 5)
[log] [coop:adopt] erRelicBattleState host wave=111 -> restored (#837)
[log] [coop:adopt] erMapState host nodes=2 travelTarget=- fragments=0 -> restored (#865/#841 item 1)
[log] [coop:adopt] erPendingNodes host count=5 revealed=2 -> restored (#865)
[log] [coop:resync] guest apply authoritativeState tick=1039 wave=111 turn=1 party=6/2 field=4
[log] [coop:resync] presentation settle boundary=resync-stable side=player desired=visible ids=[178671748,2610605] changed=0 phase=CoopFinalizeTurnPhase
[log] [coop:resync] presentation settle boundary=resync-stable side=enemy desired=visible ids=[2016208408] changed=0 phase=CoopFinalizeTurnPhase
[warn] [coop:heal] heldItems monId=2016208408 bi=2 removed=[BERRY] added=[BERRY] -> applied
[warn] [coop:heal] heldItems bi=2 host=[BERRY] -> applied (rewrote to host set)
[log] [coop:interaction] interactionCounter() read -> 131 (role=guest)
[log] [coop:checksum] capture digest=8decd89b0e264e30 field=4 biome=6 seed=coop-soak-20260725 weather=2 terrain=4 money=36020 party=[493,150,890,384,382,888] partyLevels=[500,500,500,500,500,500] arenaTags=0 modifiers=7 heldItemsDigest=1 pokeballs=[0:99,1:10,2:10,3:0,4:0] mons=[bi0:sp493/hp1865-1865/st0/ab121/form0/tera0:0/boss0:0 bi1:sp150/hp1725-1725/st0/ab227/form0/tera0:13/boss0:0 bi2:sp130/hp273-273/st0/ab153/form0/tera0:10/boss0:0 bi3:sp72/hp0-191/st7/ab64/form0/tera0:10/boss0:0]
[log] [coop:transport] send guest t=turnCommitAck e=1827802517509761 wave=111 turn=1 rev=1039 stage=materialApplied checksum=8decd89b0e264e30
[log] [coop:stream] guest ACK turn stage=materialApplied e=1827802517509761 wave=111 turn=1 rev=1039
[log] [coop:checksum] guest finalize materialApplied e=1827802517509761 wave=111 turn=1 rev=1039
[log] [coop:transport] recv host t=turnCommitAck e=1827802517509761 wave=111 turn=1 rev=1039 stage=materialApplied checksum=8decd89b0e264e30 handlers=1
[log] [coop:stream] host ACCEPT turn ACK stage=materialApplied key=1827802517509761:111:1:1039
[log] [coop:transport] send guest t=turnCommitAck e=1827802517509761 wave=111 turn=1 rev=1039 stage=presentationReady checksum=8decd89b0e264e30
[log] [coop:stream] guest ACK turn stage=presentationReady e=1827802517509761 wave=111 turn=1 rev=1039
[log] [coop:checksum] guest finalize presentationReady e=1827802517509761 wave=111 turn=1 rev=1039
[log] [coop:replay] guest finalize turn=1: END (checkpoint applied, turn-end queued)
[log] [coop:transport] recv host t=turnCommitAck e=1827802517509761 wave=111 turn=1 rev=1039 stage=presentationReady checksum=8decd89b0e264e30 handlers=1
[log] [coop:stream] host ACCEPT turn ACK stage=presentationReady key=1827802517509761:111:1:1039
[log] [coop:rendezvous] ARRIVE point=cmd:111:2 (send) role=guest
[log] [coop:transport] send guest t=rendezvous point=cmd:111:2
[log] [coop:rendezvous] RECV arrival point=cmd:111:2 -> BUFFER (no waiter yet) role=guest
[log] [coop:session] isCoopAuthoritativeGuestGated -> true (authoritative GUEST gates a structural mutation)
[log] [coop:session] isCoopAuthoritativeGuestGated -> true (authoritative GUEST gates a structural mutation)
[log] [coop:session] isCoopAuthoritativeGuestGated -> true (authoritative GUEST gates a structural mutation)
[log] [coop:session] isCoopAuthoritativeGuestGated -> true (authoritative GUEST gates a structural mutation)
[log] [coop:session] isCoopAuthoritativeGuestGated -> true (authoritative GUEST gates a structural mutation)
[log] [coop:battle] CommandPhase slot=0 turn=2 owner=host role=guest -> partner path
[log] [coop:rendezvous] next-command barrier cmd:111:2 SYNC pass (partner already arrived)
[log] [coop:transport] send guest t=turnCommitAck e=1827802517509761 wave=111 turn=1 rev=1039 stage=continuationReady checksum=8decd89b0e264e30
[log] [coop:stream] guest ACK turn stage=continuationReady e=1827802517509761 wave=111 turn=1 rev=1039
[log] [coop:stream] guest continuation surface=command e=1827802517509761 wave=111 turn=2 waiting=1 released=1
[log] [coop:transport] recv host t=turnCommitAck e=1827802517509761 wave=111 turn=1 rev=1039 stage=continuationReady checksum=8decd89b0e264e30 handlers=1
[log] [coop:replay] guest RECV turnResolution e=1827802517509761 wave=111 turn=2 events=5 checksum=73eac96f5861718f -> buffered (no waiter)
[log] [coop:replay] guest RECV waveResolved wave=111 outcome=win transition=WAVE_VICTORY/next112/biome0/egg1/wild
[log] [coop:runtime] recv waveResolved wave=111 outcome=win role=guest netcode=authoritative
[log] [coop:runtime] ignore raw waveResolved for correctness wave=111 outcome=win; awaiting retained transaction
[log] [coop:session] isCoopAuthoritativeGuestGated -> true (authoritative GUEST gates a structural mutation)
[log] [coop:replay] guest replay turn=2: live pump start mode=turn
[log] [coop:transport] send guest t=requestTurnCommit e=1827802517509761 wave=111 turn=2 rev=pending
[log] [coop:transport] send guest t=requestTurnCommit e=1827802517509761 wave=111 turn=2 rev=1041
[log] [coop:replay] guest awaitTurn turn=2 RESOLVE (buffered race) events=5
[log] [coop:transport] recv host t=requestTurnCommit e=1827802517509761 wave=111 turn=2 rev=pending handlers=1
[log] [coop:transport] send host t=turnResolution e=1827802517509761 wave=111 turn=2 rev=1041 events=5 checksum=73eac96f5861718f
[log] [coop:transport] recv host t=requestTurnCommit e=1827802517509761 wave=111 turn=2 rev=1041 handlers=1
[log] [coop:transport] send host t=turnResolution e=1827802517509761 wave=111 turn=2 rev=1041 events=5 checksum=73eac96f5861718f
[log] [coop:transport] recv guest t=turnResolution e=1827802517509761 wave=111 turn=2 rev=1041 events=5 checksum=73eac96f5861718f handlers=1
[log] [coop:transport] recv guest t=turnResolution e=1827802517509761 wave=111 turn=2 rev=1041 events=5 checksum=73eac96f5861718f handlers=1
[log] [coop:replay] guest consume live events turn=2 count=0
[log] [coop:replay] guest replay turn=2: RESOLVE renderedLive=0 remaining=5 batch=5
[log] [coop:replay] guest replay turn=2: rendering 5 event(s)
[log] [coop:replay] guest replay turn=2: present k=moveUsed
[log] [coop:session] isCoopAuthoritativeGuestGated -> true (authoritative GUEST gates a structural mutation)
[log] [coop:replay] guest replay turn=2: present k=hp
[log] [coop:session] isCoopAuthoritativeGuestGated -> true (authoritative GUEST gates a structural mutation)
[log] [coop:replay] guest replay turn=2: present k=faint
[log] [coop:session] isCoopAuthoritativeGuestGated -> true (authoritative GUEST gates a structural mutation)
[log] [coop:replay] guest replay turn=2: present k=moveUsed
[log] [coop:session] isCoopAuthoritativeGuestGated -> true (authoritative GUEST gates a structural mutation)
[log] [coop:replay] guest replay turn=2: present k=message
[log] [coop:replay] guest replay turn=2: rendered phases [moveUsed=2 hp=1 faint=1 message=1]
[log] [coop:replay] guest replay turn=2: unshift CoopFinalizeTurnPhase (checkpoint apply deferred)
[log] [coop:session] isCoopAuthoritativeGuestGated -> true (authoritative GUEST gates a structural mutation)
[log] [coop:stream] guest IGNORE idempotent turn duplicate e=1827802517509761 wave=111 turn=2 rev=1041
[log] [coop:stream] guest IGNORE idempotent turn duplicate e=1827802517509761 wave=111 turn=2 rev=1041
[log] [coop:replay] present move bi=1 moveId=34 targets=1
[log] [coop:replay] present hp bi=2 273->0/273
[log] [coop:replay] present faint bi=2 narrate=true
[log] [coop:replay] present move bi=0 moveId=53 targets=0
[log] [coop:checkpoint] guest apply field=4 weather=2 terrain=4 arenaTags=0
[log] [coop:session] isCoopAuthoritativeGuestGated -> true (authoritative GUEST gates a structural mutation)
[log] [coop:adopt] erMoneyStreaks host entries=0 -> restored (#837/#348)
[log] [coop:adopt] biomeOverstayAnchor host=null -> restored (#837/#504)
[log] [coop:adopt] erBiomeStructure host length=22 startWave=111 -> restored (#841 item 5)
[log] [coop:adopt] erRelicBattleState host wave=111 -> restored (#837)
[log] [coop:adopt] erMapState host nodes=2 travelTarget=- fragments=0 -> restored (#865/#841 item 1)
[log] [coop:adopt] erPendingNodes host count=5 revealed=2 -> restored (#865)
[log] [coop:resync] guest apply authoritativeState tick=1041 wave=111 turn=2 party=6/2 field=4
[log] [coop:resync] presentation settle boundary=resync-stable side=player desired=visible ids=[178671748,2610605] changed=0 phase=CoopFinalizeTurnPhase
[log] [coop:resync] presentation settle boundary=wave-start-pre-intro side=enemy desired=visible ids=[] changed=0 phase=CoopFinalizeTurnPhase
[log] [coop:interaction] interactionCounter() read -> 131 (role=guest)
[log] [coop:checksum] capture digest=73eac96f5861718f field=4 biome=6 seed=coop-soak-20260725 weather=2 terrain=4 money=36020 party=[493,150,890,384,382,888] partyLevels=[500,500,500,500,500,500] arenaTags=0 modifiers=7 heldItemsDigest=0 pokeballs=[0:99,1:10,2:10,3:0,4:0] mons=[bi0:sp493/hp1865-1865/st0/ab121/form0/tera0:0/boss0:0 bi1:sp150/hp1725-1725/st0/ab227/form0/tera0:13/boss0:0 bi2:sp130/hp0-273/st7/ab153/form0/tera0:10/boss0:0 bi3:sp72/hp0-191/st7/ab64/form0/tera0:10/boss0:0]
[log] [coop:transport] send guest t=turnCommitAck e=1827802517509761 wave=111 turn=2 rev=1041 stage=materialApplied checksum=73eac96f5861718f
[log] [coop:stream] guest ACK turn stage=materialApplied e=1827802517509761 wave=111 turn=2 rev=1041
[log] [coop:checksum] guest finalize materialApplied e=1827802517509761 wave=111 turn=2 rev=1041
[log] [coop:transport] recv host t=turnCommitAck e=1827802517509761 wave=111 turn=2 rev=1041 stage=materialApplied checksum=73eac96f5861718f handlers=1
[log] [coop:stream] host ACCEPT turn ACK stage=materialApplied key=1827802517509761:111:2:1041
[log] [coop:transport] send guest t=turnCommitAck e=1827802517509761 wave=111 turn=2 rev=1041 stage=presentationReady checksum=73eac96f5861718f
[log] [coop:stream] guest ACK turn stage=presentationReady e=1827802517509761 wave=111 turn=2 rev=1041
[log] [coop:checksum] guest finalize presentationReady e=1827802517509761 wave=111 turn=2 rev=1041
[log] [coop:replay] guest finalize turn=2: END (checkpoint applied, turn-end queued)
[log] [coop:transport] recv host t=turnCommitAck e=1827802517509761 wave=111 turn=2 rev=1041 stage=presentationReady checksum=73eac96f5861718f handlers=1
[log] [coop:stream] host ACCEPT turn ACK stage=presentationReady key=1827802517509761:111:2:1041
[log] [coop:stream] guest admitted WAVE_ADVANCE continuation e=1827802517509761 wave=111
[log] [coop:runtime] wave-advance JOURNAL bootstrap wave=111 outcome=win (ACK withheld)
[log] [coop:runtime] wave-advance JOURNAL queued safe-boundary wake wave=111 unparkedReplay=0
[log] [coop:runtime] wave-advance op JOURNAL cursor-advanced id=1827802517509761:0:WAVE_ADVANCE:111 rev=263 dataApplied=false continuationReady=false (DATA applies at BattleEnd; retained ACK awaits DATA + destination continuation)
[log] [coop:transport] send guest t=coopAck cls=op:global seq=263
[log] [coop:replay] guest RECV waveEndState wave=111 tick=1042
[log] [coop:runtime] ignore raw waveEndState for correctness wave=111 tick=1042
[log] [coop:relay] RECV rewardOptions key=131:0 -> BUFFER rewardOptionsInbox (latest-wins) count=5
[log] [coop:rendezvous] RECV arrival point=shop:111:131 -> BUFFER (no waiter yet) role=guest
[log] [coop:transport] recv host t=coopAck cls=op:global seq=263 handlers=1
[log] [coop:session] isCoopAuthoritativeGuestGated -> true (authoritative GUEST gates a structural mutation)
[log] [coop:session] isCoopAuthoritativeGuestGated -> true (authoritative GUEST gates a structural mutation)
[log] [coop:session] isCoopAuthoritativeGuestGated -> true (authoritative GUEST gates a structural mutation)
[log] [coop:session] isCoopAuthoritativeGuestGated -> true (authoritative GUEST gates a structural mutation)
[log] [coop:session] isCoopAuthoritativeGuestGated -> true (authoritative GUEST gates a structural mutation)
[log] [coop:runtime] consume wave-advance wave=111 outcome=win transition=WAVE_VICTORY/next112/biome0/egg1/wild (lastResolved 110 -> 111)
[log] [coop:replay] guest wave-advance outcome=win wave=111 next=WAVE_VICTORY/wave112 biomeChange=false eggLapse=true victoryKind=wild battleType=WILD queues=VictoryPhase (host-stated)
[warn] [coop:replay] guest wave-advance wave=111: replacing speculative future queue [CommandPhase,CommandPhase,TurnStartPhase]
[log] [coop:session] isCoopAuthoritativeGuestGated -> true (authoritative GUEST gates a structural mutation)
[log] [coop:progression] GUEST applyPartyExp SKIP wave=111 koMon=Tentacool (awaiting host waveEndState)
[log] [coop-diag] VictoryPhase win-branch role=guest battleType=WILD queuesTrainerVictory=false queuesSelectModifier=true wave=111
[log] [coop:session] isCoopAuthoritativeGuestGated -> true (authoritative GUEST gates a structural mutation)
[log] [coop:session] isCoopAuthoritativeGuestGated -> true (authoritative GUEST gates a structural mutation)
[log] [coop-diag] VictoryTail role=guest wave=111 source=host-stated trainer=false egg=true biomeShop=false biomeChange=false crossroads=false nextWave=112
[log] [coop:session] isCoopAuthoritativeGuestGated -> true (authoritative GUEST gates a structural mutation)
[log] [coop:session] isCoopAuthoritativeGuestGated -> true (authoritative GUEST gates a structural mutation)
[log] [coop:session] isCoopAuthoritativeGuestGated -> true (authoritative GUEST gates a structural mutation)
[log] [coop:adopt] erMoneyStreaks host entries=0 -> restored (#837/#348)
[log] [coop:adopt] biomeOverstayAnchor host=null -> restored (#837/#504)
[log] [coop:adopt] erBiomeStructure host length=22 startWave=111 -> restored (#841 item 5)
[log] [coop:adopt] erRelicBattleState host wave=111 -> restored (#837)
[log] [coop:adopt] erMapState host nodes=2 travelTarget=- fragments=0 -> restored (#865/#841 item 1)
[log] [coop:adopt] erPendingNodes host count=5 revealed=2 -> restored (#865)
[log] [coop:resync] guest apply authoritativeState tick=1042 wave=111 turn=3 party=6/2 field=4
[log] [coop:resync] presentation settle boundary=resync-stable side=player desired=visible ids=[178671748,2610605] changed=0 phase=BattleEndPhase
[log] [coop:resync] presentation settle boundary=wave-start-pre-intro side=enemy desired=visible ids=[] changed=0 phase=BattleEndPhase
[log] [coop:runtime] wave-advance retained DATA boundary admitted wave=111
[log] [coop:progression] retained WAVE_ADVANCE DATA applied wave=111 tick=1042
[log] [coop:progression] GUEST retained WAVE_ADVANCE BattleEnd release wave=111
[log] [coop:progression] GUEST automatic victory settlement admitted wave=111 turn=3
[log] [coop:transport] recv guest t=envelope t=envelope handlers=1
[log] [coop:transport] send guest t=coopAck cls=op:global seq=263
[log] [coop:transport] recv host t=coopAck cls=op:global seq=263 handlers=1
[log] [coop:interaction] interactionCounter() read -> 131 (role=guest)
[log] [coop:checksum] capture digest=73eac96f5861718f field=4 biome=6 seed=coop-soak-20260725 weather=2 terrain=4 money=36020 party=[493,150,890,384,382,888] partyLevels=[500,500,500,500,500,500] arenaTags=0 modifiers=7 heldItemsDigest=0 pokeballs=[0:99,1:10,2:10,3:0,4:0] mons=[bi0:sp493/hp1865-1865/st0/ab121/form0/tera0:0/boss0:0 bi1:sp150/hp1725-1725/st0/ab227/form0/tera0:13/boss0:0 bi2:sp130/hp0-273/st7/ab153/form0/tera0:10/boss0:0 bi3:sp72/hp0-191/st7/ab64/form0/tera0:10/boss0:0]
[log] [coop:interaction] interactionCounter() read -> 131 (role=guest)
[log] [coop:owner] ownerOf(counter=131) seat=1 -> owner=guest
[log] [coop:owner] isLocalOwnerAtCounter(pinnedCounter=131) parity=1 owner=guest role=guest -> true
[log] [coop:interaction] interactionCounter() read -> 131 (role=guest)
[log] [coop:reward] owner/watcher decision: pinnedStart=131 liveCounter=131 parity=1 role=guest pick=OWNER option=ADOPT spoof=false
[log] [coop:rendezvous] ARRIVE point=shop:111:131 (send) role=guest
[log] [coop:transport] send guest t=rendezvous point=shop:111:131
[log] [coop:reward] OWNER drives reward screen (start=131 role=guest spoof=false adoptsOptions=true wave=111)
[log] [coop:rendezvous] shop-pick-commit barrier AWAIT shop:111:131
[log] [coop:rendezvous] AWAIT point=shop:111:131 -> partner already arrived (buffer-hit) role=guest
[log] [coop:transport] recv host t=rendezvous point=shop:111:131 handlers=1
[log] [coop:reward] WATCHER awaiting owner reward options (start=131 reroll=0 localCount=0)
[log] [coop:relay] AWAIT rewardOptions key=131:0 timeoutMs=1200000 -> BUFFER-HIT resolve count=5
[log] [coop:shop] reconstructRewardOptions OK count=5 ids=[RARE_CANDY,BERRY,TM_CASE,NUGGET,TM_CASE]
[log] [coop:reward] WATCHER ADOPTED owner reward options (was=0 now=5 ids=[RARE_CANDY,BERRY,TM_CASE,NUGGET,TM_CASE])
[log] [coop:transport] send guest t=turnCommitAck e=1827802517509761 wave=111 turn=2 rev=1041 stage=continuationReady checksum=73eac96f5861718f
[log] [coop:stream] guest ACK turn stage=continuationReady e=1827802517509761 wave=111 turn=2 rev=1041
[log] [coop:stream] guest continuation surface=sharedInput e=1827802517509761 wave=111 turn=3 waiting=1 released=1
[log] [coop:interaction] mirror begin role=owner mirrorSeq=8384 interactionStart=131 reroll=0
[log] [coop:interaction] uiMirror beginSession role=owner mode=6 seq=8384 early=0
[log] [coop:transport] recv host t=turnCommitAck e=1827802517509761 wave=111 turn=2 rev=1041 stage=continuationReady checksum=73eac96f5861718f handlers=1
[log] [coop:progression] retained WAVE_ADVANCE continuationReady wave=111
[log] [coop:transport] send guest t=coopAck cls=op:global seq=263
[log] [coop:transport] send guest t=coopAck cls=op:global seq=263
[log] [coop:transport] send guest t=coopAck cls=op:global seq=263
[log] [coop:transport] recv host t=coopAck cls=op:global seq=263 handlers=1
[log] [coop:transport] recv host t=coopAck cls=op:global seq=263 handlers=1
[log] [coop:transport] recv host t=coopAck cls=op:global seq=263 handlers=1
[log] [coop:owner] ownerOf(counter=131) seat=1 -> owner=guest
[log] [coop:owner] isLocalOwnerAtCounter(pinnedCounter=131) parity=1 owner=guest role=guest -> true
[log] [coop:relay] OWNER prepare seq=131 kind=skip choice=-1 data=[] role=guest
[log] [coop:reward] reward op INTENT prepared label=skip id=1827802517509761:1:REWARD:13100000
[log] [coop:relay] SEND interactionChoice seq=131 kind=skip kind=? choice=-1 data=-
[log] [coop:transport] send guest t=interactionChoice seq=131 kind=skip choice=-1
[warn] [coop:v2-shadow] FAULT tap(INTERACTION_COMMIT): AuthorityLog.commit: entry context is not bound to the local authority
[log] [coop:relay] AWAIT interactionChoice seq=131 timeoutMs=1200000 expected=[reward,shop,skip,reroll,check,transfer,lock] -> network-wait
[log] [coop:transport] recv host t=interactionChoice seq=131 kind=skip choice=-1 handlers=1
[log] [coop:adopt] erMoneyStreaks host entries=0 -> restored (#837/#348)
[log] [coop:adopt] biomeOverstayAnchor host=null -> restored (#837/#504)
[log] [coop:adopt] erBiomeStructure host length=22 startWave=111 -> restored (#841 item 5)
[log] [coop:adopt] erRelicBattleState host wave=111 -> restored (#837)
[log] [coop:adopt] erMapState host nodes=2 travelTarget=- fragments=0 -> restored (#865/#841 item 1)
[log] [coop:adopt] erPendingNodes host count=5 revealed=2 -> restored (#865)
[log] [coop:resync] guest apply authoritativeState tick=1043 wave=111 turn=3 party=6/2 field=4
[log] [coop:resync] presentation settle boundary=resync-stable side=player desired=visible ids=[178671748,2610605] changed=0 phase=SelectModifierPhase
[log] [coop:resync] presentation settle boundary=wave-start-pre-intro side=enemy desired=visible ids=[] changed=0 phase=SelectModifierPhase
[log] [coop:relay] DELIVER interactionChoice seq=131 -> waiter kind=skip choice=-1 data=-
[log] [coop:relay] AWAIT interactionChoice seq=131 RESOLVE kind=skip choice=-1 data=-
[log] [coop:reward] shop authoritative RESULT applied-before-render kind=REWARD id=1827802517509761:1:REWARD:13100000 rev=264 tick=1043
[log] [coop:transport] send guest t=coopAck cls=op:global seq=264
[log] [coop:reward] reward op WATCHER materialize retained choice=-1 terminal=true id=1827802517509761:1:REWARD:13100000
[log] [coop:reward] WATCHER applying relayed action seq=131 act=LEAVE choice=-1 data=-
[log] [coop:v2-interaction] terminal proof recorded op=1827802517509761:1:REWARD:13100000 role=guest seat=1 duplicate=0 ambient=1
[log] [coop:v2-interaction] phase terminal proof op=1827802517509761:1:REWARD:13100000 route=constructor-fallback accepted=1
[log] [coop:interaction] interactionCounter() read -> 131 (role=guest)
[log] [coop:interaction] CoopInteractionTurn.advance INCREMENT (fromCounter=131) counter 131 -> 132
[log] [coop:interaction] advanceInteraction ADVANCED+BROADCAST (fromCounter=131) counter 131 -> 132 role=guest; send interaction screen=__turn__ choice=132
[log] [coop:interaction] SEND counter snapshot reason=advance choice=132 role=guest
[log] [coop:transport] send guest t=interaction screen=__turn__
[log] [coop:owner] ownerOf(counter=132) seat=0 -> owner=host
[log] [coop:owner] ownerOf(counter=132) seat=0 -> owner=host
[log] [coop:interaction] interactionCounter() read -> 132 (role=guest)
[log] [coop:reward] advance interaction (role=guest from=131 counter 131 -> 132)
[log] [coop:session] isCoopAuthoritativeGuestGated -> true (authoritative GUEST gates a structural mutation)
[log] [coop:transport] recv host t=coopAck cls=op:global seq=264 handlers=1
[log] [coop:transport] recv host t=interaction screen=__turn__ handlers=1
[log] [coop:interaction] RECV interaction broadcast (deferred catch-up net) received=132 localBefore=132 role=guest -> no defer (local >= received)
[warn] [coop:interaction] CoopInteractionTurn.mergeRemote DEFER (remote=132, counter=132, pendingRemote=132) live counter UNCHANGED (folds in at next advance if still ahead)
[log] [coop:owner] ownerOf(counter=132) seat=0 -> owner=host
[log] [coop:owner] ownerOf(counter=132) seat=0 -> owner=host
[log] [coop:replay] guest RECV enemyPartySync wave=112 count=6 -> buffered (no waiter)
[log] [coop:replay] guest RECV entry presentation wave=112 stateTick=1045 events=18 buffered
[log] [coop:replay] guest RECV enemyPartySync wave=112 count=6 -> buffered (no waiter)
[log] [coop:rendezvous] RECV arrival point=cmd:112:1 -> BUFFER (no waiter yet) role=guest
[log] [coop:session] isCoopAuthoritativeGuestGated -> true (authoritative GUEST gates a structural mutation)
[log] [coop:interaction] interactionCounter() read -> 132 (role=guest)
[log] [coop:stream] guest consumeEnemyParty wave=112 -> 6 enemies
[log] [coop:enemy] buildCoopEnemy ADOPT trainerSlot=1 species=76 form=0 lv=91 abilityIdx=1 nature=0 gender=1 shiny=false tera=0:5 hp=293/293 moves=4 heldItems=0
[log] [coop:enemy] buildCoopEnemy ADOPT trainerSlot=2 species=10076 form=0 lv=91 abilityIdx=1 nature=0 gender=1 shiny=false tera=0:0 hp=353/353 moves=4 heldItems=0
[log] [coop:enemy] buildCoopEnemy ADOPT trainerSlot=1 species=89 form=0 lv=91 abilityIdx=1 nature=0 gender=1 shiny=false tera=0:3 hp=320/320 moves=4 heldItems=0
[log] [coop:enemy] buildCoopEnemy ADOPT trainerSlot=2 species=979 form=0 lv=93 abilityIdx=1 nature=0 gender=1 shiny=false tera=0:1 hp=336/336 moves=4 heldItems=1
[log] [coop:enemy] buildCoopEnemy ADOPT trainerSlot=1 species=28 form=0 lv=93 abilityIdx=1 nature=0 gender=0 shiny=false tera=0:4 hp=308/308 moves=4 heldItems=1
[log] [coop:enemy] buildCoopEnemy ADOPT trainerSlot=2 species=128 form=0 lv=97 abilityIdx=0 nature=0 gender=0 shiny=false tera=0:0 hp=321/321 moves=4 heldItems=0
[log] [coop:adopt] erMoneyStreaks host entries=0 -> restored (#837/#348)
[log] [coop:adopt] biomeOverstayAnchor host=null -> restored (#837/#504)
[log] [coop:adopt] erBiomeStructure host length=22 startWave=111 -> restored (#841 item 5)
[log] [coop:adopt] erRelicBattleState host wave=112 -> restored (#837)
[log] [coop:adopt] erMapState host nodes=2 travelTarget=- fragments=0 -> restored (#865/#841 item 1)
[log] [coop:adopt] erPendingNodes host count=5 revealed=2 -> restored (#865)
[log] [coop:resync] guest apply authoritativeState tick=1045 wave=112 turn=1 party=6/6 field=4
[log] [coop:resync] presentation settle boundary=resync-stable side=player desired=visible ids=[178671748,2610605] changed=0 phase=NextEncounterPhase
[log] [coop:resync] presentation settle boundary=resync-stable side=enemy desired=visible ids=[1100837622,640074325] changed=2 phase=NextEncounterPhase
[log] [coop:resync] render differ: newly presented id=1100837622 key=pkmn__76 -> load atlas
[log] [coop:resync] render differ: newly presented id=640074325 key=pkmn__er__ratiking -> load atlas
[log] [coop:renderer] authoritative trainer intro cleared pokeball trays player=true enemy=true
[log] [coop:resync] presentation settle boundary=encounter-summon side=enemy desired=visible ids=[1100837622,640074325] changed=0 phase=NextEncounterPhase
[log] [coop:resync] presentation settle boundary=launch-ready side=player desired=visible ids=[178671748,2610605] changed=0 phase=NextEncounterPhase
[log] [coop:session] isCoopAuthoritativeGuestGated -> true (authoritative GUEST gates a structural mutation)
[log] [coop:session] isCoopAuthoritativeGuestGated -> true (authoritative GUEST gates a structural mutation)
[log] [coop:session] isCoopAuthoritativeGuestGated -> true (authoritative GUEST gates a structural mutation)
[log] [coop:session] isCoopAuthoritativeGuestGated -> true (authoritative GUEST gates a structural mutation)
[log] [coop:session] isCoopAuthoritativeGuestGated -> true (authoritative GUEST gates a structural mutation)
[log] [coop:session] isCoopAuthoritativeGuestGated -> true (authoritative GUEST gates a structural mutation)
[log] [coop:replay] guest replay turn=1: awaiting retained entry presentation
[warn] [coop:resync] authoritativeState tick=1045 STALE (lastApplied=1045) -> REJECTED (#807)
[log] [coop:adopt] erMoneyStreaks host entries=0 -> restored (#837/#348)
[log] [coop:adopt] biomeOverstayAnchor host=null -> restored (#837/#504)
[log] [coop:adopt] erBiomeStructure host length=22 startWave=111 -> restored (#841 item 5)
[log] [coop:adopt] erRelicBattleState host wave=112 -> restored (#837)
[log] [coop:adopt] erMapState host nodes=2 travelTarget=- fragments=0 -> restored (#865/#841 item 1)
[log] [coop:adopt] erPendingNodes host count=5 revealed=2 -> restored (#865)
[log] [coop:resync] guest reassert authoritativeState tick=1045 wave=112 turn=1 party=6/6 field=4
[log] [coop:resync] presentation settle boundary=resync-stable side=player desired=visible ids=[178671748,2610605] changed=0 phase=CoopReplayTurnPhase
[log] [coop:resync] presentation settle boundary=resync-stable side=enemy desired=visible ids=[1100837622,640074325] changed=0 phase=CoopReplayTurnPhase
[log] [coop:replay] guest replay turn=1: rendering 18 event(s)
[log] [coop:replay] guest replay turn=1: present k=message
[log] [coop:turn] host recorder: append turn=1 seq=18 k=message total=19 live=true
[log] [coop:replay] guest replay turn=1: present k=statStage
[log] [coop:session] isCoopAuthoritativeGuestGated -> true (authoritative GUEST gates a structural mutation)
[log] [coop:replay] guest replay turn=1: present k=message
[log] [coop:turn] host recorder: append turn=1 seq=19 k=message total=20 live=true
[log] [coop:replay] guest replay turn=1: present k=statStage
[log] [coop:session] isCoopAuthoritativeGuestGated -> true (authoritative GUEST gates a structural mutation)
[log] [coop:replay] guest replay turn=1: present k=terrain
[log] [coop:session] isCoopAuthoritativeGuestGated -> true (authoritative GUEST gates a structural mutation)
[log] [coop:replay] guest replay turn=1: present k=message
[log] [coop:turn] host recorder: append turn=1 seq=20 k=message total=21 live=true
[log] [coop:replay] guest replay turn=1: present k=showAbility
[log] [coop:session] isCoopAuthoritativeGuestGated -> true (authoritative GUEST gates a structural mutation)
[log] [coop:replay] guest replay turn=1: present k=message
[log] [coop:turn] host recorder: append turn=1 seq=21 k=message total=22 live=true
[log] [coop:replay] guest replay turn=1: present k=statStage
[log] [coop:session] isCoopAuthoritativeGuestGated -> true (authoritative GUEST gates a structural mutation)
[log] [coop:replay] guest replay turn=1: present k=message
[log] [coop:turn] host recorder: append turn=1 seq=22 k=message total=23 live=true
[log] [coop:replay] guest replay turn=1: present k=statStage
[log] [coop:session] isCoopAuthoritativeGuestGated -> true (authoritative GUEST gates a structural mutation)
[log] [coop:replay] guest replay turn=1: present k=message
[log] [coop:turn] host recorder: append turn=1 seq=23 k=message total=24 live=true
[log] [coop:replay] guest replay turn=1: present k=showAbility
[log] [coop:session] isCoopAuthoritativeGuestGated -> true (authoritative GUEST gates a structural mutation)
[log] [coop:replay] guest replay turn=1: present k=showAbility
[log] [coop:session] isCoopAuthoritativeGuestGated -> true (authoritative GUEST gates a structural mutation)
[log] [coop:replay] guest replay turn=1: present k=showAbility
[log] [coop:session] isCoopAuthoritativeGuestGated -> true (authoritative GUEST gates a structural mutation)
[log] [coop:replay] guest replay turn=1: present k=moveUsed
[log] [coop:turn] host recorder: append turn=1 seq=24 k=message total=25 live=true
[log] [coop:session] isCoopAuthoritativeGuestGated -> true (authoritative GUEST gates a structural mutation)
[log] [coop:replay] guest replay turn=1: present k=message
[log] [coop:turn] host recorder: append turn=1 seq=25 k=message total=26 live=true
[log] [coop:replay] guest replay turn=1: present k=statStage
[log] [coop:session] isCoopAuthoritativeGuestGated -> true (authoritative GUEST gates a structural mutation)
[log] [coop:replay] guest replay turn=1: rendered phases [message=7 statStage=5 terrain=1 showAbility=4 moveUsed=1]
[log] [coop:replay] guest replay turn=1: retained entry presentation queued stateTick=1045 events=18; awaiting exact outcome proof
[log] [coop:session] isCoopAuthoritativeGuestGated -> true (authoritative GUEST gates a structural mutation)
[log] [coop:replay] present statStage bi=1 stat=5 -> -1
[log] [coop:replay] present statStage bi=1 stat=5 set to -1 NO tween (delta=0 anims=false)
[log] [coop:replay] present statStage bi=0 stat=5 -> -1
[log] [coop:replay] present statStage bi=0 stat=5 set to -1 NO tween (delta=0 anims=false)
[log] [coop:session] isCoopAuthoritativeGuestGated -> true (authoritative GUEST gates a structural mutation)
[log] [coop:session] isCoopAuthoritativeGuestGated -> true (authoritative GUEST gates a structural mutation)
[log] [coop:replay] present statStage bi=3 stat=5 -> -1
[log] [coop:replay] present statStage bi=3 stat=5 set to -1 NO tween (delta=0 anims=false)
[log] [coop:replay] present statStage bi=2 stat=5 -> -1
[log] [coop:replay] present statStage bi=2 stat=5 set to -1 NO tween (delta=0 anims=false)
[log] [coop:session] isCoopAuthoritativeGuestGated -> true (authoritative GUEST gates a structural mutation)
[log] [coop:session] isCoopAuthoritativeGuestGated -> true (authoritative GUEST gates a structural mutation)
[log] [coop:session] isCoopAuthoritativeGuestGated -> true (authoritative GUEST gates a structural mutation)
[log] [coop:session] isCoopAuthoritativeGuestGated -> true (authoritative GUEST gates a structural mutation)
[log] [coop:session] isCoopAuthoritativeGuestGated -> true (authoritative GUEST gates a structural mutation)
[log] [coop:session] isCoopAuthoritativeGuestGated -> true (authoritative GUEST gates a structural mutation)
[log] [coop:replay] present move bi=2 moveId=111 targets=1
[log] [coop:replay] present statStage bi=2 stat=2 -> 1
[log] [coop:replay] present statStage bi=2 stat=2 set to 1 NO tween (delta=0 anims=false)
[log] [coop:replay] guest entry presentation PROVED wave=112 turn=1 events=18
[log] [coop:renderer] command presentation postcondition hid stale enemy trainer
[log] [coop:stream] guest consumeEnemyParty wave=112 -> null (buffered=none)
[log] [coop:battle] CommandPhase slot=0 turn=1 owner=host role=guest -> partner path
[log] [coop:stream] guest consumeEnemyParty wave=112 -> null (buffered=none)
[log] [coop:rendezvous] ARRIVE point=cmd:112:1 (send) role=guest
[log] [coop:transport] send guest t=rendezvous point=cmd:112:1
[log] [coop:rendezvous] next-command barrier cmd:112:1 SYNC pass (partner already arrived)
[log] [coop:stream] guest consumeEnemyParty wave=112 -> null (buffered=none)
[log] [coop:transport] send guest t=coopAck cls=op:global seq=264
[log] [coop:transport] send guest t=coopAck cls=op:global seq=264
[log] [coop:transport] recv host t=rendezvous point=cmd:112:1 handlers=1
[log] [coop:transport] recv host t=coopAck cls=op:global seq=264 handlers=1
[log] [coop:transport] recv host t=coopAck cls=op:global seq=264 handlers=1
[log] [coop:rendezvous] RECV arrival point=cmd:112:1 -> DUPLICATE (already seen) role=guest
[log] [coop:replay] guest IGNORE duplicate consumed entry presentation wave=112
[log] [coop:replay] guest RECV enemyPartySync wave=112 count=6 -> buffered (no waiter)
[log] [coop:interaction] interactionCounter() read -> 132 (role=guest)
[log] [coop:checksum] capture digest=fcf0d1f5edf4447f field=4 biome=6 seed=coop-soak-20260725 weather=2 terrain=4 money=36020 party=[493,150,890,384,382,888] partyLevels=[500,500,500,500,500,500] arenaTags=0 modifiers=7 heldItemsDigest=0 pokeballs=[0:99,1:10,2:10,3:0,4:0] mons=[bi0:sp493/hp1865-1865/st0/ab121/form0/tera0:0/boss0:0 bi1:sp150/hp1725-1725/st0/ab227/form0/tera0:13/boss0:0 bi2:sp76/hp293-293/st0/ab5079/form0/tera0:5/boss0:0 bi3:sp10076/hp353-353/st0/ab46/form0/tera0:0/boss0:0]
[log] [coop:interaction] interactionCounter() read -> 132 (role=guest)
[log] [coop:replay] guest IGNORE duplicate consumed entry presentation wave=112
[log] [coop:replay] guest RECV enemyPartySync wave=112 count=6 -> buffered (no waiter)
[log] [coop:replay] guest RECV turnResolution e=1827802517509761 wave=112 turn=1 events=43 checksum=05acb7f828e71232 -> buffered (no waiter)
[log] [coop:session] isCoopAuthoritativeGuestGated -> true (authoritative GUEST gates a structural mutation)
[log] [coop:replay] guest replay turn=1: live pump start mode=turn
[log] [coop:replay] guest replay turn=1: advance local watermark 0->18
[log] [coop:session] isCoopAuthoritativeGuestGated -> true (authoritative GUEST gates a structural mutation)
[log] [coop:transport] send guest t=requestTurnCommit e=1827802517509761 wave=112 turn=1 rev=pending
[log] [coop:transport] send guest t=requestTurnCommit e=1827802517509761 wave=112 turn=1 rev=1049
[log] [coop:replay] guest awaitTurn turn=1 RESOLVE (buffered race) events=43
[log] [coop:transport] recv host t=requestTurnCommit e=1827802517509761 wave=112 turn=1 rev=pending handlers=1
[log] [coop:transport] send host t=turnResolution e=1827802517509761 wave=112 turn=1 rev=1049 events=43 checksum=05acb7f828e71232
[log] [coop:transport] recv host t=requestTurnCommit e=1827802517509761 wave=112 turn=1 rev=1049 handlers=1
[log] [coop:transport] send host t=turnResolution e=1827802517509761 wave=112 turn=1 rev=1049 events=43 checksum=05acb7f828e71232
[log] [coop:transport] recv guest t=turnResolution e=1827802517509761 wave=112 turn=1 rev=1049 events=43 checksum=05acb7f828e71232 handlers=1
[log] [coop:transport] recv guest t=turnResolution e=1827802517509761 wave=112 turn=1 rev=1049 events=43 checksum=05acb7f828e71232 handlers=1
[log] [coop:replay] guest consume live events turn=1 count=0
[log] [coop:replay] guest replay turn=1: RESOLVE renderedLive=18 remaining=25 batch=43
[log] [coop:replay] guest replay turn=1: rendering 25 event(s)
[log] [coop:replay] guest replay turn=1: present k=message
[log] [coop:replay] guest replay turn=1: present k=message
[log] [coop:replay] guest replay turn=1: present k=message
[log] [coop:replay] guest replay turn=1: present k=message
[log] [coop:replay] guest replay turn=1: present k=message
[log] [coop:replay] guest replay turn=1: present k=message
[log] [coop:replay] guest replay turn=1: present k=message
[log] [coop:replay] guest replay turn=1: present k=message
[log] [coop:replay] guest replay turn=1: present k=switch
[log] [coop:session] isCoopAuthoritativeGuestGated -> true (authoritative GUEST gates a structural mutation)
[log] [coop:replay] guest replay turn=1: present k=message
[log] [coop:replay] guest replay turn=1: present k=statStage
[log] [coop:session] isCoopAuthoritativeGuestGated -> true (authoritative GUEST gates a structural mutation)
[log] [coop:replay] guest replay turn=1: present k=message
[log] [coop:replay] guest replay turn=1: present k=showAbility
[log] [coop:session] isCoopAuthoritativeGuestGated -> true (authoritative GUEST gates a structural mutation)
[log] [coop:replay] guest replay turn=1: present k=message
[log] [coop:replay] guest replay turn=1: present k=statStage
[log] [coop:session] isCoopAuthoritativeGuestGated -> true (authoritative GUEST gates a structural mutation)
[log] [coop:replay] guest replay turn=1: present k=showAbility
[log] [coop:session] isCoopAuthoritativeGuestGated -> true (authoritative GUEST gates a structural mutation)
[log] [coop:replay] guest replay turn=1: present k=moveUsed
[log] [coop:session] isCoopAuthoritativeGuestGated -> true (authoritative GUEST gates a structural mutation)
[log] [coop:replay] guest replay turn=1: present k=hp
[log] [coop:session] isCoopAuthoritativeGuestGated -> true (authoritative GUEST gates a structural mutation)
[log] [coop:replay] guest replay turn=1: present k=faint
[log] [coop:session] isCoopAuthoritativeGuestGated -> true (authoritative GUEST gates a structural mutation)
[log] [coop:replay] guest replay turn=1: present k=moveUsed
[log] [coop:session] isCoopAuthoritativeGuestGated -> true (authoritative GUEST gates a structural mutation)
[log] [coop:replay] guest replay turn=1: present k=hp
[log] [coop:session] isCoopAuthoritativeGuestGated -> true (authoritative GUEST gates a structural mutation)
[log] [coop:replay] guest replay turn=1: present k=message
[log] [coop:replay] guest replay turn=1: present k=statStage
[log] [coop:session] isCoopAuthoritativeGuestGated -> true (authoritative GUEST gates a structural mutation)
[log] [coop:replay] guest replay turn=1: present k=message
[log] [coop:replay] guest replay turn=1: present k=statStage
[log] [coop:session] isCoopAuthoritativeGuestGated -> true (authoritative GUEST gates a structural mutation)
[log] [coop:replay] guest replay turn=1: rendered phases [message=13 switch=1 statStage=4 showAbility=2 moveUsed=2 hp=2 faint=1]
[log] [coop:replay] guest replay turn=1: unshift CoopFinalizeTurnPhase (checkpoint apply deferred)
[log] [coop:session] isCoopAuthoritativeGuestGated -> true (authoritative GUEST gates a structural mutation)
[log] [coop:stream] guest IGNORE idempotent turn duplicate e=1827802517509761 wave=112 turn=1 rev=1049
[log] [coop:stream] guest IGNORE idempotent turn duplicate e=1827802517509761 wave=112 turn=1 rev=1049
[log] [coop:replay] present statStage bi=0 stat=5 -> -1
[log] [coop:replay] present statStage bi=0 stat=5 set to -1 NO tween (delta=-1 anims=false)
[log] [coop:session] isCoopAuthoritativeGuestGated -> true (authoritative GUEST gates a structural mutation)
[log] [coop:session] isCoopAuthoritativeGuestGated -> true (authoritative GUEST gates a structural mutation)
[log] [coop:replay] present statStage bi=0 stat=3 -> 2
[log] [coop:replay] present statStage bi=0 stat=3 set to 2 NO tween (delta=2 anims=false)
[log] [coop:session] isCoopAuthoritativeGuestGated -> true (authoritative GUEST gates a structural mutation)
[log] [coop:session] isCoopAuthoritativeGuestGated -> true (authoritative GUEST gates a structural mutation)
[log] [coop:replay] present move bi=1 moveId=34 targets=1
[log] [coop:replay] present hp bi=3 353->0/353
[log] [coop:replay] present faint bi=3 narrate=true
[log] [coop:replay] present move bi=2 moveId=838 targets=1
[log] [coop:replay] present hp bi=1 1725->1686/1725
[log] [coop:replay] present statStage bi=2 stat=2 -> 0
[log] [coop:replay] present statStage bi=2 stat=2 set to 0 NO tween (delta=-1 anims=false)
[log] [coop:replay] present statStage bi=2 stat=4 -> -1
[log] [coop:replay] present statStage bi=2 stat=4 set to -1 NO tween (delta=-1 anims=false)
[log] [coop:checkpoint] guest apply field=4 weather=2 terrain=4 arenaTags=0
[log] [coop:session] isCoopAuthoritativeGuestGated -> true (authoritative GUEST gates a structural mutation)
[log] [coop:adopt] erMoneyStreaks host entries=0 -> restored (#837/#348)
[log] [coop:adopt] biomeOverstayAnchor host=null -> restored (#837/#504)
[log] [coop:adopt] erBiomeStructure host length=22 startWave=111 -> restored (#841 item 5)
[log] [coop:adopt] erRelicBattleState host wave=112 -> restored (#837)
[log] [coop:adopt] erMapState host nodes=2 travelTarget=- fragments=0 -> restored (#865/#841 item 1)
[log] [coop:adopt] erPendingNodes host count=5 revealed=2 -> restored (#865)
[log] [coop:resync] guest apply authoritativeState tick=1049 wave=112 turn=1 party=6/6 field=4
[log] [coop:resync] presentation settle boundary=resync-stable side=player desired=visible ids=[1582731684,2610605] changed=0 phase=CoopFinalizeTurnPhase
[log] [coop:resync] presentation settle boundary=resync-stable side=enemy desired=visible ids=[1100837622] changed=0 phase=CoopFinalizeTurnPhase
[warn] [coop:heal] heldItems monId=1582731684 bi=0 removed=[LEFTOVERS] added=[LEFTOVERS] -> applied
[warn] [coop:heal] heldItems bi=0 host=[LEFTOVERS] -> applied (rewrote to host set)
[log] [coop:interaction] interactionCounter() read -> 132 (role=guest)
[log] [coop:checksum] capture digest=05acb7f828e71232 field=4 biome=6 seed=coop-soak-20260725 weather=2 terrain=4 money=36020 party=[890,150,493,384,382,888] partyLevels=[500,500,500,500,500,500] arenaTags=0 modifiers=7 heldItemsDigest=1 pokeballs=[0:99,1:10,2:10,3:0,4:0] mons=[bi0:sp890/hp2065-2065/st0/ab5258/form0/tera0:3/boss0:0 bi1:sp150/hp1686-1725/st0/ab227/form0/tera0:13/boss0:0 bi2:sp76/hp293-293/st0/ab5079/form0/tera0:5/boss0:0 bi3:sp10076/hp0-353/st7/ab46/form0/tera0:0/boss0:0]
[log] [coop:transport] send guest t=turnCommitAck e=1827802517509761 wave=112 turn=1 rev=1049 stage=materialApplied checksum=05acb7f828e71232
[log] [coop:stream] guest ACK turn stage=materialApplied e=1827802517509761 wave=112 turn=1 rev=1049
[log] [coop:checksum] guest finalize materialApplied e=1827802517509761 wave=112 turn=1 rev=1049
[log] [coop:transport] recv host t=turnCommitAck e=1827802517509761 wave=112 turn=1 rev=1049 stage=materialApplied checksum=05acb7f828e71232 handlers=1
[log] [coop:stream] host ACCEPT turn ACK stage=materialApplied key=1827802517509761:112:1:1049
[log] [coop:transport] send guest t=turnCommitAck e=1827802517509761 wave=112 turn=1 rev=1049 stage=presentationReady checksum=05acb7f828e71232
[log] [coop:stream] guest ACK turn stage=presentationReady e=1827802517509761 wave=112 turn=1 rev=1049
[log] [coop:checksum] guest finalize presentationReady e=1827802517509761 wave=112 turn=1 rev=1049
[log] [coop:replay] guest finalize turn=1: END (checkpoint applied, turn-end queued)
[log] [coop:transport] recv host t=turnCommitAck e=1827802517509761 wave=112 turn=1 rev=1049 stage=presentationReady checksum=05acb7f828e71232 handlers=1
[log] [coop:stream] host ACCEPT turn ACK stage=presentationReady key=1827802517509761:112:1:1049
[log] [coop:rendezvous] ARRIVE point=cmd:112:2 (send) role=guest
[log] [coop:transport] send guest t=rendezvous point=cmd:112:2
[log] [coop:rendezvous] RECV arrival point=cmd:112:2 -> BUFFER (no waiter yet) role=guest
[log] [coop:session] isCoopAuthoritativeGuestGated -> true (authoritative GUEST gates a structural mutation)
[log] [coop:session] isCoopAuthoritativeGuestGated -> true (authoritative GUEST gates a structural mutation)
[log] [coop:session] isCoopAuthoritativeGuestGated -> true (authoritative GUEST gates a structural mutation)
[log] [coop:session] isCoopAuthoritativeGuestGated -> true (authoritative GUEST gates a structural mutation)
[log] [coop:session] isCoopAuthoritativeGuestGated -> true (authoritative GUEST gates a structural mutation)
[log] [coop:battle] CommandPhase slot=0 turn=2 owner=host role=guest -> partner path
[log] [coop:rendezvous] next-command barrier cmd:112:2 SYNC pass (partner already arrived)
[log] [coop:transport] send guest t=turnCommitAck e=1827802517509761 wave=112 turn=1 rev=1049 stage=continuationReady checksum=05acb7f828e71232
[log] [coop:stream] guest ACK turn stage=continuationReady e=1827802517509761 wave=112 turn=1 rev=1049
[log] [coop:stream] guest continuation surface=command e=1827802517509761 wave=112 turn=2 waiting=1 released=1
[log] [coop:transport] recv host t=turnCommitAck e=1827802517509761 wave=112 turn=1 rev=1049 stage=continuationReady checksum=05acb7f828e71232 handlers=1
[log] [coop:replay] guest RECV turnResolution e=1827802517509761 wave=112 turn=2 events=21 checksum=ebf208c5837806e2 -> buffered (no waiter)
[log] [coop:session] isCoopAuthoritativeGuestGated -> true (authoritative GUEST gates a structural mutation)
[log] [coop:replay] guest replay turn=2: live pump start mode=turn
[log] [coop:transport] send guest t=requestTurnCommit e=1827802517509761 wave=112 turn=2 rev=pending
[log] [coop:transport] send guest t=requestTurnCommit e=1827802517509761 wave=112 turn=2 rev=1051
[log] [coop:replay] guest awaitTurn turn=2 RESOLVE (buffered race) events=21
[log] [coop:transport] recv host t=requestTurnCommit e=1827802517509761 wave=112 turn=2 rev=pending handlers=1
[log] [coop:transport] send host t=turnResolution e=1827802517509761 wave=112 turn=2 rev=1051 events=21 checksum=ebf208c5837806e2
[log] [coop:transport] recv host t=requestTurnCommit e=1827802517509761 wave=112 turn=2 rev=1051 handlers=1
[log] [coop:transport] send host t=turnResolution e=1827802517509761 wave=112 turn=2 rev=1051 events=21 checksum=ebf208c5837806e2
[log] [coop:transport] recv guest t=turnResolution e=1827802517509761 wave=112 turn=2 rev=1051 events=21 checksum=ebf208c5837806e2 handlers=1
[log] [coop:transport] recv guest t=turnResolution e=1827802517509761 wave=112 turn=2 rev=1051 events=21 checksum=ebf208c5837806e2 handlers=1
[log] [coop:replay] guest consume live events turn=2 count=0
[log] [coop:replay] guest replay turn=2: RESOLVE renderedLive=0 remaining=21 batch=21
[log] [coop:replay] guest replay turn=2: rendering 21 event(s)
[log] [coop:replay] guest replay turn=2: present k=switch
[log] [coop:session] isCoopAuthoritativeGuestGated -> true (authoritative GUEST gates a structural mutation)
[log] [coop:replay] guest replay turn=2: present k=message
[log] [coop:replay] guest replay turn=2: present k=statStage
[log] [coop:session] isCoopAuthoritativeGuestGated -> true (authoritative GUEST gates a structural mutation)
[log] [coop:replay] guest replay turn=2: present k=moveUsed
[log] [coop:session] isCoopAuthoritativeGuestGated -> true (authoritative GUEST gates a structural mutation)
[log] [coop:replay] guest replay turn=2: present k=message
[log] [coop:replay] guest replay turn=2: present k=hp
[log] [coop:session] isCoopAuthoritativeGuestGated -> true (authoritative GUEST gates a structural mutation)
[log] [coop:replay] guest replay turn=2: present k=message
[log] [coop:replay] guest replay turn=2: present k=showAbility
[log] [coop:session] isCoopAuthoritativeGuestGated -> true (authoritative GUEST gates a structural mutation)
[log] [coop:replay] guest replay turn=2: present k=hp
[log] [coop:session] isCoopAuthoritativeGuestGated -> true (authoritative GUEST gates a structural mutation)
[log] [coop:replay] guest replay turn=2: present k=message
[log] [coop:replay] guest replay turn=2: present k=moveUsed
[log] [coop:session] isCoopAuthoritativeGuestGated -> true (authoritative GUEST gates a structural mutation)
[log] [coop:replay] guest replay turn=2: present k=hp
[log] [coop:session] isCoopAuthoritativeGuestGated -> true (authoritative GUEST gates a structural mutation)
[log] [coop:replay] guest replay turn=2: present k=faint
[log] [coop:session] isCoopAuthoritativeGuestGated -> true (authoritative GUEST gates a structural mutation)
[log] [coop:replay] guest replay turn=2: present k=message
[log] [coop:replay] guest replay turn=2: present k=moveUsed
[log] [coop:session] isCoopAuthoritativeGuestGated -> true (authoritative GUEST gates a structural mutation)
[log] [coop:replay] guest replay turn=2: present k=hp
[log] [coop:session] isCoopAuthoritativeGuestGated -> true (authoritative GUEST gates a structural mutation)
[log] [coop:replay] guest replay turn=2: present k=showAbility
[log] [coop:session] isCoopAuthoritativeGuestGated -> true (authoritative GUEST gates a structural mutation)
[log] [coop:replay] guest replay turn=2: present k=hp
[log] [coop:session] isCoopAuthoritativeGuestGated -> true (authoritative GUEST gates a structural mutation)
[log] [coop:replay] guest replay turn=2: present k=message
[log] [coop:replay] guest replay turn=2: present k=hp
[log] [coop:session] isCoopAuthoritativeGuestGated -> true (authoritative GUEST gates a structural mutation)
[log] [coop:replay] guest replay turn=2: present k=message
[log] [coop:replay] guest replay turn=2: rendered phases [switch=1 message=7 statStage=1 moveUsed=3 hp=6 showAbility=2 faint=1]
[log] [coop:replay] guest replay turn=2: unshift CoopFinalizeTurnPhase (checkpoint apply deferred)
[log] [coop:session] isCoopAuthoritativeGuestGated -> true (authoritative GUEST gates a structural mutation)
[log] [coop:stream] guest IGNORE idempotent turn duplicate e=1827802517509761 wave=112 turn=2 rev=1051
[log] [coop:stream] guest IGNORE idempotent turn duplicate e=1827802517509761 wave=112 turn=2 rev=1051
[log] [coop:replay] present statStage bi=3 stat=5 -> -1
[log] [coop:replay] present statStage bi=3 stat=5 set to -1 NO tween (delta=-1 anims=false)
[log] [coop:replay] present move bi=0 moveId=53 targets=1
[log] [coop:replay] present hp bi=2 293->1/293
[log] [coop:session] isCoopAuthoritativeGuestGated -> true (authoritative GUEST gates a structural mutation)
[log] [coop:session] isCoopAuthoritativeGuestGated -> true (authoritative GUEST gates a structural mutation)
[log] [coop:replay] present hp bi=0 2065->1969/2065
[log] [coop:replay] present move bi=1 moveId=34 targets=1
[log] [coop:replay] present hp bi=2 1->0/293
[log] [coop:replay] present faint bi=2 narrate=true
[log] [coop:replay] present move bi=3 moveId=889 targets=1
[log] [coop:replay] present hp bi=0 1969->1941/2065
[log] [coop:session] isCoopAuthoritativeGuestGated -> true (authoritative GUEST gates a structural mutation)
[log] [coop:session] isCoopAuthoritativeGuestGated -> true (authoritative GUEST gates a structural mutation)
[log] [coop:replay] present hp bi=0 1941->1934/2065
[log] [coop:replay] present hp bi=0 1934->2063/2065
[log] [coop:checkpoint] guest apply field=4 weather=2 terrain=4 arenaTags=0
[log] [coop:session] isCoopAuthoritativeGuestGated -> true (authoritative GUEST gates a structural mutation)
[log] [coop:adopt] erMoneyStreaks host entries=0 -> restored (#837/#348)
[log] [coop:adopt] biomeOverstayAnchor host=null -> restored (#837/#504)
[log] [coop:adopt] erBiomeStructure host length=22 startWave=111 -> restored (#841 item 5)
[log] [coop:adopt] erRelicBattleState host wave=112 -> restored (#837)
[log] [coop:adopt] erMapState host nodes=2 travelTarget=- fragments=0 -> restored (#865/#841 item 1)
[log] [coop:adopt] erPendingNodes host count=5 revealed=2 -> restored (#865)
[log] [coop:resync] guest apply authoritativeState tick=1051 wave=112 turn=2 party=6/6 field=4
[log] [coop:resync] presentation settle boundary=resync-stable side=player desired=visible ids=[1582731684,2610605] changed=0 phase=CoopFinalizeTurnPhase
[log] [coop:resync] presentation settle boundary=resync-stable side=enemy desired=visible ids=[1802046394] changed=0 phase=CoopFinalizeTurnPhase
[warn] [coop:heal] heldItems monId=1582731684 bi=0 removed=[LEFTOVERS] added=[LEFTOVERS] -> applied
[warn] [coop:heal] heldItems bi=0 host=[LEFTOVERS] -> applied (rewrote to host set)
[warn] [coop:heal] heldItems monId=1802046394 bi=3 removed=[BASE_STAT_BOOSTER] added=[BASE_STAT_BOOSTER] -> applied
[warn] [coop:heal] heldItems bi=3 host=[BASE_STAT_BOOSTER] -> applied (rewrote to host set)
[log] [coop:interaction] interactionCounter() read -> 132 (role=guest)
[log] [coop:checksum] capture digest=ebf208c5837806e2 field=4 biome=6 seed=coop-soak-20260725 weather=2 terrain=4 money=36020 party=[890,150,493,384,382,888] partyLevels=[500,500,500,500,500,500] arenaTags=0 modifiers=7 heldItemsDigest=2 pokeballs=[0:99,1:10,2:10,3:0,4:0] mons=[bi0:sp890/hp2063-2065/st0/ab5258/form0/tera0:3/boss0:0 bi1:sp150/hp1686-1725/st0/ab227/form0/tera0:13/boss0:0 bi2:sp76/hp0-293/st7/ab5079/form0/tera0:5/boss0:0 bi3:sp979/hp336-336/st0/ab5334/form0/tera0:1/boss0:0]
[log] [coop:transport] send guest t=turnCommitAck e=1827802517509761 wave=112 turn=2 rev=1051 stage=materialApplied checksum=ebf208c5837806e2
[log] [coop:stream] guest ACK turn stage=materialApplied e=1827802517509761 wave=112 turn=2 rev=1051
[log] [coop:checksum] guest finalize materialApplied e=1827802517509761 wave=112 turn=2 rev=1051
[log] [coop:transport] recv host t=turnCommitAck e=1827802517509761 wave=112 turn=2 rev=1051 stage=materialApplied checksum=ebf208c5837806e2 handlers=1
[log] [coop:stream] host ACCEPT turn ACK stage=materialApplied key=1827802517509761:112:2:1051
[log] [coop:transport] send guest t=turnCommitAck e=1827802517509761 wave=112 turn=2 rev=1051 stage=presentationReady checksum=ebf208c5837806e2
[log] [coop:stream] guest ACK turn stage=presentationReady e=1827802517509761 wave=112 turn=2 rev=1051
[log] [coop:checksum] guest finalize presentationReady e=1827802517509761 wave=112 turn=2 rev=1051
[log] [coop:replay] guest finalize turn=2: END (checkpoint applied, turn-end queued)
[log] [coop:transport] recv host t=turnCommitAck e=1827802517509761 wave=112 turn=2 rev=1051 stage=presentationReady checksum=ebf208c5837806e2 handlers=1
[log] [coop:stream] host ACCEPT turn ACK stage=presentationReady key=1827802517509761:112:2:1051
[log] [coop:rendezvous] ARRIVE point=cmd:112:3 (send) role=guest
[log] [coop:transport] send guest t=rendezvous point=cmd:112:3
[log] [coop:rendezvous] RECV arrival point=cmd:112:3 -> BUFFER (no waiter yet) role=guest
[log] [coop:session] isCoopAuthoritativeGuestGated -> true (authoritative GUEST gates a structural mutation)
[log] [coop:session] isCoopAuthoritativeGuestGated -> true (authoritative GUEST gates a structural mutation)
[log] [coop:session] isCoopAuthoritativeGuestGated -> true (authoritative GUEST gates a structural mutation)
[log] [coop:session] isCoopAuthoritativeGuestGated -> true (authoritative GUEST gates a structural mutation)
[log] [coop:session] isCoopAuthoritativeGuestGated -> true (authoritative GUEST gates a structural mutation)
[log] [coop:battle] CommandPhase slot=0 turn=3 owner=host role=guest -> partner path
[log] [coop:rendezvous] next-command barrier cmd:112:3 SYNC pass (partner already arrived)
[log] [coop:transport] send guest t=turnCommitAck e=1827802517509761 wave=112 turn=2 rev=1051 stage=continuationReady checksum=ebf208c5837806e2
[log] [coop:stream] guest ACK turn stage=continuationReady e=1827802517509761 wave=112 turn=2 rev=1051
[log] [coop:stream] guest continuation surface=command e=1827802517509761 wave=112 turn=3 waiting=1 released=1
[log] [coop:transport] recv host t=turnCommitAck e=1827802517509761 wave=112 turn=2 rev=1051 stage=continuationReady checksum=ebf208c5837806e2 handlers=1
[log] [coop:replay] guest RECV turnResolution e=1827802517509761 wave=112 turn=3 events=21 checksum=dc8c5f18908db165 -> buffered (no waiter)
[log] [coop:session] isCoopAuthoritativeGuestGated -> true (authoritative GUEST gates a structural mutation)
[log] [coop:replay] guest replay turn=3: live pump start mode=turn
[log] [coop:transport] send guest t=requestTurnCommit e=1827802517509761 wave=112 turn=3 rev=pending
[log] [coop:transport] send guest t=requestTurnCommit e=1827802517509761 wave=112 turn=3 rev=1053
[log] [coop:replay] guest awaitTurn turn=3 RESOLVE (buffered race) events=21
[log] [coop:transport] recv host t=requestTurnCommit e=1827802517509761 wave=112 turn=3 rev=pending handlers=1
[log] [coop:transport] send host t=turnResolution e=1827802517509761 wave=112 turn=3 rev=1053 events=21 checksum=dc8c5f18908db165
[log] [coop:transport] recv host t=requestTurnCommit e=1827802517509761 wave=112 turn=3 rev=1053 handlers=1
[log] [coop:transport] send host t=turnResolution e=1827802517509761 wave=112 turn=3 rev=1053 events=21 checksum=dc8c5f18908db165
[log] [coop:transport] recv guest t=turnResolution e=1827802517509761 wave=112 turn=3 rev=1053 events=21 checksum=dc8c5f18908db165 handlers=1
[log] [coop:transport] recv guest t=turnResolution e=1827802517509761 wave=112 turn=3 rev=1053 events=21 checksum=dc8c5f18908db165 handlers=1
[log] [coop:replay] guest consume live events turn=3 count=0
[log] [coop:replay] guest replay turn=3: RESOLVE renderedLive=0 remaining=21 batch=21
[log] [coop:replay] guest replay turn=3: rendering 21 event(s)
[log] [coop:replay] guest replay turn=3: present k=switch
[log] [coop:session] isCoopAuthoritativeGuestGated -> true (authoritative GUEST gates a structural mutation)
[log] [coop:replay] guest replay turn=3: present k=message
[log] [coop:replay] guest replay turn=3: present k=statStage
[log] [coop:session] isCoopAuthoritativeGuestGated -> true (authoritative GUEST gates a structural mutation)
[log] [coop:replay] guest replay turn=3: present k=showAbility
[log] [coop:session] isCoopAuthoritativeGuestGated -> true (authoritative GUEST gates a structural mutation)
[log] [coop:replay] guest replay turn=3: present k=moveUsed
[log] [coop:session] isCoopAuthoritativeGuestGated -> true (authoritative GUEST gates a structural mutation)
[log] [coop:replay] guest replay turn=3: present k=message
[log] [coop:replay] guest replay turn=3: present k=statStage
[log] [coop:session] isCoopAuthoritativeGuestGated -> true (authoritative GUEST gates a structural mutation)
[log] [coop:replay] guest replay turn=3: present k=moveUsed
[log] [coop:session] isCoopAuthoritativeGuestGated -> true (authoritative GUEST gates a structural mutation)
[log] [coop:replay] guest replay turn=3: present k=hp
[log] [coop:session] isCoopAuthoritativeGuestGated -> true (authoritative GUEST gates a structural mutation)
[log] [coop:replay] guest replay turn=3: present k=faint
[log] [coop:session] isCoopAuthoritativeGuestGated -> true (authoritative GUEST gates a structural mutation)
[log] [coop:replay] guest replay turn=3: present k=message
[log] [coop:replay] guest replay turn=3: present k=showAbility
[log] [coop:session] isCoopAuthoritativeGuestGated -> true (authoritative GUEST gates a structural mutation)
[log] [coop:replay] guest replay turn=3: present k=moveUsed
[log] [coop:session] isCoopAuthoritativeGuestGated -> true (authoritative GUEST gates a structural mutation)
[log] [coop:replay] guest replay turn=3: present k=hp
[log] [coop:session] isCoopAuthoritativeGuestGated -> true (authoritative GUEST gates a structural mutation)
[log] [coop:replay] guest replay turn=3: present k=faint
[log] [coop:session] isCoopAuthoritativeGuestGated -> true (authoritative GUEST gates a structural mutation)
[log] [coop:replay] guest replay turn=3: present k=hp
[log] [coop:session] isCoopAuthoritativeGuestGated -> true (authoritative GUEST gates a structural mutation)
[log] [coop:replay] guest replay turn=3: present k=message
[log] [coop:replay] guest replay turn=3: present k=hp
[log] [coop:session] isCoopAuthoritativeGuestGated -> true (authoritative GUEST gates a structural mutation)
[log] [coop:replay] guest replay turn=3: present k=message
[log] [coop:replay] guest replay turn=3: present k=hp
[log] [coop:session] isCoopAuthoritativeGuestGated -> true (authoritative GUEST gates a structural mutation)
[log] [coop:replay] guest replay turn=3: present k=message
[log] [coop:replay] guest replay turn=3: rendered phases [switch=1 message=6 statStage=2 showAbility=2 moveUsed=3 hp=5 faint=2]
[log] [coop:replay] guest replay turn=3: unshift CoopFinalizeTurnPhase (checkpoint apply deferred)
[log] [coop:session] isCoopAuthoritativeGuestGated -> true (authoritative GUEST gates a structural mutation)
[log] [coop:stream] guest IGNORE idempotent turn duplicate e=1827802517509761 wave=112 turn=3 rev=1053
[log] [coop:stream] guest IGNORE idempotent turn duplicate e=1827802517509761 wave=112 turn=3 rev=1053
[log] [coop:replay] present statStage bi=2 stat=5 -> -1
[log] [coop:replay] present statStage bi=2 stat=5 set to -1 NO tween (delta=-1 anims=false)
[log] [coop:session] isCoopAuthoritativeGuestGated -> true (authoritative GUEST gates a structural mutation)
[log] [coop:session] isCoopAuthoritativeGuestGated -> true (authoritative GUEST gates a structural mutation)
[log] [coop:replay] present move bi=2 moveId=111 targets=1
[log] [coop:replay] present statStage bi=2 stat=2 -> 1
[log] [coop:replay] present statStage bi=2 stat=2 set to 1 NO tween (delta=1 anims=false)
[log] [coop:replay] present move bi=1 moveId=247 targets=1
[log] [coop:replay] present hp bi=3 336->0/336
[log] [coop:replay] present faint bi=3 narrate=true
[log] [coop:session] isCoopAuthoritativeGuestGated -> true (authoritative GUEST gates a structural mutation)
[log] [coop:session] isCoopAuthoritativeGuestGated -> true (authoritative GUEST gates a structural mutation)
[log] [coop:replay] present move bi=0 moveId=53 targets=1
[log] [coop:replay] present hp bi=2 0->0/308
[log] [coop:replay] present faint bi=2 narrate=true
[log] [coop:replay] present hp bi=0 2063->1962/2065
[log] [coop:replay] present hp bi=1 1686->1255/1725
[log] [coop:replay] present hp bi=0 1962->2065/2065
[log] [coop:checkpoint] guest apply field=4 weather=2 terrain=4 arenaTags=0
[log] [coop:session] isCoopAuthoritativeGuestGated -> true (authoritative GUEST gates a structural mutation)
[log] [coop:adopt] erMoneyStreaks host entries=0 -> restored (#837/#348)
[log] [coop:adopt] biomeOverstayAnchor host=null -> restored (#837/#504)
[log] [coop:adopt] erBiomeStructure host length=22 startWave=111 -> restored (#841 item 5)
[log] [coop:adopt] erRelicBattleState host wave=112 -> restored (#837)
[log] [coop:adopt] erMapState host nodes=2 travelTarget=- fragments=0 -> restored (#865/#841 item 1)
[log] [coop:adopt] erPendingNodes host count=5 revealed=2 -> restored (#865)
[log] [coop:resync] guest apply authoritativeState tick=1053 wave=112 turn=3 party=6/6 field=4
[log] [coop:resync] presentation settle boundary=resync-stable side=player desired=visible ids=[1582731684,2610605] changed=0 phase=CoopFinalizeTurnPhase
[log] [coop:resync] presentation settle boundary=wave-start-pre-intro side=enemy desired=visible ids=[] changed=0 phase=CoopFinalizeTurnPhase
[warn] [coop:heal] heldItems monId=1582731684 bi=0 removed=[LEFTOVERS] added=[LEFTOVERS] -> applied
[warn] [coop:heal] heldItems bi=0 host=[LEFTOVERS] -> applied (rewrote to host set)
[warn] [coop:heal] heldItems monId=1802046394 bi=3 removed=[BASE_STAT_BOOSTER] added=[BASE_STAT_BOOSTER] -> applied
[warn] [coop:heal] heldItems bi=3 host=[BASE_STAT_BOOSTER] -> applied (rewrote to host set)
[log] [coop:interaction] interactionCounter() read -> 132 (role=guest)
[log] [coop:checksum] capture digest=dc8c5f18908db165 field=4 biome=6 seed=coop-soak-20260725 weather=2 terrain=4 money=36020 party=[890,150,493,384,382,888] partyLevels=[500,500,500,500,500,500] arenaTags=0 modifiers=7 heldItemsDigest=1 pokeballs=[0:99,1:10,2:10,3:0,4:0] mons=[bi0:sp890/hp2065-2065/st0/ab5258/form0/tera0:3/boss0:0 bi1:sp150/hp1255-1725/st0/ab227/form0/tera0:13/boss0:0 bi2:sp28/hp0-308/st7/ab192/form0/tera0:4/boss0:0 bi3:sp979/hp0-336/st7/ab5334/form0/tera0:1/boss0:0]
[log] [coop:transport] send guest t=turnCommitAck e=1827802517509761 wave=112 turn=3 rev=1053 stage=materialApplied checksum=dc8c5f18908db165
[log] [coop:stream] guest ACK turn stage=materialApplied e=1827802517509761 wave=112 turn=3 rev=1053
[log] [coop:checksum] guest finalize materialApplied e=1827802517509761 wave=112 turn=3 rev=1053
[log] [coop:transport] recv host t=turnCommitAck e=1827802517509761 wave=112 turn=3 rev=1053 stage=materialApplied checksum=dc8c5f18908db165 handlers=1
[log] [coop:stream] host ACCEPT turn ACK stage=materialApplied key=1827802517509761:112:3:1053
[log] [coop:transport] send guest t=turnCommitAck e=1827802517509761 wave=112 turn=3 rev=1053 stage=presentationReady checksum=dc8c5f18908db165
[log] [coop:stream] guest ACK turn stage=presentationReady e=1827802517509761 wave=112 turn=3 rev=1053
[log] [coop:checksum] guest finalize presentationReady e=1827802517509761 wave=112 turn=3 rev=1053
[log] [coop:replay] guest finalize turn=3: END (checkpoint applied, turn-end queued)
[log] [coop:transport] recv host t=turnCommitAck e=1827802517509761 wave=112 turn=3 rev=1053 stage=presentationReady checksum=dc8c5f18908db165 handlers=1
[log] [coop:stream] host ACCEPT turn ACK stage=presentationReady key=1827802517509761:112:3:1053
[log] [coop:rendezvous] ARRIVE point=cmd:112:4 (send) role=guest
[log] [coop:transport] send guest t=rendezvous point=cmd:112:4
[log] [coop:rendezvous] RECV arrival point=cmd:112:4 -> BUFFER (no waiter yet) role=guest
[log] [coop:session] isCoopAuthoritativeGuestGated -> true (authoritative GUEST gates a structural mutation)
[log] [coop:session] isCoopAuthoritativeGuestGated -> true (authoritative GUEST gates a structural mutation)
[log] [coop:session] isCoopAuthoritativeGuestGated -> true (authoritative GUEST gates a structural mutation)
[log] [coop:session] isCoopAuthoritativeGuestGated -> true (authoritative GUEST gates a structural mutation)
[log] [coop:session] isCoopAuthoritativeGuestGated -> true (authoritative GUEST gates a structural mutation)
[log] [coop:battle] CommandPhase slot=0 turn=4 owner=host role=guest -> partner path
[log] [coop:rendezvous] next-command barrier cmd:112:4 SYNC pass (partner already arrived)
[log] [coop:transport] send guest t=turnCommitAck e=1827802517509761 wave=112 turn=3 rev=1053 stage=continuationReady checksum=dc8c5f18908db165
[log] [coop:stream] guest ACK turn stage=continuationReady e=1827802517509761 wave=112 turn=3 rev=1053
[log] [coop:stream] guest continuation surface=command e=1827802517509761 wave=112 turn=4 waiting=1 released=1
[log] [coop:transport] recv host t=turnCommitAck e=1827802517509761 wave=112 turn=3 rev=1053 stage=continuationReady checksum=dc8c5f18908db165 handlers=1
[log] [coop:replay] guest RECV turnResolution e=1827802517509761 wave=112 turn=4 events=18 checksum=a63de4655dd0eecd -> buffered (no waiter)
[log] [coop:replay] guest RECV waveResolved wave=112 outcome=win transition=WAVE_VICTORY/next113/biome0/egg1/trainer
[log] [coop:runtime] recv waveResolved wave=112 outcome=win role=guest netcode=authoritative
[log] [coop:runtime] ignore raw waveResolved for correctness wave=112 outcome=win; awaiting retained transaction
[log] [coop:session] isCoopAuthoritativeGuestGated -> true (authoritative GUEST gates a structural mutation)
[log] [coop:replay] guest replay turn=4: live pump start mode=turn
[log] [coop:transport] send guest t=requestTurnCommit e=1827802517509761 wave=112 turn=4 rev=pending
[log] [coop:transport] send guest t=requestTurnCommit e=1827802517509761 wave=112 turn=4 rev=1055
[log] [coop:replay] guest awaitTurn turn=4 RESOLVE (buffered race) events=18
[log] [coop:transport] recv host t=requestTurnCommit e=1827802517509761 wave=112 turn=4 rev=pending handlers=1
[log] [coop:transport] send host t=turnResolution e=1827802517509761 wave=112 turn=4 rev=1055 events=18 checksum=a63de4655dd0eecd
[log] [coop:transport] recv host t=requestTurnCommit e=1827802517509761 wave=112 turn=4 rev=1055 handlers=1
[log] [coop:transport] send host t=turnResolution e=1827802517509761 wave=112 turn=4 rev=1055 events=18 checksum=a63de4655dd0eecd
[log] [coop:transport] recv guest t=turnResolution e=1827802517509761 wave=112 turn=4 rev=1055 events=18 checksum=a63de4655dd0eecd handlers=1
[log] [coop:transport] recv guest t=turnResolution e=1827802517509761 wave=112 turn=4 rev=1055 events=18 checksum=a63de4655dd0eecd handlers=1
[log] [coop:replay] guest consume live events turn=4 count=0
[log] [coop:replay] guest replay turn=4: RESOLVE renderedLive=0 remaining=18 batch=18
[log] [coop:replay] guest replay turn=4: rendering 18 event(s)
[log] [coop:replay] guest replay turn=4: present k=switch
[log] [coop:session] isCoopAuthoritativeGuestGated -> true (authoritative GUEST gates a structural mutation)
[log] [coop:replay] guest replay turn=4: present k=message
[log] [coop:replay] guest replay turn=4: present k=statStage
[log] [coop:session] isCoopAuthoritativeGuestGated -> true (authoritative GUEST gates a structural mutation)
[log] [coop:replay] guest replay turn=4: present k=switch
[log] [coop:session] isCoopAuthoritativeGuestGated -> true (authoritative GUEST gates a structural mutation)
[log] [coop:replay] guest replay turn=4: present k=message
[log] [coop:replay] guest replay turn=4: present k=statStage
[log] [coop:session] isCoopAuthoritativeGuestGated -> true (authoritative GUEST gates a structural mutation)
[log] [coop:replay] guest replay turn=4: present k=moveUsed
[log] [coop:session] isCoopAuthoritativeGuestGated -> true (authoritative GUEST gates a structural mutation)
[log] [coop:replay] guest replay turn=4: present k=hp
[log] [coop:session] isCoopAuthoritativeGuestGated -> true (authoritative GUEST gates a structural mutation)
[log] [coop:replay] guest replay turn=4: present k=faint
[log] [coop:session] isCoopAuthoritativeGuestGated -> true (authoritative GUEST gates a structural mutation)
[log] [coop:replay] guest replay turn=4: present k=hp
[log] [coop:session] isCoopAuthoritativeGuestGated -> true (authoritative GUEST gates a structural mutation)
[log] [coop:replay] guest replay turn=4: present k=message
[log] [coop:replay] guest replay turn=4: present k=moveUsed
[log] [coop:session] isCoopAuthoritativeGuestGated -> true (authoritative GUEST gates a structural mutation)
[log] [coop:replay] guest replay turn=4: present k=hp
[log] [coop:session] isCoopAuthoritativeGuestGated -> true (authoritative GUEST gates a structural mutation)
[log] [coop:replay] guest replay turn=4: present k=faint
[log] [coop:session] isCoopAuthoritativeGuestGated -> true (authoritative GUEST gates a structural mutation)
[log] [coop:replay] guest replay turn=4: present k=hp
[log] [coop:session] isCoopAuthoritativeGuestGated -> true (authoritative GUEST gates a structural mutation)
[log] [coop:replay] guest replay turn=4: present k=message
[log] [coop:replay] guest replay turn=4: present k=hp
[log] [coop:session] isCoopAuthoritativeGuestGated -> true (authoritative GUEST gates a structural mutation)
[log] [coop:replay] guest replay turn=4: present k=message
[log] [coop:replay] guest replay turn=4: rendered phases [switch=2 message=5 statStage=2 moveUsed=2 hp=5 faint=2]
[log] [coop:replay] guest replay turn=4: unshift CoopFinalizeTurnPhase (checkpoint apply deferred)
[log] [coop:session] isCoopAuthoritativeGuestGated -> true (authoritative GUEST gates a structural mutation)
[log] [coop:stream] guest IGNORE idempotent turn duplicate e=1827802517509761 wave=112 turn=4 rev=1055
[log] [coop:stream] guest IGNORE idempotent turn duplicate e=1827802517509761 wave=112 turn=4 rev=1055
[log] [coop:replay] present statStage bi=3 stat=5 -> -1
[log] [coop:replay] present statStage bi=3 stat=5 set to -1 NO tween (delta=-1 anims=false)
[log] [coop:replay] present statStage bi=2 stat=5 -> -1
[log] [coop:replay] present statStage bi=2 stat=5 set to -1 NO tween (delta=-1 anims=false)
[log] [coop:replay] present move bi=0 moveId=247 targets=1
[log] [coop:replay] present hp bi=2 0->0/320
[log] [coop:replay] present faint bi=2 narrate=true
[log] [coop:replay] present hp bi=0 2065->1960/2065
[log] [coop:replay] present move bi=1 moveId=34 targets=1
[log] [coop:replay] present hp bi=3 0->0/321
[log] [coop:replay] present faint bi=3 narrate=true
[log] [coop:replay] present hp bi=1 1255->824/1725
[log] [coop:replay] present hp bi=0 1960->2065/2065
[log] [coop:checkpoint] guest apply field=4 weather=2 terrain=4 arenaTags=0
[log] [coop:session] isCoopAuthoritativeGuestGated -> true (authoritative GUEST gates a structural mutation)
[log] [coop:adopt] erMoneyStreaks host entries=0 -> restored (#837/#348)
[log] [coop:adopt] biomeOverstayAnchor host=null -> restored (#837/#504)
[log] [coop:adopt] erBiomeStructure host length=22 startWave=111 -> restored (#841 item 5)
[log] [coop:adopt] erRelicBattleState host wave=112 -> restored (#837)
[log] [coop:adopt] erMapState host nodes=2 travelTarget=- fragments=0 -> restored (#865/#841 item 1)
[log] [coop:adopt] erPendingNodes host count=5 revealed=2 -> restored (#865)
[log] [coop:resync] guest apply authoritativeState tick=1055 wave=112 turn=4 party=6/6 field=4
[log] [coop:resync] presentation settle boundary=resync-stable side=player desired=visible ids=[1582731684,2610605] changed=0 phase=CoopFinalizeTurnPhase
[log] [coop:resync] presentation settle boundary=wave-start-pre-intro side=enemy desired=visible ids=[] changed=0 phase=CoopFinalizeTurnPhase
[warn] [coop:heal] heldItems monId=1582731684 bi=0 removed=[LEFTOVERS] added=[LEFTOVERS] -> applied
[warn] [coop:heal] heldItems bi=0 host=[LEFTOVERS] -> applied (rewrote to host set)
[log] [coop:interaction] interactionCounter() read -> 132 (role=guest)
[log] [coop:checksum] capture digest=a63de4655dd0eecd field=4 biome=6 seed=coop-soak-20260725 weather=2 terrain=4 money=36020 party=[890,150,493,384,382,888] partyLevels=[500,500,500,500,500,500] arenaTags=0 modifiers=7 heldItemsDigest=1 pokeballs=[0:99,1:10,2:10,3:0,4:0] mons=[bi0:sp890/hp2065-2065/st0/ab5258/form0/tera0:3/boss0:0 bi1:sp150/hp824-1725/st0/ab227/form0/tera0:13/boss0:0 bi2:sp89/hp0-320/st7/ab144/form0/tera0:3/boss0:0 bi3:sp128/hp0-321/st7/ab5088/form0/tera0:0/boss0:0]
[log] [coop:transport] send guest t=turnCommitAck e=1827802517509761 wave=112 turn=4 rev=1055 stage=materialApplied checksum=a63de4655dd0eecd
[log] [coop:stream] guest ACK turn stage=materialApplied e=1827802517509761 wave=112 turn=4 rev=1055
[log] [coop:checksum] guest finalize materialApplied e=1827802517509761 wave=112 turn=4 rev=1055
[log] [coop:transport] recv host t=turnCommitAck e=1827802517509761 wave=112 turn=4 rev=1055 stage=materialApplied checksum=a63de4655dd0eecd handlers=1
[log] [coop:stream] host ACCEPT turn ACK stage=materialApplied key=1827802517509761:112:4:1055
[log] [coop:transport] send guest t=turnCommitAck e=1827802517509761 wave=112 turn=4 rev=1055 stage=presentationReady checksum=a63de4655dd0eecd
[log] [coop:stream] guest ACK turn stage=presentationReady e=1827802517509761 wave=112 turn=4 rev=1055
[log] [coop:checksum] guest finalize presentationReady e=1827802517509761 wave=112 turn=4 rev=1055
[log] [coop:replay] guest finalize turn=4: END (checkpoint applied, turn-end queued)
[log] [coop:transport] recv host t=turnCommitAck e=1827802517509761 wave=112 turn=4 rev=1055 stage=presentationReady checksum=a63de4655dd0eecd handlers=1
[log] [coop:stream] host ACCEPT turn ACK stage=presentationReady key=1827802517509761:112:4:1055
[log] [coop:stream] guest admitted WAVE_ADVANCE continuation e=1827802517509761 wave=112
[log] [coop:runtime] wave-advance JOURNAL bootstrap wave=112 outcome=win (ACK withheld)
[log] [coop:runtime] wave-advance JOURNAL queued safe-boundary wake wave=112 unparkedReplay=0
[log] [coop:runtime] wave-advance op JOURNAL cursor-advanced id=1827802517509761:0:WAVE_ADVANCE:112 rev=265 dataApplied=false continuationReady=false (DATA applies at BattleEnd; retained ACK awaits DATA + destination continuation)
[log] [coop:transport] send guest t=coopAck cls=op:global seq=265
[log] [coop:replay] guest RECV waveEndState wave=112 tick=1056
[log] [coop:runtime] ignore raw waveEndState for correctness wave=112 tick=1056
[log] [coop:relay] RECV rewardOptions key=132:0 -> BUFFER rewardOptionsInbox (latest-wins) count=5
[log] [coop:rendezvous] RECV arrival point=shop:112:132 -> BUFFER (no waiter yet) role=guest
[log] [coop:transport] recv host t=coopAck cls=op:global seq=265 handlers=1
[log] [coop:session] isCoopAuthoritativeGuestGated -> true (authoritative GUEST gates a structural mutation)
[log] [coop:session] isCoopAuthoritativeGuestGated -> true (authoritative GUEST gates a structural mutation)
[log] [coop:session] isCoopAuthoritativeGuestGated -> true (authoritative GUEST gates a structural mutation)
[log] [coop:session] isCoopAuthoritativeGuestGated -> true (authoritative GUEST gates a structural mutation)
[log] [coop:session] isCoopAuthoritativeGuestGated -> true (authoritative GUEST gates a structural mutation)
[log] [coop:runtime] consume wave-advance wave=112 outcome=win transition=WAVE_VICTORY/next113/biome0/egg1/trainer (lastResolved 111 -> 112)
[log] [coop:replay] guest wave-advance outcome=win wave=112 next=WAVE_VICTORY/wave113 biomeChange=false eggLapse=true victoryKind=trainer battleType=TRAINER queues=VictoryPhase (host-stated)
[warn] [coop:replay] guest wave-advance wave=112: replacing speculative future queue [CommandPhase,CommandPhase,TurnStartPhase]
[log] [coop:session] isCoopAuthoritativeGuestGated -> true (authoritative GUEST gates a structural mutation)
[log] [coop:progression] GUEST applyPartyExp SKIP wave=112 koMon=Annihilape (awaiting host waveEndState)
[log] [coop-diag] VictoryPhase win-branch role=guest battleType=TRAINER queuesTrainerVictory=true queuesSelectModifier=true wave=112
[log] [coop:session] isCoopAuthoritativeGuestGated -> true (authoritative GUEST gates a structural mutation)
[log] [coop:session] isCoopAuthoritativeGuestGated -> true (authoritative GUEST gates a structural mutation)
[log] [coop:session] isCoopAuthoritativeGuestGated -> true (authoritative GUEST gates a structural mutation)
[log] [coop-diag] VictoryTail role=guest wave=112 source=host-stated trainer=true egg=true biomeShop=false biomeChange=false crossroads=false nextWave=113
[log] [coop:session] isCoopAuthoritativeGuestGated -> true (authoritative GUEST gates a structural mutation)
[log] [coop:session] isCoopAuthoritativeGuestGated -> true (authoritative GUEST gates a structural mutation)
[log] [coop:session] isCoopAuthoritativeGuestGated -> true (authoritative GUEST gates a structural mutation)
[log] [coop:adopt] erMoneyStreaks host entries=0 -> restored (#837/#348)
[log] [coop:adopt] biomeOverstayAnchor host=null -> restored (#837/#504)
[log] [coop:adopt] erBiomeStructure host length=22 startWave=111 -> restored (#841 item 5)
[log] [coop:adopt] erRelicBattleState host wave=112 -> restored (#837)
[log] [coop:adopt] erMapState host nodes=2 travelTarget=- fragments=0 -> restored (#865/#841 item 1)
[log] [coop:adopt] erPendingNodes host count=5 revealed=2 -> restored (#865)
[log] [coop:resync] guest apply authoritativeState tick=1056 wave=112 turn=5 party=6/6 field=4
[log] [coop:resync] presentation settle boundary=resync-stable side=player desired=visible ids=[1582731684,2610605] changed=0 phase=BattleEndPhase
[log] [coop:resync] presentation settle boundary=wave-start-pre-intro side=enemy desired=visible ids=[] changed=0 phase=BattleEndPhase
[log] [coop:runtime] wave-advance retained DATA boundary admitted wave=112
[log] [coop:progression] retained WAVE_ADVANCE DATA applied wave=112 tick=1056
[log] [coop:progression] GUEST retained WAVE_ADVANCE BattleEnd release wave=112
[log] [coop:transport] recv guest t=envelope t=envelope handlers=1
[log] [coop:transport] send guest t=coopAck cls=op:global seq=265
[log] [coop:transport] recv host t=coopAck cls=op:global seq=265 handlers=1
[log] [coop:session] isCoopAuthoritativeGuestGated -> true (authoritative GUEST gates a structural mutation)
[warn] [coop:gate] ALLOWLIST BLOCK phase=MoneyRewardPhase (not a guest presentation/input-intent phase; neutralized to CoopInertPhase)
[log] [coop:session] isCoopAuthoritativeGuestGated -> true (authoritative GUEST gates a structural mutation)
[log] [coop:progression] coopVictoryDialogue DECISION isCoop=true -> SKIP (constant 0 awaits, lockstep-safe)
[log] [coop:progression] GUEST automatic victory settlement admitted wave=112 turn=5
[log] [coop:interaction] interactionCounter() read -> 132 (role=guest)
[log] [coop:checksum] capture digest=36398b1a6b0a3b34 field=4 biome=6 seed=coop-soak-20260725 weather=2 terrain=4 money=37940 party=[890,150,493,384,382,888] partyLevels=[500,500,500,500,500,500] arenaTags=0 modifiers=7 heldItemsDigest=1 pokeballs=[0:99,1:10,2:10,3:0,4:0] mons=[bi0:sp890/hp2065-2065/st0/ab5258/form0/tera0:3/boss0:0 bi1:sp150/hp824-1725/st0/ab227/form0/tera0:13/boss0:0 bi2:sp89/hp0-320/st7/ab144/form0/tera0:3/boss0:0 bi3:sp128/hp0-321/st7/ab5088/form0/tera0:0/boss0:0]
[log] [coop:interaction] interactionCounter() read -> 132 (role=guest)
[log] [coop:owner] ownerOf(counter=132) seat=0 -> owner=host
[log] [coop:owner] isLocalOwnerAtCounter(pinnedCounter=132) parity=0 owner=host role=guest -> false
[log] [coop:interaction] interactionCounter() read -> 132 (role=guest)
[log] [coop:reward] owner/watcher decision: pinnedStart=132 liveCounter=132 parity=0 role=guest pick=WATCHER option=ADOPT spoof=false
[log] [coop:rendezvous] ARRIVE point=shop:112:132 (send) role=guest
[log] [coop:transport] send guest t=rendezvous point=shop:112:132
[log] [coop:reward] WATCHER waits for partner's reward picks (start=132 role=guest wave=112)
[log] [coop:reward] WATCHER awaiting owner reward options (start=132 reroll=0 localCount=0)
[log] [coop:relay] AWAIT rewardOptions key=132:0 timeoutMs=1200000 -> BUFFER-HIT resolve count=5
[log] [coop:transport] recv host t=rendezvous point=shop:112:132 handlers=1
[log] [coop:shop] reconstructRewardOptions OK count=5 ids=[POTION,PP_UP,TEMP_STAT_STAGE_BOOSTER,BERRY,TM_CASE]
[log] [coop:reward] WATCHER ADOPTED owner reward options (was=0 now=5 ids=[POTION,PP_UP,TEMP_STAT_STAGE_BOOSTER,BERRY,TM_CASE])
[log] [coop:transport] send guest t=turnCommitAck e=1827802517509761 wave=112 turn=4 rev=1055 stage=continuationReady checksum=a63de4655dd0eecd
[log] [coop:stream] guest ACK turn stage=continuationReady e=1827802517509761 wave=112 turn=4 rev=1055
[log] [coop:stream] guest continuation surface=sharedInput e=1827802517509761 wave=112 turn=5 waiting=1 released=1
[log] [coop:transport] recv host t=turnCommitAck e=1827802517509761 wave=112 turn=4 rev=1055 stage=continuationReady checksum=a63de4655dd0eecd handlers=1
[log] [coop:progression] retained WAVE_ADVANCE continuationReady wave=112
[log] [coop:transport] send guest t=coopAck cls=op:global seq=265
[log] [coop:transport] send guest t=coopAck cls=op:global seq=265
[log] [coop:transport] send guest t=coopAck cls=op:global seq=265
[log] [coop:interaction] mirror begin role=watcher mirrorSeq=8448 interactionStart=132 reroll=0
[log] [coop:interaction] uiMirror beginSession role=watcher mode=6 seq=8448 early=0
[log] [coop:transport] recv host t=coopAck cls=op:global seq=265 handlers=1
[log] [coop:transport] recv host t=coopAck cls=op:global seq=265 handlers=1
[log] [coop:transport] recv host t=coopAck cls=op:global seq=265 handlers=1
[log] [coop:relay] AWAIT interactionChoice seq=132 timeoutMs=1200000 expected=[reward,shop,skip,reroll,check,transfer,lock] -> network-wait
[log] [coop:rendezvous] RECV arrival point=shop:112:132 -> DUPLICATE (already seen) role=guest
[log] [coop:relay] DELIVER interactionChoice seq=132 -> waiter kind=reward choice=2 data=[0]
[log] [coop:relay] AWAIT interactionChoice seq=132 RESOLVE kind=reward choice=2 data=[0]
[log] [coop:adopt] erMoneyStreaks host entries=0 -> restored (#837/#348)
[log] [coop:adopt] biomeOverstayAnchor host=null -> restored (#837/#504)
[log] [coop:adopt] erBiomeStructure host length=22 startWave=111 -> restored (#841 item 5)
[log] [coop:adopt] erRelicBattleState host wave=112 -> restored (#837)
[log] [coop:adopt] erMapState host nodes=2 travelTarget=- fragments=0 -> restored (#865/#841 item 1)
[log] [coop:adopt] erPendingNodes host count=5 revealed=2 -> restored (#865)
[log] [coop:resync] guest apply authoritativeState tick=1057 wave=112 turn=5 party=6/6 field=4
[log] [coop:resync] presentation settle boundary=resync-stable side=player desired=visible ids=[1582731684,2610605] changed=0 phase=SelectModifierPhase
[log] [coop:resync] presentation settle boundary=wave-start-pre-intro side=enemy desired=visible ids=[] changed=0 phase=SelectModifierPhase
[log] [coop:relay] DELIVER interactionChoice seq=132 -> BUFFER inbox depth=1 kind=reward choice=2 data=[0]
[log] [coop:reward] shop authoritative RESULT applied-before-render kind=REWARD id=1827802517509761:0:REWARD:13200000 rev=266 tick=1057
[log] [coop:transport] send guest t=coopAck cls=op:global seq=266
[log] [coop:interaction] RECV interaction broadcast (deferred catch-up net) received=133 localBefore=132 role=guest -> WILL DEFER to 133 (folds in at next advance if still ahead)
[warn] [coop:interaction] CoopInteractionTurn.mergeRemote DEFER (remote=133, counter=132, pendingRemote=133) live counter UNCHANGED (folds in at next advance if still ahead)
[log] [coop:owner] ownerOf(counter=132) seat=0 -> owner=host
[log] [coop:owner] ownerOf(counter=132) seat=0 -> owner=host
[warn] [coop:reward] WATCHER op-gate rejected relayed action (await-journal) seq=132 choice=2 - keep awaiting terminal (Wave-2d)
[log] [coop:transport] recv host t=coopAck cls=op:global seq=266 handlers=1
[log] [coop:relay] AWAIT interactionChoice seq=132 timeoutMs=1200000 -> BUFFER-HIT resolve kind=reward choice=2 data=[0]
[log] [coop:reward] reward op WATCHER materialize retained choice=2 terminal=true id=1827802517509761:0:REWARD:13200000
[log] [coop:reward] WATCHER applying relayed action seq=132 act=REWARD choice=2 data=[0]
[log] [coop:v2-interaction] terminal proof recorded op=1827802517509761:0:REWARD:13200000 role=guest seat=1 duplicate=0 ambient=1
[log] [coop:v2-interaction] phase terminal proof op=1827802517509761:0:REWARD:13200000 route=constructor-fallback accepted=1
[log] [coop:interaction] interactionCounter() read -> 132 (role=guest)
[log] [coop:interaction] CoopInteractionTurn.advance INCREMENT (fromCounter=132) counter 132 -> 133
[log] [coop:interaction] advanceInteraction ADVANCED+BROADCAST (fromCounter=132) counter 132 -> 133 role=guest; send interaction screen=__turn__ choice=133
[log] [coop:interaction] SEND counter snapshot reason=advance choice=133 role=guest
[log] [coop:transport] send guest t=interaction screen=__turn__
[log] [coop:owner] ownerOf(counter=133) seat=1 -> owner=guest
[log] [coop:owner] ownerOf(counter=133) seat=1 -> owner=guest
[log] [coop:interaction] interactionCounter() read -> 133 (role=guest)
[log] [coop:reward] advance interaction (role=guest from=132 counter 132 -> 133)
[log] [coop:session] isCoopAuthoritativeGuestGated -> true (authoritative GUEST gates a structural mutation)
[log] [coop:transport] recv host t=interaction screen=__turn__ handlers=1
[log] [coop:interaction] interactionCounter() read -> 133 (role=guest)
[log] [coop:interaction] interactionCounter() read -> 133 (role=guest)
[log] [coop:replay] guest RECV enemyPartySync wave=113 count=2 -> buffered (no waiter)
[log] [coop:replay] guest RECV entry presentation wave=113 stateTick=1059 events=5 buffered
[log] [coop:replay] guest RECV enemyPartySync wave=113 count=2 -> buffered (no waiter)
[log] [coop:rendezvous] RECV arrival point=cmd:113:1 -> BUFFER (no waiter yet) role=guest
[log] [coop:battletype] wave=113 HOST verdict: WILD - adopting (#867)
[log] [coop:me] wave=113 HOST verdict: NO ME - local presence roll suppressed (#862)
[log] [coop:session] isCoopAuthoritativeGuestGated -> true (authoritative GUEST gates a structural mutation)
[log] [coop:interaction] interactionCounter() read -> 133 (role=guest)
[log] [coop:stream] guest consumeEnemyParty wave=113 -> 2 enemies
[log] [coop:enemy] buildCoopEnemy ADOPT trainerSlot=0 species=129 form=0 lv=87 abilityIdx=1 nature=0 gender=0 shiny=false tera=0:10 hp=158/158 moves=4 heldItems=0
[log] [coop:enemy] buildCoopEnemy ADOPT trainerSlot=0 species=321 form=0 lv=79 abilityIdx=0 nature=0 gender=0 shiny=false tera=0:10 hp=366/366 moves=4 heldItems=0
[warn] [coop:heal] arenaTag ADD tagType=GRAVITY side=0 layers=1 turnCount=8 (guest lacked it) -> added
[log] [coop:adopt] erMoneyStreaks host entries=0 -> restored (#837/#348)
[log] [coop:adopt] biomeOverstayAnchor host=null -> restored (#837/#504)
[log] [coop:adopt] erBiomeStructure host length=22 startWave=111 -> restored (#841 item 5)
[log] [coop:adopt] erRelicBattleState host wave=113 -> restored (#837)
[log] [coop:adopt] erMapState host nodes=2 travelTarget=- fragments=0 -> restored (#865/#841 item 1)
[log] [coop:adopt] erPendingNodes host count=5 revealed=2 -> restored (#865)
[log] [coop:resync] guest apply authoritativeState tick=1059 wave=113 turn=1 party=6/2 field=4
[log] [coop:resync] presentation settle boundary=resync-stable side=player desired=visible ids=[1582731684,2610605] changed=0 phase=NextEncounterPhase
[log] [coop:resync] presentation settle boundary=resync-stable side=enemy desired=visible ids=[3065634815,491948453] changed=2 phase=NextEncounterPhase
[log] [coop:resync] render differ: newly presented id=3065634815 key=pkmn__129 -> load atlas
[log] [coop:resync] render differ: newly presented id=491948453 key=pkmn__321 -> load atlas
[log] [coop:resync] presentation settle boundary=launch-ready side=player desired=visible ids=[1582731684,2610605] changed=0 phase=NextEncounterPhase
[log] [coop:session] isCoopAuthoritativeGuestGated -> true (authoritative GUEST gates a structural mutation)
[log] [coop:session] isCoopAuthoritativeGuestGated -> true (authoritative GUEST gates a structural mutation)
[log] [coop:session] isCoopAuthoritativeGuestGated -> true (authoritative GUEST gates a structural mutation)
[log] [coop:session] isCoopAuthoritativeGuestGated -> true (authoritative GUEST gates a structural mutation)
[log] [coop:session] isCoopAuthoritativeGuestGated -> true (authoritative GUEST gates a structural mutation)
[log] [coop:session] isCoopAuthoritativeGuestGated -> true (authoritative GUEST gates a structural mutation)
[log] [coop:replay] guest replay turn=1: awaiting retained entry presentation
[warn] [coop:resync] authoritativeState tick=1059 STALE (lastApplied=1059) -> REJECTED (#807)
[log] [coop:adopt] erMoneyStreaks host entries=0 -> restored (#837/#348)
[log] [coop:adopt] biomeOverstayAnchor host=null -> restored (#837/#504)
[log] [coop:adopt] erBiomeStructure host length=22 startWave=111 -> restored (#841 item 5)
[log] [coop:adopt] erRelicBattleState host wave=113 -> restored (#837)
[log] [coop:adopt] erMapState host nodes=2 travelTarget=- fragments=0 -> restored (#865/#841 item 1)
[log] [coop:adopt] erPendingNodes host count=5 revealed=2 -> restored (#865)
[log] [coop:resync] guest reassert authoritativeState tick=1059 wave=113 turn=1 party=6/2 field=4
[log] [coop:resync] presentation settle boundary=resync-stable side=player desired=visible ids=[1582731684,2610605] changed=0 phase=CoopReplayTurnPhase
[log] [coop:resync] presentation settle boundary=resync-stable side=enemy desired=visible ids=[3065634815,491948453] changed=0 phase=CoopReplayTurnPhase
[log] [coop:replay] guest replay turn=1: rendering 5 event(s)
[log] [coop:replay] guest replay turn=1: present k=message
[log] [coop:turn] host recorder: append turn=1 seq=5 k=message total=6 live=true
[log] [coop:replay] guest replay turn=1: present k=showAbility
[log] [coop:session] isCoopAuthoritativeGuestGated -> true (authoritative GUEST gates a structural mutation)
[log] [coop:replay] guest replay turn=1: present k=showAbility
[log] [coop:session] isCoopAuthoritativeGuestGated -> true (authoritative GUEST gates a structural mutation)
[log] [coop:replay] guest replay turn=1: present k=message
[log] [coop:turn] host recorder: append turn=1 seq=6 k=message total=7 live=true
[log] [coop:replay] guest replay turn=1: present k=showAbility
[log] [coop:session] isCoopAuthoritativeGuestGated -> true (authoritative GUEST gates a structural mutation)
[log] [coop:replay] guest replay turn=1: rendered phases [message=2 showAbility=3]
[log] [coop:replay] guest replay turn=1: retained entry presentation queued stateTick=1059 events=5; awaiting exact outcome proof
[log] [coop:session] isCoopAuthoritativeGuestGated -> true (authoritative GUEST gates a structural mutation)
[log] [coop:session] isCoopAuthoritativeGuestGated -> true (authoritative GUEST gates a structural mutation)
[log] [coop:session] isCoopAuthoritativeGuestGated -> true (authoritative GUEST gates a structural mutation)
[log] [coop:session] isCoopAuthoritativeGuestGated -> true (authoritative GUEST gates a structural mutation)
[log] [coop:session] isCoopAuthoritativeGuestGated -> true (authoritative GUEST gates a structural mutation)
[log] [coop:session] isCoopAuthoritativeGuestGated -> true (authoritative GUEST gates a structural mutation)
[log] [coop:session] isCoopAuthoritativeGuestGated -> true (authoritative GUEST gates a structural mutation)
[log] [coop:replay] guest entry presentation PROVED wave=113 turn=1 events=5
[log] [coop:stream] guest consumeEnemyParty wave=113 -> null (buffered=none)
[log] [coop:battle] CommandPhase slot=0 turn=1 owner=host role=guest -> partner path
[log] [coop:stream] guest consumeEnemyParty wave=113 -> null (buffered=none)
[log] [coop:rendezvous] ARRIVE point=cmd:113:1 (send) role=guest
[log] [coop:transport] send guest t=rendezvous point=cmd:113:1
[log] [coop:rendezvous] next-command barrier cmd:113:1 SYNC pass (partner already arrived)
[log] [coop:stream] guest consumeEnemyParty wave=113 -> null (buffered=none)
[log] [coop:transport] send guest t=coopAck cls=op:global seq=266
[log] [coop:transport] send guest t=coopAck cls=op:global seq=266
[log] [coop:transport] recv host t=rendezvous point=cmd:113:1 handlers=1
[log] [coop:transport] recv host t=coopAck cls=op:global seq=266 handlers=1
[log] [coop:transport] recv host t=coopAck cls=op:global seq=266 handlers=1
[log] [coop:rendezvous] RECV arrival point=cmd:113:1 -> DUPLICATE (already seen) role=guest
[log] [coop:replay] guest IGNORE duplicate consumed entry presentation wave=113
[log] [coop:replay] guest RECV enemyPartySync wave=113 count=2 -> buffered (no waiter)
[log] [coop:interaction] interactionCounter() read -> 133 (role=guest)
[log] [coop:checksum] capture digest=e4766401bcde0189 field=4 biome=6 seed=coop-soak-20260725 weather=2 terrain=4 money=37940 party=[890,150,493,384,382,888] partyLevels=[500,500,500,500,500,500] arenaTags=1 modifiers=8 heldItemsDigest=1 pokeballs=[0:99,1:10,2:10,3:0,4:0] mons=[bi0:sp890/hp2065-2065/st0/ab5258/form0/tera0:3/boss0:0 bi1:sp150/hp824-1725/st0/ab227/form0/tera0:13/boss0:0 bi2:sp129/hp158-158/st0/ab5280/form0/tera0:10/boss0:0 bi3:sp321/hp366-366/st0/ab148/form0/tera0:10/boss0:0]
[log] [coop:interaction] interactionCounter() read -> 133 (role=guest)
[log] [coop:replay] guest IGNORE duplicate consumed entry presentation wave=113
[log] [coop:replay] guest RECV enemyPartySync wave=113 count=2 -> buffered (no waiter)
[log] [coop:replay] guest RECV turnResolution e=1827802517509761 wave=113 turn=1 events=29 checksum=ad7b1a95d59f3b1e -> buffered (no waiter)
[log] [coop:replay] guest RECV waveResolved wave=113 outcome=win transition=WAVE_VICTORY/next114/biome0/egg1/wild
[log] [coop:runtime] recv waveResolved wave=113 outcome=win role=guest netcode=authoritative
[log] [coop:runtime] ignore raw waveResolved for correctness wave=113 outcome=win; awaiting retained transaction
[log] [coop:session] isCoopAuthoritativeGuestGated -> true (authoritative GUEST gates a structural mutation)
[log] [coop:replay] guest replay turn=1: live pump start mode=turn
[log] [coop:replay] guest replay turn=1: advance local watermark 0->5
[log] [coop:session] isCoopAuthoritativeGuestGated -> true (authoritative GUEST gates a structural mutation)
[log] [coop:transport] send guest t=requestTurnCommit e=1827802517509761 wave=113 turn=1 rev=pending
[log] [coop:transport] send guest t=requestTurnCommit e=1827802517509761 wave=113 turn=1 rev=1063
[log] [coop:replay] guest awaitTurn turn=1 RESOLVE (buffered race) events=29
[log] [coop:transport] recv host t=requestTurnCommit e=1827802517509761 wave=113 turn=1 rev=pending handlers=1
[log] [coop:transport] send host t=turnResolution e=1827802517509761 wave=113 turn=1 rev=1063 events=29 checksum=ad7b1a95d59f3b1e
[log] [coop:transport] recv host t=requestTurnCommit e=1827802517509761 wave=113 turn=1 rev=1063 handlers=1
[log] [coop:transport] send host t=turnResolution e=1827802517509761 wave=113 turn=1 rev=1063 events=29 checksum=ad7b1a95d59f3b1e
[log] [coop:transport] recv guest t=turnResolution e=1827802517509761 wave=113 turn=1 rev=1063 events=29 checksum=ad7b1a95d59f3b1e handlers=1
[log] [coop:transport] recv guest t=turnResolution e=1827802517509761 wave=113 turn=1 rev=1063 events=29 checksum=ad7b1a95d59f3b1e handlers=1
[log] [coop:replay] guest consume live events turn=1 count=0
[log] [coop:replay] guest replay turn=1: RESOLVE renderedLive=5 remaining=24 batch=29
[log] [coop:replay] guest replay turn=1: rendering 24 event(s)
[log] [coop:replay] guest replay turn=1: present k=message
[log] [coop:replay] guest replay turn=1: present k=message
[log] [coop:replay] guest replay turn=1: present k=moveUsed
[log] [coop:session] isCoopAuthoritativeGuestGated -> true (authoritative GUEST gates a structural mutation)
[log] [coop:replay] guest replay turn=1: present k=hp
[log] [coop:session] isCoopAuthoritativeGuestGated -> true (authoritative GUEST gates a structural mutation)
[log] [coop:replay] guest replay turn=1: present k=faint
[log] [coop:session] isCoopAuthoritativeGuestGated -> true (authoritative GUEST gates a structural mutation)
[log] [coop:replay] guest replay turn=1: present k=message
[log] [coop:replay] guest replay turn=1: present k=moveUsed
[log] [coop:session] isCoopAuthoritativeGuestGated -> true (authoritative GUEST gates a structural mutation)
[log] [coop:replay] guest replay turn=1: present k=hp
[log] [coop:session] isCoopAuthoritativeGuestGated -> true (authoritative GUEST gates a structural mutation)
[log] [coop:replay] guest replay turn=1: present k=faint
[log] [coop:session] isCoopAuthoritativeGuestGated -> true (authoritative GUEST gates a structural mutation)
[log] [coop:replay] guest replay turn=1: present k=showAbility
[log] [coop:session] isCoopAuthoritativeGuestGated -> true (authoritative GUEST gates a structural mutation)
[log] [coop:replay] guest replay turn=1: present k=message
[log] [coop:replay] guest replay turn=1: present k=statStage
[log] [coop:session] isCoopAuthoritativeGuestGated -> true (authoritative GUEST gates a structural mutation)
[log] [coop:replay] guest replay turn=1: present k=message
[log] [coop:replay] guest replay turn=1: present k=statStage
[log] [coop:session] isCoopAuthoritativeGuestGated -> true (authoritative GUEST gates a structural mutation)
[log] [coop:replay] guest replay turn=1: present k=message
[log] [coop:replay] guest replay turn=1: present k=statStage
[log] [coop:session] isCoopAuthoritativeGuestGated -> true (authoritative GUEST gates a structural mutation)
[log] [coop:replay] guest replay turn=1: present k=message
[log] [coop:replay] guest replay turn=1: present k=statStage
[log] [coop:session] isCoopAuthoritativeGuestGated -> true (authoritative GUEST gates a structural mutation)
[log] [coop:replay] guest replay turn=1: present k=hp
[log] [coop:session] isCoopAuthoritativeGuestGated -> true (authoritative GUEST gates a structural mutation)
[log] [coop:replay] guest replay turn=1: present k=message
[log] [coop:replay] guest replay turn=1: present k=hp
[log] [coop:session] isCoopAuthoritativeGuestGated -> true (authoritative GUEST gates a structural mutation)
[log] [coop:replay] guest replay turn=1: present k=message
[log] [coop:replay] guest replay turn=1: present k=hp
[log] [coop:session] isCoopAuthoritativeGuestGated -> true (authoritative GUEST gates a structural mutation)
[log] [coop:replay] guest replay turn=1: present k=message
[log] [coop:replay] guest replay turn=1: rendered phases [message=10 moveUsed=2 hp=5 faint=2 showAbility=1 statStage=4]
[log] [coop:replay] guest replay turn=1: unshift CoopFinalizeTurnPhase (checkpoint apply deferred)
[log] [coop:session] isCoopAuthoritativeGuestGated -> true (authoritative GUEST gates a structural mutation)
[log] [coop:stream] guest IGNORE idempotent turn duplicate e=1827802517509761 wave=113 turn=1 rev=1063
[log] [coop:stream] guest IGNORE idempotent turn duplicate e=1827802517509761 wave=113 turn=1 rev=1063
[log] [coop:replay] present move bi=1 moveId=53 targets=1
[log] [coop:replay] present hp bi=3 366->0/366
[log] [coop:replay] present faint bi=3 narrate=true
[log] [coop:replay] present move bi=0 moveId=34 targets=1
[log] [coop:replay] present hp bi=2 158->0/158
[log] [coop:replay] present faint bi=2 narrate=true
[log] [coop:session] isCoopAuthoritativeGuestGated -> true (authoritative GUEST gates a structural mutation)
[log] [coop:session] isCoopAuthoritativeGuestGated -> true (authoritative GUEST gates a structural mutation)
[log] [coop:replay] present statStage bi=1 stat=1 -> -1
[log] [coop:replay] present statStage bi=1 stat=1 set to -1 NO tween (delta=-1 anims=false)
[log] [coop:replay] present statStage bi=0 stat=1 -> -2
[log] [coop:replay] present statStage bi=0 stat=1 set to -2 NO tween (delta=-2 anims=false)
[log] [coop:replay] present statStage bi=1 stat=3 -> -1
[log] [coop:replay] present statStage bi=1 stat=3 set to -1 NO tween (delta=-1 anims=false)
[log] [coop:replay] present statStage bi=0 stat=3 -> -2
[log] [coop:replay] present statStage bi=0 stat=3 set to -2 NO tween (delta=-2 anims=false)
[log] [coop:replay] present hp bi=0 2065->2013/2065
[log] [coop:replay] present hp bi=1 824->393/1725
[log] [coop:replay] present hp bi=0 2013->2065/2065
[log] [coop:checkpoint] guest apply field=4 weather=2 terrain=4 arenaTags=1
[log] [coop:session] isCoopAuthoritativeGuestGated -> true (authoritative GUEST gates a structural mutation)
[log] [coop:adopt] erMoneyStreaks host entries=0 -> restored (#837/#348)
[log] [coop:adopt] biomeOverstayAnchor host=null -> restored (#837/#504)
[log] [coop:adopt] erBiomeStructure host length=22 startWave=111 -> restored (#841 item 5)
[log] [coop:adopt] erRelicBattleState host wave=113 -> restored (#837)
[log] [coop:adopt] erMapState host nodes=2 travelTarget=- fragments=0 -> restored (#865/#841 item 1)
[log] [coop:adopt] erPendingNodes host count=5 revealed=2 -> restored (#865)
[log] [coop:resync] guest apply authoritativeState tick=1063 wave=113 turn=1 party=6/2 field=4
[log] [coop:resync] presentation settle boundary=resync-stable side=player desired=visible ids=[1582731684,2610605] changed=0 phase=CoopFinalizeTurnPhase
[log] [coop:resync] presentation settle boundary=wave-start-pre-intro side=enemy desired=visible ids=[] changed=0 phase=CoopFinalizeTurnPhase
[warn] [coop:heal] heldItems monId=1582731684 bi=0 removed=[LEFTOVERS] added=[LEFTOVERS] -> applied
[warn] [coop:heal] heldItems bi=0 host=[LEFTOVERS] -> applied (rewrote to host set)
[log] [coop:interaction] interactionCounter() read -> 133 (role=guest)
[log] [coop:checksum] capture digest=ad7b1a95d59f3b1e field=4 biome=6 seed=coop-soak-20260725 weather=2 terrain=4 money=37940 party=[890,150,493,384,382,888] partyLevels=[500,500,500,500,500,500] arenaTags=1 modifiers=8 heldItemsDigest=1 pokeballs=[0:99,1:10,2:10,3:0,4:0] mons=[bi0:sp890/hp2065-2065/st0/ab5258/form0/tera0:3/boss0:0 bi1:sp150/hp393-1725/st0/ab227/form0/tera0:13/boss0:0 bi2:sp129/hp0-158/st7/ab5280/form0/tera0:10/boss0:0 bi3:sp321/hp0-366/st7/ab148/form0/tera0:10/boss0:0]
[log] [coop:transport] send guest t=turnCommitAck e=1827802517509761 wave=113 turn=1 rev=1063 stage=materialApplied checksum=ad7b1a95d59f3b1e
[log] [coop:stream] guest ACK turn stage=materialApplied e=1827802517509761 wave=113 turn=1 rev=1063
[log] [coop:checksum] guest finalize materialApplied e=1827802517509761 wave=113 turn=1 rev=1063
[log] [coop:transport] recv host t=turnCommitAck e=1827802517509761 wave=113 turn=1 rev=1063 stage=materialApplied checksum=ad7b1a95d59f3b1e handlers=1
[log] [coop:stream] host ACCEPT turn ACK stage=materialApplied key=1827802517509761:113:1:1063
[log] [coop:transport] send guest t=turnCommitAck e=1827802517509761 wave=113 turn=1 rev=1063 stage=presentationReady checksum=ad7b1a95d59f3b1e
[log] [coop:stream] guest ACK turn stage=presentationReady e=1827802517509761 wave=113 turn=1 rev=1063
[log] [coop:checksum] guest finalize presentationReady e=1827802517509761 wave=113 turn=1 rev=1063
[log] [coop:replay] guest finalize turn=1: END (checkpoint applied, turn-end queued)
[log] [coop:transport] recv host t=turnCommitAck e=1827802517509761 wave=113 turn=1 rev=1063 stage=presentationReady checksum=ad7b1a95d59f3b1e handlers=1
[log] [coop:stream] host ACCEPT turn ACK stage=presentationReady key=1827802517509761:113:1:1063
[log] [coop:stream] guest admitted WAVE_ADVANCE continuation e=1827802517509761 wave=113
[log] [coop:runtime] wave-advance JOURNAL bootstrap wave=113 outcome=win (ACK withheld)
[log] [coop:runtime] wave-advance JOURNAL queued safe-boundary wake wave=113 unparkedReplay=0
[log] [coop:runtime] wave-advance op JOURNAL cursor-advanced id=1827802517509761:0:WAVE_ADVANCE:113 rev=267 dataApplied=false continuationReady=false (DATA applies at BattleEnd; retained ACK awaits DATA + destination continuation)
[log] [coop:transport] send guest t=coopAck cls=op:global seq=267
[log] [coop:replay] guest RECV waveEndState wave=113 tick=1064
[log] [coop:runtime] ignore raw waveEndState for correctness wave=113 tick=1064
[log] [coop:relay] RECV rewardOptions key=133:0 -> BUFFER rewardOptionsInbox (latest-wins) count=5
[log] [coop:rendezvous] RECV arrival point=shop:113:133 -> BUFFER (no waiter yet) role=guest
[log] [coop:transport] recv host t=coopAck cls=op:global seq=267 handlers=1
[log] [coop:session] isCoopAuthoritativeGuestGated -> true (authoritative GUEST gates a structural mutation)
[log] [coop:session] isCoopAuthoritativeGuestGated -> true (authoritative GUEST gates a structural mutation)
[log] [coop:session] isCoopAuthoritativeGuestGated -> true (authoritative GUEST gates a structural mutation)
[log] [coop:session] isCoopAuthoritativeGuestGated -> true (authoritative GUEST gates a structural mutation)
[log] [coop:session] isCoopAuthoritativeGuestGated -> true (authoritative GUEST gates a structural mutation)
[log] [coop:runtime] consume wave-advance wave=113 outcome=win transition=WAVE_VICTORY/next114/biome0/egg1/wild (lastResolved 112 -> 113)
[log] [coop:replay] guest wave-advance outcome=win wave=113 next=WAVE_VICTORY/wave114 biomeChange=false eggLapse=true victoryKind=wild battleType=WILD queues=VictoryPhase (host-stated)
[warn] [coop:replay] guest wave-advance wave=113: replacing speculative future queue [CommandPhase,CommandPhase,TurnStartPhase]
[log] [coop:session] isCoopAuthoritativeGuestGated -> true (authoritative GUEST gates a structural mutation)
[log] [coop:progression] GUEST applyPartyExp SKIP wave=113 koMon=Wailord (awaiting host waveEndState)
[log] [coop-diag] VictoryPhase win-branch role=guest battleType=WILD queuesTrainerVictory=false queuesSelectModifier=true wave=113
[log] [coop:session] isCoopAuthoritativeGuestGated -> true (authoritative GUEST gates a structural mutation)
[log] [coop:session] isCoopAuthoritativeGuestGated -> true (authoritative GUEST gates a structural mutation)
[log] [coop-diag] VictoryTail role=guest wave=113 source=host-stated trainer=false egg=true biomeShop=false biomeChange=false crossroads=false nextWave=114
[log] [coop:session] isCoopAuthoritativeGuestGated -> true (authoritative GUEST gates a structural mutation)
[log] [coop:session] isCoopAuthoritativeGuestGated -> true (authoritative GUEST gates a structural mutation)
[log] [coop:session] isCoopAuthoritativeGuestGated -> true (authoritative GUEST gates a structural mutation)
[log] [coop:adopt] erMoneyStreaks host entries=0 -> restored (#837/#348)
[log] [coop:adopt] biomeOverstayAnchor host=null -> restored (#837/#504)
[log] [coop:adopt] erBiomeStructure host length=22 startWave=111 -> restored (#841 item 5)
[log] [coop:adopt] erRelicBattleState host wave=113 -> restored (#837)
[log] [coop:adopt] erMapState host nodes=2 travelTarget=- fragments=0 -> restored (#865/#841 item 1)
[log] [coop:adopt] erPendingNodes host count=5 revealed=2 -> restored (#865)
[log] [coop:resync] guest apply authoritativeState tick=1064 wave=113 turn=2 party=6/2 field=4
[log] [coop:resync] presentation settle boundary=resync-stable side=player desired=visible ids=[1582731684,2610605] changed=0 phase=BattleEndPhase
[log] [coop:resync] presentation settle boundary=wave-start-pre-intro side=enemy desired=visible ids=[] changed=0 phase=BattleEndPhase
[log] [coop:runtime] wave-advance retained DATA boundary admitted wave=113
[log] [coop:progression] retained WAVE_ADVANCE DATA applied wave=113 tick=1064
[log] [coop:progression] GUEST retained WAVE_ADVANCE BattleEnd release wave=113
[log] [coop:transport] recv guest t=envelope t=envelope handlers=1
[log] [coop:transport] send guest t=coopAck cls=op:global seq=267
[log] [coop:transport] recv host t=coopAck cls=op:global seq=267 handlers=1
[log] [coop:progression] GUEST automatic victory settlement admitted wave=113 turn=2
[log] [coop:interaction] interactionCounter() read -> 133 (role=guest)
[log] [coop:checksum] capture digest=872971ad62ef0e6d field=4 biome=6 seed=coop-soak-20260725 weather=2 terrain=4 money=37940 party=[890,150,493,384,382,888] partyLevels=[500,500,500,500,500,500] arenaTags=1 modifiers=8 heldItemsDigest=1 pokeballs=[0:99,1:10,2:10,3:0,4:0] mons=[bi0:sp890/hp2065-2065/st0/ab5258/form0/tera0:3/boss0:0 bi1:sp150/hp393-1725/st0/ab227/form0/tera0:13/boss0:0 bi2:sp129/hp0-158/st7/ab5280/form0/tera0:10/boss0:0 bi3:sp321/hp0-366/st7/ab148/form0/tera0:10/boss0:0]
[log] [coop:interaction] interactionCounter() read -> 133 (role=guest)
[log] [coop:owner] ownerOf(counter=133) seat=1 -> owner=guest
[log] [coop:owner] isLocalOwnerAtCounter(pinnedCounter=133) parity=1 owner=guest role=guest -> true
[log] [coop:interaction] interactionCounter() read -> 133 (role=guest)
[log] [coop:reward] owner/watcher decision: pinnedStart=133 liveCounter=133 parity=1 role=guest pick=OWNER option=ADOPT spoof=false
[log] [coop:rendezvous] ARRIVE point=shop:113:133 (send) role=guest
[log] [coop:transport] send guest t=rendezvous point=shop:113:133
[log] [coop:reward] OWNER drives reward screen (start=133 role=guest spoof=false adoptsOptions=true wave=113)
[log] [coop:rendezvous] shop-pick-commit barrier AWAIT shop:113:133
[log] [coop:rendezvous] AWAIT point=shop:113:133 -> partner already arrived (buffer-hit) role=guest
[log] [coop:transport] recv host t=rendezvous point=shop:113:133 handlers=1
[log] [coop:reward] WATCHER awaiting owner reward options (start=133 reroll=0 localCount=0)
[log] [coop:relay] AWAIT rewardOptions key=133:0 timeoutMs=1200000 -> BUFFER-HIT resolve count=5
[log] [coop:shop] reconstructRewardOptions OK count=5 ids=[ER_ABILITY_CAPSULE,SUPER_POTION,GREAT_BALL,BERRY,RARE_CANDY]
[log] [coop:reward] WATCHER ADOPTED owner reward options (was=0 now=5 ids=[ER_ABILITY_CAPSULE,SUPER_POTION,GREAT_BALL,BERRY,RARE_CANDY])
[log] [coop:transport] send guest t=turnCommitAck e=1827802517509761 wave=113 turn=1 rev=1063 stage=continuationReady checksum=ad7b1a95d59f3b1e
[log] [coop:stream] guest ACK turn stage=continuationReady e=1827802517509761 wave=113 turn=1 rev=1063
[log] [coop:stream] guest continuation surface=sharedInput e=1827802517509761 wave=113 turn=2 waiting=1 released=1
[log] [coop:interaction] mirror begin role=owner mirrorSeq=8512 interactionStart=133 reroll=0
[log] [coop:interaction] uiMirror beginSession role=owner mode=6 seq=8512 early=0
[log] [coop:transport] recv host t=turnCommitAck e=1827802517509761 wave=113 turn=1 rev=1063 stage=continuationReady checksum=ad7b1a95d59f3b1e handlers=1
[log] [coop:progression] retained WAVE_ADVANCE continuationReady wave=113
[log] [coop:transport] send guest t=coopAck cls=op:global seq=267
[log] [coop:transport] send guest t=coopAck cls=op:global seq=267
[log] [coop:transport] send guest t=coopAck cls=op:global seq=267
[log] [coop:transport] recv host t=coopAck cls=op:global seq=267 handlers=1
[log] [coop:transport] recv host t=coopAck cls=op:global seq=267 handlers=1
[log] [coop:transport] recv host t=coopAck cls=op:global seq=267 handlers=1
[log] [coop:owner] ownerOf(counter=133) seat=1 -> owner=guest
[log] [coop:owner] isLocalOwnerAtCounter(pinnedCounter=133) parity=1 owner=guest role=guest -> true
[log] [coop:owner] ownerOf(counter=133) seat=1 -> owner=guest
[log] [coop:owner] isLocalOwnerAtCounter(pinnedCounter=133) parity=1 owner=guest role=guest -> true
[log] [coop:relay] OWNER prepare seq=133 kind=reward choice=2 data=[0] role=guest
[log] [coop:reward] reward op INTENT prepared label=reward id=1827802517509761:1:REWARD:13300000
[log] [coop:relay] SEND interactionChoice seq=133 kind=reward kind=? choice=2 data=[0]
[log] [coop:transport] send guest t=interactionChoice seq=133 kind=reward choice=2
[warn] [coop:v2-shadow] FAULT tap(INTERACTION_COMMIT): AuthorityLog.commit: entry context is not bound to the local authority
[log] [coop:relay] AWAIT interactionChoice seq=133 timeoutMs=1200000 expected=[reward,shop,skip,reroll,check,transfer,lock] -> network-wait
[log] [coop:transport] recv host t=interactionChoice seq=133 kind=reward choice=2 handlers=1
[log] [coop:adopt] erMoneyStreaks host entries=0 -> restored (#837/#348)
[log] [coop:adopt] biomeOverstayAnchor host=null -> restored (#837/#504)
[log] [coop:adopt] erBiomeStructure host length=22 startWave=111 -> restored (#841 item 5)
[log] [coop:adopt] erRelicBattleState host wave=113 -> restored (#837)
[log] [coop:adopt] erMapState host nodes=2 travelTarget=- fragments=0 -> restored (#865/#841 item 1)
[log] [coop:adopt] erPendingNodes host count=5 revealed=2 -> restored (#865)
[log] [coop:resync] guest apply authoritativeState tick=1065 wave=113 turn=2 party=6/2 field=4
[log] [coop:resync] presentation settle boundary=resync-stable side=player desired=visible ids=[1582731684,2610605] changed=0 phase=SelectModifierPhase
[log] [coop:resync] presentation settle boundary=wave-start-pre-intro side=enemy desired=visible ids=[] changed=0 phase=SelectModifierPhase
[log] [coop:relay] DELIVER interactionChoice seq=133 -> waiter kind=reward choice=2 data=[0]
[log] [coop:relay] AWAIT interactionChoice seq=133 RESOLVE kind=reward choice=2 data=[0]
[log] [coop:reward] shop authoritative RESULT applied-before-render kind=REWARD id=1827802517509761:1:REWARD:13300000 rev=268 tick=1065
[log] [coop:transport] send guest t=coopAck cls=op:global seq=268
[log] [coop:interaction] RECV interaction broadcast (deferred catch-up net) received=134 localBefore=133 role=guest -> WILL DEFER to 134 (folds in at next advance if still ahead)
[warn] [coop:interaction] CoopInteractionTurn.mergeRemote DEFER (remote=134, counter=133, pendingRemote=134) live counter UNCHANGED (folds in at next advance if still ahead)
[log] [coop:owner] ownerOf(counter=133) seat=1 -> owner=guest
[log] [coop:owner] ownerOf(counter=133) seat=1 -> owner=guest
[log] [coop:reward] reward op WATCHER materialize retained choice=2 terminal=true id=1827802517509761:1:REWARD:13300000
[log] [coop:reward] WATCHER applying relayed action seq=133 act=REWARD choice=2 data=[0]
[log] [coop:transport] recv host t=coopAck cls=op:global seq=268 handlers=1
[log] [coop:v2-interaction] terminal proof recorded op=1827802517509761:1:REWARD:13300000 role=guest seat=1 duplicate=0 ambient=1
[log] [coop:v2-interaction] phase terminal proof op=1827802517509761:1:REWARD:13300000 route=constructor-fallback accepted=1
[log] [coop:interaction] interactionCounter() read -> 133 (role=guest)
[log] [coop:interaction] CoopInteractionTurn.advance INCREMENT (fromCounter=133) counter 133 -> 134
[log] [coop:interaction] advanceInteraction ADVANCED+BROADCAST (fromCounter=133) counter 133 -> 134 role=guest; send interaction screen=__turn__ choice=134
[log] [coop:interaction] SEND counter snapshot reason=advance choice=134 role=guest
[log] [coop:transport] send guest t=interaction screen=__turn__
[log] [coop:owner] ownerOf(counter=134) seat=0 -> owner=host
[log] [coop:owner] ownerOf(counter=134) seat=0 -> owner=host
[log] [coop:interaction] interactionCounter() read -> 134 (role=guest)
[log] [coop:reward] advance interaction (role=guest from=133 counter 133 -> 134)
[log] [coop:session] isCoopAuthoritativeGuestGated -> true (authoritative GUEST gates a structural mutation)
[log] [coop:transport] recv host t=interaction screen=__turn__ handlers=1
[log] [coop:replay] guest RECV enemyPartySync wave=114 count=6 -> buffered (no waiter)
[log] [coop:replay] guest RECV entry presentation wave=114 stateTick=1067 events=14 buffered
[log] [coop:replay] guest RECV enemyPartySync wave=114 count=6 -> buffered (no waiter)
[log] [coop:rendezvous] RECV arrival point=cmd:114:1 -> BUFFER (no waiter yet) role=guest
[log] [coop:session] isCoopAuthoritativeGuestGated -> true (authoritative GUEST gates a structural mutation)
[log] [coop:interaction] interactionCounter() read -> 134 (role=guest)
[log] [coop:stream] guest consumeEnemyParty wave=114 -> 6 enemies
[log] [coop:enemy] buildCoopEnemy ADOPT trainerSlot=1 species=186 form=0 lv=93 abilityIdx=0 nature=0 gender=1 shiny=false tera=0:10 hp=356/356 moves=4 heldItems=5
[log] [coop:enemy] buildCoopEnemy ADOPT trainerSlot=1 species=10015 form=0 lv=93 abilityIdx=1 nature=0 gender=1 shiny=false tera=0:7 hp=308/308 moves=4 heldItems=5
[log] [coop:enemy] buildCoopEnemy ADOPT trainerSlot=1 species=127 form=0 lv=93 abilityIdx=0 nature=0 gender=1 shiny=false tera=0:6 hp=252/252 moves=4 heldItems=5
[log] [coop:enemy] buildCoopEnemy ADOPT trainerSlot=1 species=89 form=0 lv=95 abilityIdx=1 nature=0 gender=0 shiny=false tera=0:3 hp=333/333 moves=4 heldItems=5
[log] [coop:enemy] buildCoopEnemy ADOPT trainerSlot=1 species=466 form=0 lv=95 abilityIdx=1 nature=0 gender=0 shiny=false tera=0:12 hp=314/314 moves=4 heldItems=4
[log] [coop:enemy] buildCoopEnemy ADOPT trainerSlot=1 species=169 form=0 lv=99 abilityIdx=0 nature=0 gender=0 shiny=false tera=0:3 hp=307/307 moves=4 heldItems=5
[warn] [coop:heal] arenaTag REMOVE tagType=GRAVITY side=0 (host lacks it) -> removed
[log] [coop:adopt] erMoneyStreaks host entries=0 -> restored (#837/#348)
[log] [coop:adopt] biomeOverstayAnchor host=null -> restored (#837/#504)
[log] [coop:adopt] erBiomeStructure host length=22 startWave=111 -> restored (#841 item 5)
[log] [coop:adopt] erRelicBattleState host wave=114 -> restored (#837)
[log] [coop:adopt] erMapState host nodes=2 travelTarget=- fragments=0 -> restored (#865/#841 item 1)
[log] [coop:adopt] erPendingNodes host count=5 revealed=2 -> restored (#865)
[log] [coop:resync] guest apply authoritativeState tick=1067 wave=114 turn=1 party=6/6 field=4
[log] [coop:resync] presentation settle boundary=resync-stable side=player desired=visible ids=[1582731684,2610605] changed=0 phase=NextEncounterPhase
[log] [coop:resync] presentation settle boundary=resync-stable side=enemy desired=visible ids=[3868264,2678958309] changed=2 phase=NextEncounterPhase
[log] [coop:resync] render differ: newly presented id=3868264 key=pkmn__female__186 -> load atlas
[log] [coop:resync] render differ: newly presented id=2678958309 key=pkmn__er__gyaradeath -> load atlas
[log] [coop:renderer] authoritative trainer intro cleared pokeball trays player=true enemy=true
[log] [coop:resync] presentation settle boundary=encounter-summon side=enemy desired=visible ids=[3868264,2678958309] changed=0 phase=NextEncounterPhase
[log] [coop:resync] presentation settle boundary=launch-ready side=player desired=visible ids=[1582731684,2610605] changed=0 phase=NextEncounterPhase
[log] [coop:session] isCoopAuthoritativeGuestGated -> true (authoritative GUEST gates a structural mutation)
[log] [coop:session] isCoopAuthoritativeGuestGated -> true (authoritative GUEST gates a structural mutation)
[log] [coop:session] isCoopAuthoritativeGuestGated -> true (authoritative GUEST gates a structural mutation)
[log] [coop:session] isCoopAuthoritativeGuestGated -> true (authoritative GUEST gates a structural mutation)
[log] [coop:session] isCoopAuthoritativeGuestGated -> true (authoritative GUEST gates a structural mutation)
[log] [coop:session] isCoopAuthoritativeGuestGated -> true (authoritative GUEST gates a structural mutation)
[log] [coop:replay] guest replay turn=1: awaiting retained entry presentation
[warn] [coop:resync] authoritativeState tick=1067 STALE (lastApplied=1067) -> REJECTED (#807)
[log] [coop:adopt] erMoneyStreaks host entries=0 -> restored (#837/#348)
[log] [coop:adopt] biomeOverstayAnchor host=null -> restored (#837/#504)
[log] [coop:adopt] erBiomeStructure host length=22 startWave=111 -> restored (#841 item 5)
[log] [coop:adopt] erRelicBattleState host wave=114 -> restored (#837)
[log] [coop:adopt] erMapState host nodes=2 travelTarget=- fragments=0 -> restored (#865/#841 item 1)
[log] [coop:adopt] erPendingNodes host count=5 revealed=2 -> restored (#865)
[log] [coop:resync] guest reassert authoritativeState tick=1067 wave=114 turn=1 party=6/6 field=4
[log] [coop:resync] presentation settle boundary=resync-stable side=player desired=visible ids=[1582731684,2610605] changed=0 phase=CoopReplayTurnPhase
[log] [coop:resync] presentation settle boundary=resync-stable side=enemy desired=visible ids=[3868264,2678958309] changed=0 phase=CoopReplayTurnPhase
[log] [coop:replay] guest replay turn=1: rendering 14 event(s)
[log] [coop:replay] guest replay turn=1: present k=message
[log] [coop:turn] host recorder: append turn=1 seq=14 k=message total=15 live=true
[log] [coop:replay] guest replay turn=1: present k=statStage
[log] [coop:session] isCoopAuthoritativeGuestGated -> true (authoritative GUEST gates a structural mutation)
[log] [coop:replay] guest replay turn=1: present k=message
[log] [coop:turn] host recorder: append turn=1 seq=15 k=message total=16 live=true
[log] [coop:replay] guest replay turn=1: present k=statStage
[log] [coop:session] isCoopAuthoritativeGuestGated -> true (authoritative GUEST gates a structural mutation)
[log] [coop:replay] guest replay turn=1: present k=terrain
[log] [coop:session] isCoopAuthoritativeGuestGated -> true (authoritative GUEST gates a structural mutation)
[log] [coop:replay] guest replay turn=1: present k=message
[log] [coop:turn] host recorder: append turn=1 seq=16 k=message total=17 live=true
[log] [coop:replay] guest replay turn=1: present k=showAbility
[log] [coop:session] isCoopAuthoritativeGuestGated -> true (authoritative GUEST gates a structural mutation)
[log] [coop:replay] guest replay turn=1: present k=message
[log] [coop:turn] host recorder: append turn=1 seq=17 k=message total=18 live=true
[log] [coop:replay] guest replay turn=1: present k=showAbility
[log] [coop:session] isCoopAuthoritativeGuestGated -> true (authoritative GUEST gates a structural mutation)
[log] [coop:replay] guest replay turn=1: present k=message
[log] [coop:turn] host recorder: append turn=1 seq=18 k=message total=19 live=true
[log] [coop:replay] guest replay turn=1: present k=statStage
[log] [coop:session] isCoopAuthoritativeGuestGated -> true (authoritative GUEST gates a structural mutation)
[log] [coop:replay] guest replay turn=1: present k=showAbility
[log] [coop:session] isCoopAuthoritativeGuestGated -> true (authoritative GUEST gates a structural mutation)
[log] [coop:replay] guest replay turn=1: present k=message
[log] [coop:turn] host recorder: append turn=1 seq=19 k=message total=20 live=true
[log] [coop:replay] guest replay turn=1: present k=showAbility
[log] [coop:session] isCoopAuthoritativeGuestGated -> true (authoritative GUEST gates a structural mutation)
[log] [coop:replay] guest replay turn=1: rendered phases [message=6 statStage=3 terrain=1 showAbility=4]
[log] [coop:replay] guest replay turn=1: retained entry presentation queued stateTick=1067 events=14; awaiting exact outcome proof
[log] [coop:session] isCoopAuthoritativeGuestGated -> true (authoritative GUEST gates a structural mutation)
[log] [coop:replay] present statStage bi=0 stat=5 -> -1
[log] [coop:replay] present statStage bi=0 stat=5 set to -1 NO tween (delta=0 anims=false)
[log] [coop:replay] present statStage bi=1 stat=5 -> -1
[log] [coop:replay] present statStage bi=1 stat=5 set to -1 NO tween (delta=0 anims=false)
[log] [coop:session] isCoopAuthoritativeGuestGated -> true (authoritative GUEST gates a structural mutation)
[log] [coop:session] isCoopAuthoritativeGuestGated -> true (authoritative GUEST gates a structural mutation)
[log] [coop:session] isCoopAuthoritativeGuestGated -> true (authoritative GUEST gates a structural mutation)
[log] [coop:session] isCoopAuthoritativeGuestGated -> true (authoritative GUEST gates a structural mutation)
[log] [coop:replay] present statStage bi=0 stat=3 -> 2
[log] [coop:replay] present statStage bi=0 stat=3 set to 2 NO tween (delta=0 anims=false)
[log] [coop:session] isCoopAuthoritativeGuestGated -> true (authoritative GUEST gates a structural mutation)
[log] [coop:session] isCoopAuthoritativeGuestGated -> true (authoritative GUEST gates a structural mutation)
[log] [coop:session] isCoopAuthoritativeGuestGated -> true (authoritative GUEST gates a structural mutation)
[log] [coop:session] isCoopAuthoritativeGuestGated -> true (authoritative GUEST gates a structural mutation)
[log] [coop:replay] guest entry presentation PROVED wave=114 turn=1 events=14
[log] [coop:renderer] command presentation postcondition hid stale enemy trainer
[log] [coop:stream] guest consumeEnemyParty wave=114 -> null (buffered=none)
[log] [coop:battle] CommandPhase slot=0 turn=1 owner=host role=guest -> partner path
[log] [coop:stream] guest consumeEnemyParty wave=114 -> null (buffered=none)
[log] [coop:rendezvous] ARRIVE point=cmd:114:1 (send) role=guest
[log] [coop:transport] send guest t=rendezvous point=cmd:114:1
[log] [coop:rendezvous] next-command barrier cmd:114:1 SYNC pass (partner already arrived)
[log] [coop:stream] guest consumeEnemyParty wave=114 -> null (buffered=none)
[log] [coop:transport] send guest t=coopAck cls=op:global seq=268
[log] [coop:transport] send guest t=coopAck cls=op:global seq=268
[log] [coop:transport] recv host t=rendezvous point=cmd:114:1 handlers=1
[log] [coop:transport] recv host t=coopAck cls=op:global seq=268 handlers=1
[log] [coop:transport] recv host t=coopAck cls=op:global seq=268 handlers=1
[log] [coop:rendezvous] RECV arrival point=cmd:114:1 -> DUPLICATE (already seen) role=guest
[log] [coop:replay] guest IGNORE duplicate consumed entry presentation wave=114
[log] [coop:replay] guest RECV enemyPartySync wave=114 count=6 -> buffered (no waiter)
[log] [coop:interaction] interactionCounter() read -> 134 (role=guest)
[log] [coop:checksum] capture digest=789e7e81fb0413ff field=4 biome=6 seed=coop-soak-20260725 weather=2 terrain=4 money=37940 party=[890,150,493,384,382,888] partyLevels=[500,500,500,500,500,500] arenaTags=0 modifiers=8 heldItemsDigest=11 pokeballs=[0:99,1:15,2:10,3:0,4:0] mons=[bi0:sp890/hp2065-2065/st0/ab5258/form0/tera0:3/boss0:0 bi1:sp150/hp393-1725/st0/ab227/form0/tera0:13/boss0:0 bi2:sp186/hp356-356/st0/ab114/form0/tera0:10/boss0:0 bi3:sp10015/hp308-308/st0/ab153/form0/tera0:7/boss0:0]
[log] [coop:interaction] interactionCounter() read -> 134 (role=guest)
[log] [coop:replay] guest IGNORE duplicate consumed entry presentation wave=114
[log] [coop:replay] guest RECV enemyPartySync wave=114 count=6 -> buffered (no waiter)
[log] [coop:replay] guest RECV turnResolution e=1827802517509761 wave=114 turn=1 events=35 checksum=eb67beb06db9b081 -> buffered (no waiter)
[log] [coop:session] isCoopAuthoritativeGuestGated -> true (authoritative GUEST gates a structural mutation)
[log] [coop:replay] guest replay turn=1: live pump start mode=turn
[log] [coop:replay] guest replay turn=1: advance local watermark 0->14
[log] [coop:session] isCoopAuthoritativeGuestGated -> true (authoritative GUEST gates a structural mutation)
[log] [coop:transport] send guest t=requestTurnCommit e=1827802517509761 wave=114 turn=1 rev=pending
[log] [coop:transport] send guest t=requestTurnCommit e=1827802517509761 wave=114 turn=1 rev=1071
[log] [coop:replay] guest awaitTurn turn=1 RESOLVE (buffered race) events=35
[log] [coop:transport] recv host t=requestTurnCommit e=1827802517509761 wave=114 turn=1 rev=pending handlers=1
[log] [coop:transport] send host t=turnResolution e=1827802517509761 wave=114 turn=1 rev=1071 events=35 checksum=eb67beb06db9b081
[log] [coop:transport] recv host t=requestTurnCommit e=1827802517509761 wave=114 turn=1 rev=1071 handlers=1
[log] [coop:transport] send host t=turnResolution e=1827802517509761 wave=114 turn=1 rev=1071 events=35 checksum=eb67beb06db9b081
[log] [coop:transport] recv guest t=turnResolution e=1827802517509761 wave=114 turn=1 rev=1071 events=35 checksum=eb67beb06db9b081 handlers=1
[log] [coop:transport] recv guest t=turnResolution e=1827802517509761 wave=114 turn=1 rev=1071 events=35 checksum=eb67beb06db9b081 handlers=1
[log] [coop:replay] guest consume live events turn=1 count=0
[log] [coop:replay] guest replay turn=1: RESOLVE renderedLive=14 remaining=21 batch=35
[log] [coop:replay] guest replay turn=1: rendering 21 event(s)
[log] [coop:replay] guest replay turn=1: present k=message
[log] [coop:replay] guest replay turn=1: present k=message
[log] [coop:replay] guest replay turn=1: present k=message
[log] [coop:replay] guest replay turn=1: present k=message
[log] [coop:replay] guest replay turn=1: present k=message
[log] [coop:replay] guest replay turn=1: present k=message
[log] [coop:replay] guest replay turn=1: present k=moveUsed
[log] [coop:session] isCoopAuthoritativeGuestGated -> true (authoritative GUEST gates a structural mutation)
[log] [coop:replay] guest replay turn=1: present k=hp
[log] [coop:session] isCoopAuthoritativeGuestGated -> true (authoritative GUEST gates a structural mutation)
[log] [coop:replay] guest replay turn=1: present k=faint
[log] [coop:session] isCoopAuthoritativeGuestGated -> true (authoritative GUEST gates a structural mutation)
[log] [coop:replay] guest replay turn=1: present k=message
[log] [coop:replay] guest replay turn=1: present k=hp
[log] [coop:session] isCoopAuthoritativeGuestGated -> true (authoritative GUEST gates a structural mutation)
[log] [coop:replay] guest replay turn=1: present k=message
[log] [coop:replay] guest replay turn=1: present k=moveUsed
[log] [coop:session] isCoopAuthoritativeGuestGated -> true (authoritative GUEST gates a structural mutation)
[log] [coop:replay] guest replay turn=1: present k=hp
[log] [coop:session] isCoopAuthoritativeGuestGated -> true (authoritative GUEST gates a structural mutation)
[log] [coop:replay] guest replay turn=1: present k=faint
[log] [coop:session] isCoopAuthoritativeGuestGated -> true (authoritative GUEST gates a structural mutation)
[log] [coop:replay] guest replay turn=1: present k=showAbility
[log] [coop:session] isCoopAuthoritativeGuestGated -> true (authoritative GUEST gates a structural mutation)
[log] [coop:replay] guest replay turn=1: present k=hp
[log] [coop:session] isCoopAuthoritativeGuestGated -> true (authoritative GUEST gates a structural mutation)
[log] [coop:replay] guest replay turn=1: present k=faint
[log] [coop:session] isCoopAuthoritativeGuestGated -> true (authoritative GUEST gates a structural mutation)
[log] [coop:replay] guest replay turn=1: present k=message
[log] [coop:replay] guest replay turn=1: present k=hp
[log] [coop:session] isCoopAuthoritativeGuestGated -> true (authoritative GUEST gates a structural mutation)
[log] [coop:replay] guest replay turn=1: present k=message
[log] [coop:replay] guest replay turn=1: rendered phases [message=10 moveUsed=2 hp=5 faint=3 showAbility=1]
[log] [coop:replay] guest replay turn=1: unshift CoopFinalizeTurnPhase (checkpoint apply deferred)
[log] [coop:session] isCoopAuthoritativeGuestGated -> true (authoritative GUEST gates a structural mutation)
[log] [coop:stream] guest IGNORE idempotent turn duplicate e=1827802517509761 wave=114 turn=1 rev=1071
[log] [coop:stream] guest IGNORE idempotent turn duplicate e=1827802517509761 wave=114 turn=1 rev=1071
[log] [coop:replay] present move bi=0 moveId=85 targets=1
[log] [coop:replay] present hp bi=2 356->0/356
[log] [coop:replay] present faint bi=2 narrate=true
[log] [coop:replay] present hp bi=0 2065->1948/2065
[log] [coop:replay] present move bi=1 moveId=85 targets=1
[log] [coop:replay] present hp bi=3 308->0/308
[log] [coop:replay] present faint bi=3 narrate=true
[log] [coop:session] isCoopAuthoritativeGuestGated -> true (authoritative GUEST gates a structural mutation)
[log] [coop:session] isCoopAuthoritativeGuestGated -> true (authoritative GUEST gates a structural mutation)
[log] [coop:replay] present hp bi=1 393->0/1725
[log] [coop:replay] present faint bi=1 narrate=true
[log] [coop:session] isCoopAuthoritativeGuestGated -> true (authoritative GUEST gates a structural mutation)
[log] [coop:replay] guest own-faint picker OPEN slot=1 seq=90001 (choose your replacement)
[log] [coop:replay] guest own-faint picker PICK slot=1 -> party[3] seq=90001
[log] [coop:relay] SEND interactionChoice seq=90001 kind=switch kind=? choice=3 data=[0,384,1827802517509761,11400001003114,0,31]
[log] [coop:transport] send guest t=interactionChoice seq=90001 kind=switch choice=3
[log] [coop:transport] recv host t=interactionChoice seq=90001 kind=switch choice=3 handlers=1
[log] [coop:relay] DELIVER interactionChoice seq=90001 -> BUFFER inbox depth=1 kind=switch choice=3 data=[0,384,1827802517509761,11400001003114,0,31]
[log] [coop:replay] present hp bi=0 1948->2065/2065
[log] [coop:checkpoint] guest apply field=4 weather=2 terrain=4 arenaTags=0
[log] [coop:session] isCoopAuthoritativeGuestGated -> true (authoritative GUEST gates a structural mutation)
[log] [coop:adopt] erMoneyStreaks host entries=1 -> restored (#837/#348)
[log] [coop:adopt] biomeOverstayAnchor host=null -> restored (#837/#504)
[log] [coop:adopt] erBiomeStructure host length=22 startWave=111 -> restored (#841 item 5)
[log] [coop:adopt] erRelicBattleState host wave=114 -> restored (#837)
[log] [coop:adopt] erMapState host nodes=2 travelTarget=- fragments=0 -> restored (#865/#841 item 1)
[log] [coop:adopt] erPendingNodes host count=5 revealed=2 -> restored (#865)
[log] [coop:resync] guest apply authoritativeState tick=1071 wave=114 turn=1 party=6/6 field=4
[log] [coop:resync] presentation settle boundary=resync-stable side=player desired=visible ids=[1582731684] changed=0 phase=CoopFinalizeTurnPhase
[log] [coop:resync] presentation settle boundary=wave-start-pre-intro side=enemy desired=visible ids=[] changed=0 phase=CoopFinalizeTurnPhase
[warn] [coop:heal] heldItems monId=1582731684 bi=0 removed=[LEFTOVERS] added=[LEFTOVERS] -> applied
[warn] [coop:heal] heldItems bi=0 host=[LEFTOVERS] -> applied (rewrote to host set)
[warn] [coop:heal] heldItems monId=3868264 bi=2 removed=[BASE_STAT_BOOSTER] added=[BASE_STAT_BOOSTER] -> applied
[warn] [coop:heal] heldItems bi=2 host=[BASE_STAT_BOOSTER] -> applied (rewrote to host set)
[warn] [coop:heal] heldItems monId=2678958309 bi=3 removed=[BASE_STAT_BOOSTER,BASE_STAT_BOOSTER] added=[BASE_STAT_BOOSTER,BASE_STAT_BOOSTER] -> applied
[warn] [coop:heal] heldItems bi=3 host=[BASE_STAT_BOOSTER,BASE_STAT_BOOSTER] -> applied (rewrote to host set)
[log] [coop:interaction] interactionCounter() read -> 134 (role=guest)
[log] [coop:checksum] capture digest=eb67beb06db9b081 field=4 biome=6 seed=coop-soak-20260725 weather=2 terrain=4 money=37940 party=[890,150,493,384,382,888] partyLevels=[500,500,500,500,500,500] arenaTags=0 modifiers=8 heldItemsDigest=1 pokeballs=[0:99,1:15,2:10,3:0,4:0] mons=[bi0:sp890/hp2065-2065/st0/ab5258/form0/tera0:3/boss0:0 bi1:sp150/hp0-1725/st7/ab227/form0/tera0:13/boss0:0 bi2:sp186/hp0-356/st7/ab114/form0/tera0:10/boss0:0 bi3:sp10015/hp0-308/st7/ab153/form0/tera0:7/boss0:0]
[log] [coop:transport] send guest t=turnCommitAck e=1827802517509761 wave=114 turn=1 rev=1071 stage=materialApplied checksum=eb67beb06db9b081
[log] [coop:stream] guest ACK turn stage=materialApplied e=1827802517509761 wave=114 turn=1 rev=1071
[log] [coop:checksum] guest finalize materialApplied e=1827802517509761 wave=114 turn=1 rev=1071
[log] [coop:transport] recv host t=turnCommitAck e=1827802517509761 wave=114 turn=1 rev=1071 stage=materialApplied checksum=eb67beb06db9b081 handlers=1
[log] [coop:stream] host ACCEPT turn ACK stage=materialApplied key=1827802517509761:114:1:1071
[log] [coop:transport] send guest t=turnCommitAck e=1827802517509761 wave=114 turn=1 rev=1071 stage=presentationReady checksum=eb67beb06db9b081
[log] [coop:stream] guest ACK turn stage=presentationReady e=1827802517509761 wave=114 turn=1 rev=1071
[log] [coop:checksum] guest finalize presentationReady e=1827802517509761 wave=114 turn=1 rev=1071
[log] [coop:replay] guest finalize turn=1: END (checkpoint applied, turn-end queued)
[log] [coop:transport] recv host t=turnCommitAck e=1827802517509761 wave=114 turn=1 rev=1071 stage=presentationReady checksum=eb67beb06db9b081 handlers=1
[log] [coop:stream] host ACCEPT turn ACK stage=presentationReady key=1827802517509761:114:1:1071
[log] [coop:relay] SEND interactionChoice seq=90001 kind=switch kind=? choice=3 data=[0,384,1827802517509761,11400001003114,0,31]
[log] [coop:transport] send guest t=interactionChoice seq=90001 kind=switch choice=3
[log] [coop:transport] send guest t=requestTurnCommit e=1827802517509761 wave=114 turn=1 rev=1071
[log] [coop:relay] SEND interactionChoice seq=90001 kind=switch kind=? choice=3 data=[0,384,1827802517509761,11400001003114,0,31]
[log] [coop:transport] send guest t=interactionChoice seq=90001 kind=switch choice=3
[log] [coop:relay] SEND interactionChoice seq=90001 kind=switch kind=? choice=3 data=[0,384,1827802517509761,11400001003114,0,31]
[log] [coop:transport] send guest t=interactionChoice seq=90001 kind=switch choice=3
[log] [coop:transport] send guest t=requestTurnCommit e=1827802517509761 wave=114 turn=1 rev=1071
[log] [coop:relay] SEND interactionChoice seq=90001 kind=switch kind=? choice=3 data=[0,384,1827802517509761,11400001003114,0,31]
[log] [coop:transport] send guest t=interactionChoice seq=90001 kind=switch choice=3
[log] [coop:relay] SEND interactionChoice seq=90001 kind=switch kind=? choice=3 data=[0,384,1827802517509761,11400001003114,0,31]
[log] [coop:transport] send guest t=interactionChoice seq=90001 kind=switch choice=3
[log] [coop:transport] send guest t=requestTurnCommit e=1827802517509761 wave=114 turn=1 rev=1071
[log] [coop:relay] SEND interactionChoice seq=90001 kind=switch kind=? choice=3 data=[0,384,1827802517509761,11400001003114,0,31]
[log] [coop:transport] send guest t=interactionChoice seq=90001 kind=switch choice=3
[log] [coop:relay] SEND interactionChoice seq=90001 kind=switch kind=? choice=3 data=[0,384,1827802517509761,11400001003114,0,31]
[log] [coop:transport] send guest t=interactionChoice seq=90001 kind=switch choice=3
[log] [coop:transport] send guest t=requestTurnCommit e=1827802517509761 wave=114 turn=1 rev=1071
[log] [coop:relay] SEND interactionChoice seq=90001 kind=switch kind=? choice=3 data=[0,384,1827802517509761,11400001003114,0,31]
[log] [coop:transport] send guest t=interactionChoice seq=90001 kind=switch choice=3
[log] [coop:relay] SEND interactionChoice seq=90001 kind=switch kind=? choice=3 data=[0,384,1827802517509761,11400001003114,0,31]
[log] [coop:transport] send guest t=interactionChoice seq=90001 kind=switch choice=3
[log] [coop:transport] send guest t=requestTurnCommit e=1827802517509761 wave=114 turn=1 rev=1071
[log] [coop:relay] SEND interactionChoice seq=90001 kind=switch kind=? choice=3 data=[0,384,1827802517509761,11400001003114,0,31]
[log] [coop:transport] send guest t=interactionChoice seq=90001 kind=switch choice=3
[log] [coop:relay] SEND interactionChoice seq=90001 kind=switch kind=? choice=3 data=[0,384,1827802517509761,11400001003114,0,31]
[log] [coop:transport] send guest t=interactionChoice seq=90001 kind=switch choice=3
[log] [coop:transport] send guest t=requestTurnCommit e=1827802517509761 wave=114 turn=1 rev=1071
[log] [coop:relay] SEND interactionChoice seq=90001 kind=switch kind=? choice=3 data=[0,384,1827802517509761,11400001003114,0,31]
[log] [coop:transport] send guest t=interactionChoice seq=90001 kind=switch choice=3
[log] [coop:relay] SEND interactionChoice seq=90001 kind=switch kind=? choice=3 data=[0,384,1827802517509761,11400001003114,0,31]
[log] [coop:transport] send guest t=interactionChoice seq=90001 kind=switch choice=3
[log] [coop:transport] send guest t=requestTurnCommit e=1827802517509761 wave=114 turn=1 rev=1071
[log] [coop:relay] SEND interactionChoice seq=90001 kind=switch kind=? choice=3 data=[0,384,1827802517509761,11400001003114,0,31]
[log] [coop:transport] send guest t=interactionChoice seq=90001 kind=switch choice=3
[log] [coop:relay] SEND interactionChoice seq=90001 kind=switch kind=? choice=3 data=[0,384,1827802517509761,11400001003114,0,31]
[log] [coop:transport] send guest t=interactionChoice seq=90001 kind=switch choice=3
[log] [coop:transport] send guest t=requestTurnCommit e=1827802517509761 wave=114 turn=1 rev=1071
[log] [coop:relay] SEND interactionChoice seq=90001 kind=switch kind=? choice=3 data=[0,384,1827802517509761,11400001003114,0,31]
[log] [coop:transport] send guest t=interactionChoice seq=90001 kind=switch choice=3
[log] [coop:relay] SEND interactionChoice seq=90001 kind=switch kind=? choice=3 data=[0,384,1827802517509761,11400001003114,0,31]
[log] [coop:transport] send guest t=interactionChoice seq=90001 kind=switch choice=3
[log] [coop:transport] send guest t=requestTurnCommit e=1827802517509761 wave=114 turn=1 rev=1071
[log] [coop:relay] SEND interactionChoice seq=90001 kind=switch kind=? choice=3 data=[0,384,1827802517509761,11400001003114,0,31]
[log] [coop:transport] send guest t=interactionChoice seq=90001 kind=switch choice=3
[log] [coop:relay] SEND interactionChoice seq=90001 kind=switch kind=? choice=3 data=[0,384,1827802517509761,11400001003114,0,31]
[log] [coop:transport] send guest t=interactionChoice seq=90001 kind=switch choice=3
[log] [coop:transport] send guest t=requestTurnCommit e=1827802517509761 wave=114 turn=1 rev=1071
[log] [coop:relay] SEND interactionChoice seq=90001 kind=switch kind=? choice=3 data=[0,384,1827802517509761,11400001003114,0,31]
[log] [coop:transport] send guest t=interactionChoice seq=90001 kind=switch choice=3