----- BUG REPORT (in-game) -----
version:  1.11.19
build:    github:69c32b4bcac346704166fc9e0fd0c05c836352a0:run-30096000311.1
url:      https://elite-redux.pages.dev/
ua:       Mozilla/5.0 (Windows NT 10.0; Win64; x64) AppleWebKit/537.36 (KHTML, like Gecko) Chrome/150.0.0.0 Safari/537.36
platform: Win32
screen:   1967x1106 @1.3020833730697632x  devmem:32 GB
boot:     boot-start@0ms -> loading-complete@5774ms -> title-shown@7937ms
lastSess: ok (reached title)
mode:     0  wave:27  difficulty:youngster
seed:     Kl7DSv4eAgdf41bxJwKHamhg
party:    Electabuzz(L23 46/61), Mawile(L21 65/65), Metang(L21 56/62), Snubbull(L22 65/65), Shelgon(L24 66/66), Koffing(L22 52/52)

----- DESCRIPTION -----
Electabuzz evolved before battle and is appearing all red.

----- BUILD IDENTITY (JSON) -----
{"version":1,"id":"github:69c32b4bcac346704166fc9e0fd0c05c836352a0:run-30096000311.1","source":"github","sha":"69c32b4bcac346704166fc9e0fd0c05c836352a0","workflow":{"provider":"github-actions","runId":"30096000311","runAttempt":1,"workflow":"Deploy Production","job":"deploy","repository":"Heraklines/elite-redux","ref":"feat/elite-redux-port"},"deployment":null}

----- CONSOLE -----
[07:42:01.975] LOG: %c %c %c %c %c Phaser v3.90.0 (WebGL | Web Audio) %c https://phaser.io/v390 background: #ff0000 background: #ffff00 background: #00ff00 background: #00ffff color: #ffffff; background: #000000 background: transparent
[07:42:02.364] LOG: [ER] build {"version":1,"id":"github:69c32b4bcac346704166fc9e0fd0c05c836352a0:run-30096000311.1","source":"github","sha":"69c32b4bcac346704166fc9e0fd0c05c836352a0","workflow":{"provider":"github-actions","runId":"30096000311","runAttempt":1,"workflow":"Deploy Production","job":"deploy","repository":"Heraklines/elite-redux","ref":"feat/elite-redux-port"},"deployment":null}
[07:42:07.068] DEBUG: Destroying loading scene
[07:42:07.069] DEBUG: Destroyed loading scene
[07:42:07.150] LOG: Seed: vg8X4qxmvc0QK7EK5PhhEpXW
[07:42:07.150] LOG: Wave Seed: vg8X4qxmvc0QK7EK5PhhEpXW 0
[07:42:08.478] LOG: %cStart Phase LoginPhase color:green;
[07:42:08.823] LOG: Client Session: KrhzCtH0jVIb4bxoZrBO94BgvDepr1lx
[07:42:09.161] DEBUG: Using cached system data
[07:42:09.225] LOG: %cStart Phase TitlePhase color:green;
[07:42:09.227] LOG: use seasonal splash messages true
[07:42:10.573] LOG: Getting Session Slot id: %d 0
[07:42:10.577] LOG: Getting Session Slot id: %d 1
[07:42:10.577] LOG: Getting Session Slot id: %d 2
[07:42:10.578] LOG: Getting Session Slot id: %d 3
[07:42:10.578] LOG: Getting Session Slot id: %d 4
[07:42:10.769] ERROR: Session read failed (missing).
[07:42:10.772] ERROR: Session read failed (missing).
[07:42:10.779] ERROR: Session read failed (missing).
[07:42:10.780] ERROR: Session read failed (missing).
[07:42:13.059] LOG: Getting Session Slot id: %d 0
[07:42:13.305] LOG: Wave Seed: Kl7DSv4eAgdf41bxJwKHamhg 0
[07:42:13.305] LOG: Seed: Kl7DSv4eAgdf41bxJwKHamhg
[07:42:13.306] LOG: Wave Seed: bN[jK|X~{}KHyab_x~ 23
[07:42:13.511] LOG: %cStart Phase EncounterPhase color:green;
[07:42:13.801] LOG: Wave Seed: bN[jK|X~{}KHyab_x~ 23
[07:42:15.631] LOG: %cStart Phase MysteryEncounterPhase color:green;
[07:42:48.657] LOG: %cStart Phase MysteryEncounterOptionSelectedPhase color:green;
[07:43:02.390] LOG: [coop:account] account-write scope OPEN (me-grant) depth=1
[07:43:02.730] LOG: %cStart Phase MysteryEncounterRewardsPhase color:green;
[07:43:02.730] LOG: %cStart Phase SelectModifierPhase color:green;
[07:43:02.730] LOG: Wave Seed: bN[jK|X~{}KHyab_x~ 23
[07:43:55.172] LOG: %cStart Phase EggLapsePhase color:green;
[07:43:55.172] LOG: %cStart Phase MessagePhase color:green;
[07:43:55.705] LOG: %cStart Phase EggHatchPhase color:green;
[07:44:04.535] LOG: %cStart Phase PostMysteryEncounterPhase color:green;
[07:44:04.536] LOG: %cStart Phase NewBattlePhase color:green;
[07:44:04.536] LOG: Wave Seed: cO\kL}Y|~LIzbc`y 24
[07:44:04.536] LOG: Starting trainer pool tier: COMMON
[07:44:04.539] WARN: [er-custom-trainers] skipped TRAINER_70022: unknown trainerClass "WIELDER"
[07:44:04.539] WARN: [er-custom-trainers] skipped TRAINER_70023: unknown trainerClass "WIELDER"
[07:44:04.539] LOG: %cStart Phase NextEncounterPhase color:green;
[07:44:04.540] LOG: COMMON
[07:44:04.540] LOG: Kirlia
[07:44:04.546] LOG: Pokemon: Foe Kirlia | Species ID: 281 | Level: 20 | Nature: Adamant (+Atk/-SpAtk)
[07:44:04.546] LOG: Stats (IVs): HP: 55 (23), Atk: 30 (17), Def: 26 (3), Spatk: 35 (29), Spdef: 32 (17), Spd: 29 (18)
[07:44:04.547] LOG: Ability: Telepathy | Passive Ability: Anticipation 
[07:44:04.547] LOG: Moveset: ["Captivate","Wish","Lucky Chant","Growl"]
[07:44:04.547] LOG: COMMON
[07:44:04.547] LOG: Dustox
[07:44:04.553] LOG: Pokemon: Foe Dustox | Species ID: 269 | Level: 20 | Nature: Mild (+SpAtk/-Def)
[07:44:04.553] LOG: Stats (IVs): HP: 68 (20), Atk: 17 (12), Def: 43 (14), Spatk: 42 (4), Spdef: 49 (15), Spd: 33 (9)
[07:44:04.553] LOG: Ability: Poison Touch | Passive Ability: Majestic Moth 
[07:44:04.553] LOG: Moveset: ["Silver Wind","Venoshock","Moonlight","Iron Defense"]
[07:44:05.280] LOG: Battle Seed: Em3ZfQvIAqMv6blJ
[07:44:05.280] LOG: Generated AI funcs
[07:44:05.479] DEBUG: Session data saved to slot 0!
[07:44:05.480] LOG: Wave Seed: cO\kL}Y|~LIzbc`y 24
[07:44:06.152] LOG: School Kid Dudley
[07:44:07.680] LOG: Dialogue saved as seen: dialogue:schoolKid.encounter.1
[07:44:07.778] LOG: School Kid Dudley
[07:44:09.647] LOG: %cStart Phase SummonPhase color:green;
[07:44:09.647] LOG: Dudley
[07:44:10.472] LOG: %cStart Phase SummonPhase color:green;
[07:44:11.375] LOG: %cStart Phase ToggleDoublePositionPhase color:green;
[07:44:11.376] LOG: %cStart Phase InitEncounterPhase color:green;
[07:44:11.377] LOG: %cStart Phase PostSummonPhase color:green;
[07:44:11.377] LOG: Ran PSP for: Elekid
[07:44:11.377] LOG: %cStart Phase PostSummonPhase color:green;
[07:44:11.377] LOG: %cStart Phase PostSummonPhase color:green;
[07:44:11.377] LOG: Ran PSP for: Kirlia
[07:44:11.378] LOG: %cStart Phase PostSummonPhase color:green;
[07:44:11.378] LOG: %cStart Phase ShowAbilityPhase color:green;
[07:44:11.890] LOG: %cStart Phase MessagePhase color:green;
[07:44:12.549] LOG: %cStart Phase HideAbilityPhase color:green;
[07:44:12.619] LOG: %cStart Phase PostSummonPhase color:green;
[07:44:12.619] LOG: %cStart Phase ShowAbilityPhase color:green;
[07:44:13.133] LOG: %cStart Phase MessagePhase color:green;
[07:44:13.792] LOG: %cStart Phase HideAbilityPhase color:green;
[07:44:13.862] LOG: %cStart Phase TurnInitPhase color:green;
[07:44:13.863] LOG: %cStart Phase CommandPhase color:green;
[07:44:14.575] LOG: crit stage: +0
[07:44:15.040] LOG: crit stage: +0
[07:44:19.861] LOG: Seed: ga5HYIeJ2B2x1D4RImkYFs07
[07:44:19.861] LOG: Wave Seed: ga5HYIeJ2B2x1D4RImkYFs07 0
[07:44:19.862] LOG: Getting Session Slot id: %d 0
[07:44:19.883] LOG: Wave Seed: Kl7DSv4eAgdf41bxJwKHamhg 0
[07:44:19.883] LOG: Seed: Kl7DSv4eAgdf41bxJwKHamhg
[07:44:19.883] LOG: Wave Seed: cO\kL}Y|~LIzbc`y 24
[07:44:19.887] LOG: %cStart Phase EncounterPhase color:green;
[07:44:19.888] LOG: Pokemon: Foe Kirlia | Species ID: 281 | Level: 20 | Nature: Adamant (+Atk/-SpAtk)
[07:44:19.888] LOG: Stats (IVs): HP: 53 (23), Atk: 32 (17), Def: 21 (3), Spatk: 36 (29), Spdef: 30 (17), Spd: 32 (18)
[07:44:19.888] LOG: Ability: Telepathy | Passive Ability: Anticipation 
[07:44:19.888] LOG: Moveset: ["Captivate","Wish","Lucky Chant","Growl"]
[07:44:19.888] LOG: Pokemon: Foe Dustox | Species ID: 269 | Level: 20 | Nature: Mild (+SpAtk/-Def)
[07:44:19.888] LOG: Stats (IVs): HP: 68 (20), Atk: 19 (12), Def: 42 (14), Spatk: 37 (4), Spdef: 48 (15), Spd: 32 (9)
[07:44:19.888] LOG: Ability: Poison Touch | Passive Ability: Majestic Moth 
[07:44:19.888] LOG: Moveset: ["Silver Wind","Venoshock","Moonlight","Iron Defense"]
[07:44:19.909] LOG: Generated AI funcs
[07:44:19.910] LOG: Wave Seed: cO\kL}Y|~LIzbc`y 24
[07:44:20.585] LOG: School Kid Dudley
[07:44:20.585] LOG: Dialogue dialogue:schoolKid.encounter.1 skipped
[07:44:20.684] LOG: School Kid Dudley
[07:44:26.143] LOG: %cStart Phase SummonPhase color:green;
[07:44:26.143] LOG: Dudley
[07:44:26.968] LOG: %cStart Phase SummonPhase color:green;
[07:44:27.871] LOG: %cStart Phase InitEncounterPhase color:green;
[07:44:27.872] LOG: %cStart Phase PostSummonPhase color:green;
[07:44:27.872] LOG: Ran PSP for: Elekid
[07:44:27.873] LOG: %cStart Phase PostSummonPhase color:green;
[07:44:27.873] LOG: %cStart Phase PostSummonPhase color:green;
[07:44:27.873] LOG: Ran PSP for: Kirlia
[07:44:27.873] LOG: %cStart Phase PostSummonPhase color:green;
[07:44:27.873] LOG: %cStart Phase ShowAbilityPhase color:green;
[07:44:28.386] LOG: %cStart Phase MessagePhase color:green;
[07:44:29.045] LOG: %cStart Phase HideAbilityPhase color:green;
[07:44:29.115] LOG: %cStart Phase PostSummonPhase color:green;
[07:44:29.116] LOG: %cStart Phase ShowAbilityPhase color:green;
[07:44:29.629] LOG: %cStart Phase MessagePhase color:green;
[07:44:30.289] LOG: %cStart Phase HideAbilityPhase color:green;
[07:44:30.359] LOG: %cStart Phase TurnInitPhase color:green;
[07:44:30.359] LOG: %cStart Phase CommandPhase color:green;
[07:44:30.715] LOG: crit stage: +0
[07:44:31.132] LOG: crit stage: +0
[07:44:33.646] LOG: crit stage: +0
[07:44:34.022] LOG: crit stage: +0
[07:44:45.209] LOG: Move: THUNDER_PUNCH Move targets: {"targets":[2],"multiple":false} 
Player Pokemon: Elekid
[07:44:45.210] LOG: %cStart Phase EnemyCommandPhase color:green;
[07:44:45.214] LOG: Battle Seed: Em3ZfQvIAqMv6blJ
[07:44:45.214] LOG: Move Pool: ["Captivate","Wish","Lucky Chant","Growl"]
[07:44:45.214] LOG: Move Scores: [0,0,0,2]
[07:44:45.214] LOG: Sorted Move Pool: ["Growl","Captivate","Wish","Lucky Chant"]
[07:44:45.214] LOG: Chosen Move: Growl
[07:44:45.214] LOG: %cStart Phase TurnStartPhase color:green;
[07:44:45.217] LOG: %cStart Phase MovePhase color:green;
[07:44:45.217] LOG: %cUser: Elekid
Move: THUNDER_PUNCH
Use Mode: NORMAL color:orchid
[07:44:45.218] LOG: %cStart Phase MessagePhase color:green;
[07:44:45.576] LOG: %cStart Phase MoveEffectPhase color:green;
[07:44:46.313] LOG: crit stage: +0
[07:44:46.314] LOG: Move: Thunder Punch | Base damage: 27.783333333333335 | Power: 77.35 | Source attack: 35 | Target defense: 21
[07:44:46.315] LOG: Move: Thunder Punch | Attack damage: 40
[07:44:46.316] LOG: %cStart Phase DamageAnimPhase color:green;
[07:44:46.328] LOG: %cStart Phase ObtainStatusEffectPhase color:green;
[07:44:46.765] LOG: %cStart Phase MessagePhase color:green;
[07:44:47.632] LOG: %cStart Phase MoveEndPhase color:green;
[07:44:47.633] LOG: %cStart Phase MovePhase color:green;
[07:44:47.633] LOG: %cUser: Kirlia
Move: GROWL
Use Mode: NORMAL color:orchid
[07:44:47.635] LOG: %cStart Phase MessagePhase color:green;
[07:44:47.973] LOG: %cStart Phase MoveEffectPhase color:green;
[07:44:48.362] LOG: crit stage: +0
[07:44:48.363] LOG: Move: Growl | Base damage: 16.89655172413793 | Power: 60 | Source attack: 36 | Target defense: 29
[07:44:48.364] LOG: Move: Growl | Attack damage: 16
[07:44:48.365] LOG: %cStart Phase DamageAnimPhase color:green;
[07:44:48.377] LOG: %cStart Phase StatStageChangePhase color:green;
[07:44:48.967] LOG: %cStart Phase MessagePhase color:green;
[07:44:49.626] LOG: %cStart Phase MoveEndPhase color:green;
[07:44:49.626] LOG: %cStart Phase CheckInterludePhase color:green;
[07:44:49.626] LOG: %cStart Phase WeatherEffectPhase color:green;
[07:44:49.626] LOG: %cStart Phase PositionalTagPhase color:green;
[07:44:49.626] LOG: %cStart Phase BerryPhase color:green;
[07:44:49.627] LOG: %cStart Phase CheckStatusEffectPhase color:green;
[07:44:49.627] LOG: %cStart Phase TurnEndPhase color:green;
[07:44:49.629] LOG: %cStart Phase PokemonHealPhase color:green;
[07:44:49.913] LOG: %cStart Phase MessagePhase color:green;
[07:44:50.598] LOG: %cStart Phase PokemonHealPhase color:green;
[07:44:50.885] LOG: %cStart Phase MessagePhase color:green;
[07:44:51.599] LOG: %cStart Phase TurnInitPhase color:green;
[07:44:51.599] LOG: %cStart Phase CommandPhase color:green;
[07:44:52.780] LOG: Move: THUNDER_PUNCH Move targets: {"targets":[2],"multiple":false} 
Player Pokemon: Elekid
[07:44:52.781] LOG: %cStart Phase EnemyCommandPhase color:green;
[07:44:52.783] LOG: %cStart Phase TurnStartPhase color:green;
[07:44:52.784] LOG: %cStart Phase SwitchSummonPhase color:green;
[07:44:52.784] LOG: Dudley
[07:44:53.620] LOG: Dudley
[07:44:54.274] LOG: %cStart Phase PostSummonPhase color:green;
[07:44:54.274] LOG: Ran PSP for: Dustox
[07:44:54.274] LOG: %cStart Phase PostSummonPhase color:green;
[07:44:54.274] LOG: %cStart Phase ShowAbilityPhase color:green;
[07:44:54.780] LOG: %cStart Phase StatStageChangePhase color:green;
[07:44:55.371] LOG: %cStart Phase MessagePhase color:green;
[07:44:56.065] LOG: %cStart Phase HideAbilityPhase color:green;
[07:44:56.135] LOG: %cStart Phase MovePhase color:green;
[07:44:56.135] LOG: %cUser: Elekid
Move: THUNDER_PUNCH
Use Mode: NORMAL color:orchid
[07:44:56.136] LOG: %cStart Phase MessagePhase color:green;
[07:44:56.502] LOG: %cStart Phase MoveEffectPhase color:green;
[07:44:56.503] LOG: Battle Seed: Em3ZfQvIAqMv6blJ
[07:44:57.239] LOG: crit stage: +0
[07:44:57.240] LOG: Move: Thunder Punch | Base damage: 12.589583333333332 | Power: 96.6875 | Source attack: 23 | Target defense: 42
[07:44:57.241] LOG: Move: Thunder Punch | Attack damage: 18
[07:44:57.241] LOG: %cStart Phase DamageAnimPhase color:green;
[07:44:57.253] LOG: %cStart Phase MoveEndPhase color:green;
[07:44:57.253] LOG: %cStart Phase CheckInterludePhase color:green;
[07:44:57.253] LOG: %cStart Phase WeatherEffectPhase color:green;
[07:44:57.253] LOG: %cStart Phase PositionalTagPhase color:green;
[07:44:57.253] LOG: %cStart Phase BerryPhase color:green;
[07:44:57.254] LOG: %cStart Phase CheckStatusEffectPhase color:green;
[07:44:57.254] LOG: %cStart Phase TurnEndPhase color:green;
[07:44:57.255] LOG: %cStart Phase PokemonHealPhase color:green;
[07:44:57.546] LOG: %cStart Phase MessagePhase color:green;
[07:44:58.232] LOG: %cStart Phase PokemonHealPhase color:green;
[07:44:58.518] LOG: %cStart Phase MessagePhase color:green;
[07:44:59.232] LOG: %cStart Phase TurnInitPhase color:green;
[07:44:59.232] LOG: %cStart Phase CommandPhase color:green;
[07:45:01.573] LOG: Move: FIRE_LASH Move targets: {"targets":[2],"multiple":false} 
Player Pokemon: Elekid
[07:45:01.574] LOG: %cStart Phase EnemyCommandPhase color:green;
[07:45:01.578] LOG: Battle Seed: Em3ZfQvIAqMv6blJ
[07:45:01.578] WARN: BattlerTag KINGS_SHIELD is missing a score!
[07:45:01.579] WARN: BattlerTag KINGS_SHIELD is missing a score!
[07:45:01.579] LOG: Move Pool: ["Silver Wind","Venoshock","Moonlight","Iron Defense"]
[07:45:01.579] LOG: Move Scores: [27,19.5,-1,6]
[07:45:01.579] LOG: Sorted Move Pool: ["Silver Wind","Venoshock","Iron Defense","Moonlight"]
[07:45:01.579] LOG: Chosen Move: Silver Wind
[07:45:01.580] LOG: %cStart Phase TurnStartPhase color:green;
[07:45:01.581] LOG: %cStart Phase MovePhase color:green;
[07:45:01.581] LOG: %cUser: Elekid
Move: FIRE_LASH
Use Mode: NORMAL color:orchid
[07:45:01.582] LOG: %cStart Phase MessagePhase color:green;
[07:45:01.913] LOG: %cStart Phase MoveEffectPhase color:green;
[07:45:02.400] LOG: crit stage: +0
[07:45:02.401] LOG: Move: Fire Lash | Base damage: 10.761904761904761 | Power: 80 | Source attack: 23 | Target defense: 42
[07:45:02.401] LOG: Move: Fire Lash | Attack damage: 21
[07:45:02.402] LOG: %cStart Phase DamageAnimPhase color:green;
[07:45:02.414] LOG: %cStart Phase MessagePhase color:green;
[07:45:03.073] LOG: %cStart Phase MoveEndPhase color:green;
[07:45:03.073] LOG: %cStart Phase MovePhase color:green;
[07:45:03.073] LOG: %cUser: Dustox
Move: SILVER_WIND
Use Mode: NORMAL color:orchid
[07:45:03.075] LOG: %cStart Phase MessagePhase color:green;
[07:45:03.455] LOG: %cStart Phase MoveEffectPhase color:green;
[07:45:03.476] WARN: Texture "%s" has no frame "%s" PRAS- Silver Wind 1
[07:45:03.511] WARN: Texture "%s" has no frame "%s" PRAS- Silver Wind 1
[07:45:03.559] WARN: Texture "%s" has no frame "%s" PRAS- Silver Wind 1
[07:45:03.594] WARN: Texture "%s" has no frame "%s" PRAS- Silver Wind 1
[07:45:03.629] WARN: Texture "%s" has no frame "%s" PRAS- Silver Wind 1
[07:45:03.677] WARN: Texture "%s" has no frame "%s" PRAS- Silver Wind 1
[07:45:03.698] WARN: Texture "%s" has no frame "%s" PRAS- Silver Wind 1
[07:45:03.747] WARN: Texture "%s" has no frame "%s" PRAS- Silver Wind 1
[07:45:03.803] WARN: Texture "%s" has no frame "%s" PRAS- Silver Wind 1
[07:45:04.470] LOG: crit stage: +0
[07:45:04.471] LOG: Move: Silver Wind | Base damage: 17.310344827586206 | Power: 60 | Source attack: 37 | Target defense: 29
[07:45:04.471] LOG: Move: Silver Wind | Attack damage: 36
[07:45:04.472] LOG: %cStart Phase DamageAnimPhase color:green;
[07:45:04.484] LOG: %cStart Phase MessagePhase color:green;
[07:45:05.101] LOG: %cStart Phase FaintPhase color:green;
[07:45:06.067] LOG: %cStart Phase MessagePhase color:green;
[07:45:06.289] LOG: %cStart Phase MoveEndPhase color:green;
[07:45:06.290] LOG: %cStart Phase CheckInterludePhase color:green;
[07:45:06.290] LOG: %cStart Phase WeatherEffectPhase color:green;
[07:45:06.290] LOG: %cStart Phase PositionalTagPhase color:green;
[07:45:06.290] LOG: %cStart Phase BerryPhase color:green;
[07:45:06.290] LOG: %cStart Phase CheckStatusEffectPhase color:green;
[07:45:06.290] LOG: %cStart Phase TurnEndPhase color:green;
[07:45:06.290] LOG: %cStart Phase PokemonHealPhase color:green;
[07:45:06.582] LOG: %cStart Phase MessagePhase color:green;
[07:45:07.296] LOG: %cStart Phase SwitchPhase color:green;
[07:45:11.001] LOG: %cStart Phase SwitchSummonPhase color:green;
[07:45:11.659] LOG: %cStart Phase PostSummonPhase color:green;
[07:45:11.659] LOG: Ran PSP for: Metang
[07:45:11.660] LOG: %cStart Phase PostSummonPhase color:green;
[07:45:11.660] LOG: %cStart Phase ShowAbilityPhase color:green;
[07:45:12.173] LOG: %cStart Phase StatStageChangePhase color:green;
[07:45:12.764] LOG: %cStart Phase MessagePhase color:green;
[07:45:13.423] LOG: %cStart Phase HideAbilityPhase color:green;
[07:45:13.493] LOG: %cStart Phase TurnInitPhase color:green;
[07:45:13.493] LOG: %cStart Phase CommandPhase color:green;
[07:45:18.785] LOG: Move: STEEL_ROLLER Move targets: {"targets":[2],"multiple":false} 
Player Pokemon: Metang
[07:45:18.786] LOG: %cStart Phase EnemyCommandPhase color:green;
[07:45:18.790] LOG: Battle Seed: Em3ZfQvIAqMv6blJ
[07:45:18.791] WARN: BattlerTag KINGS_SHIELD is missing a score!
[07:45:18.793] WARN: BattlerTag KINGS_SHIELD is missing a score!
[07:45:18.793] LOG: Move Pool: ["Silver Wind","Venoshock","Moonlight","Iron Defense"]
[07:45:18.793] LOG: Move Scores: [27,-20,6,6]
[07:45:18.793] LOG: Sorted Move Pool: ["Silver Wind","Moonlight","Iron Defense","Venoshock"]
[07:45:18.793] LOG: Chosen Move: Silver Wind
[07:45:18.793] LOG: %cStart Phase TurnStartPhase color:green;
[07:45:18.794] LOG: %cStart Phase MovePhase color:green;
[07:45:18.795] LOG: %cUser: Dustox
Move: SILVER_WIND
Use Mode: NORMAL color:orchid
[07:45:18.796] LOG: %cStart Phase MessagePhase color:green;
[07:45:19.167] LOG: %cStart Phase MoveEffectPhase color:green;
[07:45:19.188] WARN: Texture "%s" has no frame "%s" PRAS- Silver Wind 1
[07:45:19.222] WARN: Texture "%s" has no frame "%s" PRAS- Silver Wind 1
[07:45:19.271] WARN: Texture "%s" has no frame "%s" PRAS- Silver Wind 1
[07:45:19.306] WARN: Texture "%s" has no frame "%s" PRAS- Silver Wind 1
[07:45:19.340] WARN: Texture "%s" has no frame "%s" PRAS- Silver Wind 1
[07:45:19.389] WARN: Texture "%s" has no frame "%s" PRAS- Silver Wind 1
[07:45:19.410] WARN: Texture "%s" has no frame "%s" PRAS- Silver Wind 1
[07:45:19.459] WARN: Texture "%s" has no frame "%s" PRAS- Silver Wind 1
[07:45:19.514] WARN: Texture "%s" has no frame "%s" PRAS- Silver Wind 1
[07:45:20.182] LOG: crit stage: +0
[07:45:20.183] LOG: Move: Silver Wind | Base damage: 15.058823529411766 | Power: 60 | Source attack: 37 | Target defense: 34
[07:45:20.183] LOG: Move: Silver Wind | Attack damage: 20
[07:45:20.184] LOG: %cStart Phase DamageAnimPhase color:green;
[07:45:20.196] LOG: %cStart Phase MoveEndPhase color:green;
[07:45:20.196] LOG: %cStart Phase MovePhase color:green;
[07:45:20.196] LOG: %cUser: Metang
Move: STEEL_ROLLER
Use Mode: NORMAL color:orchid
[07:45:20.197] LOG: %cStart Phase MessagePhase color:green;
[07:45:20.556] LOG: %cStart Phase MoveEffectPhase color:green;
[07:45:20.577] WARN: Texture "%s" has no frame "%s" GEN8- Steel Roller 1
[07:45:21.056] WARN: Texture "%s" has no frame "%s" GEN8- Steel Roller 1
[07:45:21.627] LOG: crit stage: +0
[07:45:21.628] LOG: Move: Steel Roller | Base damage: 17.42095238095238 | Power: 80 | Source attack: 46 | Target defense: 42
[07:45:21.628] LOG: Move: Steel Roller | Attack damage: 22
[07:45:21.630] LOG: %cStart Phase DamageAnimPhase color:green;
[07:45:21.641] LOG: %cStart Phase MessagePhase color:green;
[07:45:22.452] LOG: %cStart Phase MoveEndPhase color:green;
[07:45:22.452] LOG: %cStart Phase CheckInterludePhase color:green;
[07:45:22.452] LOG: %cStart Phase WeatherEffectPhase color:green;
[07:45:22.452] LOG: %cStart Phase PositionalTagPhase color:green;
[07:45:22.452] LOG: %cStart Phase BerryPhase color:green;
[07:45:22.453] LOG: %cStart Phase CheckStatusEffectPhase color:green;
[07:45:22.453] LOG: %cStart Phase TurnEndPhase color:green;
[07:45:22.454] LOG: %cStart Phase TurnInitPhase color:green;
[07:45:22.454] LOG: %cStart Phase CommandPhase color:green;
[07:45:25.446] LOG: Move: STEEL_ROLLER Move targets: {"targets":[2],"multiple":false} 
Player Pokemon: Metang
[07:45:25.447] LOG: %cStart Phase EnemyCommandPhase color:green;
[07:45:25.451] LOG: Battle Seed: Em3ZfQvIAqMv6blJ
[07:45:25.452] WARN: BattlerTag KINGS_SHIELD is missing a score!
[07:45:25.453] WARN: BattlerTag KINGS_SHIELD is missing a score!
[07:45:25.453] LOG: Move Pool: ["Silver Wind","Venoshock","Moonlight","Iron Defense"]
[07:45:25.453] LOG: Move Scores: [27,-20,14,6]
[07:45:25.453] LOG: Sorted Move Pool: ["Silver Wind","Moonlight","Iron Defense","Venoshock"]
[07:45:25.453] LOG: Chosen Move: Moonlight
[07:45:25.453] LOG: %cStart Phase TurnStartPhase color:green;
[07:45:25.455] LOG: %cStart Phase MovePhase color:green;
[07:45:25.455] LOG: %cUser: Dustox
Move: MOONLIGHT
Use Mode: NORMAL color:orchid
[07:45:25.456] LOG: %cStart Phase MessagePhase color:green;
[07:45:25.814] LOG: %cStart Phase MoveEffectPhase color:green;
[07:45:25.835] WARN: Texture "%s" has no frame "%s" PRAS- Moonlight 1
[07:45:25.967] WARN: Texture "%s" has no frame "%s" PRAS- Moonlight 1
[07:45:25.967] WARN: Texture "%s" has no frame "%s" PRAS- Moonlight 1
[07:45:25.988] WARN: Texture "%s" has no frame "%s" PRAS- Moonlight 2
[07:45:25.988] WARN: Texture "%s" has no frame "%s" PRAS- Moonlight 1
[07:45:25.988] WARN: Texture "%s" has no frame "%s" PRAS- Moonlight 1
[07:45:26.002] WARN: Texture "%s" has no frame "%s" PRAS- Moonlight 3
[07:45:26.002] WARN: Texture "%s" has no frame "%s" PRAS- Moonlight 2
[07:45:26.002] WARN: Texture "%s" has no frame "%s" PRAS- Moonlight 1
[07:45:26.002] WARN: Texture "%s" has no frame "%s" PRAS- Moonlight 1
[07:45:26.002] WARN: Texture "%s" has no frame "%s" PRAS- Moonlight 1
[07:45:26.002] WARN: Texture "%s" has no frame "%s" PRAS- Moonlight 1
[07:45:26.022] WARN: Texture "%s" has no frame "%s" PRAS- Moonlight 4
[07:45:26.022] WARN: Texture "%s" has no frame "%s" PRAS- Moonlight 3
[07:45:26.022] WARN: Texture "%s" has no frame "%s" PRAS- Moonlight 2
[07:45:26.022] WARN: Texture "%s" has no frame "%s" PRAS- Moonlight 2
[07:45:26.036] WARN: Texture "%s" has no frame "%s" PRAS- Moonlight 5
[07:45:26.036] WARN: Texture "%s" has no frame "%s" PRAS- Moonlight 4
[07:45:26.036] WARN: Texture "%s" has no frame "%s" PRAS- Moonlight 3
[07:45:26.036] WARN: Texture "%s" has no frame "%s" PRAS- Moonlight 3
[07:45:26.057] WARN: Texture "%s" has no frame "%s" PRAS- Moonlight 1
[07:45:26.057] WARN: Texture "%s" has no frame "%s" PRAS- Moonlight 5
[07:45:26.057] WARN: Texture "%s" has no frame "%s" PRAS- Moonlight 4
[07:45:26.057] WARN: Texture "%s" has no frame "%s" PRAS- Moonlight 4
[07:45:26.057] WARN: Texture "%s" has no frame "%s" PRAS- Moonlight 1
[07:45:26.057] WARN: Texture "%s" has no frame "%s" PRAS- Moonlight 5
[07:45:26.071] WARN: Texture "%s" has no frame "%s" PRAS- Moonlight 2
[07:45:26.071] WARN: Texture "%s" has no frame "%s" PRAS- Moonlight 5
[07:45:26.071] WARN: Texture "%s" has no frame "%s" PRAS- Moonlight 5
[07:45:26.071] WARN: Texture "%s" has no frame "%s" PRAS- Moonlight 5
[07:45:26.092] WARN: Texture "%s" has no frame "%s" PRAS- Moonlight 3
[07:45:26.092] WARN: Texture "%s" has no frame "%s" PRAS- Moonlight 5
[07:45:26.092] WARN: Texture "%s" has no frame "%s" PRAS- Moonlight 5
[07:45:26.106] WARN: Texture "%s" has no frame "%s" PRAS- Moonlight 4
[07:45:26.106] WARN: Texture "%s" has no frame "%s" PRAS- Moonlight 5
[07:45:26.106] WARN: Texture "%s" has no frame "%s" PRAS- Moonlight 5
[07:45:26.120] WARN: Texture "%s" has no frame "%s" PRAS- Moonlight 5
[07:45:26.120] WARN: Texture "%s" has no frame "%s" PRAS- Moonlight 5
[07:45:26.120] WARN: Texture "%s" has no frame "%s" PRAS- Moonlight 5
[07:45:26.140] WARN: Texture "%s" has no frame "%s" PRAS- Moonlight 5
[07:45:26.141] WARN: Texture "%s" has no frame "%s" PRAS- Moonlight 5
[07:45:26.468] LOG: %cStart Phase PokemonHealPhase color:green;
[07:45:26.469] LOG: %cStart Phase MessagePhase color:green;
[07:45:27.196] LOG: %cStart Phase MoveEndPhase color:green;
[07:45:27.196] LOG: %cStart Phase MovePhase color:green;
[07:45:27.196] LOG: %cUser: Metang
Move: STEEL_ROLLER
Use Mode: NORMAL color:orchid
[07:45:27.198] LOG: %cStart Phase MessagePhase color:green;
[07:45:27.557] LOG: %cStart Phase MoveEffectPhase color:green;
[07:45:27.578] WARN: Texture "%s" has no frame "%s" GEN8- Steel Roller 1
[07:45:28.058] WARN: Texture "%s" has no frame "%s" GEN8- Steel Roller 1
[07:45:28.628] LOG: crit stage: +0
[07:45:28.629] LOG: Move: Steel Roller | Base damage: 17.42095238095238 | Power: 80 | Source attack: 46 | Target defense: 42
[07:45:28.630] LOG: Move: Steel Roller | Attack damage: 25
[07:45:28.630] LOG: %cStart Phase DamageAnimPhase color:green;
[07:45:28.642] LOG: %cStart Phase MoveEndPhase color:green;
[07:45:28.642] LOG: %cStart Phase CheckInterludePhase color:green;
[07:45:28.642] LOG: %cStart Phase WeatherEffectPhase color:green;
[07:45:28.642] LOG: %cStart Phase PositionalTagPhase color:green;
[07:45:28.642] LOG: %cStart Phase BerryPhase color:green;
[07:45:28.642] LOG: %cStart Phase CheckStatusEffectPhase color:green;
[07:45:28.643] LOG: %cStart Phase TurnEndPhase color:green;
[07:45:28.643] LOG: %cStart Phase TurnInitPhase color:green;
[07:45:28.643] LOG: %cStart Phase CommandPhase color:green;
[07:45:36.247] LOG: Move: SHARPEN Move targets: {"targets":[0],"multiple":false} 
Player Pokemon: Metang
[07:45:36.248] LOG: %cStart Phase EnemyCommandPhase color:green;
[07:45:36.252] LOG: Battle Seed: Em3ZfQvIAqMv6blJ
[07:45:36.252] WARN: BattlerTag KINGS_SHIELD is missing a score!
[07:45:36.254] WARN: BattlerTag KINGS_SHIELD is missing a score!
[07:45:36.254] LOG: Move Pool: ["Silver Wind","Venoshock","Moonlight","Iron Defense"]
[07:45:36.254] LOG: Move Scores: [27,-20,11,6]
[07:45:36.254] LOG: Sorted Move Pool: ["Silver Wind","Moonlight","Iron Defense","Venoshock"]
[07:45:36.254] LOG: Chosen Move: Silver Wind
[07:45:36.254] LOG: %cStart Phase TurnStartPhase color:green;
[07:45:36.256] LOG: %cStart Phase MovePhase color:green;
[07:45:36.256] LOG: %cUser: Dustox
Move: SILVER_WIND
Use Mode: NORMAL color:orchid
[07:45:36.257] LOG: %cStart Phase MessagePhase color:green;
[07:45:36.629] LOG: %cStart Phase MoveEffectPhase color:green;
[07:45:36.650] WARN: Texture "%s" has no frame "%s" PRAS- Silver Wind 1
[07:45:36.684] WARN: Texture "%s" has no frame "%s" PRAS- Silver Wind 1
[07:45:36.733] WARN: Texture "%s" has no frame "%s" PRAS- Silver Wind 1
[07:45:36.768] WARN: Texture "%s" has no frame "%s" PRAS- Silver Wind 1
[07:45:36.802] WARN: Texture "%s" has no frame "%s" PRAS- Silver Wind 1
[07:45:36.851] WARN: Texture "%s" has no frame "%s" PRAS- Silver Wind 1
[07:45:36.872] WARN: Texture "%s" has no frame "%s" PRAS- Silver Wind 1
[07:45:36.921] WARN: Texture "%s" has no frame "%s" PRAS- Silver Wind 1
[07:45:36.976] WARN: Texture "%s" has no frame "%s" PRAS- Silver Wind 1
[07:45:37.644] LOG: crit stage: +0
[07:45:37.645] LOG: Move: Silver Wind | Base damage: 15.058823529411766 | Power: 60 | Source attack: 37 | Target defense: 34
[07:45:37.646] LOG: Move: Silver Wind | Attack damage: 22
[07:45:37.646] LOG: %cStart Phase DamageAnimPhase color:green;
[07:45:37.658] LOG: %cStart Phase MoveEndPhase color:green;
[07:45:37.658] LOG: %cStart Phase MovePhase color:green;
[07:45:37.658] LOG: %cUser: Metang
Move: SHARPEN
Use Mode: NORMAL color:orchid
[07:45:37.659] LOG: %cStart Phase MessagePhase color:green;
[07:45:37.983] LOG: %cStart Phase MoveEffectPhase color:green;
[07:45:38.401] LOG: %cStart Phase StatStageChangePhase color:green;
[07:45:38.992] LOG: %cStart Phase MessagePhase color:green;
[07:45:39.650] LOG: %cStart Phase MessagePhase color:green;
[07:45:40.338] LOG: %cStart Phase MessagePhase color:green;
[07:45:41.060] LOG: %cStart Phase MoveEndPhase color:green;
[07:45:41.060] LOG: %cStart Phase CheckInterludePhase color:green;
[07:45:41.060] LOG: %cStart Phase WeatherEffectPhase color:green;
[07:45:41.060] LOG: %cStart Phase PositionalTagPhase color:green;
[07:45:41.060] LOG: %cStart Phase BerryPhase color:green;
[07:45:41.061] LOG: %cStart Phase CheckStatusEffectPhase color:green;
[07:45:41.062] LOG: %cStart Phase TurnEndPhase color:green;
[07:45:41.062] LOG: %cStart Phase TurnInitPhase color:green;
[07:45:41.062] LOG: %cStart Phase CommandPhase color:green;
[07:45:43.584] LOG: crit stage: +2
[07:45:49.023] LOG: crit stage: +2
[07:45:54.799] LOG: Move: STEEL_ROLLER Move targets: {"targets":[2],"multiple":false} 
Player Pokemon: Metang
[07:45:54.801] LOG: %cStart Phase EnemyCommandPhase color:green;
[07:45:54.805] LOG: Battle Seed: Em3ZfQvIAqMv6blJ
[07:45:54.806] LOG: Move Pool: ["Silver Wind"]
[07:45:54.806] LOG: Move Scores: [27]
[07:45:54.806] LOG: Sorted Move Pool: ["Silver Wind"]
[07:45:54.806] LOG: Chosen Move: Silver Wind
[07:45:54.806] LOG: %cStart Phase TurnStartPhase color:green;
[07:45:54.808] LOG: %cStart Phase MovePhase color:green;
[07:45:54.808] LOG: %cUser: Dustox
Move: SILVER_WIND
Use Mode: NORMAL color:orchid
[07:45:54.809] LOG: %cStart Phase MessagePhase color:green;
[07:45:55.181] LOG: %cStart Phase MoveEffectPhase color:green;
[07:45:55.202] WARN: Texture "%s" has no frame "%s" PRAS- Silver Wind 1
[07:45:55.237] WARN: Texture "%s" has no frame "%s" PRAS- Silver Wind 1
[07:45:55.286] WARN: Texture "%s" has no frame "%s" PRAS- Silver Wind 1
[07:45:55.320] WARN: Texture "%s" has no frame "%s" PRAS- Silver Wind 1
[07:45:55.355] WARN: Texture "%s" has no frame "%s" PRAS- Silver Wind 1
[07:45:55.410] WARN: Texture "%s" has no frame "%s" PRAS- Silver Wind 1
[07:45:55.424] WARN: Texture "%s" has no frame "%s" PRAS- Silver Wind 1
[07:45:55.473] WARN: Texture "%s" has no frame "%s" PRAS- Silver Wind 1
[07:45:55.529] WARN: Texture "%s" has no frame "%s" PRAS- Silver Wind 1
[07:45:56.196] LOG: crit stage: +0
[07:45:56.197] LOG: Move: Silver Wind | Base damage: 15.058823529411766 | Power: 60 | Source attack: 37 | Target defense: 34
[07:45:56.197] LOG: Move: Silver Wind | Attack damage: 20
[07:45:56.198] LOG: %cStart Phase DamageAnimPhase color:green;
[07:45:56.210] LOG: %cStart Phase FaintPhase color:green;
[07:45:57.550] LOG: %cStart Phase MessagePhase color:green;
[07:45:57.842] LOG: %cStart Phase MoveEndPhase color:green;
[07:45:57.842] LOG: %cStart Phase MovePhase color:green;
[07:45:57.842] LOG: %cStart Phase MoveEndPhase color:green;
[07:45:57.842] LOG: %cStart Phase CheckInterludePhase color:green;
[07:45:57.842] LOG: %cStart Phase WeatherEffectPhase color:green;
[07:45:57.842] LOG: %cStart Phase PositionalTagPhase color:green;
[07:45:57.842] LOG: %cStart Phase BerryPhase color:green;
[07:45:57.842] LOG: %cStart Phase CheckStatusEffectPhase color:green;
[07:45:57.842] LOG: %cStart Phase TurnEndPhase color:green;
[07:45:57.842] LOG: %cStart Phase SwitchPhase color:green;
[07:46:00.005] LOG: %cStart Phase SwitchSummonPhase color:green;
[07:46:00.662] LOG: %cStart Phase PostSummonPhase color:green;
[07:46:00.662] LOG: Ran PSP for: Shelgon
[07:46:00.663] LOG: %cStart Phase TurnInitPhase color:green;
[07:46:00.663] LOG: %cStart Phase CommandPhase color:green;
[07:46:02.579] LOG: Move: THRASH Move targets: {"targets":[2],"multiple":false} 
Player Pokemon: Shelgon
[07:46:02.580] LOG: %cStart Phase EnemyCommandPhase color:green;
[07:46:02.584] LOG: Battle Seed: Em3ZfQvIAqMv6blJ
[07:46:02.584] WARN: BattlerTag KINGS_SHIELD is missing a score!
[07:46:02.586] WARN: BattlerTag KINGS_SHIELD is missing a score!
[07:46:02.586] LOG: Move Pool: ["Silver Wind","Venoshock","Moonlight","Iron Defense"]
[07:46:02.586] LOG: Move Scores: [27,19.5,11,6]
[07:46:02.586] LOG: Sorted Move Pool: ["Silver Wind","Venoshock","Moonlight","Iron Defense"]
[07:46:02.586] LOG: Chosen Move: Silver Wind
[07:46:02.586] LOG: %cStart Phase TurnStartPhase color:green;
[07:46:02.588] LOG: %cStart Phase MovePhase color:green;
[07:46:02.588] LOG: %cUser: Dustox
Move: SILVER_WIND
Use Mode: NORMAL color:orchid
[07:46:02.589] LOG: %cStart Phase MessagePhase color:green;
[07:46:02.961] LOG: %cStart Phase MoveEffectPhase color:green;
[07:46:02.982] WARN: Texture "%s" has no frame "%s" PRAS- Silver Wind 1
[07:46:03.016] WARN: Texture "%s" has no frame "%s" PRAS- Silver Wind 1
[07:46:03.065] WARN: Texture "%s" has no frame "%s" PRAS- Silver Wind 1
[07:46:03.100] WARN: Texture "%s" has no frame "%s" PRAS- Silver Wind 1
[07:46:03.134] WARN: Texture "%s" has no frame "%s" PRAS- Silver Wind 1
[07:46:03.183] WARN: Texture "%s" has no frame "%s" PRAS- Silver Wind 1
[07:46:03.204] WARN: Texture "%s" has no frame "%s" PRAS- Silver Wind 1
[07:46:03.252] WARN: Texture "%s" has no frame "%s" PRAS- Silver Wind 1
[07:46:03.308] WARN: Texture "%s" has no frame "%s" PRAS- Silver Wind 1
[07:46:03.975] LOG: crit stage: +0
[07:46:03.976] LOG: Move: Silver Wind | Base damage: 23.142857142857142 | Power: 60 | Source attack: 37 | Target defense: 21
[07:46:03.977] LOG: Move: Silver Wind | Attack damage: 19
[07:46:03.978] LOG: %cStart Phase DamageAnimPhase color:green;
[07:46:03.989] LOG: %cStart Phase MoveEndPhase color:green;
[07:46:03.990] LOG: %cStart Phase MovePhase color:green;
[07:46:03.990] LOG: %cUser: Shelgon
Move: THRASH
Use Mode: NORMAL color:orchid
[07:46:03.991] LOG: %cStart Phase MessagePhase color:green;
[07:46:04.315] LOG: %cStart Phase MoveEffectPhase color:green;
[07:46:04.968] LOG: crit stage: +0
[07:46:04.969] LOG: Move: Thrash | Base damage: 30.86 | Power: 195 | Source attack: 37 | Target defense: 42
[07:46:04.970] LOG: Move: Thrash | Attack damage: 58
[07:46:04.971] LOG: %cStart Phase DamageAnimPhase color:green;
[07:46:04.983] LOG: %cStart Phase MessagePhase color:green;
[07:46:05.642] LOG: %cStart Phase FaintPhase color:green;
[07:46:06.671] LOG: %cStart Phase MessagePhase color:green;
[07:46:06.920] LOG: %cStart Phase VictoryPhase color:green;
[07:46:06.920] LOG: %cStart Phase ExpPhase color:green;
[07:46:06.920] LOG: Applied Super EXP. Charm 
[07:46:06.920] LOG: Applied EXP. Charm 
[07:46:07.879] LOG: %cStart Phase LevelUpPhase color:green;
[07:46:07.879] LOG: %cStart Phase LearnMoveBatchPhase color:green;
[07:46:48.499] LOG: %cStart Phase ShowPartyExpBarPhase color:green;
[07:46:48.499] LOG: Applied Super EXP. Charm 
[07:46:48.499] LOG: Applied EXP. Charm 
[07:46:48.755] LOG: %cStart Phase LevelUpPhase color:green;
[07:46:48.756] LOG: %cStart Phase HidePartyExpBarPhase color:green;
[07:46:48.936] LOG: %cStart Phase ShowPartyExpBarPhase color:green;
[07:46:48.936] LOG: Applied Super EXP. Charm 
[07:46:48.936] LOG: Applied EXP. Charm 
[07:46:49.186] LOG: %cStart Phase LevelUpPhase color:green;
[07:46:49.186] LOG: %cStart Phase LearnMoveBatchPhase color:green;
[07:47:36.898] LOG: %cStart Phase HidePartyExpBarPhase color:green;
[07:47:37.078] LOG: %cStart Phase ShowPartyExpBarPhase color:green;
[07:47:37.078] LOG: Applied Super EXP. Charm 
[07:47:37.078] LOG: Applied EXP. Charm 
[07:47:37.328] LOG: %cStart Phase LevelUpPhase color:green;
[07:47:37.328] LOG: %cStart Phase LearnMoveBatchPhase color:green;
[07:48:00.833] LOG: %cStart Phase HidePartyExpBarPhase color:green;
[07:48:01.006] LOG: %cStart Phase MoveEndPhase color:green;
[07:48:01.006] LOG: %cStart Phase CheckInterludePhase color:green;
[07:48:01.007] LOG: %cStart Phase WeatherEffectPhase color:green;
[07:48:01.007] LOG: %cStart Phase PositionalTagPhase color:green;
[07:48:01.007] LOG: %cStart Phase BerryPhase color:green;
[07:48:01.007] LOG: %cStart Phase CheckStatusEffectPhase color:green;
[07:48:01.007] LOG: %cStart Phase TurnEndPhase color:green;
[07:48:01.007] LOG: %cStart Phase SwitchSummonPhase color:green;
[07:48:01.756] LOG: Dudley
[07:48:02.410] LOG: %cStart Phase PostSummonPhase color:green;
[07:48:02.410] LOG: Ran PSP for: Kirlia
[07:48:02.411] LOG: %cStart Phase PostSummonPhase color:green;
[07:48:02.411] LOG: %cStart Phase PostSummonPhase color:green;
[07:48:02.411] LOG: %cStart Phase TurnInitPhase color:green;
[07:48:02.411] LOG: %cStart Phase CommandPhase color:green;
[07:48:05.604] LOG: Move: FIRE_FANG Move targets: {"targets":[2],"multiple":false} 
Player Pokemon: Shelgon
[07:48:05.606] LOG: %cStart Phase EnemyCommandPhase color:green;
[07:48:05.609] LOG: Move Pool: ["Captivate"]
[07:48:05.609] LOG: Move Scores: [0]
[07:48:05.609] LOG: Sorted Move Pool: ["Captivate"]
[07:48:05.609] LOG: Chosen Move: Captivate
[07:48:05.609] LOG: %cStart Phase TurnStartPhase color:green;
[07:48:05.610] LOG: %cStart Phase MovePhase color:green;
[07:48:05.610] LOG: %cUser: Shelgon
Move: FIRE_FANG
Use Mode: NORMAL color:orchid
[07:48:05.612] LOG: %cStart Phase MessagePhase color:green;
[07:48:05.951] LOG: %cStart Phase MoveEffectPhase color:green;
[07:48:05.953] LOG: Battle Seed: Em3ZfQvIAqMv6blJ
[07:48:06.418] LOG: crit stage: +0
[07:48:06.419] LOG: Move: Fire Fang | Base damage: 49.177142857142854 | Power: 120 | Source attack: 43 | Target defense: 21
[07:48:06.420] LOG: Move: Fire Fang | Attack damage: 62
[07:48:06.420] LOG: %cStart Phase DamageAnimPhase color:green;
[07:48:06.431] LOG: %cStart Phase MessagePhase color:green;
[07:48:07.049] LOG: %cStart Phase FaintPhase color:green;
[07:48:07.973] LOG: %cStart Phase MessagePhase color:green;
[07:48:08.202] LOG: %cStart Phase VictoryPhase color:green;
[07:48:08.202] LOG: %cStart Phase ExpPhase color:green;
[07:48:08.202] LOG: Applied Super EXP. Charm 
[07:48:08.202] LOG: Applied EXP. Charm 
[07:48:08.842] LOG: %cStart Phase LevelUpPhase color:green;
[07:48:08.842] LOG: %cStart Phase ShowPartyExpBarPhase color:green;
[07:48:08.842] LOG: Applied Super EXP. Charm 
[07:48:08.842] LOG: Applied EXP. Charm 
[07:48:09.098] LOG: %cStart Phase LevelUpPhase color:green;
[07:48:09.099] LOG: %cStart Phase HidePartyExpBarPhase color:green;
[07:48:09.279] LOG: %cStart Phase ShowPartyExpBarPhase color:green;
[07:48:09.279] LOG: Applied Super EXP. Charm 
[07:48:09.279] LOG: Applied EXP. Charm 
[07:48:09.529] LOG: %cStart Phase LevelUpPhase color:green;
[07:48:09.529] LOG: %cStart Phase HidePartyExpBarPhase color:green;
[07:48:09.703] LOG: %cStart Phase ShowPartyExpBarPhase color:green;
[07:48:09.703] LOG: Applied Super EXP. Charm 
[07:48:09.703] LOG: Applied EXP. Charm 
[07:48:09.953] LOG: %cStart Phase LevelUpPhase color:green;
[07:48:09.953] LOG: %cStart Phase HidePartyExpBarPhase color:green;
[07:48:10.127] LOG: %cStart Phase MoveEndPhase color:green;
[07:48:10.127] LOG: %cStart Phase MovePhase color:green;
[07:48:10.127] LOG: %cStart Phase MoveEndPhase color:green;
[07:48:10.127] LOG: %cStart Phase CheckInterludePhase color:green;
[07:48:10.127] LOG: %cStart Phase WeatherEffectPhase color:green;
[07:48:10.127] LOG: %cStart Phase PositionalTagPhase color:green;
[07:48:10.127] LOG: %cStart Phase BerryPhase color:green;
[07:48:10.127] LOG: %cStart Phase CheckStatusEffectPhase color:green;
[07:48:10.127] LOG: %cStart Phase TurnEndPhase color:green;
[07:48:10.127] LOG: %cStart Phase BattleEndPhase color:green;
[07:48:10.127] LOG: Battle Score: 62 (9 Turns x0.25)
[07:48:10.127] LOG: Total Score: 907
[07:48:10.131] LOG: %cStart Phase TrainerVictoryPhase color:green;
[07:48:10.131] LOG: School Kid Dudley
[07:48:10.131] LOG: School Kid Dudley
[07:48:12.196] LOG: Dialogue saved as seen: dialogue:schoolKid.victory.1
[07:48:12.196] LOG: %cStart Phase MoneyRewardPhase color:green;
[07:48:12.752] LOG: %cStart Phase EggLapsePhase color:green;
[07:48:12.752] LOG: %cStart Phase SelectModifierPhase color:green;
[07:48:12.752] LOG: Wave Seed: cO\kL}Y|~LIzbc`y 24
[07:48:12.754] LOG: 3 1 [2,5,6,7,8,20,21,22,23,24,26,27,30]
[07:48:12.754] LOG: {"id":"REVIVE","localeKey":"modifierType:ModifierType.REVIVE","iconImage":"revive","group":"revive","soundName":"se/restore","tier":1,"restorePoints":0,"restorePercent":50,"healStatus":false} 
[07:48:12.754] LOG: 14 5 [2,5,6,7,8,20,21,22,23,24,26,27,30]
[07:48:12.754] LOG: GREAT 0
[07:48:12.754] LOG: 28 12 [2,5,6,7,8,20,21,22,23,24,26,27,30]
[07:48:12.754] LOG: {"id":"BASE_STAT_BOOSTER","localeKey":"","iconImage":"protein","soundName":"se/restore","tier":1,"stat":1,"key":"protein"} 
[07:48:12.754] LOG: 0 0 [3]
[07:48:12.754] LOG: {"id":"POKEBALL","localeKey":"","iconImage":"pb","group":"pb","soundName":"se/pb_bounce_1","tier":0,"pokeballType":0,"count":5} 
[07:48:38.663] LOG: Applied Protein 
[07:48:38.664] LOG: %cStart Phase NewBattlePhase color:green;
[07:48:38.664] LOG: Wave Seed: dP]lM~Z}MJ{cdaz 25
[07:48:38.665] LOG: %cStart Phase ReturnPhase color:green;
[07:48:39.007] LOG: %cStart Phase ShowTrainerPhase color:green;
[07:48:39.347] LOG: %cStart Phase NextEncounterPhase color:green;
[07:48:39.354] LOG: Pokemon: Foe Grovyle | Species ID: 253 | Level: 23 | Nature: Relaxed (+Def/-Spd)
[07:48:39.354] LOG: Stats (IVs): HP: 61 (5), Atk: 46 (10), Def: 38 (2), Spatk: 40 (16), Spdef: 41 (9), Spd: 48 (19)
[07:48:39.354] LOG: Ability: Keen Edge | Passive Ability: Overgrow 
[07:48:39.354] LOG: Moveset: ["Grass Pledge","Slam","Sharpen","Detect"]
[07:48:39.358] LOG: Pokemon: Foe Wattrel | Species ID: 940 | Level: 22 | Nature: Rash (+SpAtk/-SpDef)
[07:48:39.358] LOG: Stats (IVs): HP: 53 (19), Atk: 25 (14), Def: 25 (21), Spatk: 38 (24), Spdef: 22 (12), Spd: 38 (4)
[07:48:39.358] LOG: Ability: Impulse | Passive Ability: Volt Absorb 
[07:48:39.358] LOG: Moveset: ["Thunder Shock","Charge","Dual Wingbeat","Eerie Impulse"]
[07:48:39.362] LOG: Pokemon: Foe Litwick | Species ID: 607 | Level: 16 | Nature: Impish (+Def/-SpAtk)
[07:48:39.362] LOG: Stats (IVs): HP: 51 (17), Atk: 19 (17), Def: 32 (17), Spatk: 34 (2), Spdef: 31 (16), Spd: 22 (28)
[07:48:39.362] LOG: Ability: Ethereal Rush | Passive Ability: Flash Fire 
[07:48:39.362] LOG: Moveset: ["Mystical Fire","Ominous Wind","Pain Split","Trick-or-Treat"]
[07:48:39.604] LOG: Battle Seed: 4gxP4FwXWHBOzGi1
[07:48:39.604] LOG: Applied Protein (enemy)
[07:48:39.605] LOG: Applied Protein (enemy)
[07:48:39.605] LOG: Generated AI funcs
[07:48:39.675] DEBUG: Session data saved to slot 0!
[07:48:39.675] LOG: Applied Protein (enemy)
[07:48:39.676] LOG: Wave Seed: dP]lM~Z}MJ{cdaz 25
[07:48:40.355] LOG: Rival Ivy
[07:48:40.355] LOG: Dialogue dialogue:rival2Female.encounter.1 skipped
[07:48:40.446] LOG: Rival Ivy
[07:48:41.605] LOG: %cStart Phase SummonPhase color:green;
[07:48:41.605] LOG: Ivy
[07:48:41.987] LOG: Applied Protein (enemy)
[07:48:42.417] LOG: %cStart Phase SummonPhase color:green;
[07:48:42.890] LOG: Applied Protein 
[07:48:43.320] LOG: %cStart Phase ToggleDoublePositionPhase color:green;
[07:48:43.321] LOG: %cStart Phase InitEncounterPhase color:green;
[07:48:43.322] LOG: %cStart Phase PostSummonPhase color:green;
[07:48:43.322] LOG: Ran PSP for: Grovyle
[07:48:43.322] LOG: %cStart Phase PostSummonPhase color:green;
[07:48:43.322] LOG: Ran PSP for: Shelgon
[07:48:43.322] LOG: %cStart Phase TurnInitPhase color:green;
[07:48:43.322] LOG: %cStart Phase CommandPhase color:green;
[07:48:48.849] LOG: Move: DRAGON_DANCE Move targets: {"targets":[0],"multiple":false} 
Player Pokemon: Shelgon
[07:48:48.851] LOG: %cStart Phase EnemyCommandPhase color:green;
[07:48:48.857] LOG: Move Pool: ["Grass Pledge","Slam","Sharpen","Detect"]
[07:48:48.857] LOG: Move Scores: [13.125,19,5,-20]
[07:48:48.857] LOG: Sorted Move Pool: ["Slam","Grass Pledge","Sharpen","Detect"]
[07:48:48.857] LOG: Chosen Move: Grass Pledge
[07:48:48.857] LOG: %cStart Phase TurnStartPhase color:green;
[07:48:48.859] LOG: %cStart Phase MovePhase color:green;
[07:48:48.859] LOG: %cUser: Grovyle
Move: GRASS_PLEDGE
Use Mode: NORMAL color:orchid
[07:48:48.861] LOG: %cStart Phase MessagePhase color:green;
[07:48:49.245] LOG: %cStart Phase MoveEffectPhase color:green;
[07:48:49.920] LOG: crit stage: +1
[07:48:49.921] LOG: Move: Grass Pledge | Base damage: 27.736170212765956 | Power: 108 | Source attack: 50 | Target defense: 47
[07:48:49.922] LOG: Move: Grass Pledge | Attack damage: 12
[07:48:49.923] LOG: %cStart Phase DamageAnimPhase color:green;
[07:48:49.934] LOG: %cStart Phase MessagePhase color:green;
[07:48:50.613] LOG: %cStart Phase MoveEndPhase color:green;
[07:48:50.614] LOG: %cStart Phase MovePhase color:green;
[07:48:50.614] LOG: %cUser: Shelgon
Move: DRAGON_DANCE
Use Mode: NORMAL color:orchid
[07:48:50.616] LOG: %cStart Phase MessagePhase color:green;
[07:48:50.982] LOG: %cStart Phase MoveEffectPhase color:green;
[07:48:51.955] LOG: %cStart Phase StatStageChangePhase color:green;
[07:48:51.955] LOG: %cStart Phase StatStageChangePhase color:green;
[07:48:52.546] LOG: %cStart Phase MessagePhase color:green;
[07:48:53.211] LOG: %cStart Phase StatStageChangePhase color:green;
[07:48:53.803] LOG: %cStart Phase MessagePhase color:green;
[07:48:54.461] LOG: %cStart Phase MoveEndPhase color:green;
[07:48:54.462] LOG: %cStart Phase CheckInterludePhase color:green;
[07:48:54.462] LOG: %cStart Phase WeatherEffectPhase color:green;
[07:48:54.462] LOG: %cStart Phase PositionalTagPhase color:green;
[07:48:54.462] LOG: %cStart Phase BerryPhase color:green;
[07:48:54.463] LOG: %cStart Phase CheckStatusEffectPhase color:green;
[07:48:54.464] LOG: %cStart Phase TurnEndPhase color:green;
[07:48:54.464] LOG: %cStart Phase TurnInitPhase color:green;
[07:48:54.464] LOG: %cStart Phase CommandPhase color:green;
[07:48:55.743] LOG: crit stage: +0
[07:48:59.076] LOG: crit stage: +0
[07:49:00.421] LOG: Move: FIRE_FANG Move targets: {"targets":[2],"multiple":false} 
Player Pokemon: Shelgon
[07:49:00.423] LOG: %cStart Phase EnemyCommandPhase color:green;
[07:49:00.427] LOG: Battle Seed: 4gxP4FwXWHBOzGi1
[07:49:00.429] LOG: Move Pool: ["Grass Pledge","Slam","Sharpen","Detect"]
[07:49:00.429] LOG: Move Scores: [13.125,19,5,-20]
[07:49:00.429] LOG: Sorted Move Pool: ["Slam","Grass Pledge","Sharpen","Detect"]
[07:49:00.429] LOG: Chosen Move: Slam
[07:49:00.429] LOG: %cStart Phase TurnStartPhase color:green;
[07:49:00.431] LOG: %cStart Phase MovePhase color:green;
[07:49:00.431] LOG: %cUser: Grovyle
Move: SLAM
Use Mode: NORMAL color:orchid
[07:49:00.432] LOG: %cStart Phase MessagePhase color:green;
[07:49:00.761] LOG: %cStart Phase MoveEffectPhase color:green;
[07:49:01.123] LOG: crit stage: +1
[07:49:01.124] LOG: Move: Slam | Base damage: 24.638297872340427 | Power: 95 | Source attack: 50 | Target defense: 47
[07:49:01.125] LOG: Move: Slam | Attack damage: 18
[07:49:01.125] LOG: %cStart Phase DamageAnimPhase color:green;
[07:49:01.138] LOG: %cStart Phase MoveEndPhase color:green;
[07:49:01.138] LOG: %cStart Phase MovePhase color:green;
[07:49:01.138] LOG: %cUser: Shelgon
Move: FIRE_FANG
Use Mode: NORMAL color:orchid
[07:49:01.139] LOG: %cStart Phase MessagePhase color:green;
[07:49:01.484] LOG: %cStart Phase MoveEffectPhase color:green;
[07:49:01.950] LOG: crit stage: +0
[07:49:01.951] LOG: Move: Fire Fang | Base damage: 45.45945945945946 | Power: 120 | Source attack: 67 | Target defense: 37
[07:49:01.951] LOG: Move: Fire Fang | Attack damage: 80
[07:49:01.952] LOG: %cStart Phase DamageAnimPhase color:green;
[07:49:01.964] LOG: %cStart Phase MessagePhase color:green;
[07:49:02.623] LOG: %cStart Phase FaintPhase color:green;
[07:49:04.144] LOG: %cStart Phase MessagePhase color:green;
[07:49:04.394] LOG: %cStart Phase VictoryPhase color:green;
[07:49:04.394] LOG: %cStart Phase ExpPhase color:green;
[07:49:04.394] LOG: Applied Super EXP. Charm 
[07:49:04.395] LOG: Applied EXP. Charm 
[07:49:05.097] LOG: %cStart Phase LevelUpPhase color:green;
[07:49:05.097] LOG: %cStart Phase ShowPartyExpBarPhase color:green;
[07:49:05.097] LOG: Applied Super EXP. Charm 
[07:49:05.097] LOG: Applied EXP. Charm 
[07:49:05.353] LOG: %cStart Phase LevelUpPhase color:green;
[07:49:05.354] LOG: %cStart Phase HidePartyExpBarPhase color:green;
[07:49:05.534] LOG: %cStart Phase ShowPartyExpBarPhase color:green;
[07:49:05.534] LOG: Applied Super EXP. Charm 
[07:49:05.534] LOG: Applied EXP. Charm 
[07:49:05.784] LOG: %cStart Phase LevelUpPhase color:green;
[07:49:05.784] LOG: %cStart Phase HidePartyExpBarPhase color:green;
[07:49:05.957] LOG: %cStart Phase ShowPartyExpBarPhase color:green;
[07:49:05.957] LOG: Applied Super EXP. Charm 
[07:49:05.957] LOG: Applied EXP. Charm 
[07:49:06.207] LOG: %cStart Phase LevelUpPhase color:green;
[07:49:06.208] LOG: %cStart Phase HidePartyExpBarPhase color:green;
[07:49:06.382] LOG: %cStart Phase ShowPartyExpBarPhase color:green;
[07:49:06.382] LOG: Applied Super EXP. Charm 
[07:49:06.382] LOG: Applied EXP. Charm 
[07:49:06.639] LOG: %cStart Phase LevelUpPhase color:green;
[07:49:06.639] LOG: Applied Protein 
[07:49:06.639] LOG: %cStart Phase HidePartyExpBarPhase color:green;
[07:49:06.819] LOG: %cStart Phase ShowPartyExpBarPhase color:green;
[07:49:06.819] LOG: Applied Super EXP. Charm 
[07:49:06.819] LOG: Applied EXP. Charm 
[07:49:07.069] LOG: %cStart Phase LevelUpPhase color:green;
[07:49:07.069] LOG: %cStart Phase HidePartyExpBarPhase color:green;
[07:49:07.243] LOG: %cStart Phase MoveEndPhase color:green;
[07:49:07.243] LOG: %cStart Phase CheckInterludePhase color:green;
[07:49:07.243] LOG: %cStart Phase WeatherEffectPhase color:green;
[07:49:07.243] LOG: %cStart Phase PositionalTagPhase color:green;
[07:49:07.243] LOG: %cStart Phase BerryPhase color:green;
[07:49:07.243] LOG: %cStart Phase CheckStatusEffectPhase color:green;
[07:49:07.243] LOG: %cStart Phase TurnEndPhase color:green;
[07:49:07.243] LOG: %cStart Phase SwitchSummonPhase color:green;
[07:49:07.992] LOG: Ivy
[07:49:08.222] LOG: Applied Protein (enemy)
[07:49:08.646] LOG: %cStart Phase PostSummonPhase color:green;
[07:49:08.647] LOG: Ran PSP for: Wattrel
[07:49:08.647] LOG: %cStart Phase TurnInitPhase color:green;
[07:49:08.647] LOG: %cStart Phase CommandPhase color:green;
[07:49:14.952] LOG: Move: STRENGTH Move targets: {"targets":[2],"multiple":false} 
Player Pokemon: Shelgon
[07:49:14.954] LOG: %cStart Phase EnemyCommandPhase color:green;
[07:49:14.957] LOG: Battle Seed: 4gxP4FwXWHBOzGi1
[07:49:14.959] LOG: Move Pool: ["Thunder Shock","Dual Wingbeat"]
[07:49:14.959] LOG: Move Scores: [12.375,34.5]
[07:49:14.959] LOG: Sorted Move Pool: ["Dual Wingbeat","Thunder Shock"]
[07:49:14.959] LOG: Chosen Move: Dual Wingbeat
[07:49:14.959] LOG: %cStart Phase TurnStartPhase color:green;
[07:49:14.961] LOG: %cStart Phase MovePhase color:green;
[07:49:14.961] LOG: %cUser: Shelgon
Move: STRENGTH
Use Mode: NORMAL color:orchid
[07:49:14.962] LOG: %cStart Phase MessagePhase color:green;
[07:49:15.292] LOG: %cStart Phase MoveEffectPhase color:green;
[07:49:15.709] LOG: crit stage: +0
[07:49:15.710] LOG: Move: Strength | Base damage: 71.3792 | Power: 110 | Source attack: 73 | Target defense: 25
[07:49:15.711] LOG: Move: Strength | Attack damage: 127
[07:49:15.712] LOG: %cStart Phase DamageAnimPhase color:green;
[07:49:15.724] LOG: %cStart Phase MessagePhase color:green;
[07:49:16.383] LOG: %cStart Phase StatStageChangePhase color:green;
[07:49:16.383] LOG: %cStart Phase StatStageChangePhase color:green;
[07:49:16.974] LOG: %cStart Phase MessagePhase color:green;
[07:49:17.647] LOG: %cStart Phase StatStageChangePhase color:green;
[07:49:18.238] LOG: %cStart Phase MessagePhase color:green;
[07:49:18.911] LOG: %cStart Phase FaintPhase color:green;
[07:49:19.898] LOG: %cStart Phase MessagePhase color:green;
[07:49:20.210] LOG: %cStart Phase VictoryPhase color:green;
[07:49:20.210] LOG: %cStart Phase ExpPhase color:green;
[07:49:20.210] LOG: Applied Super EXP. Charm 
[07:49:20.210] LOG: Applied EXP. Charm 
[07:49:20.655] LOG: %cStart Phase ShowPartyExpBarPhase color:green;
[07:49:20.655] LOG: Applied Super EXP. Charm 
[07:49:20.655] LOG: Applied EXP. Charm 
[07:49:20.655] LOG: %cStart Phase HidePartyExpBarPhase color:green;
[07:49:20.655] LOG: %cStart Phase ShowPartyExpBarPhase color:green;
[07:49:20.655] LOG: Applied Super EXP. Charm 
[07:49:20.655] LOG: Applied EXP. Charm 
[07:49:20.905] LOG: %cStart Phase LevelUpPhase color:green;
[07:49:20.906] LOG: %cStart Phase HidePartyExpBarPhase color:green;
[07:49:21.079] LOG: %cStart Phase ShowPartyExpBarPhase color:green;
[07:49:21.079] LOG: Applied Super EXP. Charm 
[07:49:21.079] LOG: Applied EXP. Charm 
[07:49:21.079] LOG: %cStart Phase HidePartyExpBarPhase color:green;
[07:49:21.079] LOG: %cStart Phase ShowPartyExpBarPhase color:green;
[07:49:21.079] LOG: Applied Super EXP. Charm 
[07:49:21.079] LOG: Applied EXP. Charm 
[07:49:21.080] LOG: %cStart Phase HidePartyExpBarPhase color:green;
[07:49:21.080] LOG: %cStart Phase ShowPartyExpBarPhase color:green;
[07:49:21.080] LOG: Applied Super EXP. Charm 
[07:49:21.080] LOG: Applied EXP. Charm 
[07:49:21.080] LOG: %cStart Phase HidePartyExpBarPhase color:green;
[07:49:21.080] LOG: %cStart Phase MoveEndPhase color:green;
[07:49:21.080] LOG: %cStart Phase MovePhase color:green;
[07:49:21.080] LOG: %cStart Phase MoveEndPhase color:green;
[07:49:21.080] LOG: %cStart Phase CheckInterludePhase color:green;
[07:49:21.080] LOG: %cStart Phase WeatherEffectPhase color:green;
[07:49:21.080] LOG: %cStart Phase PositionalTagPhase color:green;
[07:49:21.080] LOG: %cStart Phase BerryPhase color:green;
[07:49:21.080] LOG: %cStart Phase CheckStatusEffectPhase color:green;
[07:49:21.080] LOG: %cStart Phase TurnEndPhase color:green;
[07:49:21.080] LOG: %cStart Phase SwitchSummonPhase color:green;
[07:49:21.828] LOG: Ivy
[07:49:22.058] LOG: Applied Protein (enemy)
[07:49:22.482] LOG: %cStart Phase PostSummonPhase color:green;
[07:49:22.482] LOG: Ran PSP for: Litwick
[07:49:22.482] LOG: %cStart Phase TurnInitPhase color:green;
[07:49:22.482] LOG: %cStart Phase CommandPhase color:green;
[07:49:24.579] LOG: Move: STOMPING_TANTRUM Move targets: {"targets":[2],"multiple":false} 
Player Pokemon: Shelgon
[07:49:24.581] LOG: %cStart Phase EnemyCommandPhase color:green;
[07:49:24.583] LOG: Battle Seed: 4gxP4FwXWHBOzGi1
[07:49:24.584] LOG: Move Pool: ["Mystical Fire","Ominous Wind"]
[07:49:24.584] LOG: Move Scores: [12.75,25.5]
[07:49:24.584] LOG: Sorted Move Pool: ["Ominous Wind","Mystical Fire"]
[07:49:24.584] LOG: Chosen Move: Ominous Wind
[07:49:24.584] LOG: %cStart Phase TurnStartPhase color:green;
[07:49:24.586] LOG: %cStart Phase MovePhase color:green;
[07:49:24.586] LOG: %cUser: Shelgon
Move: STOMPING_TANTRUM
Use Mode: NORMAL color:orchid
[07:49:24.587] LOG: %cStart Phase MessagePhase color:green;
[07:49:24.975] LOG: %cStart Phase MoveEffectPhase color:green;
[07:49:25.754] LOG: crit stage: +0
[07:49:25.755] LOG: Move: Stomping Tantrum | Base damage: 44.23571428571429 | Power: 75 | Source attack: 73 | Target defense: 28
[07:49:25.755] LOG: Move: Stomping Tantrum | Attack damage: 83
[07:49:25.756] LOG: %cStart Phase DamageAnimPhase color:green;
[07:49:25.768] LOG: %cStart Phase MessagePhase color:green;
[07:49:26.426] LOG: %cStart Phase FaintPhase color:green;
[07:49:27.622] LOG: %cStart Phase MessagePhase color:green;
[07:49:27.906] LOG: %cStart Phase VictoryPhase color:green;
[07:49:27.907] LOG: %cStart Phase ExpPhase color:green;
[07:49:27.907] LOG: Applied Super EXP. Charm 
[07:49:27.907] LOG: Applied EXP. Charm 
[07:49:28.469] LOG: %cStart Phase LevelUpPhase color:green;
[07:49:28.469] LOG: %cStart Phase ShowPartyExpBarPhase color:green;
[07:49:28.469] LOG: Applied Super EXP. Charm 
[07:49:28.469] LOG: Applied EXP. Charm 
[07:49:28.719] LOG: %cStart Phase LevelUpPhase color:green;
[07:49:28.720] LOG: %cStart Phase HidePartyExpBarPhase color:green;
[07:49:28.893] LOG: %cStart Phase ShowPartyExpBarPhase color:green;
[07:49:28.893] LOG: Applied Super EXP. Charm 
[07:49:28.893] LOG: Applied EXP. Charm 
[07:49:28.894] LOG: %cStart Phase HidePartyExpBarPhase color:green;
[07:49:28.894] LOG: %cStart Phase ShowPartyExpBarPhase color:green;
[07:49:28.894] LOG: Applied Super EXP. Charm 
[07:49:28.894] LOG: Applied EXP. Charm 
[07:49:28.894] LOG: %cStart Phase HidePartyExpBarPhase color:green;
[07:49:28.894] LOG: %cStart Phase ShowPartyExpBarPhase color:green;
[07:49:28.894] LOG: Applied Super EXP. Charm 
[07:49:28.894] LOG: Applied EXP. Charm 
[07:49:29.143] LOG: %cStart Phase LevelUpPhase color:green;
[07:49:29.143] LOG: Applied Protein 
[07:49:29.143] LOG: %cStart Phase HidePartyExpBarPhase color:green;
[07:49:29.316] LOG: %cStart Phase ShowPartyExpBarPhase color:green;
[07:49:29.316] LOG: Applied Super EXP. Charm 
[07:49:29.316] LOG: Applied EXP. Charm 
[07:49:29.567] LOG: %cStart Phase LevelUpPhase color:green;
[07:49:29.568] LOG: %cStart Phase HidePartyExpBarPhase color:green;
[07:49:29.740] LOG: %cStart Phase MoveEndPhase color:green;
[07:49:29.740] LOG: %cStart Phase MovePhase color:green;
[07:49:29.740] LOG: %cStart Phase MoveEndPhase color:green;
[07:49:29.740] LOG: %cStart Phase CheckInterludePhase color:green;
[07:49:29.740] LOG: %cStart Phase WeatherEffectPhase color:green;
[07:49:29.740] LOG: %cStart Phase PositionalTagPhase color:green;
[07:49:29.740] LOG: %cStart Phase BerryPhase color:green;
[07:49:29.740] LOG: %cStart Phase CheckStatusEffectPhase color:green;
[07:49:29.740] LOG: %cStart Phase TurnEndPhase color:green;
[07:49:29.741] LOG: %cStart Phase BattleEndPhase color:green;
[07:49:29.741] LOG: Battle Score: 176 (4 Turns x0.76)
[07:49:29.741] LOG: Total Score: 1083
[07:49:29.742] LOG: Applied Protein 
[07:49:29.745] LOG: %cStart Phase TrainerVictoryPhase color:green;
[07:49:29.745] LOG: Rival Ivy
[07:49:29.745] LOG: Rival Ivy
[07:49:30.289] LOG: Dialogue dialogue:rival2Female.victory.1 skipped
[07:49:30.289] LOG: %cStart Phase MoneyRewardPhase color:green;
[07:49:30.650] LOG: %cStart Phase ModifierRewardPhase color:green;
[07:49:30.651] LOG: Applied Protein 
[07:49:31.262] LOG: %cStart Phase EggLapsePhase color:green;
[07:49:31.262] LOG: %cStart Phase SelectModifierPhase color:green;
[07:49:31.262] LOG: Wave Seed: dP]lM~Z}MJ{cdaz 25
[07:49:31.264] LOG: 33 7 [8,10,11,12,13,14,23,40,43,48,50,51]
[07:49:31.264] LOG: {"id":"ER_POWER_HERB","localeKey":"","iconImage":"power_herb","iconTint":16777215,"soundName":"se/restore","tier":2} 
[07:49:31.264] LOG: 17 7 [2,3,4,5,6,7,8,20,21,22,23,24,26,27,30]
[07:49:31.264] LOG: {"id":"SOOTHE_BELL","localeKey":"modifierType:ModifierType.SOOTHE_BELL","iconImage":"soothe_bell","soundName":"se/restore","tier":1} 
[07:49:31.264] LOG: 12 7 [2,3,4,5,6,7,8,20,21,22,23,24,26,27,30]
[07:49:31.264] LOG: {"id":"SUPER_LURE","localeKey":"modifierType:ModifierType.SUPER_LURE","iconImage":"super_lure","group":"lure","soundName":"se/restore","tier":1,"maxBattles":15} 
[07:49:31.264] LOG: 15 7 [2,3,4,5,6,7,8,20,21,22,23,24,26,27,30]
[07:49:31.264] LOG: GREAT 0
[07:49:31.264] LOG: 17 7 [2,3,4,5,6,7,8,20,21,22,23,24,26,27,30]
[07:49:31.264] LOG: {"id":"SOOTHE_BELL","localeKey":"modifierType:ModifierType.SOOTHE_BELL","iconImage":"soothe_bell","soundName":"se/restore","tier":1} 
[07:49:31.264] LOG: 28 14 [2,3,4,5,6,7,8,20,21,22,23,24,26,27,30]
[07:49:31.264] LOG: {"id":"BASE_STAT_BOOSTER","localeKey":"","iconImage":"calcium","soundName":"se/restore","tier":1,"stat":3,"key":"calcium"} 
[07:49:31.264] LOG: 1 0 [2,3,4,5,6,7,8,20,21,22,23,24,26,27,30]
[07:49:31.264] LOG: {"id":"PP_UP","localeKey":"modifierType:ModifierType.PP_UP","iconImage":"pp_up","group":"ppUp","soundName":"se/restore","tier":1,"upPoints":1} 
[07:50:01.591] LOG: %cStart Phase ErCrossroadsPhase color:green;
[07:50:05.616] LOG: %cStart Phase SelectBiomePhase color:green;
[07:50:05.616] LOG: Wave Seed: dP]lM~Z}MJ{cdaz 25
[07:50:16.167] LOG: %cStart Phase SwitchBiomePhase color:green;
[07:50:17.521] LOG: %cStart Phase NewBattlePhase color:green;
[07:50:17.521] LOG: Wave Seed: eQ^mN[~NK|deb{ 26
[07:50:17.522] LOG: %cStart Phase ReturnPhase color:green;
[07:50:17.854] LOG: %cStart Phase ShowTrainerPhase color:green;
[07:50:18.194] LOG: %cStart Phase NewBiomeEncounterPhase color:green;
[07:50:18.196] LOG: Starting species pool tier: UNCOMMON
[07:50:18.202] LOG: Pokemon: Wild Roselia | Species ID: 315 | Level: 17 | Nature: Naive (+Spd/-SpDef)
[07:50:18.202] LOG: Stats (IVs): HP: 48 (27), Atk: 38 (19), Def: 22 (11), Spatk: 35 (1), Spdef: 22 (31), Spd: 41 (29)
[07:50:18.202] LOG: Ability: Overgrow | Passive Ability: Natural Cure 
[07:50:18.202] LOG: Moveset: ["Petal Blizzard","Camouflage","Growth","Petal Dance"]
[07:50:18.408] LOG: Battle Seed: vrSE9x0vdN6UKOrb
[07:50:18.468] DEBUG: Session data saved to slot 0!
[07:50:18.468] LOG: Wave Seed: eQ^mN[~NK|deb{ 26
[07:50:19.140] LOG: %cStart Phase SummonPhase color:green;
[07:50:19.611] LOG: Applied Protein 
[07:50:20.042] LOG: %cStart Phase ToggleDoublePositionPhase color:green;
[07:50:20.043] LOG: %cStart Phase CheckSwitchPhase color:green;
[07:50:21.188] LOG: %cStart Phase InitEncounterPhase color:green;
[07:50:21.189] LOG: %cStart Phase PostSummonPhase color:green;
[07:50:21.189] LOG: Ran PSP for: Elekid
[07:50:21.189] LOG: %cStart Phase PostSummonPhase color:green;
[07:50:21.189] LOG: %cStart Phase PostSummonPhase color:green;
[07:50:21.189] LOG: Ran PSP for: Roselia
[07:50:21.190] LOG: %cStart Phase TurnInitPhase color:green;
[07:50:21.190] LOG: %cStart Phase CommandPhase color:green;
[07:50:25.057] LOG: Move: IRON_TAIL Move targets: {"targets":[2],"multiple":false} 
Player Pokemon: Elekid
[07:50:25.058] LOG: %cStart Phase EnemyCommandPhase color:green;
[07:50:25.061] LOG: Move Pool: ["Petal Blizzard"]
[07:50:25.061] LOG: Move Scores: [30]
[07:50:25.061] LOG: Sorted Move Pool: ["Petal Blizzard"]
[07:50:25.061] LOG: Chosen Move: Petal Blizzard
[07:50:25.061] LOG: %cStart Phase TurnStartPhase color:green;
[07:50:25.063] LOG: %cStart Phase MovePhase color:green;
[07:50:25.063] LOG: %cUser: Elekid
Move: IRON_TAIL
Use Mode: NORMAL color:orchid
[07:50:25.064] LOG: %cStart Phase MessagePhase color:green;
[07:50:25.397] LOG: %cStart Phase MoveEffectPhase color:green;
[07:50:25.995] LOG: crit stage: +0
[07:50:25.996] LOG: Move: Iron Tail | Base damage: 38.229090909090914 | Power: 90 | Source attack: 41 | Target defense: 22
[07:50:25.997] LOG: Move: Iron Tail | Attack damage: 32
[07:50:25.998] LOG: %cStart Phase DamageAnimPhase color:green;
[07:50:26.010] LOG: %cStart Phase MoveEndPhase color:green;
[07:50:26.010] LOG: %cStart Phase MovePhase color:green;
[07:50:26.010] LOG: %cUser: Roselia
Move: PETAL_BLIZZARD
Use Mode: NORMAL color:orchid
[07:50:26.011] LOG: %cStart Phase MessagePhase color:green;
[07:50:26.425] LOG: %cStart Phase MoveEffectPhase color:green;
[07:50:28.010] LOG: crit stage: +0
[07:50:28.011] LOG: Move: Petal Blizzard | Base damage: 40.58461538461538 | Power: 150 | Source attack: 38 | Target defense: 26
[07:50:28.011] LOG: Move: Petal Blizzard | Attack damage: 52
[07:50:28.012] LOG: %cStart Phase DamageAnimPhase color:green;
[07:50:28.023] LOG: %cStart Phase FaintPhase color:green;
[07:50:28.988] LOG: %cStart Phase MessagePhase color:green;
[07:50:31.128] LOG: %cStart Phase MoveEndPhase color:green;
[07:50:31.128] LOG: %cStart Phase CheckInterludePhase color:green;
[07:50:31.128] LOG: %cStart Phase WeatherEffectPhase color:green;
[07:50:31.128] LOG: %cStart Phase PositionalTagPhase color:green;
[07:50:31.128] LOG: %cStart Phase BerryPhase color:green;
[07:50:31.128] LOG: %cStart Phase CheckStatusEffectPhase color:green;
[07:50:31.128] LOG: %cStart Phase TurnEndPhase color:green;
[07:50:31.128] LOG: %cStart Phase SwitchPhase color:green;
[07:50:32.373] LOG: %cStart Phase SwitchSummonPhase color:green;
[07:50:32.600] LOG: Applied Protein 
[07:50:33.032] LOG: %cStart Phase PostSummonPhase color:green;
[07:50:33.033] LOG: %cStart Phase ShowAbilityPhase color:green;
[07:50:33.539] LOG: %cStart Phase MessagePhase color:green;
[07:50:34.350] LOG: %cStart Phase HideAbilityPhase color:green;
[07:50:34.421] LOG: %cStart Phase PostSummonPhase color:green;
[07:50:34.421] LOG: Ran PSP for: Koffing
[07:50:34.422] LOG: %cStart Phase TurnInitPhase color:green;
[07:50:34.422] LOG: %cStart Phase CommandPhase color:green;
[07:50:35.674] LOG: Seed: xFWQe8tmoZvACkAMrMThwpDE
[07:50:35.674] LOG: Wave Seed: xFWQe8tmoZvACkAMrMThwpDE 0
[07:50:35.675] LOG: Getting Session Slot id: %d 0
[07:50:35.693] LOG: Wave Seed: Kl7DSv4eAgdf41bxJwKHamhg 0
[07:50:35.693] LOG: Seed: Kl7DSv4eAgdf41bxJwKHamhg
[07:50:35.694] LOG: Wave Seed: eQ^mN[~NK|deb{ 26
[07:50:35.694] LOG: Applied Protein 
[07:50:35.695] LOG: Applied Protein 
[07:50:35.696] LOG: Applied Protein 
[07:50:35.697] LOG: %cStart Phase EncounterPhase color:green;
[07:50:35.698] LOG: Pokemon: Wild Roselia | Species ID: 315 | Level: 17 | Nature: Naive (+Spd/-SpDef)
[07:50:35.698] LOG: Stats (IVs): HP: 48 (27), Atk: 38 (19), Def: 22 (11), Spatk: 35 (1), Spdef: 22 (31), Spd: 41 (29)
[07:50:35.698] LOG: Ability: Overgrow | Passive Ability: Natural Cure 
[07:50:35.698] LOG: Moveset: ["Petal Blizzard","Camouflage","Growth","Petal Dance"]
[07:50:35.698] LOG: Wave Seed: eQ^mN[~NK|deb{ 26
[07:50:37.053] LOG: %cStart Phase SummonPhase color:green;
[07:50:37.532] LOG: Applied Protein 
[07:50:37.955] LOG: %cStart Phase CheckSwitchPhase color:green;
[07:50:39.074] LOG: %cStart Phase SwitchPhase color:green;
[07:50:41.737] LOG: %cStart Phase SwitchSummonPhase color:green;
[07:50:42.311] LOG: Applied Protein 
[07:50:42.742] LOG: %cStart Phase PostSummonPhase color:green;
[07:50:42.742] LOG: Ran PSP for: Shelgon
[07:50:42.742] LOG: %cStart Phase InitEncounterPhase color:green;
[07:50:42.743] LOG: %cStart Phase PostSummonPhase color:green;
[07:50:42.743] LOG: Ran PSP for: Roselia
[07:50:42.743] LOG: %cStart Phase TurnInitPhase color:green;
[07:50:42.743] LOG: Battle Seed: vrSE9x0vdN6UKOrb
[07:50:42.743] LOG: %cStart Phase CommandPhase color:green;
[07:50:45.660] LOG: %cStart Phase EnemyCommandPhase color:green;
[07:50:45.664] LOG: Move Pool: ["Petal Blizzard","Camouflage","Growth","Petal Dance"]
[07:50:45.664] LOG: Move Scores: [14.625,0,4,17.625]
[07:50:45.664] LOG: Sorted Move Pool: ["Petal Dance","Petal Blizzard","Growth","Camouflage"]
[07:50:45.664] LOG: Chosen Move: Petal Dance
[07:50:45.664] LOG: %cStart Phase TurnStartPhase color:green;
[07:50:45.665] LOG: %cStart Phase AttemptCapturePhase color:green;
[07:50:48.541] LOG: [coop:account] account-write scope OPEN (own-catch) depth=1
[07:50:50.933] LOG: %cStart Phase VictoryPhase color:green;
[07:50:50.933] LOG: %cStart Phase ExpPhase color:green;
[07:50:50.933] LOG: Applied Super EXP. Charm 
[07:50:50.933] LOG: Applied EXP. Charm 
[07:50:51.437] LOG: 13827 15162 14947
[07:50:51.646] LOG: %cStart Phase LevelUpPhase color:green;
[07:50:51.647] LOG: %cStart Phase LearnMoveBatchPhase color:green;
[07:51:03.004] LOG: %cStart Phase ShowPartyExpBarPhase color:green;
[07:51:03.004] LOG: Applied Super EXP. Charm 
[07:51:03.004] LOG: Applied EXP. Charm 
[07:51:03.004] LOG: %cStart Phase HidePartyExpBarPhase color:green;
[07:51:03.004] LOG: %cStart Phase ShowPartyExpBarPhase color:green;
[07:51:03.004] LOG: Applied Super EXP. Charm 
[07:51:03.004] LOG: Applied EXP. Charm 
[07:51:03.253] LOG: %cStart Phase LevelUpPhase color:green;
[07:51:03.253] LOG: %cStart Phase HidePartyExpBarPhase color:green;
[07:51:03.426] LOG: %cStart Phase ShowPartyExpBarPhase color:green;
[07:51:03.427] LOG: Applied Super EXP. Charm 
[07:51:03.427] LOG: Applied EXP. Charm 
[07:51:03.683] LOG: %cStart Phase LevelUpPhase color:green;
[07:51:03.684] LOG: %cStart Phase HidePartyExpBarPhase color:green;
[07:51:03.864] LOG: %cStart Phase ShowPartyExpBarPhase color:green;
[07:51:03.864] LOG: Applied Super EXP. Charm 
[07:51:03.864] LOG: Applied EXP. Charm 
[07:51:03.864] LOG: %cStart Phase HidePartyExpBarPhase color:green;
[07:51:03.864] LOG: %cStart Phase ShowPartyExpBarPhase color:green;
[07:51:03.864] LOG: Applied Super EXP. Charm 
[07:51:03.864] LOG: Applied EXP. Charm 
[07:51:04.114] LOG: %cStart Phase LevelUpPhase color:green;
[07:51:04.114] LOG: %cStart Phase HidePartyExpBarPhase color:green;
[07:51:04.288] LOG: %cStart Phase MovePhase color:green;
[07:51:04.288] LOG: %cStart Phase MoveEndPhase color:green;
[07:51:04.288] LOG: %cStart Phase CheckInterludePhase color:green;
[07:51:04.288] LOG: %cStart Phase WeatherEffectPhase color:green;
[07:51:04.288] LOG: %cStart Phase PositionalTagPhase color:green;
[07:51:04.288] LOG: %cStart Phase BerryPhase color:green;
[07:51:04.288] LOG: %cStart Phase CheckStatusEffectPhase color:green;
[07:51:04.288] LOG: %cStart Phase TurnEndPhase color:green;
[07:51:04.288] LOG: %cStart Phase BattleEndPhase color:green;
[07:51:04.288] LOG: Battle Score: 105 (1 Turns x1)
[07:51:04.288] LOG: Total Score: 1188
[07:51:04.290] LOG: Applied Protein 
[07:51:04.290] LOG: %cStart Phase EggLapsePhase color:green;
[07:51:04.290] LOG: %cStart Phase SelectModifierPhase color:green;
[07:51:04.290] LOG: Wave Seed: eQ^mN[~NK|deb{ 26
[07:51:04.292] LOG: 6 2 [2,3]
[07:51:04.292] LOG: {"id":"LURE","localeKey":"modifierType:ModifierType.LURE","iconImage":"lure","group":"lure","soundName":"se/restore","tier":0,"maxBattles":10} 
[07:51:04.292] LOG: 1 0 [2,3]
[07:51:04.292] LOG: {"id":"RARE_CANDY","localeKey":"modifierType:ModifierType.RARE_CANDY","iconImage":"rare_candy","soundName":"se/restore","tier":0} 
[07:51:04.292] LOG: 4 2 [2,3]
[07:51:04.292] LOG: {"id":"ETHER","localeKey":"modifierType:ModifierType.ETHER","iconImage":"ether","group":"ether","soundName":"se/restore","tier":0,"restorePoints":10} 
[07:51:14.480] LOG: Applied Protein 
[07:51:14.481] LOG: %cStart Phase LevelUpPhase color:green;
[07:51:14.481] LOG: %cStart Phase EvolutionPhase color:green;
[07:51:20.750] LOG: [coop:account] account-write scope OPEN (own-evolution) depth=1
[07:51:20.752] LOG: Applied Protein 
[07:51:27.222] LOG: %cStart Phase EndEvolutionPhase color:green;
[07:51:27.349] LOG: %cStart Phase NewBattlePhase color:green;
[07:51:27.349] LOG: Wave Seed: fR_nO\OL}efc| 27
[07:51:27.349] LOG: %cStart Phase NextEncounterPhase color:green;
[07:51:27.350] LOG: Starting species pool tier: UNCOMMON
[07:51:27.351] LOG: ER #479: vanilla-difficulty wild kept as MOTHIM - skipped custom evolution Burmy Trash
[07:51:27.356] LOG: Pokemon: Wild Burmy Trash | Species ID: 10229 | Level: 17 | Nature: Quiet (+SpAtk/-Spd)
[07:51:27.356] LOG: Stats (IVs): HP: 49 (25), Atk: 17 (17), Def: 26 (5), Spatk: 30 (12), Spdef: 29 (24), Spd: 17 (14)
[07:51:27.356] LOG: Ability: Anticipation | Passive Ability: Swarm 
[07:51:27.356] LOG: Moveset: ["Sticky Web"]
[07:51:27.356] LOG: Starting species pool tier: COMMON
[07:51:27.361] LOG: Pokemon: Wild Shroodle | Species ID: 944 | Level: 18 | Nature: Serious (-)
[07:51:27.361] LOG: Stats (IVs): HP: 44 (10), Atk: 30 (13), Def: 21 (19), Spatk: 24 (31), Spdef: 20 (16), Spd: 37 (29)
[07:51:27.361] LOG: Ability: Prankster | Passive Ability: Poison Touch 
[07:51:27.361] LOG: Moveset: ["Hyper Fang","Mimic","Encore","Poison Fang"]
[07:51:27.361] LOG: Starting species pool tier: COMMON
[07:51:27.367] LOG: Pokemon: Wild Bellsprout | Species ID: 69 | Level: 18 | Nature: Relaxed (+Def/-Spd)
[07:51:27.367] LOG: Stats (IVs): HP: 54 (5), Atk: 33 (6), Def: 21 (10), Spatk: 33 (16), Spdef: 19 (22), Spd: 19 (18)
[07:51:27.367] LOG: Ability: Solar Power | Passive Ability: Chlorophyll 
[07:51:27.367] LOG: Moveset: ["Magical Leaf","Wrap","Stun Spore","Sweet Scent"]
[07:51:28.070] LOG: Battle Seed: 3FGk4oXWV7Tkp655
[07:51:28.129] DEBUG: Session data saved to slot 0!
[07:51:28.130] LOG: Wave Seed: fR_nO\OL}efc| 27
[07:51:28.799] WARN: cry/10229 not found
[07:51:29.600] LOG: %cStart Phase ToggleDoublePositionPhase color:green;
[07:51:29.780] LOG: %cStart Phase SummonPhase color:green;
[07:51:30.251] LOG: Applied Protein 
[07:51:30.681] LOG: %cStart Phase SummonPhase color:green;
[07:51:31.154] LOG: Applied Protein 
[07:51:31.584] LOG: %cStart Phase CheckSwitchPhase color:green;
[07:51:38.072] LOG: %cStart Phase CheckSwitchPhase color:green;
[07:51:40.225] LOG: %cStart Phase CheckSwitchPhase color:green;
[07:51:40.836] LOG: %cStart Phase SwitchPhase color:green;
[07:51:43.035] LOG: %cStart Phase SwitchSummonPhase color:green;
[07:51:43.601] LOG: Applied Protein 
[07:51:44.054] LOG: %cStart Phase PostSummonPhase color:green;
[07:51:44.054] LOG: Ran PSP for: Metang
[07:51:44.058] LOG: %cStart Phase PostSummonPhase color:green;
[07:51:44.060] LOG: %cStart Phase ShowAbilityPhase color:green;
[07:51:44.576] LOG: %cStart Phase StatStageChangePhase color:green;
[07:51:45.169] LOG: %cStart Phase MessagePhase color:green;
[07:51:45.796] LOG: %cStart Phase HideAbilityPhase color:green;
[07:51:45.867] LOG: %cStart Phase InitEncounterPhase color:green;
[07:51:45.872] LOG: %cStart Phase PostSummonPhase color:green;
[07:51:45.872] LOG: Ran PSP for: Shroodle
[07:51:45.879] LOG: %cStart Phase PostSummonPhase color:green;
[07:51:45.879] LOG: %cStart Phase ShowAbilityPhase color:green;
[07:51:46.395] LOG: %cStart Phase MovePhase color:green;
[07:51:46.395] LOG: %cUser: Shroodle
Move: SCRATCH
Use Mode: INDIRECT color:orchid
[07:51:46.419] LOG: %cStart Phase MessagePhase color:green;
[07:51:46.768] LOG: %cStart Phase MoveEffectPhase color:green;
[07:51:46.796] LOG: crit stage: +0
[07:51:46.798] LOG: Move: Scratch | Base damage: 8.133333333333333 | Power: 40 | Source attack: 30 | Target defense: 36
[07:51:46.799] LOG: Move: Scratch | Attack damage: 11
[07:51:46.800] LOG: Applied Protein 
[07:51:46.802] LOG: %cStart Phase DamageAnimPhase color:green;
[07:51:46.812] LOG: %cStart Phase ShowAbilityPhase color:green;
[07:51:46.812] LOG: %cStart Phase HideAbilityPhase color:green;
[07:51:46.889] LOG: %cStart Phase ShowAbilityPhase color:green;
[07:51:47.403] LOG: %cStart Phase MessagePhase color:green;
[07:51:48.234] LOG: %cStart Phase HideAbilityPhase color:green;
[07:51:48.305] LOG: %cStart Phase MoveEndPhase color:green;
[07:51:48.305] LOG: %cStart Phase HideAbilityPhase color:green;
[07:51:48.384] LOG: %cStart Phase PostSummonPhase color:green;
[07:51:48.384] LOG: Ran PSP for: Mawile
[07:51:48.389] LOG: %cStart Phase PostSummonPhase color:green;
[07:51:48.389] LOG: Ran PSP for: Bellsprout
[07:51:48.393] LOG: %cStart Phase PostSummonPhase color:green;
[07:51:48.393] LOG: Ran PSP for: Burmy Trash
[07:51:48.396] LOG: %cStart Phase PostSummonPhase color:green;
[07:51:48.396] LOG: %cStart Phase ShowAbilityPhase color:green;
[07:51:48.909] LOG: %cStart Phase MessagePhase color:green;
[07:51:49.609] LOG: %cStart Phase HideAbilityPhase color:green;
[07:51:49.681] LOG: %cStart Phase TurnInitPhase color:green;
[07:51:49.682] LOG: %cStart Phase CommandPhase color:green;

----- REPLAY TRACE (JSON) -----
{"version":2,"seed":"Kl7DSv4eAgdf41bxJwKHamhg","gameModeId":0,"difficulty":"youngster","challenges":[],"roster":[{"id":2480949301,"player":true,"species":239,"formIndex":0,"abilityIndex":0,"passive":true,"shiny":false,"variant":0,"pokeball":0,"level":20,"exp":8205,"levelExp":205,"gender":0,"hp":44,"stats":[48,35,24,34,29,46],"ivs":[4,26,24,19,10,17],"nature":12,"moveset":[{"moveId":231,"ppUsed":0,"ppUp":0},{"moveId":9,"ppUsed":1,"ppUp":0},{"moveId":5149,"ppUsed":2,"ppUp":0},{"moveId":680,"ppUsed":3,"ppUp":0}],"status":null,"friendship":159,"metLevel":5,"metBiome":-1,"metSpecies":239,"metWave":-1,"luck":0,"pauseEvolutions":false,"pokerus":true,"usedTMs":[5149,9],"teraType":12,"isTerastallized":false,"stellarTypesBoosted":[],"fusionSpecies":null,"fusionShiny":false,"fusionVariant":0,"fusionLuck":0,"fusionTeraType":0,"boss":false,"bossSegments":0,"summonData":{"statStages":[0,0,0,0,0,0,0],"moveQueue":[],"tags":[],"abilitySuppressed":false,"abilitiesApplied":[],"erSuppressedInnateSlots":[false,false,false],"erTimedAbilitySuppressions":[],"erAbilityProvenance":[],"erImposterCopiedAttackBoost":false,"chuckusterReductionUsed":false,"forceAttackerOutUsed":false,"erCommandedUsedThisSwitchIn":false,"stats":[0,0,0,0,0,0],"types":[],"berriesEatenLast":[],"moveHistory":[]},"battleData":{"hitCount":0,"hasEatenBerry":false,"berriesEaten":[],"anticipationDodgeUsed":false,"rudeAwakeningTriggered":false,"cowardProtectUsed":false,"lostItems":[]},"customPokemonData":{"spriteScale":-1,"ability":-1,"passive":-1,"passive2":-1,"passive3":-1,"nature":-1,"bonusMoveSlots":0,"abilityOverridesForm":false,"types":[],"hitsRecCount":null,"erBlackShiny":false,"erGiftAbilities":[],"erGiftIndex":0,"erShinyLabSuppressLocal":false,"erInnateShrineUnlocked":false,"erCursedStat":-1,"erLockedAbilitySlots":[],"erRunUnlockedAbilitySlots":[]},"fusionCustomPokemonData":{"spriteScale":-1,"ability":-1,"passive":-1,"passive2":-1,"passive3":-1,"nature":-1,"bonusMoveSlots":0,"abilityOverridesForm":false,"types":[],"hitsRecCount":null,"erBlackShiny":false,"erGiftAbilities":[],"erGiftIndex":0,"erShinyLabSuppressLocal":false,"erInnateShrineUnlocked":false,"erCursedStat":-1,"erLockedAbilitySlots":[],"erRunUnlockedAbilitySlots":[]},"mysteryEncounterPokemonData":null,"fusionMysteryEncounterPokemonData":null},{"id":1928876935,"player":true,"species":303,"formIndex":0,"abilityIndex":0,"passive":false,"shiny":false,"variant":0,"pokeball":1,"level":17,"exp":5006,"levelExp":413,"gender":1,"hp":55,"stats":[55,22,46,27,35,23],"ivs":[25,15,16,20,28,7],"nature":0,"moveset":[{"moveId":34,"ppUsed":12,"ppUp":0},{"moveId":321,"ppUsed":0,"ppUp":0},{"moveId":310,"ppUsed":0,"ppUp":0},{"moveId":313,"ppUsed":0,"ppUp":0}],"status":null,"friendship":59,"metLevel":12,"metBiome":2,"metSpecies":303,"metWave":18,"luck":0,"pauseEvolutions":false,"pokerus":false,"usedTMs":[],"teraType":0,"isTerastallized":false,"stellarTypesBoosted":[],"fusionSpecies":null,"fusionShiny":false,"fusionVariant":0,"fusionLuck":0,"fusionTeraType":0,"boss":false,"bossSegments":0,"summonData":{"statStages":[0,0,0,0,0,0,0],"moveQueue":[],"tags":[],"abilitySuppressed":false,"abilitiesApplied":[],"erSuppressedInnateSlots":[false,false,false],"erTimedAbilitySuppressions":[],"erAbilityProvenance":[],"erImposterCopiedAttackBoost":false,"chuckusterReductionUsed":false,"forceAttackerOutUsed":false,"erCommandedUsedThisSwitchIn":false,"stats":[0,0,0,0,0,0],"types":[],"berriesEatenLast":[],"moveHistory":[]},"battleData":{"hitCount":0,"hasEatenBerry":false,"berriesEaten":[],"anticipationDodgeUsed":false,"rudeAwakeningTriggered":false,"cowardProtectUsed":false,"lostItems":[]},"customPokemonData":{"spriteScale":-1,"ability":-1,"passive":-1,"passive2":-1,"passive3":-1,"nature":-1,"bonusMoveSlots":0,"abilityOverridesForm":false,"types":[],"hitsRecCount":null,"erBlackShiny":false,"erGiftAbilities":[],"erGiftIndex":0,"erShinyLabSuppressLocal":false,"erInnateShrineUnlocked":false,"erCursedStat":-1,"erLockedAbilitySlots":[],"erRunUnlockedAbilitySlots":[]},"fusionCustomPokemonData":{"spriteScale":-1,"ability":-1,"passive":-1,"passive2":-1,"passive3":-1,"nature":-1,"bonusMoveSlots":0,"abilityOverridesForm":false,"types":[],"hitsRecCount":null,"erBlackShiny":false,"erGiftAbilities":[],"erGiftIndex":0,"erShinyLabSuppressLocal":false,"erInnateShrineUnlocked":false,"erCursedStat":-1,"erLockedAbilitySlots":[],"erRunUnlockedAbilitySlots":[]},"mysteryEncounterPokemonData":null,"fusionMysteryEncounterPokemonData":null},{"id":1194940135,"player":true,"species":109,"formIndex":0,"abilityIndex":1,"passive":true,"shiny":false,"variant":0,"pokeball":0,"level":16,"exp":4338,"levelExp":242,"gender":0,"hp":41,"stats":[41,33,39,32,20,20],"ivs":[14,28,25,29,23,28],"nature":4,"moveset":[{"moveId":372,"ppUsed":0,"ppUp":0},{"moveId":305,"ppUsed":0,"ppUp":0},{"moveId":776,"ppUsed":0,"ppUp":0},{"moveId":105,"ppUsed":0,"ppUp":0}],"status":null,"friendship":59,"metLevel":5,"metBiome":-1,"metSpecies":109,"metWave":-1,"luck":0,"pauseEvolutions":false,"pokerus":true,"usedTMs":[],"teraType":3,"isTerastallized":false,"stellarTypesBoosted":[],"fusionSpecies":null,"fusionShiny":false,"fusionVariant":0,"fusionLuck":0,"fusionTeraType":0,"boss":false,"bossSegments":0,"summonData":{"statStages":[0,0,0,0,0,0,0],"moveQueue":[],"tags":[],"abilitySuppressed":false,"abilitiesApplied":[],"erSuppressedInnateSlots":[false,false,false],"erTimedAbilitySuppressions":[],"erAbilityProvenance":[],"erImposterCopiedAttackBoost":false,"chuckusterReductionUsed":false,"forceAttackerOutUsed":false,"erCommandedUsedThisSwitchIn":false,"stats":[0,0,0,0,0,0],"types":[],"berriesEatenLast":[],"moveHistory":[]},"battleData":{"hitCount":0,"hasEatenBerry":false,"berriesEaten":[],"anticipationDodgeUsed":false,"rudeAwakeningTriggered":false,"cowardProtectUsed":false,"lostItems":[]},"customPokemonData":{"spriteScale":-1,"ability":-1,"passive":-1,"passive2":-1,"passive3":-1,"nature":-1,"bonusMoveSlots":0,"abilityOverridesForm":false,"types":[],"hitsRecCount":null,"erBlackShiny":false,"erGiftAbilities":[],"erGiftIndex":0,"erShinyLabSuppressLocal":false,"erInnateShrineUnlocked":false,"erCursedStat":-1,"erLockedAbilitySlots":[],"erRunUnlockedAbilitySlots":[]},"fusionCustomPokemonData":{"spriteScale":-1,"ability":-1,"passive":-1,"passive2":-1,"passive3":-1,"nature":-1,"bonusMoveSlots":0,"abilityOverridesForm":false,"types":[],"hitsRecCount":null,"erBlackShiny":false,"erGiftAbilities":[],"erGiftIndex":0,"erShinyLabSuppressLocal":false,"erInnateShrineUnlocked":false,"erCursedStat":-1,"erLockedAbilitySlots":[],"erRunUnlockedAbilitySlots":[]},"mysteryEncounterPokemonData":null,"fusionMysteryEncounterPokemonData":null},{"id":3168127004,"player":true,"species":209,"formIndex":0,"abilityIndex":0,"passive":true,"shiny":false,"variant":0,"pokeball":0,"level":16,"exp":4303,"levelExp":474,"gender":0,"hp":50,"stats":[50,33,25,21,21,28],"ivs":[31,23,30,25,25,28],"nature":10,"moveset":[{"moveId":14,"ppUsed":0,"ppUp":0},{"moveId":746,"ppUsed":0,"ppUp":0},{"moveId":5008,"ppUsed":0,"ppUp":0},{"moveId":158,"ppUsed":0,"ppUp":0}],"status":null,"friendship":76,"metLevel":5,"metBiome":-1,"metSpecies":209,"metWave":-1,"luck":0,"pauseEvolutions":false,"pokerus":true,"usedTMs":[],"teraType":17,"isTerastallized":false,"stellarTypesBoosted":[],"fusionSpecies":null,"fusionShiny":false,"fusionVariant":0,"fusionLuck":0,"fusionTeraType":0,"boss":false,"bossSegments":0,"summonData":{"statStages":[0,0,0,0,0,0,0],"moveQueue":[],"tags":[],"abilitySuppressed":false,"abilitiesApplied":[],"erSuppressedInnateSlots":[false,false,false],"erTimedAbilitySuppressions":[],"erAbilityProvenance":[],"erImposterCopiedAttackBoost":false,"chuckusterReductionUsed":false,"forceAttackerOutUsed":false,"erCommandedUsedThisSwitchIn":false,"stats":[0,0,0,0,0,0],"types":[],"berriesEatenLast":[],"moveHistory":[]},"battleData":{"hitCount":0,"hasEatenBerry":false,"berriesEaten":[],"anticipationDodgeUsed":false,"rudeAwakeningTriggered":false,"cowardProtectUsed":false,"lostItems":[]},"customPokemonData":{"spriteScale":-1,"ability":-1,"passive":-1,"passive2":-1,"passive3":-1,"nature":-1,"bonusMoveSlots":0,"abilityOverridesForm":false,"types":[],"hitsRecCount":null,"erBlackShiny":false,"erGiftAbilities":[],"erGiftIndex":0,"erShinyLabSuppressLocal":false,"erInnateShrineUnlocked":false,"erCursedStat":-1,"erLockedAbilitySlots":[],"erRunUnlockedAbilitySlots":[]},"fusionCustomPokemonData":{"spriteScale":-1,"ability":-1,"passive":-1,"passive2":-1,"passive3":-1,"nature":-1,"bonusMoveSlots":0,"abilityOverridesForm":false,"types":[],"hitsRecCount":null,"erBlackShiny":false,"erGiftAbilities":[],"erGiftIndex":0,"erShinyLabSuppressLocal":false,"erInnateShrineUnlocked":false,"erCursedStat":-1,"erLockedAbilitySlots":[],"erRunUnlockedAbilitySlots":[]},"mysteryEncounterPokemonData":null,"fusionMysteryEncounterPokemonData":null},{"id":2338556379,"player":true,"species":375,"formIndex":0,"abilityIndex":0,"passive":false,"shiny":false,"variant":0,"pokeball":0,"level":17,"exp":6186,"levelExp":874,"gender":-1,"hp":52,"stats":[52,31,40,28,34,28],"ivs":[31,30,11,30,16,20],"nature":10,"moveset":[{"moveId":244,"ppUsed":0,"ppUp":0},{"moveId":838,"ppUsed":2,"ppUp":0},{"moveId":159,"ppUsed":0,"ppUp":0},{"moveId":798,"ppUsed":0,"ppUp":0}],"status":null,"friendship":51,"metLevel":5,"metBiome":-1,"metSpecies":374,"metWave":-1,"luck":0,"pauseEvolutions":false,"pokerus":true,"usedTMs":[],"teraType":8,"isTerastallized":false,"stellarTypesBoosted":[],"fusionSpecies":null,"fusionShiny":false,"fusionVariant":0,"fusionLuck":0,"fusionTeraType":0,"boss":false,"bossSegments":0,"summonData":{"statStages":[1,-2,0,-2,0,0,0],"moveQueue":[],"tags":[],"abilitySuppressed":false,"abilitiesApplied":[88],"erSuppressedInnateSlots":[false,false,false],"erTimedAbilitySuppressions":[],"erAbilityProvenance":[],"erImposterCopiedAttackBoost":false,"chuckusterReductionUsed":false,"forceAttackerOutUsed":false,"erCommandedUsedThisSwitchIn":false,"stats":[0,0,0,0,0,0],"types":[],"berriesEatenLast":[],"moveHistory":[{"move":838,"targets":[2],"result":1,"useMode":1},{"move":838,"targets":[2],"result":1,"useMode":1}]},"battleData":{"hitCount":0,"hasEatenBerry":false,"berriesEaten":[],"anticipationDodgeUsed":false,"rudeAwakeningTriggered":false,"cowardProtectUsed":false,"lostItems":[]},"customPokemonData":{"spriteScale":-1,"ability":-1,"passive":-1,"passive2":-1,"passive3":-1,"nature":-1,"bonusMoveSlots":0,"abilityOverridesForm":false,"types":[],"hitsRecCount":null,"erBlackShiny":false,"erGiftAbilities":[],"erGiftIndex":0,"erShinyLabSuppressLocal":false,"erInnateShrineUnlocked":false,"erCursedStat":-1,"erLockedAbilitySlots":[],"erRunUnlockedAbilitySlots":[]},"fusionCustomPokemonData":{"spriteScale":-1,"ability":-1,"passive":-1,"passive2":-1,"passive3":-1,"nature":-1,"bonusMoveSlots":0,"abilityOverridesForm":false,"types":[],"hitsRecCount":null,"erBlackShiny":false,"erGiftAbilities":[],"erGiftIndex":0,"erShinyLabSuppressLocal":false,"erInnateShrineUnlocked":false,"erCursedStat":-1,"erLockedAbilitySlots":[],"erRunUnlockedAbilitySlots":[]},"mysteryEncounterPokemonData":null,"fusionMysteryEncounterPokemonData":null},{"id":3717984722,"player":true,"species":39,"formIndex":0,"abilityIndex":1,"passive":false,"shiny":false,"variant":0,"pokeball":0,"level":16,"exp":4143,"levelExp":314,"gender":0,"hp":64,"stats":[64,22,18,35,20,17],"ivs":[30,22,27,31,31,27],"nature":14,"moveset":[{"moveId":497,"ppUsed":0,"ppUp":0},{"moveId":584,"ppUsed":0,"ppUp":0},{"moveId":47,"ppUsed":0,"ppUp":0},{"moveId":788,"ppUsed":0,"ppUp":0}],"status":null,"friendship":50,"metLevel":5,"metBiome":-1,"metSpecies":174,"metWave":-1,"luck":0,"pauseEvolutions":false,"pokerus":true,"usedTMs":[],"teraType":0,"isTerastallized":false,"stellarTypesBoosted":[],"fusionSpecies":null,"fusionShiny":false,"fusionVariant":0,"fusionLuck":0,"fusionTeraType":0,"boss":false,"bossSegments":0,"summonData":{"statStages":[0,0,0,0,0,0,0],"moveQueue":[],"tags":[],"abilitySuppressed":false,"abilitiesApplied":[],"erSuppressedInnateSlots":[false,false,false],"erTimedAbilitySuppressions":[],"erAbilityProvenance":[],"erImposterCopiedAttackBoost":false,"chuckusterReductionUsed":false,"forceAttackerOutUsed":false,"erCommandedUsedThisSwitchIn":false,"stats":[0,0,0,0,0,0],"types":[],"berriesEatenLast":[],"moveHistory":[]},"battleData":{"hitCount":0,"hasEatenBerry":false,"berriesEaten":[],"anticipationDodgeUsed":false,"rudeAwakeningTriggered":false,"cowardProtectUsed":false,"lostItems":[]},"customPokemonData":{"spriteScale":-1,"ability":-1,"passive":-1,"passive2":-1,"passive3":-1,"nature":-1,"bonusMoveSlots":0,"abilityOverridesForm":false,"types":[],"hitsRecCount":null,"erBlackShiny":false,"erGiftAbilities":[],"erGiftIndex":0,"erShinyLabSuppressLocal":false,"erInnateShrineUnlocked":false,"erCursedStat":-1,"erLockedAbilitySlots":[],"erRunUnlockedAbilitySlots":[]},"fusionCustomPokemonData":{"spriteScale":-1,"ability":-1,"passive":-1,"passive2":-1,"passive3":-1,"nature":-1,"bonusMoveSlots":0,"abilityOverridesForm":false,"types":[],"hitsRecCount":null,"erBlackShiny":false,"erGiftAbilities":[],"erGiftIndex":0,"erShinyLabSuppressLocal":false,"erInnateShrineUnlocked":false,"erCursedStat":-1,"erLockedAbilitySlots":[],"erRunUnlockedAbilitySlots":[]},"mysteryEncounterPokemonData":null,"fusionMysteryEncounterPokemonData":null}],"events":[{"type":"interaction","seq":0,"kind":"me","choice":0},{"type":"interaction","seq":1,"kind":"skip","choice":-1},{"type":"command","wave":24,"turn":1,"slotFieldIndex":0,"command":{"kind":"move","moveIndex":1,"target":2}},{"type":"command","wave":24,"turn":2,"slotFieldIndex":0,"command":{"kind":"move","moveIndex":1,"target":2}},{"type":"command","wave":24,"turn":3,"slotFieldIndex":0,"command":{"kind":"move","moveIndex":3,"target":2}},{"type":"command","wave":24,"turn":4,"slotFieldIndex":0,"command":{"kind":"move","moveIndex":3,"target":2}},{"type":"command","wave":24,"turn":5,"slotFieldIndex":0,"command":{"kind":"move","moveIndex":3,"target":2}},{"type":"command","wave":24,"turn":6,"slotFieldIndex":0,"command":{"kind":"move","moveIndex":2,"target":0}},{"type":"command","wave":24,"turn":7,"slotFieldIndex":0,"command":{"kind":"move","moveIndex":3,"target":2}},{"type":"command","wave":24,"turn":8,"slotFieldIndex":0,"command":{"kind":"move","moveIndex":0,"target":2}},{"type":"interaction","seq":2,"kind":"learnMove","choice":3,"data":[349]},{"type":"interaction","seq":3,"kind":"learnMove","choice":2,"data":[70]},{"type":"interaction","seq":4,"kind":"learnMove","choice":0,"data":[707]},{"type":"interaction","seq":5,"kind":"learnMove","choice":1,"data":[124]},{"type":"interaction","seq":6,"kind":"learnMove","choice":4},{"type":"command","wave":24,"turn":9,"slotFieldIndex":0,"command":{"kind":"move","moveIndex":1,"target":2}},{"type":"interaction","seq":7,"kind":"reward","choice":1},{"type":"command","wave":25,"turn":1,"slotFieldIndex":0,"command":{"kind":"move","moveIndex":3,"target":0}},{"type":"command","wave":25,"turn":2,"slotFieldIndex":0,"command":{"kind":"move","moveIndex":1,"target":2}},{"type":"command","wave":25,"turn":3,"slotFieldIndex":0,"command":{"kind":"move","moveIndex":2,"target":2}},{"type":"command","wave":25,"turn":4,"slotFieldIndex":0,"command":{"kind":"move","moveIndex":0,"target":2}},{"type":"interaction","seq":8,"kind":"reward","choice":2},{"type":"interaction","seq":9,"kind":"reward","choice":2},{"type":"interaction","seq":10,"kind":"crossroads","choice":1},{"type":"interaction","seq":11,"kind":"biome","choice":5},{"type":"command","wave":26,"turn":1,"slotFieldIndex":0,"command":{"kind":"move","moveIndex":0,"target":2}},{"type":"command","wave":26,"turn":1,"slotFieldIndex":0,"command":{"kind":"ball","ballIndex":3}},{"type":"interaction","seq":12,"kind":"learnMove","choice":4},{"type":"interaction","seq":13,"kind":"reward","choice":1}],"endState":{"waveIndex":27,"money":629,"party":[{"species":125,"level":23,"hp":46,"maxHp":61},{"species":303,"level":21,"hp":65,"maxHp":65},{"species":375,"level":21,"hp":56,"maxHp":62},{"species":209,"level":22,"hp":65,"maxHp":65},{"species":372,"level":24,"hp":66,"maxHp":66},{"species":109,"level":22,"hp":52,"maxHp":52}]},"checkpoint":{"wave":23,"seed":"Kl7DSv4eAgdf41bxJwKHamhg","party":[{"id":2480949301,"player":true,"species":239,"formIndex":0,"abilityIndex":0,"passive":true,"shiny":false,"variant":0,"pokeball":0,"level":20,"exp":8205,"levelExp":205,"gender":0,"hp":44,"stats":[48,35,24,34,29,46],"ivs":[4,26,24,19,10,17],"nature":12,"moveset":[{"moveId":231,"ppUsed":0,"ppUp":0},{"moveId":9,"ppUsed":1,"ppUp":0},{"moveId":5149,"ppUsed":2,"ppUp":0},{"moveId":680,"ppUsed":3,"ppUp":0}],"status":null,"friendship":159,"metLevel":5,"metBiome":-1,"metSpecies":239,"metWave":-1,"luck":0,"pauseEvolutions":false,"pokerus":true,"usedTMs":[5149,9],"teraType":12,"isTerastallized":false,"stellarTypesBoosted":[],"fusionSpecies":null,"fusionShiny":false,"fusionVariant":0,"fusionLuck":0,"fusionTeraType":0,"boss":false,"bossSegments":0,"summonData":{"statStages":[0,0,0,0,0,0,0],"moveQueue":[],"tags":[],"abilitySuppressed":false,"abilitiesApplied":[],"erSuppressedInnateSlots":[false,false,false],"erTimedAbilitySuppressions":[],"erAbilityProvenance":[],"erImposterCopiedAttackBoost":false,"chuckusterReductionUsed":false,"forceAttackerOutUsed":false,"erCommandedUsedThisSwitchIn":false,"stats":[0,0,0,0,0,0],"types":[],"berriesEatenLast":[],"moveHistory":[]},"battleData":{"hitCount":0,"hasEatenBerry":false,"berriesEaten":[],"anticipationDodgeUsed":false,"rudeAwakeningTriggered":false,"cowardProtectUsed":false,"lostItems":[]},"customPokemonData":{"spriteScale":-1,"ability":-1,"passive":-1,"passive2":-1,"passive3":-1,"nature":-1,"bonusMoveSlots":0,"abilityOverridesForm":false,"types":[],"hitsRecCount":null,"erBlackShiny":false,"erGiftAbilities":[],"erGiftIndex":0,"erShinyLabSuppressLocal":false,"erInnateShrineUnlocked":false,"erCursedStat":-1,"erLockedAbilitySlots":[],"erRunUnlockedAbilitySlots":[]},"fusionCustomPokemonData":{"spriteScale":-1,"ability":-1,"passive":-1,"passive2":-1,"passive3":-1,"nature":-1,"bonusMoveSlots":0,"abilityOverridesForm":false,"types":[],"hitsRecCount":null,"erBlackShiny":false,"erGiftAbilities":[],"erGiftIndex":0,"erShinyLabSuppressLocal":false,"erInnateShrineUnlocked":false,"erCursedStat":-1,"erLockedAbilitySlots":[],"erRunUnlockedAbilitySlots":[]},"mysteryEncounterPokemonData":null,"fusionMysteryEncounterPokemonData":null},{"id":1928876935,"player":true,"species":303,"formIndex":0,"abilityIndex":0,"passive":false,"shiny":false,"variant":0,"pokeball":1,"level":17,"exp":5006,"levelExp":413,"gender":1,"hp":55,"stats":[55,22,46,27,35,23],"ivs":[25,15,16,20,28,7],"nature":0,"moveset":[{"moveId":34,"ppUsed":12,"ppUp":0},{"moveId":321,"ppUsed":0,"ppUp":0},{"moveId":310,"ppUsed":0,"ppUp":0},{"moveId":313,"ppUsed":0,"ppUp":0}],"status":null,"friendship":59,"metLevel":12,"metBiome":2,"metSpecies":303,"metWave":18,"luck":0,"pauseEvolutions":false,"pokerus":false,"usedTMs":[],"teraType":0,"isTerastallized":false,"stellarTypesBoosted":[],"fusionSpecies":null,"fusionShiny":false,"fusionVariant":0,"fusionLuck":0,"fusionTeraType":0,"boss":false,"bossSegments":0,"summonData":{"statStages":[0,0,0,0,0,0,0],"moveQueue":[],"tags":[],"abilitySuppressed":false,"abilitiesApplied":[],"erSuppressedInnateSlots":[false,false,false],"erTimedAbilitySuppressions":[],"erAbilityProvenance":[],"erImposterCopiedAttackBoost":false,"chuckusterReductionUsed":false,"forceAttackerOutUsed":false,"erCommandedUsedThisSwitchIn":false,"stats":[0,0,0,0,0,0],"types":[],"berriesEatenLast":[],"moveHistory":[]},"battleData":{"hitCount":0,"hasEatenBerry":false,"berriesEaten":[],"anticipationDodgeUsed":false,"rudeAwakeningTriggered":false,"cowardProtectUsed":false,"lostItems":[]},"customPokemonData":{"spriteScale":-1,"ability":-1,"passive":-1,"passive2":-1,"passive3":-1,"nature":-1,"bonusMoveSlots":0,"abilityOverridesForm":false,"types":[],"hitsRecCount":null,"erBlackShiny":false,"erGiftAbilities":[],"erGiftIndex":0,"erShinyLabSuppressLocal":false,"erInnateShrineUnlocked":false,"erCursedStat":-1,"erLockedAbilitySlots":[],"erRunUnlockedAbilitySlots":[]},"fusionCustomPokemonData":{"spriteScale":-1,"ability":-1,"passive":-1,"passive2":-1,"passive3":-1,"nature":-1,"bonusMoveSlots":0,"abilityOverridesForm":false,"types":[],"hitsRecCount":null,"erBlackShiny":false,"erGiftAbilities":[],"erGiftIndex":0,"erShinyLabSuppressLocal":false,"erInnateShrineUnlocked":false,"erCursedStat":-1,"erLockedAbilitySlots":[],"erRunUnlockedAbilitySlots":[]},"mysteryEncounterPokemonData":null,"fusionMysteryEncounterPokemonData":null},{"id":1194940135,"player":true,"species":109,"formIndex":0,"abilityIndex":1,"passive":true,"shiny":false,"variant":0,"pokeball":0,"level":16,"exp":4338,"levelExp":242,"gender":0,"hp":41,"stats":[41,33,39,32,20,20],"ivs":[14,28,25,29,23,28],"nature":4,"moveset":[{"moveId":372,"ppUsed":0,"ppUp":0},{"moveId":305,"ppUsed":0,"ppUp":0},{"moveId":776,"ppUsed":0,"ppUp":0},{"moveId":105,"ppUsed":0,"ppUp":0}],"status":null,"friendship":59,"metLevel":5,"metBiome":-1,"metSpecies":109,"metWave":-1,"luck":0,"pauseEvolutions":false,"pokerus":true,"usedTMs":[],"teraType":3,"isTerastallized":false,"stellarTypesBoosted":[],"fusionSpecies":null,"fusionShiny":false,"fusionVariant":0,"fusionLuck":0,"fusionTeraType":0,"boss":false,"bossSegments":0,"summonData":{"statStages":[0,0,0,0,0,0,0],"moveQueue":[],"tags":[],"abilitySuppressed":false,"abilitiesApplied":[],"erSuppressedInnateSlots":[false,false,false],"erTimedAbilitySuppressions":[],"erAbilityProvenance":[],"erImposterCopiedAttackBoost":false,"chuckusterReductionUsed":false,"forceAttackerOutUsed":false,"erCommandedUsedThisSwitchIn":false,"stats":[0,0,0,0,0,0],"types":[],"berriesEatenLast":[],"moveHistory":[]},"battleData":{"hitCount":0,"hasEatenBerry":false,"berriesEaten":[],"anticipationDodgeUsed":false,"rudeAwakeningTriggered":false,"cowardProtectUsed":false,"lostItems":[]},"customPokemonData":{"spriteScale":-1,"ability":-1,"passive":-1,"passive2":-1,"passive3":-1,"nature":-1,"bonusMoveSlots":0,"abilityOverridesForm":false,"types":[],"hitsRecCount":null,"erBlackShiny":false,"erGiftAbilities":[],"erGiftIndex":0,"erShinyLabSuppressLocal":false,"erInnateShrineUnlocked":false,"erCursedStat":-1,"erLockedAbilitySlots":[],"erRunUnlockedAbilitySlots":[]},"fusionCustomPokemonData":{"spriteScale":-1,"ability":-1,"passive":-1,"passive2":-1,"passive3":-1,"nature":-1,"bonusMoveSlots":0,"abilityOverridesForm":false,"types":[],"hitsRecCount":null,"erBlackShiny":false,"erGiftAbilities":[],"erGiftIndex":0,"erShinyLabSuppressLocal":false,"erInnateShrineUnlocked":false,"erCursedStat":-1,"erLockedAbilitySlots":[],"erRunUnlockedAbilitySlots":[]},"mysteryEncounterPokemonData":null,"fusionMysteryEncounterPokemonData":null},{"id":3168127004,"player":true,"species":209,"formIndex":0,"abilityIndex":0,"passive":true,"shiny":false,"variant":0,"pokeball":0,"level":16,"exp":4303,"levelExp":474,"gender":0,"hp":50,"stats":[50,33,25,21,21,28],"ivs":[31,23,30,25,25,28],"nature":10,"moveset":[{"moveId":14,"ppUsed":0,"ppUp":0},{"moveId":746,"ppUsed":0,"ppUp":0},{"moveId":5008,"ppUsed":0,"ppUp":0},{"moveId":158,"ppUsed":0,"ppUp":0}],"status":null,"friendship":76,"metLevel":5,"metBiome":-1,"metSpecies":209,"metWave":-1,"luck":0,"pauseEvolutions":false,"pokerus":true,"usedTMs":[],"teraType":17,"isTerastallized":false,"stellarTypesBoosted":[],"fusionSpecies":null,"fusionShiny":false,"fusionVariant":0,"fusionLuck":0,"fusionTeraType":0,"boss":false,"bossSegments":0,"summonData":{"statStages":[0,0,0,0,0,0,0],"moveQueue":[],"tags":[],"abilitySuppressed":false,"abilitiesApplied":[],"erSuppressedInnateSlots":[false,false,false],"erTimedAbilitySuppressions":[],"erAbilityProvenance":[],"erImposterCopiedAttackBoost":false,"chuckusterReductionUsed":false,"forceAttackerOutUsed":false,"erCommandedUsedThisSwitchIn":false,"stats":[0,0,0,0,0,0],"types":[],"berriesEatenLast":[],"moveHistory":[]},"battleData":{"hitCount":0,"hasEatenBerry":false,"berriesEaten":[],"anticipationDodgeUsed":false,"rudeAwakeningTriggered":false,"cowardProtectUsed":false,"lostItems":[]},"customPokemonData":{"spriteScale":-1,"ability":-1,"passive":-1,"passive2":-1,"passive3":-1,"nature":-1,"bonusMoveSlots":0,"abilityOverridesForm":false,"types":[],"hitsRecCount":null,"erBlackShiny":false,"erGiftAbilities":[],"erGiftIndex":0,"erShinyLabSuppressLocal":false,"erInnateShrineUnlocked":false,"erCursedStat":-1,"erLockedAbilitySlots":[],"erRunUnlockedAbilitySlots":[]},"fusionCustomPokemonData":{"spriteScale":-1,"ability":-1,"passive":-1,"passive2":-1,"passive3":-1,"nature":-1,"bonusMoveSlots":0,"abilityOverridesForm":false,"types":[],"hitsRecCount":null,"erBlackShiny":false,"erGiftAbilities":[],"erGiftIndex":0,"erShinyLabSuppressLocal":false,"erInnateShrineUnlocked":false,"erCursedStat":-1,"erLockedAbilitySlots":[],"erRunUnlockedAbilitySlots":[]},"mysteryEncounterPokemonData":null,"fusionMysteryEncounterPokemonData":null},{"id":2338556379,"player":true,"species":375,"formIndex":0,"abilityIndex":0,"passive":false,"shiny":false,"variant":0,"pokeball":0,"level":17,"exp":6186,"levelExp":874,"gender":-1,"hp":52,"stats":[52,31,40,28,34,28],"ivs":[31,30,11,30,16,20],"nature":10,"moveset":[{"moveId":244,"ppUsed":0,"ppUp":0},{"moveId":838,"ppUsed":2,"ppUp":0},{"moveId":159,"ppUsed":0,"ppUp":0},{"moveId":798,"ppUsed":0,"ppUp":0}],"status":null,"friendship":51,"metLevel":5,"metBiome":-1,"metSpecies":374,"metWave":-1,"luck":0,"pauseEvolutions":false,"pokerus":true,"usedTMs":[],"teraType":8,"isTerastallized":false,"stellarTypesBoosted":[],"fusionSpecies":null,"fusionShiny":false,"fusionVariant":0,"fusionLuck":0,"fusionTeraType":0,"boss":false,"bossSegments":0,"summonData":{"statStages":[1,-2,0,-2,0,0,0],"moveQueue":[],"tags":[],"abilitySuppressed":false,"abilitiesApplied":[88],"erSuppressedInnateSlots":[false,false,false],"erTimedAbilitySuppressions":[],"erAbilityProvenance":[],"erImposterCopiedAttackBoost":false,"chuckusterReductionUsed":false,"forceAttackerOutUsed":false,"erCommandedUsedThisSwitchIn":false,"stats":[0,0,0,0,0,0],"types":[],"berriesEatenLast":[],"moveHistory":[{"move":838,"targets":[2],"result":1,"useMode":1},{"move":838,"targets":[2],"result":1,"useMode":1}]},"battleData":{"hitCount":0,"hasEatenBerry":false,"berriesEaten":[],"anticipationDodgeUsed":false,"rudeAwakeningTriggered":false,"cowardProtectUsed":false,"lostItems":[]},"customPokemonData":{"spriteScale":-1,"ability":-1,"passive":-1,"passive2":-1,"passive3":-1,"nature":-1,"bonusMoveSlots":0,"abilityOverridesForm":false,"types":[],"hitsRecCount":null,"erBlackShiny":false,"erGiftAbilities":[],"erGiftIndex":0,"erShinyLabSuppressLocal":false,"erInnateShrineUnlocked":false,"erCursedStat":-1,"erLockedAbilitySlots":[],"erRunUnlockedAbilitySlots":[]},"fusionCustomPokemonData":{"spriteScale":-1,"ability":-1,"passive":-1,"passive2":-1,"passive3":-1,"nature":-1,"bonusMoveSlots":0,"abilityOverridesForm":false,"types":[],"hitsRecCount":null,"erBlackShiny":false,"erGiftAbilities":[],"erGiftIndex":0,"erShinyLabSuppressLocal":false,"erInnateShrineUnlocked":false,"erCursedStat":-1,"erLockedAbilitySlots":[],"erRunUnlockedAbilitySlots":[]},"mysteryEncounterPokemonData":null,"fusionMysteryEncounterPokemonData":null},{"id":3717984722,"player":true,"species":39,"formIndex":0,"abilityIndex":1,"passive":false,"shiny":false,"variant":0,"pokeball":0,"level":16,"exp":4143,"levelExp":314,"gender":0,"hp":64,"stats":[64,22,18,35,20,17],"ivs":[30,22,27,31,31,27],"nature":14,"moveset":[{"moveId":497,"ppUsed":0,"ppUp":0},{"moveId":584,"ppUsed":0,"ppUp":0},{"moveId":47,"ppUsed":0,"ppUp":0},{"moveId":788,"ppUsed":0,"ppUp":0}],"status":null,"friendship":50,"metLevel":5,"metBiome":-1,"metSpecies":174,"metWave":-1,"luck":0,"pauseEvolutions":false,"pokerus":true,"usedTMs":[],"teraType":0,"isTerastallized":false,"stellarTypesBoosted":[],"fusionSpecies":null,"fusionShiny":false,"fusionVariant":0,"fusionLuck":0,"fusionTeraType":0,"boss":false,"bossSegments":0,"summonData":{"statStages":[0,0,0,0,0,0,0],"moveQueue":[],"tags":[],"abilitySuppressed":false,"abilitiesApplied":[],"erSuppressedInnateSlots":[false,false,false],"erTimedAbilitySuppressions":[],"erAbilityProvenance":[],"erImposterCopiedAttackBoost":false,"chuckusterReductionUsed":false,"forceAttackerOutUsed":false,"erCommandedUsedThisSwitchIn":false,"stats":[0,0,0,0,0,0],"types":[],"berriesEatenLast":[],"moveHistory":[]},"battleData":{"hitCount":0,"hasEatenBerry":false,"berriesEaten":[],"anticipationDodgeUsed":false,"rudeAwakeningTriggered":false,"cowardProtectUsed":false,"lostItems":[]},"customPokemonData":{"spriteScale":-1,"ability":-1,"passive":-1,"passive2":-1,"passive3":-1,"nature":-1,"bonusMoveSlots":0,"abilityOverridesForm":false,"types":[],"hitsRecCount":null,"erBlackShiny":false,"erGiftAbilities":[],"erGiftIndex":0,"erShinyLabSuppressLocal":false,"erInnateShrineUnlocked":false,"erCursedStat":-1,"erLockedAbilitySlots":[],"erRunUnlockedAbilitySlots":[]},"fusionCustomPokemonData":{"spriteScale":-1,"ability":-1,"passive":-1,"passive2":-1,"passive3":-1,"nature":-1,"bonusMoveSlots":0,"abilityOverridesForm":false,"types":[],"hitsRecCount":null,"erBlackShiny":false,"erGiftAbilities":[],"erGiftIndex":0,"erShinyLabSuppressLocal":false,"erInnateShrineUnlocked":false,"erCursedStat":-1,"erLockedAbilitySlots":[],"erRunUnlockedAbilitySlots":[]},"mysteryEncounterPokemonData":null,"fusionMysteryEncounterPokemonData":null}],"modifiers":[{"player":true,"typeId":"MAP","args":[],"stackCount":2,"className":"MapModifier"},{"player":true,"typeId":"BERRY","typePregenArgs":[3],"args":[2480949301,3],"stackCount":1,"className":"BerryModifier"},{"player":true,"typeId":"SUPER_EXP_CHARM","args":[60],"stackCount":1,"className":"ExpBoosterModifier"},{"player":true,"typeId":"EXP_SHARE","args":[],"stackCount":2,"className":"ExpShareModifier"},{"player":true,"typeId":"EXP_CHARM","args":[25],"stackCount":3,"className":"ExpBoosterModifier"},{"player":true,"typeId":"ER_LUCKY_HEART","args":[2480949301,"luckyHeart",2,0],"stackCount":1,"className":"ErCommunityItemModifier"}],"money":1333,"pokeballCounts":{"0":4,"1":2,"2":0,"3":5,"4":0}}}
