p:transport] recv guest t=enemyPartySync wave=13 enemies=3 battleType=1 handlers=1
[log] [coop:turn] host recorder: preserve recording scope=1833203800481331:13 turn=1 events=1 seq=1
[log] %cStart Phase: SummonPhase color:green
[log] [coop:turn] host recorder: preserve recording scope=1833203800481331:13 turn=1 events=1 seq=1
[log] %cStart Phase: SummonPhase color:green
[log] [coop:turn] host recorder: preserve recording scope=1833203800481331:13 turn=1 events=1 seq=1
[log] %cStart Phase: SummonPhase color:green
[log] [coop:turn] host recorder: preserve recording scope=1833203800481331:13 turn=1 events=1 seq=1
[log] %cStart Phase: ToggleDoublePositionPhase color:green
[log] %cStart Phase: SummonPhase color:green
[log] [coop:turn] host recorder: preserve recording scope=1833203800481331:13 turn=1 events=1 seq=1
[log] %cStart Phase: InitEncounterPhase color:green
[log] [coop:turn] host recorder: preserve recording scope=1833203800481331:13 turn=1 events=1 seq=1
[log] %cStart Phase: PostSummonPhase color:green
[log] %cStart Phase: PostSummonPhase color:green
[log] %cStart Phase: PostSummonPhase color:green
[log] %cStart Phase: PostSummonPhase color:green
[log] %cStart Phase: PostSummonPhase color:green
[log] %cStart Phase: TurnInitPhase color:green
[log] [coop:replay] host SEND enemyPartySync wave=13 count=3 meType=-1 battleType=1 entryPresentation=1
[log] [coop:transport] send host t=enemyPartySync wave=13 enemies=3 battleType=1
[log] [coop:replay] host RE-BROADCAST wave-start authority wave=13 after post-summon boundary stateChanged=true presentation=1 (#920)
[log] [coop:rendezvous] next-command barrier ARRIVE+AWAIT cmd:13:1 slot=0
[log] [coop:rendezvous] ARRIVE point=cmd:13:1 (send) role=host
[log] [coop:transport] send host t=rendezvous point=cmd:13:1
[log] [coop:rendezvous] AWAIT point=cmd:13:1 timeoutMs=2000 -> network-wait role=host
[log] [coop:transport] recv guest t=enemyPartySync wave=13 enemies=3 battleType=1 handlers=1
[log] [coop:transport] recv guest t=rendezvous point=cmd:13:1 handlers=1
[log] [coop:rendezvous] RECV arrival point=cmd:13:1 -> deliver-to-waiter role=host
[log] [coop:transport] send host t=rendezvous point=cmd:13:1
[log] [coop:rendezvous] AWAIT point=cmd:13:1 RESOLVE both-arrived role=host
[log] [coop:durability] host RELEASE contiguous acknowledged authority cls=op:global seq=29
[log] [coop:transport] recv guest t=rendezvous point=cmd:13:1 handlers=1
[log] [coop:transport] send host t=enemyPartySync wave=13 enemies=3 battleType=1
[log] [coop:replay] host RE-BROADCAST wave-start authority wave=13 after post-summon boundary stateChanged=false presentation=1 (#920)
[log] [coop:transport] recv guest t=enemyPartySync wave=13 enemies=3 battleType=1 handlers=1
[log] [coop-soak:wave-start] {"seed":20260924,"wave":13,"wavesRequested":55,"wavesCompleted":12,"elapsedMs":28628,"hostPhase":"CommandPhase","guestPhase":"CommandPhase"}
[log] [coop:interaction] interactionCounter() read -> 14 (role=host)
[log] [coop:interaction] interactionCounter() read -> 14 (role=guest)
[log] [coop:interaction] interactionCounter() read -> 14 (role=host)
[log] [coop:checksum] capture digest=010bf033366cf969 field=4 biome=2 seed=coop-soak-20260924 weather=0 terrain=3 money=360 party=[143,445,149,94,376,248] partyLevels=[65,65,65,65,65,65] arenaTags=0 modifiers=4 heldItemsDigest=1 pokeballs=[0:30,1:0,2:0,3:0,4:0] mons=[bi0:sp143/hp303-303/st0/ab12/form0/tera0:0/boss0:0 bi1:sp445/hp235-235/st0/ab8/form0/tera0:15/boss0:0 bi2:sp572/hp29-29/st0/ab142/form0/tera0:0/boss0:0 bi3:sp302/hp31-31/st0/ab158/form0/tera0:6/boss0:0]
[log] [coop:interaction] interactionCounter() read -> 14 (role=host)
[log] %cStart Phase: SelectTargetPhase color:green
[log] [coop:owner] broadcast own-slot fi=0 turn=1 role=host cmd=0
[log] [coop:relay] broadcastLocalCommand SEND fieldIndex=0 owner=host turn=1 command=0 cursor=2 moveId=53 targets=[2]
[log] [coop:transport] send host t=command fi=0 owner=host turn=1 cmd=0 cursor=2 move=53
[log] [coop:transport] recv guest t=command fi=0 owner=host turn=1 cmd=0 cursor=2 move=53 handlers=1
[log] [coop:relay] recv command fieldIndex=0 turn=1 command=0 -> BUFFERED (no awaiter yet)
[log] %cStart Phase: CommandPhase color:green
[log] [coop:transport] send host t=enemyPartySync wave=13 enemies=3 battleType=1
[log] [coop:replay] host RE-BROADCAST wave-start authority wave=13 after post-summon boundary stateChanged=false presentation=1 (#920)
[log] [coop:battle] CommandPhase slot=1 turn=1 owner=guest role=host -> partner path
[log] [coop:relay] host requestPartnerCommand SEND fieldIndex=1 turn=1 moveSlots=[0,1,2,3] (awaiting peer)
[log] [coop:transport] send host t=commandRequest fi=1 owner=guest turn=1 slots=4
[log] [coop:transport] recv guest t=enemyPartySync wave=13 enemies=3 battleType=1 handlers=1
[log] [coop:transport] recv guest t=commandRequest fi=1 owner=guest turn=1 slots=4 handlers=1
[log] [coop:relay] peer recv commandRequest fieldIndex=1 owner=guest turn=1 moveSlots=[0,1,2,3] -> reply command=2 cursor=3 moveId=-
[log] [coop:transport] send guest t=command fi=1 owner=guest turn=1 cmd=2 cursor=3 move=-
[log] [coop:transport] recv host t=command fi=1 owner=guest turn=1 cmd=2 cursor=3 move=- handlers=1
[log] [coop:relay] recv command fieldIndex=1 turn=1 command=2 -> resolved awaiting request
[log] %cStart Phase: EnemyCommandPhase color:green
[log] %cStart Phase: EnemyCommandPhase color:green
[log] %cStart Phase: TurnStartPhase color:green
[log] [coop-diag] turn-start authoritative guard mode=authoritative role=host turn=1 diverts=false
[log] [coop:turn] host recorder: preserve recording scope=1833203800481331:13 turn=1 events=2 seq=2
[log] %cStart Phase: SwitchSummonPhase color:green
[log] [coop:turn] host recorder: preserve recording scope=1833203800481331:13 turn=1 events=2 seq=2
[log] [coop:turn] host recorder: append turn=1 seq=2 k=switch total=3 live=true
[log] %cStart Phase: PostSummonPhase color:green
[log] %cStart Phase: PostSummonPhase color:green
[log] %cStart Phase: ShowAbilityPhase color:green
[log] [coop:turn] host recorder: append turn=1 seq=3 k=showAbility total=4 live=true
[log] %cStart Phase: StatStageChangePhase color:green
[log] [coop:turn] host recorder: append turn=1 seq=4 k=message total=5 live=true
[log] [coop:turn] host recorder: append turn=1 seq=5 k=statStage total=6 live=true
[log] %cStart Phase: MessagePhase color:green
[log] %cStart Phase: StatStageChangePhase color:green
[log] [coop:turn] host recorder: append turn=1 seq=6 k=message total=7 live=true
[log] [coop:turn] host recorder: append turn=1 seq=7 k=statStage total=8 live=true
[log] %cStart Phase: MessagePhase color:green
[log] %cStart Phase: HideAbilityPhase color:green
[log] [coop:turn] host recorder: append turn=1 seq=8 k=hideAbility total=9 live=true
[log] %cStart Phase: MovePhase color:green
[log] [coop:turn] host recorder: append turn=1 seq=9 k=moveUsed total=10 live=true
[log] %cStart Phase: MessagePhase color:green
[log] %cStart Phase: MoveEffectPhase color:green
[log] [coop:turn] host recorder: append turn=1 seq=10 k=message total=11 live=true
[log] %cStart Phase: MessagePhase color:green
[log] %cStart Phase: MoveEndPhase color:green
[log] %cStart Phase: MovePhase color:green
[log] [coop:turn] host recorder: append turn=1 seq=11 k=moveUsed total=12 live=true
[log] %cStart Phase: MessagePhase color:green
[log] %cStart Phase: MoveEffectPhase color:green
[log] [coop:turn] host recorder: append turn=1 seq=12 k=moveAnim total=13 live=true
[log] [coop:turn] host recorder: append turn=1 seq=13 k=hp total=14 live=true
[log] [coop:turn] host recorder: append turn=1 seq=14 k=faint total=15 live=true
[log] %cStart Phase: DamageAnimPhase color:green
[log] %cStart Phase: FaintPhase color:green
[log] %cStart Phase: MessagePhase color:green
[log] %cStart Phase: VictoryPhase color:green
[log] [coop:progression] HOST applyPartyExp COMPUTE wave=13 expValue=97 koMon=Minccino
[log] %cStart Phase: MoveEndPhase color:green
[log] %cStart Phase: MovePhase color:green
[log] [coop:turn] host recorder: append turn=1 seq=15 k=moveUsed total=16 live=true
[log] %cStart Phase: MessagePhase color:green
[log] %cStart Phase: MoveEffectPhase color:green
[log] [coop:turn] host recorder: append turn=1 seq=16 k=moveAnim total=17 live=true
[log] [coop:turn] host recorder: append turn=1 seq=17 k=hp total=18 live=true
[log] [coop:turn] host recorder: append turn=1 seq=18 k=message total=19 live=true
[log] %cStart Phase: DamageAnimPhase color:green
[log] %cStart Phase: MessagePhase color:green
[log] %cStart Phase: MoveEndPhase color:green
[log] %cStart Phase: CheckInterludePhase color:green
[log] %cStart Phase: WeatherEffectPhase color:green
[log] %cStart Phase: PositionalTagPhase color:green
[log] %cStart Phase: BerryPhase color:green
[log] %cStart Phase: CheckStatusEffectPhase color:green
[log] %cStart Phase: TurnEndPhase color:green
[log] %cStart Phase: PokemonHealPhase color:green
[log] [coop:turn] host recorder: append turn=1 seq=19 k=hp total=20 live=true
[log] [coop:turn] host recorder: append turn=1 seq=20 k=message total=21 live=true
[log] %cStart Phase: MessagePhase color:green
[log] %cStart Phase: PokemonHealPhase color:green
[log] [coop:turn] host recorder: append turn=1 seq=21 k=message total=22 live=true
[log] %cStart Phase: MessagePhase color:green
[log] %cStart Phase: PokemonHealPhase color:green
[log] [coop:turn] host recorder: append turn=1 seq=22 k=message total=23 live=true
[log] %cStart Phase: MessagePhase color:green
[log] %cStart Phase: CoopTurnCommitPhase color:green
[log] [coop:turn] host recorder: finalize turn=1 events=23 seq=23
[log] [coop:checkpoint] build field=4 weather=0/0 terrain=3/0 arenaTags=0 money=360 mons=[bi0:sp143/hp303-303/st0/fnt0 bi1:sp94/hp179-179/st0/fnt0 bi2:sp572/hp0-29/st7/fnt1 bi3:sp302/hp31-31/st0/fnt0]
[log] [coop:checkpoint] host capture field=4 weather=0 terrain=3 money=360 arenaTags=0 mons=[bi0:sp143/hp303-303/st0/fnt0 bi1:sp94/hp179-179/st0/fnt0 bi2:sp572/hp0-29/st7/fnt1 bi3:sp302/hp31-31/st0/fnt0]
[log] [coop:interaction] interactionCounter() read -> 14 (role=host)
[log] [coop:replay] host SEND turnResolution e=1833203800481331 wave=13 turn=1 rev=127 events=23 checksum=c9e5dbe010822bb5
[log] [coop:transport] send host t=turnResolution e=1833203800481331 wave=13 turn=1 rev=127 events=23 checksum=c9e5dbe010822bb5
[warn] [coop:v2-shadow] FAULT tap(TURN_COMMIT): AuthorityLog.commit: TURN_COMMIT is not authorized by predecessor control after WSHADOW/ADV/w1
[log] [coop:transport] recv guest t=turnResolution e=1833203800481331 wave=13 turn=1 rev=127 events=23 checksum=c9e5dbe010822bb5 handlers=1
[log] [38;2;255;127;80mPhaseInterceptor.to: Stopping on completion of CoopTurnCommitPhase[39m
[log] %cStart Phase: SwitchSummonPhase color:green
[log] [coop:turn] host recorder: begin turn=2 scope=1833203800481331:13 (no prior open recording)
[log] [coop:turn] host recorder: append turn=2 seq=0 k=switch total=1 live=true
[log] %cStart Phase: PostSummonPhase color:green
[log] %cStart Phase: TurnInitPhase color:green
[log] [coop:rendezvous] ARRIVE point=cmd:13:2 (send) role=host
[log] [coop:transport] send host t=rendezvous point=cmd:13:2
[log] [coop:rendezvous] next-command barrier cmd:13:2 SYNC pass (partner already arrived)
[log] [coop:transport] recv guest t=rendezvous point=cmd:13:2 handlers=1
[log] [coop:stream] host ACCEPT turn ACK stage=continuationReady key=1833203800481331:13:1:127
[log] [coop:stream] host RELEASE retained turn after continuationReady key=1833203800481331:13:1:127
[log] %cStart Phase: SelectTargetPhase color:green
[log] [coop:owner] broadcast own-slot fi=0 turn=2 role=host cmd=0
[log] [coop:relay] broadcastLocalCommand SEND fieldIndex=0 owner=host turn=2 command=0 cursor=2 moveId=53 targets=[2]
[log] [coop:transport] send host t=command fi=0 owner=host turn=2 cmd=0 cursor=2 move=53
[log] [coop:transport] recv guest t=command fi=0 owner=host turn=2 cmd=0 cursor=2 move=53 handlers=1
[log] [coop:relay] recv command fieldIndex=0 turn=2 command=0 -> BUFFERED (no awaiter yet)
[log] %cStart Phase: CommandPhase color:green
[log] [coop:battle] CommandPhase slot=1 turn=2 owner=guest role=host -> partner path
[log] [coop:relay] host requestPartnerCommand SEND fieldIndex=1 turn=2 moveSlots=[0,1,2,3] (awaiting peer)
[log] [coop:transport] send host t=commandRequest fi=1 owner=guest turn=2 slots=4
[log] [coop:transport] recv guest t=commandRequest fi=1 owner=guest turn=2 slots=4 handlers=1
[log] [coop:relay] peer recv commandRequest fieldIndex=1 owner=guest turn=2 moveSlots=[0,1,2,3] -> reply command=0 cursor=3 moveId=85
[log] [coop:transport] send guest t=command fi=1 owner=guest turn=2 cmd=0 cursor=3 move=85
[log] [coop:transport] recv host t=command fi=1 owner=guest turn=2 cmd=0 cursor=3 move=85 handlers=1
[log] [coop:relay] recv command fieldIndex=1 turn=2 command=0 -> resolved awaiting request
[log] [coop:ai] applyWiredPartnerCommand partner=94 wiredMoveId=85 cursor=3 -> moveId=85 moveIndex=3 tera=false targets=[3] targetsFrom=wire-verbatim useMode=1
[log] %cStart Phase: EnemyCommandPhase color:green
[log] %cStart Phase: EnemyCommandPhase color:green
[log] %cStart Phase: TurnStartPhase color:green
[log] [coop-diag] turn-start authoritative guard mode=authoritative role=host turn=2 diverts=false
[log] [coop:turn] host recorder: preserve recording scope=1833203800481331:13 turn=2 events=1 seq=1
[log] %cStart Phase: MovePhase color:green
[log] [coop:turn] host recorder: append turn=2 seq=1 k=moveUsed total=2 live=true
[log] %cStart Phase: MessagePhase color:green
[log] %cStart Phase: MoveEffectPhase color:green
[log] [coop:turn] host recorder: append turn=2 seq=2 k=moveAnim total=3 live=true
[log] [coop:turn] host recorder: append turn=2 seq=3 k=hp total=4 live=true
[log] [coop:turn] host recorder: append turn=2 seq=4 k=faint total=5 live=true
[log] %cStart Phase: DamageAnimPhase color:green
[log] %cStart Phase: FaintPhase color:green
[log] %cStart Phase: MessagePhase color:green
[log] %cStart Phase: VictoryPhase color:green
[log] [coop:progression] HOST applyPartyExp COMPUTE wave=13 expValue=213.8 koMon=Sableye
[log] %cStart Phase: MoveEndPhase color:green
[log] %cStart Phase: MovePhase color:green
[log] [coop:turn] host recorder: append turn=2 seq=5 k=moveUsed total=6 live=true
[log] %cStart Phase: MessagePhase color:green
[log] %cStart Phase: MoveEffectPhase color:green
[log] [coop:turn] host recorder: append turn=2 seq=6 k=moveAnim total=7 live=true
[log] [coop:turn] host recorder: append turn=2 seq=7 k=hp total=8 live=true
[log] [coop:turn] host recorder: append turn=2 seq=8 k=faint total=9 live=true
[log] [coop:turn] host recorder: append turn=2 seq=9 k=message total=10 live=true
[log] %cStart Phase: DamageAnimPhase color:green
[log] %cStart Phase: MessagePhase color:green
[log] %cStart Phase: FaintPhase color:green
[log] %cStart Phase: MessagePhase color:green
[log] %cStart Phase: VictoryPhase color:green
[log] [coop:progression] HOST applyPartyExp COMPUTE wave=13 expValue=181 koMon=Wispywaspy
[warn] [coop:v2-shadow] FAULT tap(WAVE_ADVANCE): AuthorityLog.commit: WAVE_ADVANCE is not authorized by predecessor control after WSHADOW/ADV/w1
[log] [coop:runtime] defer raw waveResolved wave=13 outcome=win until its material turnResolution is retained
[log] [coop-diag] VictoryPhase win-branch role=host battleType=TRAINER queuesTrainerVictory=true queuesSelectModifier=true wave=13
[log] [coop-diag] VictoryTail role=host wave=13 source=legacy-local trainer=true egg=true biomeShop=false biomeChange=false crossroads=false nextWave=14
[log] %cStart Phase: MoveEndPhase color:green
[log] %cStart Phase: MovePhase color:green
[log] %cStart Phase: MoveEndPhase color:green
[log] %cStart Phase: MovePhase color:green
[log] %cStart Phase: MoveEndPhase color:green
[log] %cStart Phase: CheckInterludePhase color:green
[log] %cStart Phase: WeatherEffectPhase color:green
[log] %cStart Phase: PositionalTagPhase color:green
[log] %cStart Phase: BerryPhase color:green
[log] %cStart Phase: CheckStatusEffectPhase color:green
[log] %cStart Phase: TurnEndPhase color:green
[log] %cStart Phase: PokemonHealPhase color:green
[log] [coop:turn] host recorder: append turn=2 seq=10 k=message total=11 live=true
[log] %cStart Phase: MessagePhase color:green
[log] %cStart Phase: PokemonHealPhase color:green
[log] [coop:turn] host recorder: append turn=2 seq=11 k=message total=12 live=true
[log] %cStart Phase: MessagePhase color:green
[log] %cStart Phase: CoopTurnCommitPhase color:green
[log] [coop:turn] host recorder: finalize turn=2 events=12 seq=12
[log] [coop:checkpoint] build field=4 weather=0/0 terrain=3/0 arenaTags=0 money=360 mons=[bi0:sp143/hp303-303/st0/fnt0 bi1:sp94/hp179-179/st0/fnt0 bi2:sp10065/hp0-30/st7/fnt1 bi3:sp302/hp0-31/st7/fnt1]
[log] [coop:checkpoint] host capture field=4 weather=0 terrain=3 money=360 arenaTags=0 mons=[bi0:sp143/hp303-303/st0/fnt0 bi1:sp94/hp179-179/st0/fnt0 bi2:sp10065/hp0-30/st7/fnt1 bi3:sp302/hp0-31/st7/fnt1]
[log] [coop:interaction] interactionCounter() read -> 14 (role=host)
[log] [coop:replay] host SEND turnResolution e=1833203800481331 wave=13 turn=2 rev=130 events=12 checksum=a6fa9fe4c9deda16
[log] [coop:transport] send host t=turnResolution e=1833203800481331 wave=13 turn=2 rev=130 events=12 checksum=a6fa9fe4c9deda16
[warn] [coop:v2-shadow] FAULT tap(TURN_COMMIT): AuthorityLog.commit: TURN_COMMIT is not authorized by predecessor control after WSHADOW/ADV/w1
[log] [coop:runtime] send waveResolved wave=13 outcome=win (host)
[log] [coop:replay] host SEND waveResolved wave=13 outcome=win transition=WAVE_VICTORY/next14/biome0/egg1/trainer
[log] [coop:transport] send host t=waveResolved wave=13 outcome=win captureParty=- cap=-
[log] [coop:transport] recv guest t=turnResolution e=1833203800481331 wave=13 turn=2 rev=130 events=12 checksum=a6fa9fe4c9deda16 handlers=1
[log] [coop:transport] recv guest t=waveResolved wave=13 outcome=win captureParty=- cap=- handlers=1
[log] [38;2;255;127;80mPhaseInterceptor.to: Stopping on completion of CoopTurnCommitPhase[39m
[log] %cStart Phase: BattleEndPhase color:green
[log] [coop:progression] HOST automatic victory settlement deferred wave=13 sourceTurn=2 settlementTurn=3
[log] %cStart Phase: TrainerVictoryPhase color:green
[log] [coop:progression] coopVictoryDialogue DECISION isCoop=true -> SKIP (constant 0 awaits, lockstep-safe)
[log] [coop:renderer] trainer victory presentation settled sourceWave=13
[log] %cStart Phase: MoneyRewardPhase color:green
[log] %cStart Phase: ModifierRewardPhase color:green
[log] %cStart Phase: EggLapsePhase color:green
[log] %cStart Phase: CoopVictorySealPhase color:green
[log] [coop:transport] send host t=envelope t=envelope
[log] [coop:runtime] wave-advance op HOST commit wave=13 outcome=win next=WAVE_VICTORY rev=30 id=1833203800481331:0:WAVE_ADVANCE:13 (Wave-2f)
[log] [coop:runtime] settled WAVE_ADVANCE committed wave=13 tick=131 next=WAVE_VICTORY/wave14
[log] [coop:runtime] send waveEndState wave=13 tick=131 (host)
[log] [coop:replay] host SEND waveEndState wave=13 tick=131 party=6
[log] [coop:transport] send host t=waveEndState t=waveEndState
[log] [coop:progression] HOST automatic victory settlement sealed wave=13 sourceTurn=2 settlementTurn=3 tick=131
[log] [coop:transport] recv guest t=envelope t=envelope handlers=1
[log] [coop:transport] recv guest t=waveEndState t=waveEndState handlers=1
[log] [coop:interaction] interactionCounter() read -> 14 (role=host)
[log] [coop:owner] ownerOf(counter=14) seat=0 -> owner=host
[log] [coop:owner] isLocalOwnerAtCounter(pinnedCounter=14) parity=0 owner=host role=host -> true
[log] [coop:interaction] interactionCounter() read -> 14 (role=host)
[log] [coop:reward] owner/watcher decision: pinnedStart=14 liveCounter=14 parity=0 role=host pick=OWNER option=ROLL spoof=false
[log] [coop:shop] serializeRewardOptions count=3 ids=[BERRY,ATTACK_TYPE_BOOSTER,RARE_CANDY] tiers=[0,2,0]
[log] [coop:reward] OWNER streams reward options (start=14 reroll=0 count=3 ids=[BERRY,ATTACK_TYPE_BOOSTER,RARE_CANDY])
[log] [coop:relay] SEND rewardOptions seq=14 reroll=0 count=3 ids=[BERRY,ATTACK_TYPE_BOOSTER,RARE_CANDY]
[log] [coop:transport] send host t=rewardOptions seq=14 reroll=0 options=3
[log] [coop:rendezvous] ARRIVE point=shop:13:14 (send) role=host
[log] [coop:transport] send host t=rendezvous point=shop:13:14
[log] [coop:reward] OWNER drives reward screen (start=14 role=host spoof=false adoptsOptions=false wave=13)
[log] [coop:rendezvous] shop-pick-commit barrier AWAIT shop:13:14
[log] [coop:rendezvous] AWAIT point=shop:13:14 timeoutMs=2000 -> network-wait role=host
[log] [coop:transport] recv guest t=rewardOptions seq=14 reroll=0 options=3 handlers=1
[log] [coop:transport] recv guest t=rendezvous point=shop:13:14 handlers=1
[log] [coop:durability] operation delivery RETRY key=op:global:30:1833203800481331:13:3:1833203800481331:0:WAVE_ADVANCE:13 attempt=1/8
[log] [coop:transport] send host t=envelope t=envelope
[log] [coop:interaction] interactionCounter() read -> 14 (role=host)
[log] [coop:checksum] capture digest=4f08430eed544b95 field=4 biome=2 seed=coop-soak-20260924 weather=0 terrain=3 money=700 party=[143,94,149,445,376,248] partyLevels=[65,65,65,65,65,65] arenaTags=0 modifiers=4 heldItemsDigest=0 pokeballs=[0:30,1:0,2:0,3:0,4:0] mons=[bi0:sp143/hp303-303/st0/ab12/form0/tera0:0/boss0:0 bi1:sp94/hp179-179/st0/ab5067/form0/tera0:7/boss0:0 bi2:sp10065/hp0-30/st7/ab19/form0/tera0:6/boss0:0 bi3:sp302/hp0-31/st7/ab158/form0/tera0:6/boss0:0]
[log] [coop:rendezvous] RECV arrival point=shop:13:14 -> deliver-to-waiter role=host
[log] [coop:transport] send host t=rendezvous point=shop:13:14
[log] [coop:rendezvous] AWAIT point=shop:13:14 RESOLVE both-arrived role=host
[log] [coop:stream] host ACCEPT turn ACK stage=continuationReady key=1833203800481331:13:2:130
[log] [coop:stream] host RELEASE retained turn after continuationReady key=1833203800481331:13:2:130
[log] [coop:durability] host RELEASE contiguous acknowledged authority cls=op:global seq=30
[log] [coop:transport] recv guest t=rendezvous point=shop:13:14 handlers=1
[log] [coop:interaction] mirror begin role=owner mirrorSeq=896 interactionStart=14 reroll=0
[log] [coop:interaction] uiMirror beginSession role=owner mode=6 seq=896 early=0
[log] [coop:owner] ownerOf(counter=14) seat=0 -> owner=host
[log] [coop:owner] isLocalOwnerAtCounter(pinnedCounter=14) parity=0 owner=host role=host -> true
[log] [coop:relay] OWNER prepare seq=14 kind=skip choice=-1 data=[] role=host
[log] [coop:reward] reward op INTENT prepared label=skip id=1833203800481331:0:REWARD:1400000
[log] [coop:shop] serializeRewardOptions count=3 ids=[BERRY,ATTACK_TYPE_BOOSTER,RARE_CANDY] tiers=[0,2,0]
[log] [coop:transport] send host t=envelope t=envelope
[log] [coop:reward] reward authoritative RESULT retained rev=31 tick=132 id=1833203800481331:0:REWARD:1400000
[log] [coop:reward] OWNER retained terminal before continuation seq=14 id=1833203800481331:0:REWARD:1400000
[log] [coop:transport] recv guest t=envelope t=envelope handlers=1
[log] [coop:interaction] RECV interaction broadcast (deferred catch-up net) received=15 localBefore=14 role=host -> WILL DEFER to 15 (folds in at next advance if still ahead)
[warn] [coop:interaction] CoopInteractionTurn.mergeRemote DEFER (remote=15, counter=14, pendingRemote=15) live counter UNCHANGED (folds in at next advance if still ahead)
[log] [coop:owner] ownerOf(counter=14) seat=0 -> owner=host
[log] [coop:owner] ownerOf(counter=14) seat=0 -> owner=host
[log] [coop:reward] OWNER peer material applied; release terminal engine barrier seq=14 id=1833203800481331:0:REWARD:1400000
[log] [coop:interaction] interactionCounter() read -> 14 (role=host)
[log] [coop:interaction] CoopInteractionTurn.advance INCREMENT (fromCounter=14) counter 14 -> 15
[log] [coop:interaction] advanceInteraction ADVANCED+BROADCAST (fromCounter=14) counter 14 -> 15 role=host; send interaction screen=__turn__ choice=15
[log] [coop:interaction] SEND counter snapshot reason=advance choice=15 role=host
[log] [coop:transport] send host t=interaction screen=__turn__
[log] [coop:owner] ownerOf(counter=15) seat=1 -> owner=guest
[log] [coop:owner] ownerOf(counter=15) seat=1 -> owner=guest
[log] [coop:interaction] interactionCounter() read -> 15 (role=host)
[log] [coop:reward] advance interaction (role=host from=14 counter 14 -> 15)
[log] [coop:transport] recv guest t=interaction screen=__turn__ handlers=1
[log] %cStart Phase: NewBattlePhase color:green
[log] [coop:turn] host recorder: begin deferred transition turn=1 scope=1833203800481331:14
[log] %cStart Phase: CoopPartnerSyncPhase color:green
[log] [coop:interaction] interactionCounter() read -> 15 (role=host)
[log] %cStart Phase: NextEncounterPhase color:green
[log] [coop:interaction] interactionCounter() read -> 15 (role=host)
[log] [coop:replay] host SEND enemyPartySync wave=14 count=2 meType=-1 battleType=0 entryPresentation=-
[log] [coop:transport] send host t=enemyPartySync wave=14 enemies=2 battleType=0
[log] [coop:turn] host recorder: preserve recording scope=1833203800481331:14 turn=1 events=0 seq=0
[log] [coop:transport] recv guest t=enemyPartySync wave=14 enemies=2 battleType=0 handlers=1
[log] %cStart Phase: ToggleDoublePositionPhase color:green
[log] %cStart Phase: CheckSwitchPhase color:green
[log] %cStart Phase: CheckSwitchPhase color:green
[log] %cStart Phase: InitEncounterPhase color:green
[log] [coop:turn] host recorder: preserve recording scope=1833203800481331:14 turn=1 events=0 seq=0
[log] %cStart Phase: PostSummonPhase color:green
[log] %cStart Phase: PostSummonPhase color:green
[log] %cStart Phase: TurnInitPhase color:green
[log] [coop:replay] host SEND enemyPartySync wave=14 count=2 meType=-1 battleType=0 entryPresentation=0
[log] [coop:transport] send host t=enemyPartySync wave=14 enemies=2 battleType=0
[log] [coop:replay] host RE-BROADCAST wave-start authority wave=14 after post-summon boundary stateChanged=false presentation=0 (#920)
[log] [coop:rendezvous] next-command barrier ARRIVE+AWAIT cmd:14:1 slot=0
[log] [coop:rendezvous] ARRIVE point=cmd:14:1 (send) role=host
[log] [coop:transport] send host t=rendezvous point=cmd:14:1
[log] [coop:rendezvous] AWAIT point=cmd:14:1 timeoutMs=2000 -> network-wait role=host
[log] [coop:transport] recv guest t=enemyPartySync wave=14 enemies=2 battleType=0 handlers=1
[log] [coop:transport] recv guest t=rendezvous point=cmd:14:1 handlers=1
[log] [coop:rendezvous] RECV arrival point=cmd:14:1 -> deliver-to-waiter role=host
[log] [coop:transport] send host t=rendezvous point=cmd:14:1
[log] [coop:rendezvous] AWAIT point=cmd:14:1 RESOLVE both-arrived role=host
[log] [coop:durability] host RELEASE contiguous acknowledged authority cls=op:global seq=31
[log] [coop:transport] recv guest t=rendezvous point=cmd:14:1 handlers=1
[log] [coop:transport] send host t=enemyPartySync wave=14 enemies=2 battleType=0
[log] [coop:replay] host RE-BROADCAST wave-start authority wave=14 after post-summon boundary stateChanged=false presentation=0 (#920)
[log] [coop:transport] recv guest t=enemyPartySync wave=14 enemies=2 battleType=0 handlers=1
[log] [coop:interaction] interactionCounter() read -> 15 (role=host)
[log] [coop:checksum] capture digest=dc77fed154f5b054 field=4 biome=2 seed=coop-soak-20260924 weather=0 terrain=3 money=700 party=[143,94,149,445,376,248] partyLevels=[65,65,65,65,65,65] arenaTags=0 modifiers=4 heldItemsDigest=0 pokeballs=[0:30,1:0,2:0,3:0,4:0] mons=[bi0:sp143/hp303-303/st0/ab12/form0/tera0:0/boss0:0 bi1:sp94/hp179-179/st0/ab5067/form0/tera0:7/boss0:0 bi2:sp268/hp28-28/st0/ab192/form0/tera0:6/boss0:0 bi3:sp285/hp32-32/st0/ab90/form0/tera0:11/boss0:0]
[log] [coop:interaction] interactionCounter() read -> 15 (role=host)
[log] %cStart Phase: SelectTargetPhase color:green
[log] [coop:owner] broadcast own-slot fi=0 turn=1 role=host cmd=0
[log] [coop:relay] broadcastLocalCommand SEND fieldIndex=0 owner=host turn=1 command=0 cursor=3 moveId=85 targets=[2]
[log] [coop:transport] send host t=command fi=0 owner=host turn=1 cmd=0 cursor=3 move=85
[log] [coop:transport] recv guest t=command fi=0 owner=host turn=1 cmd=0 cursor=3 move=85 handlers=1
[log] [coop:relay] recv command fieldIndex=0 turn=1 command=0 -> BUFFERED (no awaiter yet)
[log] %cStart Phase: CommandPhase color:green
[log] [coop:transport] send host t=enemyPartySync wave=14 enemies=2 battleType=0
[log] [coop:replay] host RE-BROADCAST wave-start authority wave=14 after post-summon boundary stateChanged=false presentation=0 (#920)
[log] [coop:battle] CommandPhase slot=1 turn=1 owner=guest role=host -> partner path
[log] [coop:relay] host requestPartnerCommand SEND fieldIndex=1 turn=1 moveSlots=[0,1,2,3] (awaiting peer)
[log] [coop:transport] send host t=commandRequest fi=1 owner=guest turn=1 slots=4
[log] [coop:transport] recv guest t=enemyPartySync wave=14 enemies=2 battleType=0 handlers=1
[log] [coop:transport] recv guest t=commandRequest fi=1 owner=guest turn=1 slots=4 handlers=1
[log] [coop:relay] peer recv commandRequest fieldIndex=1 owner=guest turn=1 moveSlots=[0,1,2,3] -> reply command=0 cursor=2 moveId=53
[log] [coop:transport] send guest t=command fi=1 owner=guest turn=1 cmd=0 cursor=2 move=53
[log] [coop:transport] recv host t=command fi=1 owner=guest turn=1 cmd=0 cursor=2 move=53 handlers=1
[log] [coop:relay] recv command fieldIndex=1 turn=1 command=0 -> resolved awaiting request
[log] [coop:ai] applyWiredPartnerCommand partner=94 wiredMoveId=53 cursor=2 -> moveId=53 moveIndex=2 tera=false targets=[3] targetsFrom=wire-verbatim useMode=1
[log] %cStart Phase: EnemyCommandPhase color:green
[log] %cStart Phase: EnemyCommandPhase color:green
[log] %cStart Phase: TurnStartPhase color:green
[log] [coop-diag] turn-start authoritative guard mode=authoritative role=host turn=1 diverts=false
[log] [coop:turn] host recorder: preserve recording scope=1833203800481331:14 turn=1 events=0 seq=0
[log] %cStart Phase: MovePhase color:green
[log] [coop:turn] host recorder: append turn=1 seq=0 k=moveUsed total=1 live=true
[log] %cStart Phase: MessagePhase color:green
[log] %cStart Phase: MoveEffectPhase color:green
[log] [coop:turn] host recorder: append turn=1 seq=1 k=moveAnim total=2 live=true
[log] [coop:turn] host recorder: append turn=1 seq=2 k=hp total=3 live=true
[log] [coop:turn] host recorder: append turn=1 seq=3 k=faint total=4 live=true
[log] [coop:turn] host recorder: append turn=1 seq=4 k=message total=5 live=true
[log] %cStart Phase: DamageAnimPhase color:green
[log] %cStart Phase: MessagePhase color:green
[log] %cStart Phase: FaintPhase color:green
[log] %cStart Phase: MessagePhase color:green
[log] %cStart Phase: VictoryPhase color:green
[log] [coop:progression] HOST applyPartyExp COMPUTE wave=14 expValue=107.2 koMon=Shroomish
[log] %cStart Phase: MoveEndPhase color:green
[log] %cStart Phase: MovePhase color:green
[log] [coop:turn] host recorder: append turn=1 seq=5 k=moveUsed total=6 live=true
[log] %cStart Phase: MessagePhase color:green
[log] %cStart Phase: MoveEffectPhase color:green
[log] [coop:turn] host recorder: append turn=1 seq=6 k=moveAnim total=7 live=true
[log] [coop:turn] host recorder: append turn=1 seq=7 k=hp total=8 live=true
[log] [coop:turn] host recorder: append turn=1 seq=8 k=faint total=9 live=true
[log] %cStart Phase: DamageAnimPhase color:green
[log] %cStart Phase: FaintPhase color:green
[log] %cStart Phase: MessagePhase color:green
[log] %cStart Phase: VictoryPhase color:green
[log] [coop:progression] HOST applyPartyExp COMPUTE wave=14 expValue=116.2 koMon=Cascoon
[warn] [coop:v2-shadow] FAULT tap(WAVE_ADVANCE): AuthorityLog.commit: WAVE_ADVANCE is not authorized by predecessor control after WSHADOW/ADV/w1
[log] [coop:runtime] defer raw waveResolved wave=14 outcome=win until its material turnResolution is retained
[log] [coop-diag] VictoryPhase win-branch role=host battleType=WILD queuesTrainerVictory=false queuesSelectModifier=true wave=14
[log] [coop-diag] VictoryTail role=host wave=14 source=legacy-local trainer=false egg=true biomeShop=false biomeChange=false crossroads=false nextWave=15
[log] %cStart Phase: MoveEndPhase color:green
[log] %cStart Phase: MovePhase color:green
[log] %cStart Phase: MoveEndPhase color:green
[log] %cStart Phase: MovePhase color:green
[log] %cStart Phase: MoveEndPhase color:green
[log] %cStart Phase: CheckInterludePhase color:green
[log] %cStart Phase: WeatherEffectPhase color:green
[log] %cStart Phase: PositionalTagPhase color:green
[log] %cStart Phase: BerryPhase color:green
[log] %cStart Phase: CheckStatusEffectPhase color:green
[log] %cStart Phase: TurnEndPhase color:green
[log] %cStart Phase: PokemonHealPhase color:green
[log] [coop:turn] host recorder: append turn=1 seq=9 k=message total=10 live=true
[log] %cStart Phase: MessagePhase color:green
[log] %cStart Phase: PokemonHealPhase color:green
[log] [coop:turn] host recorder: append turn=1 seq=10 k=message total=11 live=true
[log] %cStart Phase: MessagePhase color:green
[log] %cStart Phase: CoopTurnCommitPhase color:green
[log] [coop:turn] host recorder: finalize turn=1 events=11 seq=11
[log] [coop:checkpoint] build field=4 weather=0/0 terrain=3/0 arenaTags=0 money=700 mons=[bi0:sp143/hp303-303/st0/fnt0 bi1:sp94/hp179-179/st0/fnt0 bi2:sp268/hp0-28/st7/fnt1 bi3:sp285/hp0-32/st7/fnt1]
[log] [coop:checkpoint] host capture field=4 weather=0 terrain=3 money=700 arenaTags=0 mons=[bi0:sp143/hp303-303/st0/fnt0 bi1:sp94/hp179-179/st0/fnt0 bi2:sp268/hp0-28/st7/fnt1 bi3:sp285/hp0-32/st7/fnt1]
[log] [coop:interaction] interactionCounter() read -> 15 (role=host)
[log] [coop:replay] host SEND turnResolution e=1833203800481331 wave=14 turn=1 rev=139 events=11 checksum=41ac75ab47a45853
[log] [coop:transport] send host t=turnResolution e=1833203800481331 wave=14 turn=1 rev=139 events=11 checksum=41ac75ab47a45853
[warn] [coop:v2-shadow] FAULT tap(TURN_COMMIT): AuthorityLog.commit: TURN_COMMIT is not authorized by predecessor control after WSHADOW/ADV/w1
[log] [coop:runtime] send waveResolved wave=14 outcome=win (host)
[log] [coop:replay] host SEND waveResolved wave=14 outcome=win transition=WAVE_VICTORY/next15/biome0/egg1/wild
[log] [coop:transport] send host t=waveResolved wave=14 outcome=win captureParty=- cap=-
[log] [coop:transport] recv guest t=turnResolution e=1833203800481331 wave=14 turn=1 rev=139 events=11 checksum=41ac75ab47a45853 handlers=1
[log] [coop:transport] recv guest t=waveResolved wave=14 outcome=win captureParty=- cap=- handlers=1
[log] [38;2;255;127;80mPhaseInterceptor.to: Stopping on completion of CoopTurnCommitPhase[39m
[log] %cStart Phase: BattleEndPhase color:green
[log] [coop:progression] HOST automatic victory settlement deferred wave=14 sourceTurn=1 settlementTurn=2
[log] %cStart Phase: EggLapsePhase color:green
[log] %cStart Phase: CoopVictorySealPhase color:green
[log] [coop:transport] send host t=envelope t=envelope
[log] [coop:runtime] wave-advance op HOST commit wave=14 outcome=win next=WAVE_VICTORY rev=32 id=1833203800481331:0:WAVE_ADVANCE:14 (Wave-2f)
[log] [coop:runtime] settled WAVE_ADVANCE committed wave=14 tick=140 next=WAVE_VICTORY/wave15
[log] [coop:runtime] send waveEndState wave=14 tick=140 (host)
[log] [coop:replay] host SEND waveEndState wave=14 tick=140 party=6
[log] [coop:transport] send host t=waveEndState t=waveEndState
[log] [coop:progression] HOST automatic victory settlement sealed wave=14 sourceTurn=1 settlementTurn=2 tick=140
[log] [coop:transport] recv guest t=envelope t=envelope handlers=1
[log] [coop:transport] recv guest t=waveEndState t=waveEndState handlers=1
[log] [coop:interaction] interactionCounter() read -> 15 (role=host)
[log] [coop:owner] ownerOf(counter=15) seat=1 -> owner=guest
[log] [coop:owner] isLocalOwnerAtCounter(pinnedCounter=15) parity=1 owner=guest role=host -> false
[log] [coop:interaction] interactionCounter() read -> 15 (role=host)
[log] [coop:reward] owner/watcher decision: pinnedStart=15 liveCounter=15 parity=1 role=host pick=WATCHER option=ROLL spoof=false
[log] [coop:shop] serializeRewardOptions count=3 ids=[ER_ABILITY_CAPSULE,ER_UPGRADED_MAP,POKEBALL] tiers=[1,1,0]
[log] [coop:reward] OWNER streams reward options (start=15 reroll=0 count=3 ids=[ER_ABILITY_CAPSULE,ER_UPGRADED_MAP,POKEBALL])
[log] [coop:relay] SEND rewardOptions seq=15 reroll=0 count=3 ids=[ER_ABILITY_CAPSULE,ER_UPGRADED_MAP,POKEBALL]
[log] [coop:transport] send host t=rewardOptions seq=15 reroll=0 options=3
[log] [coop:rendezvous] ARRIVE point=shop:14:15 (send) role=host
[log] [coop:transport] send host t=rendezvous point=shop:14:15
[log] [coop:reward] WATCHER waits for partner's reward picks (start=15 role=host wave=14)
[log] [coop:durability] host operation continuation window REARM key=op:global:32:1833203800481331:14:2:1833203800481331:0:WAVE_ADVANCE:14 surface=sharedInput at=1833203800481331/14/2
[log] [coop:transport] recv guest t=rewardOptions seq=15 reroll=0 options=3 handlers=1
[log] [coop:transport] recv guest t=rendezvous point=shop:14:15 handlers=1
[log] [coop:interaction] mirror begin role=watcher mirrorSeq=960 interactionStart=15 reroll=0
[log] [coop:interaction] uiMirror beginSession role=watcher mode=6 seq=960 early=0
[log] [coop:relay] AWAIT interactionChoice seq=15 timeoutMs=1200000 expected=[reward,shop,skip,reroll,check,transfer,lock] -> network-wait
[log] [coop:durability] operation delivery RETRY key=op:global:32:1833203800481331:14:2:1833203800481331:0:WAVE_ADVANCE:14 attempt=1/8
[log] [coop:transport] send host t=envelope t=envelope
[log] [coop:interaction] interactionCounter() read -> 15 (role=host)
[log] [coop:checksum] capture digest=41ac75ab47a45853 field=4 biome=2 seed=coop-soak-20260924 weather=0 terrain=3 money=700 party=[143,94,149,445,376,248] partyLevels=[65,65,65,65,65,65] arenaTags=0 modifiers=4 heldItemsDigest=0 pokeballs=[0:30,1:0,2:0,3:0,4:0] mons=[bi0:sp143/hp303-303/st0/ab12/form0/tera0:0/boss0:0 bi1:sp94/hp179-179/st0/ab5067/form0/tera0:7/boss0:0 bi2:sp268/hp0-28/st7/ab192/form0/tera0:6/boss0:0 bi3:sp285/hp0-32/st7/ab90/form0/tera0:11/boss0:0]
[log] [coop:rendezvous] RECV arrival point=shop:14:15 -> BUFFER (no waiter yet) role=host
[log] [coop:stream] host ACCEPT turn ACK stage=continuationReady key=1833203800481331:14:1:139
[log] [coop:stream] host RELEASE retained turn after continuationReady key=1833203800481331:14:1:139
[log] [coop:durability] host RELEASE contiguous acknowledged authority cls=op:global seq=32
[log] [coop:relay] DELIVER interactionChoice seq=15 -> waiter kind=skip choice=-1 data=-
[log] [coop:relay] AWAIT interactionChoice seq=15 RESOLVE kind=skip choice=-1 data=-
[log] [coop:reward] WATCHER applying relayed action seq=15 act=LEAVE choice=-1 data=-
[log] [coop:shop] serializeRewardOptions count=3 ids=[ER_ABILITY_CAPSULE,ER_UPGRADED_MAP,POKEBALL] tiers=[1,1,0]
[log] [coop:transport] send host t=envelope t=envelope
[log] [coop:reward] reward authoritative RESULT retained rev=33 tick=141 id=1833203800481331:1:REWARD:1500000
[log] [coop:transport] recv guest t=envelope t=envelope handlers=1
[log] [coop:interaction] interactionCounter() read -> 15 (role=host)
[log] [coop:interaction] interactionCounter() read -> 15 (role=host)
[log] [coop:interaction] RECV interaction broadcast (deferred catch-up net) received=16 localBefore=15 role=host -> WILL DEFER to 16 (folds in at next advance if still ahead)
[warn] [coop:interaction] CoopInteractionTurn.mergeRemote DEFER (remote=16, counter=15, pendingRemote=16) live counter UNCHANGED (folds in at next advance if still ahead)
[log] [coop:owner] ownerOf(counter=15) seat=1 -> owner=guest
[log] [coop:owner] ownerOf(counter=15) seat=1 -> owner=guest
[log] [coop:reward] OWNER peer material applied; release terminal engine barrier seq=15 id=1833203800481331:1:REWARD:1500000
[log] [coop:interaction] interactionCounter() read -> 15 (role=host)
[log] [coop:interaction] CoopInteractionTurn.advance INCREMENT (fromCounter=15) counter 15 -> 16
[log] [coop:interaction] advanceInteraction ADVANCED+BROADCAST (fromCounter=15) counter 15 -> 16 role=host; send interaction screen=__turn__ choice=16
[log] [coop:interaction] SEND counter snapshot reason=advance choice=16 role=host
[log] [coop:transport] send host t=interaction screen=__turn__
[log] [coop:owner] ownerOf(counter=16) seat=0 -> owner=host
[log] [coop:owner] ownerOf(counter=16) seat=0 -> owner=host
[log] [coop:interaction] interactionCounter() read -> 16 (role=host)
[log] [coop:reward] advance interaction (role=host from=15 counter 15 -> 16)
[log] [coop:transport] recv guest t=interaction screen=__turn__ handlers=1
[log] %cStart Phase: NewBattlePhase color:green
[log] [coop:turn] host recorder: begin deferred transition turn=1 scope=1833203800481331:15
[log] %cStart Phase: CoopPartnerSyncPhase color:green
[log] [coop:interaction] interactionCounter() read -> 16 (role=host)
[log] %cStart Phase: NextEncounterPhase color:green
[log] [coop:interaction] interactionCounter() read -> 16 (role=host)
[log] [coop:replay] host SEND enemyPartySync wave=15 count=2 meType=-1 battleType=0 entryPresentation=-
[log] [coop:transport] send host t=enemyPartySync wave=15 enemies=2 battleType=0
[log] [coop:turn] host recorder: preserve recording scope=1833203800481331:15 turn=1 events=0 seq=0
[log] [coop:transport] recv guest t=enemyPartySync wave=15 enemies=2 battleType=0 handlers=1
[log] %cStart Phase: ToggleDoublePositionPhase color:green
[log] %cStart Phase: CheckSwitchPhase color:green
[log] %cStart Phase: CheckSwitchPhase color:green
[log] %cStart Phase: InitEncounterPhase color:green
[log] [coop:turn] host recorder: preserve recording scope=1833203800481331:15 turn=1 events=0 seq=0
[log] %cStart Phase: PostSummonPhase color:green
[log] %cStart Phase: PostSummonPhase color:green
[log] %cStart Phase: TurnInitPhase color:green
[log] [coop:replay] host SEND enemyPartySync wave=15 count=2 meType=-1 battleType=0 entryPresentation=0
[log] [coop:transport] send host t=enemyPartySync wave=15 enemies=2 battleType=0
[log] [coop:replay] host RE-BROADCAST wave-start authority wave=15 after post-summon boundary stateChanged=false presentation=0 (#920)
[log] [coop:rendezvous] next-command barrier ARRIVE+AWAIT cmd:15:1 slot=0
[log] [coop:rendezvous] ARRIVE point=cmd:15:1 (send) role=host
[log] [coop:transport] send host t=rendezvous point=cmd:15:1
[log] [coop:rendezvous] AWAIT point=cmd:15:1 timeoutMs=2000 -> network-wait role=host
[log] [coop:transport] recv guest t=enemyPartySync wave=15 enemies=2 battleType=0 handlers=1
[log] [coop:transport] recv guest t=rendezvous point=cmd:15:1 handlers=1
[log] [coop:rendezvous] RECV arrival point=cmd:15:1 -> deliver-to-waiter role=host
[log] [coop:transport] send host t=rendezvous point=cmd:15:1
[log] [coop:rendezvous] AWAIT point=cmd:15:1 RESOLVE both-arrived role=host
[log] [coop:durability] host RELEASE contiguous acknowledged authority cls=op:global seq=33
[log] [coop:transport] recv guest t=rendezvous point=cmd:15:1 handlers=1
[log] [coop:transport] send host t=enemyPartySync wave=15 enemies=2 battleType=0
[log] [coop:replay] host RE-BROADCAST wave-start authority wave=15 after post-summon boundary stateChanged=false presentation=0 (#920)
[log] [coop:transport] recv guest t=enemyPartySync wave=15 enemies=2 battleType=0 handlers=1
[log] [coop:interaction] interactionCounter() read -> 16 (role=host)
[log] [coop:checksum] capture digest=ed2dd34b029ce495 field=4 biome=2 seed=coop-soak-20260924 weather=0 terrain=3 money=700 party=[143,94,149,445,376,248] partyLevels=[65,65,65,65,65,65] arenaTags=0 modifiers=4 heldItemsDigest=0 pokeballs=[0:30,1:0,2:0,3:0,4:0] mons=[bi0:sp143/hp303-303/st0/ab12/form0/tera0:0/boss0:0 bi1:sp94/hp179-179/st0/ab5067/form0/tera0:7/boss0:0 bi2:sp266/hp33-33/st0/ab192/form0/tera0:6/boss0:0 bi3:sp187/hp30-30/st0/ab102/form0/tera0:11/boss0:0]
[log] [coop:interaction] interactionCounter() read -> 16 (role=host)
[log] %cStart Phase: SelectTargetPhase color:green
[log] [coop:owner] broadcast own-slot fi=0 turn=1 role=host cmd=0
[log] [coop:relay] broadcastLocalCommand SEND fieldIndex=0 owner=host turn=1 command=0 cursor=1 moveId=247 targets=[2]
[log] [coop:transport] send host t=command fi=0 owner=host turn=1 cmd=0 cursor=1 move=247
[log] [coop:transport] recv guest t=command fi=0 owner=host turn=1 cmd=0 cursor=1 move=247 handlers=1
[log] [coop:relay] recv command fieldIndex=0 turn=1 command=0 -> BUFFERED (no awaiter yet)
[log] %cStart Phase: CommandPhase color:green
[log] [coop:transport] send host t=enemyPartySync wave=15 enemies=2 battleType=0
[log] [coop:replay] host RE-BROADCAST wave-start authority wave=15 after post-summon boundary stateChanged=false presentation=0 (#920)
[log] [coop:battle] CommandPhase slot=1 turn=1 owner=guest role=host -> partner path
[log] [coop:relay] host requestPartnerCommand SEND fieldIndex=1 turn=1 moveSlots=[0,1,2,3] (awaiting peer)
[log] [coop:transport] send host t=commandRequest fi=1 owner=guest turn=1 slots=4
[log] [coop:transport] recv guest t=enemyPartySync wave=15 enemies=2 battleType=0 handlers=1
[log] [coop:transport] recv guest t=commandRequest fi=1 owner=guest turn=1 slots=4 handlers=1
[log] [coop:relay] peer recv commandRequest fieldIndex=1 owner=guest turn=1 moveSlots=[0,1,2,3] -> reply command=0 cursor=1 moveId=247
[log] [coop:transport] send guest t=command fi=1 owner=guest turn=1 cmd=0 cursor=1 move=247
[log] [coop:transport] recv host t=command fi=1 owner=guest turn=1 cmd=0 cursor=1 move=247 handlers=1
[log] [coop:relay] recv command fieldIndex=1 turn=1 command=0 -> resolved awaiting request
[log] [coop:ai] applyWiredPartnerCommand partner=94 wiredMoveId=247 cursor=1 -> moveId=247 moveIndex=1 tera=false targets=[3] targetsFrom=wire-verbatim useMode=1
[log] %cStart Phase: EnemyCommandPhase color:green
[log] %cStart Phase: EnemyCommandPhase color:green
[log] %cStart Phase: TurnStartPhase color:green
[log] [coop-diag] turn-start authoritative guard mode=authoritative role=host turn=1 diverts=false
[log] [coop:turn] host recorder: preserve recording scope=1833203800481331:15 turn=1 events=0 seq=0
[log] %cStart Phase: MovePhase color:green
[log] [coop:turn] host recorder: append turn=1 seq=0 k=moveUsed total=1 live=true
[log] %cStart Phase: MessagePhase color:green
[log] %cStart Phase: MoveEffectPhase color:green
[log] [coop:turn] host recorder: append turn=1 seq=1 k=moveAnim total=2 live=true
[log] [coop:turn] host recorder: append turn=1 seq=2 k=hp total=3 live=true
[log] [coop:turn] host recorder: append turn=1 seq=3 k=faint total=4 live=true
[log] %cStart Phase: DamageAnimPhase color:green
[log] %cStart Phase: FaintPhase color:green
[log] %cStart Phase: MessagePhase color:green
[log] %cStart Phase: VictoryPhase color:green
[log] [coop:progression] HOST applyPartyExp COMPUTE wave=15 expValue=101 koMon=Hoppip
[log] %cStart Phase: MoveEndPhase color:green
[log] %cStart Phase: MovePhase color:green
[log] [coop:turn] host recorder: append turn=1 seq=4 k=moveUsed total=5 live=true
[log] %cStart Phase: MessagePhase color:green
[log] %cStart Phase: MoveEffectPhase color:green
[log] [coop:turn] host recorder: append turn=1 seq=5 k=moveAnim total=6 live=true
[log] [coop:turn] host recorder: append turn=1 seq=6 k=hp total=7 live=true
[log] [coop:turn] host recorder: append turn=1 seq=7 k=faint total=8 live=true
[log] %cStart Phase: DamageAnimPhase color:green
[log] %cStart Phase: FaintPhase color:green
[log] %cStart Phase: MessagePhase color:green
[log] %cStart Phase: VictoryPhase color:green
[log] [coop:progression] HOST applyPartyExp COMPUTE wave=15 expValue=145 koMon=Silcoon
[warn] [coop:v2-shadow] FAULT tap(WAVE_ADVANCE): AuthorityLog.commit: WAVE_ADVANCE is not authorized by predecessor control after WSHADOW/ADV/w1
[log] [coop:runtime] defer raw waveResolved wave=15 outcome=win until its material turnResolution is retained
[log] [coop-diag] VictoryPhase win-branch role=host battleType=WILD queuesTrainerVictory=false queuesSelectModifier=true wave=15
[log] [coop-diag] VictoryTail role=host wave=15 source=legacy-local trainer=false egg=true biomeShop=false biomeChange=false crossroads=true nextWave=16
[log] %cStart Phase: MoveEndPhase color:green
[log] %cStart Phase: MovePhase color:green
[log] %cStart Phase: MoveEndPhase color:green
[log] %cStart Phase: MovePhase color:green
[log] %cStart Phase: MoveEndPhase color:green
[log] %cStart Phase: CheckInterludePhase color:green
[log] %cStart Phase: WeatherEffectPhase color:green
[log] %cStart Phase: PositionalTagPhase color:green
[log] %cStart Phase: BerryPhase color:green
[log] %cStart Phase: CheckStatusEffectPhase color:green
[log] %cStart Phase: TurnEndPhase color:green
[log] %cStart Phase: PokemonHealPhase color:green
[log] [coop:turn] host recorder: append turn=1 seq=8 k=message total=9 live=true
[log] %cStart Phase: MessagePhase color:green
[log] %cStart Phase: PokemonHealPhase color:green
[log] [coop:turn] host recorder: append turn=1 seq=9 k=message total=10 live=true
[log] %cStart Phase: MessagePhase color:green
[log] %cStart Phase: CoopTurnCommitPhase color:green
[log] [coop:turn] host recorder: finalize turn=1 events=10 seq=10
[log] [coop:checkpoint] build field=4 weather=0/0 terrain=3/0 arenaTags=0 money=700 mons=[bi0:sp143/hp303-303/st0/fnt0 bi1:sp94/hp179-179/st0/fnt0 bi2:sp266/hp0-33/st7/fnt1 bi3:sp187/hp0-30/st7/fnt1]
[log] [coop:checkpoint] host capture field=4 weather=0 terrain=3 money=700 arenaTags=0 mons=[bi0:sp143/hp303-303/st0/fnt0 bi1:sp94/hp179-179/st0/fnt0 bi2:sp266/hp0-33/st7/fnt1 bi3:sp187/hp0-30/st7/fnt1]
[log] [coop:interaction] interactionCounter() read -> 16 (role=host)
[log] [coop:replay] host SEND turnResolution e=1833203800481331 wave=15 turn=1 rev=148 events=10 checksum=0ef07ee5eceb5580
[log] [coop:transport] send host t=turnResolution e=1833203800481331 wave=15 turn=1 rev=148 events=10 checksum=0ef07ee5eceb5580
[warn] [coop:v2-shadow] FAULT tap(TURN_COMMIT): AuthorityLog.commit: TURN_COMMIT is not authorized by predecessor control after WSHADOW/ADV/w1
[log] [coop:runtime] send waveResolved wave=15 outcome=win (host)
[log] [coop:replay] host SEND waveResolved wave=15 outcome=win transition=WAVE_VICTORY/next16/biome0/egg1/wild
[log] [coop:transport] send host t=waveResolved wave=15 outcome=win captureParty=- cap=-
[log] [coop:transport] recv guest t=turnResolution e=1833203800481331 wave=15 turn=1 rev=148 events=10 checksum=0ef07ee5eceb5580 handlers=1
[log] [coop:transport] recv guest t=waveResolved wave=15 outcome=win captureParty=- cap=- handlers=1
[log] [38;2;255;127;80mPhaseInterceptor.to: Stopping on completion of CoopTurnCommitPhase[39m
[log] %cStart Phase: BattleEndPhase color:green
[log] [coop:progression] HOST automatic victory settlement deferred wave=15 sourceTurn=1 settlementTurn=2
[log] %cStart Phase: EggLapsePhase color:green
[log] %cStart Phase: CoopVictorySealPhase color:green
[log] [coop:transport] send host t=envelope t=envelope
[log] [coop:runtime] wave-advance op HOST commit wave=15 outcome=win next=WAVE_VICTORY rev=34 id=1833203800481331:0:WAVE_ADVANCE:15 (Wave-2f)
[log] [coop:runtime] settled WAVE_ADVANCE committed wave=15 tick=149 next=WAVE_VICTORY/wave16
[log] [coop:runtime] send waveEndState wave=15 tick=149 (host)
[log] [coop:replay] host SEND waveEndState wave=15 tick=149 party=6
[log] [coop:transport] send host t=waveEndState t=waveEndState
[log] [coop:progression] HOST automatic victory settlement sealed wave=15 sourceTurn=1 settlementTurn=2 tick=149
[log] [coop:transport] recv guest t=envelope t=envelope handlers=1
[log] [coop:transport] recv guest t=waveEndState t=waveEndState handlers=1
[log] [coop:interaction] interactionCounter() read -> 16 (role=host)
[log] [coop:owner] ownerOf(counter=16) seat=0 -> owner=host
[log] [coop:owner] isLocalOwnerAtCounter(pinnedCounter=16) parity=0 owner=host role=host -> true
[log] [coop:interaction] interactionCounter() read -> 16 (role=host)
[log] [coop:reward] owner/watcher decision: pinnedStart=16 liveCounter=16 parity=0 role=host pick=OWNER option=ROLL spoof=false
[log] [coop:shop] serializeRewardOptions count=3 ids=[POKEBALL,RARE_CANDY,TEMP_STAT_STAGE_BOOSTER] tiers=[0,0,0]
[log] [coop:reward] OWNER streams reward options (start=16 reroll=0 count=3 ids=[POKEBALL,RARE_CANDY,TEMP_STAT_STAGE_BOOSTER])
[log] [coop:relay] SEND rewardOptions seq=16 reroll=0 count=3 ids=[POKEBALL,RARE_CANDY,TEMP_STAT_STAGE_BOOSTER]
[log] [coop:transport] send host t=rewardOptions seq=16 reroll=0 options=3
[log] [coop:rendezvous] ARRIVE point=shop:15:16 (send) role=host
[log] [coop:transport] send host t=rendezvous point=shop:15:16
[log] [coop:reward] OWNER drives reward screen (start=16 role=host spoof=false adoptsOptions=false wave=15)
[log] [coop:rendezvous] shop-pick-commit barrier AWAIT shop:15:16
[log] [coop:rendezvous] AWAIT point=shop:15:16 timeoutMs=2000 -> network-wait role=host
[log] [coop:transport] recv guest t=rewardOptions seq=16 reroll=0 options=3 handlers=1
[log] [coop:transport] recv guest t=rendezvous point=shop:15:16 handlers=1
[log] [coop:interaction] interactionCounter() read -> 16 (role=host)
[log] [coop:checksum] capture digest=0ef07ee5eceb5580 field=4 biome=2 seed=coop-soak-20260924 weather=0 terrain=3 money=700 party=[143,94,149,445,376,248] partyLevels=[65,65,65,65,65,65] arenaTags=0 modifiers=4 heldItemsDigest=0 pokeballs=[0:30,1:0,2:0,3:0,4:0] mons=[bi0:sp143/hp303-303/st0/ab12/form0/tera0:0/boss0:0 bi1:sp94/hp179-179/st0/ab5067/form0/tera0:7/boss0:0 bi2:sp266/hp0-33/st7/ab192/form0/tera0:6/boss0:0 bi3:sp187/hp0-30/st7/ab102/form0/tera0:11/boss0:0]
[log] [coop:durability] operation delivery RETRY key=op:global:34:1833203800481331:15:2:1833203800481331:0:WAVE_ADVANCE:15 attempt=1/8
[log] [coop:transport] send host t=envelope t=envelope
[log] [coop:rendezvous] RECV arrival point=shop:15:16 -> deliver-to-waiter role=host
[log] [coop:transport] send host t=rendezvous point=shop:15:16
[log] [coop:rendezvous] AWAIT point=shop:15:16 RESOLVE both-arrived role=host
[log] [coop:stream] host ACCEPT turn ACK stage=continuationReady key=1833203800481331:15:1:148
[log] [coop:stream] host RELEASE retained turn after continuationReady key=1833203800481331:15:1:148
[log] [coop:durability] host RELEASE contiguous acknowledged authority cls=op:global seq=34
[warn] [coop:durability] DROP skipped/regressed operation ACK key=op:global:34:1833203800481331:15:2:1833203800481331:0:WAVE_ADVANCE:15 stage=materialApplied
[warn] [coop:durability] DROP skipped/regressed operation ACK key=op:global:34:1833203800481331:15:2:1833203800481331:0:WAVE_ADVANCE:15 stage=presentationReady
[log] [coop:transport] recv guest t=rendezvous point=shop:15:16 handlers=1
[log] [coop:interaction] mirror begin role=owner mirrorSeq=1024 interactionStart=16 reroll=0
[log] [coop:interaction] uiMirror beginSession role=owner mode=6 seq=1024 early=0
[log] [coop:owner] ownerOf(counter=16) seat=0 -> owner=host
[log] [coop:owner] isLocalOwnerAtCounter(pinnedCounter=16) parity=0 owner=host role=host -> true
[log] [coop:owner] ownerOf(counter=16) seat=0 -> owner=host
[log] [coop:owner] isLocalOwnerAtCounter(pinnedCounter=16) parity=0 owner=host role=host -> true
[log] [coop:relay] OWNER prepare seq=16 kind=reward choice=0 data=[0] role=host
[log] [coop:reward] reward op INTENT prepared label=reward id=1833203800481331:0:REWARD:1600000
[log] [coop:relay] OWNER send raw seq=16 kind=reward choice=0 role=host
[log] [coop:relay] SEND interactionChoice seq=16 kind=reward kind=? choice=0 data=[0]
[log] [coop:transport] send host t=interactionChoice seq=16 kind=reward choice=0
[warn] [coop:v2-shadow] FAULT tap(INTERACTION_COMMIT): AuthorityLog.commit: INTERACTION_COMMIT is not authorized by predecessor control after WSHADOW/ADV/w1
[log] [coop:reward] APPLY_RESULT pin=16 side=owner type=POKEBALL class=AddPokeballModifier pregen=[] holderSlot=-1 holderId=-1 stack=-1 accepted=true cost=-1
[log] [coop:shop] serializeRewardOptions count=3 ids=[POKEBALL,RARE_CANDY,TEMP_STAT_STAGE_BOOSTER] tiers=[0,0,0]
[log] [coop:transport] send host t=envelope t=envelope
[log] [coop:reward] reward authoritative RESULT retained rev=35 tick=150 id=1833203800481331:0:REWARD:1600000
[log] [coop:interaction] interactionCounter() read -> 16 (role=host)
[log] [coop:interaction] CoopInteractionTurn.advance INCREMENT (fromCounter=16) counter 16 -> 17
[log] [coop:interaction] advanceInteraction ADVANCED+BROADCAST (fromCounter=16) counter 16 -> 17 role=host; send interaction screen=__turn__ choice=17
[log] [coop:interaction] SEND counter snapshot reason=advance choice=17 role=host
[log] [coop:transport] send host t=interaction screen=__turn__
[log] [coop:owner] ownerOf(counter=17) seat=1 -> owner=guest
[log] [coop:owner] ownerOf(counter=17) seat=1 -> owner=guest
[log] [coop:interaction] interactionCounter() read -> 17 (role=host)
[log] [coop:reward] advance interaction (role=host from=16 counter 16 -> 17)
[log] [coop:transport] recv guest t=interactionChoice seq=16 kind=reward choice=0 handlers=1
[log] [coop:transport] recv guest t=envelope t=envelope handlers=1
[log] [coop:transport] recv guest t=interaction screen=__turn__ handlers=1
[log] [coop:interaction] RECV interaction broadcast (deferred catch-up net) received=17 localBefore=17 role=host -> no defer (local >= received)
[warn] [coop:interaction] CoopInteractionTurn.mergeRemote DEFER (remote=17, counter=17, pendingRemote=17) live counter UNCHANGED (folds in at next advance if still ahead)
[log] [coop:owner] ownerOf(counter=17) seat=1 -> owner=guest
[log] [coop:owner] ownerOf(counter=17) seat=1 -> owner=guest
[log] [coop:rendezvous] crossroads boundary barrier RENDEZVOUS xroads:15 (#858)
[log] [coop:rendezvous] ARRIVE point=xroads:15 (send) role=host
[log] [coop:transport] send host t=rendezvous point=xroads:15
[log] [coop:rendezvous] AWAIT point=xroads:15 timeoutMs=2000 -> network-wait role=host
[log] [coop:transport] recv guest t=rendezvous point=xroads:15 handlers=1
[log] [coop:interaction] interactionCounter() read -> 17 (role=host)
[log] [coop:owner] ownerOf(counter=17) seat=1 -> owner=guest
[log] [coop:owner] isLocalOwnerAtCounter(pinnedCounter=17) parity=1 owner=guest role=host -> false
[log] [coop:rendezvous] RECV arrival point=xroads:15 -> deliver-to-waiter role=host
[log] [coop:transport] send host t=rendezvous point=xroads:15
[log] [coop:rendezvous] AWAIT point=xroads:15 RESOLVE both-arrived role=host
[log] [coop:transport] recv guest t=rendezvous point=xroads:15 handlers=1
[log] [coop:interaction] interactionCounter() read -> 17 (role=host)
[log] [coop:owner] ownerOf(counter=17) seat=1 -> owner=guest
[log] [coop:owner] isLocalOwnerAtCounter(pinnedCounter=17) parity=1 owner=guest role=host -> false
[log] [coop:reward] crossroads owner/watcher decision: pinnedStart=17 role=host spoof=false -> WATCHER (#848)
[log] [coop:interaction] uiMirror beginSession role=watcher mode=15 seq=9600017 early=0
[log] [coop:relay] AWAIT interactionChoice seq=9600017 timeoutMs=1200000 expected=[crossroads] -> network-wait
[log] [coop:transport] recv host t=coopAck cls=op:global seq=34 handlers=1
[log] [coop:transport] recv host t=battleCheckpointAck reason=replacement e=1833203800481331 wave=2 turn=2 rev=18 stage=continuationReady checksum=3244f941b6d0ce2f handlers=1
[log] [coop:interaction] uiMirror WATCHER apply n=0 button=1 mode=15
[log] [coop:relay] DELIVER interactionChoice seq=9600017 -> waiter kind=crossroads choice=1 data=-
[log] [coop:relay] AWAIT interactionChoice seq=9600017 RESOLVE kind=crossroads choice=1 data=-
[log] [coop:transport] send host t=envelope t=envelope
[log] [coop:reward] crossroads WATCHER: owner pick received moveOn=true pinnedStart=17 (#848)
[log] [coop:v2-interaction] terminal proof recorded op=1833203800481331:1:CROSSROADS_PICK:9600017 role=host seat=0 duplicate=0 ambient=1
[log] [coop:transport] recv guest t=envelope t=envelope handlers=1
[log] %cStart Phase: CoopPartnerSyncPhase color:green
[log] [coop:interaction] interactionCounter() read -> 17 (role=host)
[log] [coop:owner] ownerOf(counter=17) seat=1 -> owner=guest
[log] [coop:owner] isLocalOwnerAtCounter(pinnedCounter=17) parity=1 owner=guest role=host -> false
[log] [coop:owner] ownerOf(counter=17) seat=1 -> owner=guest
[log] [coop:owner] isLocalOwnerAtCounter(pinnedCounter=17) parity=1 owner=guest role=host -> false
[log] [coop:reward] biome pick owner/watcher decision: pinnedStart=17 role=host spoof=false chained=true -> WATCHER (#848)
[log] [coop:interaction] uiMirror beginSession role=watcher mode=54 seq=9700017 early=0
[log] [coop:relay] AWAIT interactionChoice seq=9700017 timeoutMs=1200000 expected=[biomePick] -> network-wait
[log] [coop:interaction] interactionCounter() read -> 17 (role=host)
[log] [coop:owner] ownerOf(counter=17) seat=1 -> owner=guest
[log] [coop:owner] isLocalOwnerAtCounter(pinnedCounter=17) parity=1 owner=guest role=host -> false
[log] [coop:relay] DELIVER interactionChoice seq=9700017 -> waiter kind=biomePick choice=0 data=[2]
[log] [coop:relay] AWAIT interactionChoice seq=9700017 RESOLVE kind=biomePick choice=0 data=[2]
[log] [coop:transport] send host t=envelope t=envelope
[log] [coop:reward] biome pick WATCHER: owner biome=undefined received pinnedStart=17 (#848)
[log] [coop:transport] recv guest t=envelope t=envelope handlers=1
[log] [coop:interaction] interactionCounter() read -> 17 (role=host)
[log] [coop:interaction] CoopInteractionTurn.advance INCREMENT (fromCounter=17) counter 17 -> 18
[log] [coop:interaction] advanceInteraction ADVANCED+BROADCAST (fromCounter=17) counter 17 -> 18 role=host; send interaction screen=__turn__ choice=18
[log] [coop:interaction] SEND counter snapshot reason=advance choice=18 role=host
[log] [coop:transport] send host t=interaction screen=__turn__
[log] [coop:owner] ownerOf(counter=18) seat=0 -> owner=host
[log] [coop:owner] ownerOf(counter=18) seat=0 -> owner=host
[log] [coop:interaction] interactionCounter() read -> 18 (role=host)
[log] [coop:reward] advance interaction from CONTINUATION commit (role=host from=17 counter 17 -> 18)
[log] [coop:interaction] interactionCounter() read -> 18 (role=host)
[log] [coop:v2-interaction] terminal proof recorded op=1833203800481331:1:BIOME_PICK:9700017 role=host seat=0 duplicate=0 ambient=1
[log] [coop:transport] recv guest t=interaction screen=__turn__ handlers=1
[log] [coop:interaction] RECV interaction broadcast (deferred catch-up net) received=18 localBefore=18 role=host -> no defer (local >= received)
[warn] [coop:interaction] CoopInteractionTurn.mergeRemote DEFER (remote=18, counter=18, pendingRemote=18) live counter UNCHANGED (folds in at next advance if still ahead)
[log] [coop:owner] ownerOf(counter=18) seat=0 -> owner=host
[log] [coop:owner] ownerOf(counter=18) seat=0 -> owner=host
[log] [coop:interaction] interactionCounter() read -> 18 (role=host)
[log] %cStart Phase: SwitchBiomePhase color:green
[log] %cStart Phase: NewBattlePhase color:green
[log] [coop:turn] host recorder: begin deferred transition turn=1 scope=1833203800481331:16
[log] [coop:v2-control] NewBattlePhase installed committed host biome encounter wave=15->16
[log] %cStart Phase: ReturnPhase color:green
[log] [coop:turn] host recorder: preserve recording scope=1833203800481331:16 turn=1 events=0 seq=0
[log] %cStart Phase: ReturnPhase color:green
[log] [coop:turn] host recorder: preserve recording scope=1833203800481331:16 turn=1 events=0 seq=0
[log] %cStart Phase: ShowTrainerPhase color:green
[log] %cStart Phase: NewBiomeEncounterPhase color:green
[log] [coop:turn] host recorder: append turn=1 seq=0 k=weather total=1 live=true
[log] [coop:turn] host recorder: append turn=1 seq=1 k=message total=2 live=true
[log] [coop:interaction] interactionCounter() read -> 18 (role=host)
[log] [coop:replay] host SEND enemyPartySync wave=16 count=2 meType=-1 battleType=0 entryPresentation=-
[log] [coop:transport] send host t=enemyPartySync wave=16 enemies=2 battleType=0
[log] [coop:turn] host recorder: preserve recording scope=1833203800481331:16 turn=1 events=2 seq=2
[log] [coop:transport] recv guest t=enemyPartySync wave=16 enemies=2 battleType=0 handlers=1
[log] %cStart Phase: CommonAnimPhase color:green
[log] %cStart Phase: MessagePhase color:green
[log] %cStart Phase: SummonPhase color:green
[log] [coop:turn] host recorder: preserve recording scope=1833203800481331:16 turn=1 events=2 seq=2
[log] %cStart Phase: ToggleDoublePositionPhase color:green
[log] %cStart Phase: SummonPhase color:green
[log] [coop:turn] host recorder: preserve recording scope=1833203800481331:16 turn=1 events=2 seq=2
[log] %cStart Phase: CheckSwitchPhase color:green
[log] %cStart Phase: CheckSwitchPhase color:green
[log] %cStart Phase: InitEncounterPhase color:green
[log] [coop:turn] host recorder: preserve recording scope=1833203800481331:16 turn=1 events=2 seq=2
[log] %cStart Phase: PostSummonPhase color:green
[log] %cStart Phase: PostSummonPhase color:green
[log] %cStart Phase: ShowAbilityPhase color:green
[log] [coop:turn] host recorder: append turn=1 seq=2 k=showAbility total=3 live=true
[log] %cStart Phase: StatStageChangePhase color:green
[log] [coop:turn] host recorder: append turn=1 seq=3 k=message total=4 live=true
[log] [coop:turn] host recorder: append turn=1 seq=4 k=statStage total=5 live=true
[log] %cStart Phase: MessagePhase color:green
[log] %cStart Phase: StatStageChangePhase color:green
[log] [coop:turn] host recorder: append turn=1 seq=5 k=message total=6 live=true
[log] [coop:turn] host recorder: append turn=1 seq=6 k=statStage total=7 live=true
[log] %cStart Phase: MessagePhase color:green
[log] %cStart Phase: HideAbilityPhase color:green
[log] [coop:turn] host recorder: append turn=1 seq=7 k=hideAbility total=8 live=true
[log] %cStart Phase: PostSummonPhase color:green
[log] %cStart Phase: PostSummonPhase color:green
[log] %cStart Phase: PostSummonPhase color:green
[log] %cStart Phase: PostSummonPhase color:green
[log] %cStart Phase: TurnInitPhase color:green
[log] [coop:replay] host SEND enemyPartySync wave=16 count=2 meType=-1 battleType=0 entryPresentation=8
[log] [coop:transport] send host t=enemyPartySync wave=16 enemies=2 battleType=0
[log] [coop:replay] host RE-BROADCAST wave-start authority wave=16 after post-summon boundary stateChanged=true presentation=8 (#920)
[log] [coop:rendezvous] next-command barrier ARRIVE+AWAIT cmd:16:1 slot=0
[log] [coop:rendezvous] ARRIVE point=cmd:16:1 (send) role=host
[log] [coop:transport] send host t=rendezvous point=cmd:16:1
[log] [coop:rendezvous] AWAIT point=cmd:16:1 timeoutMs=2000 -> network-wait role=host
[log] [coop:transport] recv guest t=enemyPartySync wave=16 enemies=2 battleType=0 handlers=1
[log] [coop:transport] recv guest t=rendezvous point=cmd:16:1 handlers=1
[log] [coop:rendezvous] RECV arrival point=cmd:16:1 -> deliver-to-waiter role=host
[log] [coop:transport] send host t=rendezvous point=cmd:16:1
[log] [coop:rendezvous] AWAIT point=cmd:16:1 RESOLVE both-arrived role=host
[log] [coop:durability] host RELEASE contiguous acknowledged authority cls=op:global seq=35
[log] [coop:durability] host RELEASE contiguous acknowledged authority cls=op:global seq=36
[log] [coop:durability] host RELEASE contiguous acknowledged authority cls=op:global seq=37
[log] [coop:transport] recv guest t=rendezvous point=cmd:16:1 handlers=1
[log] [coop:transport] send host t=enemyPartySync wave=16 enemies=2 battleType=0
[log] [coop:replay] host RE-BROADCAST wave-start authority wave=16 after post-summon boundary stateChanged=false presentation=8 (#920)
[log] [coop:transport] recv guest t=enemyPartySync wave=16 enemies=2 battleType=0 handlers=1
[log] [coop:interaction] interactionCounter() read -> 18 (role=host)
[log] [coop:checksum] capture digest=a7ccf18f8fb5a4f0 field=4 biome=2 seed=coop-soak-20260924 weather=1 terrain=3 money=700 party=[143,94,149,445,376,248] partyLevels=[65,65,65,65,65,65] arenaTags=0 modifiers=4 heldItemsDigest=1 pokeballs=[0:35,1:0,2:0,3:0,4:0] mons=[bi0:sp143/hp303-303/st0/ab12/form0/tera0:0/boss0:0 bi1:sp94/hp179-179/st0/ab5067/form0/tera0:7/boss0:0 bi2:sp191/hp36-36/st0/ab142/form0/tera0:11/boss0:0 bi3:sp548/hp32-32/st0/ab102/form0/tera0:11/boss0:0]
[log] [coop:interaction] interactionCounter() read -> 18 (role=host)
[log] [coop:relay] broadcastLocalCommand SEND fieldIndex=0 owner=host turn=1 command=2 cursor=2 moveId=- targets=[]
[log] [coop:transport] send host t=command fi=0 owner=host turn=1 cmd=2 cursor=2 move=-
[log] [coop:transport] recv guest t=command fi=0 owner=host turn=1 cmd=2 cursor=2 move=- handlers=1
[log] [coop:relay] recv command fieldIndex=0 turn=1 command=2 -> BUFFERED (no awaiter yet)
[log] %cStart Phase: CommandPhase color:green
[log] [coop:transport] send host t=enemyPartySync wave=16 enemies=2 battleType=0
[log] [coop:replay] host RE-BROADCAST wave-start authority wave=16 after post-summon boundary stateChanged=false presentation=8 (#920)
[log] [coop:battle] CommandPhase slot=1 turn=1 owner=guest role=host -> partner path
[log] [coop:relay] host requestPartnerCommand SEND fieldIndex=1 turn=1 moveSlots=[0,1,2,3] (awaiting peer)
[log] [coop:transport] send host t=commandRequest fi=1 owner=guest turn=1 slots=4
[log] [coop:transport] recv guest t=enemyPartySync wave=16 enemies=2 battleType=0 handlers=1
[log] [coop:transport] recv guest t=commandRequest fi=1 owner=guest turn=1 slots=4 handlers=1
[log] [coop:relay] peer recv commandRequest fieldIndex=1 owner=guest turn=1 moveSlots=[0,1,2,3] -> reply command=2 cursor=3 moveId=-
[log] [coop:transport] send guest t=command fi=1 owner=guest turn=1 cmd=2 cursor=3 move=-
[log] [coop:transport] recv host t=command fi=1 owner=guest turn=1 cmd=2 cursor=3 move=- handlers=1
[log] [coop:relay] recv command fieldIndex=1 turn=1 command=2 -> resolved awaiting request
[log] %cStart Phase: EnemyCommandPhase color:green
[log] %cStart Phase: EnemyCommandPhase color:green
[log] %cStart Phase: TurnStartPhase color:green
[log] [coop-diag] turn-start authoritative guard mode=authoritative role=host turn=1 diverts=false
[log] [coop:turn] host recorder: preserve recording scope=1833203800481331:16 turn=1 events=13 seq=13
[log] %cStart Phase: SwitchSummonPhase color:green
[log] [coop:turn] host recorder: preserve recording scope=1833203800481331:16 turn=1 events=13 seq=13
[log] [coop:turn] host recorder: append turn=1 seq=13 k=switch total=14 live=true
[log] %cStart Phase: PostSummonPhase color:green
[log] %cStart Phase: SwitchSummonPhase color:green
[log] [coop:turn] host recorder: preserve recording scope=1833203800481331:16 turn=1 events=14 seq=14
[log] [coop:turn] host recorder: append turn=1 seq=14 k=switch total=15 live=true
[log] %cStart Phase: PostSummonPhase color:green
[log] %cStart Phase: MovePhase color:green
[log] [coop:turn] host recorder: append turn=1 seq=15 k=moveUsed total=16 live=true
[log] [coop:turn] host recorder: append turn=1 seq=16 k=message total=17 live=true
[log] %cStart Phase: MessagePhase color:green
[log] %cStart Phase: MessagePhase color:green
[log] %cStart Phase: MoveEndPhase color:green
[log] %cStart Phase: MovePhase color:green
[log] [coop:turn] host recorder: append turn=1 seq=17 k=moveUsed total=18 live=true
[log] %cStart Phase: MessagePhase color:green
[log] %cStart Phase: MoveEffectPhase color:green
[log] [coop:turn] host recorder: append turn=1 seq=18 k=moveAnim total=19 live=true
[log] %cStart Phase: StatStageChangePhase color:green
[log] %cStart Phase: StatStageChangePhase color:green
[log] [coop:turn] host recorder: append turn=1 seq=19 k=message total=20 live=true
[log] [coop:turn] host recorder: append turn=1 seq=20 k=statStage total=21 live=true
[log] %cStart Phase: MessagePhase color:green
[log] %cStart Phase: StatStageChangePhase color:green
[log] [coop:turn] host recorder: append turn=1 seq=21 k=message total=22 live=true
[log] [coop:turn] host recorder: append turn=1 seq=22 k=statStage total=23 live=true
[log] %cStart Phase: MessagePhase color:green
[log] %cStart Phase: MoveEndPhase color:green
[log] %cStart Phase: CheckInterludePhase color:green
[log] %cStart Phase: WeatherEffectPhase color:green
[log] %cStart Phase: PositionalTagPhase color:green
[log] %cStart Phase: BerryPhase color:green
[log] %cStart Phase: CheckStatusEffectPhase color:green
[log] %cStart Phase: TurnEndPhase color:green
[log] %cStart Phase: PokemonHealPhase color:green
[log] [coop:turn] host recorder: append turn=1 seq=23 k=message total=24 live=true
[log] %cStart Phase: MessagePhase color:green
[log] %cStart Phase: PokemonHealPhase color:green
[log] [coop:turn] host recorder: append turn=1 seq=24 k=message total=25 live=true
[log] %cStart Phase: MessagePhase color:green
[log] %cStart Phase: PokemonHealPhase color:green
[log] [coop:turn] host recorder: append turn=1 seq=25 k=message total=26 live=true
[log] %cStart Phase: MessagePhase color:green
[log] %cStart Phase: CoopTurnCommitPhase color:green
[log] [coop:turn] host recorder: finalize turn=1 events=26 seq=26
[log] [coop:checkpoint] build field=4 weather=1/0 terrain=3/0 arenaTags=0 money=700 mons=[bi0:sp149/hp213-213/st0/fnt0 bi1:sp445/hp235-235/st0/fnt0 bi2:sp191/hp36-36/st0/fnt0 bi3:sp548/hp32-32/st0/fnt0]
[log] [coop:checkpoint] host capture field=4 weather=1 terrain=3 money=700 arenaTags=0 mons=[bi0:sp149/hp213-213/st0/fnt0 bi1:sp445/hp235-235/st0/fnt0 bi2:sp191/hp36-36/st0/fnt0 bi3:sp548/hp32-32/st0/fnt0]
[log] [coop:interaction] interactionCounter() read -> 18 (role=host)
[log] [coop:replay] host SEND turnResolution e=1833203800481331 wave=16 turn=1 rev=159 events=26 checksum=cc54116be25c4804
[log] [coop:transport] send host t=turnResolution e=1833203800481331 wave=16 turn=1 rev=159 events=26 checksum=cc54116be25c4804
[warn] [coop:v2-shadow] FAULT tap(TURN_COMMIT): AuthorityLog.commit: TURN_COMMIT is not authorized by predecessor control after WSHADOW/ADV/w1
[log] [coop:transport] recv guest t=turnResolution e=1833203800481331 wave=16 turn=1 rev=159 events=26 checksum=cc54116be25c4804 handlers=1
[log] [38;2;255;127;80mPhaseInterceptor.to: Stopping on completion of CoopTurnCommitPhase[39m
[log] %cStart Phase: TurnInitPhase color:green
[log] [coop:rendezvous] ARRIVE point=cmd:16:2 (send) role=host
[log] [coop:transport] send host t=rendezvous point=cmd:16:2
[log] [coop:rendezvous] next-command barrier cmd:16:2 SYNC pass (partner already arrived)
[log] [coop:transport] recv guest t=rendezvous point=cmd:16:2 handlers=1
[log] [coop:stream] host ACCEPT turn ACK stage=continuationReady key=1833203800481331:16:1:159
[log] [coop:stream] host RELEASE retained turn after continuationReady key=1833203800481331:16:1:159
[log] %cStart Phase: SelectTargetPhase color:green
[log] [coop:owner] broadcast own-slot fi=0 turn=2 role=host cmd=0
[log] [coop:relay] broadcastLocalCommand SEND fieldIndex=0 owner=host turn=2 command=0 cursor=1 moveId=247 targets=[2]
[log] [coop:transport] send host t=command fi=0 owner=host turn=2 cmd=0 cursor=1 move=247
[log] [coop:transport] recv guest t=command fi=0 owner=host turn=2 cmd=0 cursor=1 move=247 handlers=1
[log] [coop:relay] recv command fieldIndex=0 turn=2 command=0 -> BUFFERED (no awaiter yet)
[log] %cStart Phase: CommandPhase color:green
[log] [coop:battle] CommandPhase slot=1 turn=2 owner=guest role=host -> partner path
[log] [coop:relay] host requestPartnerCommand SEND fieldIndex=1 turn=2 moveSlots=[0,1,2,3] (awaiting peer)
[log] [coop:transport] send host t=commandRequest fi=1 owner=guest turn=2 slots=4
[log] [coop:transport] recv guest t=commandRequest fi=1 owner=guest turn=2 slots=4 handlers=1
[log] [coop:relay] peer recv commandRequest fieldIndex=1 owner=guest turn=2 moveSlots=[0,1,2,3] -> reply command=0 cursor=2 moveId=53
[log] [coop:transport] send guest t=command fi=1 owner=guest turn=2 cmd=0 cursor=2 move=53
[log] [coop:transport] recv host t=command fi=1 owner=guest turn=2 cmd=0 cursor=2 move=53 handlers=1
[log] [coop:relay] recv command fieldIndex=1 turn=2 command=0 -> resolved awaiting request
[log] [coop:ai] applyWiredPartnerCommand partner=445 wiredMoveId=53 cursor=2 -> moveId=53 moveIndex=2 tera=false targets=[3] targetsFrom=wire-verbatim useMode=1
[log] %cStart Phase: EnemyCommandPhase color:green
[log] %cStart Phase: EnemyCommandPhase color:green
[log] %cStart Phase: TurnStartPhase color:green
[log] [coop-diag] turn-start authoritative guard mode=authoritative role=host turn=2 diverts=false
[log] [coop:turn] host recorder: begin turn=2 scope=1833203800481331:16 (no prior open recording)
[log] %cStart Phase: MovePhase color:green
[log] [coop:turn] host recorder: append turn=2 seq=0 k=moveUsed total=1 live=true
[log] %cStart Phase: MessagePhase color:green
[log] %cStart Phase: MoveEffectPhase color:green
[log] [coop:turn] host recorder: append turn=2 seq=1 k=moveAnim total=2 live=true
[log] [coop:turn] host recorder: append turn=2 seq=2 k=hp total=3 live=true
[log] [coop:turn] host recorder: append turn=2 seq=3 k=faint total=4 live=true
[log] [coop:turn] host recorder: append turn=2 seq=4 k=message total=5 live=true
[log] %cStart Phase: DamageAnimPhase color:green
[log] %cStart Phase: MessagePhase color:green
[log] %cStart Phase: FaintPhase color:green
[log] %cStart Phase: MessagePhase color:green
[log] %cStart Phase: VictoryPhase color:green
[log] [coop:progression] HOST applyPartyExp COMPUTE wave=16 expValue=113 koMon=Petilil
[log] %cStart Phase: MoveEndPhase color:green
[log] %cStart Phase: MovePhase color:green
[log] [coop:turn] host recorder: append turn=2 seq=5 k=moveUsed total=6 live=true
[log] %cStart Phase: MessagePhase color:green
[log] %cStart Phase: MoveEffectPhase color:green
[log] [coop:turn] host recorder: append turn=2 seq=6 k=moveAnim total=7 live=true
[log] [coop:turn] host recorder: append turn=2 seq=7 k=hp total=8 live=true
[log] [coop:turn] host recorder: append turn=2 seq=8 k=faint total=9 live=true
[log] %cStart Phase: DamageAnimPhase color:green
[log] %cStart Phase: FaintPhase color:green
[log] %cStart Phase: MessagePhase color:green
[log] %cStart Phase: ShowAbilityPhase color:green
[log] [coop:turn] host recorder: append turn=2 seq=9 k=showAbility total=10 live=true
[log] %cStart Phase: StatStageChangePhase color:green
[log] [coop:turn] host recorder: append turn=2 seq=10 k=message total=11 live=true
[log] [coop:turn] host recorder: append turn=2 seq=11 k=statStage total=12 live=true
[log] %cStart Phase: MessagePhase color:green
[log] %cStart Phase: StatStageChangePhase color:green
[log] [coop:turn] host recorder: append turn=2 seq=12 k=message total=13 live=true
[log] [coop:turn] host recorder: append turn=2 seq=13 k=statStage total=14 live=true
[log] %cStart Phase: MessagePhase color:green
[log] %cStart Phase: StatStageChangePhase color:green
[log] [coop:turn] host recorder: append turn=2 seq=14 k=message total=15 live=true
[log] [coop:turn] host recorder: append turn=2 seq=15 k=statStage total=16 live=true
[log] %cStart Phase: MessagePhase color:green
[log] %cStart Phase: StatStageChangePhase color:green
[log] [coop:turn] host recorder: append turn=2 seq=16 k=message total=17 live=true
[log] [coop:turn] host recorder: append turn=2 seq=17 k=statStage total=18 live=true
[log] %cStart Phase: MessagePhase color:green
[log] %cStart Phase: HideAbilityPhase color:green
[log] [coop:turn] host recorder: append turn=2 seq=18 k=hideAbility total=19 live=true
[log] %cStart Phase: VictoryPhase color:green
[log] [coop:progression] HOST applyPartyExp COMPUTE wave=16 expValue=80.2 koMon=Sunkern
[warn] [coop:v2-shadow] FAULT tap(WAVE_ADVANCE): AuthorityLog.commit: WAVE_ADVANCE is not authorized by predecessor control after WSHADOW/ADV/w1
[log] [coop:runtime] defer raw waveResolved wave=16 outcome=win until its material turnResolution is retained
[log] [coop-diag] VictoryPhase win-branch role=host battleType=WILD queuesTrainerVictory=false queuesSelectModifier=true wave=16
[log] [coop-diag] VictoryTail role=host wave=16 source=legacy-local trainer=false egg=true biomeShop=false biomeChange=false crossroads=false nextWave=17
[log] %cStart Phase: MoveEndPhase color:green
[log] %cStart Phase: MovePhase color:green
[log] %cStart Phase: MoveEndPhase color:green
[log] %cStart Phase: MovePhase color:green
[log] %cStart Phase: MoveEndPhase color:green
[log] %cStart Phase: CheckInterludePhase color:green
[log] %cStart Phase: WeatherEffectPhase color:green
[log] %cStart Phase: PositionalTagPhase color:green
[log] %cStart Phase: BerryPhase color:green
[log] %cStart Phase: CheckStatusEffectPhase color:green
[log] %cStart Phase: TurnEndPhase color:green
[log] %cStart Phase: PokemonHealPhase color:green
[log] [coop:turn] host recorder: append turn=2 seq=19 k=message total=20 live=true
[log] %cStart Phase: MessagePhase color:green
[log] %cStart Phase: CoopTurnCommitPhase color:green
[log] [coop:turn] host recorder: finalize turn=2 events=20 seq=20
[log] [coop:checkpoint] build field=4 weather=1/0 terrain=3/0 arenaTags=0 money=700 mons=[bi0:sp149/hp213-213/st0/fnt0 bi1:sp445/hp235-235/st0/fnt0 bi2:sp191/hp0-36/st7/fnt1 bi3:sp548/hp0-32/st7/fnt1]
[log] [coop:checkpoint] host capture field=4 weather=1 terrain=3 money=700 arenaTags=0 mons=[bi0:sp149/hp213-213/st0/fnt0 bi1:sp445/hp235-235/st0/fnt0 bi2:sp191/hp0-36/st7/fnt1 bi3:sp548/hp0-32/st7/fnt1]
[log] [coop:interaction] interactionCounter() read -> 18 (role=host)
[log] [coop:replay] host SEND turnResolution e=1833203800481331 wave=16 turn=2 rev=162 events=20 checksum=099b00b0b9c48abe
[log] [coop:transport] send host t=turnResolution e=1833203800481331 wave=16 turn=2 rev=162 events=20 checksum=099b00b0b9c48abe
[warn] [coop:v2-shadow] FAULT tap(TURN_COMMIT): AuthorityLog.commit: TURN_COMMIT is not authorized by predecessor control after WSHADOW/ADV/w1
[log] [coop:runtime] send waveResolved wave=16 outcome=win (host)
[log] [coop:replay] host SEND waveResolved wave=16 outcome=win transition=WAVE_VICTORY/next17/biome0/egg1/wild
[log] [coop:transport] send host t=waveResolved wave=16 outcome=win captureParty=- cap=-
[log] [coop:transport] recv guest t=turnResolution e=1833203800481331 wave=16 turn=2 rev=162 events=20 checksum=099b00b0b9c48abe handlers=1
[log] [coop:transport] recv guest t=waveResolved wave=16 outcome=win captureParty=- cap=- handlers=1
[log] [38;2;255;127;80mPhaseInterceptor.to: Stopping on completion of CoopTurnCommitPhase[39m
[log] %cStart Phase: BattleEndPhase color:green
[log] [coop:progression] HOST automatic victory settlement deferred wave=16 sourceTurn=2 settlementTurn=3
[log] %cStart Phase: EggLapsePhase color:green
[log] %cStart Phase: CoopVictorySealPhase color:green
[log] [coop:transport] send host t=envelope t=envelope
[log] [coop:runtime] wave-advance op HOST commit wave=16 outcome=win next=WAVE_VICTORY rev=38 id=1833203800481331:0:WAVE_ADVANCE:16 (Wave-2f)
[log] [coop:runtime] settled WAVE_ADVANCE committed wave=16 tick=163 next=WAVE_VICTORY/wave17
[log] [coop:runtime] send waveEndState wave=16 tick=163 (host)
[log] [coop:replay] host SEND waveEndState wave=16 tick=163 party=6
[log] [coop:transport] send host t=waveEndState t=waveEndState
[log] [coop:progression] HOST automatic victory settlement sealed wave=16 sourceTurn=2 settlementTurn=3 tick=163
[log] [coop:transport] recv guest t=envelope t=envelope handlers=1
[log] [coop:transport] recv guest t=waveEndState t=waveEndState handlers=1
[log] [coop:interaction] interactionCounter() read -> 18 (role=host)
[log] [coop:owner] ownerOf(counter=18) seat=0 -> owner=host
[log] [coop:owner] isLocalOwnerAtCounter(pinnedCounter=18) parity=0 owner=host role=host -> true
[log] [coop:interaction] interactionCounter() read -> 18 (role=host)
[log] [coop:reward] owner/watcher decision: pinnedStart=18 liveCounter=18 parity=0 role=host pick=OWNER option=ROLL spoof=false
[log] [coop:shop] serializeRewardOptions count=3 ids=[POKEBALL,RARE_CANDY,TM_CASE] tiers=[0,0,0]
[log] [coop:reward] OWNER streams reward options (start=18 reroll=0 count=3 ids=[POKEBALL,RARE_CANDY,TM_CASE])
[log] [coop:relay] SEND rewardOptions seq=18 reroll=0 count=3 ids=[POKEBALL,RARE_CANDY,TM_CASE]
[log] [coop:transport] send host t=rewardOptions seq=18 reroll=0 options=3
[log] [coop:rendezvous] ARRIVE point=shop:16:18 (send) role=host
[log] [coop:transport] send host t=rendezvous point=shop:16:18
[log] [coop:reward] OWNER drives reward screen (start=18 role=host spoof=false adoptsOptions=false wave=16)
[log] [coop:rendezvous] shop-pick-commit barrier AWAIT shop:16:18
[log] [coop:rendezvous] AWAIT point=shop:16:18 timeoutMs=2000 -> network-wait role=host
[log] [coop:transport] recv guest t=rewardOptions seq=18 reroll=0 options=3 handlers=1
[log] [coop:transport] recv guest t=rendezvous point=shop:16:18 handlers=1
[log] [coop:interaction] interactionCounter() read -> 18 (role=host)
[log] [coop:checksum] capture digest=099b00b0b9c48abe field=4 biome=2 seed=coop-soak-20260924 weather=1 terrain=3 money=700 party=[149,445,143,94,376,248] partyLevels=[65,65,65,65,65,65] arenaTags=0 modifiers=4 heldItemsDigest=0 pokeballs=[0:35,1:0,2:0,3:0,4:0] mons=[bi0:sp149/hp213-213/st0/ab263/form0/tera0:15/boss0:0 bi1:sp445/hp235-235/st0/ab8/form0/tera0:15/boss0:0 bi2:sp191/hp0-36/st7/ab142/form0/tera0:11/boss0:0 bi3:sp548/hp0-32/st7/ab102/form0/tera0:11/boss0:0]
[log] [coop:durability] operation delivery RETRY key=op:global:38:1833203800481331:16:3:1833203800481331:0:WAVE_ADVANCE:16 attempt=1/8
[log] [coop:transport] send host t=envelope t=envelope
[log] [coop:rendezvous] RECV arrival point=shop:16:18 -> deliver-to-waiter role=host
[log] [coop:transport] send host t=rendezvous point=shop:16:18
[log] [coop:rendezvous] AWAIT point=shop:16:18 RESOLVE both-arrived role=host
[log] [coop:stream] host ACCEPT turn ACK stage=continuationReady key=1833203800481331:16:2:162
[log] [coop:stream] host RELEASE retained turn after continuationReady key=1833203800481331:16:2:162
[log] [coop:durability] host RELEASE contiguous acknowledged authority cls=op:global seq=38
[warn] [coop:durability] DROP skipped/regressed operation ACK key=op:global:38:1833203800481331:16:3:1833203800481331:0:WAVE_ADVANCE:16 stage=materialApplied
[warn] [coop:durability] DROP skipped/regressed operation ACK key=op:global:38:1833203800481331:16:3:1833203800481331:0:WAVE_ADVANCE:16 stage=presentationReady
[log] [coop:transport] recv guest t=rendezvous point=shop:16:18 handlers=1
[log] [coop:interaction] mirror begin role=owner mirrorSeq=1152 interactionStart=18 reroll=0
[log] [coop:interaction] uiMirror beginSession role=owner mode=6 seq=1152 early=0
[log] [coop:owner] ownerOf(counter=18) seat=0 -> owner=host
[log] [coop:owner] isLocalOwnerAtCounter(pinnedCounter=18) parity=0 owner=host role=host -> true
[log] [coop:relay] OWNER prepare seq=18 kind=skip choice=-1 data=[] role=host
[log] [coop:reward] reward op INTENT prepared label=skip id=1833203800481331:0:REWARD:1800000
[log] [coop:shop] serializeRewardOptions count=3 ids=[POKEBALL,RARE_CANDY,TM_CASE] tiers=[0,0,0]
[log] [coop:transport] send host t=envelope t=envelope
[log] [coop:reward] reward authoritative RESULT retained rev=39 tick=164 id=1833203800481331:0:REWARD:1800000
[log] [coop:reward] OWNER retained terminal before continuation seq=18 id=1833203800481331:0:REWARD:1800000
[log] [coop:transport] recv guest t=envelope t=envelope handlers=1
[log] [coop:interaction] RECV interaction broadcast (deferred catch-up net) received=19 localBefore=18 role=host -> WILL DEFER to 19 (folds in at next advance if still ahead)
[warn] [coop:interaction] CoopInteractionTurn.mergeRemote DEFER (remote=19, counter=18, pendingRemote=19) live counter UNCHANGED (folds in at next advance if still ahead)
[log] [coop:owner] ownerOf(counter=18) seat=0 -> owner=host
[log] [coop:owner] ownerOf(counter=18) seat=0 -> owner=host
[log] [coop:reward] OWNER peer material applied; release terminal engine barrier seq=18 id=1833203800481331:0:REWARD:1800000
[log] [coop:interaction] interactionCounter() read -> 18 (role=host)
[log] [coop:interaction] CoopInteractionTurn.advance INCREMENT (fromCounter=18) counter 18 -> 19
[log] [coop:interaction] advanceInteraction ADVANCED+BROADCAST (fromCounter=18) counter 18 -> 19 role=host; send interaction screen=__turn__ choice=19
[log] [coop:interaction] SEND counter snapshot reason=advance choice=19 role=host
[log] [coop:transport] send host t=interaction screen=__turn__
[log] [coop:owner] ownerOf(counter=19) seat=1 -> owner=guest
[log] [coop:owner] ownerOf(counter=19) seat=1 -> owner=guest
[log] [coop:interaction] interactionCounter() read -> 19 (role=host)
[log] [coop:reward] advance interaction (role=host from=18 counter 18 -> 19)
[log] [coop:transport] recv guest t=interaction screen=__turn__ handlers=1
[log] %cStart Phase: NewBattlePhase color:green
[log] [coop:turn] host recorder: begin deferred transition turn=1 scope=1833203800481331:17
[log] %cStart Phase: CoopPartnerSyncPhase color:green
[log] [coop:interaction] interactionCounter() read -> 19 (role=host)
[log] %cStart Phase: NextEncounterPhase color:green
[log] [coop:interaction] interactionCounter() read -> 19 (role=host)
[log] [coop:replay] host SEND enemyPartySync wave=17 count=2 meType=-1 battleType=0 entryPresentation=-
[log] [coop:transport] send host t=enemyPartySync wave=17 enemies=2 battleType=0
[log] [coop:turn] host recorder: preserve recording scope=1833203800481331:17 turn=1 events=0 seq=0
[log] [coop:transport] recv guest t=enemyPartySync wave=17 enemies=2 battleType=0 handlers=1
[log] %cStart Phase: ToggleDoublePositionPhase color:green
[log] %cStart Phase: CheckSwitchPhase color:green
[log] %cStart Phase: CheckSwitchPhase color:green
[log] %cStart Phase: InitEncounterPhase color:green
[log] [coop:turn] host recorder: preserve recording scope=1833203800481331:17 turn=1 events=0 seq=0
[log] %cStart Phase: PostSummonPhase color:green
[log] %cStart Phase: PostSummonPhase color:green
[log] %cStart Phase: TurnInitPhase color:green
[log] [coop:replay] host SEND enemyPartySync wave=17 count=2 meType=-1 battleType=0 entryPresentation=0
[log] [coop:transport] send host t=enemyPartySync wave=17 enemies=2 battleType=0
[log] [coop:replay] host RE-BROADCAST wave-start authority wave=17 after post-summon boundary stateChanged=false presentation=0 (#920)
[log] [coop:rendezvous] next-command barrier ARRIVE+AWAIT cmd:17:1 slot=0
[log] [coop:rendezvous] ARRIVE point=cmd:17:1 (send) role=host
[log] [coop:transport] send host t=rendezvous point=cmd:17:1
[log] [coop:rendezvous] AWAIT point=cmd:17:1 timeoutMs=2000 -> network-wait role=host
[log] [coop:transport] recv guest t=enemyPartySync wave=17 enemies=2 battleType=0 handlers=1
[log] [coop:transport] recv guest t=rendezvous point=cmd:17:1 handlers=1
[log] [coop:rendezvous] RECV arrival point=cmd:17:1 -> deliver-to-waiter role=host
[log] [coop:transport] send host t=rendezvous point=cmd:17:1
[log] [coop:rendezvous] AWAIT point=cmd:17:1 RESOLVE both-arrived role=host
[log] [coop:durability] host RELEASE contiguous acknowledged authority cls=op:global seq=39
[log] [coop:transport] recv guest t=rendezvous point=cmd:17:1 handlers=1
[log] [coop:transport] send host t=enemyPartySync wave=17 enemies=2 battleType=0
[log] [coop:replay] host RE-BROADCAST wave-start authority wave=17 after post-summon boundary stateChanged=false presentation=0 (#920)
[log] [coop:transport] recv guest t=enemyPartySync wave=17 enemies=2 battleType=0 handlers=1
[log] [coop:interaction] interactionCounter() read -> 19 (role=host)
[log] [coop:checksum] capture digest=c2664474776f9f9f field=4 biome=2 seed=coop-soak-20260924 weather=1 terrain=3 money=700 party=[149,445,143,94,376,248] partyLevels=[65,65,65,65,65,65] arenaTags=0 modifiers=4 heldItemsDigest=0 pokeballs=[0:35,1:0,2:0,3:0,4:0] mons=[bi0:sp149/hp213-213/st0/ab263/form0/tera0:15/boss0:0 bi1:sp445/hp235-235/st0/ab8/form0/tera0:15/boss0:0 bi2:sp546/hp33-33/st0/ab5280/form0/tera0:17/boss0:0 bi3:sp108/hp44-44/st0/ab144/form0/tera0:0/boss0:0]
[log] [coop:interaction] interactionCounter() read -> 19 (role=host)
[log] %cStart Phase: SelectTargetPhase color:green
[log] [coop:owner] broadcast own-slot fi=0 turn=1 role=host cmd=0
[log] [coop:relay] broadcastLocalCommand SEND fieldIndex=0 owner=host turn=1 command=0 cursor=1 moveId=247 targets=[2]
[log] [coop:transport] send host t=command fi=0 owner=host turn=1 cmd=0 cursor=1 move=247
[log] [coop:transport] recv guest t=command fi=0 owner=host turn=1 cmd=0 cursor=1 move=247 handlers=1
[log] [coop:relay] recv command fieldIndex=0 turn=1 command=0 -> BUFFERED (no awaiter yet)
[log] %cStart Phase: CommandPhase color:green
[log] [coop:transport] send host t=enemyPartySync wave=17 enemies=2 battleType=0
[log] [coop:replay] host RE-BROADCAST wave-start authority wave=17 after post-summon boundary stateChanged=false presentation=0 (#920)
[log] [coop:battle] CommandPhase slot=1 turn=1 owner=guest role=host -> partner path
[log] [coop:relay] host requestPartnerCommand SEND fieldIndex=1 turn=1 moveSlots=[0,1,2,3] (awaiting peer)
[log] [coop:transport] send host t=commandRequest fi=1 owner=guest turn=1 slots=4
[log] [coop:transport] recv guest t=enemyPartySync wave=17 enemies=2 battleType=0 handlers=1
[log] [coop:transport] recv guest t=commandRequest fi=1 owner=guest turn=1 slots=4 handlers=1
[log] [coop:relay] peer recv commandRequest fieldIndex=1 owner=guest turn=1 moveSlots=[0,1,2,3] -> reply command=0 cursor=2 moveId=53
[log] [coop:transport] send guest t=command fi=1 owner=guest turn=1 cmd=0 cursor=2 move=53
[log] [coop:transport] recv host t=command fi=1 owner=guest turn=1 cmd=0 cursor=2 move=53 handlers=1
[log] [coop:relay] recv command fieldIndex=1 turn=1 command=0 -> resolved awaiting request
[log] [coop:ai] applyWiredPartnerCommand partner=445 wiredMoveId=53 cursor=2 -> moveId=53 moveIndex=2 tera=false targets=[3] targetsFrom=wire-verbatim useMode=1
[log] %cStart Phase: EnemyCommandPhase color:green
[log] %cStart Phase: EnemyCommandPhase color:green
[log] %cStart Phase: TurnStartPhase color:green
[log] [coop-diag] turn-start authoritative guard mode=authoritative role=host turn=1 diverts=false
[log] [coop:turn] host recorder: preserve recording scope=1833203800481331:17 turn=1 events=0 seq=0
[log] %cStart Phase: MovePhase color:green
[log] [coop:turn] host recorder: append turn=1 seq=0 k=moveUsed total=1 live=true
[log] %cStart Phase: MessagePhase color:green
[log] %cStart Phase: MoveEffectPhase color:green
[log] [coop:turn] host recorder: append turn=1 seq=1 k=moveAnim total=2 live=true
[log] [coop:turn] host recorder: append turn=1 seq=2 k=hp total=3 live=true
[log] [coop:turn] host recorder: append turn=1 seq=3 k=faint total=4 live=true
[log] %cStart Phase: DamageAnimPhase color:green
[log] %cStart Phase: FaintPhase color:green
[log] %cStart Phase: MessagePhase color:green
[log] %cStart Phase: VictoryPhase color:green
[log] [coop:progression] HOST applyPartyExp COMPUTE wave=17 expValue=170.4 koMon=Lickitung
[log] %cStart Phase: MoveEndPhase color:green
[log] %cStart Phase: MovePhase color:green
[log] [coop:turn] host recorder: append turn=1 seq=4 k=moveUsed total=5 live=true
[log] %cStart Phase: MessagePhase color:green
[log] %cStart Phase: MoveEffectPhase color:green
[log] [coop:turn] host recorder: append turn=1 seq=5 k=moveAnim total=6 live=true
[log] [coop:turn] host recorder: append turn=1 seq=6 k=hp total=7 live=true
[log] [coop:turn] host recorder: append turn=1 seq=7 k=faint total=8 live=true
[log] %cStart Phase: DamageAnimPhase color:green
[log] %cStart Phase: FaintPhase color:green
[log] %cStart Phase: MessagePhase color:green
[log] %cStart Phase: ShowAbilityPhase color:green
[log] [coop:turn] host recorder: append turn=1 seq=8 k=showAbility total=9 live=true
[log] %cStart Phase: StatStageChangePhase color:green
[log] [coop:turn] host recorder: append turn=1 seq=9 k=message total=10 live=true
[log] [coop:turn] host recorder: append turn=1 seq=10 k=statStage total=11 live=true
[log] %cStart Phase: MessagePhase color:green
[log] %cStart Phase: StatStageChangePhase color:green
[log] [coop:turn] host recorder: append turn=1 seq=11 k=message total=12 live=true
[log] [coop:turn] host recorder: append turn=1 seq=12 k=statStage total=13 live=true
[log] %cStart Phase: MessagePhase color:green
[log] %cStart Phase: StatStageChangePhase color:green
[log] [coop:turn] host recorder: append turn=1 seq=13 k=message total=14 live=true
[log] [coop:turn] host recorder: append turn=1 seq=14 k=statStage total=15 live=true
[log] %cStart Phase: MessagePhase color:green
[log] %cStart Phase: StatStageChangePhase color:green
[log] [coop:turn] host recorder: append turn=1 seq=15 k=message total=16 live=true
[log] [coop:turn] host recorder: append turn=1 seq=16 k=statStage total=17 live=true
[log] %cStart Phase: MessagePhase color:green
[log] %cStart Phase: HideAbilityPhase color:green
[log] [coop:turn] host recorder: append turn=1 seq=17 k=hideAbility total=18 live=true
[log] %cStart Phase: VictoryPhase color:green
[log] [coop:progression] HOST applyPartyExp COMPUTE wave=17 expValue=124.2 koMon=Cottonee
[warn] [coop:v2-shadow] FAULT tap(WAVE_ADVANCE): AuthorityLog.commit: WAVE_ADVANCE is not authorized by predecessor control after WSHADOW/ADV/w1
[log] [coop:runtime] defer raw waveResolved wave=17 outcome=win until its material turnResolution is retained
[log] [coop-diag] VictoryPhase win-branch role=host battleType=WILD queuesTrainerVictory=false queuesSelectModifier=true wave=17
[log] [coop-diag] VictoryTail role=host wave=17 source=legacy-local trainer=false egg=true biomeShop=false biomeChange=false crossroads=false nextWave=18
[log] %cStart Phase: MoveEndPhase color:green
[log] %cStart Phase: MovePhase color:green
[log] %cStart Phase: MoveEndPhase color:green
[log] %cStart Phase: MovePhase color:green
[log] %cStart Phase: MoveEndPhase color:green
[log] %cStart Phase: CheckInterludePhase color:green
[log] %cStart Phase: WeatherEffectPhase color:green
[log] %cStart Phase: PositionalTagPhase color:green
[log] %cStart Phase: BerryPhase color:green
[log] %cStart Phase: CheckStatusEffectPhase color:green
[log] %cStart Phase: TurnEndPhase color:green
[log] %cStart Phase: PokemonHealPhase color:green
[log] [coop:turn] host recorder: append turn=1 seq=18 k=message total=19 live=true
[log] %cStart Phase: MessagePhase color:green
[log] %cStart Phase: CoopTurnCommitPhase color:green
[log] [coop:turn] host recorder: finalize turn=1 events=19 seq=19
[log] [coop:checkpoint] build field=4 weather=1/0 terrain=3/0 arenaTags=0 money=700 mons=[bi0:sp149/hp213-213/st0/fnt0 bi1:sp445/hp235-235/st0/fnt0 bi2:sp546/hp0-33/st7/fnt1 bi3:sp108/hp0-44/st7/fnt1]
[log] [coop:checkpoint] host capture field=4 weather=1 terrain=3 money=700 arenaTags=0 mons=[bi0:sp149/hp213-213/st0/fnt0 bi1:sp445/hp235-235/st0/fnt0 bi2:sp546/hp0-33/st7/fnt1 bi3:sp108/hp0-44/st7/fnt1]
[log] [coop:interaction] interactionCounter() read -> 19 (role=host)
[log] [coop:replay] host SEND turnResolution e=1833203800481331 wave=17 turn=1 rev=171 events=19 checksum=98cb0720cdea27bb
[log] [coop:transport] send host t=turnResolution e=1833203800481331 wave=17 turn=1 rev=171 events=19 checksum=98cb0720cdea27bb
[warn] [coop:v2-shadow] FAULT tap(TURN_COMMIT): AuthorityLog.commit: TURN_COMMIT is not authorized by predecessor control after WSHADOW/ADV/w1
[log] [coop:runtime] send waveResolved wave=17 outcome=win (host)
[log] [coop:replay] host SEND waveResolved wave=17 outcome=win transition=WAVE_VICTORY/next18/biome0/egg1/wild
[log] [coop:transport] send host t=waveResolved wave=17 outcome=win captureParty=- cap=-
[log] [coop:transport] recv guest t=turnResolution e=1833203800481331 wave=17 turn=1 rev=171 events=19 checksum=98cb0720cdea27bb handlers=1
[log] [coop:transport] recv guest t=waveResolved wave=17 outcome=win captureParty=- cap=- handlers=1
[log] [38;2;255;127;80mPhaseInterceptor.to: Stopping on completion of CoopTurnCommitPhase[39m
[log] %cStart Phase: BattleEndPhase color:green
[log] [coop:progression] HOST automatic victory settlement deferred wave=17 sourceTurn=1 settlementTurn=2
[log] %cStart Phase: EggLapsePhase color:green
[log] %cStart Phase: CoopVictorySealPhase color:green
[log] [coop:transport] send host t=envelope t=envelope
[log] [coop:runtime] wave-advance op HOST commit wave=17 outcome=win next=WAVE_VICTORY rev=40 id=1833203800481331:0:WAVE_ADVANCE:17 (Wave-2f)
[log] [coop:runtime] settled WAVE_ADVANCE committed wave=17 tick=172 next=WAVE_VICTORY/wave18
[log] [coop:runtime] send waveEndState wave=17 tick=172 (host)
[log] [coop:replay] host SEND waveEndState wave=17 tick=172 party=6
[log] [coop:transport] send host t=waveEndState t=waveEndState
[log] [coop:progression] HOST automatic victory settlement sealed wave=17 sourceTurn=1 settlementTurn=2 tick=172
[log] [coop:transport] recv guest t=envelope t=envelope handlers=1
[log] [coop:transport] recv guest t=waveEndState t=waveEndState handlers=1
[log] [coop:interaction] interactionCounter() read -> 19 (role=host)
[log] [coop:owner] ownerOf(counter=19) seat=1 -> owner=guest
[log] [coop:owner] isLocalOwnerAtCounter(pinnedCounter=19) parity=1 owner=guest role=host -> false
[log] [coop:interaction] interactionCounter() read -> 19 (role=host)
[log] [coop:reward] owner/watcher decision: pinnedStart=19 liveCounter=19 parity=1 role=host pick=WATCHER option=ROLL spoof=false
[log] [coop:shop] serializeRewardOptions count=3 ids=[TEMP_STAT_STAGE_BOOSTER,POKEBALL,VOUCHER] tiers=[0,0,1]
[log] [coop:reward] OWNER streams reward options (start=19 reroll=0 count=3 ids=[TEMP_STAT_STAGE_BOOSTER,POKEBALL,VOUCHER])
[log] [coop:relay] SEND rewardOptions seq=19 reroll=0 count=3 ids=[TEMP_STAT_STAGE_BOOSTER,POKEBALL,VOUCHER]
[log] [coop:transport] send host t=rewardOptions seq=19 reroll=0 options=3
[log] [coop:rendezvous] ARRIVE point=shop:17:19 (send) role=host
[log] [coop:transport] send host t=rendezvous point=shop:17:19
[log] [coop:reward] WATCHER waits for partner's reward picks (start=19 role=host wave=17)
[log] [coop:durability] host operation continuation window REARM key=op:global:40:1833203800481331:17:2:1833203800481331:0:WAVE_ADVANCE:17 surface=sharedInput at=1833203800481331/17/2
[log] [coop:transport] recv guest t=rewardOptions seq=19 reroll=0 options=3 handlers=1
[log] [coop:transport] recv guest t=rendezvous point=shop:17:19 handlers=1
[log] [coop:interaction] mirror begin role=watcher mirrorSeq=1216 interactionStart=19 reroll=0
[log] [coop:interaction] uiMirror beginSession role=watcher mode=6 seq=1216 early=0
[log] [coop:relay] AWAIT interactionChoice seq=19 timeoutMs=1200000 expected=[reward,shop,skip,reroll,check,transfer,lock] -> network-wait
[log] [coop:durability] operation delivery RETRY key=op:global:40:1833203800481331:17:2:1833203800481331:0:WAVE_ADVANCE:17 attempt=1/8
[log] [coop:transport] send host t=envelope t=envelope
[log] [coop:interaction] interactionCounter() read -> 19 (role=host)
[log] [coop:checksum] capture digest=98cb0720cdea27bb field=4 biome=2 seed=coop-soak-20260924 weather=1 terrain=3 money=700 party=[149,445,143,94,376,248] partyLevels=[65,65,65,65,65,65] arenaTags=0 modifiers=4 heldItemsDigest=0 pokeballs=[0:35,1:0,2:0,3:0,4:0] mons=[bi0:sp149/hp213-213/st0/ab263/form0/tera0:15/boss0:0 bi1:sp445/hp235-235/st0/ab8/form0/tera0:15/boss0:0 bi2:sp546/hp0-33/st7/ab5280/form0/tera0:17/boss0:0 bi3:sp108/hp0-44/st7/ab144/form0/tera0:0/boss0:0]
[log] [coop:rendezvous] RECV arrival point=shop:17:19 -> BUFFER (no waiter yet) role=host
[log] [coop:stream] host ACCEPT turn ACK stage=continuationReady key=1833203800481331:17:1:171
[log] [coop:stream] host RELEASE retained turn after continuationReady key=1833203800481331:17:1:171
[log] [coop:durability] host RELEASE contiguous acknowledged authority cls=op:global seq=40
[log] [coop:relay] DELIVER interactionChoice seq=19 -> waiter kind=reward choice=0 data=[0]
[log] [coop:relay] AWAIT interactionChoice seq=19 RESOLVE kind=reward choice=0 data=[0]
[log] [coop:reward] WATCHER applying relayed action seq=19 act=REWARD choice=0 data=[0]
[log] [coop:owner] ownerOf(counter=19) seat=1 -> owner=guest
[log] [coop:owner] isLocalOwnerAtCounter(pinnedCounter=19) parity=1 owner=guest role=host -> false
[log] [coop:reward] APPLY_RESULT pin=19 side=watcher type=TEMP_STAT_STAGE_BOOSTER class=TempStatStageBoosterModifier pregen=[4] holderSlot=-1 holderId=-1 stack=1 accepted=true cost=-1
[log] [coop:shop] serializeRewardOptions count=3 ids=[TEMP_STAT_STAGE_BOOSTER,POKEBALL,VOUCHER] tiers=[0,0,1]
[log] [coop:transport] send host t=envelope t=envelope
[log] [coop:reward] reward authoritative RESULT retained rev=41 tick=173 id=1833203800481331:1:REWARD:1900000
[log] [coop:interaction] interactionCounter() read -> 19 (role=host)
[log] [coop:interaction] CoopInteractionTurn.advance INCREMENT (fromCounter=19) counter 19 -> 20
[log] [coop:interaction] advanceInteraction ADVANCED+BROADCAST (fromCounter=19) counter 19 -> 20 role=host; send interaction screen=__turn__ choice=20
[log] [coop:interaction] SEND counter snapshot reason=advance choice=20 role=host
[log] [coop:transport] send host t=interaction screen=__turn__
[log] [coop:owner] ownerOf(counter=20) seat=0 -> owner=host
[log] [coop:owner] ownerOf(counter=20) seat=0 -> owner=host
[log] [coop:interaction] interactionCounter() read -> 20 (role=host)
[log] [coop:reward] advance interaction (role=host from=19 counter 19 -> 20)
[log] [coop:transport] recv guest t=envelope t=envelope handlers=1
[log] [coop:transport] recv guest t=interaction screen=__turn__ handlers=1
[log] [coop:interaction] interactionCounter() read -> 20 (role=host)
[log] [coop:interaction] interactionCounter() read -> 20 (role=host)
[log] [coop:interaction] RECV interaction broadcast (deferred catch-up net) received=20 localBefore=20 role=host -> no defer (local >= received)
[warn] [coop:interaction] CoopInteractionTurn.mergeRemote DEFER (remote=20, counter=20, pendingRemote=20) live counter UNCHANGED (folds in at next advance if still ahead)
[log] [coop:owner] ownerOf(counter=20) seat=0 -> owner=host
[log] [coop:owner] ownerOf(counter=20) seat=0 -> owner=host
[log] %cStart Phase: NewBattlePhase color:green
[log] [coop:turn] host recorder: begin deferred transition turn=1 scope=1833203800481331:18
[log] %cStart Phase: CoopPartnerSyncPhase color:green
[log] [coop:interaction] interactionCounter() read -> 20 (role=host)
[log] %cStart Phase: NextEncounterPhase color:green
[log] [coop:interaction] interactionCounter() read -> 20 (role=host)
[log] [coop:replay] host SEND enemyPartySync wave=18 count=2 meType=-1 battleType=0 entryPresentation=-
[log] [coop:transport] send host t=enemyPartySync wave=18 enemies=2 battleType=0
[log] [coop:turn] host recorder: preserve recording scope=1833203800481331:18 turn=1 events=0 seq=0
[log] [coop:transport] recv guest t=enemyPartySync wave=18 enemies=2 battleType=0 handlers=1
[log] %cStart Phase: ToggleDoublePositionPhase color:green
[log] %cStart Phase: CheckSwitchPhase color:green
[log] %cStart Phase: CheckSwitchPhase color:green
[log] %cStart Phase: InitEncounterPhase color:green
[log] [coop:turn] host recorder: preserve recording scope=1833203800481331:18 turn=1 events=0 seq=0
[log] %cStart Phase: PostSummonPhase color:green
[log] %cStart Phase: PostSummonPhase color:green
[log] %cStart Phase: TurnInitPhase color:green
[log] [coop:replay] host SEND enemyPartySync wave=18 count=2 meType=-1 battleType=0 entryPresentation=0
[log] [coop:transport] send host t=enemyPartySync wave=18 enemies=2 battleType=0
[log] [coop:replay] host RE-BROADCAST wave-start authority wave=18 after post-summon boundary stateChanged=false presentation=0 (#920)
[log] [coop:rendezvous] next-command barrier ARRIVE+AWAIT cmd:18:1 slot=0
[log] [coop:rendezvous] ARRIVE point=cmd:18:1 (send) role=host
[log] [coop:transport] send host t=rendezvous point=cmd:18:1
[log] [coop:rendezvous] AWAIT point=cmd:18:1 timeoutMs=2000 -> network-wait role=host
[log] [coop:transport] recv guest t=enemyPartySync wave=18 enemies=2 battleType=0 handlers=1
[log] [coop:transport] recv guest t=rendezvous point=cmd:18:1 handlers=1
[log] [coop:rendezvous] RECV arrival point=cmd:18:1 -> deliver-to-waiter role=host
[log] [coop:transport] send host t=rendezvous point=cmd:18:1
[log] [coop:rendezvous] AWAIT point=cmd:18:1 RESOLVE both-arrived role=host
[log] [coop:durability] host RELEASE contiguous acknowledged authority cls=op:global seq=41
[log] [coop:transport] recv guest t=rendezvous point=cmd:18:1 handlers=1
[log] [coop:transport] send host t=enemyPartySync wave=18 enemies=2 battleType=0
[log] [coop:replay] host RE-BROADCAST wave-start authority wave=18 after post-summon boundary stateChanged=false presentation=0 (#920)
[log] [coop:transport] recv guest t=enemyPartySync wave=18 enemies=2 battleType=0 handlers=1
[log] [coop:interaction] interactionCounter() read -> 20 (role=host)
[log] [coop:checksum] capture digest=e42fec3f53fde9aa field=4 biome=2 seed=coop-soak-20260924 weather=1 terrain=3 money=700 party=[149,445,143,94,376,248] partyLevels=[65,65,65,65,65,65] arenaTags=0 modifiers=5 heldItemsDigest=0 pokeballs=[0:35,1:0,2:0,3:0,4:0] mons=[bi0:sp149/hp213-213/st0/ab263/form0/tera0:15/boss0:0 bi1:sp445/hp235-235/st0/ab8/form0/tera0:15/boss0:0 bi2:sp438/hp37-37/st0/ab5140/form0/tera0:5/boss0:0 bi3:sp543/hp31-31/st0/ab127/form0/tera0:6/boss0:0]
[log] [coop:interaction] interactionCounter() read -> 20 (role=host)
[log] %cStart Phase: SelectTargetPhase color:green
[log] [coop:owner] broadcast own-slot fi=0 turn=1 role=host cmd=0
[log] [coop:relay] broadcastLocalCommand SEND fieldIndex=0 owner=host turn=1 command=0 cursor=3 moveId=85 targets=[2]
[log] [coop:transport] send host t=command fi=0 owner=host turn=1 cmd=0 cursor=3 move=85
[log] [coop:transport] recv guest t=command fi=0 owner=host turn=1 cmd=0 cursor=3 move=85 handlers=1
[log] [coop:relay] recv command fieldIndex=0 turn=1 command=0 -> BUFFERED (no awaiter yet)
[log] %cStart Phase: CommandPhase color:green
[log] [coop:transport] send host t=enemyPartySync wave=18 enemies=2 battleType=0
[log] [coop:replay] host RE-BROADCAST wave-start authority wave=18 after post-summon boundary stateChanged=false presentation=0 (#920)
[log] [coop:battle] CommandPhase slot=1 turn=1 owner=guest role=host -> partner path
[log] [coop:relay] host requestPartnerCommand SEND fieldIndex=1 turn=1 moveSlots=[0,1,2,3] (awaiting peer)
[log] [coop:transport] send host t=commandRequest fi=1 owner=guest turn=1 slots=4
[log] [coop:transport] recv guest t=enemyPartySync wave=18 enemies=2 battleType=0 handlers=1
[log] [coop:transport] recv guest t=commandRequest fi=1 owner=guest turn=1 slots=4 handlers=1
[log] [coop:relay] peer recv commandRequest fieldIndex=1 owner=guest turn=1 moveSlots=[0,1,2,3] -> reply command=0 cursor=1 moveId=247
[log] [coop:transport] send guest t=command fi=1 owner=guest turn=1 cmd=0 cursor=1 move=247
[log] [coop:transport] recv host t=command fi=1 owner=guest turn=1 cmd=0 cursor=1 move=247 handlers=1
[log] [coop:relay] recv command fieldIndex=1 turn=1 command=0 -> resolved awaiting request
[log] [coop:ai] applyWiredPartnerCommand partner=445 wiredMoveId=247 cursor=1 -> moveId=247 moveIndex=1 tera=false targets=[3] targetsFrom=wire-verbatim useMode=1
[log] %cStart Phase: EnemyCommandPhase color:green
[log] %cStart Phase: EnemyCommandPhase color:green
[log] %cStart Phase: TurnStartPhase color:green
[log] [coop-diag] turn-start authoritative guard mode=authoritative role=host turn=1 diverts=false
[log] [coop:turn] host recorder: preserve recording scope=1833203800481331:18 turn=1 events=0 seq=0
[log] %cStart Phase: MovePhase color:green
[log] [coop:turn] host recorder: append turn=1 seq=0 k=moveUsed total=1 live=true
[log] %cStart Phase: MessagePhase color:green
[log] %cStart Phase: MoveEffectPhase color:green
[log] [coop:turn] host recorder: append turn=1 seq=1 k=moveAnim total=2 live=true
[log] [coop:turn] host recorder: append turn=1 seq=2 k=hp total=3 live=true
[log] [coop:turn] host recorder: append turn=1 seq=3 k=faint total=4 live=true
[log] %cStart Phase: DamageAnimPhase color:green
[log] %cStart Phase: FaintPhase color:green
[log] %cStart Phase: MessagePhase color:green
[log] %cStart Phase: VictoryPhase color:green
[log] [coop:progression] HOST applyPartyExp COMPUTE wave=18 expValue=115.4 koMon=Venipede
[log] %cStart Phase: MoveEndPhase color:green
[log] %cStart Phase: MovePhase color:green
[log] [coop:turn] host recorder: append turn=1 seq=4 k=moveUsed total=5 live=true
[log] %cStart Phase: MessagePhase color:green
[log] %cStart Phase: MoveEffectPhase color:green
[log] [coop:turn] host recorder: append turn=1 seq=5 k=moveAnim total=6 live=true
[log] [coop:turn] host recorder: append turn=1 seq=6 k=hp total=7 live=true
[log] [coop:turn] host recorder: append turn=1 seq=7 k=faint total=8 live=true
[log] %cStart Phase: DamageAnimPhase color:green
[log] %cStart Phase: FaintPhase color:green
[log] %cStart Phase: MessagePhase color:green
[log] %cStart Phase: VictoryPhase color:green
[log] [coop:progression] HOST applyPartyExp COMPUTE wave=18 expValue=140.2 koMon=Bonsly
[warn] [coop:v2-shadow] FAULT tap(WAVE_ADVANCE): AuthorityLog.commit: WAVE_ADVANCE is not authorized by predecessor control after WSHADOW/ADV/w1
[log] [coop:runtime] defer raw waveResolved wave=18 outcome=win until its material turnResolution is retained
[log] [coop-diag] VictoryPhase win-branch role=host battleType=WILD queuesTrainerVictory=false queuesSelectModifier=true wave=18
[log] [coop-diag] VictoryTail role=host wave=18 source=legacy-local trainer=false egg=true biomeShop=false biomeChange=false crossroads=false nextWave=19
[log] %cStart Phase: MoveEndPhase color:green
[log] %cStart Phase: MovePhase color:green
[log] %cStart Phase: MoveEndPhase color:green
[log] %cStart Phase: MovePhase color:green
[log] %cStart Phase: MoveEndPhase color:green
[log] %cStart Phase: CheckInterludePhase color:green
[log] %cStart Phase: WeatherEffectPhase color:green
[log] %cStart Phase: PositionalTagPhase color:green
[log] %cStart Phase: BerryPhase color:green
[log] %cStart Phase: CheckStatusEffectPhase color:green
[log] %cStart Phase: TurnEndPhase color:green
[log] %cStart Phase: PokemonHealPhase color:green
[log] [coop:turn] host recorder: append turn=1 seq=8 k=message total=9 live=true
[log] %cStart Phase: MessagePhase color:green
[log] %cStart Phase: CoopTurnCommitPhase color:green
[log] [coop:turn] host recorder: finalize turn=1 events=9 seq=9
[log] [coop:checkpoint] build field=4 weather=1/0 terrain=3/0 arenaTags=0 money=700 mons=[bi0:sp149/hp213-213/st0/fnt0 bi1:sp445/hp235-235/st0/fnt0 bi2:sp438/hp0-37/st7/fnt1 bi3:sp543/hp0-31/st7/fnt1]
[log] [coop:checkpoint] host capture field=4 weather=1 terrain=3 money=700 arenaTags=0 mons=[bi0:sp149/hp213-213/st0/fnt0 bi1:sp445/hp235-235/st0/fnt0 bi2:sp438/hp0-37/st7/fnt1 bi3:sp543/hp0-31/st7/fnt1]
[log] [coop:interaction] interactionCounter() read -> 20 (role=host)
[log] [coop:replay] host SEND turnResolution e=1833203800481331 wave=18 turn=1 rev=180 events=9 checksum=c66008d92cc7ccb2
[log] [coop:transport] send host t=turnResolution e=1833203800481331 wave=18 turn=1 rev=180 events=9 checksum=c66008d92cc7ccb2
[warn] [coop:v2-shadow] FAULT tap(TURN_COMMIT): AuthorityLog.commit: TURN_COMMIT is not authorized by predecessor control after WSHADOW/ADV/w1
[log] [coop:runtime] send waveResolved wave=18 outcome=win (host)
[log] [coop:replay] host SEND waveResolved wave=18 outcome=win transition=WAVE_VICTORY/next19/biome0/egg1/wild
[log] [coop:transport] send host t=waveResolved wave=18 outcome=win captureParty=- cap=-
[log] [coop:transport] recv guest t=turnResolution e=1833203800481331 wave=18 turn=1 rev=180 events=9 checksum=c66008d92cc7ccb2 handlers=1
[log] [coop:transport] recv guest t=waveResolved wave=18 outcome=win captureParty=- cap=- handlers=1
[log] [38;2;255;127;80mPhaseInterceptor.to: Stopping on completion of CoopTurnCommitPhase[39m
[log] %cStart Phase: BattleEndPhase color:green
[log] [coop:progression] HOST automatic victory settlement deferred wave=18 sourceTurn=1 settlementTurn=2
[log] %cStart Phase: EggLapsePhase color:green
[log] %cStart Phase: CoopVictorySealPhase color:green
[log] [coop:transport] send host t=envelope t=envelope
[log] [coop:runtime] wave-advance op HOST commit wave=18 outcome=win next=WAVE_VICTORY rev=42 id=1833203800481331:0:WAVE_ADVANCE:18 (Wave-2f)
[log] [coop:runtime] settled WAVE_ADVANCE committed wave=18 tick=181 next=WAVE_VICTORY/wave19
[log] [coop:runtime] send waveEndState wave=18 tick=181 (host)
[log] [coop:replay] host SEND waveEndState wave=18 tick=181 party=6
[log] [coop:transport] send host t=waveEndState t=waveEndState
[log] [coop:progression] HOST automatic victory settlement sealed wave=18 sourceTurn=1 settlementTurn=2 tick=181
[log] [coop:transport] recv guest t=envelope t=envelope handlers=1
[log] [coop:transport] recv guest t=waveEndState t=waveEndState handlers=1
[log] [coop:interaction] interactionCounter() read -> 20 (role=host)
[log] [coop:owner] ownerOf(counter=20) seat=0 -> owner=host
[log] [coop:owner] isLocalOwnerAtCounter(pinnedCounter=20) parity=0 owner=host role=host -> true
[log] [coop:interaction] interactionCounter() read -> 20 (role=host)
[log] [coop:reward] owner/watcher decision: pinnedStart=20 liveCounter=20 parity=0 role=host pick=OWNER option=ROLL spoof=false
[log] [coop:shop] serializeRewardOptions count=3 ids=[POKEBALL,BERRY,TM_CASE] tiers=[0,0,0]
[log] [coop:reward] OWNER streams reward options (start=20 reroll=0 count=3 ids=[POKEBALL,BERRY,TM_CASE])
[log] [coop:relay] SEND rewardOptions seq=20 reroll=0 count=3 ids=[POKEBALL,BERRY,TM_CASE]
[log] [coop:transport] send host t=rewardOptions seq=20 reroll=0 options=3
[log] [coop:rendezvous] ARRIVE point=shop:18:20 (send) role=host
[log] [coop:transport] send host t=rendezvous point=shop:18:20
[log] [coop:reward] OWNER drives reward screen (start=20 role=host spoof=false adoptsOptions=false wave=18)
[log] [coop:rendezvous] shop-pick-commit barrier AWAIT shop:18:20
[log] [coop:rendezvous] AWAIT point=shop:18:20 timeoutMs=2000 -> network-wait role=host
[log] [coop:transport] recv guest t=rewardOptions seq=20 reroll=0 options=3 handlers=1
[log] [coop:transport] recv guest t=rendezvous point=shop:18:20 handlers=1
[log] [coop:interaction] interactionCounter() read -> 20 (role=host)
[log] [coop:checksum] capture digest=b2f856f92297eb88 field=4 biome=2 seed=coop-soak-20260924 weather=1 terrain=3 money=700 party=[149,445,143,94,376,248] partyLevels=[65,65,65,65,65,65] arenaTags=0 modifiers=5 heldItemsDigest=0 pokeballs=[0:35,1:0,2:0,3:0,4:0] mons=[bi0:sp149/hp213-213/st0/ab263/form0/tera0:15/boss0:0 bi1:sp445/hp235-235/st0/ab8/form0/tera0:15/boss0:0 bi2:sp438/hp0-37/st7/ab5140/form0/tera0:5/boss0:0 bi3:sp543/hp0-31/st7/ab127/form0/tera0:6/boss0:0]
[log] [coop:durability] operation delivery RETRY key=op:global:42:1833203800481331:18:2:1833203800481331:0:WAVE_ADVANCE:18 attempt=1/8
[log] [coop:transport] send host t=envelope t=envelope
[log] [coop:rendezvous] RECV arrival point=shop:18:20 -> deliver-to-waiter role=host
[log] [coop:transport] send host t=rendezvous point=shop:18:20
[log] [coop:rendezvous] AWAIT point=shop:18:20 RESOLVE both-arrived role=host
[log] [coop:stream] host ACCEPT turn ACK stage=continuationReady key=1833203800481331:18:1:180
[log] [coop:stream] host RELEASE retained turn after continuationReady key=1833203800481331:18:1:180
[log] [coop:durability] host RELEASE contiguous acknowledged authority cls=op:global seq=42
[warn] [coop:durability] DROP skipped/regressed operation ACK key=op:global:42:1833203800481331:18:2:1833203800481331:0:WAVE_ADVANCE:18 stage=materialApplied
[warn] [coop:durability] DROP skipped/regressed operation ACK key=op:global:42:1833203800481331:18:2:1833203800481331:0:WAVE_ADVANCE:18 stage=presentationReady
[log] [coop:transport] recv guest t=rendezvous point=shop:18:20 handlers=1
[log] [coop:interaction] mirror begin role=owner mirrorSeq=1280 interactionStart=20 reroll=0
[log] [coop:interaction] uiMirror beginSession role=owner mode=6 seq=1280 early=0
[log] [coop:owner] ownerOf(counter=20) seat=0 -> owner=host
[log] [coop:owner] isLocalOwnerAtCounter(pinnedCounter=20) parity=0 owner=host role=host -> true
[log] [coop:owner] ownerOf(counter=20) seat=0 -> owner=host
[log] [coop:owner] isLocalOwnerAtCounter(pinnedCounter=20) parity=0 owner=host role=host -> true
[log] [coop:relay] OWNER prepare seq=20 kind=reward choice=0 data=[0] role=host
[log] [coop:reward] reward op INTENT prepared label=reward id=1833203800481331:0:REWARD:2000000
[log] [coop:relay] OWNER send raw seq=20 kind=reward choice=0 role=host
[log] [coop:relay] SEND interactionChoice seq=20 kind=reward kind=? choice=0 data=[0]
[log] [coop:transport] send host t=interactionChoice seq=20 kind=reward choice=0
[warn] [coop:v2-shadow] FAULT tap(INTERACTION_COMMIT): AuthorityLog.commit: INTERACTION_COMMIT is not authorized by predecessor control after WSHADOW/ADV/w1
[log] [coop:reward] APPLY_RESULT pin=20 side=owner type=POKEBALL class=AddPokeballModifier pregen=[] holderSlot=-1 holderId=-1 stack=-1 accepted=true cost=-1
[log] [coop:shop] serializeRewardOptions count=3 ids=[POKEBALL,BERRY,TM_CASE] tiers=[0,0,0]
[log] [coop:transport] send host t=envelope t=envelope
[log] [coop:reward] reward authoritative RESULT retained rev=43 tick=182 id=1833203800481331:0:REWARD:2000000
[log] [coop:interaction] interactionCounter() read -> 20 (role=host)
[log] [coop:interaction] CoopInteractionTurn.advance INCREMENT (fromCounter=20) counter 20 -> 21
[log] [coop:interaction] advanceInteraction ADVANCED+BROADCAST (fromCounter=20) counter 20 -> 21 role=host; send interaction screen=__turn__ choice=21
[log] [coop:interaction] SEND counter snapshot reason=advance choice=21 role=host
[log] [coop:transport] send host t=interaction screen=__turn__
[log] [coop:owner] ownerOf(counter=21) seat=1 -> owner=guest
[log] [coop:owner] ownerOf(counter=21) seat=1 -> owner=guest
[log] [coop:interaction] interactionCounter() read -> 21 (role=host)
[log] [coop:reward] advance interaction (role=host from=20 counter 20 -> 21)
[log] [coop:transport] recv guest t=interactionChoice seq=20 kind=reward choice=0 handlers=1
[log] [coop:transport] recv guest t=envelope t=envelope handlers=1
[log] [coop:transport] recv guest t=interaction screen=__turn__ handlers=1
[log] [coop:interaction] RECV interaction broadcast (deferred catch-up net) received=21 localBefore=21 role=host -> no defer (local >= received)
[warn] [coop:interaction] CoopInteractionTurn.mergeRemote DEFER (remote=21, counter=21, pendingRemote=21) live counter UNCHANGED (folds in at next advance if still ahead)
[log] [coop:owner] ownerOf(counter=21) seat=1 -> owner=guest
[log] [coop:owner] ownerOf(counter=21) seat=1 -> owner=guest
[log] %cStart Phase: NewBattlePhase color:green
[log] [coop:turn] host recorder: begin deferred transition turn=1 scope=1833203800481331:19
[log] %cStart Phase: CoopPartnerSyncPhase color:green
[log] [coop:interaction] interactionCounter() read -> 21 (role=host)
[log] %cStart Phase: NextEncounterPhase color:green
[log] [coop:interaction] interactionCounter() read -> 21 (role=host)
[log] [coop:replay] host SEND enemyPartySync wave=19 count=2 meType=-1 battleType=0 entryPresentation=-
[log] [coop:transport] send host t=enemyPartySync wave=19 enemies=2 battleType=0
[log] [coop:turn] host recorder: preserve recording scope=1833203800481331:19 turn=1 events=0 seq=0
[log] [coop:transport] recv guest t=enemyPartySync wave=19 enemies=2 battleType=0 handlers=1
[log] %cStart Phase: ToggleDoublePositionPhase color:green
[log] %cStart Phase: CheckSwitchPhase color:green
[log] %cStart Phase: CheckSwitchPhase color:green
[log] %cStart Phase: InitEncounterPhase color:green
[log] [coop:turn] host recorder: preserve recording scope=1833203800481331:19 turn=1 events=0 seq=0
[log] %cStart Phase: PostSummonPhase color:green
[log] %cStart Phase: PostSummonPhase color:green
[log] %cStart Phase: TurnInitPhase color:green
[log] [coop:replay] host SEND enemyPartySync wave=19 count=2 meType=-1 battleType=0 entryPresentation=0
[log] [coop:transport] send host t=enemyPartySync wave=19 enemies=2 battleType=0
[log] [coop:replay] host RE-BROADCAST wave-start authority wave=19 after post-summon boundary stateChanged=false presentation=0 (#920)
[log] [coop:rendezvous] next-command barrier ARRIVE+AWAIT cmd:19:1 slot=0
[log] [coop:rendezvous] ARRIVE point=cmd:19:1 (send) role=host
[log] [coop:transport] send host t=rendezvous point=cmd:19:1
[log] [coop:rendezvous] AWAIT point=cmd:19:1 timeoutMs=2000 -> network-wait role=host
[log] [coop:transport] recv guest t=enemyPartySync wave=19 enemies=2 battleType=0 handlers=1
[log] [coop:transport] recv guest t=rendezvous point=cmd:19:1 handlers=1
[log] [coop:rendezvous] RECV arrival point=cmd:19:1 -> deliver-to-waiter role=host
[log] [coop:transport] send host t=rendezvous point=cmd:19:1
[log] [coop:rendezvous] AWAIT point=cmd:19:1 RESOLVE both-arrived role=host
[log] [coop:durability] host RELEASE contiguous acknowledged authority cls=op:global seq=43
[log] [coop:transport] recv guest t=rendezvous point=cmd:19:1 handlers=1
[log] [coop:transport] send host t=enemyPartySync wave=19 enemies=2 battleType=0
[log] [coop:replay] host RE-BROADCAST wave-start authority wave=19 after post-summon boundary stateChanged=false presentation=0 (#920)
[log] [coop:transport] recv guest t=enemyPartySync wave=19 enemies=2 battleType=0 handlers=1
[log] [coop:interaction] interactionCounter() read -> 21 (role=host)
[log] [coop:checksum] capture digest=592840d69f04298b field=4 biome=2 seed=coop-soak-20260924 weather=1 terrain=3 money=700 party=[149,445,143,94,376,248] partyLevels=[65,65,65,65,65,65] arenaTags=0 modifiers=5 heldItemsDigest=1 pokeballs=[0:40,1:0,2:0,3:0,4:0] mons=[bi0:sp149/hp213-213/st0/ab263/form0/tera0:15/boss0:0 bi1:sp445/hp235-235/st0/ab8/form0/tera0:15/boss0:0 bi2:sp266/hp40-40/st0/ab192/form0/tera0:17/boss0:0 bi3:sp285/hp40-40/st0/ab101/form0/tera0:11/boss0:0]
[log] [coop:interaction] interactionCounter() read -> 21 (role=host)
[log] %cStart Phase: SelectTargetPhase color:green
[log] [coop:owner] broadcast own-slot fi=0 turn=1 role=host cmd=0
[log] [coop:relay] broadcastLocalCommand SEND fieldIndex=0 owner=host turn=1 command=0 cursor=2 moveId=53 targets=[2]
[log] [coop:transport] send host t=command fi=0 owner=host turn=1 cmd=0 cursor=2 move=53
[log] [coop:transport] recv guest t=command fi=0 owner=host turn=1 cmd=0 cursor=2 move=53 handlers=1
[log] [coop:relay] recv command fieldIndex=0 turn=1 command=0 -> BUFFERED (no awaiter yet)
[log] %cStart Phase: CommandPhase color:green
[log] [coop:transport] send host t=enemyPartySync wave=19 enemies=2 battleType=0
[log] [coop:replay] host RE-BROADCAST wave-start authority wave=19 after post-summon boundary stateChanged=false presentation=0 (#920)
[log] [coop:battle] CommandPhase slot=1 turn=1 owner=guest role=host -> partner path
[log] [coop:relay] host requestPartnerCommand SEND fieldIndex=1 turn=1 moveSlots=[0,1,2,3] (awaiting peer)
[log] [coop:transport] send host t=commandRequest fi=1 owner=guest turn=1 slots=4
[log] [coop:transport] recv guest t=enemyPartySync wave=19 enemies=2 battleType=0 handlers=1
[log] [coop:transport] recv guest t=commandRequest fi=1 owner=guest turn=1 slots=4 handlers=1
[log] [coop:relay] peer recv commandRequest fieldIndex=1 owner=guest turn=1 moveSlots=[0,1,2,3] -> reply command=0 cursor=2 moveId=53
[log] [coop:transport] send guest t=command fi=1 owner=guest turn=1 cmd=0 cursor=2 move=53
[log] [coop:transport] recv host t=command fi=1 owner=guest turn=1 cmd=0 cursor=2 move=53 handlers=1
[log] [coop:relay] recv command fieldIndex=1 turn=1 command=0 -> resolved awaiting request
[log] [coop:ai] applyWiredPartnerCommand partner=445 wiredMoveId=53 cursor=2 -> moveId=53 moveIndex=2 tera=false targets=[3] targetsFrom=wire-verbatim useMode=1
[log] %cStart Phase: EnemyCommandPhase color:green
[log] %cStart Phase: EnemyCommandPhase color:green
[log] %cStart Phase: TurnStartPhase color:green
[log] [coop-diag] turn-start authoritative guard mode=authoritative role=host turn=1 diverts=false
[log] [coop:turn] host recorder: preserve recording scope=1833203800481331:19 turn=1 events=0 seq=0
[log] %cStart Phase: MovePhase color:green
[log] [coop:turn] host recorder: append turn=1 seq=0 k=moveUsed total=1 live=true
[log] %cStart Phase: MessagePhase color:green
[log] %cStart Phase: MoveEffectPhase color:green
[log] [coop:turn] host recorder: append turn=1 seq=1 k=moveAnim total=2 live=true
[log] [coop:turn] host recorder: append turn=1 seq=2 k=hp total=3 live=true
[log] [coop:turn] host recorder: append turn=1 seq=3 k=message total=4 live=true
[log] %cStart Phase: DamageAnimPhase color:green
[log] %cStart Phase: MessagePhase color:green
[log] %cStart Phase: MoveEndPhase color:green
[log] %cStart Phase: MovePhase color:green
[log] [coop:turn] host recorder: append turn=1 seq=4 k=moveUsed total=5 live=true
[log] %cStart Phase: MessagePhase color:green
[log] %cStart Phase: MoveEffectPhase color:green
[log] [coop:turn] host recorder: append turn=1 seq=5 k=moveAnim total=6 live=true
[log] [coop:turn] host recorder: append turn=1 seq=6 k=hp total=7 live=true
[log] [coop:turn] host recorder: append turn=1 seq=7 k=faint total=8 live=true
[log] [coop:turn] host recorder: append turn=1 seq=8 k=message total=9 live=true
[log] %cStart Phase: DamageAnimPhase color:green
[log] %cStart Phase: MessagePhase color:green
[log] %cStart Phase: FaintPhase color:green
[log] %cStart Phase: MessagePhase color:green
[log] %cStart Phase: VictoryPhase color:green
[log] [coop:progression] HOST applyPartyExp COMPUTE wave=19 expValue=142.6 koMon=Shroomish
[log] %cStart Phase: MoveEndPhase color:green
[log] %cStart Phase: MovePhase color:green
[log] [coop:turn] host recorder: append turn=1 seq=9 k=moveUsed total=10 live=true
[log] %cStart Phase: MessagePhase color:green
[log] %cStart Phase: MoveEffectPhase color:green
[log] [coop:turn] host recorder: append turn=1 seq=10 k=moveAnim total=11 live=true
[log] [coop:turn] host recorder: append turn=1 seq=11 k=hp total=12 live=true
[log] [coop:turn] host recorder: append turn=1 seq=12 k=faint total=13 live=true
[log] [coop:turn] host recorder: append turn=1 seq=13 k=message total=14 live=true
[log] %cStart Phase: DamageAnimPhase color:green
[log] %cStart Phase: MessagePhase color:green
[log] %cStart Phase: FaintPhase color:green
[log] %cStart Phase: MessagePhase color:green
[log] %cStart Phase: VictoryPhase color:green
[log] [coop:progression] HOST applyPartyExp COMPUTE wave=19 expValue=188.2 koMon=Silcoon
[warn] [coop:v2-shadow] FAULT tap(WAVE_ADVANCE): AuthorityLog.commit: WAVE_ADVANCE is not authorized by predecessor control after WSHADOW/ADV/w1
[log] [coop:runtime] defer raw waveResolved wave=19 outcome=win until its material turnResolution is retained
[log] [coop-diag] VictoryPhase win-branch role=host battleType=WILD queuesTrainerVictory=false queuesSelectModifier=true wave=19
[log] [coop-diag] VictoryTail role=host wave=19 source=legacy-local trainer=false egg=true biomeShop=false biomeChange=false crossroads=false nextWave=20
[log] %cStart Phase: MoveEndPhase color:green
[log] %cStart Phase: MovePhase color:green
[log] %cStart Phase: MoveEndPhase color:green
[log] %cStart Phase: CheckInterludePhase color:green
[log] %cStart Phase: WeatherEffectPhase color:green
[log] %cStart Phase: PositionalTagPhase color:green
[log] %cStart Phase: BerryPhase color:green
[log] %cStart Phase: CheckStatusEffectPhase color:green
[log] %cStart Phase: TurnEndPhase color:green
[log] %cStart Phase: PokemonHealPhase color:green
[log] [coop:turn] host recorder: append turn=1 seq=14 k=hp total=15 live=true
[log] [coop:turn] host recorder: append turn=1 seq=15 k=message total=16 live=true
[log] %cStart Phase: MessagePhase color:green
[log] %cStart Phase: CoopTurnCommitPhase color:green
[log] [coop:turn] host recorder: finalize turn=1 events=16 seq=16
[log] [coop:checkpoint] build field=4 weather=1/0 terrain=3/0 arenaTags=0 money=700 mons=[bi0:sp149/hp213-213/st0/fnt0 bi1:sp445/hp235-235/st0/fnt0 bi2:sp266/hp0-40/st7/fnt1 bi3:sp285/hp0-40/st7/fnt1]
[log] [coop:checkpoint] host capture field=4 weather=1 terrain=3 money=700 arenaTags=0 mons=[bi0:sp149/hp213-213/st0/fnt0 bi1:sp445/hp235-235/st0/fnt0 bi2:sp266/hp0-40/st7/fnt1 bi3:sp285/hp0-40/st7/fnt1]
[log] [coop:interaction] interactionCounter() read -> 21 (role=host)
[log] [coop:replay] host SEND turnResolution e=1833203800481331 wave=19 turn=1 rev=189 events=16 checksum=32dc44bd7900239c
[log] [coop:transport] send host t=turnResolution e=1833203800481331 wave=19 turn=1 rev=189 events=16 checksum=32dc44bd7900239c
[warn] [coop:v2-shadow] FAULT tap(TURN_COMMIT): AuthorityLog.commit: TURN_COMMIT is not authorized by predecessor control after WSHADOW/ADV/w1
[log] [coop:runtime] send waveResolved wave=19 outcome=win (host)
[log] [coop:replay] host SEND waveResolved wave=19 outcome=win transition=WAVE_VICTORY/next20/biome0/egg1/wild
[log] [coop:transport] send host t=waveResolved wave=19 outcome=win captureParty=- cap=-
[log] [coop:transport] recv guest t=turnResolution e=1833203800481331 wave=19 turn=1 rev=189 events=16 checksum=32dc44bd7900239c handlers=1
[log] [coop:transport] recv guest t=waveResolved wave=19 outcome=win captureParty=- cap=- handlers=1
[log] [38;2;255;127;80mPhaseInterceptor.to: Stopping on completion of CoopTurnCommitPhase[39m
[log] %cStart Phase: BattleEndPhase color:green
[log] [coop:progression] HOST automatic victory settlement deferred wave=19 sourceTurn=1 settlementTurn=2
[log] %cStart Phase: EggLapsePhase color:green
[log] %cStart Phase: CoopVictorySealPhase color:green
[log] [coop:transport] send host t=envelope t=envelope
[log] [coop:runtime] wave-advance op HOST commit wave=19 outcome=win next=WAVE_VICTORY rev=44 id=1833203800481331:0:WAVE_ADVANCE:19 (Wave-2f)
[log] [coop:runtime] settled WAVE_ADVANCE committed wave=19 tick=190 next=WAVE_VICTORY/wave20
[log] [coop:runtime] send waveEndState wave=19 tick=190 (host)
[log] [coop:replay] host SEND waveEndState wave=19 tick=190 party=6
[log] [coop:transport] send host t=waveEndState t=waveEndState
[log] [coop:progression] HOST automatic victory settlement sealed wave=19 sourceTurn=1 settlementTurn=2 tick=190
[log] [coop:transport] recv guest t=envelope t=envelope handlers=1
[log] [coop:transport] recv guest t=waveEndState t=waveEndState handlers=1
[log] [coop:interaction] interactionCounter() read -> 21 (role=host)
[log] [coop:owner] ownerOf(counter=21) seat=1 -> owner=guest
[log] [coop:owner] isLocalOwnerAtCounter(pinnedCounter=21) parity=1 owner=guest role=host -> false
[log] [coop:interaction] interactionCounter() read -> 21 (role=host)
[log] [coop:reward] owner/watcher decision: pinnedStart=21 liveCounter=21 parity=1 role=host pick=WATCHER option=ROLL spoof=false
[log] [coop:shop] serializeRewardOptions count=3 ids=[ER_MENTAL_HERB,POKEBALL,TEMP_STAT_STAGE_BOOSTER] tiers=[1,0,0]
[log] [coop:reward] OWNER streams reward options (start=21 reroll=0 count=3 ids=[ER_MENTAL_HERB,POKEBALL,TEMP_STAT_STAGE_BOOSTER])
[log] [coop:relay] SEND rewardOptions seq=21 reroll=0 count=3 ids=[ER_MENTAL_HERB,POKEBALL,TEMP_STAT_STAGE_BOOSTER]
[log] [coop:transport] send host t=rewardOptions seq=21 reroll=0 options=3
[log] [coop:rendezvous] ARRIVE point=shop:19:21 (send) role=host
[log] [coop:transport] send host t=rendezvous point=shop:19:21
[log] [coop:reward] WATCHER waits for partner's reward picks (start=21 role=host wave=19)
[log] [coop:durability] host operation continuation window REARM key=op:global:44:1833203800481331:19:2:1833203800481331:0:WAVE_ADVANCE:19 surface=sharedInput at=1833203800481331/19/2
[log] [coop:transport] recv guest t=rewardOptions seq=21 reroll=0 options=3 handlers=1
[log] [coop:transport] recv guest t=rendezvous point=shop:19:21 handlers=1
[log] [coop:interaction] mirror begin role=watcher mirrorSeq=1344 interactionStart=21 reroll=0
[log] [coop:interaction] uiMirror beginSession role=watcher mode=6 seq=1344 early=0
[log] [coop:relay] AWAIT interactionChoice seq=21 timeoutMs=1200000 expected=[reward,shop,skip,reroll,check,transfer,lock] -> network-wait
[log] [coop:durability] operation delivery RETRY key=op:global:44:1833203800481331:19:2:1833203800481331:0:WAVE_ADVANCE:19 attempt=1/8
[log] [coop:transport] send host t=envelope t=envelope
[log] [coop:interaction] interactionCounter() read -> 21 (role=host)
[log] [coop:checksum] capture digest=b295a74986f89740 field=4 biome=2 seed=coop-soak-20260924 weather=1 terrain=3 money=700 party=[149,445,143,94,376,248] partyLevels=[65,65,65,65,65,65] arenaTags=0 modifiers=5 heldItemsDigest=0 pokeballs=[0:40,1:0,2:0,3:0,4:0] mons=[bi0:sp149/hp213-213/st0/ab263/form0/tera0:15/boss0:0 bi1:sp445/hp235-235/st0/ab8/form0/tera0:15/boss0:0 bi2:sp266/hp0-40/st7/ab192/form0/tera0:17/boss0:0 bi3:sp285/hp0-40/st7/ab101/form0/tera0:11/boss0:0]
[log] [coop:rendezvous] RECV arrival point=shop:19:21 -> BUFFER (no waiter yet) role=host
[log] [coop:stream] host ACCEPT turn ACK stage=continuationReady key=1833203800481331:19:1:189
[log] [coop:stream] host RELEASE retained turn after continuationReady key=1833203800481331:19:1:189
[log] [coop:durability] host RELEASE contiguous acknowledged authority cls=op:global seq=44
[log] [coop:relay] DELIVER interactionChoice seq=21 -> waiter kind=skip choice=-1 data=-
[log] [coop:relay] AWAIT interactionChoice seq=21 RESOLVE kind=skip choice=-1 data=-
[log] [coop:reward] WATCHER applying relayed action seq=21 act=LEAVE choice=-1 data=-
[log] [coop:shop] serializeRewardOptions count=3 ids=[ER_MENTAL_HERB,POKEBALL,TEMP_STAT_STAGE_BOOSTER] tiers=[1,0,0]
[log] [coop:transport] send host t=envelope t=envelope
[log] [coop:reward] reward authoritative RESULT retained rev=45 tick=191 id=1833203800481331:1:REWARD:2100000
[log] [coop:transport] recv guest t=envelope t=envelope handlers=1
[log] [coop:interaction] interactionCounter() read -> 21 (role=host)
[log] [coop:interaction] interactionCounter() read -> 21 (role=host)
[log] [coop:interaction] RECV interaction broadcast (deferred catch-up net) received=22 localBefore=21 role=host -> WILL DEFER to 22 (folds in at next advance if still ahead)
[warn] [coop:interaction] CoopInteractionTurn.mergeRemote DEFER (remote=22, counter=21, pendingRemote=22) live counter UNCHANGED (folds in at next advance if still ahead)
[log] [coop:owner] ownerOf(counter=21) seat=1 -> owner=guest
[log] [coop:owner] ownerOf(counter=21) seat=1 -> owner=guest
[log] [coop:reward] OWNER peer material applied; release terminal engine barrier seq=21 id=1833203800481331:1:REWARD:2100000
[log] [coop:interaction] interactionCounter() read -> 21 (role=host)
[log] [coop:interaction] CoopInteractionTurn.advance INCREMENT (fromCounter=21) counter 21 -> 22
[log] [coop:interaction] advanceInteraction ADVANCED+BROADCAST (fromCounter=21) counter 21 -> 22 role=host; send interaction screen=__turn__ choice=22
[log] [coop:interaction] SEND counter snapshot reason=advance choice=22 role=host
[log] [coop:transport] send host t=interaction screen=__turn__
[log] [coop:owner] ownerOf(counter=22) seat=0 -> owner=host
[log] [coop:owner] ownerOf(counter=22) seat=0 -> owner=host
[log] [coop:interaction] interactionCounter() read -> 22 (role=host)
[log] [coop:reward] advance interaction (role=host from=21 counter 21 -> 22)
[log] [coop:transport] recv guest t=interaction screen=__turn__ handlers=1
[log] %cStart Phase: NewBattlePhase color:green
[log] [coop:turn] host recorder: begin deferred transition turn=1 scope=1833203800481331:20
[log] %cStart Phase: CoopPartnerSyncPhase color:green
[log] [coop:interaction] interactionCounter() read -> 22 (role=host)
[log] %cStart Phase: ReturnPhase color:green
[log] [coop:turn] host recorder: preserve recording scope=1833203800481331:20 turn=1 events=0 seq=0
[log] %cStart Phase: ReturnPhase color:green
[log] [coop:turn] host recorder: preserve recording scope=1833203800481331:20 turn=1 events=0 seq=0
[log] %cStart Phase: ShowTrainerPhase color:green
[log] %cStart Phase: NextEncounterPhase color:green
[log] [coop:interaction] interactionCounter() read -> 22 (role=host)
[log] [coop:replay] host SEND enemyPartySync wave=20 count=2 meType=-1 battleType=1 entryPresentation=-
[log] [coop:transport] send host t=enemyPartySync wave=20 enemies=2 battleType=1
[log] [coop:transport] recv guest t=enemyPartySync wave=20 enemies=2 battleType=1 handlers=1
[log] [coop:turn] host recorder: preserve recording scope=1833203800481331:20 turn=1 events=0 seq=0
[log] %cStart Phase: SummonPhase color:green
[log] [coop:turn] host recorder: preserve recording scope=1833203800481331:20 turn=1 events=0 seq=0
[log] %cStart Phase: SummonPhase color:green
[log] [coop:turn] host recorder: preserve recording scope=1833203800481331:20 turn=1 events=0 seq=0
[log] %cStart Phase: SummonPhase color:green
[log] [coop:turn] host recorder: preserve recording scope=1833203800481331:20 turn=1 events=0 seq=0
[log] %cStart Phase: ToggleDoublePositionPhase color:green
[log] %cStart Phase: SummonPhase color:green
[log] [coop:turn] host recorder: preserve recording scope=1833203800481331:20 turn=1 events=0 seq=0
[log] %cStart Phase: InitEncounterPhase color:green
[log] [coop:turn] host recorder: preserve recording scope=1833203800481331:20 turn=1 events=0 seq=0
[log] %cStart Phase: PostSummonPhase color:green
[log] %cStart Phase: PostSummonPhase color:green
[log] %cStart Phase: PostSummonPhase color:green
[log] %cStart Phase: PostSummonPhase color:green
[log] %cStart Phase: TurnInitPhase color:green
[log] [coop:replay] host SEND enemyPartySync wave=20 count=2 meType=-1 battleType=1 entryPresentation=0
[log] [coop:transport] send host t=enemyPartySync wave=20 enemies=2 battleType=1
[log] [coop:replay] host RE-BROADCAST wave-start authority wave=20 after post-summon boundary stateChanged=true presentation=0 (#920)
[log] [coop:rendezvous] next-command barrier ARRIVE+AWAIT cmd:20:1 slot=0
[log] [coop:rendezvous] ARRIVE point=cmd:20:1 (send) role=host
[log] [coop:transport] send host t=rendezvous point=cmd:20:1
[log] [coop:rendezvous] AWAIT point=cmd:20:1 timeoutMs=2000 -> network-wait role=host
[log] [coop:transport] recv guest t=enemyPartySync wave=20 enemies=2 battleType=1 handlers=1
[log] [coop:transport] recv guest t=rendezvous point=cmd:20:1 handlers=1
[log] [coop:rendezvous] RECV arrival point=cmd:20:1 -> deliver-to-waiter role=host
[log] [coop:transport] send host t=rendezvous point=cmd:20:1
[log] [coop:rendezvous] AWAIT point=cmd:20:1 RESOLVE both-arrived role=host
[log] [coop:durability] host RELEASE contiguous acknowledged authority cls=op:global seq=45
[log] [coop:transport] recv guest t=rendezvous point=cmd:20:1 handlers=1
[log] [coop:transport] send host t=enemyPartySync wave=20 enemies=2 battleType=1
[log] [coop:replay] host RE-BROADCAST wave-start authority wave=20 after post-summon boundary stateChanged=false presentation=0 (#920)
[log] [coop:transport] recv guest t=enemyPartySync wave=20 enemies=2 battleType=1 handlers=1
[log] [coop:interaction] interactionCounter() read -> 22 (role=host)
[log] [coop:checksum] capture digest=02c51e8c09a7965b field=4 biome=2 seed=coop-soak-20260924 weather=1 terrain=3 money=700 party=[149,445,143,94,376,248] partyLevels=[65,65,65,65,65,65] arenaTags=0 modifiers=5 heldItemsDigest=2 pokeballs=[0:40,1:0,2:0,3:0,4:0] mons=[bi0:sp149/hp213-213/st0/ab263/form0/tera0:15/boss0:0 bi1:sp445/hp235-235/st0/ab8/form0/tera0:15/boss0:0 bi2:sp10019/hp40-40/st0/ab34/form0/tera0:9/boss0:0 bi3:sp10019/hp42-42/st0/ab179/form0/tera0:11/boss0:0]
[log] [coop:interaction] interactionCounter() read -> 22 (role=host)
[log] [coop:relay] broadcastLocalCommand SEND fieldIndex=0 owner=host turn=1 command=2 cursor=2 moveId=- targets=[]
[log] [coop:transport] send host t=command fi=0 owner=host turn=1 cmd=2 cursor=2 move=-
[log] [coop:transport] recv guest t=command fi=0 owner=host turn=1 cmd=2 cursor=2 move=- handlers=1
[log] [coop:relay] recv command fieldIndex=0 turn=1 command=2 -> BUFFERED (no awaiter yet)
[log] %cStart Phase: CommandPhase color:green
[log] [coop:transport] send host t=enemyPartySync wave=20 enemies=2 battleType=1
[log] [coop:replay] host RE-BROADCAST wave-start authority wave=20 after post-summon boundary stateChanged=false presentation=0 (#920)
[log] [coop:battle] CommandPhase slot=1 turn=1 owner=guest role=host -> partner path
[log] [coop:relay] host requestPartnerCommand SEND fieldIndex=1 turn=1 moveSlots=[0,1,2,3] (awaiting peer)
[log] [coop:transport] send host t=commandRequest fi=1 owner=guest turn=1 slots=4
[log] [coop:transport] recv guest t=enemyPartySync wave=20 enemies=2 battleType=1 handlers=1
[log] [coop:transport] recv guest t=commandRequest fi=1 owner=guest turn=1 slots=4 handlers=1
[log] [coop:relay] peer recv commandRequest fieldIndex=1 owner=guest turn=1 moveSlots=[0,1,2,3] -> reply command=0 cursor=2 moveId=53
[log] [coop:transport] send guest t=command fi=1 owner=guest turn=1 cmd=0 cursor=2 move=53
[log] [coop:transport] recv host t=command fi=1 owner=guest turn=1 cmd=0 cursor=2 move=53 handlers=1
[log] [coop:relay] recv command fieldIndex=1 turn=1 command=0 -> resolved awaiting request
[log] [coop:ai] applyWiredPartnerCommand partner=445 wiredMoveId=53 cursor=2 -> moveId=53 moveIndex=2 tera=false targets=[3] targetsFrom=wire-verbatim useMode=1
[log] %cStart Phase: EnemyCommandPhase color:green
[log] %cStart Phase: EnemyCommandPhase color:green
[log] %cStart Phase: TurnStartPhase color:green
[log] [coop-diag] turn-start authoritative guard mode=authoritative role=host turn=1 diverts=false
[log] [coop:turn] host recorder: preserve recording scope=1833203800481331:20 turn=1 events=0 seq=0
[log] %cStart Phase: SwitchSummonPhase color:green
[log] [coop:turn] host recorder: preserve recording scope=1833203800481331:20 turn=1 events=0 seq=0
[log] [coop:turn] host recorder: append turn=1 seq=0 k=switch total=1 live=true
[log] %cStart Phase: PostSummonPhase color:green
[log] %cStart Phase: PostSummonPhase color:green
[log] %cStart Phase: MovePhase color:green
[log] [coop:turn] host recorder: append turn=1 seq=1 k=moveUsed total=2 live=true
[log] %cStart Phase: MessagePhase color:green
[log] %cStart Phase: MoveEffectPhase color:green
[log] [coop:turn] host recorder: append turn=1 seq=2 k=moveAnim total=3 live=true
[log] [coop:turn] host recorder: append turn=1 seq=3 k=hp total=4 live=true
[log] [coop:turn] host recorder: append turn=1 seq=4 k=faint total=5 live=true
[log] [coop:turn] host recorder: append turn=1 seq=5 k=message total=6 live=true
[log] %cStart Phase: DamageAnimPhase color:green
[log] %cStart Phase: MessagePhase color:green
[log] %cStart Phase: FaintPhase color:green
[log] %cStart Phase: MessagePhase color:green
[log] %cStart Phase: VictoryPhase color:green
[log] [coop:progression] HOST applyPartyExp COMPUTE wave=20 expValue=281 koMon=Corm
[log] %cStart Phase: MoveEndPhase color:green
[log] %cStart Phase: MovePhase color:green
[log] [coop:turn] host recorder: append turn=1 seq=6 k=moveUsed total=7 live=true
[log] %cStart Phase: MessagePhase color:green
[log] %cStart Phase: MoveEffectPhase color:green
[log] [coop:turn] host recorder: append turn=1 seq=7 k=moveAnim total=8 live=true
[log] [coop:turn] host recorder: append turn=1 seq=8 k=hp total=9 live=true
[log] [coop:turn] host recorder: append turn=1 seq=9 k=hp total=10 live=true
[log] %cStart Phase: DamageAnimPhase color:green
[log] %cStart Phase: DamageAnimPhase color:green
[log] %cStart Phase: MoveEndPhase color:green
[log] %cStart Phase: MovePhase color:green
[log] %cStart Phase: MoveEndPhase color:green
[log] %cStart Phase: CheckInterludePhase color:green
[log] %cStart Phase: WeatherEffectPhase color:green
[log] %cStart Phase: PositionalTagPhase color:green
[log] %cStart Phase: BerryPhase color:green
[log] %cStart Phase: CheckStatusEffectPhase color:green
[log] %cStart Phase: TurnEndPhase color:green
[log] %cStart Phase: PokemonHealPhase color:green
[log] [coop:turn] host recorder: append turn=1 seq=10 k=hp total=11 live=true
[log] [coop:turn] host recorder: append turn=1 seq=11 k=message total=12 live=true
[log] %cStart Phase: MessagePhase color:green
[log] %cStart Phase: PokemonHealPhase color:green
[log] [coop:turn] host recorder: append turn=1 seq=12 k=hp total=13 live=true
[log] [coop:turn] host recorder: append turn=1 seq=13 k=message total=14 live=true
[log] %cStart Phase: MessagePhase color:green
[log] %cStart Phase: PokemonHealPhase color:green
[log] [coop:turn] host recorder: append turn=1 seq=14 k=message total=15 live=true
[log] %cStart Phase: MessagePhase color:green
[log] %cStart Phase: CoopTurnCommitPhase color:green
[log] [coop:turn] host recorder: finalize turn=1 events=15 seq=15
[log] [coop:checkpoint] build field=4 weather=1/0 terrain=3/0 arenaTags=0 money=700 mons=[bi0:sp143/hp303-303/st0/fnt0 bi1:sp445/hp235-235/st0/fnt0 bi2:sp10019/hp40-40/st0/fnt0 bi3:sp10019/hp0-42/st7/fnt1]
[log] [coop:checkpoint] host capture field=4 weather=1 terrain=3 money=700 arenaTags=0 mons=[bi0:sp143/hp303-303/st0/fnt0 bi1:sp445/hp235-235/st0/fnt0 bi2:sp10019/hp40-40/st0/fnt0 bi3:sp10019/hp0-42/st7/fnt1]
[log] [coop:interaction] interactionCounter() read -> 22 (role=host)
[log] [coop:replay] host SEND turnResolution e=1833203800481331 wave=20 turn=1 rev=198 events=15 checksum=2c963ba9fca96f73
[log] [coop:transport] send host t=turnResolution e=1833203800481331 wave=20 turn=1 rev=198 events=15 checksum=2c963ba9fca96f73
[warn] [coop:v2-shadow] FAULT tap(TURN_COMMIT): AuthorityLog.commit: TURN_COMMIT is not authorized by predecessor control after WSHADOW/ADV/w1
[log] [coop:transport] recv guest t=turnResolution e=1833203800481331 wave=20 turn=1 rev=198 events=15 checksum=2c963ba9fca96f73 handlers=1
[log] [38;2;255;127;80mPhaseInterceptor.to: Stopping on completion of CoopTurnCommitPhase[39m
[log] %cStart Phase: TurnInitPhase color:green
[log] [coop:rendezvous] ARRIVE point=cmd:20:2 (send) role=host
[log] [coop:transport] send host t=rendezvous point=cmd:20:2
[log] [coop:rendezvous] next-command barrier cmd:20:2 SYNC pass (partner already arrived)
[log] [coop:transport] recv guest t=rendezvous point=cmd:20:2 handlers=1
[log] [coop:stream] host ACCEPT turn ACK stage=continuationReady key=1833203800481331:20:1:198
[log] [coop:stream] host RELEASE retained turn after continuationReady key=1833203800481331:20:1:198
[log] %cStart Phase: SelectTargetPhase color:green
[log] [coop:owner] broadcast own-slot fi=0 turn=2 role=host cmd=0
[log] [coop:relay] broadcastLocalCommand SEND fieldIndex=0 owner=host turn=2 command=0 cursor=2 moveId=53 targets=[2]
[log] [coop:transport] send host t=command fi=0 owner=host turn=2 cmd=0 cursor=2 move=53
[log] [coop:transport] recv guest t=command fi=0 owner=host turn=2 cmd=0 cursor=2 move=53 handlers=1
[log] [coop:relay] recv command fieldIndex=0 turn=2 command=0 -> BUFFERED (no awaiter yet)
[log] %cStart Phase: CommandPhase color:green
[log] [coop:battle] CommandPhase slot=1 turn=2 owner=guest role=host -> partner path
[log] [coop:relay] host requestPartnerCommand SEND fieldIndex=1 turn=2 moveSlots=[0,1,2,3] (awaiting peer)
[log] [coop:transport] send host t=commandRequest fi=1 owner=guest turn=2 slots=4
[log] [coop:transport] recv guest t=commandRequest fi=1 owner=guest turn=2 slots=4 handlers=1
[log] [coop:relay] peer recv commandRequest fieldIndex=1 owner=guest turn=2 moveSlots=[0,1,2,3] -> reply command=0 cursor=2 moveId=53
[log] [coop:transport] send guest t=command fi=1 owner=guest turn=2 cmd=0 cursor=2 move=53
[log] [coop:transport] recv host t=command fi=1 owner=guest turn=2 cmd=0 cursor=2 move=53 handlers=1
[log] [coop:relay] recv command fieldIndex=1 turn=2 command=0 -> resolved awaiting request
[log] [coop:ai] applyWiredPartnerCommand partner=445 wiredMoveId=53 cursor=2 -> moveId=53 moveIndex=2 tera=false targets=[2] targetsFrom=wire-verbatim useMode=1
[log] %cStart Phase: EnemyCommandPhase color:green
[log] %cStart Phase: TurnStartPhase color:green
[log] [coop-diag] turn-start authoritative guard mode=authoritative role=host turn=2 diverts=false
[log] [coop:turn] host recorder: begin turn=2 scope=1833203800481331:20 (no prior open recording)
[log] %cStart Phase: MovePhase color:green
[log] [coop:turn] host recorder: append turn=2 seq=0 k=moveUsed total=1 live=true
[log] %cStart Phase: MessagePhase color:green
[log] %cStart Phase: MoveEffectPhase color:green
[log] [coop:turn] host recorder: append turn=2 seq=1 k=moveAnim total=2 live=true
[log] [coop:turn] host recorder: append turn=2 seq=2 k=hp total=3 live=true
[log] [coop:turn] host recorder: append turn=2 seq=3 k=faint total=4 live=true
[log] [coop:turn] host recorder: append turn=2 seq=4 k=message total=5 live=true
[log] %cStart Phase: DamageAnimPhase color:green
[log] %cStart Phase: MessagePhase color:green
[log] %cStart Phase: FaintPhase color:green
[log] %cStart Phase: MessagePhase color:green
[log] %cStart Phase: VictoryPhase color:green
[log] [coop:progression] HOST applyPartyExp COMPUTE wave=20 expValue=261 koMon=Corm
[warn] [coop:v2-shadow] FAULT tap(WAVE_ADVANCE): AuthorityLog.commit: WAVE_ADVANCE is not authorized by predecessor control after WSHADOW/ADV/w1
[log] [coop:runtime] defer raw waveResolved wave=20 outcome=win until its material turnResolution is retained
[log] [coop-diag] VictoryPhase win-branch role=host battleType=TRAINER queuesTrainerVictory=true queuesSelectModifier=false wave=20
[log] [coop-diag] VictoryTail role=host wave=20 source=legacy-local trainer=true egg=true biomeShop=true biomeChange=false crossroads=true nextWave=21
[log] %cStart Phase: MoveEndPhase color:green
[log] %cStart Phase: MovePhase color:green
[log] [coop:turn] host recorder: append turn=2 seq=5 k=message total=6 live=true
[log] %cStart Phase: MessagePhase color:green
[log] %cStart Phase: MoveEndPhase color:green
[log] %cStart Phase: MovePhase color:green
[log] %cStart Phase: MoveEndPhase color:green
[log] %cStart Phase: CheckInterludePhase color:green
[log] %cStart Phase: PositionalTagPhase color:green
[log] %cStart Phase: TurnEndPhase color:green
[log] %cStart Phase: CoopTurnCommitPhase color:green
[log] [coop:turn] host recorder: finalize turn=2 events=6 seq=6
[log] [coop:checkpoint] build field=4 weather=1/0 terrain=3/0 arenaTags=0 money=700 mons=[bi0:sp143/hp303-303/st0/fnt0 bi1:sp445/hp235-235/st0/fnt0 bi2:sp10019/hp0-40/st7/fnt1 bi3:sp10019/hp0-42/st7/fnt1]
[log] [coop:checkpoint] host capture field=4 weather=1 terrain=3 money=700 arenaTags=0 mons=[bi0:sp143/hp303-303/st0/fnt0 bi1:sp445/hp235-235/st0/fnt0 bi2:sp10019/hp0-40/st7/fnt1 bi3:sp10019/hp0-42/st7/fnt1]
[log] [coop:interaction] interactionCounter() read -> 22 (role=host)
[log] [coop:replay] host SEND turnResolution e=1833203800481331 wave=20 turn=2 rev=201 events=6 checksum=9468bdd66914a814
[log] [coop:transport] send host t=turnResolution e=1833203800481331 wave=20 turn=2 rev=201 events=6 checksum=9468bdd66914a814
[warn] [coop:v2-shadow] FAULT tap(TURN_COMMIT): AuthorityLog.commit: TURN_COMMIT is not authorized by predecessor control after WSHADOW/ADV/w1
[log] [coop:runtime] send waveResolved wave=20 outcome=win (host)
[log] [coop:replay] host SEND waveResolved wave=20 outcome=win transition=WAVE_VICTORY/next21/biome0/egg1/trainer
[log] [coop:transport] send host t=waveResolved wave=20 outcome=win captureParty=- cap=-
[log] [coop:transport] recv guest t=turnResolution e=1833203800481331 wave=20 turn=2 rev=201 events=6 checksum=9468bdd66914a814 handlers=1
[log] [coop:transport] recv guest t=waveResolved wave=20 outcome=win captureParty=- cap=- handlers=1
[log] [38;2;255;127;80mPhaseInterceptor.to: Stopping on completion of CoopTurnCommitPhase[39m
[log] %cStart Phase: BattleEndPhase color:green
[log] [coop:progression] HOST automatic victory settlement deferred wave=20 sourceTurn=2 settlementTurn=3
[log] %cStart Phase: TrainerVictoryPhase color:green
[log] [coop:progression] coopBossVoucherReward DECISION isCoop=true creditedFirstTime=true -> NO-QUEUE (lockstep queue-len parity)
[log] [coop:progression] coopVictoryDialogue DECISION isCoop=true -> SKIP (constant 0 awaits, lockstep-safe)
[log] [coop:renderer] trainer victory presentation settled sourceWave=20
[log] %cStart Phase: MoneyRewardPhase color:green
[log] %cStart Phase: ModifierRewardPhase color:green
[log] %cStart Phase: EggLapsePhase color:green
[log] %cStart Phase: ModifierRewardPhase color:green
[log] %cStart Phase: PartyHealPhase color:green
[log] %cStart Phase: ResetStatusPhase color:green
[log] %cStart Phase: ResetStatusPhase color:green
[log] %cStart Phase: ResetStatusPhase color:green
[log] %cStart Phase: ResetStatusPhase color:green
[log] %cStart Phase: ResetStatusPhase color:green
[log] %cStart Phase: ResetStatusPhase color:green
[log] %cStart Phase: CoopVictorySealPhase color:green
[log] [coop:transport] send host t=envelope t=envelope
[log] [coop:runtime] wave-advance op HOST commit wave=20 outcome=win next=WAVE_VICTORY rev=46 id=1833203800481331:0:WAVE_ADVANCE:20 (Wave-2f)
[log] [coop:runtime] settled WAVE_ADVANCE committed wave=20 tick=202 next=WAVE_VICTORY/wave21
[log] [coop:runtime] send waveEndState wave=20 tick=202 (host)
[log] [coop:replay] host SEND waveEndState wave=20 tick=202 party=6
[log] [coop:transport] send host t=waveEndState t=waveEndState
[log] [coop:progression] HOST automatic victory settlement sealed wave=20 sourceTurn=2 settlementTurn=3 tick=202
[log] [coop:transport] recv guest t=envelope t=envelope handlers=1
[log] [coop:transport] recv guest t=waveEndState t=waveEndState handlers=1
[log] [coop:durability] operation delivery RETRY key=op:global:46:1833203800481331:20:3:1833203800481331:0:WAVE_ADVANCE:20 attempt=1/8
[log] [coop:transport] send host t=envelope t=envelope
[log] [coop:interaction] interactionCounter() read -> 22 (role=host)
[log] [coop:checksum] capture digest=c4dc18c347230dc3 field=4 biome=2 seed=coop-soak-20260924 weather=1 terrain=3 money=1660 party=[143,445,149,94,376,248] partyLevels=[65,65,65,65,65,65] arenaTags=0 modifiers=5 heldItemsDigest=0 pokeballs=[0:40,1:0,2:0,3:0,4:0] mons=[bi0:sp143/hp303-303/st0/ab12/form0/tera0:0/boss0:0 bi1:sp445/hp235-235/st0/ab8/form0/tera0:15/boss0:0 bi2:sp10019/hp0-40/st7/ab34/form0/tera0:9/boss0:0 bi3:sp10019/hp0-42/st7/ab179/form0/tera0:11/boss0:0]
[log] [coop:interaction] interactionCounter() read -> 22 (role=host)
[log] [coop:owner] ownerOf(counter=22) seat=0 -> owner=host
[log] [coop:owner] isLocalOwnerAtCounter(pinnedCounter=22) parity=0 owner=host role=host -> true
[log] [coop:reward] biome market roles: pinnedStart=22 inMe=false role=host spoof=false pick=OWNER option=ROLL+STREAM continuation=false
[log] [coop:shop] serializeRewardOptions count=16 ids=[BERRY,LEEK,ER_GRASS_GEM,ER_GRASSY_SEED,ER_LOADED_DICE,ER_CHILI_SAMPLE,ER_LUCKY_HEART,ER_SPIKED_KNUCKLES,ULTRA_BALL,FOCUS_BAND,RARE_CANDY,ER_POWER_HERB,FORM_CHANGE_ITEM,WIDE_LENS,RARER_CANDY,BASE_STAT_BOOSTER] tiers=[0,2,1,1,2,2,2,2,2,3,0,2,3,2,2,2]
[log] [coop:relay] SEND rewardOptions seq=22 reroll=777 count=16 ids=[BERRY,LEEK,ER_GRASS_GEM,ER_GRASSY_SEED,ER_LOADED_DICE,ER_CHILI_SAMPLE,ER_LUCKY_HEART,ER_SPIKED_KNUCKLES,ULTRA_BALL,FOCUS_BAND,RARE_CANDY,ER_POWER_HERB,FORM_CHANGE_ITEM,WIDE_LENS,RARER_CANDY,BASE_STAT_BOOSTER]
[log] [coop:transport] send host t=rewardOptions seq=22 reroll=777 options=16
[log] [coop:durability] host operation continuation window REARM key=op:global:46:1833203800481331:20:3:1833203800481331:0:WAVE_ADVANCE:20 surface=sharedInput at=1833203800481331/20/3
[log] [coop:relay] RECV requestRewardOptions key=22:777 -> REPLAY count=16
[log] [coop:transport] send host t=rewardOptions seq=22 reroll=777 options=16
[log] [coop:transport] recv guest t=rewardOptions seq=22 reroll=777 options=16 handlers=1
[log] [coop:transport] recv guest t=rewardOptions seq=22 reroll=777 options=16 handlers=1
[log] [coop:reward] market op INTENT prepared label=biomeShop id=1833203800481331:0:SHOP_BUY:2200000
[log] [coop:shop] serializeRewardOptions count=16 ids=[BERRY,LEEK,ER_GRASS_GEM,ER_GRASSY_SEED,ER_LOADED_DICE,ER_CHILI_SAMPLE,ER_LUCKY_HEART,ER_SPIKED_KNUCKLES,ULTRA_BALL,FOCUS_BAND,RARE_CANDY,ER_POWER_HERB,FORM_CHANGE_ITEM,WIDE_LENS,RARER_CANDY,BASE_STAT_BOOSTER] tiers=[0,2,1,1,2,2,2,2,2,3,0,2,3,2,2,2]
[log] [coop:transport] send host t=envelope t=envelope
[log] [coop:reward] market authoritative RESULT retained rev=47 tick=203 id=1833203800481331:0:SHOP_BUY:2200000
[log] [coop:relay] SEND interactionChoice seq=7000022 kind=biomeShop kind=? choice=-1 data=-
[log] [coop:transport] send host t=interactionChoice seq=7000022 kind=biomeShop choice=-1
[warn] [coop:v2-shadow] FAULT tap(INTERACTION_COMMIT): AuthorityLog.commit: INTERACTION_COMMIT is not authorized by predecessor control after WSHADOW/ADV/w1
[log] [coop:interaction] interactionCounter() read -> 22 (role=host)
[log] [coop:interaction] CoopInteractionTurn.advance INCREMENT (fromCounter=22) counter 22 -> 23
[log] [coop:interaction] advanceInteraction ADVANCED+BROADCAST (fromCounter=22) counter 22 -> 23 role=host; send interaction screen=__turn__ choice=23
[log] [coop:interaction] SEND counter snapshot reason=advance choice=23 role=host
[log] [coop:transport] send host t=interaction screen=__turn__
[log] [coop:owner] ownerOf(counter=23) seat=1 -> owner=guest
[log] [coop:owner] ownerOf(counter=23) seat=1 -> owner=guest
[log] [coop:interaction] interactionCounter() read -> 23 (role=host)
[log] [coop:reward] advance interaction from CONTINUATION commit (role=host from=22 counter 22 -> 23)
[log] [coop:interaction] interactionCounter() read -> 23 (role=host)
[log] [coop:transport] recv guest t=envelope t=envelope handlers=1
[log] [coop:transport] recv guest t=interactionChoice seq=7000022 kind=biomeShop choice=-1 handlers=1
[log] [coop:transport] recv guest t=interaction screen=__turn__ handlers=1
[log] [coop:interaction] RECV interaction broadcast (deferred catch-up net) received=23 localBefore=23 role=host -> no defer (local >= received)
[warn] [coop:interaction] CoopInteractionTurn.mergeRemote DEFER (remote=23, counter=23, pendingRemote=23) live counter UNCHANGED (folds in at next advance if still ahead)
[log] [coop:owner] ownerOf(counter=23) seat=1 -> owner=guest
[log] [coop:owner] ownerOf(counter=23) seat=1 -> owner=guest
[log] [coop:rendezvous] crossroads boundary barrier RENDEZVOUS xroads:20 (#858)
[log] [coop:rendezvous] ARRIVE point=xroads:20 (send) role=host
[log] [coop:transport] send host t=rendezvous point=xroads:20
[log] [coop:rendezvous] AWAIT point=xroads:20 timeoutMs=2000 -> network-wait role=host
[log] [coop:transport] recv guest t=rendezvous point=xroads:20 handlers=1
[log] [coop:interaction] interactionCounter() read -> 23 (role=host)
[log] [coop:owner] ownerOf(counter=23) seat=1 -> owner=guest
[log] [coop:owner] isLocalOwnerAtCounter(pinnedCounter=23) parity=1 owner=guest role=host -> false
[log] [coop:rendezvous] RECV arrival point=xroads:20 -> deliver-to-waiter role=host
[log] [coop:transport] send host t=rendezvous point=xroads:20
[log] [coop:rendezvous] AWAIT point=xroads:20 RESOLVE both-arrived role=host
[log] [coop:transport] recv guest t=rendezvous point=xroads:20 handlers=1
[log] [coop:interaction] interactionCounter() read -> 23 (role=host)
[log] [coop:owner] ownerOf(counter=23) seat=1 -> owner=guest
[log] [coop:owner] isLocalOwnerAtCounter(pinnedCounter=23) parity=1 owner=guest role=host -> false
[log] [coop:reward] crossroads owner/watcher decision: pinnedStart=23 role=host spoof=false -> WATCHER (#848)
[log] [coop:interaction] uiMirror beginSession role=watcher mode=15 seq=9600023 early=0
[log] [coop:relay] AWAIT interactionChoice seq=9600023 timeoutMs=1200000 expected=[crossroads] -> network-wait
[log] [coop:transport] recv host t=coopAck cls=op:global seq=46 handlers=1
[log] [coop:transport] recv host t=coopAck cls=op:global seq=46 handlers=1
[log] [coop:transport] recv host t=coopAck cls=op:global seq=46 handlers=1
[log] [coop:transport] recv host t=battleCheckpointAck reason=replacement e=1833203800481331 wave=2 turn=2 rev=18 stage=continuationReady checksum=3244f941b6d0ce2f handlers=1
[log] [coop:transport] recv host t=turnCommitAck e=1833203800481331 wave=20 turn=2 rev=201 stage=continuationReady checksum=9468bdd66914a814 handlers=1
[log] [coop:durability] host RELEASE contiguous acknowledged authority cls=op:global seq=46
[log] [coop:stream] host ACCEPT turn ACK stage=continuationReady key=1833203800481331:20:2:201
[log] [coop:stream] host RELEASE retained turn after continuationReady key=1833203800481331:20:2:201
[log] [coop:interaction] interactionCounter() read -> 23 (role=host)
[log] [coop:owner] ownerOf(counter=23) seat=1 -> owner=guest
[log] [coop:owner] isLocalOwnerAtCounter(pinnedCounter=23) parity=1 owner=guest role=host -> false
[log] [coop:interaction] uiMirror WATCHER apply n=0 button=1 mode=15
[log] [coop:relay] DELIVER interactionChoice seq=9600023 -> waiter kind=crossroads choice=1 data=-
[log] [coop:relay] AWAIT interactionChoice seq=9600023 RESOLVE kind=crossroads choice=1 data=-
[log] [coop:transport] send host t=envelope t=envelope
[log] [coop:reward] crossroads WATCHER: owner pick received moveOn=true pinnedStart=23 (#848)
[log] [coop:v2-interaction] terminal proof recorded op=1833203800481331:1:CROSSROADS_PICK:9600023 role=host seat=0 duplicate=0 ambient=1
[log] [coop:transport] recv guest t=envelope t=envelope handlers=1
[log] [coop:owner] ownerOf(counter=23) seat=1 -> owner=guest
[log] [coop:owner] isLocalOwnerAtCounter(pinnedCounter=23) parity=1 owner=guest role=host -> false
[log] [coop:owner] ownerOf(counter=23) seat=1 -> owner=guest
[log] [coop:owner] isLocalOwnerAtCounter(pinnedCounter=23) parity=1 owner=guest role=host -> false
[log] [coop:reward] biome pick owner/watcher decision: pinnedStart=23 role=host spoof=false chained=true -> WATCHER (#848)
[log] [coop:interaction] uiMirror beginSession role=watcher mode=54 seq=9700023 early=0
[log] [coop:relay] AWAIT interactionChoice seq=9700023 timeoutMs=1200000 expected=[biomePick] -> network-wait
[log] [coop:interaction] interactionCounter() read -> 23 (role=host)
[log] [coop:owner] ownerOf(counter=23) seat=1 -> owner=guest
[log] [coop:owner] isLocalOwnerAtCounter(pinnedCounter=23) parity=1 owner=guest role=host -> false
[log] [coop:relay] DELIVER interactionChoice seq=9700023 -> waiter kind=biomePick choice=0 data=[3]
[log] [coop:relay] AWAIT interactionChoice seq=9700023 RESOLVE kind=biomePick choice=0 data=[3]
[log] [coop:transport] send host t=envelope t=envelope
[log] [coop:reward] biome pick WATCHER: owner biome=undefined received pinnedStart=23 (#848)
[log] [coop:transport] recv guest t=envelope t=envelope handlers=1
[log] [coop:interaction] interactionCounter() read -> 23 (role=host)
[log] [coop:interaction] CoopInteractionTurn.advance INCREMENT (fromCounter=23) counter 23 -> 24
[log] [coop:interaction] advanceInteraction ADVANCED+BROADCAST (fromCounter=23) counter 23 -> 24 role=host; send interaction screen=__turn__ choice=24
[log] [coop:interaction] SEND counter snapshot reason=advance choice=24 role=host
[log] [coop:transport] send host t=interaction screen=__turn__
[log] [coop:owner] ownerOf(counter=24) seat=0 -> owner=host
[log] [coop:owner] ownerOf(counter=24) seat=0 -> owner=host
[log] [coop:interaction] interactionCounter() read -> 24 (role=host)
[log] [coop:reward] advance interaction from CONTINUATION commit (role=host from=23 counter 23 -> 24)
[log] [coop:interaction] interactionCounter() read -> 24 (role=host)
[log] [coop:v2-interaction] terminal proof recorded op=1833203800481331:1:BIOME_PICK:9700023 role=host seat=0 duplicate=0 ambient=1
[log] [coop:transport] recv guest t=interaction screen=__turn__ handlers=1
[log] [coop:interaction] RECV interaction broadcast (deferred catch-up net) received=24 localBefore=24 role=host -> no defer (local >= received)
[warn] [coop:interaction] CoopInteractionTurn.mergeRemote DEFER (remote=24, counter=24, pendingRemote=24) live counter UNCHANGED (folds in at next advance if still ahead)
[log] [coop:owner] ownerOf(counter=24) seat=0 -> owner=host
[log] [coop:owner] ownerOf(counter=24) seat=0 -> owner=host
[log] [coop:interaction] interactionCounter() read -> 24 (role=host)
[log] %cStart Phase: PartyHealPhase color:green
[log] %cStart Phase: ResetStatusPhase color:green
[log] %cStart Phase: ResetStatusPhase color:green
[log] %cStart Phase: ResetStatusPhase color:green
[log] %cStart Phase: ResetStatusPhase color:green
[log] %cStart Phase: ResetStatusPhase color:green
[log] %cStart Phase: ResetStatusPhase color:green
[log] %cStart Phase: SwitchBiomePhase color:green
[log] %cStart Phase: NewBattlePhase color:green
[log] [coop:turn] host recorder: begin deferred transition turn=1 scope=1833203800481331:21
[log] [coop:v2-control] NewBattlePhase installed committed host biome encounter wave=20->21
[log] %cStart Phase: ReturnPhase color:green
[log] [coop:turn] host recorder: preserve recording scope=1833203800481331:21 turn=1 events=0 seq=0
[log] %cStart Phase: ReturnPhase color:green
[log] [coop:turn] host recorder: preserve recording scope=1833203800481331:21 turn=1 events=0 seq=0
[log] %cStart Phase: ShowTrainerPhase color:green
[log] %cStart Phase: NewBiomeEncounterPhase color:green
[log] [coop:turn] host recorder: append turn=1 seq=0 k=weather total=1 live=true
[log] [coop:turn] host recorder: append turn=1 seq=1 k=message total=2 live=true
[log] [coop:turn] host recorder: append turn=1 seq=2 k=terrain total=3 live=true
[log] [coop:turn] host recorder: append turn=1 seq=3 k=message total=4 live=true
[log] [coop:interaction] interactionCounter() read -> 24 (role=host)
[log] [coop:replay] host SEND enemyPartySync wave=21 count=2 meType=-1 battleType=0 entryPresentation=-
[log] [coop:transport] send host t=enemyPartySync wave=21 enemies=2 battleType=0
[log] [coop:turn] host recorder: preserve recording scope=1833203800481331:21 turn=1 events=4 seq=4
[log] %cStart Phase: CommonAnimPhase color:green
[log] %cStart Phase: MessagePhase color:green
[log] %cStart Phase: CommonAnimPhase color:green
[log] %cStart Phase: MessagePhase color:green
[log] %cStart Phase: LevelCapPhase color:green
[log] %cStart Phase: SummonPhase color:green
[log] [coop:turn] host recorder: preserve recording scope=1833203800481331:21 turn=1 events=4 seq=4
[log] %cStart Phase: ToggleDoublePositionPhase color:green
[log] %cStart Phase: SummonPhase color:green
[log] [coop:turn] host recorder: preserve recording scope=1833203800481331:21 turn=1 events=4 seq=4
[log] %cStart Phase: CheckSwitchPhase color:green
[log] %cStart Phase: CheckSwitchPhase color:green
[log] %cStart Phase: InitEncounterPhase color:green
[log] [coop:turn] host recorder: preserve recording scope=1833203800481331:21 turn=1 events=4 seq=4
[log] %cStart Phase: PostSummonPhase color:green
[log] %cStart Phase: PostSummonPhase color:green
[log] %cStart Phase: PostSummonPhase color:green
[log] %cStart Phase: PostSummonPhase color:green
[log] %cStart Phase: PostSummonPhase color:green
[log] %cStart Phase: TurnInitPhase color:green
[log] [coop:replay] host SEND enemyPartySync wave=21 count=2 meType=-1 battleType=0 entryPresentation=4
[log] [coop:transport] send host t=enemyPartySync wave=21 enemies=2 battleType=0
[log] [coop:replay] host RE-BROADCAST wave-start authority wave=21 after post-summon boundary stateChanged=true presentation=4 (#920)
[log] [coop:rendezvous] next-command barrier ARRIVE+AWAIT cmd:21:1 slot=0
[log] [coop:rendezvous] ARRIVE point=cmd:21:1 (send) role=host
[log] [coop:transport] send host t=rendezvous point=cmd:21:1
[log] [coop:rendezvous] AWAIT point=cmd:21:1 timeoutMs=2000 -> network-wait role=host
[log] [coop:transport] recv guest t=enemyPartySync wave=21 enemies=2 battleType=0 handlers=1
[log] [coop:transport] recv guest t=rendezvous point=cmd:21:1 handlers=1
[log] [coop:rendezvous] RECV arrival point=cmd:21:1 -> deliver-to-waiter role=host
[log] [coop:transport] send host t=rendezvous point=cmd:21:1
[log] [coop:rendezvous] AWAIT point=cmd:21:1 RESOLVE both-arrived role=host
[log] [coop:durability] host RELEASE contiguous acknowledged authority cls=op:global seq=47
[log] [coop:durability] host RELEASE contiguous acknowledged authority cls=op:global seq=48
[log] [coop:durability] host RELEASE contiguous acknowledged authority cls=op:global seq=49
[log] [coop:transport] recv guest t=rendezvous point=cmd:21:1 handlers=1
[log] [coop:transport] send host t=enemyPartySync wave=21 enemies=2 battleType=0
[log] [coop:replay] host RE-BROADCAST wave-start authority wave=21 after post-summon boundary stateChanged=false presentation=4 (#920)
[log] [coop:transport] recv guest t=enemyPartySync wave=21 enemies=2 battleType=0 handlers=1
[log] [coop:interaction] interactionCounter() read -> 24 (role=host)
[log] [coop:checksum] capture digest=75914686b00840d0 field=4 biome=3 seed=coop-soak-20260924 weather=2 terrain=3 money=1660 party=[143,445,149,94,376,248] partyLevels=[65,65,65,65,65,65] arenaTags=0 modifiers=5 heldItemsDigest=1 pokeballs=[0:40,1:0,2:0,3:0,4:0] mons=[bi0:sp143/hp303-303/st0/ab12/form0/tera0:0/boss0:0 bi1:sp445/hp235-235/st0/ab8/form0/tera0:15/boss0:0 bi2:sp665/hp40-40/st0/ab218/form0/tera0:6/boss0:0 bi3:sp46/hp38-38/st0/ab5135/form0/tera0:11/boss0:0]
[log] [coop:interaction] interactionCounter() read -> 24 (role=host)
[log] %cStart Phase: SelectTargetPhase color:green
[log] [coop:owner] broadcast own-slot fi=0 turn=1 role=host cmd=0
[log] [coop:relay] broadcastLocalCommand SEND fieldIndex=0 owner=host turn=1 command=0 cursor=2 moveId=53 targets=[2]
[log] [coop:transport] send host t=command fi=0 owner=host turn=1 cmd=0 cursor=2 move=53
[log] [coop:transport] recv guest t=command fi=0 owner=host turn=1 cmd=0 cursor=2 move=53 handlers=1
[log] [coop:relay] recv command fieldIndex=0 turn=1 command=0 -> BUFFERED (no awaiter yet)
[log] %cStart Phase: CommandPhase color:green
[log] [coop:transport] send host t=enemyPartySync wave=21 enemies=2 battleType=0
[log] [coop:replay] host RE-BROADCAST wave-start authority wave=21 after post-summon boundary stateChanged=false presentation=4 (#920)
[log] [coop:battle] CommandPhase slot=1 turn=1 owner=guest role=host -> partner path
[log] [coop:relay] host requestPartnerCommand SEND fieldIndex=1 turn=1 moveSlots=[0,1,2,3] (awaiting peer)
[log] [coop:transport] send host t=commandRequest fi=1 owner=guest turn=1 slots=4
[log] [coop:transport] recv guest t=enemyPartySync wave=21 enemies=2 battleType=0 handlers=1
[log] [coop:transport] recv guest t=commandRequest fi=1 owner=guest turn=1 slots=4 handlers=1
[log] [coop:relay] peer recv commandRequest fieldIndex=1 owner=guest turn=1 moveSlots=[0,1,2,3] -> reply command=0 cursor=1 moveId=247
[log] [coop:transport] send guest t=command fi=1 owner=guest turn=1 cmd=0 cursor=1 move=247
[log] [coop:transport] recv host t=command fi=1 owner=guest turn=1 cmd=0 cursor=1 move=247 handlers=1
[log] [coop:relay] recv command fieldIndex=1 turn=1 command=0 -> resolved awaiting request
[log] [coop:ai] applyWiredPartnerCommand partner=445 wiredMoveId=247 cursor=1 -> moveId=247 moveIndex=1 tera=false targets=[3] targetsFrom=wire-verbatim useMode=1
[log] %cStart Phase: EnemyCommandPhase color:green
[log] %cStart Phase: EnemyCommandPhase color:green
[log] %cStart Phase: TurnStartPhase color:green
[log] [coop-diag] turn-start authoritative guard mode=authoritative role=host turn=1 diverts=false
[log] [coop:turn] host recorder: preserve recording scope=1833203800481331:21 turn=1 events=10 seq=10
[log] %cStart Phase: MovePhase color:green
[log] [coop:turn] host recorder: append turn=1 seq=10 k=moveUsed total=11 live=true
[log] %cStart Phase: MessagePhase color:green
[log] %cStart Phase: MoveEffectPhase color:green
[log] [coop:turn] host recorder: append turn=1 seq=11 k=moveAnim total=12 live=true
[log] [coop:turn] host recorder: append turn=1 seq=12 k=hp total=13 live=true
[log] [coop:turn] host recorder: append turn=1 seq=13 k=faint total=14 live=true
[log] %cStart Phase: DamageAnimPhase color:green
[log] %cStart Phase: FaintPhase color:green
[log] %cStart Phase: MessagePhase color:green
[log] %cStart Phase: VictoryPhase color:green
[log] [coop:progression] HOST applyPartyExp COMPUTE wave=21 expValue=149.2 koMon=Paras
[log] %cStart Phase: MoveEndPhase color:green
[log] %cStart Phase: MovePhase color:green
[log] [coop:turn] host recorder: append turn=1 seq=14 k=moveUsed total=15 live=true
[log] %cStart Phase: MessagePhase color:green
[log] %cStart Phase: MoveEffectPhase color:green
[log] [coop:turn] host recorder: append turn=1 seq=15 k=moveAnim total=16 live=true
[log] [coop:turn] host recorder: append turn=1 seq=16 k=hp total=17 live=true
[log] [coop:turn] host recorder: append turn=1 seq=17 k=faint total=18 live=true
[log] [coop:turn] host recorder: append turn=1 seq=18 k=message total=19 live=true
[log] %cStart Phase: DamageAnimPhase color:green
[log] %cStart Phase: MessagePhase color:green
[log] %cStart Phase: FaintPhase color:green
[log] %cStart Phase: MessagePhase color:green
[log] %cStart Phase: VictoryPhase color:green
[log] [coop:progression] HOST applyPartyExp COMPUTE wave=21 expValue=211 koMon=Spewpa
[warn] [coop:v2-shadow] FAULT tap(WAVE_ADVANCE): AuthorityLog.commit: WAVE_ADVANCE is not authorized by predecessor control after WSHADOW/ADV/w1
[log] [coop:runtime] defer raw waveResolved wave=21 outcome=win until its material turnResolution is retained
[log] [coop-diag] VictoryPhase win-branch role=host battleType=WILD queuesTrainerVictory=false queuesSelectModifier=true wave=21
[log] [coop-diag] VictoryTail role=host wave=21 source=legacy-local trainer=false egg=true biomeShop=false biomeChange=false crossroads=false nextWave=22
[log] %cStart Phase: MoveEndPhase color:green
[log] %cStart Phase: MovePhase color:green
[log] %cStart Phase: MoveEndPhase color:green
[log] %cStart Phase: MovePhase color:green
[log] %cStart Phase: MoveEndPhase color:green
[log] %cStart Phase: CheckInterludePhase color:green
[log] %cStart Phase: WeatherEffectPhase color:green
[log] %cStart Phase: PositionalTagPhase color:green
[log] %cStart Phase: BerryPhase color:green
[log] %cStart Phase: CheckStatusEffectPhase color:green
[log] %cStart Phase: TurnEndPhase color:green
[log] %cStart Phase: PokemonHealPhase color:green
[log] [coop:turn] host recorder: append turn=1 seq=19 k=message total=20 live=true
[log] %cStart Phase: MessagePhase color:green
[log] %cStart Phase: PokemonHealPhase color:green
[log] [coop:turn] host recorder: append turn=1 seq=20 k=message total=21 live=true
[log] %cStart Phase: MessagePhase color:green
[log] %cStart Phase: CoopTurnCommitPhase color:green
[log] [coop:turn] host recorder: finalize turn=1 events=21 seq=21
[log] [coop:checkpoint] build field=4 weather=2/0 terrain=3/0 arenaTags=0 money=1660 mons=[bi0:sp143/hp303-303/st0/fnt0 bi1:sp445/hp235-235/st0/fnt0 bi2:sp665/hp0-40/st7/fnt1 bi3:sp46/hp0-38/st7/fnt1]
[log] [coop:checkpoint] host capture field=4 weather=2 terrain=3 money=1660 arenaTags=0 mons=[bi0:sp143/hp303-303/st0/fnt0 bi1:sp445/hp235-235/st0/fnt0 bi2:sp665/hp0-40/st7/fnt1 bi3:sp46/hp0-38/st7/fnt1]
[log] [coop:interaction] interactionCounter() read -> 24 (role=host)
[log] [coop:replay] host SEND turnResolution e=1833203800481331 wave=21 turn=1 rev=212 events=21 checksum=7981496a2a9f6d66
[log] [coop:transport] send host t=turnResolution e=1833203800481331 wave=21 turn=1 rev=212 events=21 checksum=7981496a2a9f6d66
[warn] [coop:v2-shadow] FAULT tap(TURN_COMMIT): AuthorityLog.commit: TURN_COMMIT is not authorized by predecessor control after WSHADOW/ADV/w1
[log] [coop:runtime] send waveResolved wave=21 outcome=win (host)
[log] [coop:replay] host SEND waveResolved wave=21 outcome=win transition=WAVE_VICTORY/next22/biome0/egg1/wild
[log] [coop:transport] send host t=waveResolved wave=21 outcome=win captureParty=- cap=-
[log] [coop:transport] recv guest t=turnResolution e=1833203800481331 wave=21 turn=1 rev=212 events=21 checksum=7981496a2a9f6d66 handlers=1
[log] [coop:transport] recv guest t=waveResolved wave=21 outcome=win captureParty=- cap=- handlers=1
[log] [38;2;255;127;80mPhaseInterceptor.to: Stopping on completion of CoopTurnCommitPhase[39m
[log] %cStart Phase: BattleEndPhase color:green
[log] [coop:progression] HOST automatic victory settlement deferred wave=21 sourceTurn=1 settlementTurn=2
[log] %cStart Phase: EggLapsePhase color:green
[log] %cStart Phase: CoopVictorySealPhase color:green
[log] [coop:transport] send host t=envelope t=envelope
[log] [coop:runtime] wave-advance op HOST commit wave=21 outcome=win next=WAVE_VICTORY rev=50 id=1833203800481331:0:WAVE_ADVANCE:21 (Wave-2f)
[log] [coop:runtime] settled WAVE_ADVANCE committed wave=21 tick=213 next=WAVE_VICTORY/wave22
[log] [coop:runtime] send waveEndState wave=21 tick=213 (host)
[log] [coop:replay] host SEND waveEndState wave=21 tick=213 party=6
[log] [coop:transport] send host t=waveEndState t=waveEndState
[log] [coop:progression] HOST automatic victory settlement sealed wave=21 sourceTurn=1 settlementTurn=2 tick=213
[log] [coop:transport] recv guest t=envelope t=envelope handlers=1
[log] [coop:transport] recv guest t=waveEndState t=waveEndState handlers=1
[log] [coop:interaction] interactionCounter() read -> 24 (role=host)
[log] [coop:owner] ownerOf(counter=24) seat=0 -> owner=host
[log] [coop:owner] isLocalOwnerAtCounter(pinnedCounter=24) parity=0 owner=host role=host -> true
[log] [coop:interaction] interactionCounter() read -> 24 (role=host)
[log] [coop:reward] owner/watcher decision: pinnedStart=24 liveCounter=24 parity=0 role=host pick=OWNER option=ROLL spoof=false
[log] [coop:shop] serializeRewardOptions count=3 ids=[MEMORY_MUSHROOM,TM_CASE,RARE_CANDY] tiers=[1,0,0]
[log] [coop:reward] OWNER streams reward options (start=24 reroll=0 count=3 ids=[MEMORY_MUSHROOM,TM_CASE,RARE_CANDY])
[log] [coop:relay] SEND rewardOptions seq=24 reroll=0 count=3 ids=[MEMORY_MUSHROOM,TM_CASE,RARE_CANDY]
[log] [coop:transport] send host t=rewardOptions seq=24 reroll=0 options=3
[log] [coop:rendezvous] ARRIVE point=shop:21:24 (send) role=host
[log] [coop:transport] send host t=rendezvous point=shop:21:24
[log] [coop:reward] OWNER drives reward screen (start=24 role=host spoof=false adoptsOptions=false wave=21)
[log] [coop:rendezvous] shop-pick-commit barrier AWAIT shop:21:24
[log] [coop:rendezvous] AWAIT point=shop:21:24 timeoutMs=2000 -> network-wait role=host
[log] [coop:transport] recv guest t=rewardOptions seq=24 reroll=0 options=3 handlers=1
[log] [coop:transport] recv guest t=rendezvous point=shop:21:24 handlers=1
[log] [coop:interaction] interactionCounter() read -> 24 (role=host)
[log] [coop:checksum] capture digest=bff39c261fee40ae field=4 biome=3 seed=coop-soak-20260924 weather=2 terrain=3 money=1660 party=[143,445,149,94,376,248] partyLevels=[65,65,65,65,65,65] arenaTags=0 modifiers=5 heldItemsDigest=0 pokeballs=[0:40,1:0,2:0,3:0,4:0] mons=[bi0:sp143/hp303-303/st0/ab12/form0/tera0:0/boss0:0 bi1:sp445/hp235-235/st0/ab8/form0/tera0:15/boss0:0 bi2:sp665/hp0-40/st7/ab218/form0/tera0:6/boss0:0 bi3:sp46/hp0-38/st7/ab5135/form0/tera0:11/boss0:0]
[log] [coop:durability] operation delivery RETRY key=op:global:50:1833203800481331:21:2:1833203800481331:0:WAVE_ADVANCE:21 attempt=1/8
[log] [coop:transport] send host t=envelope t=envelope
[log] [coop:rendezvous] RECV arrival point=shop:21:24 -> deliver-to-waiter role=host
[log] [coop:transport] send host t=rendezvous point=shop:21:24
[log] [coop:rendezvous] AWAIT point=shop:21:24 RESOLVE both-arrived role=host
[log] [coop:stream] host ACCEPT turn ACK stage=continuationReady key=1833203800481331:21:1:212
[log] [coop:stream] host RELEASE retained turn after continuationReady key=1833203800481331:21:1:212
[log] [coop:durability] host RELEASE contiguous acknowledged authority cls=op:global seq=50
[warn] [coop:durability] DROP skipped/regressed operation ACK key=op:global:50:1833203800481331:21:2:1833203800481331:0:WAVE_ADVANCE:21 stage=materialApplied
[warn] [coop:durability] DROP skipped/regressed operation ACK key=op:global:50:1833203800481331:21:2:1833203800481331:0:WAVE_ADVANCE:21 stage=presentationReady
[log] [coop:transport] recv guest t=rendezvous point=shop:21:24 handlers=1
[log] [coop:interaction] mirror begin role=owner mirrorSeq=1536 interactionStart=24 reroll=0
[log] [coop:interaction] uiMirror beginSession role=owner mode=6 seq=1536 early=0
[log] [coop:owner] ownerOf(counter=24) seat=0 -> owner=host
[log] [coop:owner] isLocalOwnerAtCounter(pinnedCounter=24) parity=0 owner=host role=host -> true
[log] [coop:relay] OWNER prepare seq=24 kind=skip choice=-1 data=[] role=host
[log] [coop:reward] reward op INTENT prepared label=skip id=1833203800481331:0:REWARD:2400000
[log] [coop:shop] serializeRewardOptions count=3 ids=[MEMORY_MUSHROOM,TM_CASE,RARE_CANDY] tiers=[1,0,0]
[log] [coop:transport] send host t=envelope t=envelope
[log] [coop:reward] reward authoritative RESULT retained rev=51 tick=214 id=1833203800481331:0:REWARD:2400000
[log] [coop:reward] OWNER retained terminal before continuation seq=24 id=1833203800481331:0:REWARD:2400000
[log] [coop:transport] recv guest t=envelope t=envelope handlers=1
[log] [coop:interaction] RECV interaction broadcast (deferred catch-up net) received=25 localBefore=24 role=host -> WILL DEFER to 25 (folds in at next advance if still ahead)
[warn] [coop:interaction] CoopInteractionTurn.mergeRemote DEFER (remote=25, counter=24, pendingRemote=25) live counter UNCHANGED (folds in at next advance if still ahead)
[log] [coop:owner] ownerOf(counter=24) seat=0 -> owner=host
[log] [coop:owner] ownerOf(counter=24) seat=0 -> owner=host
[log] [coop:reward] OWNER peer material applied; release terminal engine barrier seq=24 id=1833203800481331:0:REWARD:2400000
[log] [coop:interaction] interactionCounter() read -> 24 (role=host)
[log] [coop:interaction] CoopInteractionTurn.advance INCREMENT (fromCounter=24) counter 24 -> 25
[log] [coop:interaction] advanceInteraction ADVANCED+BROADCAST (fromCounter=24) counter 24 -> 25 role=host; send interaction screen=__turn__ choice=25
[log] [coop:interaction] SEND counter snapshot reason=advance choice=25 role=host
[log] [coop:transport] send host t=interaction screen=__turn__
[log] [coop:owner] ownerOf(counter=25) seat=1 -> owner=guest
[log] [coop:owner] ownerOf(counter=25) seat=1 -> owner=guest
[log] [coop:interaction] interactionCounter() read -> 25 (role=host)
[log] [coop:reward] advance interaction (role=host from=24 counter 24 -> 25)
[log] [coop:transport] recv guest t=interaction screen=__turn__ handlers=1
[log] %cStart Phase: NewBattlePhase color:green
[log] [coop:turn] host recorder: begin deferred transition turn=1 scope=1833203800481331:22
[log] %cStart Phase: CoopPartnerSyncPhase color:green
[log] [coop:interaction] interactionCounter() read -> 25 (role=host)
[log] %cStart Phase: NextEncounterPhase color:green
[log] [coop:interaction] interactionCounter() read -> 25 (role=host)
[log] [coop:replay] host SEND enemyPartySync wave=22 count=2 meType=-1 battleType=0 entryPresentation=-
[log] [coop:transport] send host t=enemyPartySync wave=22 enemies=2 battleType=0
[log] [coop:turn] host recorder: preserve recording scope=1833203800481331:22 turn=1 events=0 seq=0
[log] [coop:transport] recv guest t=enemyPartySync wave=22 enemies=2 battleType=0 handlers=1
[log] %cStart Phase: ToggleDoublePositionPhase color:green
[log] %cStart Phase: CheckSwitchPhase color:green
[log] %cStart Phase: CheckSwitchPhase color:green
[log] %cStart Phase: InitEncounterPhase color:green
[log] [coop:turn] host recorder: preserve recording scope=1833203800481331:22 turn=1 events=0 seq=0
[log] %cStart Phase: PostSummonPhase color:green
[log] %cStart Phase: PostSummonPhase color:green
[log] %cStart Phase: TurnInitPhase color:green
[log] [coop:replay] host SEND enemyPartySync wave=22 count=2 meType=-1 battleType=0 entryPresentation=0
[log] [coop:transport] send host t=enemyPartySync wave=22 enemies=2 battleType=0
[log] [coop:replay] host RE-BROADCAST wave-start authority wave=22 after post-summon boundary stateChanged=false presentation=0 (#920)
[log] [coop:rendezvous] next-command barrier ARRIVE+AWAIT cmd:22:1 slot=0
[log] [coop:rendezvous] ARRIVE point=cmd:22:1 (send) role=host
[log] [coop:transport] send host t=rendezvous point=cmd:22:1
[log] [coop:rendezvous] AWAIT point=cmd:22:1 timeoutMs=2000 -> network-wait role=host
[log] [coop:transport] recv guest t=enemyPartySync wave=22 enemies=2 battleType=0 handlers=1
[log] [coop:transport] recv guest t=rendezvous point=cmd:22:1 handlers=1
[log] [coop:rendezvous] RECV arrival point=cmd:22:1 -> deliver-to-waiter role=host
[log] [coop:transport] send host t=rendezvous point=cmd:22:1
[log] [coop:rendezvous] AWAIT point=cmd:22:1 RESOLVE both-arrived role=host
[log] [coop:durability] host RELEASE contiguous acknowledged authority cls=op:global seq=51
[log] [coop:transport] recv guest t=rendezvous point=cmd:22:1 handlers=1
[log] [coop:transport] send host t=enemyPartySync wave=22 enemies=2 battleType=0
[log] [coop:replay] host RE-BROADCAST wave-start authority wave=22 after post-summon boundary stateChanged=false presentation=0 (#920)
[log] [coop:transport] recv guest t=enemyPartySync wave=22 enemies=2 battleType=0 handlers=1
[log] [coop:interaction] interactionCounter() read -> 25 (role=host)
[log] [coop:checksum] capture digest=7c592b5f6192a348 field=4 biome=3 seed=coop-soak-20260924 weather=2 terrain=3 money=1660 party=[143,445,149,94,376,248] partyLevels=[65,65,65,65,65,65] arenaTags=0 modifiers=5 heldItemsDigest=0 pokeballs=[0:40,1:0,2:0,3:0,4:0] mons=[bi0:sp143/hp303-303/st0/ab12/form0/tera0:0/boss0:0 bi1:sp445/hp235-235/st0/ab8/form0/tera0:15/boss0:0 bi2:sp919/hp35-35/st0/ab154/form0/tera0:6/boss0:0 bi3:sp32/hp41-41/st0/ab55/form0/tera0:3/boss0:0]
[log] [coop:interaction] interactionCounter() read -> 25 (role=host)
[log] %cStart Phase: SelectTargetPhase color:green
[log] [coop:owner] broadcast own-slot fi=0 turn=1 role=host cmd=0
[log] [coop:relay] broadcastLocalCommand SEND fieldIndex=0 owner=host turn=1 command=0 cursor=1 moveId=247 targets=[2]
[log] [coop:transport] send host t=command fi=0 owner=host turn=1 cmd=0 cursor=1 move=247
[log] [coop:transport] recv guest t=command fi=0 owner=host turn=1 cmd=0 cursor=1 move=247 handlers=1
[log] [coop:relay] recv command fieldIndex=0 turn=1 command=0 -> BUFFERED (no awaiter yet)
[log] %cStart Phase: CommandPhase color:green
[log] [coop:transport] send host t=enemyPartySync wave=22 enemies=2 battleType=0
[log] [coop:replay] host RE-BROADCAST wave-start authority wave=22 after post-summon boundary stateChanged=false presentation=0 (#920)
[log] [coop:battle] CommandPhase slot=1 turn=1 owner=guest role=host -> partner path
[log] [coop:relay] host requestPartnerCommand SEND fieldIndex=1 turn=1 moveSlots=[0,1,2,3] (awaiting peer)
[log] [coop:transport] send host t=commandRequest fi=1 owner=guest turn=1 slots=4
[log] [coop:transport] recv guest t=enemyPartySync wave=22 enemies=2 battleType=0 handlers=1
[log] [coop:transport] recv guest t=commandRequest fi=1 owner=guest turn=1 slots=4 handlers=1
[log] [coop:relay] peer recv commandRequest fieldIndex=1 owner=guest turn=1 moveSlots=[0,1,2,3] -> reply command=2 cursor=3 moveId=-
[log] [coop:transport] send guest t=command fi=1 owner=guest turn=1 cmd=2 cursor=3 move=-
[log] [coop:transport] recv host t=command fi=1 owner=guest turn=1 cmd=2 cursor=3 move=- handlers=1
[log] [coop:relay] recv command fieldIndex=1 turn=1 command=2 -> resolved awaiting request
[log] %cStart Phase: EnemyCommandPhase color:green
[log] %cStart Phase: EnemyCommandPhase color:green
[log] %cStart Phase: TurnStartPhase color:green
[log] [coop-diag] turn-start authoritative guard mode=authoritative role=host turn=1 diverts=false
[log] [coop:turn] host recorder: preserve recording scope=1833203800481331:22 turn=1 events=0 seq=0
[log] %cStart Phase: SwitchSummonPhase color:green
[log] [coop:turn] host recorder: preserve recording scope=1833203800481331:22 turn=1 events=0 seq=0
[log] [coop:turn] host recorder: append turn=1 seq=0 k=switch total=1 live=true
[log] %cStart Phase: PostSummonPhase color:green
[log] %cStart Phase: PostSummonPhase color:green
[log] %cStart Phase: ShowAbilityPhase color:green
[log] [coop:turn] host recorder: append turn=1 seq=1 k=showAbility total=2 live=true
[log] %cStart Phase: StatStageChangePhase color:green
[log] [coop:turn] host recorder: append turn=1 seq=2 k=message total=3 live=true
[log] [coop:turn] host recorder: append turn=1 seq=3 k=statStage total=4 live=true
[log] %cStart Phase: MessagePhase color:green
[log] %cStart Phase: StatStageChangePhase color:green
[log] [coop:turn] host recorder: append turn=1 seq=4 k=message total=5 live=true
[log] [coop:turn] host recorder: append turn=1 seq=5 k=statStage total=6 live=true
[log] %cStart Phase: MessagePhase color:green
[log] %cStart Phase: HideAbilityPhase color:green
[log] [coop:turn] host recorder: append turn=1 seq=6 k=hideAbility total=7 live=true
[log] %cStart Phase: MovePhase color:green
[log] [coop:turn] host recorder: append turn=1 seq=7 k=moveUsed total=8 live=true
[log] %cStart Phase: MessagePhase color:green
[log] %cStart Phase: MoveEffectPhase color:green
[log] [coop:turn] host recorder: append turn=1 seq=8 k=moveAnim total=9 live=true
[log] [coop:turn] host recorder: append turn=1 seq=9 k=hp total=10 live=true
[log] [coop:turn] host recorder: append turn=1 seq=10 k=faint total=11 live=true
[log] %cStart Phase: DamageAnimPhase color:green
[log] %cStart Phase: FaintPhase color:green
[log] %cStart Phase: MessagePhase color:green
[log] %cStart Phase: VictoryPhase color:green
[log] [coop:progression] HOST applyPartyExp COMPUTE wave=22 expValue=110.2 koMon=Nymble
[log] %cStart Phase: MoveEndPhase color:green
[log] %cStart Phase: MovePhase color:green
[log] [coop:turn] host recorder: append turn=1 seq=11 k=message total=12 live=true
[log] %cStart Phase: MessagePhase color:green
[log] %cStart Phase: MoveEndPhase color:green
[log] %cStart Phase: MovePhase color:green
[log] %cStart Phase: MoveEndPhase color:green
[log] %cStart Phase: CheckInterludePhase color:green
[log] %cStart Phase: WeatherEffectPhase color:green
[log] %cStart Phase: PositionalTagPhase color:green
[log] %cStart Phase: BerryPhase color:green
[log] %cStart Phase: CheckStatusEffectPhase color:green
[log] %cStart Phase: TurnEndPhase color:green
[log] %cStart Phase: PokemonHealPhase color:green
[log] [coop:turn] host recorder: append turn=1 seq=12 k=message total=13 live=true
[log] %cStart Phase: MessagePhase color:green
[log] %cStart Phase: PokemonHealPhase color:green
[log] [coop:turn] host recorder: append turn=1 seq=13 k=message total=14 live=true
[log] %cStart Phase: MessagePhase color:green
[log] %cStart Phase: PokemonHealPhase color:green
[log] [coop:turn] host recorder: append turn=1 seq=14 k=message total=15 live=true
[log] %cStart Phase: MessagePhase color:green
[log] %cStart Phase: CoopTurnCommitPhase color:green
[log] [coop:turn] host recorder: finalize turn=1 events=15 seq=15
[log] [coop:checkpoint] build field=4 weather=2/0 terrain=3/0 arenaTags=0 money=1660 mons=[bi0:sp143/hp303-303/st0/fnt0 bi1:sp94/hp179-179/st0/fnt0 bi2:sp919/hp0-35/st7/fnt1 bi3:sp32/hp41-41/st0/fnt0]
[log] [coop:checkpoint] host capture field=4 weather=2 terrain=3 money=1660 arenaTags=0 mons=[bi0:sp143/hp303-303/st0/fnt0 bi1:sp94/hp179-179/st0/fnt0 bi2:sp919/hp0-35/st7/fnt1 bi3:sp32/hp41-41/st0/fnt0]
[log] [coop:interaction] interactionCounter() read -> 25 (role=host)
[log] [coop:replay] host SEND turnResolution e=1833203800481331 wave=22 turn=1 rev=221 events=15 checksum=07d06d2f0b213f6a
[log] [coop:transport] send host t=turnResolution e=1833203800481331 wave=22 turn=1 rev=221 events=15 checksum=07d06d2f0b213f6a
[warn] [coop:v2-shadow] FAULT tap(TURN_COMMIT): AuthorityLog.commit: TURN_COMMIT is not authorized by predecessor control after WSHADOW/ADV/w1
[log] [coop:transport] recv guest t=turnResolution e=1833203800481331 wave=22 turn=1 rev=221 events=15 checksum=07d06d2f0b213f6a handlers=1
[log] [38;2;255;127;80mPhaseInterceptor.to: Stopping on completion of CoopTurnCommitPhase[39m
[log] %cStart Phase: TurnInitPhase color:green
[log] [coop:rendezvous] ARRIVE point=cmd:22:2 (send) role=host
[log] [coop:transport] send host t=rendezvous point=cmd:22:2
[log] [coop:rendezvous] next-command barrier cmd:22:2 SYNC pass (partner already arrived)
[log] [coop:transport] recv guest t=rendezvous point=cmd:22:2 handlers=1
[log] [coop:stream] host ACCEPT turn ACK stage=continuationReady key=1833203800481331:22:1:221
[log] [coop:stream] host RELEASE retained turn after continuationReady key=1833203800481331:22:1:221
[log] %cStart Phase: SelectTargetPhase color:green
[log] [coop:owner] broadcast own-slot fi=0 turn=2 role=host cmd=0
[log] [coop:relay] broadcastLocalCommand SEND fieldIndex=0 owner=host turn=2 command=0 cursor=1 moveId=247 targets=[3]
[log] [coop:transport] send host t=command fi=0 owner=host turn=2 cmd=0 cursor=1 move=247
[log] [coop:transport] recv guest t=command fi=0 owner=host turn=2 cmd=0 cursor=1 move=247 handlers=1
[log] [coop:relay] recv command fieldIndex=0 turn=2 command=0 -> BUFFERED (no awaiter yet)
[log] %cStart Phase: CommandPhase color:green
[log] [coop:battle] CommandPhase slot=1 turn=2 owner=guest role=host -> partner path
[log] [coop:relay] host requestPartnerCommand SEND fieldIndex=1 turn=2 moveSlots=[0,1,2,3] (awaiting peer)
[log] [coop:transport] send host t=commandRequest fi=1 owner=guest turn=2 slots=4
[log] [coop:transport] recv guest t=commandRequest fi=1 owner=guest turn=2 slots=4 handlers=1
[log] [coop:relay] peer recv commandRequest fieldIndex=1 owner=guest turn=2 moveSlots=[0,1,2,3] -> reply command=0 cursor=3 moveId=85
[log] [coop:transport] send guest t=command fi=1 owner=guest turn=2 cmd=0 cursor=3 move=85
[log] [coop:transport] recv host t=command fi=1 owner=guest turn=2 cmd=0 cursor=3 move=85 handlers=1
[log] [coop:relay] recv command fieldIndex=1 turn=2 command=0 -> resolved awaiting request
[log] [coop:ai] applyWiredPartnerCommand partner=94 wiredMoveId=85 cursor=3 -> moveId=85 moveIndex=3 tera=false targets=[3] targetsFrom=wire-verbatim useMode=1
[log] %cStart Phase: EnemyCommandPhase color:green
[log] %cStart Phase: TurnStartPhase color:green
[log] [coop-diag] turn-start authoritative guard mode=authoritative role=host turn=2 diverts=false
[log] [coop:turn] host recorder: begin turn=2 scope=1833203800481331:22 (no prior open recording)
[log] %cStart Phase: MovePhase color:green
[log] [coop:turn] host recorder: append turn=2 seq=0 k=moveUsed total=1 live=true
[log] %cStart Phase: MessagePhase color:green
[log] %cStart Phase: MoveEffectPhase color:green
[log] [coop:turn] host recorder: append turn=2 seq=1 k=moveAnim total=2 live=true
[log] [coop:turn] host recorder: append turn=2 seq=2 k=hp total=3 live=true
[log] [coop:turn] host recorder: append turn=2 seq=3 k=faint total=4 live=true
[log] %cStart Phase: DamageAnimPhase color:green
[log] %cStart Phase: FaintPhase color:green
[log] %cStart Phase: MessagePhase color:green
[log] %cStart Phase: VictoryPhase color:green
[log] [coop:progression] HOST applyPartyExp COMPUTE wave=22 expValue=155 koMon=Nidoran♂
[warn] [coop:v2-shadow] FAULT tap(WAVE_ADVANCE): AuthorityLog.commit: WAVE_ADVANCE is not authorized by predecessor control after WSHADOW/ADV/w1
[log] [coop:runtime] defer raw waveResolved wave=22 outcome=win until its material turnResolution is retained
[log] [coop-diag] VictoryPhase win-branch role=host battleType=WILD queuesTrainerVictory=false queuesSelectModifier=true wave=22
[log] [coop-diag] VictoryTail role=host wave=22 source=legacy-local trainer=false egg=true biomeShop=false biomeChange=false crossroads=false nextWave=23
[log] %cStart Phase: MoveEndPhase color:green
[log] %cStart Phase: MovePhase color:green
[log] [coop:turn] host recorder: append turn=2 seq=4 k=message total=5 live=true
[log] %cStart Phase: MessagePhase color:green
[log] %cStart Phase: MoveEndPhase color:green
[log] %cStart Phase: MovePhase color:green
[log] %cStart Phase: MoveEndPhase color:green
[log] %cStart Phase: CheckInterludePhase color:green
[log] %cStart Phase: WeatherEffectPhase color:green
[log] %cStart Phase: PositionalTagPhase color:green
[log] %cStart Phase: BerryPhase color:green
[log] %cStart Phase: CheckStatusEffectPhase color:green
[log] %cStart Phase: TurnEndPhase color:green
[log] %cStart Phase: PokemonHealPhase color:green
[log] [coop:turn] host recorder: append turn=2 seq=5 k=message total=6 live=true
[log] %cStart Phase: MessagePhase color:green
[log] %cStart Phase: PokemonHealPhase color:green
[log] [coop:turn] host recorder: append turn=2 seq=6 k=message total=7 live=true
[log] %cStart Phase: MessagePhase color:green
[log] %cStart Phase: CoopTurnCommitPhase color:green
[log] [coop:turn] host recorder: finalize turn=2 events=7 seq=7
[log] [coop:checkpoint] build field=4 weather=2/0 terrain=3/0 arenaTags=0 money=1660 mons=[bi0:sp143/hp303-303/st0/fnt0 bi1:sp94/hp179-179/st0/fnt0 bi2:sp919/hp0-35/st7/fnt1 bi3:sp32/hp0-41/st7/fnt1]
[log] [coop:checkpoint] host capture field=4 weather=2 terrain=3 money=1660 arenaTags=0 mons=[bi0:sp143/hp303-303/st0/fnt0 bi1:sp94/hp179-179/st0/fnt0 bi2:sp919/hp0-35/st7/fnt1 bi3:sp32/hp0-41/st7/fnt1]
[log] [coop:interaction] interactionCounter() read -> 25 (role=host)
[log] [coop:replay] host SEND turnResolution e=1833203800481331 wave=22 turn=2 rev=224 events=7 checksum=73cccfacadfc88c1
[log] [coop:transport] send host t=turnResolution e=1833203800481331 wave=22 turn=2 rev=224 events=7 checksum=73cccfacadfc88c1
[warn] [coop:v2-shadow] FAULT tap(TURN_COMMIT): AuthorityLog.commit: TURN_COMMIT is not authorized by predecessor control after WSHADOW/ADV/w1
[log] [coop:runtime] send waveResolved wave=22 outcome=win (host)
[log] [coop:replay] host SEND waveResolved wave=22 outcome=win transition=WAVE_VICTORY/next23/biome0/egg1/wild
[log] [coop:transport] send host t=waveResolved wave=22 outcome=win captureParty=- cap=-
[log] [coop:transport] recv guest t=turnResolution e=1833203800481331 wave=22 turn=2 rev=224 events=7 checksum=73cccfacadfc88c1 handlers=1
[log] [coop:transport] recv guest t=waveResolved wave=22 outcome=win captureParty=- cap=- handlers=1
[log] [38;2;255;127;80mPhaseInterceptor.to: Stopping on completion of CoopTurnCommitPhase[39m
[log] %cStart Phase: BattleEndPhase color:green
[log] [coop:progression] HOST automatic victory settlement deferred wave=22 sourceTurn=2 settlementTurn=3
[log] %cStart Phase: EggLapsePhase color:green
[log] %cStart Phase: CoopVictorySealPhase color:green
[log] [coop:transport] send host t=envelope t=envelope
[log] [coop:runtime] wave-advance op HOST commit wave=22 outcome=win next=WAVE_VICTORY rev=52 id=1833203800481331:0:WAVE_ADVANCE:22 (Wave-2f)
[log] [coop:runtime] settled WAVE_ADVANCE committed wave=22 tick=225 next=WAVE_VICTORY/wave23
[log] [coop:runtime] send waveEndState wave=22 tick=225 (host)
[log] [coop:replay] host SEND waveEndState wave=22 tick=225 party=6
[log] [coop:transport] send host t=waveEndState t=waveEndState
[log] [coop:progression] HOST automatic victory settlement sealed wave=22 sourceTurn=2 settlementTurn=3 tick=225
[log] [coop:transport] recv guest t=envelope t=envelope handlers=1
[log] [coop:transport] recv guest t=waveEndState t=waveEndState handlers=1
[log] [coop:interaction] interactionCounter() read -> 25 (role=host)
[log] [coop:owner] ownerOf(counter=25) seat=1 -> owner=guest
[log] [coop:owner] isLocalOwnerAtCounter(pinnedCounter=25) parity=1 owner=guest role=host -> false
[log] [coop:interaction] interactionCounter() read -> 25 (role=host)
[log] [coop:reward] owner/watcher decision: pinnedStart=25 liveCounter=25 parity=1 role=host pick=WATCHER option=ROLL spoof=false
[log] [coop:shop] serializeRewardOptions count=3 ids=[POKEBALL,DIRE_HIT,TEMP_STAT_STAGE_BOOSTER] tiers=[0,1,0]
[log] [coop:reward] OWNER streams reward options (start=25 reroll=0 count=3 ids=[POKEBALL,DIRE_HIT,TEMP_STAT_STAGE_BOOSTER])
[log] [coop:relay] SEND rewardOptions seq=25 reroll=0 count=3 ids=[POKEBALL,DIRE_HIT,TEMP_STAT_STAGE_BOOSTER]
[log] [coop:transport] send host t=rewardOptions seq=25 reroll=0 options=3
[log] [coop:rendezvous] ARRIVE point=shop:22:25 (send) role=host
[log] [coop:transport] send host t=rendezvous point=shop:22:25
[log] [coop:reward] WATCHER waits for partner's reward picks (start=25 role=host wave=22)
[log] [coop:durability] host operation continuation window REARM key=op:global:52:1833203800481331:22:3:1833203800481331:0:WAVE_ADVANCE:22 surface=sharedInput at=1833203800481331/22/3
[log] [coop:transport] recv guest t=rewardOptions seq=25 reroll=0 options=3 handlers=1
[log] [coop:transport] recv guest t=rendezvous point=shop:22:25 handlers=1
[log] [coop:interaction] mirror begin role=watcher mirrorSeq=1600 interactionStart=25 reroll=0
[log] [coop:interaction] uiMirror beginSession role=watcher mode=6 seq=1600 early=0
[log] [coop:relay] AWAIT interactionChoice seq=25 timeoutMs=1200000 expected=[reward,shop,skip,reroll,check,transfer,lock] -> network-wait
[log] [coop:durability] operation delivery RETRY key=op:global:52:1833203800481331:22:3:1833203800481331:0:WAVE_ADVANCE:22 attempt=1/8
[log] [coop:transport] send host t=envelope t=envelope
[log] [coop:interaction] interactionCounter() read -> 25 (role=host)
[log] [coop:checksum] capture digest=e7738e928d59b15c field=4 biome=3 seed=coop-soak-20260924 weather=2 terrain=3 money=1660 party=[143,94,149,445,376,248] partyLevels=[65,65,65,65,65,65] arenaTags=0 modifiers=4 heldItemsDigest=0 pokeballs=[0:40,1:0,2:0,3:0,4:0] mons=[bi0:sp143/hp303-303/st0/ab12/form0/tera0:0/boss0:0 bi1:sp94/hp179-179/st0/ab5067/form0/tera0:7/boss0:0 bi2:sp919/hp0-35/st7/ab154/form0/tera0:6/boss0:0 bi3:sp32/hp0-41/st7/ab55/form0/tera0:3/boss0:0]
[log] [coop:rendezvous] RECV arrival point=shop:22:25 -> BUFFER (no waiter yet) role=host
[log] [coop:stream] host ACCEPT turn ACK stage=continuationReady key=1833203800481331:22:2:224
[log] [coop:stream] host RELEASE retained turn after continuationReady key=1833203800481331:22:2:224
[log] [coop:durability] host RELEASE contiguous acknowledged authority cls=op:global seq=52
[log] [coop:relay] DELIVER interactionChoice seq=25 -> waiter kind=reward choice=0 data=[0]
[log] [coop:relay] AWAIT interactionChoice seq=25 RESOLVE kind=reward choice=0 data=[0]
[log] [coop:reward] WATCHER applying relayed action seq=25 act=REWARD choice=0 data=[0]
[log] [coop:owner] ownerOf(counter=25) seat=1 -> owner=guest
[log] [coop:owner] isLocalOwnerAtCounter(pinnedCounter=25) parity=1 owner=guest role=host -> false
[log] [coop:reward] APPLY_RESULT pin=25 side=watcher type=POKEBALL class=AddPokeballModifier pregen=[] holderSlot=-1 holderId=-1 stack=-1 accepted=true cost=-1
[log] [coop:shop] serializeRewardOptions count=3 ids=[POKEBALL,DIRE_HIT,TEMP_STAT_STAGE_BOOSTER] tiers=[0,1,0]
[log] [coop:transport] send host t=envelope t=envelope
[log] [coop:reward] reward authoritative RESULT retained rev=53 tick=226 id=1833203800481331:1:REWARD:2500000
[log] [coop:interaction] interactionCounter() read -> 25 (role=host)
[log] [coop:interaction] CoopInteractionTurn.advance INCREMENT (fromCounter=25) counter 25 -> 26
[log] [coop:interaction] advanceInteraction ADVANCED+BROADCAST (fromCounter=25) counter 25 -> 26 role=host; send interaction screen=__turn__ choice=26
[log] [coop:interaction] SEND counter snapshot reason=advance choice=26 role=host
[log] [coop:transport] send host t=interaction screen=__turn__
[log] [coop:owner] ownerOf(counter=26) seat=0 -> owner=host
[log] [coop:owner] ownerOf(counter=26) seat=0 -> owner=host
[log] [coop:interaction] interactionCounter() read -> 26 (role=host)
[log] [coop:reward] advance interaction (role=host from=25 counter 25 -> 26)
[log] [coop:transport] recv guest t=envelope t=envelope handlers=1
[log] [coop:transport] recv guest t=interaction screen=__turn__ handlers=1
[log] [coop:interaction] interactionCounter() read -> 26 (role=host)
[log] [coop:interaction] interactionCounter() read -> 26 (role=host)
[log] [coop:interaction] RECV interaction broadcast (deferred catch-up net) received=26 localBefore=26 role=host -> no defer (local >= received)
[warn] [coop:interaction] CoopInteractionTurn.mergeRemote DEFER (remote=26, counter=26, pendingRemote=26) live counter UNCHANGED (folds in at next advance if still ahead)
[log] [coop:owner] ownerOf(counter=26) seat=0 -> owner=host
[log] [coop:owner] ownerOf(counter=26) seat=0 -> owner=host
[log] %cStart Phase: NewBattlePhase color:green
[log] [coop:turn] host recorder: begin deferred transition turn=1 scope=1833203800481331:23
[log] %cStart Phase: CoopPartnerSyncPhase color:green
[log] [coop:interaction] interactionCounter() read -> 26 (role=host)
[log] %cStart Phase: NextEncounterPhase color:green
[log] [coop:interaction] interactionCounter() read -> 26 (role=host)
[log] [coop:replay] host SEND enemyPartySync wave=23 count=2 meType=-1 battleType=0 entryPresentation=-
[log] [coop:transport] send host t=enemyPartySync wave=23 enemies=2 battleType=0
[log] [coop:turn] host recorder: preserve recording scope=1833203800481331:23 turn=1 events=0 seq=0
[log] [coop:transport] recv guest t=enemyPartySync wave=23 enemies=2 battleType=0 handlers=1
[log] %cStart Phase: ToggleDoublePositionPhase color:green
[log] %cStart Phase: CheckSwitchPhase color:green
[log] %cStart Phase: CheckSwitchPhase color:green
[log] %cStart Phase: InitEncounterPhase color:green
[log] [coop:turn] host recorder: preserve recording scope=1833203800481331:23 turn=1 events=0 seq=0
[log] %cStart Phase: PostSummonPhase color:green
[log] %cStart Phase: PostSummonPhase color:green
[log] %cStart Phase: ShowAbilityPhase color:green
[log] [coop:turn] host recorder: append turn=1 seq=0 k=showAbility total=1 live=true
[log] %cStart Phase: MovePhase color:green
[log] [coop:turn] host recorder: append turn=1 seq=1 k=moveUsed total=2 live=true
[log] %cStart Phase: MessagePhase color:green
[log] %cStart Phase: MoveEffectPhase color:green
[log] [coop:turn] host recorder: append turn=1 seq=2 k=moveAnim total=3 live=true
[log] [coop:turn] host recorder: append turn=1 seq=3 k=message total=4 live=true
[log] %cStart Phase: PokemonHealPhase color:green
[log] [coop:turn] host recorder: append turn=1 seq=4 k=message total=5 live=true
[log] %cStart Phase: MessagePhase color:green
[log] %cStart Phase: ResetStatusPhase color:green
[log] %cStart Phase: ResetStatusPhase color:green
[log] %cStart Phase: MessagePhase color:green
[log] %cStart Phase: MoveEndPhase color:green
[log] %cStart Phase: HideAbilityPhase color:green
[log] [coop:turn] host recorder: append turn=1 seq=5 k=hideAbility total=6 live=true
[log] %cStart Phase: PostSummonPhase color:green
[log] %cStart Phase: TurnInitPhase color:green
[log] [coop:replay] host SEND enemyPartySync wave=23 count=2 meType=-1 battleType=0 entryPresentation=6
[log] [coop:transport] send host t=enemyPartySync wave=23 enemies=2 battleType=0
[log] [coop:replay] host RE-BROADCAST wave-start authority wave=23 after post-summon boundary stateChanged=true presentation=6 (#920)
[log] [coop:rendezvous] next-command barrier ARRIVE+AWAIT cmd:23:1 slot=0
[log] [coop:rendezvous] ARRIVE point=cmd:23:1 (send) role=host
[log] [coop:transport] send host t=rendezvous point=cmd:23:1
[log] [coop:rendezvous] AWAIT point=cmd:23:1 timeoutMs=2000 -> network-wait role=host
[log] [coop:transport] recv guest t=enemyPartySync wave=23 enemies=2 battleType=0 handlers=1
[log] [coop:transport] recv guest t=rendezvous point=cmd:23:1 handlers=1
[log] [coop:rendezvous] RECV arrival point=cmd:23:1 -> deliver-to-waiter role=host
[log] [coop:transport] send host t=rendezvous point=cmd:23:1
[log] [coop:rendezvous] AWAIT point=cmd:23:1 RESOLVE both-arrived role=host
[log] [coop:durability] host RELEASE contiguous acknowledged authority cls=op:global seq=53
[log] [coop:transport] recv guest t=rendezvous point=cmd:23:1 handlers=1
[log] [coop:transport] send host t=enemyPartySync wave=23 enemies=2 battleType=0
[log] [coop:replay] host RE-BROADCAST wave-start authority wave=23 after post-summon boundary stateChanged=false presentation=6 (#920)
[log] [coop:transport] recv guest t=enemyPartySync wave=23 enemies=2 battleType=0 handlers=1
[log] [coop:interaction] interactionCounter() read -> 26 (role=host)
[log] [coop:checksum] capture digest=fae4132da27fe91d field=4 biome=3 seed=coop-soak-20260924 weather=2 terrain=3 money=1660 party=[143,94,149,445,376,248] partyLevels=[65,65,65,65,65,65] arenaTags=0 modifiers=4 heldItemsDigest=0 pokeballs=[0:45,1:0,2:0,3:0,4:0] mons=[bi0:sp143/hp303-303/st0/ab12/form0/tera0:0/boss0:0 bi1:sp94/hp179-179/st0/ab5067/form0/tera0:7/boss0:0 bi2:sp753/hp41-41/st0/ab5171/form0/tera0:11/boss0:0 bi3:sp665/hp43-43/st0/ab218/form0/tera0:6/boss0:0]
[log] [coop:interaction] interactionCounter() read -> 26 (role=host)
[log] %cStart Phase: SelectTargetPhase color:green
[log] [coop:owner] broadcast own-slot fi=0 turn=1 role=host cmd=0
[log] [coop:relay] broadcastLocalCommand SEND fieldIndex=0 owner=host turn=1 command=0 cursor=3 moveId=85 targets=[2]
[log] [coop:transport] send host t=command fi=0 owner=host turn=1 cmd=0 cursor=3 move=85
[log] [coop:transport] recv guest t=command fi=0 owner=host turn=1 cmd=0 cursor=3 move=85 handlers=1
[log] [coop:relay] recv command fieldIndex=0 turn=1 command=0 -> BUFFERED (no awaiter yet)
[log] %cStart Phase: CommandPhase color:green
[log] [coop:transport] send host t=enemyPartySync wave=23 enemies=2 battleType=0
[log] [coop:replay] host RE-BROADCAST wave-start authority wave=23 after post-summon boundary stateChanged=false presentation=6 (#920)
[log] [coop:battle] CommandPhase slot=1 turn=1 owner=guest role=host -> partner path
[log] [coop:relay] host requestPartnerCommand SEND fieldIndex=1 turn=1 moveSlots=[0,1,2,3] (awaiting peer)
[log] [coop:transport] send host t=commandRequest fi=1 owner=guest turn=1 slots=4
[log] [coop:transport] recv guest t=enemyPartySync wave=23 enemies=2 battleType=0 handlers=1
[log] [coop:transport] recv guest t=commandRequest fi=1 owner=guest turn=1 slots=4 handlers=1
[log] [coop:relay] peer recv commandRequest fieldIndex=1 owner=guest turn=1 moveSlots=[0,1,2,3] -> reply command=0 cursor=1 moveId=247
[log] [coop:transport] send guest t=command fi=1 owner=guest turn=1 cmd=0 cursor=1 move=247
[log] [coop:transport] recv host t=command fi=1 owner=guest turn=1 cmd=0 cursor=1 move=247 handlers=1
[log] [coop:relay] recv command fieldIndex=1 turn=1 command=0 -> resolved awaiting request
[log] [coop:ai] applyWiredPartnerCommand partner=94 wiredMoveId=247 cursor=1 -> moveId=247 moveIndex=1 tera=false targets=[3] targetsFrom=wire-verbatim useMode=1
[log] %cStart Phase: EnemyCommandPhase color:green
[log] %cStart Phase: EnemyCommandPhase color:green
[log] %cStart Phase: TurnStartPhase color:green
[log] [coop-diag] turn-start authoritative guard mode=authoritative role=host turn=1 diverts=false
[log] [coop:turn] host recorder: preserve recording scope=1833203800481331:23 turn=1 events=9 seq=9
[log] %cStart Phase: MovePhase color:green
[log] [coop:turn] host recorder: append turn=1 seq=9 k=moveUsed total=10 live=true
[log] %cStart Phase: MessagePhase color:green
[log] %cStart Phase: MoveEffectPhase color:green
[log] [coop:turn] host recorder: append turn=1 seq=10 k=moveAnim total=11 live=true
[log] [coop:turn] host recorder: append turn=1 seq=11 k=hp total=12 live=true
[log] [coop:turn] host recorder: append turn=1 seq=12 k=faint total=13 live=true
[log] %cStart Phase: DamageAnimPhase color:green
[log] %cStart Phase: FaintPhase color:green
[log] %cStart Phase: MessagePhase color:green
[log] %cStart Phase: VictoryPhase color:green
[log] [coop:progression] HOST applyPartyExp COMPUTE wave=23 expValue=226 koMon=Spewpa
[log] %cStart Phase: MoveEndPhase color:green
[log] %cStart Phase: MovePhase color:green
[log] [coop:turn] host recorder: append turn=1 seq=13 k=moveUsed total=14 live=true
[log] %cStart Phase: MessagePhase color:green
[log] %cStart Phase: MoveEffectPhase color:green
[log] [coop:turn] host recorder: append turn=1 seq=14 k=moveAnim total=15 live=true
[log] [coop:turn] host recorder: append turn=1 seq=15 k=hp total=16 live=true
[log] [coop:turn] host recorder: append turn=1 seq=16 k=faint total=17 live=true
[log] [coop:turn] host recorder: append turn=1 seq=17 k=message total=18 live=true
[log] %cStart Phase: DamageAnimPhase color:green
[log] %cStart Phase: MessagePhase color:green
[log] %cStart Phase: FaintPhase color:green
[log] %cStart Phase: MessagePhase color:green
[log] %cStart Phase: VictoryPhase color:green
[log] [coop:progression] HOST applyPartyExp COMPUTE wave=23 expValue=151 koMon=Fomantis
[warn] [coop:v2-shadow] FAULT tap(WAVE_ADVANCE): AuthorityLog.commit: WAVE_ADVANCE is not authorized by predecessor control after WSHADOW/ADV/w1
[log] [coop:runtime] defer raw waveResolved wave=23 outcome=win until its material turnResolution is retained
[log] [coop-diag] VictoryPhase win-branch role=host battleType=WILD queuesTrainerVictory=false queuesSelectModifier=true wave=23
[log] [coop-diag] VictoryTail role=host wave=23 source=legacy-local trainer=false egg=true biomeShop=false biomeChange=false crossroads=false nextWave=24
[log] %cStart Phase: MoveEndPhase color:green
[log] %cStart Phase: MovePhase color:green
[log] %cStart Phase: MoveEndPhase color:green
[log] %cStart Phase: MovePhase color:green
[log] %cStart Phase: MoveEndPhase color:green
[log] %cStart Phase: CheckInterludePhase color:green
[log] %cStart Phase: WeatherEffectPhase color:green
[log] %cStart Phase: PositionalTagPhase color:green
[log] %cStart Phase: BerryPhase color:green
[log] %cStart Phase: CheckStatusEffectPhase color:green
[log] %cStart Phase: TurnEndPhase color:green
[log] %cStart Phase: PokemonHealPhase color:green
[log] [coop:turn] host recorder: append turn=1 seq=18 k=message total=19 live=true
[log] %cStart Phase: MessagePhase color:green
[log] %cStart Phase: PokemonHealPhase color:green
[log] [coop:turn] host recorder: append turn=1 seq=19 k=message total=20 live=true
[log] %cStart Phase: MessagePhase color:green
[log] %cStart Phase: CoopTurnCommitPhase color:green
[log] [coop:turn] host recorder: finalize turn=1 events=20 seq=20
[log] [coop:checkpoint] build field=4 weather=2/0 terrain=3/0 arenaTags=0 money=1660 mons=[bi0:sp143/hp303-303/st0/fnt0 bi1:sp94/hp179-179/st0/fnt0 bi2:sp753/hp0-41/st7/fnt1 bi3:sp665/hp0-43/st7/fnt1]
[log] [coop:checkpoint] host capture field=4 weather=2 terrain=3 money=1660 arenaTags=0 mons=[bi0:sp143/hp303-303/st0/fnt0 bi1:sp94/hp179-179/st0/fnt0 bi2:sp753/hp0-41/st7/fnt1 bi3:sp665/hp0-43/st7/fnt1]
[log] [coop:interaction] interactionCounter() read -> 26 (role=host)
[log] [coop:replay] host SEND turnResolution e=1833203800481331 wave=23 turn=1 rev=233 events=20 checksum=3a5d7fc461a15313
[log] [coop:transport] send host t=turnResolution e=1833203800481331 wave=23 turn=1 rev=233 events=20 checksum=3a5d7fc461a15313
[warn] [coop:v2-shadow] FAULT tap(TURN_COMMIT): AuthorityLog.commit: TURN_COMMIT is not authorized by predecessor control after WSHADOW/ADV/w1
[log] [coop:runtime] send waveResolved wave=23 outcome=win (host)
[log] [coop:replay] host SEND waveResolved wave=23 outcome=win transition=WAVE_VICTORY/next24/biome0/egg1/wild
[log] [coop:transport] send host t=waveResolved wave=23 outcome=win captureParty=- cap=-
[log] [coop:transport] recv guest t=turnResolution e=1833203800481331 wave=23 turn=1 rev=233 events=20 checksum=3a5d7fc461a15313 handlers=1
[log] [coop:transport] recv guest t=waveResolved wave=23 outcome=win captureParty=- cap=- handlers=1
[log] [38;2;255;127;80mPhaseInterceptor.to: Stopping on completion of CoopTurnCommitPhase[39m
[log] %cStart Phase: BattleEndPhase color:green
[log] [coop:progression] HOST automatic victory settlement deferred wave=23 sourceTurn=1 settlementTurn=2
[log] %cStart Phase: EggLapsePhase color:green
[log] %cStart Phase: CoopVictorySealPhase color:green
[log] [coop:transport] send host t=envelope t=envelope
[log] [coop:runtime] wave-advance op HOST commit wave=23 outcome=win next=WAVE_VICTORY rev=54 id=1833203800481331:0:WAVE_ADVANCE:23 (Wave-2f)
[log] [coop:runtime] settled WAVE_ADVANCE committed wave=23 tick=234 next=WAVE_VICTORY/wave24
[log] [coop:runtime] send waveEndState wave=23 tick=234 (host)
[log] [coop:replay] host SEND waveEndState wave=23 tick=234 party=6
[log] [coop:transport] send host t=waveEndState t=waveEndState
[log] [coop:progression] HOST automatic victory settlement sealed wave=23 sourceTurn=1 settlementTurn=2 tick=234
[log] [coop:transport] recv guest t=envelope t=envelope handlers=1
[log] [coop:transport] recv guest t=waveEndState t=waveEndState handlers=1
[log] [coop:interaction] interactionCounter() read -> 26 (role=host)
[log] [coop:owner] ownerOf(counter=26) seat=0 -> owner=host
[log] [coop:owner] isLocalOwnerAtCounter(pinnedCounter=26) parity=0 owner=host role=host -> true
[log] [coop:interaction] interactionCounter() read -> 26 (role=host)
[log] [coop:reward] owner/watcher decision: pinnedStart=26 liveCounter=26 parity=0 role=host pick=OWNER option=ROLL spoof=false
[log] [coop:shop] serializeRewardOptions count=3 ids=[POKEBALL,RARE_CANDY,MEMORY_MUSHROOM] tiers=[0,0,1]
[log] [coop:reward] OWNER streams reward options (start=26 reroll=0 count=3 ids=[POKEBALL,RARE_CANDY,MEMORY_MUSHROOM])
[log] [coop:relay] SEND rewardOptions seq=26 reroll=0 count=3 ids=[POKEBALL,RARE_CANDY,MEMORY_MUSHROOM]
[log] [coop:transport] send host t=rewardOptions seq=26 reroll=0 options=3
[log] [coop:rendezvous] ARRIVE point=shop:23:26 (send) role=host
[log] [coop:transport] send host t=rendezvous point=shop:23:26
[log] [coop:reward] OWNER drives reward screen (start=26 role=host spoof=false adoptsOptions=false wave=23)
[log] [coop:rendezvous] shop-pick-commit barrier AWAIT shop:23:26
[log] [coop:rendezvous] AWAIT point=shop:23:26 timeoutMs=2000 -> network-wait role=host
[log] [coop:transport] recv guest t=rewardOptions seq=26 reroll=0 options=3 handlers=1
[log] [coop:transport] recv guest t=rendezvous point=shop:23:26 handlers=1
[log] [coop:interaction] interactionCounter() read -> 26 (role=host)
[log] [coop:checksum] capture digest=3a5d7fc461a15313 field=4 biome=3 seed=coop-soak-20260924 weather=2 terrain=3 money=1660 party=[143,94,149,445,376,248] partyLevels=[65,65,65,65,65,65] arenaTags=0 modifiers=4 heldItemsDigest=0 pokeballs=[0:45,1:0,2:0,3:0,4:0] mons=[bi0:sp143/hp303-303/st0/ab12/form0/tera0:0/boss0:0 bi1:sp94/hp179-179/st0/ab5067/form0/tera0:7/boss0:0 bi2:sp753/hp0-41/st7/ab5171/form0/tera0:11/boss0:0 bi3:sp665/hp0-43/st7/ab218/form0/tera0:6/boss0:0]
[log] [coop:durability] operation delivery RETRY key=op:global:54:1833203800481331:23:2:1833203800481331:0:WAVE_ADVANCE:23 attempt=1/8
[log] [coop:transport] send host t=envelope t=envelope
[log] [coop:rendezvous] RECV arrival point=shop:23:26 -> deliver-to-waiter role=host
[log] [coop:transport] send host t=rendezvous point=shop:23:26
[log] [coop:rendezvous] AWAIT point=shop:23:26 RESOLVE both-arrived role=host
[log] [coop:stream] host ACCEPT turn ACK stage=continuationReady key=1833203800481331:23:1:233
[log] [coop:stream] host RELEASE retained turn after continuationReady key=1833203800481331:23:1:233
[log] [coop:durability] host RELEASE contiguous acknowledged authority cls=op:global seq=54
[warn] [coop:durability] DROP skipped/regressed operation ACK key=op:global:54:1833203800481331:23:2:1833203800481331:0:WAVE_ADVANCE:23 stage=materialApplied
[warn] [coop:durability] DROP skipped/regressed operation ACK key=op:global:54:1833203800481331:23:2:1833203800481331:0:WAVE_ADVANCE:23 stage=presentationReady
[log] [coop:transport] recv guest t=rendezvous point=shop:23:26 handlers=1
[log] [coop:interaction] mirror begin role=owner mirrorSeq=1664 interactionStart=26 reroll=0
[log] [coop:interaction] uiMirror beginSession role=owner mode=6 seq=1664 early=0
[log] [coop:owner] ownerOf(counter=26) seat=0 -> owner=host
[log] [coop:owner] isLocalOwnerAtCounter(pinnedCounter=26) parity=0 owner=host role=host -> true
[log] [coop:owner] ownerOf(counter=26) seat=0 -> owner=host
[log] [coop:owner] isLocalOwnerAtCounter(pinnedCounter=26) parity=0 owner=host role=host -> true
[log] [coop:relay] OWNER prepare seq=26 kind=reward choice=0 data=[0] role=host
[log] [coop:reward] reward op INTENT prepared label=reward id=1833203800481331:0:REWARD:2600000
[log] [coop:relay] OWNER send raw seq=26 kind=reward choice=0 role=host
[log] [coop:relay] SEND interactionChoice seq=26 kind=reward kind=? choice=0 data=[0]
[log] [coop:transport] send host t=interactionChoice seq=26 kind=reward choice=0
[warn] [coop:v2-shadow] FAULT tap(INTERACTION_COMMIT): AuthorityLog.commit: INTERACTION_COMMIT is not authorized by predecessor control after WSHADOW/ADV/w1
[log] [coop:reward] APPLY_RESULT pin=26 side=owner type=POKEBALL class=AddPokeballModifier pregen=[] holderSlot=-1 holderId=-1 stack=-1 accepted=true cost=-1
[log] [coop:shop] serializeRewardOptions count=3 ids=[POKEBALL,RARE_CANDY,MEMORY_MUSHROOM] tiers=[0,0,1]
[log] [coop:transport] send host t=envelope t=envelope
[log] [coop:reward] reward authoritative RESULT retained rev=55 tick=235 id=1833203800481331:0:REWARD:2600000
[log] [coop:interaction] interactionCounter() read -> 26 (role=host)
[log] [coop:interaction] CoopInteractionTurn.advance INCREMENT (fromCounter=26) counter 26 -> 27
[log] [coop:interaction] advanceInteraction ADVANCED+BROADCAST (fromCounter=26) counter 26 -> 27 role=host; send interaction screen=__turn__ choice=27
[log] [coop:interaction] SEND counter snapshot reason=advance choice=27 role=host
[log] [coop:transport] send host t=interaction screen=__turn__
[log] [coop:owner] ownerOf(counter=27) seat=1 -> owner=guest
[log] [coop:owner] ownerOf(counter=27) seat=1 -> owner=guest
[log] [coop:interaction] interactionCounter() read -> 27 (role=host)
[log] [coop:reward] advance interaction (role=host from=26 counter 26 -> 27)
[log] [coop:transport] recv guest t=interactionChoice seq=26 kind=reward choice=0 handlers=1
[log] [coop:transport] recv guest t=envelope t=envelope handlers=1
[log] [coop:transport] recv guest t=interaction screen=__turn__ handlers=1
[log] [coop:interaction] RECV interaction broadcast (deferred catch-up net) received=27 localBefore=27 role=host -> no defer (local >= received)
[warn] [coop:interaction] CoopInteractionTurn.mergeRemote DEFER (remote=27, counter=27, pendingRemote=27) live counter UNCHANGED (folds in at next advance if still ahead)
[log] [coop:owner] ownerOf(counter=27) seat=1 -> owner=guest
[log] [coop:owner] ownerOf(counter=27) seat=1 -> owner=guest
[log] %cStart Phase: NewBattlePhase color:green
[log] [coop:turn] host recorder: begin deferred transition turn=1 scope=1833203800481331:24
[log] %cStart Phase: CoopPartnerSyncPhase color:green
[log] [coop:interaction] interactionCounter() read -> 27 (role=host)
[log] %cStart Phase: NextEncounterPhase color:green
[log] [coop:interaction] interactionCounter() read -> 27 (role=host)
[log] [coop:replay] host SEND enemyPartySync wave=24 count=2 meType=-1 battleType=0 entryPresentation=-
[log] [coop:transport] send host t=enemyPartySync wave=24 enemies=2 battleType=0
[log] [coop:turn] host recorder: preserve recording scope=1833203800481331:24 turn=1 events=0 seq=0
[log] [coop:transport] recv guest t=enemyPartySync wave=24 enemies=2 battleType=0 handlers=1
[log] %cStart Phase: ToggleDoublePositionPhase color:green
[log] %cStart Phase: CheckSwitchPhase color:green
[log] %cStart Phase: CheckSwitchPhase color:green
[log] %cStart Phase: InitEncounterPhase color:green
[log] [coop:turn] host recorder: preserve recording scope=1833203800481331:24 turn=1 events=0 seq=0
[log] %cStart Phase: PostSummonPhase color:green
[log] %cStart Phase: PostSummonPhase color:green
[log] %cStart Phase: TurnInitPhase color:green
[log] [coop:replay] host SEND enemyPartySync wave=24 count=2 meType=-1 battleType=0 entryPresentation=0
[log] [coop:transport] send host t=enemyPartySync wave=24 enemies=2 battleType=0
[log] [coop:replay] host RE-BROADCAST wave-start authority wave=24 after post-summon boundary stateChanged=false presentation=0 (#920)
[log] [coop:rendezvous] next-command barrier ARRIVE+AWAIT cmd:24:1 slot=0
[log] [coop:rendezvous] ARRIVE point=cmd:24:1 (send) role=host
[log] [coop:transport] send host t=rendezvous point=cmd:24:1
[log] [coop:rendezvous] AWAIT point=cmd:24:1 timeoutMs=2000 -> network-wait role=host
[log] [coop:transport] recv guest t=enemyPartySync wave=24 enemies=2 battleType=0 handlers=1
[log] [coop:transport] recv guest t=rendezvous point=cmd:24:1 handlers=1
[log] [coop:rendezvous] RECV arrival point=cmd:24:1 -> deliver-to-waiter role=host
[log] [coop:transport] send host t=rendezvous point=cmd:24:1
[log] [coop:rendezvous] AWAIT point=cmd:24:1 RESOLVE both-arrived role=host
[log] [coop:durability] host RELEASE contiguous acknowledged authority cls=op:global seq=55
[log] [coop:transport] recv guest t=rendezvous point=cmd:24:1 handlers=1
[log] [coop:transport] send host t=enemyPartySync wave=24 enemies=2 battleType=0
[log] [coop:replay] host RE-BROADCAST wave-start authority wave=24 after post-summon boundary stateChanged=false presentation=0 (#920)
[log] [coop:transport] recv guest t=enemyPartySync wave=24 enemies=2 battleType=0 handlers=1
[log] [coop:interaction] interactionCounter() read -> 27 (role=host)
[log] [coop:checksum] capture digest=087b95b3a966d46d field=4 biome=3 seed=coop-soak-20260924 weather=2 terrain=3 money=1660 party=[143,94,149,445,376,248] partyLevels=[65,65,65,65,65,65] arenaTags=0 modifiers=4 heldItemsDigest=0 pokeballs=[0:50,1:0,2:0,3:0,4:0] mons=[bi0:sp143/hp303-303/st0/ab12/form0/tera0:0/boss0:0 bi1:sp94/hp179-179/st0/ab5067/form0/tera0:7/boss0:0 bi2:sp665/hp45-45/st0/ab4/form0/tera0:2/boss0:0 bi3:sp30/hp53-53/st0/ab132/form0/tera0:3/boss0:0]
[log] [coop:interaction] interactionCounter() read -> 27 (role=host)
[log] [coop:relay] broadcastLocalCommand SEND fieldIndex=0 owner=host turn=1 command=2 cursor=2 moveId=- targets=[]
[log] [coop:transport] send host t=command fi=0 owner=host turn=1 cmd=2 cursor=2 move=-
[log] [coop:transport] recv guest t=command fi=0 owner=host turn=1 cmd=2 cursor=2 move=- handlers=1
[log] [coop:relay] recv command fieldIndex=0 turn=1 command=2 -> BUFFERED (no awaiter yet)
[log] %cStart Phase: CommandPhase color:green
[log] [coop:transport] send host t=enemyPartySync wave=24 enemies=2 battleType=0
[log] [coop:replay] host RE-BROADCAST wave-start authority wave=24 after post-summon boundary stateChanged=false presentation=0 (#920)
[log] [coop:battle] CommandPhase slot=1 turn=1 owner=guest role=host -> partner path
[log] [coop:relay] host requestPartnerCommand SEND fieldIndex=1 turn=1 moveSlots=[0,1,2,3] (awaiting peer)
[log] [coop:transport] send host t=commandRequest fi=1 owner=guest turn=1 slots=4
[log] [coop:transport] recv guest t=enemyPartySync wave=24 enemies=2 battleType=0 handlers=1
[log] [coop:transport] recv guest t=commandRequest fi=1 owner=guest turn=1 slots=4 handlers=1
[log] [coop:relay] peer recv commandRequest fieldIndex=1 owner=guest turn=1 moveSlots=[0,1,2,3] -> reply command=2 cursor=3 moveId=-
[log] [coop:transport] send guest t=command fi=1 owner=guest turn=1 cmd=2 cursor=3 move=-
[log] [coop:transport] recv host t=command fi=1 owner=guest turn=1 cmd=2 cursor=3 move=- handlers=1
[log] [coop:relay] recv command fieldIndex=1 turn=1 command=2 -> resolved awaiting request
[log] %cStart Phase: EnemyCommandPhase color:green
[log] %cStart Phase: EnemyCommandPhase color:green
[log] %cStart Phase: TurnStartPhase color:green
[log] [coop-diag] turn-start authoritative guard mode=authoritative role=host turn=1 diverts=false
[log] [coop:turn] host recorder: preserve recording scope=1833203800481331:24 turn=1 events=0 seq=0
[log] %cStart Phase: SwitchSummonPhase color:green
[log] [coop:turn] host recorder: preserve recording scope=1833203800481331:24 turn=1 events=0 seq=0
[log] [coop:turn] host recorder: append turn=1 seq=0 k=switch total=1 live=true
[log] %cStart Phase: PostSummonPhase color:green
[log] %cStart Phase: SwitchSummonPhase color:green
[log] [coop:turn] host recorder: preserve recording scope=1833203800481331:24 turn=1 events=1 seq=1
[log] [coop:turn] host recorder: append turn=1 seq=1 k=switch total=2 live=true
[log] %cStart Phase: PostSummonPhase color:green
[log] %cStart Phase: MovePhase color:green
[log] [coop:turn] host recorder: append turn=1 seq=2 k=moveUsed total=3 live=true
[log] %cStart Phase: MessagePhase color:green
[log] %cStart Phase: MoveEffectPhase color:green
[log] [coop:turn] host recorder: append turn=1 seq=3 k=moveAnim total=4 live=true
[log] [coop:turn] host recorder: append turn=1 seq=4 k=hp total=5 live=true
[log] %cStart Phase: DamageAnimPhase color:green
[log] %cStart Phase: MoveEndPhase color:green
[log] %cStart Phase: MovePhase color:green
[log] [coop:turn] host recorder: append turn=1 seq=5 k=moveUsed total=6 live=true
[log] %cStart Phase: MessagePhase color:green
[log] %cStart Phase: MoveEffectPhase color:green
[log] [coop:turn] host recorder: append turn=1 seq=6 k=moveAnim total=7 live=true
[log] [coop:turn] host recorder: append turn=1 seq=7 k=hp total=8 live=true
[log] %cStart Phase: DamageAnimPhase color:green
[log] %cStart Phase: MoveEndPhase color:green
[log] %cStart Phase: CheckInterludePhase color:green
[log] %cStart Phase: WeatherEffectPhase color:green
[log] %cStart Phase: PositionalTagPhase color:green
[log] %cStart Phase: BerryPhase color:green
[log] %cStart Phase: CheckStatusEffectPhase color:green
[log] %cStart Phase: TurnEndPhase color:green
[log] %cStart Phase: PokemonHealPhase color:green
[log] [coop:turn] host recorder: append turn=1 seq=8 k=hp total=9 live=true
[log] [coop:turn] host recorder: append turn=1 seq=9 k=message total=10 live=true
[log] %cStart Phase: MessagePhase color:green
[log] %cStart Phase: PokemonHealPhase color:green
[log] [coop:turn] host recorder: append turn=1 seq=10 k=message total=11 live=true
[log] %cStart Phase: MessagePhase color:green
[log] %cStart Phase: PokemonHealPhase color:green
[log] [coop:turn] host recorder: append turn=1 seq=11 k=message total=12 live=true
[log] %cStart Phase: MessagePhase color:green
[log] %cStart Phase: CoopTurnCommitPhase color:green
[log] [coop:turn] host recorder: finalize turn=1 events=12 seq=12
[log] [coop:checkpoint] build field=4 weather=2/0 terrain=3/0 arenaTags=0 money=1660 mons=[bi0:sp149/hp213-213/st0/fnt0 bi1:sp445/hp235-235/st0/fnt0 bi2:sp665/hp45-45/st0/fnt0 bi3:sp30/hp53-53/st0/fnt0]
[log] [coop:checkpoint] host capture field=4 weather=2 terrain=3 money=1660 arenaTags=0 mons=[bi0:sp149/hp213-213/st0/fnt0 bi1:sp445/hp235-235/st0/fnt0 bi2:sp665/hp45-45/st0/fnt0 bi3:sp30/hp53-53/st0/fnt0]
[log] [coop:interaction] interactionCounter() read -> 27 (role=host)
[log] [coop:replay] host SEND turnResolution e=1833203800481331 wave=24 turn=1 rev=242 events=12 checksum=e8bf13a5faadd11f
[log] [coop:transport] send host t=turnResolution e=1833203800481331 wave=24 turn=1 rev=242 events=12 checksum=e8bf13a5faadd11f
[warn] [coop:v2-shadow] FAULT tap(TURN_COMMIT): AuthorityLog.commit: TURN_COMMIT is not authorized by predecessor control after WSHADOW/ADV/w1
[log] [coop:transport] recv guest t=turnResolution e=1833203800481331 wave=24 turn=1 rev=242 events=12 checksum=e8bf13a5faadd11f handlers=1
[log] [38;2;255;127;80mPhaseInterceptor.to: Stopping on completion of CoopTurnCommitPhase[39m
[log] %cStart Phase: TurnInitPhase color:green
[log] [coop:rendezvous] ARRIVE point=cmd:24:2 (send) role=host
[log] [coop:transport] send host t=rendezvous point=cmd:24:2
[log] [coop:rendezvous] next-command barrier cmd:24:2 SYNC pass (partner already arrived)
[log] [coop:transport] recv guest t=rendezvous point=cmd:24:2 handlers=1
[log] [coop:stream] host ACCEPT turn ACK stage=continuationReady key=1833203800481331:24:1:242
[log] [coop:stream] host RELEASE retained turn after continuationReady key=1833203800481331:24:1:242
[log] %cStart Phase: SelectTargetPhase color:green
[log] [coop:owner] broadcast own-slot fi=0 turn=2 role=host cmd=0
[log] [coop:relay] broadcastLocalCommand SEND fieldIndex=0 owner=host turn=2 command=0 cursor=3 moveId=85 targets=[2]
[log] [coop:transport] send host t=command fi=0 owner=host turn=2 cmd=0 cursor=3 move=85
[log] [coop:transport] recv guest t=command fi=0 owner=host turn=2 cmd=0 cursor=3 move=85 handlers=1
[log] [coop:relay] recv command fieldIndex=0 turn=2 command=0 -> BUFFERED (no awaiter yet)
[log] %cStart Phase: CommandPhase color:green
[log] [coop:battle] CommandPhase slot=1 turn=2 owner=guest role=host -> partner path
[log] [coop:relay] host requestPartnerCommand SEND fieldIndex=1 turn=2 moveSlots=[0,1,2,3] (awaiting peer)
[log] [coop:transport] send host t=commandRequest fi=1 owner=guest turn=2 slots=4
[log] [coop:transport] recv guest t=commandRequest fi=1 owner=guest turn=2 slots=4 handlers=1
[log] [coop:relay] peer recv commandRequest fieldIndex=1 owner=guest turn=2 moveSlots=[0,1,2,3] -> reply command=0 cursor=2 moveId=53
[log] [coop:transport] send guest t=command fi=1 owner=guest turn=2 cmd=0 cursor=2 move=53
[log] [coop:transport] recv host t=command fi=1 owner=guest turn=2 cmd=0 cursor=2 move=53 handlers=1
[log] [coop:relay] recv command fieldIndex=1 turn=2 command=0 -> resolved awaiting request
[log] [coop:ai] applyWiredPartnerCommand partner=445 wiredMoveId=53 cursor=2 -> moveId=53 moveIndex=2 tera=false targets=[3] targetsFrom=wire-verbatim useMode=1
[log] %cStart Phase: EnemyCommandPhase color:green
[log] %cStart Phase: EnemyCommandPhase color:green
[log] %cStart Phase: TurnStartPhase color:green
[log] [coop-diag] turn-start authoritative guard mode=authoritative role=host turn=2 diverts=false
[log] [coop:turn] host recorder: begin turn=2 scope=1833203800481331:24 (no prior open recording)
[log] %cStart Phase: MovePhase color:green
[log] [coop:turn] host recorder: append turn=2 seq=0 k=moveUsed total=1 live=true
[log] %cStart Phase: MessagePhase color:green
[log] %cStart Phase: MoveEffectPhase color:green
[log] [coop:turn] host recorder: append turn=2 seq=1 k=moveAnim total=2 live=true
[log] [coop:turn] host recorder: append turn=2 seq=2 k=hp total=3 live=true
[log] [coop:turn] host recorder: append turn=2 seq=3 k=faint total=4 live=true
[log] %cStart Phase: DamageAnimPhase color:green
[log] %cStart Phase: FaintPhase color:green
[log] %cStart Phase: MessagePhase color:green
[log] %cStart Phase: VictoryPhase color:green
[log] [coop:progression] HOST applyPartyExp COMPUTE wave=24 expValue=410.6 koMon=Nidorina
[log] %cStart Phase: MoveEndPhase color:green
[log] %cStart Phase: MovePhase color:green
[log] [coop:turn] host recorder: append turn=2 seq=4 k=moveUsed total=5 live=true
[log] %cStart Phase: MessagePhase color:green
[log] %cStart Phase: MoveEffectPhase color:green
[log] [coop:turn] host recorder: append turn=2 seq=5 k=moveAnim total=6 live=true
[log] [coop:turn] host recorder: append turn=2 seq=6 k=hp total=7 live=true
[log] [coop:turn] host recorder: append turn=2 seq=7 k=faint total=8 live=true
[log] %cStart Phase: DamageAnimPhase color:green
[log] %cStart Phase: FaintPhase color:green
[log] %cStart Phase: MessagePhase color:green
[log] %cStart Phase: VictoryPhase color:green
[log] [coop:progression] HOST applyPartyExp COMPUTE wave=24 expValue=241 koMon=Spewpa
[warn] [coop:v2-shadow] FAULT tap(WAVE_ADVANCE): AuthorityLog.commit: WAVE_ADVANCE is not authorized by predecessor control after WSHADOW/ADV/w1
[log] [coop:runtime] defer raw waveResolved wave=24 outcome=win until its material turnResolution is retained
[log] [coop-diag] VictoryPhase win-branch role=host battleType=WILD queuesTrainerVictory=false queuesSelectModifier=true wave=24
[log] [coop-diag] VictoryTail role=host wave=24 source=legacy-local trainer=false egg=true biomeShop=false biomeChange=false crossroads=false nextWave=25
[log] %cStart Phase: MoveEndPhase color:green
[log] %cStart Phase: MovePhase color:green
[log] %cStart Phase: MoveEndPhase color:green
[log] %cStart Phase: MovePhase color:green
[log] %cStart Phase: MoveEndPhase color:green
[log] %cStart Phase: CheckInterludePhase color:green
[log] %cStart Phase: WeatherEffectPhase color:green
[log] %cStart Phase: PositionalTagPhase color:green
[log] %cStart Phase: BerryPhase color:green
[log] %cStart Phase: CheckStatusEffectPhase color:green
[log] %cStart Phase: TurnEndPhase color:green
[log] %cStart Phase: PokemonHealPhase color:green
[log] [coop:turn] host recorder: append turn=2 seq=8 k=message total=9 live=true
[log] %cStart Phase: MessagePhase color:green
[log] %cStart Phase: CoopTurnCommitPhase color:green
[log] [coop:turn] host recorder: finalize turn=2 events=9 seq=9
[log] [coop:checkpoint] build field=4 weather=2/0 terrain=3/0 arenaTags=0 money=1660 mons=[bi0:sp149/hp213-213/st0/fnt0 bi1:sp445/hp235-235/st0/fnt0 bi2:sp665/hp0-45/st7/fnt1 bi3:sp30/hp0-53/st7/fnt1]
[log] [coop:checkpoint] host capture field=4 weather=2 terrain=3 money=1660 arenaTags=0 mons=[bi0:sp149/hp213-213/st0/fnt0 bi1:sp445/hp235-235/st0/fnt0 bi2:sp665/hp0-45/st7/fnt1 bi3:sp30/hp0-53/st7/fnt1]
[log] [coop:interaction] interactionCounter() read -> 27 (role=host)
[log] [coop:replay] host SEND turnResolution e=1833203800481331 wave=24 turn=2 rev=245 events=9 checksum=c71097df2681cc3e
[log] [coop:transport] send host t=turnResolution e=1833203800481331 wave=24 turn=2 rev=245 events=9 checksum=c71097df2681cc3e
[warn] [coop:v2-shadow] FAULT tap(TURN_COMMIT): AuthorityLog.commit: TURN_COMMIT is not authorized by predecessor control after WSHADOW/ADV/w1
[log] [coop:runtime] send waveResolved wave=24 outcome=win (host)
[log] [coop:replay] host SEND waveResolved wave=24 outcome=win transition=WAVE_VICTORY/next25/biome0/egg1/wild
[log] [coop:transport] send host t=waveResolved wave=24 outcome=win captureParty=- cap=-
[log] [coop:transport] recv guest t=turnResolution e=1833203800481331 wave=24 turn=2 rev=245 events=9 checksum=c71097df2681cc3e handlers=1
[log] [coop:transport] recv guest t=waveResolved wave=24 outcome=win captureParty=- cap=- handlers=1
[log] [38;2;255;127;80mPhaseInterceptor.to: Stopping on completion of CoopTurnCommitPhase[39m
[log] %cStart Phase: BattleEndPhase color:green
[log] [coop:progression] HOST automatic victory settlement deferred wave=24 sourceTurn=2 settlementTurn=3
[log] [coop:interaction] interactionCounter() read -> 27 (role=host)
[log] %cStart Phase: EggLapsePhase color:green
[log] %cStart Phase: CoopVictorySealPhase color:green
[log] [coop:transport] send host t=envelope t=envelope
[log] [coop:runtime] wave-advance op HOST commit wave=24 outcome=win next=WAVE_VICTORY rev=56 id=1833203800481331:0:WAVE_ADVANCE:24 (Wave-2f)
[log] [coop:runtime] settled WAVE_ADVANCE committed wave=24 tick=246 next=WAVE_VICTORY/wave25
[log] [coop:runtime] send waveEndState wave=24 tick=246 (host)
[log] [coop:replay] host SEND waveEndState wave=24 tick=246 party=6
[log] [coop:transport] send host t=waveEndState t=waveEndState
[log] [coop:progression] HOST automatic victory settlement sealed wave=24 sourceTurn=2 settlementTurn=3 tick=246
[log] [coop:transport] recv guest t=envelope t=envelope handlers=1
[log] [coop:transport] recv guest t=waveEndState t=waveEndState handlers=1
[log] [coop:interaction] interactionCounter() read -> 27 (role=host)
[log] [coop:owner] ownerOf(counter=27) seat=1 -> owner=guest
[log] [coop:owner] isLocalOwnerAtCounter(pinnedCounter=27) parity=1 owner=guest role=host -> false
[log] [coop:interaction] interactionCounter() read -> 27 (role=host)
[log] [coop:reward] owner/watcher decision: pinnedStart=27 liveCounter=27 parity=1 role=host pick=WATCHER option=ROLL spoof=false
[log] [coop:shop] serializeRewardOptions count=3 ids=[ATTACK_TYPE_BOOSTER,TM_CASE,RARE_CANDY] tiers=[2,0,0]
[log] [coop:reward] OWNER streams reward options (start=27 reroll=0 count=3 ids=[ATTACK_TYPE_BOOSTER,TM_CASE,RARE_CANDY])
[log] [coop:relay] SEND rewardOptions seq=27 reroll=0 count=3 ids=[ATTACK_TYPE_BOOSTER,TM_CASE,RARE_CANDY]
[log] [coop:transport] send host t=rewardOptions seq=27 reroll=0 options=3
[log] [coop:rendezvous] ARRIVE point=shop:24:27 (send) role=host
[log] [coop:transport] send host t=rendezvous point=shop:24:27
[log] [coop:reward] WATCHER waits for partner's reward picks (start=27 role=host wave=24)
[log] [coop:durability] host operation continuation window REARM key=op:global:56:1833203800481331:24:3:1833203800481331:0:WAVE_ADVANCE:24 surface=sharedInput at=1833203800481331/24/3
[log] [coop:transport] recv guest t=rewardOptions seq=27 reroll=0 options=3 handlers=1
[log] [coop:transport] recv guest t=rendezvous point=shop:24:27 handlers=1
[log] [coop:interaction] mirror begin role=watcher mirrorSeq=1728 interactionStart=27 reroll=0
[log] [coop:interaction] uiMirror beginSession role=watcher mode=6 seq=1728 early=0
[log] [coop:relay] AWAIT interactionChoice seq=27 timeoutMs=1200000 expected=[reward,shop,skip,reroll,check,transfer,lock] -> network-wait
[log] [coop:durability] operation delivery RETRY key=op:global:56:1833203800481331:24:3:1833203800481331:0:WAVE_ADVANCE:24 attempt=1/8
[log] [coop:transport] send host t=envelope t=envelope
[log] [coop:interaction] interactionCounter() read -> 27 (role=host)
[log] [coop:checksum] capture digest=c71097df2681cc3e field=4 biome=3 seed=coop-soak-20260924 weather=2 terrain=3 money=1660 party=[149,445,143,94,376,248] partyLevels=[65,65,65,65,65,65] arenaTags=0 modifiers=4 heldItemsDigest=0 pokeballs=[0:50,1:0,2:0,3:0,4:0] mons=[bi0:sp149/hp213-213/st0/ab263/form0/tera0:15/boss0:0 bi1:sp445/hp235-235/st0/ab8/form0/tera0:15/boss0:0 bi2:sp665/hp0-45/st7/ab4/form0/tera0:2/boss0:0 bi3:sp30/hp0-53/st7/ab132/form0/tera0:3/boss0:0]
[log] [coop:rendezvous] RECV arrival point=shop:24:27 -> BUFFER (no waiter yet) role=host
[log] [coop:stream] host ACCEPT turn ACK stage=continuationReady key=1833203800481331:24:2:245
[log] [coop:stream] host RELEASE retained turn after continuationReady key=1833203800481331:24:2:245
[log] [coop:durability] host RELEASE contiguous acknowledged authority cls=op:global seq=56
[log] [coop:relay] DELIVER interactionChoice seq=27 -> waiter kind=skip choice=-1 data=-
[log] [coop:relay] AWAIT interactionChoice seq=27 RESOLVE kind=skip choice=-1 data=-
[log] [coop:reward] WATCHER applying relayed action seq=27 act=LEAVE choice=-1 data=-
[log] [coop:shop] serializeRewardOptions count=3 ids=[ATTACK_TYPE_BOOSTER,TM_CASE,RARE_CANDY] tiers=[2,0,0]
[log] [coop:transport] send host t=envelope t=envelope
[log] [coop:reward] reward authoritative RESULT retained rev=57 tick=247 id=1833203800481331:1:REWARD:2700000
[log] [coop:transport] recv guest t=envelope t=envelope handlers=1
[log] [coop:interaction] interactionCounter() read -> 27 (role=host)
[log] [coop:interaction] interactionCounter() read -> 27 (role=host)
[log] [coop:interaction] RECV interaction broadcast (deferred catch-up net) received=28 localBefore=27 role=host -> WILL DEFER to 28 (folds in at next advance if still ahead)
[warn] [coop:interaction] CoopInteractionTurn.mergeRemote DEFER (remote=28, counter=27, pendingRemote=28) live counter UNCHANGED (folds in at next advance if still ahead)
[log] [coop:owner] ownerOf(counter=27) seat=1 -> owner=guest
[log] [coop:owner] ownerOf(counter=27) seat=1 -> owner=guest
[log] [coop:reward] OWNER peer material applied; release terminal engine barrier seq=27 id=1833203800481331:1:REWARD:2700000
[log] [coop:interaction] interactionCounter() read -> 27 (role=host)
[log] [coop:interaction] CoopInteractionTurn.advance INCREMENT (fromCounter=27) counter 27 -> 28
[log] [coop:interaction] advanceInteraction ADVANCED+BROADCAST (fromCounter=27) counter 27 -> 28 role=host; send interaction screen=__turn__ choice=28
[log] [coop:interaction] SEND counter snapshot reason=advance choice=28 role=host
[log] [coop:transport] send host t=interaction screen=__turn__
[log] [coop:owner] ownerOf(counter=28) seat=0 -> owner=host
[log] [coop:owner] ownerOf(counter=28) seat=0 -> owner=host
[log] [coop:interaction] interactionCounter() read -> 28 (role=host)
[log] [coop:reward] advance interaction (role=host from=27 counter 27 -> 28)
[log] [coop:transport] recv guest t=interaction screen=__turn__ handlers=1
[log] [coop:interaction] interactionCounter() read -> 28 (role=host)
[log] [coop:interaction] interactionCounter() read -> 28 (role=guest)
[log] [coop-soak:wave-complete] {"seed":20260924,"wave":24,"wavesRequested":55,"wavesCompleted":24,"waveElapsedMs":2658,"elapsedMs":61372,"findings":0,"hostPhase":"NewBattlePhase","guestPhase":"NewBattlePhase"}
[log] %cStart Phase: NewBattlePhase color:green
[log] [coop:turn] host recorder: begin deferred transition turn=1 scope=1833203800481331:25
[log] %cStart Phase: CoopPartnerSyncPhase color:green
[log] [coop:interaction] interactionCounter() read -> 28 (role=host)
[log] %cStart Phase: ReturnPhase color:green
[log] [coop:turn] host recorder: preserve recording scope=1833203800481331:25 turn=1 events=0 seq=0
[log] %cStart Phase: ReturnPhase color:green
[log] [coop:turn] host recorder: preserve recording scope=1833203800481331:25 turn=1 events=0 seq=0
[log] %cStart Phase: ShowTrainerPhase color:green
[log] %cStart Phase: NextEncounterPhase color:green
[log] [coop:interaction] interactionCounter() read -> 28 (role=host)
[log] [coop:replay] host SEND enemyPartySync wave=25 count=3 meType=-1 battleType=1 entryPresentation=-
[log] [coop:transport] send host t=enemyPartySync wave=25 enemies=3 battleType=1
[log] [coop:transport] recv guest t=enemyPartySync wave=25 enemies=3 battleType=1 handlers=1
[log] [coop:turn] host recorder: preserve recording scope=1833203800481331:25 turn=1 events=0 seq=0
[log] %cStart Phase: SummonPhase color:green
[log] [coop:turn] host recorder: preserve recording scope=1833203800481331:25 turn=1 events=0 seq=0
[log] %cStart Phase: SummonPhase color:green
[log] [coop:turn] host recorder: preserve recording scope=1833203800481331:25 turn=1 events=0 seq=0
[log] %cStart Phase: SummonPhase color:green
[log] [coop:turn] host recorder: preserve recording scope=1833203800481331:25 turn=1 events=0 seq=0
[log] %cStart Phase: ToggleDoublePositionPhase color:green
[log] %cStart Phase: SummonPhase color:green
[log] [coop:turn] host recorder: preserve recording scope=1833203800481331:25 turn=1 events=0 seq=0
[log] %cStart Phase: InitEncounterPhase color:green
[log] [coop:turn] host recorder: preserve recording scope=1833203800481331:25 turn=1 events=0 seq=0
[log] %cStart Phase: PostSummonPhase color:green
[log] %cStart Phase: PostSummonPhase color:green
[log] %cStart Phase: PostSummonPhase color:green
[log] %cStart Phase: PostSummonPhase color:green
[log] %cStart Phase: TurnInitPhase color:green
[log] [coop:replay] host SEND enemyPartySync wave=25 count=3 meType=-1 battleType=1 entryPresentation=0
[log] [coop:transport] send host t=enemyPartySync wave=25 enemies=3 battleType=1
[log] [coop:replay] host RE-BROADCAST wave-start authority wave=25 after post-summon boundary stateChanged=true presentation=0 (#920)
[log] [coop:rendezvous] next-command barrier ARRIVE+AWAIT cmd:25:1 slot=0
[log] [coop:rendezvous] ARRIVE point=cmd:25:1 (send) role=host
[log] [coop:transport] send host t=rendezvous point=cmd:25:1
[log] [coop:rendezvous] AWAIT point=cmd:25:1 timeoutMs=2000 -> network-wait role=host
[log] [coop:transport] recv guest t=enemyPartySync wave=25 enemies=3 battleType=1 handlers=1
[log] [coop:transport] recv guest t=rendezvous point=cmd:25:1 handlers=1
[log] [coop:rendezvous] RECV arrival point=cmd:25:1 -> deliver-to-waiter role=host
[log] [coop:transport] send host t=rendezvous point=cmd:25:1
[log] [coop:rendezvous] AWAIT point=cmd:25:1 RESOLVE both-arrived role=host
[log] [coop:durability] host RELEASE contiguous acknowledged authority cls=op:global seq=57
[log] [coop:transport] recv guest t=rendezvous point=cmd:25:1 handlers=1
[log] [coop:transport] send host t=enemyPartySync wave=25 enemies=3 battleType=1
[log] [coop:replay] host RE-BROADCAST wave-start authority wave=25 after post-summon boundary stateChanged=false presentation=0 (#920)
[log] [coop:transport] recv guest t=enemyPartySync wave=25 enemies=3 battleType=1 handlers=1
[log] [coop-soak:wave-start] {"seed":20260924,"wave":25,"wavesRequested":55,"wavesCompleted":24,"elapsedMs":62239,"hostPhase":"CommandPhase","guestPhase":"CommandPhase"}
[log] [coop:interaction] interactionCounter() read -> 28 (role=host)
[log] [coop:interaction] interactionCounter() read -> 28 (role=guest)
[log] [coop:interaction] interactionCounter() read -> 28 (role=host)
[log] [coop:checksum] capture digest=374ccbc1b08ea762 field=4 biome=3 seed=coop-soak-20260924 weather=2 terrain=3 money=1660 party=[149,445,143,94,376,248] partyLevels=[65,65,65,65,65,65] arenaTags=0 modifiers=4 heldItemsDigest=0 pokeballs=[0:50,1:0,2:0,3:0,4:0] mons=[bi0:sp149/hp213-213/st0/ab263/form0/tera0:15/boss0:0 bi1:sp445/hp235-235/st0/ab8/form0/tera0:15/boss0:0 bi2:sp259/hp62-62/st0/ab33/form0/tera0:10/boss0:0 bi3:sp732/hp50-50/st0/ab125/form0/tera0:2/boss0:0]
[log] [coop:interaction] interactionCounter() read -> 28 (role=host)
[log] %cStart Phase: SelectTargetPhase color:green
[log] [coop:owner] broadcast own-slot fi=0 turn=1 role=host cmd=0
[log] [coop:relay] broadcastLocalCommand SEND fieldIndex=0 owner=host turn=1 command=0 cursor=1 moveId=247 targets=[2]
[log] [coop:transport] send host t=command fi=0 owner=host turn=1 cmd=0 cursor=1 move=247
[log] [coop:transport] recv guest t=command fi=0 owner=host turn=1 cmd=0 cursor=1 move=247 handlers=1
[log] [coop:relay] recv command fieldIndex=0 turn=1 command=0 -> BUFFERED (no awaiter yet)
[log] %cStart Phase: CommandPhase color:green
[log] [coop:transport] send host t=enemyPartySync wave=25 enemies=3 battleType=1
[log] [coop:replay] host RE-BROADCAST wave-start authority wave=25 after post-summon boundary stateChanged=false presentation=0 (#920)
[log] [coop:battle] CommandPhase slot=1 turn=1 owner=guest role=host -> partner path
[log] [coop:relay] host requestPartnerCommand SEND fieldIndex=1 turn=1 moveSlots=[0,1,2,3] (awaiting peer)
[log] [coop:transport] send host t=commandRequest fi=1 owner=guest turn=1 slots=4
[log] [coop:transport] recv guest t=enemyPartySync wave=25 enemies=3 battleType=1 handlers=1
[log] [coop:transport] recv guest t=commandRequest fi=1 owner=guest turn=1 slots=4 handlers=1
[log] [coop:relay] peer recv commandRequest fieldIndex=1 owner=guest turn=1 moveSlots=[0,1,2,3] -> reply command=0 cursor=2 moveId=53
[log] [coop:transport] send guest t=command fi=1 owner=guest turn=1 cmd=0 cursor=2 move=53
[log] [coop:transport] recv host t=command fi=1 owner=guest turn=1 cmd=0 cursor=2 move=53 handlers=1
[log] [coop:relay] recv command fieldIndex=1 turn=1 command=0 -> resolved awaiting request
[log] [coop:ai] applyWiredPartnerCommand partner=445 wiredMoveId=53 cursor=2 -> moveId=53 moveIndex=2 tera=false targets=[3] targetsFrom=wire-verbatim useMode=1
[log] %cStart Phase: EnemyCommandPhase color:green
[log] %cStart Phase: EnemyCommandPhase color:green
[log] %cStart Phase: TurnStartPhase color:green
[log] [coop-diag] turn-start authoritative guard mode=authoritative role=host turn=1 diverts=false
[log] [coop:turn] host recorder: preserve recording scope=1833203800481331:25 turn=1 events=0 seq=0
[log] %cStart Phase: MovePhase color:green
[log] [coop:turn] host recorder: append turn=1 seq=0 k=moveUsed total=1 live=true
[log] %cStart Phase: MessagePhase color:green
[log] %cStart Phase: MoveEffectPhase color:green
[log] [coop:turn] host recorder: append turn=1 seq=1 k=moveAnim total=2 live=true
[log] [coop:turn] host recorder: append turn=1 seq=2 k=hp total=3 live=true
[log] [coop:turn] host recorder: append turn=1 seq=3 k=faint total=4 live=true
[log] %cStart Phase: DamageAnimPhase color:green
[log] %cStart Phase: FaintPhase color:green
[log] %cStart Phase: MessagePhase color:green
[log] %cStart Phase: VictoryPhase color:green
[log] [coop:progression] HOST applyPartyExp COMPUTE wave=25 expValue=422.6 koMon=Trumbeak
[log] %cStart Phase: MoveEndPhase color:green
[log] %cStart Phase: MovePhase color:green
[log] [coop:turn] host recorder: append turn=1 seq=4 k=moveUsed total=5 live=true
[log] %cStart Phase: MessagePhase color:green
[log] %cStart Phase: MoveEffectPhase color:green
[log] [coop:turn] host recorder: append turn=1 seq=5 k=moveAnim total=6 live=true
[log] [coop:turn] host recorder: append turn=1 seq=6 k=hp total=7 live=true
[log] [coop:turn] host recorder: append turn=1 seq=7 k=faint total=8 live=true
[log] %cStart Phase: DamageAnimPhase color:green
[log] %cStart Phase: FaintPhase color:green
[log] %cStart Phase: MessagePhase color:green
[log] %cStart Phase: VictoryPhase color:green
[log] [coop:progression] HOST applyPartyExp COMPUTE wave=25 expValue=512.2 koMon=Marshtomp
[log] %cStart Phase: MoveEndPhase color:green
[log] %cStart Phase: MovePhase color:green
[log] %cStart Phase: MoveEndPhase color:green
[log] %cStart Phase: MovePhase color:green
[log] %cStart Phase: MoveEndPhase color:green
[log] %cStart Phase: CheckInterludePhase color:green
[log] %cStart Phase: WeatherEffectPhase color:green
[log] %cStart Phase: PositionalTagPhase color:green
[log] %cStart Phase: BerryPhase color:green
[log] %cStart Phase: CheckStatusEffectPhase color:green
[log] %cStart Phase: TurnEndPhase color:green
[log] %cStart Phase: PokemonHealPhase color:green
[log] [coop:turn] host recorder: append turn=1 seq=8 k=message total=9 live=true
[log] %cStart Phase: MessagePhase color:green
[log] %cStart Phase: CoopTurnCommitPhase color:green
[log] [coop:turn] host recorder: finalize turn=1 events=9 seq=9
[log] [coop:checkpoint] build field=4 weather=2/0 terrain=3/0 arenaTags=0 money=1660 mons=[bi0:sp149/hp213-213/st0/fnt0 bi1:sp445/hp235-235/st0/fnt0 bi2:sp259/hp0-62/st7/fnt1 bi3:sp732/hp0-50/st7/fnt1]
[log] [coop:checkpoint] host capture field=4 weather=2 terrain=3 money=1660 arenaTags=0 mons=[bi0:sp149/hp213-213/st0/fnt0 bi1:sp445/hp235-235/st0/fnt0 bi2:sp259/hp0-62/st7/fnt1 bi3:sp732/hp0-50/st7/fnt1]
[log] [coop:interaction] interactionCounter() read -> 28 (role=host)
[log] [coop:replay] host SEND turnResolution e=1833203800481331 wave=25 turn=1 rev=254 events=9 checksum=1acfa93df1e4194d
[log] [coop:transport] send host t=turnResolution e=1833203800481331 wave=25 turn=1 rev=254 events=9 checksum=1acfa93df1e4194d
[warn] [coop:v2-shadow] FAULT tap(TURN_COMMIT): AuthorityLog.commit: TURN_COMMIT is not authorized by predecessor control after WSHADOW/ADV/w1
[log] [coop:transport] recv guest t=turnResolution e=1833203800481331 wave=25 turn=1 rev=254 events=9 checksum=1acfa93df1e4194d handlers=1
[log] [38;2;255;127;80mPhaseInterceptor.to: Stopping on completion of CoopTurnCommitPhase[39m
[log] %cStart Phase: SwitchSummonPhase color:green
[log] [coop:turn] host recorder: begin turn=2 scope=1833203800481331:25 (no prior open recording)
[log] [coop:turn] host recorder: append turn=2 seq=0 k=switch total=1 live=true
[log] %cStart Phase: PostSummonPhase color:green
[log] %cStart Phase: SwitchSummonPhase color:green
[log] [coop:turn] host recorder: preserve recording scope=1833203800481331:25 turn=2 events=1 seq=1
[log] %cStart Phase: PostSummonPhase color:green
[log] %cStart Phase: TurnInitPhase color:green
[log] [coop:transport] recv host t=rendezvous point=cmd:25:2 handlers=1
[log] [coop:rendezvous] RECV arrival point=cmd:25:2 -> BUFFER (no waiter yet) role=host
[log] [coop:rendezvous] ARRIVE point=cmd:25:2 (send) role=host
[log] [coop:transport] send host t=rendezvous point=cmd:25:2
[log] [coop:rendezvous] next-command barrier cmd:25:2 SYNC pass (partner already arrived)
[log] [coop:transport] recv guest t=rendezvous point=cmd:25:2 handlers=1
[log] [coop:stream] host ACCEPT turn ACK stage=continuationReady key=1833203800481331:25:1:254
[log] [coop:stream] host RELEASE retained turn after continuationReady key=1833203800481331:25:1:254
[log] %cStart Phase: SelectTargetPhase color:green
[log] [coop:owner] broadcast own-slot fi=0 turn=2 role=host cmd=0
[log] [coop:relay] broadcastLocalCommand SEND fieldIndex=0 owner=host turn=2 command=0 cursor=2 moveId=53 targets=[3]
[log] [coop:transport] send host t=command fi=0 owner=host turn=2 cmd=0 cursor=2 move=53
[log] [coop:transport] recv guest t=command fi=0 owner=host turn=2 cmd=0 cursor=2 move=53 handlers=1
[log] [coop:relay] recv command fieldIndex=0 turn=2 command=0 -> BUFFERED (no awaiter yet)
[log] %cStart Phase: CommandPhase color:green
[log] [coop:battle] CommandPhase slot=1 turn=2 owner=guest role=host -> partner path
[log] [coop:relay] host requestPartnerCommand SEND fieldIndex=1 turn=2 moveSlots=[0,1,2,3] (awaiting peer)
[log] [coop:transport] send host t=commandRequest fi=1 owner=guest turn=2 slots=4
[log] [coop:transport] recv guest t=commandRequest fi=1 owner=guest turn=2 slots=4 handlers=1
[log] [coop:relay] peer recv commandRequest fieldIndex=1 owner=guest turn=2 moveSlots=[0,1,2,3] -> reply command=0 cursor=3 moveId=85
[log] [coop:transport] send guest t=command fi=1 owner=guest turn=2 cmd=0 cursor=3 move=85
[log] [coop:transport] recv host t=command fi=1 owner=guest turn=2 cmd=0 cursor=3 move=85 handlers=1
[log] [coop:relay] recv command fieldIndex=1 turn=2 command=0 -> resolved awaiting request
[log] [coop:ai] applyWiredPartnerCommand partner=445 wiredMoveId=85 cursor=3 -> moveId=85 moveIndex=3 tera=false targets=[3] targetsFrom=wire-verbatim useMode=1
[log] %cStart Phase: EnemyCommandPhase color:green
[log] %cStart Phase: TurnStartPhase color:green
[log] [coop-diag] turn-start authoritative guard mode=authoritative role=host turn=2 diverts=false
[log] [coop:turn] host recorder: preserve recording scope=1833203800481331:25 turn=2 events=1 seq=1
[log] %cStart Phase: MovePhase color:green
[log] [coop:turn] host recorder: append turn=2 seq=1 k=moveUsed total=2 live=true
[log] %cStart Phase: MessagePhase color:green
[log] %cStart Phase: MoveEffectPhase color:green
[log] [coop:turn] host recorder: append turn=2 seq=2 k=moveAnim total=3 live=true
[log] [coop:turn] host recorder: append turn=2 seq=3 k=message total=4 live=true
[log] [coop:turn] host recorder: append turn=2 seq=4 k=hp total=5 live=true
[log] %cStart Phase: ShowAbilityPhase color:green
[log] [coop:turn] host recorder: append turn=2 seq=5 k=showAbility total=6 live=true
[log] %cStart Phase: HideAbilityPhase color:green
[log] [coop:turn] host recorder: append turn=2 seq=6 k=hideAbility total=7 live=true
[log] %cStart Phase: DamageAnimPhase color:green
[log] %cStart Phase: MessagePhase color:green
[log] %cStart Phase: MoveEndPhase color:green
[log] %cStart Phase: MovePhase color:green
[log] [coop:turn] host recorder: append turn=2 seq=7 k=moveUsed total=8 live=true
[log] %cStart Phase: MessagePhase color:green
[log] %cStart Phase: MoveEffectPhase color:green
[log] [coop:turn] host recorder: append turn=2 seq=8 k=moveAnim total=9 live=true
[log] [coop:turn] host recorder: append turn=2 seq=9 k=hp total=10 live=true
[log] [coop:turn] host recorder: append turn=2 seq=10 k=faint total=11 live=true
[log] %cStart Phase: DamageAnimPhase color:green
[log] %cStart Phase: FaintPhase color:green
[log] %cStart Phase: MessagePhase color:green
[log] %cStart Phase: VictoryPhase color:green
[log] [coop:progression] HOST applyPartyExp COMPUTE wave=25 expValue=212.2 koMon=Aron
[warn] [coop:v2-shadow] FAULT tap(WAVE_ADVANCE): AuthorityLog.commit: WAVE_ADVANCE is not authorized by predecessor control after WSHADOW/ADV/w1
[log] [coop:runtime] defer raw waveResolved wave=25 outcome=win until its material turnResolution is retained
[log] [coop-diag] VictoryPhase win-branch role=host battleType=TRAINER queuesTrainerVictory=true queuesSelectModifier=true wave=25
[log] [coop-diag] VictoryTail role=host wave=25 source=legacy-local trainer=true egg=true biomeShop=false biomeChange=false crossroads=true nextWave=26
[log] %cStart Phase: MoveEndPhase color:green
[log] %cStart Phase: MovePhase color:green
[log] %cStart Phase: MoveEndPhase color:green
[log] %cStart Phase: CheckInterludePhase color:green
[log] %cStart Phase: WeatherEffectPhase color:green
[log] %cStart Phase: PositionalTagPhase color:green
[log] %cStart Phase: BerryPhase color:green
[log] %cStart Phase: CheckStatusEffectPhase color:green
[log] %cStart Phase: TurnEndPhase color:green
[log] %cStart Phase: PokemonHealPhase color:green
[log] [coop:turn] host recorder: append turn=2 seq=11 k=message total=12 live=true
[log] %cStart Phase: MessagePhase color:green
[log] %cStart Phase: CoopTurnCommitPhase color:green
[log] [coop:turn] host recorder: finalize turn=2 events=12 seq=12
[log] [coop:checkpoint] build field=4 weather=2/0 terrain=3/0 arenaTags=0 money=1660 mons=[bi0:sp149/hp213-213/st0/fnt0 bi1:sp445/hp235-235/st0/fnt0 bi2:sp259/hp0-62/st7/fnt1 bi3:sp304/hp0-46/st7/fnt1]
[log] [coop:checkpoint] host capture field=4 weather=2 terrain=3 money=1660 arenaTags=0 mons=[bi0:sp149/hp213-213/st0/fnt0 bi1:sp445/hp235-235/st0/fnt0 bi2:sp259/hp0-62/st7/fnt1 bi3:sp304/hp0-46/st7/fnt1]
[log] [coop:interaction] interactionCounter() read -> 28 (role=host)
[log] [coop:replay] host SEND turnResolution e=1833203800481331 wave=25 turn=2 rev=257 events=12 checksum=a94dceef296cbc05
[log] [coop:transport] send host t=turnResolution e=1833203800481331 wave=25 turn=2 rev=257 events=12 checksum=a94dceef296cbc05
[warn] [coop:v2-shadow] FAULT tap(TURN_COMMIT): AuthorityLog.commit: TURN_COMMIT is not authorized by predecessor control after WSHADOW/ADV/w1
[log] [coop:runtime] send waveResolved wave=25 outcome=win (host)
[log] [coop:replay] host SEND waveResolved wave=25 outcome=win transition=WAVE_VICTORY/next26/biome0/egg1/trainer
[log] [coop:transport] send host t=waveResolved wave=25 outcome=win captureParty=- cap=-
[log] [coop:transport] recv guest t=turnResolution e=1833203800481331 wave=25 turn=2 rev=257 events=12 checksum=a94dceef296cbc05 handlers=1
[log] [coop:transport] recv guest t=waveResolved wave=25 outcome=win captureParty=- cap=- handlers=1
[log] [38;2;255;127;80mPhaseInterceptor.to: Stopping on completion of CoopTurnCommitPhase[39m
[log] %cStart Phase: BattleEndPhase color:green
[log] [coop:progression] HOST automatic victory settlement deferred wave=25 sourceTurn=2 settlementTurn=3
[log] [coop:interaction] interactionCounter() read -> 28 (role=host)
[log] %cStart Phase: TrainerVictoryPhase color:green
[log] [coop:progression] coopVictoryDialogue DECISION isCoop=true -> SKIP (constant 0 awaits, lockstep-safe)
[log] [coop:renderer] trainer victory presentation settled sourceWave=25
[log] %cStart Phase: MoneyRewardPhase color:green
[log] %cStart Phase: ModifierRewardPhase color:green
[log] %cStart Phase: ModifierRewardPhase color:green
[log] %cStart Phase: EggLapsePhase color:green
[log] %cStart Phase: CoopVictorySealPhase color:green
[log] [coop:transport] send host t=envelope t=envelope
[log] [coop:runtime] wave-advance op HOST commit wave=25 outcome=win next=WAVE_VICTORY rev=58 id=1833203800481331:0:WAVE_ADVANCE:25 (Wave-2f)
[log] [coop:runtime] settled WAVE_ADVANCE committed wave=25 tick=258 next=WAVE_VICTORY/wave26
[log] [coop:runtime] send waveEndState wave=25 tick=258 (host)
[log] [coop:replay] host SEND waveEndState wave=25 tick=258 party=6
[log] [coop:transport] send host t=waveEndState t=waveEndState
[log] [coop:progression] HOST automatic victory settlement sealed wave=25 sourceTurn=2 settlementTurn=3 tick=258
[log] [coop:transport] recv guest t=envelope t=envelope handlers=1
[log] [coop:transport] recv guest t=waveEndState t=waveEndState handlers=1
[log] [coop:interaction] interactionCounter() read -> 28 (role=host)
[log] [coop:owner] ownerOf(counter=28) seat=0 -> owner=host
[log] [coop:owner] isLocalOwnerAtCounter(pinnedCounter=28) parity=0 owner=host role=host -> true
[log] [coop:interaction] interactionCounter() read -> 28 (role=host)
[log] [coop:reward] owner/watcher decision: pinnedStart=28 liveCounter=28 parity=0 role=host pick=OWNER option=ROLL spoof=false
[log] [coop:shop] serializeRewardOptions count=3 ids=[WIDE_LENS,GREAT_BALL,BASE_STAT_BOOSTER] tiers=[2,1,1]
[log] [coop:reward] OWNER streams reward options (start=28 reroll=0 count=3 ids=[WIDE_LENS,GREAT_BALL,BASE_STAT_BOOSTER])
[log] [coop:relay] SEND rewardOptions seq=28 reroll=0 count=3 ids=[WIDE_LENS,GREAT_BALL,BASE_STAT_BOOSTER]
[log] [coop:transport] send host t=rewardOptions seq=28 reroll=0 options=3
[log] [coop:rendezvous] ARRIVE point=shop:25:28 (send) role=host
[log] [coop:transport] send host t=rendezvous point=shop:25:28
[log] [coop:reward] OWNER drives reward screen (start=28 role=host spoof=false adoptsOptions=false wave=25)
[log] [coop:rendezvous] shop-pick-commit barrier AWAIT shop:25:28
[log] [coop:rendezvous] AWAIT point=shop:25:28 timeoutMs=2000 -> network-wait role=host
[log] [coop:transport] recv guest t=rewardOptions seq=28 reroll=0 options=3 handlers=1
[log] [coop:transport] recv guest t=rendezvous point=shop:25:28 handlers=1
[log] [coop:durability] operation delivery RETRY key=op:global:58:1833203800481331:25:3:1833203800481331:0:WAVE_ADVANCE:25 attempt=1/8
[log] [coop:transport] send host t=envelope t=envelope
[log] [coop:interaction] interactionCounter() read -> 28 (role=host)
[log] [coop:checksum] capture digest=1a04aed85db938c3 field=4 biome=3 seed=coop-soak-20260924 weather=2 terrain=3 money=2220 party=[149,445,143,94,376,248] partyLevels=[65,65,65,65,65,65] arenaTags=0 modifiers=4 heldItemsDigest=0 pokeballs=[0:50,1:0,2:0,3:0,4:0] mons=[bi0:sp149/hp213-213/st0/ab263/form0/tera0:15/boss0:0 bi1:sp445/hp235-235/st0/ab8/form0/tera0:15/boss0:0 bi2:sp259/hp0-62/st7/ab33/form0/tera0:10/boss0:0 bi3:sp304/hp0-46/st7/ab5137/form0/tera0:8/boss0:0]
[log] [coop:rendezvous] RECV arrival point=shop:25:28 -> deliver-to-waiter role=host
[log] [coop:transport] send host t=rendezvous point=shop:25:28
[log] [coop:rendezvous] AWAIT point=shop:25:28 RESOLVE both-arrived role=host
[log] [coop:stream] host ACCEPT turn ACK stage=continuationReady key=1833203800481331:25:2:257
[log] [coop:stream] host RELEASE retained turn after continuationReady key=1833203800481331:25:2:257
[log] [coop:durability] host RELEASE contiguous acknowledged authority cls=op:global seq=58
[log] [coop:transport] recv guest t=rendezvous point=shop:25:28 handlers=1
[log] [coop:interaction] mirror begin role=owner mirrorSeq=1792 interactionStart=28 reroll=0
[log] [coop:interaction] uiMirror beginSession role=owner mode=6 seq=1792 early=0
[log] [coop:owner] ownerOf(counter=28) seat=0 -> owner=host
[log] [coop:owner] isLocalOwnerAtCounter(pinnedCounter=28) parity=0 owner=host role=host -> true
[log] [coop:owner] ownerOf(counter=28) seat=0 -> owner=host
[log] [coop:owner] isLocalOwnerAtCounter(pinnedCounter=28) parity=0 owner=host role=host -> true
[log] [coop:relay] OWNER prepare seq=28 kind=reward choice=1 data=[0] role=host
[log] [coop:reward] reward op INTENT prepared label=reward id=1833203800481331:0:REWARD:2800000
[log] [coop:relay] OWNER send raw seq=28 kind=reward choice=1 role=host
[log] [coop:relay] SEND interactionChoice seq=28 kind=reward kind=? choice=1 data=[0]
[log] [coop:transport] send host t=interactionChoice seq=28 kind=reward choice=1
[warn] [coop:v2-shadow] FAULT tap(INTERACTION_COMMIT): AuthorityLog.commit: INTERACTION_COMMIT is not authorized by predecessor control after WSHADOW/ADV/w1
[log] [coop:reward] APPLY_RESULT pin=28 side=owner type=GREAT_BALL class=AddPokeballModifier pregen=[] holderSlot=-1 holderId=-1 stack=-1 accepted=true cost=-1
[log] [coop:shop] serializeRewardOptions count=3 ids=[WIDE_LENS,GREAT_BALL,BASE_STAT_BOOSTER] tiers=[2,1,1]
[log] [coop:transport] send host t=envelope t=envelope
[log] [coop:reward] reward authoritative RESULT retained rev=59 tick=259 id=1833203800481331:0:REWARD:2800000
[log] [coop:interaction] interactionCounter() read -> 28 (role=host)
[log] [coop:interaction] CoopInteractionTurn.advance INCREMENT (fromCounter=28) counter 28 -> 29
[log] [coop:interaction] advanceInteraction ADVANCED+BROADCAST (fromCounter=28) counter 28 -> 29 role=host; send interaction screen=__turn__ choice=29
[log] [coop:interaction] SEND counter snapshot reason=advance choice=29 role=host
[log] [coop:transport] send host t=interaction screen=__turn__
[log] [coop:owner] ownerOf(counter=29) seat=1 -> owner=guest
[log] [coop:owner] ownerOf(counter=29) seat=1 -> owner=guest
[log] [coop:interaction] interactionCounter() read -> 29 (role=host)
[log] [coop:reward] advance interaction (role=host from=28 counter 28 -> 29)
[log] [coop:transport] recv guest t=interactionChoice seq=28 kind=reward choice=1 handlers=1
[log] [coop:transport] recv guest t=envelope t=envelope handlers=1
[log] [coop:transport] recv guest t=interaction screen=__turn__ handlers=1
[log] [coop:interaction] RECV interaction broadcast (deferred catch-up net) received=29 localBefore=29 role=host -> no defer (local >= received)
[warn] [coop:interaction] CoopInteractionTurn.mergeRemote DEFER (remote=29, counter=29, pendingRemote=29) live counter UNCHANGED (folds in at next advance if still ahead)
[log] [coop:owner] ownerOf(counter=29) seat=1 -> owner=guest
[log] [coop:owner] ownerOf(counter=29) seat=1 -> owner=guest
[log] [coop:interaction] interactionCounter() read -> 29 (role=host)
[log] [coop:interaction] interactionCounter() read -> 29 (role=guest)
[log] [coop-soak:wave-complete] {"seed":20260924,"wave":25,"wavesRequested":55,"wavesCompleted":25,"waveElapsedMs":2782,"elapsedMs":65021,"findings":0,"hostPhase":"ErCrossroadsPhase","guestPhase":"ErCrossroadsPhase"}
[log] [coop:interaction] interactionCounter() read -> 29 (role=host)
[log] [coop:health] tick=0g turn=3 wave=25 counter=29 assertions=0 wait=-1ms machineWaits=- peerBeat=- lastRx=0s transport=connected journal=59/1 queue=0
[log] [coop:interaction] interactionCounter() read -> 29 (role=guest)
[log] [coop:health] tick=0g turn=3 wave=25 counter=29 assertions=0 wait=-1ms machineWaits=- peerBeat=- lastRx=0s transport=connected journal=0/0 queue=0
[log] [coop:rendezvous] crossroads boundary barrier RENDEZVOUS xroads:25 (#858)
[log] [coop:rendezvous] ARRIVE point=xroads:25 (send) role=host
[log] [coop:transport] send host t=rendezvous point=xroads:25
[log] [coop:rendezvous] AWAIT point=xroads:25 timeoutMs=2000 -> network-wait role=host
[log] [coop:transport] recv guest t=rendezvous point=xroads:25 handlers=1
[log] [coop:interaction] interactionCounter() read -> 29 (role=host)
[log] [coop:owner] ownerOf(counter=29) seat=1 -> owner=guest
[log] [coop:owner] isLocalOwnerAtCounter(pinnedCounter=29) parity=1 owner=guest role=host -> false
[log] [coop:rendezvous] RECV arrival point=xroads:25 -> deliver-to-waiter role=host
[log] [coop:transport] send host t=rendezvous point=xroads:25
[log] [coop:rendezvous] AWAIT point=xroads:25 RESOLVE both-arrived role=host
[log] [coop:transport] recv guest t=rendezvous point=xroads:25 handlers=1
[log] [coop:interaction] interactionCounter() read -> 29 (role=host)
[log] [coop:owner] ownerOf(counter=29) seat=1 -> owner=guest
[log] [coop:owner] isLocalOwnerAtCounter(pinnedCounter=29) parity=1 owner=guest role=host -> false
[log] [coop:reward] crossroads owner/watcher decision: pinnedStart=29 role=host spoof=false -> WATCHER (#848)
[log] [coop:interaction] uiMirror beginSession role=watcher mode=15 seq=9600029 early=0
[log] [coop:relay] AWAIT interactionChoice seq=9600029 timeoutMs=1200000 expected=[crossroads] -> network-wait
[log] [coop:transport] recv host t=coopAck cls=op:global seq=58 handlers=1
[log] [coop:transport] recv host t=battleCheckpointAck reason=replacement e=1833203800481331 wave=2 turn=2 rev=18 stage=continuationReady checksum=3244f941b6d0ce2f handlers=1
[log] [coop:interaction] uiMirror WATCHER apply n=0 button=1 mode=15
[log] [coop:relay] DELIVER interactionChoice seq=9600029 -> waiter kind=crossroads choice=1 data=-
[log] [coop:relay] AWAIT interactionChoice seq=9600029 RESOLVE kind=crossroads choice=1 data=-
[log] [coop:transport] send host t=envelope t=envelope
[log] [coop:reward] crossroads WATCHER: owner pick received moveOn=true pinnedStart=29 (#848)
[log] [coop:v2-interaction] terminal proof recorded op=1833203800481331:1:CROSSROADS_PICK:9600029 role=host seat=0 duplicate=0 ambient=1
[log] [coop:transport] recv guest t=envelope t=envelope handlers=1
[log] %cStart Phase: CoopPartnerSyncPhase color:green
[log] [coop:interaction] interactionCounter() read -> 29 (role=host)
[log] [coop:owner] ownerOf(counter=29) seat=1 -> owner=guest
[log] [coop:owner] isLocalOwnerAtCounter(pinnedCounter=29) parity=1 owner=guest role=host -> false
[log] [coop:owner] ownerOf(counter=29) seat=1 -> owner=guest
[log] [coop:owner] isLocalOwnerAtCounter(pinnedCounter=29) parity=1 owner=guest role=host -> false
[log] [coop:reward] biome pick owner/watcher decision: pinnedStart=29 role=host spoof=false chained=true -> WATCHER (#848)
[log] [coop:interaction] uiMirror beginSession role=watcher mode=54 seq=9700029 early=0
[log] [coop:relay] AWAIT interactionChoice seq=9700029 timeoutMs=1200000 expected=[biomePick] -> network-wait
[log] [coop:interaction] interactionCounter() read -> 29 (role=host)
[log] [coop:owner] ownerOf(counter=29) seat=1 -> owner=guest
[log] [coop:owner] isLocalOwnerAtCounter(pinnedCounter=29) parity=1 owner=guest role=host -> false
[log] [coop:relay] DELIVER interactionChoice seq=9700029 -> waiter kind=biomePick choice=0 data=[3]
[log] [coop:relay] AWAIT interactionChoice seq=9700029 RESOLVE kind=biomePick choice=0 data=[3]
[log] [coop:transport] send host t=envelope t=envelope
[log] [coop:reward] biome pick WATCHER: owner biome=undefined received pinnedStart=29 (#848)
[log] [coop:transport] recv guest t=envelope t=envelope handlers=1
[log] [coop:interaction] interactionCounter() read -> 29 (role=host)
[log] [coop:interaction] CoopInteractionTurn.advance INCREMENT (fromCounter=29) counter 29 -> 30
[log] [coop:interaction] advanceInteraction ADVANCED+BROADCAST (fromCounter=29) counter 29 -> 30 role=host; send interaction screen=__turn__ choice=30
[log] [coop:interaction] SEND counter snapshot reason=advance choice=30 role=host
[log] [coop:transport] send host t=interaction screen=__turn__
[log] [coop:owner] ownerOf(counter=30) seat=0 -> owner=host
[log] [coop:owner] ownerOf(counter=30) seat=0 -> owner=host
[log] [coop:interaction] interactionCounter() read -> 30 (role=host)
[log] [coop:reward] advance interaction from CONTINUATION commit (role=host from=29 counter 29 -> 30)
[log] [coop:interaction] interactionCounter() read -> 30 (role=host)
[log] [coop:v2-interaction] terminal proof recorded op=1833203800481331:1:BIOME_PICK:9700029 role=host seat=0 duplicate=0 ambient=1
[log] [coop:transport] recv guest t=interaction screen=__turn__ handlers=1
[log] [coop:interaction] RECV interaction broadcast (deferred catch-up net) received=30 localBefore=30 role=host -> no defer (local >= received)
[warn] [coop:interaction] CoopInteractionTurn.mergeRemote DEFER (remote=30, counter=30, pendingRemote=30) live counter UNCHANGED (folds in at next advance if still ahead)
[log] [coop:owner] ownerOf(counter=30) seat=0 -> owner=host
[log] [coop:owner] ownerOf(counter=30) seat=0 -> owner=host
[log] [coop:interaction] interactionCounter() read -> 30 (role=host)
[log] %cStart Phase: SwitchBiomePhase color:green
[log] %cStart Phase: NewBattlePhase color:green
[log] [coop:turn] host recorder: begin deferred transition turn=1 scope=1833203800481331:26
[log] [coop:v2-control] NewBattlePhase installed committed host biome encounter wave=25->26
[log] %cStart Phase: ReturnPhase color:green
[log] [coop:turn] host recorder: preserve recording scope=1833203800481331:26 turn=1 events=0 seq=0
[log] %cStart Phase: ReturnPhase color:green
[log] [coop:turn] host recorder: preserve recording scope=1833203800481331:26 turn=1 events=0 seq=0
[log] %cStart Phase: ShowTrainerPhase color:green
[log] %cStart Phase: NewBiomeEncounterPhase color:green
[log] [coop:turn] host recorder: append turn=1 seq=0 k=weather total=1 live=true
[log] [coop:turn] host recorder: append turn=1 seq=1 k=message total=2 live=true
[log] [coop:interaction] interactionCounter() read -> 30 (role=host)
[log] [coop:replay] host SEND enemyPartySync wave=26 count=2 meType=-1 battleType=0 entryPresentation=-
[log] [coop:transport] send host t=enemyPartySync wave=26 enemies=2 battleType=0
[log] [coop:turn] host recorder: preserve recording scope=1833203800481331:26 turn=1 events=2 seq=2
[log] [coop:transport] recv guest t=enemyPartySync wave=26 enemies=2 battleType=0 handlers=1
[log] %cStart Phase: CommonAnimPhase color:green
[log] %cStart Phase: MessagePhase color:green
[log] %cStart Phase: SummonPhase color:green
[log] [coop:turn] host recorder: preserve recording scope=1833203800481331:26 turn=1 events=2 seq=2
[log] %cStart Phase: ToggleDoublePositionPhase color:green
[log] %cStart Phase: SummonPhase color:green
[log] [coop:turn] host recorder: preserve recording scope=1833203800481331:26 turn=1 events=2 seq=2
[log] %cStart Phase: CheckSwitchPhase color:green
[log] %cStart Phase: CheckSwitchPhase color:green
[log] %cStart Phase: InitEncounterPhase color:green
[log] [coop:turn] host recorder: preserve recording scope=1833203800481331:26 turn=1 events=2 seq=2
[log] %cStart Phase: PostSummonPhase color:green
[log] %cStart Phase: PostSummonPhase color:green
[log] %cStart Phase: PostSummonPhase color:green
[log] %cStart Phase: PostSummonPhase color:green
[log] %cStart Phase: TurnInitPhase color:green
[log] [coop:replay] host SEND enemyPartySync wave=26 count=2 meType=-1 battleType=0 entryPresentation=2
[log] [coop:transport] send host t=enemyPartySync wave=26 enemies=2 battleType=0
[log] [coop:replay] host RE-BROADCAST wave-start authority wave=26 after post-summon boundary stateChanged=true presentation=2 (#920)
[log] [coop:rendezvous] next-command barrier ARRIVE+AWAIT cmd:26:1 slot=0
[log] [coop:rendezvous] ARRIVE point=cmd:26:1 (send) role=host
[log] [coop:transport] send host t=rendezvous point=cmd:26:1
[log] [coop:rendezvous] AWAIT point=cmd:26:1 timeoutMs=2000 -> network-wait role=host
[log] [coop:transport] recv guest t=enemyPartySync wave=26 enemies=2 battleType=0 handlers=1
[log] [coop:transport] recv guest t=rendezvous point=cmd:26:1 handlers=1
[log] [coop:rendezvous] RECV arrival point=cmd:26:1 -> deliver-to-waiter role=host
[log] [coop:transport] send host t=rendezvous point=cmd:26:1
[log] [coop:rendezvous] AWAIT point=cmd:26:1 RESOLVE both-arrived role=host
[log] [coop:durability] host RELEASE contiguous acknowledged authority cls=op:global seq=59
[log] [coop:durability] host RELEASE contiguous acknowledged authority cls=op:global seq=60
[log] [coop:durability] host RELEASE contiguous acknowledged authority cls=op:global seq=61
[log] [coop:transport] recv guest t=rendezvous point=cmd:26:1 handlers=1
[log] [coop:transport] send host t=enemyPartySync wave=26 enemies=2 battleType=0
[log] [coop:replay] host RE-BROADCAST wave-start authority wave=26 after post-summon boundary stateChanged=false presentation=2 (#920)
[log] [coop:transport] recv guest t=enemyPartySync wave=26 enemies=2 battleType=0 handlers=1
[log] [coop-soak:wave-start] {"seed":20260924,"wave":26,"wavesRequested":55,"wavesCompleted":25,"elapsedMs":66144,"hostPhase":"CommandPhase","guestPhase":"CommandPhase"}
[log] [coop:interaction] interactionCounter() read -> 30 (role=host)
[log] [coop:interaction] interactionCounter() read -> 30 (role=guest)
[log] [coop:interaction] interactionCounter() read -> 30 (role=host)
[log] [coop:checksum] capture digest=84efb2785982d95b field=4 biome=3 seed=coop-soak-20260924 weather=1 terrain=3 money=2220 party=[149,445,143,94,376,248] partyLevels=[65,65,65,65,65,65] arenaTags=0 modifiers=4 heldItemsDigest=0 pokeballs=[0:50,1:5,2:0,3:0,4:0] mons=[bi0:sp149/hp213-213/st0/ab263/form0/tera0:15/boss0:0 bi1:sp445/hp235-235/st0/ab8/form0/tera0:15/boss0:0 bi2:sp665/hp47-47/st0/ab4/form0/tera0:2/boss0:0 bi3:sp665/hp45-45/st0/ab4/form0/tera0:6/boss0:0]
[log] [coop:interaction] interactionCounter() read -> 30 (role=host)
[log] %cStart Phase: SelectTargetPhase color:green
[log] [coop:owner] broadcast own-slot fi=0 turn=1 role=host cmd=0
[log] [coop:relay] broadcastLocalCommand SEND fieldIndex=0 owner=host turn=1 command=0 cursor=1 moveId=247 targets=[2]
[log] [coop:transport] send host t=command fi=0 owner=host turn=1 cmd=0 cursor=1 move=247
[log] [coop:transport] recv guest t=command fi=0 owner=host turn=1 cmd=0 cursor=1 move=247 handlers=1
[log] [coop:relay] recv command fieldIndex=0 turn=1 command=0 -> BUFFERED (no awaiter yet)
[log] %cStart Phase: CommandPhase color:green
[log] [coop:transport] send host t=enemyPartySync wave=26 enemies=2 battleType=0
[log] [coop:replay] host RE-BROADCAST wave-start authority wave=26 after post-summon boundary stateChanged=false presentation=2 (#920)
[log] [coop:battle] CommandPhase slot=1 turn=1 owner=guest role=host -> partner path
[log] [coop:relay] host requestPartnerCommand SEND fieldIndex=1 turn=1 moveSlots=[0,1,2,3] (awaiting peer)
[log] [coop:transport] send host t=commandRequest fi=1 owner=guest turn=1 slots=4
[log] [coop:transport] recv guest t=enemyPartySync wave=26 enemies=2 battleType=0 handlers=1
[log] [coop:transport] recv guest t=commandRequest fi=1 owner=guest turn=1 slots=4 handlers=1
[log] [coop:relay] peer recv commandRequest fieldIndex=1 owner=guest turn=1 moveSlots=[0,1,2,3] -> reply command=2 cursor=3 moveId=-
[log] [coop:transport] send guest t=command fi=1 owner=guest turn=1 cmd=2 cursor=3 move=-
[log] [coop:transport] recv host t=command fi=1 owner=guest turn=1 cmd=2 cursor=3 move=- handlers=1
[log] [coop:relay] recv command fieldIndex=1 turn=1 command=2 -> resolved awaiting request
[log] %cStart Phase: EnemyCommandPhase color:green
[log] %cStart Phase: EnemyCommandPhase color:green
[log] %cStart Phase: TurnStartPhase color:green
[log] [coop-diag] turn-start authoritative guard mode=authoritative role=host turn=1 diverts=false
[log] [coop:turn] host recorder: preserve recording scope=1833203800481331:26 turn=1 events=5 seq=5
[log] %cStart Phase: SwitchSummonPhase color:green
[log] [coop:turn] host recorder: preserve recording scope=1833203800481331:26 turn=1 events=5 seq=5
[log] [coop:turn] host recorder: append turn=1 seq=5 k=switch total=6 live=true
[log] %cStart Phase: PostSummonPhase color:green
[log] %cStart Phase: PostSummonPhase color:green
[log] %cStart Phase: ShowAbilityPhase color:green
[log] [coop:turn] host recorder: append turn=1 seq=6 k=showAbility total=7 live=true
[log] %cStart Phase: StatStageChangePhase color:green
[log] [coop:turn] host recorder: append turn=1 seq=7 k=message total=8 live=true
[log] [coop:turn] host recorder: append turn=1 seq=8 k=statStage total=9 live=true
[log] %cStart Phase: MessagePhase color:green
[log] %cStart Phase: StatStageChangePhase color:green
[log] [coop:turn] host recorder: append turn=1 seq=9 k=message total=10 live=true
[log] [coop:turn] host recorder: append turn=1 seq=10 k=statStage total=11 live=true
[log] %cStart Phase: MessagePhase color:green
[log] %cStart Phase: HideAbilityPhase color:green
[log] [coop:turn] host recorder: append turn=1 seq=11 k=hideAbility total=12 live=true
[log] %cStart Phase: MovePhase color:green
[log] [coop:turn] host recorder: append turn=1 seq=12 k=moveUsed total=13 live=true
[log] %cStart Phase: MessagePhase color:green
[log] %cStart Phase: MoveEffectPhase color:green
[log] [coop:turn] host recorder: append turn=1 seq=13 k=moveAnim total=14 live=true
[log] [coop:turn] host recorder: append turn=1 seq=14 k=hp total=15 live=true
[log] [coop:turn] host recorder: append turn=1 seq=15 k=faint total=16 live=true
[log] %cStart Phase: DamageAnimPhase color:green
[log] %cStart Phase: FaintPhase color:green
[log] %cStart Phase: MessagePhase color:green
[log] %cStart Phase: VictoryPhase color:green
[log] [coop:progression] HOST applyPartyExp COMPUTE wave=26 expValue=256 koMon=Spewpa
[log] %cStart Phase: MoveEndPhase color:green
[log] %cStart Phase: MovePhase color:green
[log] %cStart Phase: MoveEndPhase color:green
[log] %cStart Phase: MovePhase color:green
[log] [coop:turn] host recorder: append turn=1 seq=16 k=moveUsed total=17 live=true
[log] %cStart Phase: MessagePhase color:green
[log] %cStart Phase: MoveEffectPhase color:green
[log] [coop:turn] host recorder: append turn=1 seq=17 k=message total=18 live=true
[log] %cStart Phase: MessagePhase color:green
[log] %cStart Phase: MoveEndPhase color:green
[log] %cStart Phase: CheckInterludePhase color:green
[log] %cStart Phase: WeatherEffectPhase color:green
[log] %cStart Phase: PositionalTagPhase color:green
[log] %cStart Phase: BerryPhase color:green
[log] %cStart Phase: CheckStatusEffectPhase color:green
[log] %cStart Phase: TurnEndPhase color:green
[log] %cStart Phase: PokemonHealPhase color:green
[log] [coop:turn] host recorder: append turn=1 seq=18 k=message total=19 live=true
[log] %cStart Phase: MessagePhase color:green
[log] %cStart Phase: PokemonHealPhase color:green
[log] [coop:turn] host recorder: append turn=1 seq=19 k=message total=20 live=true
[log] %cStart Phase: MessagePhase color:green
[log] %cStart Phase: CoopTurnCommitPhase color:green
[log] [coop:turn] host recorder: finalize turn=1 events=20 seq=20
[log] [coop:checkpoint] build field=4 weather=1/0 terrain=3/0 arenaTags=0 money=2220 mons=[bi0:sp149/hp213-213/st0/fnt0 bi1:sp94/hp179-179/st0/fnt0 bi2:sp665/hp0-47/st7/fnt1 bi3:sp665/hp45-45/st0/fnt0]
[log] [coop:checkpoint] host capture field=4 weather=1 terrain=3 money=2220 arenaTags=0 mons=[bi0:sp149/hp213-213/st0/fnt0 bi1:sp94/hp179-179/st0/fnt0 bi2:sp665/hp0-47/st7/fnt1 bi3:sp665/hp45-45/st0/fnt0]
[log] [coop:interaction] interactionCounter() read -> 30 (role=host)
[log] [coop:replay] host SEND turnResolution e=1833203800481331 wave=26 turn=1 rev=268 events=20 checksum=d2f71b44775fb15b
[log] [coop:transport] send host t=turnResolution e=1833203800481331 wave=26 turn=1 rev=268 events=20 checksum=d2f71b44775fb15b
[warn] [coop:v2-shadow] FAULT tap(TURN_COMMIT): AuthorityLog.commit: TURN_COMMIT is not authorized by predecessor control after WSHADOW/ADV/w1
[log] [coop:transport] recv guest t=turnResolution e=1833203800481331 wave=26 turn=1 rev=268 events=20 checksum=d2f71b44775fb15b handlers=1
[log] [38;2;255;127;80mPhaseInterceptor.to: Stopping on completion of CoopTurnCommitPhase[39m
[log] %cStart Phase: TurnInitPhase color:green
[log] [coop:rendezvous] ARRIVE point=cmd:26:2 (send) role=host
[log] [coop:transport] send host t=rendezvous point=cmd:26:2
[log] [coop:rendezvous] next-command barrier cmd:26:2 SYNC pass (partner already arrived)
[log] [coop:transport] recv guest t=rendezvous point=cmd:26:2 handlers=1
[log] [coop:stream] host ACCEPT turn ACK stage=continuationReady key=1833203800481331:26:1:268
[log] [coop:stream] host RELEASE retained turn after continuationReady key=1833203800481331:26:1:268
[log] [coop:relay] broadcastLocalCommand SEND fieldIndex=0 owner=host turn=2 command=2 cursor=2 moveId=- targets=[]
[log] [coop:transport] send host t=command fi=0 owner=host turn=2 cmd=2 cursor=2 move=-
[log] [coop:transport] recv guest t=command fi=0 owner=host turn=2 cmd=2 cursor=2 move=- handlers=1
[log] [coop:relay] recv command fieldIndex=0 turn=2 command=2 -> BUFFERED (no awaiter yet)
[log] %cStart Phase: CommandPhase color:green
[log] [coop:battle] CommandPhase slot=1 turn=2 owner=guest role=host -> partner path
[log] [coop:relay] host requestPartnerCommand SEND fieldIndex=1 turn=2 moveSlots=[0,1,2,3] (awaiting peer)
[log] [coop:transport] send host t=commandRequest fi=1 owner=guest turn=2 slots=4
[log] [coop:transport] recv guest t=commandRequest fi=1 owner=guest turn=2 slots=4 handlers=1
[log] [coop:relay] peer recv commandRequest fieldIndex=1 owner=guest turn=2 moveSlots=[0,1,2,3] -> reply command=0 cursor=2 moveId=53
[log] [coop:transport] send guest t=command fi=1 owner=guest turn=2 cmd=0 cursor=2 move=53
[log] [coop:transport] recv host t=command fi=1 owner=guest turn=2 cmd=0 cursor=2 move=53 handlers=1
[log] [coop:relay] recv command fieldIndex=1 turn=2 command=0 -> resolved awaiting request
[log] [coop:ai] applyWiredPartnerCommand partner=94 wiredMoveId=53 cursor=2 -> moveId=53 moveIndex=2 tera=false targets=[3] targetsFrom=wire-verbatim useMode=1
[log] %cStart Phase: EnemyCommandPhase color:green
[log] %cStart Phase: TurnStartPhase color:green
[log] [coop-diag] turn-start authoritative guard mode=authoritative role=host turn=2 diverts=false
[log] [coop:turn] host recorder: begin turn=2 scope=1833203800481331:26 (no prior open recording)
[log] %cStart Phase: SwitchSummonPhase color:green
[log] [coop:turn] host recorder: preserve recording scope=1833203800481331:26 turn=2 events=0 seq=0
[log] [coop:turn] host recorder: append turn=2 seq=0 k=switch total=1 live=true
[log] %cStart Phase: PostSummonPhase color:green
[log] %cStart Phase: PostSummonPhase color:green
[log] %cStart Phase: MovePhase color:green
[log] [coop:turn] host recorder: append turn=2 seq=1 k=moveUsed total=2 live=true
[log] %cStart Phase: MessagePhase color:green
[log] %cStart Phase: MoveEffectPhase color:green
[log] [coop:turn] host recorder: append turn=2 seq=2 k=moveAnim total=3 live=true
[log] [coop:turn] host recorder: append turn=2 seq=3 k=hp total=4 live=true
[log] [coop:turn] host recorder: append turn=2 seq=4 k=faint total=5 live=true
[log] [coop:turn] host recorder: append turn=2 seq=5 k=message total=6 live=true
[log] %cStart Phase: DamageAnimPhase color:green
[log] %cStart Phase: MessagePhase color:green
[log] %cStart Phase: FaintPhase color:green
[log] %cStart Phase: MessagePhase color:green
[log] %cStart Phase: VictoryPhase color:green
[log] [coop:progression] HOST applyPartyExp COMPUTE wave=26 expValue=241 koMon=Spewpa
[warn] [coop:v2-shadow] FAULT tap(WAVE_ADVANCE): AuthorityLog.commit: WAVE_ADVANCE is not authorized by predecessor control after WSHADOW/ADV/w1
[log] [coop:runtime] defer raw waveResolved wave=26 outcome=win until its material turnResolution is retained
[log] [coop-diag] VictoryPhase win-branch role=host battleType=WILD queuesTrainerVictory=false queuesSelectModifier=true wave=26
[log] [coop-diag] VictoryTail role=host wave=26 source=legacy-local trainer=false egg=true biomeShop=false biomeChange=false crossroads=false nextWave=27
[log] %cStart Phase: MoveEndPhase color:green
[log] %cStart Phase: MovePhase color:green
[log] %cStart Phase: MoveEndPhase color:green
[log] %cStart Phase: CheckInterludePhase color:green
[log] %cStart Phase: WeatherEffectPhase color:green
[log] %cStart Phase: PositionalTagPhase color:green
[log] %cStart Phase: BerryPhase color:green
[log] %cStart Phase: CheckStatusEffectPhase color:green
[log] %cStart Phase: TurnEndPhase color:green
[log] %cStart Phase: PokemonHealPhase color:green
[log] [coop:turn] host recorder: append turn=2 seq=6 k=message total=7 live=true
[log] %cStart Phase: MessagePhase color:green
[log] %cStart Phase: PokemonHealPhase color:green
[log] [coop:turn] host recorder: append turn=2 seq=7 k=message total=8 live=true
[log] %cStart Phase: MessagePhase color:green
[log] %cStart Phase: CoopTurnCommitPhase color:green
[log] [coop:turn] host recorder: finalize turn=2 events=8 seq=8
[log] [coop:checkpoint] build field=4 weather=1/0 terrain=3/0 arenaTags=0 money=2220 mons=[bi0:sp143/hp303-303/st0/fnt0 bi1:sp94/hp179-179/st0/fnt0 bi2:sp665/hp0-47/st7/fnt1 bi3:sp665/hp0-45/st7/fnt1]
[log] [coop:checkpoint] host capture field=4 weather=1 terrain=3 money=2220 arenaTags=0 mons=[bi0:sp143/hp303-303/st0/fnt0 bi1:sp94/hp179-179/st0/fnt0 bi2:sp665/hp0-47/st7/fnt1 bi3:sp665/hp0-45/st7/fnt1]
[log] [coop:interaction] interactionCounter() read -> 30 (role=host)
[log] [coop:replay] host SEND turnResolution e=1833203800481331 wave=26 turn=2 rev=271 events=8 checksum=015cf32d1b559c58
[log] [coop:transport] send host t=turnResolution e=1833203800481331 wave=26 turn=2 rev=271 events=8 checksum=015cf32d1b559c58
[warn] [coop:v2-shadow] FAULT tap(TURN_COMMIT): AuthorityLog.commit: TURN_COMMIT is not authorized by predecessor control after WSHADOW/ADV/w1
[log] [coop:runtime] send waveResolved wave=26 outcome=win (host)
[log] [coop:replay] host SEND waveResolved wave=26 outcome=win transition=WAVE_VICTORY/next27/biome0/egg1/wild
[log] [coop:transport] send host t=waveResolved wave=26 outcome=win captureParty=- cap=-
[log] [coop:transport] recv guest t=turnResolution e=1833203800481331 wave=26 turn=2 rev=271 events=8 checksum=015cf32d1b559c58 handlers=1
[log] [coop:transport] recv guest t=waveResolved wave=26 outcome=win captureParty=- cap=- handlers=1
[log] [38;2;255;127;80mPhaseInterceptor.to: Stopping on completion of CoopTurnCommitPhase[39m
[log] %cStart Phase: BattleEndPhase color:green
[log] [coop:progression] HOST automatic victory settlement deferred wave=26 sourceTurn=2 settlementTurn=3
[log] %cStart Phase: EggLapsePhase color:green
[log] %cStart Phase: CoopVictorySealPhase color:green
[log] [coop:transport] send host t=envelope t=envelope
[log] [coop:runtime] wave-advance op HOST commit wave=26 outcome=win next=WAVE_VICTORY rev=62 id=1833203800481331:0:WAVE_ADVANCE:26 (Wave-2f)
[log] [coop:runtime] settled WAVE_ADVANCE committed wave=26 tick=272 next=WAVE_VICTORY/wave27
[log] [coop:runtime] send waveEndState wave=26 tick=272 (host)
[log] [coop:replay] host SEND waveEndState wave=26 tick=272 party=6
[log] [coop:transport] send host t=waveEndState t=waveEndState
[log] [coop:progression] HOST automatic victory settlement sealed wave=26 sourceTurn=2 settlementTurn=3 tick=272
[log] [coop:transport] recv guest t=envelope t=envelope handlers=1
[log] [coop:transport] recv guest t=waveEndState t=waveEndState handlers=1
[log] [coop:interaction] interactionCounter() read -> 30 (role=host)
[log] [coop:owner] ownerOf(counter=30) seat=0 -> owner=host
[log] [coop:owner] isLocalOwnerAtCounter(pinnedCounter=30) parity=0 owner=host role=host -> true
[log] [coop:interaction] interactionCounter() read -> 30 (role=host)
[log] [coop:reward] owner/watcher decision: pinnedStart=30 liveCounter=30 parity=0 role=host pick=OWNER option=ROLL spoof=false
[log] [coop:shop] serializeRewardOptions count=3 ids=[SOOTHE_BELL,POKEBALL,TEMP_STAT_STAGE_BOOSTER] tiers=[1,0,0]
[log] [coop:reward] OWNER streams reward options (start=30 reroll=0 count=3 ids=[SOOTHE_BELL,POKEBALL,TEMP_STAT_STAGE_BOOSTER])
[log] [coop:relay] SEND rewardOptions seq=30 reroll=0 count=3 ids=[SOOTHE_BELL,POKEBALL,TEMP_STAT_STAGE_BOOSTER]
[log] [coop:transport] send host t=rewardOptions seq=30 reroll=0 options=3
[log] [coop:rendezvous] ARRIVE point=shop:26:30 (send) role=host
[log] [coop:transport] send host t=rendezvous point=shop:26:30
[log] [coop:reward] OWNER drives reward screen (start=30 role=host spoof=false adoptsOptions=false wave=26)
[log] [coop:rendezvous] shop-pick-commit barrier AWAIT shop:26:30
[log] [coop:rendezvous] AWAIT point=shop:26:30 timeoutMs=2000 -> network-wait role=host
[log] [coop:transport] recv guest t=rewardOptions seq=30 reroll=0 options=3 handlers=1
[log] [coop:transport] recv guest t=rendezvous point=shop:26:30 handlers=1
[log] [coop:interaction] interactionCounter() read -> 30 (role=host)
[log] [coop:checksum] capture digest=015cf32d1b559c58 field=4 biome=3 seed=coop-soak-20260924 weather=1 terrain=3 money=2220 party=[143,94,149,445,376,248] partyLevels=[65,65,65,65,65,65] arenaTags=0 modifiers=4 heldItemsDigest=0 pokeballs=[0:50,1:5,2:0,3:0,4:0] mons=[bi0:sp143/hp303-303/st0/ab12/form0/tera0:0/boss0:0 bi1:sp94/hp179-179/st0/ab5067/form0/tera0:7/boss0:0 bi2:sp665/hp0-47/st7/ab4/form0/tera0:2/boss0:0 bi3:sp665/hp0-45/st7/ab4/form0/tera0:6/boss0:0]
[log] [coop:durability] operation delivery RETRY key=op:global:62:1833203800481331:26:3:1833203800481331:0:WAVE_ADVANCE:26 attempt=1/8
[log] [coop:transport] send host t=envelope t=envelope
[log] [coop:rendezvous] RECV arrival point=shop:26:30 -> deliver-to-waiter role=host
[log] [coop:transport] send host t=rendezvous point=shop:26:30
[log] [coop:rendezvous] AWAIT point=shop:26:30 RESOLVE both-arrived role=host
[log] [coop:stream] host ACCEPT turn ACK stage=continuationReady key=1833203800481331:26:2:271
[log] [coop:stream] host RELEASE retained turn after continuationReady key=1833203800481331:26:2:271
[log] [coop:durability] host RELEASE contiguous acknowledged authority cls=op:global seq=62
[warn] [coop:durability] DROP skipped/regressed operation ACK key=op:global:62:1833203800481331:26:3:1833203800481331:0:WAVE_ADVANCE:26 stage=materialApplied
[warn] [coop:durability] DROP skipped/regressed operation ACK key=op:global:62:1833203800481331:26:3:1833203800481331:0:WAVE_ADVANCE:26 stage=presentationReady
[log] [coop:transport] recv guest t=rendezvous point=shop:26:30 handlers=1
[log] [coop:interaction] mirror begin role=owner mirrorSeq=1920 interactionStart=30 reroll=0
[log] [coop:interaction] uiMirror beginSession role=owner mode=6 seq=1920 early=0
[log] [coop:owner] ownerOf(counter=30) seat=0 -> owner=host
[log] [coop:owner] isLocalOwnerAtCounter(pinnedCounter=30) parity=0 owner=host role=host -> true
[log] [coop:owner] ownerOf(counter=30) seat=0 -> owner=host
[log] [coop:owner] isLocalOwnerAtCounter(pinnedCounter=30) parity=0 owner=host role=host -> true
[log] [coop:relay] OWNER prepare seq=30 kind=reward choice=1 data=[0] role=host
[log] [coop:reward] reward op INTENT prepared label=reward id=1833203800481331:0:REWARD:3000000
[log] [coop:relay] OWNER send raw seq=30 kind=reward choice=1 role=host
[log] [coop:relay] SEND interactionChoice seq=30 kind=reward kind=? choice=1 data=[0]
[log] [coop:transport] send host t=interactionChoice seq=30 kind=reward choice=1
[warn] [coop:v2-shadow] FAULT tap(INTERACTION_COMMIT): AuthorityLog.commit: INTERACTION_COMMIT is not authorized by predecessor control after WSHADOW/ADV/w1
[log] [coop:reward] APPLY_RESULT pin=30 side=owner type=POKEBALL class=AddPokeballModifier pregen=[] holderSlot=-1 holderId=-1 stack=-1 accepted=true cost=-1
[log] [coop:shop] serializeRewardOptions count=3 ids=[SOOTHE_BELL,POKEBALL,TEMP_STAT_STAGE_BOOSTER] tiers=[1,0,0]
[log] [coop:transport] send host t=envelope t=envelope
[log] [coop:reward] reward authoritative RESULT retained rev=63 tick=273 id=1833203800481331:0:REWARD:3000000
[log] [coop:interaction] interactionCounter() read -> 30 (role=host)
[log] [coop:interaction] CoopInteractionTurn.advance INCREMENT (fromCounter=30) counter 30 -> 31
[log] [coop:interaction] advanceInteraction ADVANCED+BROADCAST (fromCounter=30) counter 30 -> 31 role=host; send interaction screen=__turn__ choice=31
[log] [coop:interaction] SEND counter snapshot reason=advance choice=31 role=host
[log] [coop:transport] send host t=interaction screen=__turn__
[log] [coop:owner] ownerOf(counter=31) seat=1 -> owner=guest
[log] [coop:owner] ownerOf(counter=31) seat=1 -> owner=guest
[log] [coop:interaction] interactionCounter() read -> 31 (role=host)
[log] [coop:reward] advance interaction (role=host from=30 counter 30 -> 31)
[log] [coop:transport] recv guest t=interactionChoice seq=30 kind=reward choice=1 handlers=1
[log] [coop:transport] recv guest t=envelope t=envelope handlers=1
[log] [coop:transport] recv guest t=interaction screen=__turn__ handlers=1
[log] [coop:interaction] RECV interaction broadcast (deferred catch-up net) received=31 localBefore=31 role=host -> no defer (local >= received)
[warn] [coop:interaction] CoopInteractionTurn.mergeRemote DEFER (remote=31, counter=31, pendingRemote=31) live counter UNCHANGED (folds in at next advance if still ahead)
[log] [coop:owner] ownerOf(counter=31) seat=1 -> owner=guest
[log] [coop:owner] ownerOf(counter=31) seat=1 -> owner=guest
[log] %cStart Phase: NewBattlePhase color:green
[log] [coop:turn] host recorder: begin deferred transition turn=1 scope=1833203800481331:27
[log] %cStart Phase: CoopPartnerSyncPhase color:green
[log] [coop:interaction] interactionCounter() read -> 31 (role=host)
[log] %cStart Phase: NextEncounterPhase color:green
[log] [coop:interaction] interactionCounter() read -> 31 (role=host)
[log] [coop:replay] host SEND enemyPartySync wave=27 count=2 meType=-1 battleType=0 entryPresentation=-
[log] [coop:transport] send host t=enemyPartySync wave=27 enemies=2 battleType=0
[log] [coop:turn] host recorder: preserve recording scope=1833203800481331:27 turn=1 events=0 seq=0
[log] [coop:transport] recv guest t=enemyPartySync wave=27 enemies=2 battleType=0 handlers=1
[log] %cStart Phase: ToggleDoublePositionPhase color:green
[log] %cStart Phase: CheckSwitchPhase color:green
[log] %cStart Phase: CheckSwitchPhase color:green
[log] %cStart Phase: InitEncounterPhase color:green
[log] [coop:turn] host recorder: preserve recording scope=1833203800481331:27 turn=1 events=0 seq=0
[log] %cStart Phase: PostSummonPhase color:green
[log] %cStart Phase: PostSummonPhase color:green
[log] %cStart Phase: TurnInitPhase color:green
[log] [coop:replay] host SEND enemyPartySync wave=27 count=2 meType=-1 battleType=0 entryPresentation=0
[log] [coop:transport] send host t=enemyPartySync wave=27 enemies=2 battleType=0
[log] [coop:replay] host RE-BROADCAST wave-start authority wave=27 after post-summon boundary stateChanged=false presentation=0 (#920)
[log] [coop:rendezvous] next-command barrier ARRIVE+AWAIT cmd:27:1 slot=0
[log] [coop:rendezvous] ARRIVE point=cmd:27:1 (send) role=host
[log] [coop:transport] send host t=rendezvous point=cmd:27:1
[log] [coop:rendezvous] AWAIT point=cmd:27:1 timeoutMs=2000 -> network-wait role=host
[log] [coop:transport] recv guest t=enemyPartySync wave=27 enemies=2 battleType=0 handlers=1
[log] [coop:transport] recv guest t=rendezvous point=cmd:27:1 handlers=1
[log] [coop:rendezvous] RECV arrival point=cmd:27:1 -> deliver-to-waiter role=host
[log] [coop:transport] send host t=rendezvous point=cmd:27:1
[log] [coop:rendezvous] AWAIT point=cmd:27:1 RESOLVE both-arrived role=host
[log] [coop:durability] host RELEASE contiguous acknowledged authority cls=op:global seq=63
[log] [coop:transport] recv guest t=rendezvous point=cmd:27:1 handlers=1
[log] [coop:transport] send host t=enemyPartySync wave=27 enemies=2 battleType=0
[log] [coop:replay] host RE-BROADCAST wave-start authority wave=27 after post-summon boundary stateChanged=false presentation=0 (#920)
[log] [coop:transport] recv guest t=enemyPartySync wave=27 enemies=2 battleType=0 handlers=1
[log] [coop:interaction] interactionCounter() read -> 31 (role=host)
[log] [coop:checksum] capture digest=f76054bfd475a158 field=4 biome=3 seed=coop-soak-20260924 weather=1 terrain=3 money=2220 party=[143,94,149,445,376,248] partyLevels=[65,65,65,65,65,65] arenaTags=0 modifiers=4 heldItemsDigest=0 pokeballs=[0:55,1:5,2:0,3:0,4:0] mons=[bi0:sp143/hp303-303/st0/ab12/form0/tera0:0/boss0:0 bi1:sp94/hp179-179/st0/ab5067/form0/tera0:7/boss0:0 bi2:sp665/hp49-49/st0/ab218/form0/tera0:2/boss0:0 bi3:sp30/hp56-56/st0/ab132/form0/tera0:3/boss0:0]
[log] [coop:interaction] interactionCounter() read -> 31 (role=host)
[log] %cStart Phase: SelectTargetPhase color:green
[log] [coop:owner] broadcast own-slot fi=0 turn=1 role=host cmd=0
[log] [coop:relay] broadcastLocalCommand SEND fieldIndex=0 owner=host turn=1 command=0 cursor=2 moveId=53 targets=[2]
[log] [coop:transport] send host t=command fi=0 owner=host turn=1 cmd=0 cursor=2 move=53
[log] [coop:transport] recv guest t=command fi=0 owner=host turn=1 cmd=0 cursor=2 move=53 handlers=1
[log] [coop:relay] recv command fieldIndex=0 turn=1 command=0 -> BUFFERED (no awaiter yet)
[log] %cStart Phase: CommandPhase color:green
[log] [coop:transport] send host t=enemyPartySync wave=27 enemies=2 battleType=0
[log] [coop:replay] host RE-BROADCAST wave-start authority wave=27 after post-summon boundary stateChanged=false presentation=0 (#920)
[log] [coop:battle] CommandPhase slot=1 turn=1 owner=guest role=host -> partner path
[log] [coop:relay] host requestPartnerCommand SEND fieldIndex=1 turn=1 moveSlots=[0,1,2,3] (awaiting peer)
[log] [coop:transport] send host t=commandRequest fi=1 owner=guest turn=1 slots=4
[log] [coop:transport] recv guest t=enemyPartySync wave=27 enemies=2 battleType=0 handlers=1
[log] [coop:transport] recv guest t=commandRequest fi=1 owner=guest turn=1 slots=4 handlers=1
[log] [coop:relay] peer recv commandRequest fieldIndex=1 owner=guest turn=1 moveSlots=[0,1,2,3] -> reply command=0 cursor=3 moveId=85
[log] [coop:transport] send guest t=command fi=1 owner=guest turn=1 cmd=0 cursor=3 move=85
[log] [coop:transport] recv host t=command fi=1 owner=guest turn=1 cmd=0 cursor=3 move=85 handlers=1
[log] [coop:relay] recv command fieldIndex=1 turn=1 command=0 -> resolved awaiting request
[log] [coop:ai] applyWiredPartnerCommand partner=94 wiredMoveId=85 cursor=3 -> moveId=85 moveIndex=3 tera=false targets=[3] targetsFrom=wire-verbatim useMode=1
[log] %cStart Phase: EnemyCommandPhase color:green
[log] %cStart Phase: EnemyCommandPhase color:green
[log] %cStart Phase: TurnStartPhase color:green
[log] [coop-diag] turn-start authoritative guard mode=authoritative role=host turn=1 diverts=false
[log] [coop:turn] host recorder: preserve recording scope=1833203800481331:27 turn=1 events=0 seq=0
[log] %cStart Phase: MovePhase color:green
[log] [coop:turn] host recorder: append turn=1 seq=0 k=moveUsed total=1 live=true
[log] %cStart Phase: MessagePhase color:green
[log] %cStart Phase: MoveEffectPhase color:green
[log] [coop:turn] host recorder: append turn=1 seq=1 k=moveAnim total=2 live=true
[log] [coop:turn] host recorder: append turn=1 seq=2 k=hp total=3 live=true
[log] [coop:turn] host recorder: append turn=1 seq=3 k=faint total=4 live=true
[log] %cStart Phase: DamageAnimPhase color:green
[log] %cStart Phase: FaintPhase color:green
[log] %cStart Phase: MessagePhase color:green
[log] %cStart Phase: VictoryPhase color:green
[log] [coop:progression] HOST applyPartyExp COMPUTE wave=27 expValue=436.2 koMon=Nidorina
[log] %cStart Phase: MoveEndPhase color:green
[log] %cStart Phase: MovePhase color:green
[log] [coop:turn] host recorder: append turn=1 seq=4 k=moveUsed total=5 live=true
[log] %cStart Phase: MessagePhase color:green
[log] %cStart Phase: MoveEffectPhase color:green
[log] [coop:turn] host recorder: append turn=1 seq=5 k=moveAnim total=6 live=true
[log] [coop:turn] host recorder: append turn=1 seq=6 k=hp total=7 live=true
[log] [coop:turn] host recorder: append turn=1 seq=7 k=faint total=8 live=true
[log] [coop:turn] host recorder: append turn=1 seq=8 k=message total=9 live=true
[log] %cStart Phase: DamageAnimPhase color:green
[log] %cStart Phase: MessagePhase color:green
[log] %cStart Phase: FaintPhase color:green
[log] %cStart Phase: MessagePhase color:green
[log] %cStart Phase: VictoryPhase color:green
[log] [coop:progression] HOST applyPartyExp COMPUTE wave=27 expValue=271 koMon=Spewpa
[warn] [coop:v2-shadow] FAULT tap(WAVE_ADVANCE): AuthorityLog.commit: WAVE_ADVANCE is not authorized by predecessor control after WSHADOW/ADV/w1
[log] [coop:runtime] defer raw waveResolved wave=27 outcome=win until its material turnResolution is retained
[log] [coop-diag] VictoryPhase win-branch role=host battleType=WILD queuesTrainerVictory=false queuesSelectModifier=true wave=27
[log] [coop-diag] VictoryTail role=host wave=27 source=legacy-local trainer=false egg=true biomeShop=false biomeChange=false crossroads=false nextWave=28
[log] %cStart Phase: MoveEndPhase color:green
[log] %cStart Phase: MovePhase color:green
[log] %cStart Phase: MoveEndPhase color:green
[log] %cStart Phase: MovePhase color:green
[log] %cStart Phase: MoveEndPhase color:green
[log] %cStart Phase: CheckInterludePhase color:green
[log] %cStart Phase: WeatherEffectPhase color:green
[log] %cStart Phase: PositionalTagPhase color:green
[log] %cStart Phase: BerryPhase color:green
[log] %cStart Phase: CheckStatusEffectPhase color:green
[log] %cStart Phase: TurnEndPhase color:green
[log] %cStart Phase: PokemonHealPhase color:green
[log] [coop:turn] host recorder: append turn=1 seq=9 k=message total=10 live=true
[log] %cStart Phase: MessagePhase color:green
[log] %cStart Phase: PokemonHealPhase color:green
[log] [coop:turn] host recorder: append turn=1 seq=10 k=message total=11 live=true
[log] %cStart Phase: MessagePhase color:green
[log] %cStart Phase: CoopTurnCommitPhase color:green
[log] [coop:turn] host recorder: finalize turn=1 events=11 seq=11
[log] [coop:checkpoint] build field=4 weather=1/0 terrain=3/0 arenaTags=0 money=2220 mons=[bi0:sp143/hp303-303/st0/fnt0 bi1:sp94/hp179-179/st0/fnt0 bi2:sp665/hp0-49/st7/fnt1 bi3:sp30/hp0-56/st7/fnt1]
[log] [coop:checkpoint] host capture field=4 weather=1 terrain=3 money=2220 arenaTags=0 mons=[bi0:sp143/hp303-303/st0/fnt0 bi1:sp94/hp179-179/st0/fnt0 bi2:sp665/hp0-49/st7/fnt1 bi3:sp30/hp0-56/st7/fnt1]
[log] [coop:interaction] interactionCounter() read -> 31 (role=host)
[log] [coop:replay] host SEND turnResolution e=1833203800481331 wave=27 turn=1 rev=280 events=11 checksum=4b8443a7461e5c34
[log] [coop:transport] send host t=turnResolution e=1833203800481331 wave=27 turn=1 rev=280 events=11 checksum=4b8443a7461e5c34
[warn] [coop:v2-shadow] FAULT tap(TURN_COMMIT): AuthorityLog.commit: TURN_COMMIT is not authorized by predecessor control after WSHADOW/ADV/w1
[log] [coop:runtime] send waveResolved wave=27 outcome=win (host)
[log] [coop:replay] host SEND waveResolved wave=27 outcome=win transition=WAVE_VICTORY/next28/biome0/egg1/wild
[log] [coop:transport] send host t=waveResolved wave=27 outcome=win captureParty=- cap=-
[log] [coop:transport] recv guest t=turnResolution e=1833203800481331 wave=27 turn=1 rev=280 events=11 checksum=4b8443a7461e5c34 handlers=1
[log] [coop:transport] recv guest t=waveResolved wave=27 outcome=win captureParty=- cap=- handlers=1
[log] [38;2;255;127;80mPhaseInterceptor.to: Stopping on completion of CoopTurnCommitPhase[39m
[log] %cStart Phase: BattleEndPhase color:green
[log] [coop:progression] HOST automatic victory settlement deferred wave=27 sourceTurn=1 settlementTurn=2
[log] %cStart Phase: EggLapsePhase color:green
[log] %cStart Phase: CoopVictorySealPhase color:green
[log] [coop:transport] send host t=envelope t=envelope
[log] [coop:runtime] wave-advance op HOST commit wave=27 outcome=win next=WAVE_VICTORY rev=64 id=1833203800481331:0:WAVE_ADVANCE:27 (Wave-2f)
[log] [coop:runtime] settled WAVE_ADVANCE committed wave=27 tick=281 next=WAVE_VICTORY/wave28
[log] [coop:runtime] send waveEndState wave=27 tick=281 (host)
[log] [coop:replay] host SEND waveEndState wave=27 tick=281 party=6
[log] [coop:transport] send host t=waveEndState t=waveEndState
[log] [coop:progression] HOST automatic victory settlement sealed wave=27 sourceTurn=1 settlementTurn=2 tick=281
[log] [coop:transport] recv guest t=envelope t=envelope handlers=1
[log] [coop:transport] recv guest t=waveEndState t=waveEndState handlers=1
[log] [coop:interaction] interactionCounter() read -> 31 (role=host)
[log] [coop:owner] ownerOf(counter=31) seat=1 -> owner=guest
[log] [coop:owner] isLocalOwnerAtCounter(pinnedCounter=31) parity=1 owner=guest role=host -> false
[log] [coop:interaction] interactionCounter() read -> 31 (role=host)
[log] [coop:reward] owner/watcher decision: pinnedStart=31 liveCounter=31 parity=1 role=host pick=WATCHER option=ROLL spoof=false
[log] [coop:shop] serializeRewardOptions count=3 ids=[TEMP_STAT_STAGE_BOOSTER,POKEBALL,TM_CASE] tiers=[0,0,0]
[log] [coop:reward] OWNER streams reward options (start=31 reroll=0 count=3 ids=[TEMP_STAT_STAGE_BOOSTER,POKEBALL,TM_CASE])
[log] [coop:relay] SEND rewardOptions seq=31 reroll=0 count=3 ids=[TEMP_STAT_STAGE_BOOSTER,POKEBALL,TM_CASE]
[log] [coop:transport] send host t=rewardOptions seq=31 reroll=0 options=3
[log] [coop:rendezvous] ARRIVE point=shop:27:31 (send) role=host
[log] [coop:transport] send host t=rendezvous point=shop:27:31
[log] [coop:reward] WATCHER waits for partner's reward picks (start=31 role=host wave=27)
[log] [coop:durability] host operation continuation window REARM key=op:global:64:1833203800481331:27:2:1833203800481331:0:WAVE_ADVANCE:27 surface=sharedInput at=1833203800481331/27/2
[log] [coop:transport] recv guest t=rewardOptions seq=31 reroll=0 options=3 handlers=1
[log] [coop:transport] recv guest t=rendezvous point=shop:27:31 handlers=1
[log] [coop:interaction] mirror begin role=watcher mirrorSeq=1984 interactionStart=31 reroll=0
[log] [coop:interaction] uiMirror beginSession role=watcher mode=6 seq=1984 early=0
[log] [coop:relay] AWAIT interactionChoice seq=31 timeoutMs=1200000 expected=[reward,shop,skip,reroll,check,transfer,lock] -> network-wait
[log] [coop:durability] operation delivery RETRY key=op:global:64:1833203800481331:27:2:1833203800481331:0:WAVE_ADVANCE:27 attempt=1/8
[log] [coop:transport] send host t=envelope t=envelope
[log] [coop:interaction] interactionCounter() read -> 31 (role=host)
[log] [coop:checksum] capture digest=4b8443a7461e5c34 field=4 biome=3 seed=coop-soak-20260924 weather=1 terrain=3 money=2220 party=[143,94,149,445,376,248] partyLevels=[65,65,65,65,65,65] arenaTags=0 modifiers=4 heldItemsDigest=0 pokeballs=[0:55,1:5,2:0,3:0,4:0] mons=[bi0:sp143/hp303-303/st0/ab12/form0/tera0:0/boss0:0 bi1:sp94/hp179-179/st0/ab5067/form0/tera0:7/boss0:0 bi2:sp665/hp0-49/st7/ab218/form0/tera0:2/boss0:0 bi3:sp30/hp0-56/st7/ab132/form0/tera0:3/boss0:0]
[log] [coop:rendezvous] RECV arrival point=shop:27:31 -> BUFFER (no waiter yet) role=host
[log] [coop:stream] host ACCEPT turn ACK stage=continuationReady key=1833203800481331:27:1:280
[log] [coop:stream] host RELEASE retained turn after continuationReady key=1833203800481331:27:1:280
[log] [coop:durability] host RELEASE contiguous acknowledged authority cls=op:global seq=64
[log] [coop:relay] DELIVER interactionChoice seq=31 -> waiter kind=skip choice=-1 data=-
[log] [coop:relay] AWAIT interactionChoice seq=31 RESOLVE kind=skip choice=-1 data=-
[log] [coop:reward] WATCHER applying relayed action seq=31 act=LEAVE choice=-1 data=-
[log] [coop:shop] serializeRewardOptions count=3 ids=[TEMP_STAT_STAGE_BOOSTER,POKEBALL,TM_CASE] tiers=[0,0,0]
[log] [coop:transport] send host t=envelope t=envelope
[log] [coop:reward] reward authoritative RESULT retained rev=65 tick=282 id=1833203800481331:1:REWARD:3100000
[log] [coop:transport] recv guest t=envelope t=envelope handlers=1
[log] [coop:interaction] interactionCounter() read -> 31 (role=host)
[log] [coop:interaction] interactionCounter() read -> 31 (role=host)
[log] [coop:interaction] RECV interaction broadcast (deferred catch-up net) received=32 localBefore=31 role=host -> WILL DEFER to 32 (folds in at next advance if still ahead)
[warn] [coop:interaction] CoopInteractionTurn.mergeRemote DEFER (remote=32, counter=31, pendingRemote=32) live counter UNCHANGED (folds in at next advance if still ahead)
[log] [coop:owner] ownerOf(counter=31) seat=1 -> owner=guest
[log] [coop:owner] ownerOf(counter=31) seat=1 -> owner=guest
[log] [coop:reward] OWNER peer material applied; release terminal engine barrier seq=31 id=1833203800481331:1:REWARD:3100000
[log] [coop:interaction] interactionCounter() read -> 31 (role=host)
[log] [coop:interaction] CoopInteractionTurn.advance INCREMENT (fromCounter=31) counter 31 -> 32
[log] [coop:interaction] advanceInteraction ADVANCED+BROADCAST (fromCounter=31) counter 31 -> 32 role=host; send interaction screen=__turn__ choice=32
[log] [coop:interaction] SEND counter snapshot reason=advance choice=32 role=host
[log] [coop:transport] send host t=interaction screen=__turn__
[log] [coop:owner] ownerOf(counter=32) seat=0 -> owner=host
[log] [coop:owner] ownerOf(counter=32) seat=0 -> owner=host
[log] [coop:interaction] interactionCounter() read -> 32 (role=host)
[log] [coop:reward] advance interaction (role=host from=31 counter 31 -> 32)
[log] [coop:transport] recv guest t=interaction screen=__turn__ handlers=1
[log] %cStart Phase: NewBattlePhase color:green
[log] [coop:turn] host recorder: begin deferred transition turn=1 scope=1833203800481331:28
[log] %cStart Phase: CoopPartnerSyncPhase color:green
[log] [coop:interaction] interactionCounter() read -> 32 (role=host)
[log] %cStart Phase: NextEncounterPhase color:green
[log] [coop:interaction] interactionCounter() read -> 32 (role=host)
[log] [coop:replay] host SEND enemyPartySync wave=28 count=2 meType=-1 battleType=0 entryPresentation=-
[log] [coop:transport] send host t=enemyPartySync wave=28 enemies=2 battleType=0
[log] [coop:turn] host recorder: preserve recording scope=1833203800481331:28 turn=1 events=0 seq=0
[log] [coop:transport] recv guest t=enemyPartySync wave=28 enemies=2 battleType=0 handlers=1
[log] %cStart Phase: ToggleDoublePositionPhase color:green
[log] %cStart Phase: CheckSwitchPhase color:green
[log] %cStart Phase: CheckSwitchPhase color:green
[log] %cStart Phase: InitEncounterPhase color:green
[log] [coop:turn] host recorder: preserve recording scope=1833203800481331:28 turn=1 events=0 seq=0
[log] %cStart Phase: PostSummonPhase color:green
[log] %cStart Phase: PostSummonPhase color:green
[log] %cStart Phase: TurnInitPhase color:green
[log] [coop:replay] host SEND enemyPartySync wave=28 count=2 meType=-1 battleType=0 entryPresentation=0
[log] [coop:transport] send host t=enemyPartySync wave=28 enemies=2 battleType=0
[log] [coop:replay] host RE-BROADCAST wave-start authority wave=28 after post-summon boundary stateChanged=false presentation=0 (#920)
[log] [coop:rendezvous] next-command barrier ARRIVE+AWAIT cmd:28:1 slot=0
[log] [coop:rendezvous] ARRIVE point=cmd:28:1 (send) role=host
[log] [coop:transport] send host t=rendezvous point=cmd:28:1
[log] [coop:rendezvous] AWAIT point=cmd:28:1 timeoutMs=2000 -> network-wait role=host
[log] [coop:transport] recv guest t=enemyPartySync wave=28 enemies=2 battleType=0 handlers=1
[log] [coop:transport] recv guest t=rendezvous point=cmd:28:1 handlers=1
[log] [coop:rendezvous] RECV arrival point=cmd:28:1 -> deliver-to-waiter role=host
[log] [coop:transport] send host t=rendezvous point=cmd:28:1
[log] [coop:rendezvous] AWAIT point=cmd:28:1 RESOLVE both-arrived role=host
[log] [coop:durability] host RELEASE contiguous acknowledged authority cls=op:global seq=65
[log] [coop:transport] recv guest t=rendezvous point=cmd:28:1 handlers=1
[log] [coop:transport] send host t=enemyPartySync wave=28 enemies=2 battleType=0
[log] [coop:replay] host RE-BROADCAST wave-start authority wave=28 after post-summon boundary stateChanged=false presentation=0 (#920)
[log] [coop:transport] recv guest t=enemyPartySync wave=28 enemies=2 battleType=0 handlers=1
[log] [coop:interaction] interactionCounter() read -> 32 (role=host)
[log] [coop:checksum] capture digest=286b1e17ea3468d3 field=4 biome=3 seed=coop-soak-20260924 weather=1 terrain=3 money=2220 party=[143,94,149,445,376,248] partyLevels=[65,65,65,65,65,65] arenaTags=0 modifiers=4 heldItemsDigest=0 pokeballs=[0:55,1:5,2:0,3:0,4:0] mons=[bi0:sp143/hp303-303/st0/ab12/form0/tera0:0/boss0:0 bi1:sp94/hp179-179/st0/ab5067/form0/tera0:7/boss0:0 bi2:sp761/hp48-48/st0/ab158/form0/tera0:11/boss0:0 bi3:sp665/hp49-49/st0/ab218/form0/tera0:2/boss0:0]
[log] [coop:interaction] interactionCounter() read -> 32 (role=host)
[log] %cStart Phase: SelectTargetPhase color:green
[log] [coop:owner] broadcast own-slot fi=0 turn=1 role=host cmd=0
[log] [coop:relay] broadcastLocalCommand SEND fieldIndex=0 owner=host turn=1 command=0 cursor=1 moveId=247 targets=[2]
[log] [coop:transport] send host t=command fi=0 owner=host turn=1 cmd=0 cursor=1 move=247
[log] [coop:transport] recv guest t=command fi=0 owner=host turn=1 cmd=0 cursor=1 move=247 handlers=1
[log] [coop:relay] recv command fieldIndex=0 turn=1 command=0 -> BUFFERED (no awaiter yet)
[log] %cStart Phase: CommandPhase color:green
[log] [coop:transport] send host t=enemyPartySync wave=28 enemies=2 battleType=0
[log] [coop:replay] host RE-BROADCAST wave-start authority wave=28 after post-summon boundary stateChanged=false presentation=0 (#920)
[log] [coop:battle] CommandPhase slot=1 turn=1 owner=guest role=host -> partner path
[log] [coop:relay] host requestPartnerCommand SEND fieldIndex=1 turn=1 moveSlots=[0,1,2,3] (awaiting peer)
[log] [coop:transport] send host t=commandRequest fi=1 owner=guest turn=1 slots=4
[log] [coop:transport] recv guest t=enemyPartySync wave=28 enemies=2 battleType=0 handlers=1
[log] [coop:transport] recv guest t=commandRequest fi=1 owner=guest turn=1 slots=4 handlers=1
[log] [coop:relay] peer recv commandRequest fieldIndex=1 owner=guest turn=1 moveSlots=[0,1,2,3] -> reply command=0 cursor=3 moveId=85
[log] [coop:transport] send guest t=command fi=1 owner=guest turn=1 cmd=0 cursor=3 move=85
[log] [coop:transport] recv host t=command fi=1 owner=guest turn=1 cmd=0 cursor=3 move=85 handlers=1
[log] [coop:relay] recv command fieldIndex=1 turn=1 command=0 -> resolved awaiting request
[log] [coop:ai] applyWiredPartnerCommand partner=94 wiredMoveId=85 cursor=3 -> moveId=85 moveIndex=3 tera=false targets=[3] targetsFrom=wire-verbatim useMode=1
[log] %cStart Phase: EnemyCommandPhase color:green
[log] %cStart Phase: EnemyCommandPhase color:green
[log] %cStart Phase: TurnStartPhase color:green
[log] [coop-diag] turn-start authoritative guard mode=authoritative role=host turn=1 diverts=false
[log] [coop:turn] host recorder: preserve recording scope=1833203800481331:28 turn=1 events=0 seq=0
[log] %cStart Phase: MovePhase color:green
[log] [coop:turn] host recorder: append turn=1 seq=0 k=moveUsed total=1 live=true
[log] %cStart Phase: MessagePhase color:green
[log] %cStart Phase: MoveEffectPhase color:green
[log] [coop:turn] host recorder: append turn=1 seq=1 k=moveAnim total=2 live=true
[log] [coop:turn] host recorder: append turn=1 seq=2 k=hp total=3 live=true
[log] [coop:turn] host recorder: append turn=1 seq=3 k=faint total=4 live=true
[log] %cStart Phase: DamageAnimPhase color:green
[log] %cStart Phase: FaintPhase color:green
[log] %cStart Phase: MessagePhase color:green
[log] %cStart Phase: VictoryPhase color:green
[log] [coop:progression] HOST applyPartyExp COMPUTE wave=28 expValue=271 koMon=Spewpa
[log] %cStart Phase: MoveEndPhase color:green
[log] %cStart Phase: MovePhase color:green
[log] [coop:turn] host recorder: append turn=1 seq=4 k=moveUsed total=5 live=true
[log] %cStart Phase: MessagePhase color:green
[log] %cStart Phase: MoveEffectPhase color:green
[log] [coop:turn] host recorder: append turn=1 seq=5 k=moveAnim total=6 live=true
[log] [coop:turn] host recorder: append turn=1 seq=6 k=hp total=7 live=true
[log] [coop:turn] host recorder: append turn=1 seq=7 k=faint total=8 live=true
[log] %cStart Phase: DamageAnimPhase color:green
[log] %cStart Phase: FaintPhase color:green
[log] %cStart Phase: MessagePhase color:green
[log] %cStart Phase: ShowAbilityPhase color:green
[log] [coop:turn] host recorder: append turn=1 seq=8 k=showAbility total=9 live=true
[log] %cStart Phase: StatStageChangePhase color:green
[log] [coop:turn] host recorder: append turn=1 seq=9 k=message total=10 live=true
[log] [coop:turn] host recorder: append turn=1 seq=10 k=statStage total=11 live=true
[log] %cStart Phase: MessagePhase color:green
[log] %cStart Phase: StatStageChangePhase color:green
[log] [coop:turn] host recorder: append turn=1 seq=11 k=message total=12 live=true
[log] [coop:turn] host recorder: append turn=1 seq=12 k=statStage total=13 live=true
[log] %cStart Phase: MessagePhase color:green
[log] %cStart Phase: StatStageChangePhase color:green
[log] [coop:turn] host recorder: append turn=1 seq=13 k=message total=14 live=true
[log] [coop:turn] host recorder: append turn=1 seq=14 k=statStage total=15 live=true
[log] %cStart Phase: MessagePhase color:green
[log] %cStart Phase: StatStageChangePhase color:green
[log] [coop:turn] host recorder: append turn=1 seq=15 k=message total=16 live=true
[log] [coop:turn] host recorder: append turn=1 seq=16 k=statStage total=17 live=true
[log] %cStart Phase: MessagePhase color:green
[log] %cStart Phase: HideAbilityPhase color:green
[log] [coop:turn] host recorder: append turn=1 seq=17 k=hideAbility total=18 live=true
[log] %cStart Phase: VictoryPhase color:green
[log] [coop:progression] HOST applyPartyExp COMPUTE wave=28 expValue=152.2 koMon=Bounsweet
[warn] [coop:v2-shadow] FAULT tap(WAVE_ADVANCE): AuthorityLog.commit: WAVE_ADVANCE is not authorized by predecessor control after WSHADOW/ADV/w1
[log] [coop:runtime] defer raw waveResolved wave=28 outcome=win until its material turnResolution is retained
[log] [coop-diag] VictoryPhase win-branch role=host battleType=WILD queuesTrainerVictory=false queuesSelectModifier=true wave=28
[log] [coop-diag] VictoryTail role=host wave=28 source=legacy-local trainer=false egg=true biomeShop=false biomeChange=false crossroads=false nextWave=29
[log] %cStart Phase: MoveEndPhase color:green
[log] %cStart Phase: MovePhase color:green
[log] %cStart Phase: MoveEndPhase color:green
[log] %cStart Phase: MovePhase color:green
[log] %cStart Phase: MoveEndPhase color:green
[log] %cStart Phase: CheckInterludePhase color:green
[log] %cStart Phase: WeatherEffectPhase color:green
[log] %cStart Phase: PositionalTagPhase color:green
[log] %cStart Phase: BerryPhase color:green
[log] %cStart Phase: CheckStatusEffectPhase color:green
[log] %cStart Phase: TurnEndPhase color:green
[log] %cStart Phase: PokemonHealPhase color:green
[log] [coop:turn] host recorder: append turn=1 seq=18 k=message total=19 live=true
[log] %cStart Phase: MessagePhase color:green
[log] %cStart Phase: PokemonHealPhase color:green
[log] [coop:turn] host recorder: append turn=1 seq=19 k=message total=20 live=true
[log] %cStart Phase: MessagePhase color:green
[log] %cStart Phase: CoopTurnCommitPhase color:green
[log] [coop:turn] host recorder: finalize turn=1 events=20 seq=20
[log] [coop:checkpoint] build field=4 weather=1/0 terrain=3/0 arenaTags=0 money=2220 mons=[bi0:sp143/hp303-303/st0/fnt0 bi1:sp94/hp179-179/st0/fnt0 bi2:sp761/hp0-48/st7/fnt1 bi3:sp665/hp0-49/st7/fnt1]
[log] [coop:checkpoint] host capture field=4 weather=1 terrain=3 money=2220 arenaTags=0 mons=[bi0:sp143/hp303-303/st0/fnt0 bi1:sp94/hp179-179/st0/fnt0 bi2:sp761/hp0-48/st7/fnt1 bi3:sp665/hp0-49/st7/fnt1]
[log] [coop:interaction] interactionCounter() read -> 32 (role=host)
[log] [coop:replay] host SEND turnResolution e=1833203800481331 wave=28 turn=1 rev=289 events=20 checksum=cf33cd42bf987778
[log] [coop:transport] send host t=turnResolution e=1833203800481331 wave=28 turn=1 rev=289 events=20 checksum=cf33cd42bf987778
[warn] [coop:v2-shadow] FAULT tap(TURN_COMMIT): AuthorityLog.commit: TURN_COMMIT is not authorized by predecessor control after WSHADOW/ADV/w1
[log] [coop:runtime] send waveResolved wave=28 outcome=win (host)
[log] [coop:replay] host SEND waveResolved wave=28 outcome=win transition=WAVE_VICTORY/next29/biome0/egg1/wild
[log] [coop:transport] send host t=waveResolved wave=28 outcome=win captureParty=- cap=-
[log] [coop:transport] recv guest t=turnResolution e=1833203800481331 wave=28 turn=1 rev=289 events=20 checksum=cf33cd42bf987778 handlers=1
[log] [coop:transport] recv guest t=waveResolved wave=28 outcome=win captureParty=- cap=- handlers=1
[log] [38;2;255;127;80mPhaseInterceptor.to: Stopping on completion of CoopTurnCommitPhase[39m
[log] %cStart Phase: BattleEndPhase color:green
[log] [coop:progression] HOST automatic victory settlement deferred wave=28 sourceTurn=1 settlementTurn=2
[log] [coop:interaction] interactionCounter() read -> 32 (role=host)
[log] %cStart Phase: EggLapsePhase color:green
[log] %cStart Phase: CoopVictorySealPhase color:green
[log] [coop:transport] send host t=envelope t=envelope
[log] [coop:runtime] wave-advance op HOST commit wave=28 outcome=win next=WAVE_VICTORY rev=66 id=1833203800481331:0:WAVE_ADVANCE:28 (Wave-2f)
[log] [coop:runtime] settled WAVE_ADVANCE committed wave=28 tick=290 next=WAVE_VICTORY/wave29
[log] [coop:runtime] send waveEndState wave=28 tick=290 (host)
[log] [coop:replay] host SEND waveEndState wave=28 tick=290 party=6
[log] [coop:transport] send host t=waveEndState t=waveEndState
[log] [coop:progression] HOST automatic victory settlement sealed wave=28 sourceTurn=1 settlementTurn=2 tick=290
[log] [coop:transport] recv guest t=envelope t=envelope handlers=1
[log] [coop:transport] recv guest t=waveEndState t=waveEndState handlers=1
[log] [coop:interaction] interactionCounter() read -> 32 (role=host)
[log] [coop:owner] ownerOf(counter=32) seat=0 -> owner=host
[log] [coop:owner] isLocalOwnerAtCounter(pinnedCounter=32) parity=0 owner=host role=host -> true
[log] [coop:interaction] interactionCounter() read -> 32 (role=host)
[log] [coop:reward] owner/watcher decision: pinnedStart=32 liveCounter=32 parity=0 role=host pick=OWNER option=ROLL spoof=false
[log] [coop:shop] serializeRewardOptions count=3 ids=[POKEBALL,TEMP_STAT_STAGE_BOOSTER,RARE_CANDY] tiers=[0,0,0]
[log] [coop:reward] OWNER streams reward options (start=32 reroll=0 count=3 ids=[POKEBALL,TEMP_STAT_STAGE_BOOSTER,RARE_CANDY])
[log] [coop:relay] SEND rewardOptions seq=32 reroll=0 count=3 ids=[POKEBALL,TEMP_STAT_STAGE_BOOSTER,RARE_CANDY]
[log] [coop:transport] send host t=rewardOptions seq=32 reroll=0 options=3
[log] [coop:rendezvous] ARRIVE point=shop:28:32 (send) role=host
[log] [coop:transport] send host t=rendezvous point=shop:28:32
[log] [coop:reward] OWNER drives reward screen (start=32 role=host spoof=false adoptsOptions=false wave=28)
[log] [coop:rendezvous] shop-pick-commit barrier AWAIT shop:28:32
[log] [coop:rendezvous] AWAIT point=shop:28:32 timeoutMs=2000 -> network-wait role=host
[log] [coop:transport] recv guest t=rewardOptions seq=32 reroll=0 options=3 handlers=1
[log] [coop:transport] recv guest t=rendezvous point=shop:28:32 handlers=1
[log] [coop:interaction] interactionCounter() read -> 32 (role=host)
[log] [coop:checksum] capture digest=cf33cd42bf987778 field=4 biome=3 seed=coop-soak-20260924 weather=1 terrain=3 money=2220 party=[143,94,149,445,376,248] partyLevels=[65,65,65,65,65,65] arenaTags=0 modifiers=4 heldItemsDigest=0 pokeballs=[0:55,1:5,2:0,3:0,4:0] mons=[bi0:sp143/hp303-303/st0/ab12/form0/tera0:0/boss0:0 bi1:sp94/hp179-179/st0/ab5067/form0/tera0:7/boss0:0 bi2:sp761/hp0-48/st7/ab158/form0/tera0:11/boss0:0 bi3:sp665/hp0-49/st7/ab218/form0/tera0:2/boss0:0]
[log] [coop:durability] operation delivery RETRY key=op:global:66:1833203800481331:28:2:1833203800481331:0:WAVE_ADVANCE:28 attempt=1/8
[log] [coop:transport] send host t=envelope t=envelope
[log] [coop:rendezvous] RECV arrival point=shop:28:32 -> deliver-to-waiter role=host
[log] [coop:transport] send host t=rendezvous point=shop:28:32
[log] [coop:rendezvous] AWAIT point=shop:28:32 RESOLVE both-arrived role=host
[log] [coop:stream] host ACCEPT turn ACK stage=continuationReady key=1833203800481331:28:1:289
[log] [coop:stream] host RELEASE retained turn after continuationReady key=1833203800481331:28:1:289
[log] [coop:durability] host RELEASE contiguous acknowledged authority cls=op:global seq=66
[warn] [coop:durability] DROP skipped/regressed operation ACK key=op:global:66:1833203800481331:28:2:1833203800481331:0:WAVE_ADVANCE:28 stage=materialApplied
[warn] [coop:durability] DROP skipped/regressed operation ACK key=op:global:66:1833203800481331:28:2:1833203800481331:0:WAVE_ADVANCE:28 stage=presentationReady
[log] [coop:transport] recv guest t=rendezvous point=shop:28:32 handlers=1
[log] [coop:interaction] mirror begin role=owner mirrorSeq=2048 interactionStart=32 reroll=0
[log] [coop:interaction] uiMirror beginSession role=owner mode=6 seq=2048 early=0
[log] [coop:owner] ownerOf(counter=32) seat=0 -> owner=host
[log] [coop:owner] isLocalOwnerAtCounter(pinnedCounter=32) parity=0 owner=host role=host -> true
[log] [coop:owner] ownerOf(counter=32) seat=0 -> owner=host
[log] [coop:owner] isLocalOwnerAtCounter(pinnedCounter=32) parity=0 owner=host role=host -> true
[log] [coop:relay] OWNER prepare seq=32 kind=reward choice=0 data=[0] role=host
[log] [coop:reward] reward op INTENT prepared label=reward id=1833203800481331:0:REWARD:3200000
[log] [coop:relay] OWNER send raw seq=32 kind=reward choice=0 role=host
[log] [coop:relay] SEND interactionChoice seq=32 kind=reward kind=? choice=0 data=[0]
[log] [coop:transport] send host t=interactionChoice seq=32 kind=reward choice=0
[warn] [coop:v2-shadow] FAULT tap(INTERACTION_COMMIT): AuthorityLog.commit: INTERACTION_COMMIT is not authorized by predecessor control after WSHADOW/ADV/w1
[log] [coop:reward] APPLY_RESULT pin=32 side=owner type=POKEBALL class=AddPokeballModifier pregen=[] holderSlot=-1 holderId=-1 stack=-1 accepted=true cost=-1
[log] [coop:shop] serializeRewardOptions count=3 ids=[POKEBALL,TEMP_STAT_STAGE_BOOSTER,RARE_CANDY] tiers=[0,0,0]
[log] [coop:transport] send host t=envelope t=envelope
[log] [coop:reward] reward authoritative RESULT retained rev=67 tick=291 id=1833203800481331:0:REWARD:3200000
[log] [coop:interaction] interactionCounter() read -> 32 (role=host)
[log] [coop:interaction] CoopInteractionTurn.advance INCREMENT (fromCounter=32) counter 32 -> 33
[log] [coop:interaction] advanceInteraction ADVANCED+BROADCAST (fromCounter=32) counter 32 -> 33 role=host; send interaction screen=__turn__ choice=33
[log] [coop:interaction] SEND counter snapshot reason=advance choice=33 role=host
[log] [coop:transport] send host t=interaction screen=__turn__
[log] [coop:owner] ownerOf(counter=33) seat=1 -> owner=guest
[log] [coop:owner] ownerOf(counter=33) seat=1 -> owner=guest
[log] [coop:interaction] interactionCounter() read -> 33 (role=host)
[log] [coop:reward] advance interaction (role=host from=32 counter 32 -> 33)
[log] [coop:transport] recv guest t=interactionChoice seq=32 kind=reward choice=0 handlers=1
[log] [coop:transport] recv guest t=envelope t=envelope handlers=1
[log] [coop:transport] recv guest t=interaction screen=__turn__ handlers=1
[log] [coop:interaction] RECV interaction broadcast (deferred catch-up net) received=33 localBefore=33 role=host -> no defer (local >= received)
[warn] [coop:interaction] CoopInteractionTurn.mergeRemote DEFER (remote=33, counter=33, pendingRemote=33) live counter UNCHANGED (folds in at next advance if still ahead)
[log] [coop:owner] ownerOf(counter=33) seat=1 -> owner=guest
[log] [coop:owner] ownerOf(counter=33) seat=1 -> owner=guest
[log] [coop:interaction] interactionCounter() read -> 33 (role=host)
[log] [coop:interaction] interactionCounter() read -> 33 (role=guest)
[log] [coop-soak:wave-complete] {"seed":20260924,"wave":28,"wavesRequested":55,"wavesCompleted":28,"waveElapsedMs":1932,"elapsedMs":73223,"findings":0,"hostPhase":"NewBattlePhase","guestPhase":"NewBattlePhase"}
[log] %cStart Phase: NewBattlePhase color:green
[log] [coop:turn] host recorder: begin deferred transition turn=1 scope=1833203800481331:29
[log] %cStart Phase: CoopPartnerSyncPhase color:green
[log] [coop:interaction] interactionCounter() read -> 33 (role=host)
[log] %cStart Phase: NextEncounterPhase color:green
[log] [coop:interaction] interactionCounter() read -> 33 (role=host)
[log] [coop:replay] host SEND enemyPartySync wave=29 count=2 meType=-1 battleType=0 entryPresentation=-
[log] [coop:transport] send host t=enemyPartySync wave=29 enemies=2 battleType=0
[log] [coop:turn] host recorder: preserve recording scope=1833203800481331:29 turn=1 events=0 seq=0
[log] [coop:transport] recv guest t=enemyPartySync wave=29 enemies=2 battleType=0 handlers=1
[log] %cStart Phase: ToggleDoublePositionPhase color:green
[log] %cStart Phase: CheckSwitchPhase color:green
[log] %cStart Phase: CheckSwitchPhase color:green
[log] %cStart Phase: InitEncounterPhase color:green
[log] [coop:turn] host recorder: preserve recording scope=1833203800481331:29 turn=1 events=0 seq=0
[log] %cStart Phase: PostSummonPhase color:green
[log] %cStart Phase: PostSummonPhase color:green
[log] %cStart Phase: TurnInitPhase color:green
[log] [coop:replay] host SEND enemyPartySync wave=29 count=2 meType=-1 battleType=0 entryPresentation=0
[log] [coop:transport] send host t=enemyPartySync wave=29 enemies=2 battleType=0
[log] [coop:replay] host RE-BROADCAST wave-start authority wave=29 after post-summon boundary stateChanged=false presentation=0 (#920)
[log] [coop:rendezvous] next-command barrier ARRIVE+AWAIT cmd:29:1 slot=0
[log] [coop:rendezvous] ARRIVE point=cmd:29:1 (send) role=host
[log] [coop:transport] send host t=rendezvous point=cmd:29:1
[log] [coop:rendezvous] AWAIT point=cmd:29:1 timeoutMs=2000 -> network-wait role=host
[log] [coop:transport] recv guest t=enemyPartySync wave=29 enemies=2 battleType=0 handlers=1
[log] [coop:transport] recv guest t=rendezvous point=cmd:29:1 handlers=1
[log] [coop:rendezvous] RECV arrival point=cmd:29:1 -> deliver-to-waiter role=host
[log] [coop:transport] send host t=rendezvous point=cmd:29:1
[log] [coop:rendezvous] AWAIT point=cmd:29:1 RESOLVE both-arrived role=host
[log] [coop:durability] host RELEASE contiguous acknowledged authority cls=op:global seq=67
[log] [coop:transport] recv guest t=rendezvous point=cmd:29:1 handlers=1
[log] [coop:transport] send host t=enemyPartySync wave=29 enemies=2 battleType=0
[log] [coop:replay] host RE-BROADCAST wave-start authority wave=29 after post-summon boundary stateChanged=false presentation=0 (#920)
[log] [coop:transport] recv guest t=enemyPartySync wave=29 enemies=2 battleType=0 handlers=1
[log] [coop-soak:wave-start] {"seed":20260924,"wave":29,"wavesRequested":55,"wavesCompleted":28,"elapsedMs":73695,"hostPhase":"CommandPhase","guestPhase":"CommandPhase"}
[log] [coop:interaction] interactionCounter() read -> 33 (role=host)
[log] [coop:interaction] interactionCounter() read -> 33 (role=guest)
[log] [coop:interaction] interactionCounter() read -> 33 (role=host)
[log] [coop:checksum] capture digest=97c6351921528990 field=4 biome=3 seed=coop-soak-20260924 weather=1 terrain=3 money=2220 party=[143,94,149,445,376,248] partyLevels=[65,65,65,65,65,65] arenaTags=0 modifiers=4 heldItemsDigest=0 pokeballs=[0:60,1:5,2:0,3:0,4:0] mons=[bi0:sp143/hp303-303/st0/ab12/form0/tera0:0/boss0:0 bi1:sp94/hp179-179/st0/ab5067/form0/tera0:7/boss0:0 bi2:sp665/hp47-47/st0/ab218/form0/tera0:6/boss0:0 bi3:sp30/hp64-64/st0/ab132/form0/tera0:3/boss0:0]
[log] [coop:interaction] interactionCounter() read -> 33 (role=host)
[log] %cStart Phase: SelectTargetPhase color:green
[log] [coop:owner] broadcast own-slot fi=0 turn=1 role=host cmd=0
[log] [coop:relay] broadcastLocalCommand SEND fieldIndex=0 owner=host turn=1 command=0 cursor=1 moveId=247 targets=[2]
[log] [coop:transport] send host t=command fi=0 owner=host turn=1 cmd=0 cursor=1 move=247
[log] [coop:transport] recv guest t=command fi=0 owner=host turn=1 cmd=0 cursor=1 move=247 handlers=1
[log] [coop:relay] recv command fieldIndex=0 turn=1 command=0 -> BUFFERED (no awaiter yet)
[log] %cStart Phase: CommandPhase color:green
[log] [coop:transport] send host t=enemyPartySync wave=29 enemies=2 battleType=0
[log] [coop:replay] host RE-BROADCAST wave-start authority wave=29 after post-summon boundary stateChanged=false presentation=0 (#920)
[log] [coop:battle] CommandPhase slot=1 turn=1 owner=guest role=host -> partner path
[log] [coop:relay] host requestPartnerCommand SEND fieldIndex=1 turn=1 moveSlots=[0,1,2,3] (awaiting peer)
[log] [coop:transport] send host t=commandRequest fi=1 owner=guest turn=1 slots=4
[log] [coop:transport] recv guest t=enemyPartySync wave=29 enemies=2 battleType=0 handlers=1
[log] [coop:transport] recv guest t=commandRequest fi=1 owner=guest turn=1 slots=4 handlers=1
[log] [coop:relay] peer recv commandRequest fieldIndex=1 owner=guest turn=1 moveSlots=[0,1,2,3] -> reply command=0 cursor=1 moveId=247
[log] [coop:transport] send guest t=command fi=1 owner=guest turn=1 cmd=0 cursor=1 move=247
[log] [coop:transport] recv host t=command fi=1 owner=guest turn=1 cmd=0 cursor=1 move=247 handlers=1
[log] [coop:relay] recv command fieldIndex=1 turn=1 command=0 -> resolved awaiting request
[log] [coop:ai] applyWiredPartnerCommand partner=94 wiredMoveId=247 cursor=1 -> moveId=247 moveIndex=1 tera=false targets=[3] targetsFrom=wire-verbatim useMode=1
[log] %cStart Phase: EnemyCommandPhase color:green
[log] %cStart Phase: EnemyCommandPhase color:green
[log] %cStart Phase: TurnStartPhase color:green
[log] [coop-diag] turn-start authoritative guard mode=authoritative role=host turn=1 diverts=false
[log] [coop:turn] host recorder: preserve recording scope=1833203800481331:29 turn=1 events=0 seq=0
[log] %cStart Phase: MovePhase color:green
[log] [coop:turn] host recorder: append turn=1 seq=0 k=moveUsed total=1 live=true
[log] %cStart Phase: MessagePhase color:green
[log] %cStart Phase: MoveEffectPhase color:green
[log] [coop:turn] host recorder: append turn=1 seq=1 k=moveAnim total=2 live=true
[log] [coop:turn] host recorder: append turn=1 seq=2 k=hp total=3 live=true
[log] [coop:turn] host recorder: append turn=1 seq=3 k=faint total=4 live=true
[log] %cStart Phase: DamageAnimPhase color:green
[log] %cStart Phase: FaintPhase color:green
[log] %cStart Phase: MessagePhase color:green
[log] %cStart Phase: VictoryPhase color:green
[log] [coop:progression] HOST applyPartyExp COMPUTE wave=29 expValue=513 koMon=Nidorina
[log] %cStart Phase: MoveEndPhase color:green
[log] %cStart Phase: MovePhase color:green
[log] [coop:turn] host recorder: append turn=1 seq=4 k=moveUsed total=5 live=true
[log] %cStart Phase: MessagePhase color:green
[log] %cStart Phase: MoveEffectPhase color:green
[log] [coop:turn] host recorder: append turn=1 seq=5 k=moveAnim total=6 live=true
[log] [coop:turn] host recorder: append turn=1 seq=6 k=hp total=7 live=true
[log] [coop:turn] host recorder: append turn=1 seq=7 k=faint total=8 live=true
[log] %cStart Phase: DamageAnimPhase color:green
[log] %cStart Phase: FaintPhase color:green
[log] %cStart Phase: MessagePhase color:green
[log] %cStart Phase: VictoryPhase color:green
[log] [coop:progression] HOST applyPartyExp COMPUTE wave=29 expValue=256 koMon=Spewpa
[warn] [coop:v2-shadow] FAULT tap(WAVE_ADVANCE): AuthorityLog.commit: WAVE_ADVANCE is not authorized by predecessor control after WSHADOW/ADV/w1
[log] [coop:runtime] defer raw waveResolved wave=29 outcome=win until its material turnResolution is retained
[log] [coop-diag] VictoryPhase win-branch role=host battleType=WILD queuesTrainerVictory=false queuesSelectModifier=true wave=29
[log] [coop-diag] VictoryTail role=host wave=29 source=legacy-local trainer=false egg=true biomeShop=false biomeChange=false crossroads=false nextWave=30
[log] %cStart Phase: MoveEndPhase color:green
[log] %cStart Phase: MovePhase color:green
[log] %cStart Phase: MoveEndPhase color:green
[log] %cStart Phase: MovePhase color:green
[log] %cStart Phase: MoveEndPhase color:green
[log] %cStart Phase: CheckInterludePhase color:green
[log] %cStart Phase: WeatherEffectPhase color:green
[log] %cStart Phase: PositionalTagPhase color:green
[log] %cStart Phase: BerryPhase color:green
[log] %cStart Phase: CheckStatusEffectPhase color:green
[log] %cStart Phase: TurnEndPhase color:green
[log] %cStart Phase: PokemonHealPhase color:green
[log] [coop:turn] host recorder: append turn=1 seq=8 k=message total=9 live=true
[log] %cStart Phase: MessagePhase color:green
[log] %cStart Phase: PokemonHealPhase color:green
[log] [coop:turn] host recorder: append turn=1 seq=9 k=message total=10 live=true
[log] %cStart Phase: MessagePhase color:green
[log] %cStart Phase: CoopTurnCommitPhase color:green
[log] [coop:turn] host recorder: finalize turn=1 events=10 seq=10
[log] [coop:checkpoint] build field=4 weather=1/0 terrain=3/0 arenaTags=0 money=2220 mons=[bi0:sp143/hp303-303/st0/fnt0 bi1:sp94/hp179-179/st0/fnt0 bi2:sp665/hp0-47/st7/fnt1 bi3:sp30/hp0-64/st7/fnt1]
[log] [coop:checkpoint] host capture field=4 weather=1 terrain=3 money=2220 arenaTags=0 mons=[bi0:sp143/hp303-303/st0/fnt0 bi1:sp94/hp179-179/st0/fnt0 bi2:sp665/hp0-47/st7/fnt1 bi3:sp30/hp0-64/st7/fnt1]
[log] [coop:interaction] interactionCounter() read -> 33 (role=host)
[log] [coop:replay] host SEND turnResolution e=1833203800481331 wave=29 turn=1 rev=298 events=10 checksum=1f5cf8b9d215dfc9
[log] [coop:transport] send host t=turnResolution e=1833203800481331 wave=29 turn=1 rev=298 events=10 checksum=1f5cf8b9d215dfc9
[warn] [coop:v2-shadow] FAULT tap(TURN_COMMIT): AuthorityLog.commit: TURN_COMMIT is not authorized by predecessor control after WSHADOW/ADV/w1
[log] [coop:runtime] send waveResolved wave=29 outcome=win (host)
[log] [coop:replay] host SEND waveResolved wave=29 outcome=win transition=WAVE_VICTORY/next30/biome0/egg1/wild
[log] [coop:transport] send host t=waveResolved wave=29 outcome=win captureParty=- cap=-
[log] [coop:transport] recv guest t=turnResolution e=1833203800481331 wave=29 turn=1 rev=298 events=10 checksum=1f5cf8b9d215dfc9 handlers=1
[log] [coop:transport] recv guest t=waveResolved wave=29 outcome=win captureParty=- cap=- handlers=1
[log] [38;2;255;127;80mPhaseInterceptor.to: Stopping on completion of CoopTurnCommitPhase[39m
[log] %cStart Phase: BattleEndPhase color:green
[log] [coop:progression] HOST automatic victory settlement deferred wave=29 sourceTurn=1 settlementTurn=2
[log] %cStart Phase: EggLapsePhase color:green
[log] %cStart Phase: CoopVictorySealPhase color:green
[log] [coop:transport] send host t=envelope t=envelope
[log] [coop:runtime] wave-advance op HOST commit wave=29 outcome=win next=WAVE_VICTORY rev=68 id=1833203800481331:0:WAVE_ADVANCE:29 (Wave-2f)
[log] [coop:runtime] settled WAVE_ADVANCE committed wave=29 tick=299 next=WAVE_VICTORY/wave30
[log] [coop:runtime] send waveEndState wave=29 tick=299 (host)
[log] [coop:replay] host SEND waveEndState wave=29 tick=299 party=6
[log] [coop:transport] send host t=waveEndState t=waveEndState
[log] [coop:progression] HOST automatic victory settlement sealed wave=29 sourceTurn=1 settlementTurn=2 tick=299
[log] [coop:transport] recv guest t=envelope t=envelope handlers=1
[log] [coop:transport] recv guest t=waveEndState t=waveEndState handlers=1
[log] [coop:interaction] interactionCounter() read -> 33 (role=host)
[log] [coop:owner] ownerOf(counter=33) seat=1 -> owner=guest
[log] [coop:owner] isLocalOwnerAtCounter(pinnedCounter=33) parity=1 owner=guest role=host -> false
[log] [coop:interaction] interactionCounter() read -> 33 (role=host)
[log] [coop:reward] owner/watcher decision: pinnedStart=33 liveCounter=33 parity=1 role=host pick=WATCHER option=ROLL spoof=false
[log] [coop:shop] serializeRewardOptions count=3 ids=[TM_CASE,POKEBALL,BERRY] tiers=[0,0,0]
[log] [coop:reward] OWNER streams reward options (start=33 reroll=0 count=3 ids=[TM_CASE,POKEBALL,BERRY])
[log] [coop:relay] SEND rewardOptions seq=33 reroll=0 count=3 ids=[TM_CASE,POKEBALL,BERRY]
[log] [coop:transport] send host t=rewardOptions seq=33 reroll=0 options=3
[log] [coop:rendezvous] ARRIVE point=shop:29:33 (send) role=host
[log] [coop:transport] send host t=rendezvous point=shop:29:33
[log] [coop:reward] WATCHER waits for partner's reward picks (start=33 role=host wave=29)
[log] [coop:durability] host operation continuation window REARM key=op:global:68:1833203800481331:29:2:1833203800481331:0:WAVE_ADVANCE:29 surface=sharedInput at=1833203800481331/29/2
[log] [coop:transport] recv guest t=rewardOptions seq=33 reroll=0 options=3 handlers=1
[log] [coop:transport] recv guest t=rendezvous point=shop:29:33 handlers=1
[log] [coop:interaction] mirror begin role=watcher mirrorSeq=2112 interactionStart=33 reroll=0
[log] [coop:interaction] uiMirror beginSession role=watcher mode=6 seq=2112 early=0
[log] [coop:relay] AWAIT interactionChoice seq=33 timeoutMs=1200000 expected=[reward,shop,skip,reroll,check,transfer,lock] -> network-wait
[log] [coop:durability] operation delivery RETRY key=op:global:68:1833203800481331:29:2:1833203800481331:0:WAVE_ADVANCE:29 attempt=1/8
[log] [coop:transport] send host t=envelope t=envelope
[log] [coop:interaction] interactionCounter() read -> 33 (role=host)
[log] [coop:checksum] capture digest=1f5cf8b9d215dfc9 field=4 biome=3 seed=coop-soak-20260924 weather=1 terrain=3 money=2220 party=[143,94,149,445,376,248] partyLevels=[65,65,65,65,65,65] arenaTags=0 modifiers=4 heldItemsDigest=0 pokeballs=[0:60,1:5,2:0,3:0,4:0] mons=[bi0:sp143/hp303-303/st0/ab12/form0/tera0:0/boss0:0 bi1:sp94/hp179-179/st0/ab5067/form0/tera0:7/boss0:0 bi2:sp665/hp0-47/st7/ab218/form0/tera0:6/boss0:0 bi3:sp30/hp0-64/st7/ab132/form0/tera0:3/boss0:0]
[log] [coop:rendezvous] RECV arrival point=shop:29:33 -> BUFFER (no waiter yet) role=host
[log] [coop:stream] host ACCEPT turn ACK stage=continuationReady key=1833203800481331:29:1:298
[log] [coop:stream] host RELEASE retained turn after continuationReady key=1833203800481331:29:1:298
[log] [coop:durability] host RELEASE contiguous acknowledged authority cls=op:global seq=68
[log] [coop:relay] DELIVER interactionChoice seq=33 -> waiter kind=skip choice=-1 data=-
[log] [coop:relay] AWAIT interactionChoice seq=33 RESOLVE kind=skip choice=-1 data=-
[log] [coop:reward] WATCHER applying relayed action seq=33 act=LEAVE choice=-1 data=-
[log] [coop:shop] serializeRewardOptions count=3 ids=[TM_CASE,POKEBALL,BERRY] tiers=[0,0,0]
[log] [coop:transport] send host t=envelope t=envelope
[log] [coop:reward] reward authoritative RESULT retained rev=69 tick=300 id=1833203800481331:1:REWARD:3300000
[log] [coop:transport] recv guest t=envelope t=envelope handlers=1
[log] [coop:interaction] interactionCounter() read -> 33 (role=host)
[log] [coop:interaction] interactionCounter() read -> 33 (role=host)
[log] [coop:interaction] RECV interaction broadcast (deferred catch-up net) received=34 localBefore=33 role=host -> WILL DEFER to 34 (folds in at next advance if still ahead)
[warn] [coop:interaction] CoopInteractionTurn.mergeRemote DEFER (remote=34, counter=33, pendingRemote=34) live counter UNCHANGED (folds in at next advance if still ahead)
[log] [coop:owner] ownerOf(counter=33) seat=1 -> owner=guest
[log] [coop:owner] ownerOf(counter=33) seat=1 -> owner=guest
[log] [coop:reward] OWNER peer material applied; release terminal engine barrier seq=33 id=1833203800481331:1:REWARD:3300000
[log] [coop:interaction] interactionCounter() read -> 33 (role=host)
[log] [coop:interaction] CoopInteractionTurn.advance INCREMENT (fromCounter=33) counter 33 -> 34
[log] [coop:interaction] advanceInteraction ADVANCED+BROADCAST (fromCounter=33) counter 33 -> 34 role=host; send interaction screen=__turn__ choice=34
[log] [coop:interaction] SEND counter snapshot reason=advance choice=34 role=host
[log] [coop:transport] send host t=interaction screen=__turn__
[log] [coop:owner] ownerOf(counter=34) seat=0 -> owner=host
[log] [coop:owner] ownerOf(counter=34) seat=0 -> owner=host
[log] [coop:interaction] interactionCounter() read -> 34 (role=host)
[log] [coop:reward] advance interaction (role=host from=33 counter 33 -> 34)
[log] [coop:transport] recv guest t=interaction screen=__turn__ handlers=1
[log] %cStart Phase: NewBattlePhase color:green
[log] [coop:turn] host recorder: begin deferred transition turn=1 scope=1833203800481331:30
[log] %cStart Phase: CoopPartnerSyncPhase color:green
[log] [coop:interaction] interactionCounter() read -> 34 (role=host)
[log] %cStart Phase: NextEncounterPhase color:green
[log] [coop:interaction] interactionCounter() read -> 34 (role=host)
[log] [coop:replay] host SEND enemyPartySync wave=30 count=2 meType=-1 battleType=0 entryPresentation=-
[log] [coop:transport] send host t=enemyPartySync wave=30 enemies=2 battleType=0
[log] [coop:turn] host recorder: preserve recording scope=1833203800481331:30 turn=1 events=0 seq=0
[log] [coop:transport] recv guest t=enemyPartySync wave=30 enemies=2 battleType=0 handlers=1
[log] %cStart Phase: ToggleDoublePositionPhase color:green
[log] %cStart Phase: CheckSwitchPhase color:green
[log] %cStart Phase: CheckSwitchPhase color:green
[log] %cStart Phase: InitEncounterPhase color:green
[log] [coop:turn] host recorder: preserve recording scope=1833203800481331:30 turn=1 events=0 seq=0
[log] %cStart Phase: PostSummonPhase color:green
[log] %cStart Phase: PostSummonPhase color:green
[log] %cStart Phase: TurnInitPhase color:green
[log] [coop:replay] host SEND enemyPartySync wave=30 count=2 meType=-1 battleType=0 entryPresentation=0
[log] [coop:transport] send host t=enemyPartySync wave=30 enemies=2 battleType=0
[log] [coop:replay] host RE-BROADCAST wave-start authority wave=30 after post-summon boundary stateChanged=false presentation=0 (#920)
[log] [coop:rendezvous] next-command barrier ARRIVE+AWAIT cmd:30:1 slot=0
[log] [coop:rendezvous] ARRIVE point=cmd:30:1 (send) role=host
[log] [coop:transport] send host t=rendezvous point=cmd:30:1
[log] [coop:rendezvous] AWAIT point=cmd:30:1 timeoutMs=2000 -> network-wait role=host
[log] [coop:transport] recv guest t=enemyPartySync wave=30 enemies=2 battleType=0 handlers=1
[log] [coop:transport] recv guest t=rendezvous point=cmd:30:1 handlers=1
[log] [coop:rendezvous] RECV arrival point=cmd:30:1 -> deliver-to-waiter role=host
[log] [coop:transport] send host t=rendezvous point=cmd:30:1
[log] [coop:rendezvous] AWAIT point=cmd:30:1 RESOLVE both-arrived role=host
[log] [coop:durability] host RELEASE contiguous acknowledged authority cls=op:global seq=69
[log] [coop:transport] recv guest t=rendezvous point=cmd:30:1 handlers=1
[log] [coop:transport] send host t=enemyPartySync wave=30 enemies=2 battleType=0
[log] [coop:replay] host RE-BROADCAST wave-start authority wave=30 after post-summon boundary stateChanged=false presentation=0 (#920)
[log] [coop:transport] recv guest t=enemyPartySync wave=30 enemies=2 battleType=0 handlers=1
[log] [coop:interaction] interactionCounter() read -> 34 (role=host)
[log] [coop:checksum] capture digest=c39ca48b5197c6a8 field=4 biome=3 seed=coop-soak-20260924 weather=1 terrain=3 money=2220 party=[143,94,149,445,376,248] partyLevels=[65,65,65,65,65,65] arenaTags=0 modifiers=4 heldItemsDigest=2 pokeballs=[0:60,1:5,2:0,3:0,4:0] mons=[bi0:sp143/hp303-303/st0/ab12/form0/tera0:0/boss0:0 bi1:sp94/hp179-179/st0/ab5067/form0/tera0:7/boss0:0 bi2:sp336/hp59-59/st0/ab5218/form0/tera0:16/boss2:1 bi3:sp291/hp63-63/st0/ab5020/form0/tera0:2/boss1:0]
[log] [coop:interaction] interactionCounter() read -> 34 (role=host)
[log] %cStart Phase: SelectTargetPhase color:green
[log] [coop:owner] broadcast own-slot fi=0 turn=1 role=host cmd=0
[log] [coop:relay] broadcastLocalCommand SEND fieldIndex=0 owner=host turn=1 command=0 cursor=1 moveId=247 targets=[2]
[log] [coop:transport] send host t=command fi=0 owner=host turn=1 cmd=0 cursor=1 move=247
[log] [coop:transport] recv guest t=command fi=0 owner=host turn=1 cmd=0 cursor=1 move=247 handlers=1
[log] [coop:relay] recv command fieldIndex=0 turn=1 command=0 -> BUFFERED (no awaiter yet)
[log] %cStart Phase: CommandPhase color:green
[log] [coop:transport] send host t=enemyPartySync wave=30 enemies=2 battleType=0
[log] [coop:replay] host RE-BROADCAST wave-start authority wave=30 after post-summon boundary stateChanged=false presentation=0 (#920)
[log] [coop:battle] CommandPhase slot=1 turn=1 owner=guest role=host -> partner path
[log] [coop:relay] host requestPartnerCommand SEND fieldIndex=1 turn=1 moveSlots=[0,1,2,3] (awaiting peer)
[log] [coop:transport] send host t=commandRequest fi=1 owner=guest turn=1 slots=4
[log] [coop:transport] recv guest t=enemyPartySync wave=30 enemies=2 battleType=0 handlers=1
[log] [coop:transport] recv guest t=commandRequest fi=1 owner=guest turn=1 slots=4 handlers=1
[log] [coop:relay] peer recv commandRequest fieldIndex=1 owner=guest turn=1 moveSlots=[0,1,2,3] -> reply command=0 cursor=1 moveId=247
[log] [coop:transport] send guest t=command fi=1 owner=guest turn=1 cmd=0 cursor=1 move=247
[log] [coop:transport] recv host t=command fi=1 owner=guest turn=1 cmd=0 cursor=1 move=247 handlers=1
[log] [coop:relay] recv command fieldIndex=1 turn=1 command=0 -> resolved awaiting request
[log] [coop:ai] applyWiredPartnerCommand partner=94 wiredMoveId=247 cursor=1 -> moveId=247 moveIndex=1 tera=false targets=[3] targetsFrom=wire-verbatim useMode=1
[log] %cStart Phase: EnemyCommandPhase color:green
[log] %cStart Phase: EnemyCommandPhase color:green
[log] %cStart Phase: TurnStartPhase color:green
[log] [coop-diag] turn-start authoritative guard mode=authoritative role=host turn=1 diverts=false
[log] [coop:turn] host recorder: preserve recording scope=1833203800481331:30 turn=1 events=0 seq=0
[log] %cStart Phase: MovePhase color:green
[log] [coop:turn] host recorder: append turn=1 seq=0 k=moveUsed total=1 live=true
[log] %cStart Phase: MessagePhase color:green
[log] %cStart Phase: MoveEffectPhase color:green
[log] [coop:turn] host recorder: append turn=1 seq=1 k=moveAnim total=2 live=true
[log] [coop:turn] host recorder: append turn=1 seq=2 k=hp total=3 live=true
[log] [coop:turn] host recorder: append turn=1 seq=3 k=faint total=4 live=true
[log] %cStart Phase: DamageAnimPhase color:green
[log] %cStart Phase: FaintPhase color:green
[log] %cStart Phase: MessagePhase color:green
[log] %cStart Phase: VictoryPhase color:green
[log] [coop:progression] HOST applyPartyExp COMPUTE wave=30 expValue=673 koMon=Ninjask
[log] %cStart Phase: MoveEndPhase color:green
[log] %cStart Phase: MovePhase color:green
[log] %cStart Phase: MoveEndPhase color:green
[log] %cStart Phase: MovePhase color:green
[log] [coop:turn] host recorder: append turn=1 seq=4 k=moveUsed total=5 live=true
[log] %cStart Phase: MessagePhase color:green
[log] %cStart Phase: MoveEffectPhase color:green
[log] [coop:turn] host recorder: append turn=1 seq=5 k=moveAnim total=6 live=true
[log] [coop:turn] host recorder: append turn=1 seq=6 k=hp total=7 live=true
[log] [coop:turn] host recorder: append turn=1 seq=7 k=message total=8 live=true
[log] %cStart Phase: DamageAnimPhase color:green
[log] %cStart Phase: StatStageChangePhase color:green
[log] [coop:turn] host recorder: append turn=1 seq=8 k=message total=9 live=true
[log] [coop:turn] host recorder: append turn=1 seq=9 k=statStage total=10 live=true
[log] %cStart Phase: MessagePhase color:green
[log] %cStart Phase: MessagePhase color:green
[log] %cStart Phase: ShowAbilityPhase color:green
[log] [coop:turn] host recorder: append turn=1 seq=10 k=showAbility total=11 live=true
[log] %cStart Phase: StatStageChangePhase color:green
[log] [coop:turn] host recorder: append turn=1 seq=11 k=message total=12 live=true
[log] [coop:turn] host recorder: append turn=1 seq=12 k=statStage total=13 live=true
[log] %cStart Phase: MessagePhase color:green
[log] %cStart Phase: HideAbilityPhase color:green
[log] [coop:turn] host recorder: append turn=1 seq=13 k=hideAbility total=14 live=true
[log] %cStart Phase: MoveEndPhase color:green
[log] %cStart Phase: MovePhase color:green
[log] [coop:turn] host recorder: append turn=1 seq=14 k=moveUsed total=15 live=true
[log] %cStart Phase: MessagePhase color:green
[log] %cStart Phase: MoveEffectPhase color:green
[log] [coop:turn] host recorder: append turn=1 seq=15 k=moveAnim total=16 live=true
[log] [coop:turn] host recorder: append turn=1 seq=16 k=hp total=17 live=true
[log] %cStart Phase: DamageAnimPhase color:green
[log] %cStart Phase: MoveEndPhase color:green
[log] %cStart Phase: CheckInterludePhase color:green
[log] %cStart Phase: WeatherEffectPhase color:green
[log] %cStart Phase: PositionalTagPhase color:green
[log] %cStart Phase: BerryPhase color:green
[log] %cStart Phase: CheckStatusEffectPhase color:green
[log] %cStart Phase: TurnEndPhase color:green
[log] %cStart Phase: PokemonHealPhase color:green
[log] [coop:turn] host recorder: append turn=1 seq=17 k=hp total=18 live=true
[log] [coop:turn] host recorder: append turn=1 seq=18 k=message total=19 live=true
[log] %cStart Phase: MessagePhase color:green
[log] %cStart Phase: PokemonHealPhase color:green
[log] [coop:turn] host recorder: append turn=1 seq=19 k=message total=20 live=true
[log] %cStart Phase: MessagePhase color:green
[log] %cStart Phase: PokemonHealPhase color:green
[log] [coop:turn] host recorder: append turn=1 seq=20 k=hp total=21 live=true
[log] [coop:turn] host recorder: append turn=1 seq=21 k=message total=22 live=true
[log] %cStart Phase: MessagePhase color:green
[log] %cStart Phase: CoopTurnCommitPhase color:green
[log] [coop:turn] host recorder: finalize turn=1 events=22 seq=22
[log] [coop:checkpoint] build field=4 weather=1/0 terrain=3/0 arenaTags=0 money=2220 mons=[bi0:sp143/hp303-303/st0/fnt0 bi1:sp94/hp178-179/st0/fnt0 bi2:sp336/hp33-59/st0/fnt0 bi3:sp291/hp0-63/st7/fnt1]
[log] [coop:checkpoint] host capture field=4 weather=1 terrain=3 money=2220 arenaTags=0 mons=[bi0:sp143/hp303-303/st0/fnt0 bi1:sp94/hp178-179/st0/fnt0 bi2:sp336/hp33-59/st0/fnt0 bi3:sp291/hp0-63/st7/fnt1]
[log] [coop:interaction] interactionCounter() read -> 34 (role=host)
[log] [coop:replay] host SEND turnResolution e=1833203800481331 wave=30 turn=1 rev=307 events=22 checksum=562e09b37d385367
[log] [coop:transport] send host t=turnResolution e=1833203800481331 wave=30 turn=1 rev=307 events=22 checksum=562e09b37d385367
[warn] [coop:v2-shadow] FAULT tap(TURN_COMMIT): AuthorityLog.commit: TURN_COMMIT is not authorized by predecessor control after WSHADOW/ADV/w1
[log] [coop:transport] recv guest t=turnResolution e=1833203800481331 wave=30 turn=1 rev=307 events=22 checksum=562e09b37d385367 handlers=1
[log] [38;2;255;127;80mPhaseInterceptor.to: Stopping on completion of CoopTurnCommitPhase[39m
[log] %cStart Phase: TurnInitPhase color:green
[log] [coop:rendezvous] ARRIVE point=cmd:30:2 (send) role=host
[log] [coop:transport] send host t=rendezvous point=cmd:30:2
[log] [coop:rendezvous] next-command barrier cmd:30:2 SYNC pass (partner already arrived)
[log] [coop:transport] recv guest t=rendezvous point=cmd:30:2 handlers=1
[log] [coop:stream] host ACCEPT turn ACK stage=continuationReady key=1833203800481331:30:1:307
[log] [coop:stream] host RELEASE retained turn after continuationReady key=1833203800481331:30:1:307
[log] %cStart Phase: SelectTargetPhase color:green
[log] [coop:owner] broadcast own-slot fi=0 turn=2 role=host cmd=0
[log] [coop:relay] broadcastLocalCommand SEND fieldIndex=0 owner=host turn=2 command=0 cursor=1 moveId=247 targets=[2]
[log] [coop:transport] send host t=command fi=0 owner=host turn=2 cmd=0 cursor=1 move=247
[log] [coop:transport] recv guest t=command fi=0 owner=host turn=2 cmd=0 cursor=1 move=247 handlers=1
[log] [coop:relay] recv command fieldIndex=0 turn=2 command=0 -> BUFFERED (no awaiter yet)
[log] %cStart Phase: CommandPhase color:green
[log] [coop:battle] CommandPhase slot=1 turn=2 owner=guest role=host -> partner path
[log] [coop:relay] host requestPartnerCommand SEND fieldIndex=1 turn=2 moveSlots=[0,1,2,3] (awaiting peer)
[log] [coop:transport] send host t=commandRequest fi=1 owner=guest turn=2 slots=4
[log] [coop:transport] recv guest t=commandRequest fi=1 owner=guest turn=2 slots=4 handlers=1
[log] [coop:relay] peer recv commandRequest fieldIndex=1 owner=guest turn=2 moveSlots=[0,1,2,3] -> reply command=0 cursor=1 moveId=247
[log] [coop:transport] send guest t=command fi=1 owner=guest turn=2 cmd=0 cursor=1 move=247
[log] [coop:transport] recv host t=command fi=1 owner=guest turn=2 cmd=0 cursor=1 move=247 handlers=1
[log] [coop:relay] recv command fieldIndex=1 turn=2 command=0 -> resolved awaiting request
[log] [coop:ai] applyWiredPartnerCommand partner=94 wiredMoveId=247 cursor=1 -> moveId=247 moveIndex=1 tera=false targets=[2] targetsFrom=wire-verbatim useMode=1
[log] %cStart Phase: EnemyCommandPhase color:green
[log] %cStart Phase: TurnStartPhase color:green
[log] [coop-diag] turn-start authoritative guard mode=authoritative role=host turn=2 diverts=false
[log] [coop:turn] host recorder: begin turn=2 scope=1833203800481331:30 (no prior open recording)
[log] %cStart Phase: MovePhase color:green
[log] [coop:turn] host recorder: append turn=2 seq=0 k=moveUsed total=1 live=true
[log] %cStart Phase: MessagePhase color:green
[log] %cStart Phase: MoveEffectPhase color:green
[log] [coop:turn] host recorder: append turn=2 seq=1 k=moveAnim total=2 live=true
[log] [coop:turn] host recorder: append turn=2 seq=2 k=hp total=3 live=true
[log] [coop:turn] host recorder: append turn=2 seq=3 k=faint total=4 live=true
[log] [coop:turn] host recorder: append turn=2 seq=4 k=message total=5 live=true
[log] %cStart Phase: DamageAnimPhase color:green
[log] %cStart Phase: MessagePhase color:green
[log] %cStart Phase: FaintPhase color:green
[log] %cStart Phase: MessagePhase color:green
[log] %cStart Phase: VictoryPhase color:green
[log] [coop:progression] HOST applyPartyExp COMPUTE wave=30 expValue=577 koMon=Seviper
[warn] [coop:v2-shadow] FAULT tap(WAVE_ADVANCE): AuthorityLog.commit: WAVE_ADVANCE is not authorized by predecessor control after WSHADOW/ADV/w1
[log] [coop:runtime] defer raw waveResolved wave=30 outcome=win until its material turnResolution is retained
[log] [coop-diag] VictoryPhase win-branch role=host battleType=WILD queuesTrainerVictory=false queuesSelectModifier=false wave=30
[log] [coop-diag] VictoryTail role=host wave=30 source=legacy-local trainer=false egg=true biomeShop=true biomeChange=false crossroads=true nextWave=31
[log] %cStart Phase: MoveEndPhase color:green
[log] %cStart Phase: MovePhase color:green
[log] [coop:turn] host recorder: append turn=2 seq=5 k=message total=6 live=true
[log] %cStart Phase: MessagePhase color:green
[log] %cStart Phase: MoveEndPhase color:green
[log] %cStart Phase: MovePhase color:green
[log] %cStart Phase: MoveEndPhase color:green
[log] %cStart Phase: CheckInterludePhase color:green
[log] %cStart Phase: PositionalTagPhase color:green
[log] %cStart Phase: TurnEndPhase color:green
[log] %cStart Phase: CoopTurnCommitPhase color:green
[log] [coop:turn] host recorder: finalize turn=2 events=6 seq=6
[log] [coop:checkpoint] build field=4 weather=1/0 terrain=3/0 arenaTags=0 money=2220 mons=[bi0:sp143/hp303-303/st0/fnt0 bi1:sp94/hp178-179/st0/fnt0 bi2:sp336/hp0-59/st7/fnt1 bi3:sp291/hp0-63/st7/fnt1]
[log] [coop:checkpoint] host capture field=4 weather=1 terrain=3 money=2220 arenaTags=0 mons=[bi0:sp143/hp303-303/st0/fnt0 bi1:sp94/hp178-179/st0/fnt0 bi2:sp336/hp0-59/st7/fnt1 bi3:sp291/hp0-63/st7/fnt1]
[log] [coop:interaction] interactionCounter() read -> 34 (role=host)
[log] [coop:replay] host SEND turnResolution e=1833203800481331 wave=30 turn=2 rev=310 events=6 checksum=a4bc2105bc579c02
[log] [coop:transport] send host t=turnResolution e=1833203800481331 wave=30 turn=2 rev=310 events=6 checksum=a4bc2105bc579c02
[warn] [coop:v2-shadow] FAULT tap(TURN_COMMIT): AuthorityLog.commit: TURN_COMMIT is not authorized by predecessor control after WSHADOW/ADV/w1
[log] [coop:runtime] send waveResolved wave=30 outcome=win (host)
[log] [coop:replay] host SEND waveResolved wave=30 outcome=win transition=WAVE_VICTORY/next31/biome0/egg1/wild
[log] [coop:transport] send host t=waveResolved wave=30 outcome=win captureParty=- cap=-
[log] [coop:transport] recv guest t=turnResolution e=1833203800481331 wave=30 turn=2 rev=310 events=6 checksum=a4bc2105bc579c02 handlers=1
[log] [coop:transport] recv guest t=waveResolved wave=30 outcome=win captureParty=- cap=- handlers=1
[log] [38;2;255;127;80mPhaseInterceptor.to: Stopping on completion of CoopTurnCommitPhase[39m
[log] %cStart Phase: BattleEndPhase color:green
[log] [coop:progression] HOST automatic victory settlement deferred wave=30 sourceTurn=2 settlementTurn=3
[log] %cStart Phase: EggLapsePhase color:green
[log] %cStart Phase: ModifierRewardPhase color:green
[log] %cStart Phase: PartyHealPhase color:green
[log] %cStart Phase: ResetStatusPhase color:green
[log] %cStart Phase: ResetStatusPhase color:green
[log] %cStart Phase: ResetStatusPhase color:green
[log] %cStart Phase: ResetStatusPhase color:green
[log] %cStart Phase: ResetStatusPhase color:green
[log] %cStart Phase: ResetStatusPhase color:green
[log] %cStart Phase: CoopVictorySealPhase color:green
[log] [coop:transport] send host t=envelope t=envelope
[log] [coop:runtime] wave-advance op HOST commit wave=30 outcome=win next=WAVE_VICTORY rev=70 id=1833203800481331:0:WAVE_ADVANCE:30 (Wave-2f)
[log] [coop:runtime] settled WAVE_ADVANCE committed wave=30 tick=311 next=WAVE_VICTORY/wave31
[log] [coop:runtime] send waveEndState wave=30 tick=311 (host)
[log] [coop:replay] host SEND waveEndState wave=30 tick=311 party=6
[log] [coop:transport] send host t=waveEndState t=waveEndState
[log] [coop:progression] HOST automatic victory settlement sealed wave=30 sourceTurn=2 settlementTurn=3 tick=311
[log] [coop:transport] recv guest t=envelope t=envelope handlers=1
[log] [coop:transport] recv guest t=waveEndState t=waveEndState handlers=1
[log] [coop:interaction] interactionCounter() read -> 34 (role=host)
[log] [coop:checksum] capture digest=87a5f43a77dea34a field=4 biome=3 seed=coop-soak-20260924 weather=1 terrain=3 money=2220 party=[143,94,149,445,376,248] partyLevels=[65,65,65,65,65,65] arenaTags=0 modifiers=4 heldItemsDigest=0 pokeballs=[0:60,1:5,2:0,3:0,4:0] mons=[bi0:sp143/hp303-303/st0/ab12/form0/tera0:0/boss0:0 bi1:sp94/hp179-179/st0/ab5067/form0/tera0:7/boss0:0 bi2:sp336/hp0-59/st7/ab5218/form0/tera0:16/boss2:0 bi3:sp291/hp0-63/st7/ab5020/form0/tera0:2/boss1:0]
[log] [coop:durability] operation delivery RETRY key=op:global:70:1833203800481331:30:3:1833203800481331:0:WAVE_ADVANCE:30 attempt=1/8
[log] [coop:transport] send host t=envelope t=envelope
[log] [coop:interaction] interactionCounter() read -> 34 (role=host)
[log] [coop:owner] ownerOf(counter=34) seat=0 -> owner=host
[log] [coop:owner] isLocalOwnerAtCounter(pinnedCounter=34) parity=0 owner=host role=host -> true
[log] [coop:reward] biome market roles: pinnedStart=34 inMe=false role=host spoof=false pick=OWNER option=ROLL+STREAM continuation=false
[log] [coop:shop] serializeRewardOptions count=15 ids=[MAX_LURE,BERRY,ER_GRASSY_SEED,POKEBALL,ROGUE_BALL,GREAT_BALL,RARER_CANDY,ULTRA_BALL,ER_LOADED_DICE,BASE_STAT_BOOSTER,ER_COPPER_ROD,RARE_CANDY,ER_RUSTY_CLAW,ER_SPIKED_KNUCKLES,ER_LUCKY_HEART] tiers=[2,0,1,0,3,1,2,2,2,2,2,0,2,2,2]
[log] [coop:relay] SEND rewardOptions seq=34 reroll=777 count=15 ids=[MAX_LURE,BERRY,ER_GRASSY_SEED,POKEBALL,ROGUE_BALL,GREAT_BALL,RARER_CANDY,ULTRA_BALL,ER_LOADED_DICE,BASE_STAT_BOOSTER,ER_COPPER_ROD,RARE_CANDY,ER_RUSTY_CLAW,ER_SPIKED_KNUCKLES,ER_LUCKY_HEART]
[log] [coop:transport] send host t=rewardOptions seq=34 reroll=777 options=15
[log] [coop:durability] host operation continuation window REARM key=op:global:70:1833203800481331:30:3:1833203800481331:0:WAVE_ADVANCE:30 surface=sharedInput at=1833203800481331/30/3
[log] [coop:relay] RECV requestRewardOptions key=34:777 -> REPLAY count=15
[log] [coop:transport] send host t=rewardOptions seq=34 reroll=777 options=15
[log] [coop:transport] recv guest t=rewardOptions seq=34 reroll=777 options=15 handlers=1
[log] [coop:transport] recv guest t=rewardOptions seq=34 reroll=777 options=15 handlers=1
[log] [coop:reward] market op INTENT prepared label=biomeShop id=1833203800481331:0:SHOP_BUY:3400000
[log] [coop:shop] serializeRewardOptions count=15 ids=[MAX_LURE,BERRY,ER_GRASSY_SEED,POKEBALL,ROGUE_BALL,GREAT_BALL,RARER_CANDY,ULTRA_BALL,ER_LOADED_DICE,BASE_STAT_BOOSTER,ER_COPPER_ROD,RARE_CANDY,ER_RUSTY_CLAW,ER_SPIKED_KNUCKLES,ER_LUCKY_HEART] tiers=[2,0,1,0,3,1,2,2,2,2,2,0,2,2,2]
[log] [coop:transport] send host t=envelope t=envelope
[log] [coop:reward] market authoritative RESULT retained rev=71 tick=312 id=1833203800481331:0:SHOP_BUY:3400000
[log] [coop:relay] SEND interactionChoice seq=7000034 kind=biomeShop kind=? choice=-1 data=-
[log] [coop:transport] send host t=interactionChoice seq=7000034 kind=biomeShop choice=-1
[warn] [coop:v2-shadow] FAULT tap(INTERACTION_COMMIT): AuthorityLog.commit: INTERACTION_COMMIT is not authorized by predecessor control after WSHADOW/ADV/w1
[log] [coop:interaction] interactionCounter() read -> 34 (role=host)
[log] [coop:interaction] CoopInteractionTurn.advance INCREMENT (fromCounter=34) counter 34 -> 35
[log] [coop:interaction] advanceInteraction ADVANCED+BROADCAST (fromCounter=34) counter 34 -> 35 role=host; send interaction screen=__turn__ choice=35
[log] [coop:interaction] SEND counter snapshot reason=advance choice=35 role=host
[log] [coop:transport] send host t=interaction screen=__turn__
[log] [coop:owner] ownerOf(counter=35) seat=1 -> owner=guest
[log] [coop:owner] ownerOf(counter=35) seat=1 -> owner=guest
[log] [coop:interaction] interactionCounter() read -> 35 (role=host)
[log] [coop:reward] advance interaction from CONTINUATION commit (role=host from=34 counter 34 -> 35)
[log] [coop:interaction] interactionCounter() read -> 35 (role=host)
[log] [coop:transport] recv guest t=envelope t=envelope handlers=1
[log] [coop:transport] recv guest t=interactionChoice seq=7000034 kind=biomeShop choice=-1 handlers=1
[log] [coop:transport] recv guest t=interaction screen=__turn__ handlers=1
[log] [coop:interaction] RECV interaction broadcast (deferred catch-up net) received=35 localBefore=35 role=host -> no defer (local >= received)
[warn] [coop:interaction] CoopInteractionTurn.mergeRemote DEFER (remote=35, counter=35, pendingRemote=35) live counter UNCHANGED (folds in at next advance if still ahead)
[log] [coop:owner] ownerOf(counter=35) seat=1 -> owner=guest
[log] [coop:owner] ownerOf(counter=35) seat=1 -> owner=guest
[log] [coop:rendezvous] crossroads boundary barrier RENDEZVOUS xroads:30 (#858)
[log] [coop:rendezvous] ARRIVE point=xroads:30 (send) role=host
[log] [coop:transport] send host t=rendezvous point=xroads:30
[log] [coop:rendezvous] AWAIT point=xroads:30 timeoutMs=2000 -> network-wait role=host
[log] [coop:transport] recv guest t=rendezvous point=xroads:30 handlers=1
[log] [coop:interaction] interactionCounter() read -> 35 (role=host)
[log] [coop:owner] ownerOf(counter=35) seat=1 -> owner=guest
[log] [coop:owner] isLocalOwnerAtCounter(pinnedCounter=35) parity=1 owner=guest role=host -> false
[log] [coop:rendezvous] RECV arrival point=xroads:30 -> deliver-to-waiter role=host
[log] [coop:transport] send host t=rendezvous point=xroads:30
[log] [coop:rendezvous] AWAIT point=xroads:30 RESOLVE both-arrived role=host
[log] [coop:transport] recv guest t=rendezvous point=xroads:30 handlers=1
[log] [coop:interaction] interactionCounter() read -> 35 (role=host)
[log] [coop:owner] ownerOf(counter=35) seat=1 -> owner=guest
[log] [coop:owner] isLocalOwnerAtCounter(pinnedCounter=35) parity=1 owner=guest role=host -> false
[log] [coop:reward] crossroads owner/watcher decision: pinnedStart=35 role=host spoof=false -> WATCHER (#848)
[log] [coop:interaction] uiMirror beginSession role=watcher mode=15 seq=9600035 early=0
[log] [coop:relay] AWAIT interactionChoice seq=9600035 timeoutMs=1200000 expected=[crossroads] -> network-wait
[log] [coop:transport] recv host t=coopAck cls=op:global seq=70 handlers=1
[log] [coop:transport] recv host t=coopAck cls=op:global seq=70 handlers=1
[log] [coop:transport] recv host t=coopAck cls=op:global seq=70 handlers=1
[log] [coop:transport] recv host t=battleCheckpointAck reason=replacement e=1833203800481331 wave=2 turn=2 rev=18 stage=continuationReady checksum=3244f941b6d0ce2f handlers=1
[log] [coop:transport] recv host t=turnCommitAck e=1833203800481331 wave=30 turn=2 rev=310 stage=continuationReady checksum=a4bc2105bc579c02 handlers=1
[log] [coop:durability] host RELEASE contiguous acknowledged authority cls=op:global seq=70
[log] [coop:stream] host ACCEPT turn ACK stage=continuationReady key=1833203800481331:30:2:310
[log] [coop:stream] host RELEASE retained turn after continuationReady key=1833203800481331:30:2:310
[log] [coop:interaction] interactionCounter() read -> 35 (role=host)
[log] [coop:owner] ownerOf(counter=35) seat=1 -> owner=guest
[log] [coop:owner] isLocalOwnerAtCounter(pinnedCounter=35) parity=1 owner=guest role=host -> false
[log] [coop:interaction] uiMirror WATCHER apply n=0 button=1 mode=15
[log] [coop:relay] DELIVER interactionChoice seq=9600035 -> waiter kind=crossroads choice=1 data=-
[log] [coop:relay] AWAIT interactionChoice seq=9600035 RESOLVE kind=crossroads choice=1 data=-
[log] [coop:transport] send host t=envelope t=envelope
[log] [coop:reward] crossroads WATCHER: owner pick received moveOn=true pinnedStart=35 (#848)
[log] [coop:v2-interaction] terminal proof recorded op=1833203800481331:1:CROSSROADS_PICK:9600035 role=host seat=0 duplicate=0 ambient=1
[log] [coop:transport] recv guest t=envelope t=envelope handlers=1
[log] [coop:owner] ownerOf(counter=35) seat=1 -> owner=guest
[log] [coop:owner] isLocalOwnerAtCounter(pinnedCounter=35) parity=1 owner=guest role=host -> false
[log] [coop:owner] ownerOf(counter=35) seat=1 -> owner=guest
[log] [coop:owner] isLocalOwnerAtCounter(pinnedCounter=35) parity=1 owner=guest role=host -> false
[log] [coop:reward] biome pick owner/watcher decision: pinnedStart=35 role=host spoof=false chained=true -> WATCHER (#848)
[log] [coop:interaction] uiMirror beginSession role=watcher mode=54 seq=9700035 early=0
[log] [coop:relay] AWAIT interactionChoice seq=9700035 timeoutMs=1200000 expected=[biomePick] -> network-wait
[log] [coop:interaction] interactionCounter() read -> 35 (role=host)
[log] [coop:owner] ownerOf(counter=35) seat=1 -> owner=guest
[log] [coop:owner] isLocalOwnerAtCounter(pinnedCounter=35) parity=1 owner=guest role=host -> false
[log] [coop:relay] DELIVER interactionChoice seq=9700035 -> waiter kind=biomePick choice=0 data=[5]
[log] [coop:relay] AWAIT interactionChoice seq=9700035 RESOLVE kind=biomePick choice=0 data=[5]
[log] [coop:transport] send host t=envelope t=envelope
[log] [coop:reward] biome pick WATCHER: owner biome=undefined received pinnedStart=35 (#848)
[log] [coop:transport] recv guest t=envelope t=envelope handlers=1
[log] [coop:interaction] interactionCounter() read -> 35 (role=host)
[log] [coop:interaction] CoopInteractionTurn.advance INCREMENT (fromCounter=35) counter 35 -> 36
[log] [coop:interaction] advanceInteraction ADVANCED+BROADCAST (fromCounter=35) counter 35 -> 36 role=host; send interaction screen=__turn__ choice=36
[log] [coop:interaction] SEND counter snapshot reason=advance choice=36 role=host
[log] [coop:transport] send host t=interaction screen=__turn__
[log] [coop:owner] ownerOf(counter=36) seat=0 -> owner=host
[log] [coop:owner] ownerOf(counter=36) seat=0 -> owner=host
[log] [coop:interaction] interactionCounter() read -> 36 (role=host)
[log] [coop:reward] advance interaction from CONTINUATION commit (role=host from=35 counter 35 -> 36)
[log] [coop:interaction] interactionCounter() read -> 36 (role=host)
[log] [coop:v2-interaction] terminal proof recorded op=1833203800481331:1:BIOME_PICK:9700035 role=host seat=0 duplicate=0 ambient=1
[log] [coop:transport] recv guest t=interaction screen=__turn__ handlers=1
[log] [coop:interaction] RECV interaction broadcast (deferred catch-up net) received=36 localBefore=36 role=host -> no defer (local >= received)
[warn] [coop:interaction] CoopInteractionTurn.mergeRemote DEFER (remote=36, counter=36, pendingRemote=36) live counter UNCHANGED (folds in at next advance if still ahead)
[log] [coop:owner] ownerOf(counter=36) seat=0 -> owner=host
[log] [coop:owner] ownerOf(counter=36) seat=0 -> owner=host
[log] [coop:interaction] interactionCounter() read -> 36 (role=host)
[log] %cStart Phase: PartyHealPhase color:green
[log] %cStart Phase: ResetStatusPhase color:green
[log] %cStart Phase: ResetStatusPhase color:green
[log] %cStart Phase: ResetStatusPhase color:green
[log] %cStart Phase: ResetStatusPhase color:green
[log] %cStart Phase: ResetStatusPhase color:green
[log] %cStart Phase: ResetStatusPhase color:green
[log] %cStart Phase: SwitchBiomePhase color:green
[log] %cStart Phase: NewBattlePhase color:green
[log] [coop:turn] host recorder: begin deferred transition turn=1 scope=1833203800481331:31
[log] [coop:v2-control] NewBattlePhase installed committed host biome encounter wave=30->31
[log] %cStart Phase: ReturnPhase color:green
[log] [coop:turn] host recorder: preserve recording scope=1833203800481331:31 turn=1 events=0 seq=0
[log] %cStart Phase: ReturnPhase color:green
[log] [coop:turn] host recorder: preserve recording scope=1833203800481331:31 turn=1 events=0 seq=0
[log] %cStart Phase: ShowTrainerPhase color:green
[log] %cStart Phase: NewBiomeEncounterPhase color:green
[log] [coop:interaction] interactionCounter() read -> 36 (role=host)
[log] [coop:replay] host SEND enemyPartySync wave=31 count=2 meType=-1 battleType=0 entryPresentation=-
[log] [coop:transport] send host t=enemyPartySync wave=31 enemies=2 battleType=0
[log] [coop:turn] host recorder: preserve recording scope=1833203800481331:31 turn=1 events=0 seq=0
[log] [coop:transport] recv guest t=enemyPartySync wave=31 enemies=2 battleType=0 handlers=1
[log] %cStart Phase: LevelCapPhase color:green
[log] %cStart Phase: SummonPhase color:green
[log] [coop:turn] host recorder: preserve recording scope=1833203800481331:31 turn=1 events=0 seq=0
[log] %cStart Phase: ToggleDoublePositionPhase color:green
[log] %cStart Phase: SummonPhase color:green
[log] [coop:turn] host recorder: preserve recording scope=1833203800481331:31 turn=1 events=0 seq=0
[log] %cStart Phase: CheckSwitchPhase color:green
[log] %cStart Phase: CheckSwitchPhase color:green
[log] %cStart Phase: InitEncounterPhase color:green
[log] [coop:turn] host recorder: preserve recording scope=1833203800481331:31 turn=1 events=0 seq=0
[log] %cStart Phase: PostSummonPhase color:green
[log] %cStart Phase: PostSummonPhase color:green
[log] %cStart Phase: ShowAbilityPhase color:green
[log] [coop:turn] host recorder: append turn=1 seq=0 k=showAbility total=1 live=true
[log] %cStart Phase: StatStageChangePhase color:green
[log] [coop:turn] host recorder: append turn=1 seq=1 k=message total=2 live=true
[log] [coop:turn] host recorder: append turn=1 seq=2 k=statStage total=3 live=true
[log] %cStart Phase: MessagePhase color:green
[log] %cStart Phase: StatStageChangePhase color:green
[log] [coop:turn] host recorder: append turn=1 seq=3 k=message total=4 live=true
[log] [coop:turn] host recorder: append turn=1 seq=4 k=statStage total=5 live=true
[log] %cStart Phase: MessagePhase color:green
[log] %cStart Phase: HideAbilityPhase color:green
[log] [coop:turn] host recorder: append turn=1 seq=5 k=hideAbility total=6 live=true
[log] %cStart Phase: PostSummonPhase color:green
[log] %cStart Phase: PostSummonPhase color:green
[log] %cStart Phase: PostSummonPhase color:green
[log] %cStart Phase: PostSummonPhase color:green
[log] %cStart Phase: PostSummonPhase color:green
[log] %cStart Phase: ShowAbilityPhase color:green
[log] [coop:turn] host recorder: append turn=1 seq=6 k=showAbility total=7 live=true
[log] %cStart Phase: MovePhase color:green
[log] [coop:turn] host recorder: append turn=1 seq=7 k=moveUsed total=8 live=true
[log] %cStart Phase: MessagePhase color:green
[log] %cStart Phase: MoveEffectPhase color:green
[log] [coop:turn] host recorder: append turn=1 seq=8 k=moveAnim total=9 live=true
[log] [coop:turn] host recorder: append turn=1 seq=9 k=hp total=10 live=true
[log] %cStart Phase: DamageAnimPhase color:green
[log] %cStart Phase: MoveEndPhase color:green
[log] %cStart Phase: HideAbilityPhase color:green
[log] [coop:turn] host recorder: append turn=1 seq=10 k=hideAbility total=11 live=true
[log] %cStart Phase: TurnInitPhase color:green
[log] [coop:replay] host SEND enemyPartySync wave=31 count=2 meType=-1 battleType=0 entryPresentation=11
[log] [coop:transport] send host t=enemyPartySync wave=31 enemies=2 battleType=0
[log] [coop:replay] host RE-BROADCAST wave-start authority wave=31 after post-summon boundary stateChanged=true presentation=11 (#920)
[log] [coop:rendezvous] next-command barrier ARRIVE+AWAIT cmd:31:1 slot=0
[log] [coop:rendezvous] ARRIVE point=cmd:31:1 (send) role=host
[log] [coop:transport] send host t=rendezvous point=cmd:31:1
[log] [coop:rendezvous] AWAIT point=cmd:31:1 timeoutMs=2000 -> network-wait role=host
[log] [coop:transport] recv guest t=enemyPartySync wave=31 enemies=2 battleType=0 handlers=1
[log] [coop:transport] recv guest t=rendezvous point=cmd:31:1 handlers=1
[log] [coop:rendezvous] RECV arrival point=cmd:31:1 -> deliver-to-waiter role=host
[log] [coop:transport] send host t=rendezvous point=cmd:31:1
[log] [coop:rendezvous] AWAIT point=cmd:31:1 RESOLVE both-arrived role=host
[log] [coop:durability] host RELEASE contiguous acknowledged authority cls=op:global seq=71
[log] [coop:durability] host RELEASE contiguous acknowledged authority cls=op:global seq=72
[log] [coop:durability] host RELEASE contiguous acknowledged authority cls=op:global seq=73
[log] [coop:transport] recv guest t=rendezvous point=cmd:31:1 handlers=1
[log] [coop:transport] send host t=enemyPartySync wave=31 enemies=2 battleType=0
[log] [coop:replay] host RE-BROADCAST wave-start authority wave=31 after post-summon boundary stateChanged=false presentation=11 (#920)
[log] [coop:transport] recv guest t=enemyPartySync wave=31 enemies=2 battleType=0 handlers=1
[log] [coop:interaction] interactionCounter() read -> 36 (role=host)
[log] [coop:checksum] capture digest=874648be73046d6d field=4 biome=5 seed=coop-soak-20260924 weather=0 terrain=0 money=2220 party=[143,94,149,445,376,248] partyLevels=[65,65,65,65,65,65] arenaTags=0 modifiers=4 heldItemsDigest=0 pokeballs=[0:60,1:5,2:0,3:0,4:0] mons=[bi0:sp143/hp296-303/st0/ab12/form0/tera0:0/boss0:0 bi1:sp94/hp179-179/st0/ab5067/form0/tera0:7/boss0:0 bi2:sp944/hp52-52/st0/ab158/form0/tera0:0/boss0:0 bi3:sp315/hp53-53/st0/ab65/form0/tera0:3/boss0:0]
[log] [coop:interaction] interactionCounter() read -> 36 (role=host)
[log] %cStart Phase: SelectTargetPhase color:green
[log] [coop:owner] broadcast own-slot fi=0 turn=1 role=host cmd=0
[log] [coop:relay] broadcastLocalCommand SEND fieldIndex=0 owner=host turn=1 command=0 cursor=2 moveId=53 targets=[2]
[log] [coop:transport] send host t=command fi=0 owner=host turn=1 cmd=0 cursor=2 move=53
[log] [coop:transport] recv guest t=command fi=0 owner=host turn=1 cmd=0 cursor=2 move=53 handlers=1
[log] [coop:relay] recv command fieldIndex=0 turn=1 command=0 -> BUFFERED (no awaiter yet)
[log] %cStart Phase: CommandPhase color:green
[log] [coop:transport] send host t=enemyPartySync wave=31 enemies=2 battleType=0
[log] [coop:replay] host RE-BROADCAST wave-start authority wave=31 after post-summon boundary stateChanged=false presentation=11 (#920)
[log] [coop:battle] CommandPhase slot=1 turn=1 owner=guest role=host -> partner path
[log] [coop:relay] host requestPartnerCommand SEND fieldIndex=1 turn=1 moveSlots=[0,1,2,3] (awaiting peer)
[log] [coop:transport] send host t=commandRequest fi=1 owner=guest turn=1 slots=4
[log] [coop:transport] recv guest t=enemyPartySync wave=31 enemies=2 battleType=0 handlers=1
[log] [coop:transport] recv guest t=commandRequest fi=1 owner=guest turn=1 slots=4 handlers=1
[log] [coop:relay] peer recv commandRequest fieldIndex=1 owner=guest turn=1 moveSlots=[0,1,2,3] -> reply command=0 cursor=3 moveId=85
[log] [coop:transport] send guest t=command fi=1 owner=guest turn=1 cmd=0 cursor=3 move=85
[log] [coop:transport] recv host t=command fi=1 owner=guest turn=1 cmd=0 cursor=3 move=85 handlers=1
[log] [coop:relay] recv command fieldIndex=1 turn=1 command=0 -> resolved awaiting request
[log] [coop:ai] applyWiredPartnerCommand partner=94 wiredMoveId=85 cursor=3 -> moveId=85 moveIndex=3 tera=false targets=[3] targetsFrom=wire-verbatim useMode=1
[log] %cStart Phase: EnemyCommandPhase color:green
[log] %cStart Phase: EnemyCommandPhase color:green
[log] %cStart Phase: TurnStartPhase color:green
[log] [coop-diag] turn-start authoritative guard mode=authoritative role=host turn=1 diverts=false
[log] [coop:turn] host recorder: preserve recording scope=1833203800481331:31 turn=1 events=14 seq=14
[log] %cStart Phase: MovePhase color:green
[log] [coop:turn] host recorder: append turn=1 seq=14 k=moveUsed total=15 live=true
[log] [coop:turn] host recorder: append turn=1 seq=15 k=message total=16 live=true
[log] %cStart Phase: MessagePhase color:green
[log] %cStart Phase: MessagePhase color:green
[log] %cStart Phase: MoveEndPhase color:green
[log] %cStart Phase: MovePhase color:green
[log] [coop:turn] host recorder: append turn=1 seq=16 k=moveUsed total=17 live=true
[log] %cStart Phase: MessagePhase color:green
[log] %cStart Phase: MoveEffectPhase color:green
[log] [coop:turn] host recorder: append turn=1 seq=17 k=moveAnim total=18 live=true
[log] [coop:turn] host recorder: append turn=1 seq=18 k=hp total=19 live=true
[log] [coop:turn] host recorder: append turn=1 seq=19 k=faint total=20 live=true
[log] [coop:turn] host recorder: append turn=1 seq=20 k=message total=21 live=true
[log] %cStart Phase: DamageAnimPhase color:green
[log] %cStart Phase: MessagePhase color:green
[log] %cStart Phase: FaintPhase color:green
[log] %cStart Phase: MessagePhase color:green
[log] %cStart Phase: VictoryPhase color:green
[log] [coop:progression] HOST applyPartyExp COMPUTE wave=31 expValue=533 koMon=Roselia
[log] %cStart Phase: MoveEndPhase color:green
[log] %cStart Phase: MovePhase color:green
[log] [coop:turn] host recorder: append turn=1 seq=21 k=moveUsed total=22 live=true
[log] %cStart Phase: MessagePhase color:green
[log] %cStart Phase: MoveEffectPhase color:green
[log] [coop:turn] host recorder: append turn=1 seq=22 k=moveAnim total=23 live=true
[log] [coop:turn] host recorder: append turn=1 seq=23 k=hp total=24 live=true
[log] [coop:turn] host recorder: append turn=1 seq=24 k=faint total=25 live=true
[log] %cStart Phase: DamageAnimPhase color:green
[log] %cStart Phase: FaintPhase color:green
[log] %cStart Phase: MessagePhase color:green
[log] %cStart Phase: VictoryPhase color:green
[log] [coop:progression] HOST applyPartyExp COMPUTE wave=31 expValue=233 koMon=Shroodle
[warn] [coop:v2-shadow] FAULT tap(WAVE_ADVANCE): AuthorityLog.commit: WAVE_ADVANCE is not authorized by predecessor control after WSHADOW/ADV/w1
[log] [coop:runtime] defer raw waveResolved wave=31 outcome=win until its material turnResolution is retained
[log] [coop-diag] VictoryPhase win-branch role=host battleType=WILD queuesTrainerVictory=false queuesSelectModifier=true wave=31
[log] [coop-diag] VictoryTail role=host wave=31 source=legacy-local trainer=false egg=true biomeShop=false biomeChange=false crossroads=false nextWave=32
[log] %cStart Phase: MoveEndPhase color:green
[log] %cStart Phase: MovePhase color:green
[log] %cStart Phase: MoveEndPhase color:green
[log] %cStart Phase: CheckInterludePhase color:green
[log] %cStart Phase: WeatherEffectPhase color:green
[log] %cStart Phase: PositionalTagPhase color:green
[log] %cStart Phase: BerryPhase color:green
[log] %cStart Phase: CheckStatusEffectPhase color:green
[log] %cStart Phase: TurnEndPhase color:green
[log] %cStart Phase: CoopTurnCommitPhase color:green
[log] [coop:turn] host recorder: finalize turn=1 events=25 seq=25
[log] [coop:checkpoint] build field=4 weather=0/0 terrain=0/0 arenaTags=0 money=2220 mons=[bi0:sp143/hp296-303/st0/fnt0 bi1:sp94/hp179-179/st0/fnt0 bi2:sp944/hp0-52/st7/fnt1 bi3:sp315/hp0-53/st7/fnt1]
[log] [coop:checkpoint] host capture field=4 weather=0 terrain=0 money=2220 arenaTags=0 mons=[bi0:sp143/hp296-303/st0/fnt0 bi1:sp94/hp179-179/st0/fnt0 bi2:sp944/hp0-52/st7/fnt1 bi3:sp315/hp0-53/st7/fnt1]
[log] [coop:interaction] interactionCounter() read -> 36 (role=host)
[log] [coop:replay] host SEND turnResolution e=1833203800481331 wave=31 turn=1 rev=321 events=25 checksum=923e90d4559ebfd1
[log] [coop:transport] send host t=turnResolution e=1833203800481331 wave=31 turn=1 rev=321 events=25 checksum=923e90d4559ebfd1
[warn] [coop:v2-shadow] FAULT tap(TURN_COMMIT): AuthorityLog.commit: TURN_COMMIT is not authorized by predecessor control after WSHADOW/ADV/w1
[log] [coop:runtime] send waveResolved wave=31 outcome=win (host)
[log] [coop:replay] host SEND waveResolved wave=31 outcome=win transition=WAVE_VICTORY/next32/biome0/egg1/wild
[log] [coop:transport] send host t=waveResolved wave=31 outcome=win captureParty=- cap=-
[log] [coop:transport] recv guest t=turnResolution e=1833203800481331 wave=31 turn=1 rev=321 events=25 checksum=923e90d4559ebfd1 handlers=1
[log] [coop:transport] recv guest t=waveResolved wave=31 outcome=win captureParty=- cap=- handlers=1
[log] [38;2;255;127;80mPhaseInterceptor.to: Stopping on completion of CoopTurnCommitPhase[39m
[log] %cStart Phase: BattleEndPhase color:green
[log] [coop:progression] HOST automatic victory settlement deferred wave=31 sourceTurn=1 settlementTurn=2
[log] [coop:interaction] interactionCounter() read -> 36 (role=host)
[log] %cStart Phase: EggLapsePhase color:green
[log] %cStart Phase: CoopVictorySealPhase color:green
[log] [coop:transport] send host t=envelope t=envelope
[log] [coop:runtime] wave-advance op HOST commit wave=31 outcome=win next=WAVE_VICTORY rev=74 id=1833203800481331:0:WAVE_ADVANCE:31 (Wave-2f)
[log] [coop:runtime] settled WAVE_ADVANCE committed wave=31 tick=322 next=WAVE_VICTORY/wave32
[log] [coop:runtime] send waveEndState wave=31 tick=322 (host)
[log] [coop:replay] host SEND waveEndState wave=31 tick=322 party=6
[log] [coop:transport] send host t=waveEndState t=waveEndState
[log] [coop:progression] HOST automatic victory settlement sealed wave=31 sourceTurn=1 settlementTurn=2 tick=322
[log] [coop:transport] recv guest t=envelope t=envelope handlers=1
[log] [coop:transport] recv guest t=waveEndState t=waveEndState handlers=1
[log] [coop:interaction] interactionCounter() read -> 36 (role=host)
[log] [coop:owner] ownerOf(counter=36) seat=0 -> owner=host
[log] [coop:owner] isLocalOwnerAtCounter(pinnedCounter=36) parity=0 owner=host role=host -> true
[log] [coop:interaction] interactionCounter() read -> 36 (role=host)
[log] [coop:reward] owner/watcher decision: pinnedStart=36 liveCounter=36 parity=0 role=host pick=OWNER option=ROLL spoof=false
[log] [coop:shop] serializeRewardOptions count=3 ids=[POKEBALL,BERRY,TEMP_STAT_STAGE_BOOSTER] tiers=[0,0,0]
[log] [coop:reward] OWNER streams reward options (start=36 reroll=0 count=3 ids=[POKEBALL,BERRY,TEMP_STAT_STAGE_BOOSTER])
[log] [coop:relay] SEND rewardOptions seq=36 reroll=0 count=3 ids=[POKEBALL,BERRY,TEMP_STAT_STAGE_BOOSTER]
[log] [coop:transport] send host t=rewardOptions seq=36 reroll=0 options=3
[log] [coop:rendezvous] ARRIVE point=shop:31:36 (send) role=host
[log] [coop:transport] send host t=rendezvous point=shop:31:36
[log] [coop:reward] OWNER drives reward screen (start=36 role=host spoof=false adoptsOptions=false wave=31)
[log] [coop:rendezvous] shop-pick-commit barrier AWAIT shop:31:36
[log] [coop:rendezvous] AWAIT point=shop:31:36 timeoutMs=2000 -> network-wait role=host
[log] [coop:transport] recv guest t=rewardOptions seq=36 reroll=0 options=3 handlers=1
[log] [coop:transport] recv guest t=rendezvous point=shop:31:36 handlers=1
[log] [coop:interaction] interactionCounter() read -> 36 (role=host)
[log] [coop:checksum] capture digest=923e90d4559ebfd1 field=4 biome=5 seed=coop-soak-20260924 weather=0 terrain=0 money=2220 party=[143,94,149,445,376,248] partyLevels=[65,65,65,65,65,65] arenaTags=0 modifiers=4 heldItemsDigest=0 pokeballs=[0:60,1:5,2:0,3:0,4:0] mons=[bi0:sp143/hp296-303/st0/ab12/form0/tera0:0/boss0:0 bi1:sp94/hp179-179/st0/ab5067/form0/tera0:7/boss0:0 bi2:sp944/hp0-52/st7/ab158/form0/tera0:0/boss0:0 bi3:sp315/hp0-53/st7/ab65/form0/tera0:3/boss0:0]
[log] [coop:durability] operation delivery RETRY key=op:global:74:1833203800481331:31:2:1833203800481331:0:WAVE_ADVANCE:31 attempt=1/8
[log] [coop:transport] send host t=envelope t=envelope
[log] [coop:rendezvous] RECV arrival point=shop:31:36 -> deliver-to-waiter role=host
[log] [coop:transport] send host t=rendezvous point=shop:31:36
[log] [coop:rendezvous] AWAIT point=shop:31:36 RESOLVE both-arrived role=host
[log] [coop:stream] host ACCEPT turn ACK stage=continuationReady key=1833203800481331:31:1:321
[log] [coop:stream] host RELEASE retained turn after continuationReady key=1833203800481331:31:1:321
[log] [coop:durability] host RELEASE contiguous acknowledged authority cls=op:global seq=74
[warn] [coop:durability] DROP skipped/regressed operation ACK key=op:global:74:1833203800481331:31:2:1833203800481331:0:WAVE_ADVANCE:31 stage=materialApplied
[warn] [coop:durability] DROP skipped/regressed operation ACK key=op:global:74:1833203800481331:31:2:1833203800481331:0:WAVE_ADVANCE:31 stage=presentationReady
[log] [coop:transport] recv guest t=rendezvous point=shop:31:36 handlers=1
[log] [coop:interaction] mirror begin role=owner mirrorSeq=2304 interactionStart=36 reroll=0
[log] [coop:interaction] uiMirror beginSession role=owner mode=6 seq=2304 early=0
[log] [coop:owner] ownerOf(counter=36) seat=0 -> owner=host
[log] [coop:owner] isLocalOwnerAtCounter(pinnedCounter=36) parity=0 owner=host role=host -> true
[log] [coop:relay] OWNER prepare seq=36 kind=skip choice=-1 data=[] role=host
[log] [coop:reward] reward op INTENT prepared label=skip id=1833203800481331:0:REWARD:3600000
[log] [coop:shop] serializeRewardOptions count=3 ids=[POKEBALL,BERRY,TEMP_STAT_STAGE_BOOSTER] tiers=[0,0,0]
[log] [coop:transport] send host t=envelope t=envelope
[log] [coop:reward] reward authoritative RESULT retained rev=75 tick=323 id=1833203800481331:0:REWARD:3600000
[log] [coop:reward] OWNER retained terminal before continuation seq=36 id=1833203800481331:0:REWARD:3600000
[log] [coop:transport] recv guest t=envelope t=envelope handlers=1
[log] [coop:interaction] RECV interaction broadcast (deferred catch-up net) received=37 localBefore=36 role=host -> WILL DEFER to 37 (folds in at next advance if still ahead)
[warn] [coop:interaction] CoopInteractionTurn.mergeRemote DEFER (remote=37, counter=36, pendingRemote=37) live counter UNCHANGED (folds in at next advance if still ahead)
[log] [coop:owner] ownerOf(counter=36) seat=0 -> owner=host
[log] [coop:owner] ownerOf(counter=36) seat=0 -> owner=host
[log] [coop:reward] OWNER peer material applied; release terminal engine barrier seq=36 id=1833203800481331:0:REWARD:3600000
[log] [coop:interaction] interactionCounter() read -> 36 (role=host)
[log] [coop:interaction] CoopInteractionTurn.advance INCREMENT (fromCounter=36) counter 36 -> 37
[log] [coop:interaction] advanceInteraction ADVANCED+BROADCAST (fromCounter=36) counter 36 -> 37 role=host; send interaction screen=__turn__ choice=37
[log] [coop:interaction] SEND counter snapshot reason=advance choice=37 role=host
[log] [coop:transport] send host t=interaction screen=__turn__
[log] [coop:owner] ownerOf(counter=37) seat=1 -> owner=guest
[log] [coop:owner] ownerOf(counter=37) seat=1 -> owner=guest
[log] [coop:interaction] interactionCounter() read -> 37 (role=host)
[log] [coop:reward] advance interaction (role=host from=36 counter 36 -> 37)
[log] [coop:transport] recv guest t=interaction screen=__turn__ handlers=1
[log] [coop:interaction] interactionCounter() read -> 37 (role=host)
[log] [coop:interaction] interactionCounter() read -> 37 (role=guest)
[log] [coop-soak:wave-complete] {"seed":20260924,"wave":31,"wavesRequested":55,"wavesCompleted":31,"waveElapsedMs":1439,"elapsedMs":81803,"findings":0,"hostPhase":"NewBattlePhase","guestPhase":"NewBattlePhase"}
[log] %cStart Phase: NewBattlePhase color:green
[log] [coop:turn] host recorder: begin deferred transition turn=1 scope=1833203800481331:32
[log] %cStart Phase: CoopPartnerSyncPhase color:green
[log] [coop:interaction] interactionCounter() read -> 37 (role=host)
[log] %cStart Phase: ReturnPhase color:green
[log] [coop:turn] host recorder: preserve recording scope=1833203800481331:32 turn=1 events=0 seq=0
[log] %cStart Phase: ReturnPhase color:green
[log] [coop:turn] host recorder: preserve recording scope=1833203800481331:32 turn=1 events=0 seq=0
[log] %cStart Phase: ShowTrainerPhase color:green
[log] %cStart Phase: NextEncounterPhase color:green
[log] [coop:interaction] interactionCounter() read -> 37 (role=host)
[log] [coop:replay] host SEND enemyPartySync wave=32 count=3 meType=-1 battleType=1 entryPresentation=-
[log] [coop:transport] send host t=enemyPartySync wave=32 enemies=3 battleType=1
[log] [coop:transport] recv guest t=enemyPartySync wave=32 enemies=3 battleType=1 handlers=1
[log] [coop:turn] host recorder: preserve recording scope=1833203800481331:32 turn=1 events=0 seq=0
[log] %cStart Phase: SummonPhase color:green
[log] [coop:turn] host recorder: preserve recording scope=1833203800481331:32 turn=1 events=0 seq=0
[log] %cStart Phase: SummonPhase color:green
[log] [coop:turn] host recorder: preserve recording scope=1833203800481331:32 turn=1 events=0 seq=0
[log] %cStart Phase: SummonPhase color:green
[log] [coop:turn] host recorder: preserve recording scope=1833203800481331:32 turn=1 events=0 seq=0
[log] %cStart Phase: ToggleDoublePositionPhase color:green
[log] %cStart Phase: SummonPhase color:green
[log] [coop:turn] host recorder: preserve recording scope=1833203800481331:32 turn=1 events=0 seq=0
[log] %cStart Phase: InitEncounterPhase color:green
[log] [coop:turn] host recorder: preserve recording scope=1833203800481331:32 turn=1 events=0 seq=0
[log] %cStart Phase: PostSummonPhase color:green
[log] %cStart Phase: PostSummonPhase color:green
[log] %cStart Phase: ShowAbilityPhase color:green
[log] [coop:turn] host recorder: append turn=1 seq=0 k=showAbility total=1 live=true
[log] %cStart Phase: StatStageChangePhase color:green
[log] [coop:turn] host recorder: append turn=1 seq=1 k=message total=2 live=true
[log] [coop:turn] host recorder: append turn=1 seq=2 k=statStage total=3 live=true
[log] %cStart Phase: MessagePhase color:green
[log] %cStart Phase: StatStageChangePhase color:green
[log] [coop:turn] host recorder: append turn=1 seq=3 k=message total=4 live=true
[log] [coop:turn] host recorder: append turn=1 seq=4 k=statStage total=5 live=true
[log] %cStart Phase: MessagePhase color:green
[log] %cStart Phase: HideAbilityPhase color:green
[log] [coop:turn] host recorder: append turn=1 seq=5 k=hideAbility total=6 live=true
[log] %cStart Phase: PostSummonPhase color:green
[log] %cStart Phase: PostSummonPhase color:green
[log] %cStart Phase: PostSummonPhase color:green
[log] %cStart Phase: PostSummonPhase color:green
[log] %cStart Phase: TurnInitPhase color:green
[log] [coop:replay] host SEND enemyPartySync wave=32 count=3 meType=-1 battleType=1 entryPresentation=6
[log] [coop:transport] send host t=enemyPartySync wave=32 enemies=3 battleType=1
[log] [coop:replay] host RE-BROADCAST wave-start authority wave=32 after post-summon boundary stateChanged=true presentation=6 (#920)
[log] [coop:rendezvous] next-command barrier ARRIVE+AWAIT cmd:32:1 slot=0
[log] [coop:rendezvous] ARRIVE point=cmd:32:1 (send) role=host
[log] [coop:transport] send host t=rendezvous point=cmd:32:1
[log] [coop:rendezvous] AWAIT point=cmd:32:1 timeoutMs=2000 -> network-wait role=host
[log] [coop:transport] recv guest t=enemyPartySync wave=32 enemies=3 battleType=1 handlers=1
[log] [coop:transport] recv guest t=rendezvous point=cmd:32:1 handlers=1
[log] [coop:rendezvous] RECV arrival point=cmd:32:1 -> deliver-to-waiter role=host
[log] [coop:transport] send host t=rendezvous point=cmd:32:1
[log] [coop:rendezvous] AWAIT point=cmd:32:1 RESOLVE both-arrived role=host
[log] [coop:durability] host RELEASE contiguous acknowledged authority cls=op:global seq=75
[log] [coop:transport] recv guest t=rendezvous point=cmd:32:1 handlers=1
[log] [coop:transport] send host t=enemyPartySync wave=32 enemies=3 battleType=1
[log] [coop:replay] host RE-BROADCAST wave-start authority wave=32 after post-summon boundary stateChanged=false presentation=6 (#920)
[log] [coop:transport] recv guest t=enemyPartySync wave=32 enemies=3 battleType=1 handlers=1
[log] [coop-soak:wave-start] {"seed":20260924,"wave":32,"wavesRequested":55,"wavesCompleted":31,"elapsedMs":82994,"hostPhase":"CommandPhase","guestPhase":"CommandPhase"}
[log] [coop:interaction] interactionCounter() read -> 37 (role=host)
[log] [coop:interaction] interactionCounter() read -> 37 (role=guest)
[log] [coop:interaction] interactionCounter() read -> 37 (role=host)
[log] [coop:checksum] capture digest=9ce84ffc2f564adb field=4 biome=5 seed=coop-soak-20260924 weather=0 terrain=0 money=2220 party=[143,94,149,445,376,248] partyLevels=[65,65,65,65,65,65] arenaTags=0 modifiers=4 heldItemsDigest=0 pokeballs=[0:60,1:5,2:0,3:0,4:0] mons=[bi0:sp143/hp296-303/st0/ab12/form0/tera0:0/boss0:0 bi1:sp94/hp179-179/st0/ab5067/form0/tera0:7/boss0:0 bi2:sp46/hp51-51/st0/ab5135/form0/tera0:6/boss0:0 bi3:sp315/hp53-53/st0/ab102/form0/tera0:3/boss0:0]
[log] [coop:interaction] interactionCounter() read -> 37 (role=host)
[log] [coop:relay] broadcastLocalCommand SEND fieldIndex=0 owner=host turn=1 command=2 cursor=2 moveId=- targets=[]
[log] [coop:transport] send host t=command fi=0 owner=host turn=1 cmd=2 cursor=2 move=-
[log] [coop:transport] recv guest t=command fi=0 owner=host turn=1 cmd=2 cursor=2 move=- handlers=1
[log] [coop:relay] recv command fieldIndex=0 turn=1 command=2 -> BUFFERED (no awaiter yet)
[log] %cStart Phase: CommandPhase color:green
[log] [coop:transport] send host t=enemyPartySync wave=32 enemies=3 battleType=1
[log] [coop:replay] host RE-BROADCAST wave-start authority wave=32 after post-summon boundary stateChanged=false presentation=6 (#920)
[log] [coop:battle] CommandPhase slot=1 turn=1 owner=guest role=host -> partner path
[log] [coop:relay] host requestPartnerCommand SEND fieldIndex=1 turn=1 moveSlots=[0,1,2,3] (awaiting peer)
[log] [coop:transport] send host t=commandRequest fi=1 owner=guest turn=1 slots=4
[log] [coop:transport] recv guest t=enemyPartySync wave=32 enemies=3 battleType=1 handlers=1
[log] [coop:transport] recv guest t=commandRequest fi=1 owner=guest turn=1 slots=4 handlers=1
[log] [coop:relay] peer recv commandRequest fieldIndex=1 owner=guest turn=1 moveSlots=[0,1,2,3] -> reply command=0 cursor=2 moveId=53
[log] [coop:transport] send guest t=command fi=1 owner=guest turn=1 cmd=0 cursor=2 move=53
[log] [coop:transport] recv host t=command fi=1 owner=guest turn=1 cmd=0 cursor=2 move=53 handlers=1
[log] [coop:relay] recv command fieldIndex=1 turn=1 command=0 -> resolved awaiting request
[log] [coop:ai] applyWiredPartnerCommand partner=94 wiredMoveId=53 cursor=2 -> moveId=53 moveIndex=2 tera=false targets=[3] targetsFrom=wire-verbatim useMode=1
[log] %cStart Phase: EnemyCommandPhase color:green
[log] %cStart Phase: EnemyCommandPhase color:green
[log] %cStart Phase: TurnStartPhase color:green
[log] [coop-diag] turn-start authoritative guard mode=authoritative role=host turn=1 diverts=false
[log] [coop:turn] host recorder: preserve recording scope=1833203800481331:32 turn=1 events=8 seq=8
[log] %cStart Phase: SwitchSummonPhase color:green
[log] [coop:turn] host recorder: preserve recording scope=1833203800481331:32 turn=1 events=8 seq=8
[log] [coop:turn] host recorder: append turn=1 seq=8 k=switch total=9 live=true
[log] %cStart Phase: PostSummonPhase color:green
[log] %cStart Phase: MovePhase color:green
[log] [coop:turn] host recorder: append turn=1 seq=9 k=moveUsed total=10 live=true
[log] %cStart Phase: MessagePhase color:green
[log] %cStart Phase: MoveEffectPhase color:green
[log] [coop:turn] host recorder: append turn=1 seq=10 k=moveAnim total=11 live=true
[log] [coop:turn] host recorder: append turn=1 seq=11 k=hp total=12 live=true
[log] [coop:turn] host recorder: append turn=1 seq=12 k=faint total=13 live=true
[log] [coop:turn] host recorder: append turn=1 seq=13 k=message total=14 live=true
[log] %cStart Phase: DamageAnimPhase color:green
[log] %cStart Phase: MessagePhase color:green
[log] %cStart Phase: FaintPhase color:green
[log] %cStart Phase: MessagePhase color:green
[log] %cStart Phase: VictoryPhase color:green
[log] [coop:progression] HOST applyPartyExp COMPUTE wave=32 expValue=533 koMon=Roselia
[log] %cStart Phase: MoveEndPhase color:green
[log] %cStart Phase: MovePhase color:green
[log] %cStart Phase: MoveEndPhase color:green
[log] %cStart Phase: MovePhase color:green
[log] [coop:turn] host recorder: append turn=1 seq=14 k=moveUsed total=15 live=true
[log] %cStart Phase: MessagePhase color:green
[log] %cStart Phase: MoveEffectPhase color:green
[log] [coop:turn] host recorder: append turn=1 seq=15 k=moveAnim total=16 live=true
[log] [coop:turn] host recorder: append turn=1 seq=16 k=hp total=17 live=true
[log] [coop:turn] host recorder: append turn=1 seq=17 k=message total=18 live=true
[log] [coop:turn] host recorder: append turn=1 seq=18 k=message total=19 live=true
[log] %cStart Phase: DamageAnimPhase color:green
[log] %cStart Phase: MessagePhase color:green
[log] %cStart Phase: MessagePhase color:green
[log] %cStart Phase: MoveEndPhase color:green
[log] %cStart Phase: CheckInterludePhase color:green
[log] %cStart Phase: WeatherEffectPhase color:green
[log] %cStart Phase: PositionalTagPhase color:green
[log] %cStart Phase: BerryPhase color:green
[log] %cStart Phase: CheckStatusEffectPhase color:green
[log] %cStart Phase: TurnEndPhase color:green
[log] [coop:turn] host recorder: append turn=1 seq=19 k=commonAnim total=20 live=true
[log] [coop:turn] host recorder: append turn=1 seq=20 k=hp total=21 live=true
[log] %cStart Phase: CommonAnimPhase color:green
[log] %cStart Phase: DamageAnimPhase color:green
[log] %cStart Phase: PokemonHealPhase color:green
[log] [coop:turn] host recorder: append turn=1 seq=21 k=message total=22 live=true
[log] %cStart Phase: MessagePhase color:green
[log] %cStart Phase: CoopTurnCommitPhase color:green
[log] [coop:turn] host recorder: finalize turn=1 events=22 seq=22
[log] [coop:checkpoint] build field=4 weather=0/0 terrain=0/0 arenaTags=0 money=2220 mons=[bi0:sp149/hp213-213/st0/fnt0 bi1:sp94/hp152-179/st0/fnt0 bi2:sp46/hp51-51/st0/fnt0 bi3:sp315/hp0-53/st7/fnt1]
[log] [coop:checkpoint] host capture field=4 weather=0 terrain=0 money=2220 arenaTags=0 mons=[bi0:sp149/hp213-213/st0/fnt0 bi1:sp94/hp152-179/st0/fnt0 bi2:sp46/hp51-51/st0/fnt0 bi3:sp315/hp0-53/st7/fnt1]
[log] [coop:interaction] interactionCounter() read -> 37 (role=host)
[log] [coop:replay] host SEND turnResolution e=1833203800481331 wave=32 turn=1 rev=330 events=22 checksum=5585a65036452e2b
[log] [coop:transport] send host t=turnResolution e=1833203800481331 wave=32 turn=1 rev=330 events=22 checksum=5585a65036452e2b
[warn] [coop:v2-shadow] FAULT tap(TURN_COMMIT): AuthorityLog.commit: TURN_COMMIT is not authorized by predecessor control after WSHADOW/ADV/w1
[log] [coop:transport] recv guest t=turnResolution e=1833203800481331 wave=32 turn=1 rev=330 events=22 checksum=5585a65036452e2b handlers=1
[log] [38;2;255;127;80mPhaseInterceptor.to: Stopping on completion of CoopTurnCommitPhase[39m
[log] %cStart Phase: SwitchSummonPhase color:green
[log] [coop:turn] host recorder: begin turn=2 scope=1833203800481331:32 (no prior open recording)
[log] [coop:turn] host recorder: append turn=2 seq=0 k=switch total=1 live=true
[log] %cStart Phase: PostSummonPhase color:green
[log] %cStart Phase: TurnInitPhase color:green
[log] [coop:transport] recv host t=rendezvous point=cmd:32:2 handlers=1
[log] [coop:rendezvous] RECV arrival point=cmd:32:2 -> BUFFER (no waiter yet) role=host
[log] [coop:rendezvous] ARRIVE point=cmd:32:2 (send) role=host
[log] [coop:transport] send host t=rendezvous point=cmd:32:2
[log] [coop:rendezvous] next-command barrier cmd:32:2 SYNC pass (partner already arrived)
[log] [coop:transport] recv guest t=rendezvous point=cmd:32:2 handlers=1
[log] [coop:stream] host ACCEPT turn ACK stage=continuationReady key=1833203800481331:32:1:330
[log] [coop:stream] host RELEASE retained turn after continuationReady key=1833203800481331:32:1:330
[log] [coop:relay] broadcastLocalCommand SEND fieldIndex=0 owner=host turn=2 command=2 cursor=2 moveId=- targets=[]
[log] [coop:transport] send host t=command fi=0 owner=host turn=2 cmd=2 cursor=2 move=-
[log] [coop:transport] recv guest t=command fi=0 owner=host turn=2 cmd=2 cursor=2 move=- handlers=1
[log] [coop:relay] recv command fieldIndex=0 turn=2 command=2 -> BUFFERED (no awaiter yet)
[log] %cStart Phase: CommandPhase color:green
[log] [coop:battle] CommandPhase slot=1 turn=2 owner=guest role=host -> partner path
[log] [coop:relay] host requestPartnerCommand SEND fieldIndex=1 turn=2 moveSlots=[0,1,2,3] (awaiting peer)
[log] [coop:transport] send host t=commandRequest fi=1 owner=guest turn=2 slots=4
[log] [coop:transport] recv guest t=commandRequest fi=1 owner=guest turn=2 slots=4 handlers=1
[log] [coop:relay] peer recv commandRequest fieldIndex=1 owner=guest turn=2 moveSlots=[0,1,2,3] -> reply command=0 cursor=2 moveId=53
[log] [coop:transport] send guest t=command fi=1 owner=guest turn=2 cmd=0 cursor=2 move=53
[log] [coop:transport] recv host t=command fi=1 owner=guest turn=2 cmd=0 cursor=2 move=53 handlers=1
[log] [coop:relay] recv command fieldIndex=1 turn=2 command=0 -> resolved awaiting request
[log] [coop:ai] applyWiredPartnerCommand partner=94 wiredMoveId=53 cursor=2 -> moveId=53 moveIndex=2 tera=false targets=[3] targetsFrom=wire-verbatim useMode=1
[log] %cStart Phase: EnemyCommandPhase color:green
[log] %cStart Phase: EnemyCommandPhase color:green
[log] %cStart Phase: TurnStartPhase color:green
[log] [coop-diag] turn-start authoritative guard mode=authoritative role=host turn=2 diverts=false
[log] [coop:turn] host recorder: preserve recording scope=1833203800481331:32 turn=2 events=1 seq=1
[log] %cStart Phase: SwitchSummonPhase color:green
[log] [coop:turn] host recorder: preserve recording scope=1833203800481331:32 turn=2 events=1 seq=1
[log] [coop:turn] host recorder: append turn=2 seq=1 k=switch total=2 live=true
[log] %cStart Phase: PostSummonPhase color:green
[log] %cStart Phase: PostSummonPhase color:green
[log] %cStart Phase: MovePhase color:green
[log] [coop:turn] host recorder: append turn=2 seq=2 k=moveUsed total=3 live=true
[log] %cStart Phase: MessagePhase color:green
[log] %cStart Phase: MoveEffectPhase color:green
[log] [coop:turn] host recorder: append turn=2 seq=3 k=moveAnim total=4 live=true
[log] [coop:turn] host recorder: append turn=2 seq=4 k=hp total=5 live=true
[log] %cStart Phase: DamageAnimPhase color:green
[log] %cStart Phase: MoveEndPhase color:green
[log] %cStart Phase: MovePhase color:green
[log] [coop:turn] host recorder: append turn=2 seq=5 k=moveUsed total=6 live=true
[log] %cStart Phase: MessagePhase color:green
[log] %cStart Phase: MoveEffectPhase color:green
[log] [coop:turn] host recorder: append turn=2 seq=6 k=moveAnim total=7 live=true
[log] [coop:turn] host recorder: append turn=2 seq=7 k=hp total=8 live=true
[log] [coop:turn] host recorder: append turn=2 seq=8 k=faint total=9 live=true
[log] [coop:turn] host recorder: append turn=2 seq=9 k=message total=10 live=true
[log] %cStart Phase: DamageAnimPhase color:green
[log] %cStart Phase: MessagePhase color:green
[log] %cStart Phase: FaintPhase color:green
[log] %cStart Phase: MessagePhase color:green
[log] %cStart Phase: VictoryPhase color:green
[log] [coop:progression] HOST applyPartyExp COMPUTE wave=32 expValue=206.8 koMon=Combee
[log] %cStart Phase: MoveEndPhase color:green
[log] %cStart Phase: MovePhase color:green
[log] [coop:turn] host recorder: append turn=2 seq=10 k=moveUsed total=11 live=true
[log] %cStart Phase: MessagePhase color:green
[log] %cStart Phase: MoveEffectPhase color:green
[log] [coop:turn] host recorder: append turn=2 seq=11 k=moveAnim total=12 live=true
[log] %cStart Phase: ObtainStatusEffectPhase color:green
[log] [coop:turn] host recorder: append turn=2 seq=12 k=status total=13 live=true
[log] [coop:turn] host recorder: append turn=2 seq=13 k=message total=14 live=true
[log] %cStart Phase: MessagePhase color:green
[log] %cStart Phase: MoveEndPhase color:green
[log] %cStart Phase: CheckInterludePhase color:green
[log] %cStart Phase: WeatherEffectPhase color:green
[log] %cStart Phase: PositionalTagPhase color:green
[log] %cStart Phase: BerryPhase color:green
[log] %cStart Phase: CheckStatusEffectPhase color:green
[log] %cStart Phase: TurnEndPhase color:green
[log] [coop:turn] host recorder: append turn=2 seq=14 k=commonAnim total=15 live=true
[log] [coop:turn] host recorder: append turn=2 seq=15 k=hp total=16 live=true
[log] %cStart Phase: CommonAnimPhase color:green
[log] %cStart Phase: DamageAnimPhase color:green
[log] %cStart Phase: PokemonHealPhase color:green
[log] [coop:turn] host recorder: append turn=2 seq=16 k=message total=17 live=true
[log] %cStart Phase: MessagePhase color:green
[log] %cStart Phase: CoopTurnCommitPhase color:green
[log] [coop:turn] host recorder: finalize turn=2 events=17 seq=17
[log] [coop:checkpoint] build field=4 weather=0/0 terrain=0/0 arenaTags=0 money=2220 mons=[bi0:sp143/hp296-303/st0/fnt0 bi1:sp94/hp124-179/st3/fnt0 bi2:sp46/hp51-51/st0/fnt0 bi3:sp415/hp0-54/st7/fnt1]
[log] [coop:checkpoint] host capture field=4 weather=0 terrain=0 money=2220 arenaTags=0 mons=[bi0:sp143/hp296-303/st0/fnt0 bi1:sp94/hp124-179/st3/fnt0 bi2:sp46/hp51-51/st0/fnt0 bi3:sp415/hp0-54/st7/fnt1]
[log] [coop:interaction] interactionCounter() read -> 37 (role=host)
[log] [coop:replay] host SEND turnResolution e=1833203800481331 wave=32 turn=2 rev=333 events=17 checksum=e68205359a4932f9
[log] [coop:transport] send host t=turnResolution e=1833203800481331 wave=32 turn=2 rev=333 events=17 checksum=e68205359a4932f9
[warn] [coop:v2-shadow] FAULT tap(TURN_COMMIT): AuthorityLog.commit: TURN_COMMIT is not authorized by predecessor control after WSHADOW/ADV/w1
[log] [coop:transport] recv guest t=turnResolution e=1833203800481331 wave=32 turn=2 rev=333 events=17 checksum=e68205359a4932f9 handlers=1
[log] [38;2;255;127;80mPhaseInterceptor.to: Stopping on completion of CoopTurnCommitPhase[39m
[log] %cStart Phase: TurnInitPhase color:green
[log] [coop:transport] recv host t=rendezvous point=cmd:32:3 handlers=1
[log] [coop:rendezvous] RECV arrival point=cmd:32:3 -> BUFFER (no waiter yet) role=host
[log] [coop:rendezvous] ARRIVE point=cmd:32:3 (send) role=host
[log] [coop:transport] send host t=rendezvous point=cmd:32:3
[log] [coop:rendezvous] next-command barrier cmd:32:3 SYNC pass (partner already arrived)
[log] [coop:transport] recv guest t=rendezvous point=cmd:32:3 handlers=1
[log] [coop:stream] host ACCEPT turn ACK stage=continuationReady key=1833203800481331:32:2:333
[log] [coop:stream] host RELEASE retained turn after continuationReady key=1833203800481331:32:2:333
[log] %cStart Phase: SelectTargetPhase color:green
[log] [coop:owner] broadcast own-slot fi=0 turn=3 role=host cmd=0
[log] [coop:relay] broadcastLocalCommand SEND fieldIndex=0 owner=host turn=3 command=0 cursor=3 moveId=85 targets=[2]
[log] [coop:transport] send host t=command fi=0 owner=host turn=3 cmd=0 cursor=3 move=85
[log] [coop:transport] recv guest t=command fi=0 owner=host turn=3 cmd=0 cursor=3 move=85 handlers=1
[log] [coop:relay] recv command fieldIndex=0 turn=3 command=0 -> BUFFERED (no awaiter yet)
[log] %cStart Phase: CommandPhase color:green
[log] [coop:battle] CommandPhase slot=1 turn=3 owner=guest role=host -> partner path
[log] [coop:relay] host requestPartnerCommand SEND fieldIndex=1 turn=3 moveSlots=[0,1,2,3] (awaiting peer)
[log] [coop:transport] send host t=commandRequest fi=1 owner=guest turn=3 slots=4
[log] [coop:transport] recv guest t=commandRequest fi=1 owner=guest turn=3 slots=4 handlers=1
[log] [coop:relay] peer recv commandRequest fieldIndex=1 owner=guest turn=3 moveSlots=[0,1,2,3] -> reply command=0 cursor=2 moveId=53
[log] [coop:transport] send guest t=command fi=1 owner=guest turn=3 cmd=0 cursor=2 move=53
[log] [coop:transport] recv host t=command fi=1 owner=guest turn=3 cmd=0 cursor=2 move=53 handlers=1
[log] [coop:relay] recv command fieldIndex=1 turn=3 command=0 -> resolved awaiting request
[log] [coop:ai] applyWiredPartnerCommand partner=94 wiredMoveId=53 cursor=2 -> moveId=53 moveIndex=2 tera=false targets=[2] targetsFrom=wire-verbatim useMode=1
[log] %cStart Phase: EnemyCommandPhase color:green
[log] %cStart Phase: TurnStartPhase color:green
[log] [coop-diag] turn-start authoritative guard mode=authoritative role=host turn=3 diverts=false
[log] [coop:turn] host recorder: begin turn=3 scope=1833203800481331:32 (no prior open recording)
[log] %cStart Phase: MovePhase color:green
[log] [coop:turn] host recorder: append turn=3 seq=0 k=moveUsed total=1 live=true
[log] %cStart Phase: MessagePhase color:green
[log] %cStart Phase: MoveEffectPhase color:green
[log] [coop:turn] host recorder: append turn=3 seq=1 k=moveAnim total=2 live=true
[log] [coop:turn] host recorder: append turn=3 seq=2 k=hp total=3 live=true
[log] [coop:turn] host recorder: append turn=3 seq=3 k=faint total=4 live=true
[log] [coop:turn] host recorder: append turn=3 seq=4 k=message total=5 live=true
[log] %cStart Phase: DamageAnimPhase color:green
[log] %cStart Phase: MessagePhase color:green
[log] %cStart Phase: FaintPhase color:green
[log] %cStart Phase: MessagePhase color:green
[log] %cStart Phase: VictoryPhase color:green
[log] [coop:progression] HOST applyPartyExp COMPUTE wave=32 expValue=217.6 koMon=Paras
[warn] [coop:v2-shadow] FAULT tap(WAVE_ADVANCE): AuthorityLog.commit: WAVE_ADVANCE is not authorized by predecessor control after WSHADOW/ADV/w1
[log] [coop:runtime] defer raw waveResolved wave=32 outcome=win until its material turnResolution is retained
[log] [coop-diag] VictoryPhase win-branch role=host battleType=TRAINER queuesTrainerVictory=true queuesSelectModifier=true wave=32
[log] [coop-diag] VictoryTail role=host wave=32 source=legacy-local trainer=true egg=true biomeShop=false biomeChange=false crossroads=false nextWave=33
[log] %cStart Phase: MoveEndPhase color:green
[log] %cStart Phase: MovePhase color:green
[log] [coop:turn] host recorder: append turn=3 seq=5 k=message total=6 live=true
[log] %cStart Phase: MessagePhase color:green
[log] %cStart Phase: MoveEndPhase color:green
[log] %cStart Phase: MovePhase color:green
[log] %cStart Phase: MoveEndPhase color:green
[log] %cStart Phase: CheckInterludePhase color:green
[log] %cStart Phase: WeatherEffectPhase color:green
[log] %cStart Phase: PositionalTagPhase color:green
[log] %cStart Phase: BerryPhase color:green
[log] %cStart Phase: CheckStatusEffectPhase color:green
[log] %cStart Phase: TurnEndPhase color:green
[log] %cStart Phase: CoopTurnCommitPhase color:green
[log] [coop:turn] host recorder: finalize turn=3 events=6 seq=6
[log] [coop:checkpoint] build field=4 weather=0/0 terrain=0/0 arenaTags=0 money=2220 mons=[bi0:sp143/hp296-303/st0/fnt0 bi1:sp94/hp124-179/st3/fnt0 bi2:sp46/hp0-51/st7/fnt1 bi3:sp415/hp0-54/st7/fnt1]
[log] [coop:checkpoint] host capture field=4 weather=0 terrain=0 money=2220 arenaTags=0 mons=[bi0:sp143/hp296-303/st0/fnt0 bi1:sp94/hp124-179/st3/fnt0 bi2:sp46/hp0-51/st7/fnt1 bi3:sp415/hp0-54/st7/fnt1]
[log] [coop:interaction] interactionCounter() read -> 37 (role=host)
[log] [coop:replay] host SEND turnResolution e=1833203800481331 wave=32 turn=3 rev=336 events=6 checksum=d8ec748aa009063d
[log] [coop:transport] send host t=turnResolution e=1833203800481331 wave=32 turn=3 rev=336 events=6 checksum=d8ec748aa009063d
[warn] [coop:v2-shadow] FAULT tap(TURN_COMMIT): AuthorityLog.commit: TURN_COMMIT is not authorized by predecessor control after WSHADOW/ADV/w1
[log] [coop:runtime] send waveResolved wave=32 outcome=win (host)
[log] [coop:replay] host SEND waveResolved wave=32 outcome=win transition=WAVE_VICTORY/next33/biome0/egg1/trainer
[log] [coop:transport] send host t=waveResolved wave=32 outcome=win captureParty=- cap=-
[log] [coop:transport] recv guest t=turnResolution e=1833203800481331 wave=32 turn=3 rev=336 events=6 checksum=d8ec748aa009063d handlers=1
[log] [coop:transport] recv guest t=waveResolved wave=32 outcome=win captureParty=- cap=- handlers=1
[log] [38;2;255;127;80mPhaseInterceptor.to: Stopping on completion of CoopTurnCommitPhase[39m
[log] %cStart Phase: BattleEndPhase color:green
[log] [coop:progression] HOST automatic victory settlement deferred wave=32 sourceTurn=3 settlementTurn=4
[log] [coop:interaction] interactionCounter() read -> 37 (role=host)
[log] %cStart Phase: TrainerVictoryPhase color:green
[log] [coop:progression] coopVictoryDialogue DECISION isCoop=true -> SKIP (constant 0 awaits, lockstep-safe)
[log] [coop:renderer] trainer victory presentation settled sourceWave=32
[log] %cStart Phase: MoneyRewardPhase color:green
[log] %cStart Phase: ModifierRewardPhase color:green
[log] %cStart Phase: EggLapsePhase color:green
[log] %cStart Phase: CoopVictorySealPhase color:green
[log] [coop:transport] send host t=envelope t=envelope
[log] [coop:runtime] wave-advance op HOST commit wave=32 outcome=win next=WAVE_VICTORY rev=76 id=1833203800481331:0:WAVE_ADVANCE:32 (Wave-2f)
[log] [coop:runtime] settled WAVE_ADVANCE committed wave=32 tick=337 next=WAVE_VICTORY/wave33
[log] [coop:runtime] send waveEndState wave=32 tick=337 (host)
[log] [coop:replay] host SEND waveEndState wave=32 tick=337 party=6
[log] [coop:transport] send host t=waveEndState t=waveEndState
[log] [coop:progression] HOST automatic victory settlement sealed wave=32 sourceTurn=3 settlementTurn=4 tick=337
[log] [coop:transport] recv guest t=envelope t=envelope handlers=1
[log] [coop:transport] recv guest t=waveEndState t=waveEndState handlers=1
[log] [coop:interaction] interactionCounter() read -> 37 (role=host)
[log] [coop:owner] ownerOf(counter=37) seat=1 -> owner=guest
[log] [coop:owner] isLocalOwnerAtCounter(pinnedCounter=37) parity=1 owner=guest role=host -> false
[log] [coop:interaction] interactionCounter() read -> 37 (role=host)
[log] [coop:reward] owner/watcher decision: pinnedStart=37 liveCounter=37 parity=1 role=host pick=WATCHER option=ROLL spoof=false
[log] [coop:shop] serializeRewardOptions count=3 ids=[TM_CASE,TEMP_STAT_STAGE_BOOSTER,TEMP_STAT_STAGE_BOOSTER] tiers=[0,0,0]
[log] [coop:reward] OWNER streams reward options (start=37 reroll=0 count=3 ids=[TM_CASE,TEMP_STAT_STAGE_BOOSTER,TEMP_STAT_STAGE_BOOSTER])
[log] [coop:relay] SEND rewardOptions seq=37 reroll=0 count=3 ids=[TM_CASE,TEMP_STAT_STAGE_BOOSTER,TEMP_STAT_STAGE_BOOSTER]
[log] [coop:transport] send host t=rewardOptions seq=37 reroll=0 options=3
[log] [coop:rendezvous] ARRIVE point=shop:32:37 (send) role=host
[log] [coop:transport] send host t=rendezvous point=shop:32:37
[log] [coop:reward] WATCHER waits for partner's reward picks (start=37 role=host wave=32)
[log] [coop:durability] host operation continuation window REARM key=op:global:76:1833203800481331:32:4:1833203800481331:0:WAVE_ADVANCE:32 surface=sharedInput at=1833203800481331/32/4
[log] [coop:transport] recv guest t=rewardOptions seq=37 reroll=0 options=3 handlers=1
[log] [coop:transport] recv guest t=rendezvous point=shop:32:37 handlers=1
[log] [coop:interaction] mirror begin role=watcher mirrorSeq=2368 interactionStart=37 reroll=0
[log] [coop:interaction] uiMirror beginSession role=watcher mode=6 seq=2368 early=0
[log] [coop:relay] AWAIT interactionChoice seq=37 timeoutMs=1200000 expected=[reward,shop,skip,reroll,check,transfer,lock] -> network-wait
[log] [coop:durability] operation delivery RETRY key=op:global:76:1833203800481331:32:4:1833203800481331:0:WAVE_ADVANCE:32 attempt=1/8
[log] [coop:transport] send host t=envelope t=envelope
[log] [coop:interaction] interactionCounter() read -> 37 (role=host)
[log] [coop:checksum] capture digest=1f76ee45ecf95fb3 field=4 biome=5 seed=coop-soak-20260924 weather=0 terrain=0 money=2890 party=[143,94,149,445,376,248] partyLevels=[65,65,65,65,65,65] arenaTags=0 modifiers=4 heldItemsDigest=0 pokeballs=[0:60,1:5,2:0,3:0,4:0] mons=[bi0:sp143/hp296-303/st0/ab12/form0/tera0:0/boss0:0 bi1:sp94/hp124-179/st3/ab5067/form0/tera0:7/boss0:0 bi2:sp46/hp0-51/st7/ab5135/form0/tera0:6/boss0:0 bi3:sp415/hp0-54/st7/ab155/form0/tera0:6/boss0:0]
[log] [coop:rendezvous] RECV arrival point=shop:32:37 -> BUFFER (no waiter yet) role=host
[log] [coop:stream] host ACCEPT turn ACK stage=continuationReady key=1833203800481331:32:3:336
[log] [coop:stream] host RELEASE retained turn after continuationReady key=1833203800481331:32:3:336
[log] [coop:durability] host RELEASE contiguous acknowledged authority cls=op:global seq=76
[log] [coop:relay] DELIVER interactionChoice seq=37 -> waiter kind=skip choice=-1 data=-
[log] [coop:relay] AWAIT interactionChoice seq=37 RESOLVE kind=skip choice=-1 data=-
[log] [coop:reward] WATCHER applying relayed action seq=37 act=LEAVE choice=-1 data=-
[log] [coop:shop] serializeRewardOptions count=3 ids=[TM_CASE,TEMP_STAT_STAGE_BOOSTER,TEMP_STAT_STAGE_BOOSTER] tiers=[0,0,0]
[log] [coop:transport] send host t=envelope t=envelope
[log] [coop:reward] reward authoritative RESULT retained rev=77 tick=338 id=1833203800481331:1:REWARD:3700000
[log] [coop:transport] recv guest t=envelope t=envelope handlers=1
[log] [coop:interaction] interactionCounter() read -> 37 (role=host)
[log] [coop:interaction] interactionCounter() read -> 37 (role=host)
[log] [coop:interaction] RECV interaction broadcast (deferred catch-up net) received=38 localBefore=37 role=host -> WILL DEFER to 38 (folds in at next advance if still ahead)
[warn] [coop:interaction] CoopInteractionTurn.mergeRemote DEFER (remote=38, counter=37, pendingRemote=38) live counter UNCHANGED (folds in at next advance if still ahead)
[log] [coop:owner] ownerOf(counter=37) seat=1 -> owner=guest
[log] [coop:owner] ownerOf(counter=37) seat=1 -> owner=guest
[log] [coop:reward] OWNER peer material applied; release terminal engine barrier seq=37 id=1833203800481331:1:REWARD:3700000
[log] [coop:interaction] interactionCounter() read -> 37 (role=host)
[log] [coop:interaction] CoopInteractionTurn.advance INCREMENT (fromCounter=37) counter 37 -> 38
[log] [coop:interaction] advanceInteraction ADVANCED+BROADCAST (fromCounter=37) counter 37 -> 38 role=host; send interaction screen=__turn__ choice=38
[log] [coop:interaction] SEND counter snapshot reason=advance choice=38 role=host
[log] [coop:transport] send host t=interaction screen=__turn__
[log] [coop:owner] ownerOf(counter=38) seat=0 -> owner=host
[log] [coop:owner] ownerOf(counter=38) seat=0 -> owner=host
[log] [coop:interaction] interactionCounter() read -> 38 (role=host)
[log] [coop:reward] advance interaction (role=host from=37 counter 37 -> 38)
[log] [coop:transport] recv guest t=interaction screen=__turn__ handlers=1
[log] [coop:interaction] interactionCounter() read -> 38 (role=host)
[log] [coop:interaction] interactionCounter() read -> 38 (role=guest)
[log] [coop-soak:wave-complete] {"seed":20260924,"wave":32,"wavesRequested":55,"wavesCompleted":32,"waveElapsedMs":4135,"elapsedMs":87129,"findings":0,"hostPhase":"NewBattlePhase","guestPhase":"NewBattlePhase"}
[log] %cStart Phase: NewBattlePhase color:green
[log] [coop:turn] host recorder: begin deferred transition turn=1 scope=1833203800481331:33
[log] %cStart Phase: CoopPartnerSyncPhase color:green
[log] [coop:interaction] interactionCounter() read -> 38 (role=host)
[log] %cStart Phase: NextEncounterPhase color:green
[log] [coop:interaction] interactionCounter() read -> 38 (role=host)
[log] [coop:replay] host SEND enemyPartySync wave=33 count=2 meType=-1 battleType=0 entryPresentation=-
[log] [coop:transport] send host t=enemyPartySync wave=33 enemies=2 battleType=0
[log] [coop:turn] host recorder: preserve recording scope=1833203800481331:33 turn=1 events=0 seq=0
[log] [coop:transport] recv guest t=enemyPartySync wave=33 enemies=2 battleType=0 handlers=1
[log] %cStart Phase: ToggleDoublePositionPhase color:green
[log] %cStart Phase: CheckSwitchPhase color:green
[log] %cStart Phase: CheckSwitchPhase color:green
[log] %cStart Phase: InitEncounterPhase color:green
[log] [coop:turn] host recorder: preserve recording scope=1833203800481331:33 turn=1 events=0 seq=0
[log] %cStart Phase: PostSummonPhase color:green
[log] %cStart Phase: PostSummonPhase color:green
[log] %cStart Phase: PostSummonPhase color:green
[log] [coop:turn] host recorder: append turn=1 seq=0 k=message total=1 live=true
[log] %cStart Phase: ShowAbilityPhase color:green
[log] [coop:turn] host recorder: append turn=1 seq=1 k=showAbility total=2 live=true
[log] %cStart Phase: MessagePhase color:green
[log] %cStart Phase: HideAbilityPhase color:green
[log] [coop:turn] host recorder: append turn=1 seq=2 k=hideAbility total=3 live=true
[log] %cStart Phase: PostSummonPhase color:green
[log] [coop:turn] host recorder: append turn=1 seq=3 k=terrain total=4 live=true
[log] [coop:turn] host recorder: append turn=1 seq=4 k=message total=5 live=true
[log] %cStart Phase: ShowAbilityPhase color:green
[log] [coop:turn] host recorder: append turn=1 seq=5 k=showAbility total=6 live=true
[log] %cStart Phase: CommonAnimPhase color:green
[log] %cStart Phase: MessagePhase color:green
[log] %cStart Phase: HideAbilityPhase color:green
[log] [coop:turn] host recorder: append turn=1 seq=6 k=hideAbility total=7 live=true
[log] %cStart Phase: TurnInitPhase color:green
[log] [coop:replay] host SEND enemyPartySync wave=33 count=2 meType=-1 battleType=0 entryPresentation=7
[log] [coop:transport] send host t=enemyPartySync wave=33 enemies=2 battleType=0
[log] [coop:replay] host RE-BROADCAST wave-start authority wave=33 after post-summon boundary stateChanged=true presentation=7 (#920)
[log] [coop:rendezvous] next-command barrier ARRIVE+AWAIT cmd:33:1 slot=0
[log] [coop:rendezvous] ARRIVE point=cmd:33:1 (send) role=host
[log] [coop:transport] send host t=rendezvous point=cmd:33:1
[log] [coop:rendezvous] AWAIT point=cmd:33:1 timeoutMs=2000 -> network-wait role=host
[log] [coop:transport] recv guest t=enemyPartySync wave=33 enemies=2 battleType=0 handlers=1
[log] [coop:transport] recv guest t=rendezvous point=cmd:33:1 handlers=1
[log] [coop:rendezvous] RECV arrival point=cmd:33:1 -> deliver-to-waiter role=host
[log] [coop:transport] send host t=rendezvous point=cmd:33:1
[log] [coop:rendezvous] AWAIT point=cmd:33:1 RESOLVE both-arrived role=host
[log] [coop:durability] host RELEASE contiguous acknowledged authority cls=op:global seq=77
[log] [coop:transport] recv guest t=rendezvous point=cmd:33:1 handlers=1
[log] [coop:transport] send host t=enemyPartySync wave=33 enemies=2 battleType=0
[log] [coop:replay] host RE-BROADCAST wave-start authority wave=33 after post-summon boundary stateChanged=false presentation=7 (#920)
[log] [coop:transport] recv guest t=enemyPartySync wave=33 enemies=2 battleType=0 handlers=1
[log] [coop-soak:wave-start] {"seed":20260924,"wave":33,"wavesRequested":55,"wavesCompleted":32,"elapsedMs":88069,"hostPhase":"CommandPhase","guestPhase":"CommandPhase"}
[log] [coop:interaction] interactionCounter() read -> 38 (role=host)
[log] [coop:interaction] interactionCounter() read -> 38 (role=guest)
[log] [coop:interaction] interactionCounter() read -> 38 (role=host)
[log] [coop:checksum] capture digest=fc51e70d63ac74c1 field=4 biome=5 seed=coop-soak-20260924 weather=0 terrain=3 money=2890 party=[143,94,149,445,376,248] partyLevels=[65,65,65,65,65,65] arenaTags=0 modifiers=4 heldItemsDigest=1 pokeballs=[0:60,1:5,2:0,3:0,4:0] mons=[bi0:sp143/hp296-303/st0/ab12/form0/tera0:0/boss0:0 bi1:sp94/hp124-179/st3/ab5067/form0/tera0:7/boss0:0 bi2:sp541/hp60-60/st0/ab5165/form0/tera0:6/boss0:0 bi3:sp511/hp60-60/st0/ab5194/form0/tera0:11/boss0:0]
[log] [coop:interaction] interactionCounter() read -> 38 (role=host)
[log] %cStart Phase: SelectTargetPhase color:green
[log] [coop:owner] broadcast own-slot fi=0 turn=1 role=host cmd=0
[log] [coop:relay] broadcastLocalCommand SEND fieldIndex=0 owner=host turn=1 command=0 cursor=2 moveId=53 targets=[2]
[log] [coop:transport] send host t=command fi=0 owner=host turn=1 cmd=0 cursor=2 move=53
[log] [coop:transport] recv guest t=command fi=0 owner=host turn=1 cmd=0 cursor=2 move=53 handlers=1
[log] [coop:relay] recv command fieldIndex=0 turn=1 command=0 -> BUFFERED (no awaiter yet)
[log] %cStart Phase: CommandPhase color:green
[log] [coop:transport] send host t=enemyPartySync wave=33 enemies=2 battleType=0
[log] [coop:replay] host RE-BROADCAST wave-start authority wave=33 after post-summon boundary stateChanged=false presentation=7 (#920)
[log] [coop:battle] CommandPhase slot=1 turn=1 owner=guest role=host -> partner path
[log] [coop:relay] host requestPartnerCommand SEND fieldIndex=1 turn=1 moveSlots=[0,1,2,3] (awaiting peer)
[log] [coop:transport] send host t=commandRequest fi=1 owner=guest turn=1 slots=4
[log] [coop:transport] recv guest t=enemyPartySync wave=33 enemies=2 battleType=0 handlers=1
[log] [coop:transport] recv guest t=commandRequest fi=1 owner=guest turn=1 slots=4 handlers=1
[log] [coop:relay] peer recv commandRequest fieldIndex=1 owner=guest turn=1 moveSlots=[0,1,2,3] -> reply command=0 cursor=3 moveId=85
[log] [coop:transport] send guest t=command fi=1 owner=guest turn=1 cmd=0 cursor=3 move=85
[log] [coop:transport] recv host t=command fi=1 owner=guest turn=1 cmd=0 cursor=3 move=85 handlers=1
[log] [coop:relay] recv command fieldIndex=1 turn=1 command=0 -> resolved awaiting request
[log] [coop:ai] applyWiredPartnerCommand partner=94 wiredMoveId=85 cursor=3 -> moveId=85 moveIndex=3 tera=false targets=[3] targetsFrom=wire-verbatim useMode=1
[log] %cStart Phase: EnemyCommandPhase color:green
[log] %cStart Phase: EnemyCommandPhase color:green
[log] %cStart Phase: TurnStartPhase color:green
[log] [coop-diag] turn-start authoritative guard mode=authoritative role=host turn=1 diverts=false
[log] [coop:turn] host recorder: preserve recording scope=1833203800481331:33 turn=1 events=11 seq=11
[log] %cStart Phase: MovePhase color:green
[log] [coop:turn] host recorder: append turn=1 seq=11 k=moveUsed total=12 live=true
[log] %cStart Phase: MessagePhase color:green
[log] %cStart Phase: MoveEffectPhase color:green
[log] [coop:turn] host recorder: append turn=1 seq=12 k=moveAnim total=13 live=true
[log] [coop:turn] host recorder: append turn=1 seq=13 k=hp total=14 live=true
[log] [coop:turn] host recorder: append turn=1 seq=14 k=faint total=15 live=true
[log] [coop:turn] host recorder: append turn=1 seq=15 k=message total=16 live=true
[log] %cStart Phase: DamageAnimPhase color:green
[log] %cStart Phase: MessagePhase color:green
[log] %cStart Phase: FaintPhase color:green
[log] %cStart Phase: MessagePhase color:green
[log] %cStart Phase: VictoryPhase color:green
[log] [coop:progression] HOST applyPartyExp COMPUTE wave=33 expValue=278.2 koMon=Pansage
[log] %cStart Phase: MoveEndPhase color:green
[log] %cStart Phase: MovePhase color:green
[log] [coop:turn] host recorder: append turn=1 seq=16 k=moveUsed total=17 live=true
[log] %cStart Phase: MessagePhase color:green
[log] %cStart Phase: MoveEffectPhase color:green
[log] [coop:turn] host recorder: append turn=1 seq=17 k=commonAnim total=18 live=true
[log] [coop:turn] host recorder: append turn=1 seq=18 k=message total=19 live=true
[log] %cStart Phase: MessagePhase color:green
[log] %cStart Phase: MoveEndPhase color:green
[log] %cStart Phase: MovePhase color:green
[log] %cStart Phase: MoveEndPhase color:green
[log] %cStart Phase: MovePhase color:green
[log] [coop:turn] host recorder: append turn=1 seq=19 k=moveUsed total=20 live=true
[log] %cStart Phase: MessagePhase color:green
[log] %cStart Phase: MoveEffectPhase color:green
[log] [coop:turn] host recorder: append turn=1 seq=20 k=moveAnim total=21 live=true
[log] [coop:turn] host recorder: append turn=1 seq=21 k=message total=22 live=true
[log] %cStart Phase: MessagePhase color:green
[log] %cStart Phase: MoveEndPhase color:green
[log] %cStart Phase: CheckInterludePhase color:green
[log] %cStart Phase: WeatherEffectPhase color:green
[log] %cStart Phase: PositionalTagPhase color:green
[log] %cStart Phase: BerryPhase color:green
[log] %cStart Phase: CheckStatusEffectPhase color:green
[log] %cStart Phase: TurnEndPhase color:green
[log] [coop:turn] host recorder: append turn=1 seq=22 k=commonAnim total=23 live=true
[log] [coop:turn] host recorder: append turn=1 seq=23 k=hp total=24 live=true
[log] %cStart Phase: CommonAnimPhase color:green
[log] %cStart Phase: DamageAnimPhase color:green
[log] %cStart Phase: PokemonHealPhase color:green
[log] [coop:turn] host recorder: append turn=1 seq=24 k=message total=25 live=true
[log] %cStart Phase: MessagePhase color:green
[log] %cStart Phase: PokemonHealPhase color:green
[log] [coop:turn] host recorder: append turn=1 seq=25 k=hp total=26 live=true
[log] [coop:turn] host recorder: append turn=1 seq=26 k=message total=27 live=true
[log] %cStart Phase: MessagePhase color:green
[log] %cStart Phase: PokemonHealPhase color:green
[log] [coop:turn] host recorder: append turn=1 seq=27 k=hp total=28 live=true
[log] [coop:turn] host recorder: append turn=1 seq=28 k=message total=29 live=true
[log] %cStart Phase: MessagePhase color:green
[log] %cStart Phase: PokemonHealPhase color:green
[log] [coop:turn] host recorder: append turn=1 seq=29 k=message total=30 live=true
[log] %cStart Phase: MessagePhase color:green
[log] %cStart Phase: CoopTurnCommitPhase color:green
[log] [coop:turn] host recorder: finalize turn=1 events=30 seq=30
[log] [coop:checkpoint] build field=4 weather=0/0 terrain=3/7 arenaTags=1 money=2890 mons=[bi0:sp143/hp303-303/st0/fnt0 bi1:sp94/hp113-179/st3/fnt0 bi2:sp541/hp60-60/st0/fnt0 bi3:sp511/hp0-60/st7/fnt1]
[log] [coop:checkpoint] host capture field=4 weather=0 terrain=3 money=2890 arenaTags=1 mons=[bi0:sp143/hp303-303/st0/fnt0 bi1:sp94/hp113-179/st3/fnt0 bi2:sp541/hp60-60/st0/fnt0 bi3:sp511/hp0-60/st7/fnt1]
[log] [coop:interaction] interactionCounter() read -> 38 (role=host)
[log] [coop:replay] host SEND turnResolution e=1833203800481331 wave=33 turn=1 rev=345 events=30 checksum=f4c6a516b82cd3e8
[log] [coop:transport] send host t=turnResolution e=1833203800481331 wave=33 turn=1 rev=345 events=30 checksum=f4c6a516b82cd3e8
[warn] [coop:v2-shadow] FAULT tap(TURN_COMMIT): AuthorityLog.commit: TURN_COMMIT is not authorized by predecessor control after WSHADOW/ADV/w1
[log] [coop:transport] recv guest t=turnResolution e=1833203800481331 wave=33 turn=1 rev=345 events=30 checksum=f4c6a516b82cd3e8 handlers=1
[log] [38;2;255;127;80mPhaseInterceptor.to: Stopping on completion of CoopTurnCommitPhase[39m
[log] %cStart Phase: TurnInitPhase color:green
[log] [coop:transport] recv host t=rendezvous point=cmd:33:2 handlers=1
[log] [coop:rendezvous] RECV arrival point=cmd:33:2 -> BUFFER (no waiter yet) role=host
[log] [coop:rendezvous] ARRIVE point=cmd:33:2 (send) role=host
[log] [coop:transport] send host t=rendezvous point=cmd:33:2
[log] [coop:rendezvous] next-command barrier cmd:33:2 SYNC pass (partner already arrived)
[log] [coop:transport] recv guest t=rendezvous point=cmd:33:2 handlers=1
[log] [coop:stream] host ACCEPT turn ACK stage=continuationReady key=1833203800481331:33:1:345
[log] [coop:stream] host RELEASE retained turn after continuationReady key=1833203800481331:33:1:345
[log] [coop:relay] broadcastLocalCommand SEND fieldIndex=0 owner=host turn=2 command=2 cursor=2 moveId=- targets=[]
[log] [coop:transport] send host t=command fi=0 owner=host turn=2 cmd=2 cursor=2 move=-
[log] [coop:transport] recv guest t=command fi=0 owner=host turn=2 cmd=2 cursor=2 move=- handlers=1
[log] [coop:relay] recv command fieldIndex=0 turn=2 command=2 -> BUFFERED (no awaiter yet)
[log] %cStart Phase: CommandPhase color:green
[log] [coop:battle] CommandPhase slot=1 turn=2 owner=guest role=host -> partner path
[log] [coop:relay] host requestPartnerCommand SEND fieldIndex=1 turn=2 moveSlots=[0,1,2,3] (awaiting peer)
[log] [coop:transport] send host t=commandRequest fi=1 owner=guest turn=2 slots=4
[log] [coop:transport] recv guest t=commandRequest fi=1 owner=guest turn=2 slots=4 handlers=1
[log] [coop:relay] peer recv commandRequest fieldIndex=1 owner=guest turn=2 moveSlots=[0,1,2,3] -> reply command=0 cursor=3 moveId=85
[log] [coop:transport] send guest t=command fi=1 owner=guest turn=2 cmd=0 cursor=3 move=85
[log] [coop:transport] recv host t=command fi=1 owner=guest turn=2 cmd=0 cursor=3 move=85 handlers=1
[log] [coop:relay] recv command fieldIndex=1 turn=2 command=0 -> resolved awaiting request
[log] [coop:ai] applyWiredPartnerCommand partner=94 wiredMoveId=85 cursor=3 -> moveId=85 moveIndex=3 tera=false targets=[2] targetsFrom=wire-verbatim useMode=1
[log] %cStart Phase: EnemyCommandPhase color:green
[log] %cStart Phase: TurnStartPhase color:green
[log] [coop-diag] turn-start authoritative guard mode=authoritative role=host turn=2 diverts=false
[log] [coop:turn] host recorder: begin turn=2 scope=1833203800481331:33 (no prior open recording)
[log] %cStart Phase: SwitchSummonPhase color:green
[log] [coop:turn] host recorder: preserve recording scope=1833203800481331:33 turn=2 events=0 seq=0
[log] [coop:turn] host recorder: append turn=2 seq=0 k=switch total=1 live=true
[log] %cStart Phase: PostSummonPhase color:green
[log] %cStart Phase: MovePhase color:green
[log] [coop:turn] host recorder: append turn=2 seq=1 k=moveUsed total=2 live=true
[log] %cStart Phase: MessagePhase color:green
[log] %cStart Phase: MoveEffectPhase color:green
[log] [coop:turn] host recorder: append turn=2 seq=2 k=moveAnim total=3 live=true
[log] [coop:turn] host recorder: append turn=2 seq=3 k=hp total=4 live=true
[log] [coop:turn] host recorder: append turn=2 seq=4 k=faint total=5 live=true
[log] [coop:turn] host recorder: append turn=2 seq=5 k=message total=6 live=true
[log] %cStart Phase: DamageAnimPhase color:green
[log] %cStart Phase: MessagePhase color:green
[log] %cStart Phase: FaintPhase color:green
[log] %cStart Phase: MessagePhase color:green
[log] %cStart Phase: VictoryPhase color:green
[log] [coop:progression] HOST applyPartyExp COMPUTE wave=33 expValue=559.6 koMon=Swadloon
[warn] [coop:v2-shadow] FAULT tap(WAVE_ADVANCE): AuthorityLog.commit: WAVE_ADVANCE is not authorized by predecessor control after WSHADOW/ADV/w1
[log] [coop:runtime] defer raw waveResolved wave=33 outcome=win until its material turnResolution is retained
[log] [coop-diag] VictoryPhase win-branch role=host battleType=WILD queuesTrainerVictory=false queuesSelectModifier=true wave=33
[log] [coop-diag] VictoryTail role=host wave=33 source=legacy-local trainer=false egg=true biomeShop=false biomeChange=false crossroads=false nextWave=34
[log] %cStart Phase: MoveEndPhase color:green
[log] %cStart Phase: MovePhase color:green
[log] %cStart Phase: MoveEndPhase color:green
[log] %cStart Phase: CheckInterludePhase color:green
[log] %cStart Phase: WeatherEffectPhase color:green
[log] %cStart Phase: PositionalTagPhase color:green
[log] %cStart Phase: BerryPhase color:green
[log] %cStart Phase: CheckStatusEffectPhase color:green
[log] %cStart Phase: TurnEndPhase color:green
[log] %cStart Phase: PokemonHealPhase color:green
[log] [coop:turn] host recorder: append turn=2 seq=6 k=hp total=7 live=true
[log] [coop:turn] host recorder: append turn=2 seq=7 k=message total=8 live=true
[log] %cStart Phase: MessagePhase color:green
[log] %cStart Phase: CoopTurnCommitPhase color:green
[log] [coop:turn] host recorder: finalize turn=2 events=8 seq=8
[log] [coop:checkpoint] build field=4 weather=0/0 terrain=3/6 arenaTags=1 money=2890 mons=[bi0:sp149/hp213-213/st0/fnt0 bi1:sp94/hp124-179/st3/fnt0 bi2:sp541/hp0-60/st7/fnt1 bi3:sp511/hp0-60/st7/fnt1]
[log] [coop:checkpoint] host capture field=4 weather=0 terrain=3 money=2890 arenaTags=1 mons=[bi0:sp149/hp213-213/st0/fnt0 bi1:sp94/hp124-179/st3/fnt0 bi2:sp541/hp0-60/st7/fnt1 bi3:sp511/hp0-60/st7/fnt1]
[log] [coop:interaction] interactionCounter() read -> 38 (role=host)
[log] [coop:replay] host SEND turnResolution e=1833203800481331 wave=33 turn=2 rev=348 events=8 checksum=13cfa2a7d57fa802
[log] [coop:transport] send host t=turnResolution e=1833203800481331 wave=33 turn=2 rev=348 events=8 checksum=13cfa2a7d57fa802
[warn] [coop:v2-shadow] FAULT tap(TURN_COMMIT): AuthorityLog.commit: TURN_COMMIT is not authorized by predecessor control after WSHADOW/ADV/w1
[log] [coop:runtime] send waveResolved wave=33 outcome=win (host)
[log] [coop:replay] host SEND waveResolved wave=33 outcome=win transition=WAVE_VICTORY/next34/biome0/egg1/wild
[log] [coop:transport] send host t=waveResolved wave=33 outcome=win captureParty=- cap=-
[log] [coop:transport] recv guest t=turnResolution e=1833203800481331 wave=33 turn=2 rev=348 events=8 checksum=13cfa2a7d57fa802 handlers=1
[log] [coop:transport] recv guest t=waveResolved wave=33 outcome=win captureParty=- cap=- handlers=1
[log] [38;2;255;127;80mPhaseInterceptor.to: Stopping on completion of CoopTurnCommitPhase[39m
[log] %cStart Phase: BattleEndPhase color:green
[log] [coop:progression] HOST automatic victory settlement deferred wave=33 sourceTurn=2 settlementTurn=3
[log] %cStart Phase: EggLapsePhase color:green
[log] %cStart Phase: CoopVictorySealPhase color:green
[log] [coop:transport] send host t=envelope t=envelope
[log] [coop:runtime] wave-advance op HOST commit wave=33 outcome=win next=WAVE_VICTORY rev=78 id=1833203800481331:0:WAVE_ADVANCE:33 (Wave-2f)
[log] [coop:runtime] settled WAVE_ADVANCE committed wave=33 tick=349 next=WAVE_VICTORY/wave34
[log] [coop:runtime] send waveEndState wave=33 tick=349 (host)
[log] [coop:replay] host SEND waveEndState wave=33 tick=349 party=6
[log] [coop:transport] send host t=waveEndState t=waveEndState
[log] [coop:progression] HOST automatic victory settlement sealed wave=33 sourceTurn=2 settlementTurn=3 tick=349
[log] [coop:transport] recv guest t=envelope t=envelope handlers=1
[log] [coop:transport] recv guest t=waveEndState t=waveEndState handlers=1
[log] [coop:interaction] interactionCounter() read -> 38 (role=host)
[log] [coop:owner] ownerOf(counter=38) seat=0 -> owner=host
[log] [coop:owner] isLocalOwnerAtCounter(pinnedCounter=38) parity=0 owner=host role=host -> true
[log] [coop:interaction] interactionCounter() read -> 38 (role=host)
[log] [coop:reward] owner/watcher decision: pinnedStart=38 liveCounter=38 parity=0 role=host pick=OWNER option=ROLL spoof=false
[log] [coop:shop] serializeRewardOptions count=3 ids=[FULL_HEAL,TEMP_STAT_STAGE_BOOSTER,POKEBALL] tiers=[1,0,0]
[log] [coop:reward] OWNER streams reward options (start=38 reroll=0 count=3 ids=[FULL_HEAL,TEMP_STAT_STAGE_BOOSTER,POKEBALL])
[log] [coop:relay] SEND rewardOptions seq=38 reroll=0 count=3 ids=[FULL_HEAL,TEMP_STAT_STAGE_BOOSTER,POKEBALL]
[log] [coop:transport] send host t=rewardOptions seq=38 reroll=0 options=3
[log] [coop:rendezvous] ARRIVE point=shop:33:38 (send) role=host
[log] [coop:transport] send host t=rendezvous point=shop:33:38
[log] [coop:reward] OWNER drives reward screen (start=38 role=host spoof=false adoptsOptions=false wave=33)
[log] [coop:rendezvous] shop-pick-commit barrier AWAIT shop:33:38
[log] [coop:rendezvous] AWAIT point=shop:33:38 timeoutMs=2000 -> network-wait role=host
[log] [coop:transport] recv guest t=rewardOptions seq=38 reroll=0 options=3 handlers=1
[log] [coop:transport] recv guest t=rendezvous point=shop:33:38 handlers=1
[log] [coop:interaction] interactionCounter() read -> 38 (role=host)
[log] [coop:checksum] capture digest=13cfa2a7d57fa802 field=4 biome=5 seed=coop-soak-20260924 weather=0 terrain=3 money=2890 party=[149,94,143,445,376,248] partyLevels=[65,65,65,65,65,65] arenaTags=1 modifiers=4 heldItemsDigest=0 pokeballs=[0:60,1:5,2:0,3:0,4:0] mons=[bi0:sp149/hp213-213/st0/ab263/form0/tera0:15/boss0:0 bi1:sp94/hp124-179/st3/ab5067/form0/tera0:7/boss0:0 bi2:sp541/hp0-60/st7/ab5165/form0/tera0:6/boss0:0 bi3:sp511/hp0-60/st7/ab5194/form0/tera0:11/boss0:0]
[log] [coop:durability] operation delivery RETRY key=op:global:78:1833203800481331:33:3:1833203800481331:0:WAVE_ADVANCE:33 attempt=1/8
[log] [coop:transport] send host t=envelope t=envelope
[log] [coop:rendezvous] RECV arrival point=shop:33:38 -> deliver-to-waiter role=host
[log] [coop:transport] send host t=rendezvous point=shop:33:38
[log] [coop:rendezvous] AWAIT point=shop:33:38 RESOLVE both-arrived role=host
[log] [coop:stream] host ACCEPT turn ACK stage=continuationReady key=1833203800481331:33:2:348
[log] [coop:stream] host RELEASE retained turn after continuationReady key=1833203800481331:33:2:348
[log] [coop:durability] host RELEASE contiguous acknowledged authority cls=op:global seq=78
[warn] [coop:durability] DROP skipped/regressed operation ACK key=op:global:78:1833203800481331:33:3:1833203800481331:0:WAVE_ADVANCE:33 stage=materialApplied
[warn] [coop:durability] DROP skipped/regressed operation ACK key=op:global:78:1833203800481331:33:3:1833203800481331:0:WAVE_ADVANCE:33 stage=presentationReady
[log] [coop:transport] recv guest t=rendezvous point=shop:33:38 handlers=1
[log] [coop:interaction] mirror begin role=owner mirrorSeq=2432 interactionStart=38 reroll=0
[log] [coop:interaction] uiMirror beginSession role=owner mode=6 seq=2432 early=0
[log] [coop:owner] ownerOf(counter=38) seat=0 -> owner=host
[log] [coop:owner] isLocalOwnerAtCounter(pinnedCounter=38) parity=0 owner=host role=host -> true
[log] [coop:owner] ownerOf(counter=38) seat=0 -> owner=host
[log] [coop:owner] isLocalOwnerAtCounter(pinnedCounter=38) parity=0 owner=host role=host -> true
[log] [coop:relay] OWNER prepare seq=38 kind=reward choice=1 data=[0] role=host
[log] [coop:reward] reward op INTENT prepared label=reward id=1833203800481331:0:REWARD:3800000
[log] [coop:relay] OWNER send raw seq=38 kind=reward choice=1 role=host
[log] [coop:relay] SEND interactionChoice seq=38 kind=reward kind=? choice=1 data=[0]
[log] [coop:transport] send host t=interactionChoice seq=38 kind=reward choice=1
[warn] [coop:v2-shadow] FAULT tap(INTERACTION_COMMIT): AuthorityLog.commit: INTERACTION_COMMIT is not authorized by predecessor control after WSHADOW/ADV/w1
[log] [coop:reward] APPLY_RESULT pin=38 side=owner type=TEMP_STAT_STAGE_BOOSTER class=TempStatStageBoosterModifier pregen=[6] holderSlot=-1 holderId=-1 stack=1 accepted=true cost=-1
[log] [coop:shop] serializeRewardOptions count=3 ids=[FULL_HEAL,TEMP_STAT_STAGE_BOOSTER,POKEBALL] tiers=[1,0,0]
[log] [coop:transport] send host t=envelope t=envelope
[log] [coop:reward] reward authoritative RESULT retained rev=79 tick=350 id=1833203800481331:0:REWARD:3800000
[log] [coop:interaction] interactionCounter() read -> 38 (role=host)
[log] [coop:interaction] CoopInteractionTurn.advance INCREMENT (fromCounter=38) counter 38 -> 39
[log] [coop:interaction] advanceInteraction ADVANCED+BROADCAST (fromCounter=38) counter 38 -> 39 role=host; send interaction screen=__turn__ choice=39
[log] [coop:interaction] SEND counter snapshot reason=advance choice=39 role=host
[log] [coop:transport] send host t=interaction screen=__turn__
[log] [coop:owner] ownerOf(counter=39) seat=1 -> owner=guest
[log] [coop:owner] ownerOf(counter=39) seat=1 -> owner=guest
[log] [coop:interaction] interactionCounter() read -> 39 (role=host)
[log] [coop:reward] advance interaction (role=host from=38 counter 38 -> 39)
[log] [coop:transport] recv guest t=interactionChoice seq=38 kind=reward choice=1 handlers=1
[log] [coop:transport] recv guest t=envelope t=envelope handlers=1
[log] [coop:transport] recv guest t=interaction screen=__turn__ handlers=1
[log] [coop:interaction] RECV interaction broadcast (deferred catch-up net) received=39 localBefore=39 role=host -> no defer (local >= received)
[warn] [coop:interaction] CoopInteractionTurn.mergeRemote DEFER (remote=39, counter=39, pendingRemote=39) live counter UNCHANGED (folds in at next advance if still ahead)
[log] [coop:owner] ownerOf(counter=39) seat=1 -> owner=guest
[log] [coop:owner] ownerOf(counter=39) seat=1 -> owner=guest
[log] %cStart Phase: NewBattlePhase color:green
[log] [coop:turn] host recorder: begin deferred transition turn=1 scope=1833203800481331:34
[log] %cStart Phase: CoopPartnerSyncPhase color:green
[log] [coop:interaction] interactionCounter() read -> 39 (role=host)
[log] %cStart Phase: NextEncounterPhase color:green
[log] [coop:interaction] interactionCounter() read -> 39 (role=host)
[log] [coop:replay] host SEND enemyPartySync wave=34 count=2 meType=-1 battleType=0 entryPresentation=-
[log] [coop:transport] send host t=enemyPartySync wave=34 enemies=2 battleType=0
[log] [coop:turn] host recorder: preserve recording scope=1833203800481331:34 turn=1 events=0 seq=0
[log] [coop:transport] recv guest t=enemyPartySync wave=34 enemies=2 battleType=0 handlers=1
[log] %cStart Phase: ToggleDoublePositionPhase color:green
[log] %cStart Phase: CheckSwitchPhase color:green
[log] %cStart Phase: CheckSwitchPhase color:green
[log] %cStart Phase: InitEncounterPhase color:green
[log] [coop:turn] host recorder: preserve recording scope=1833203800481331:34 turn=1 events=0 seq=0
[log] %cStart Phase: PostSummonPhase color:green
[log] %cStart Phase: PostSummonPhase color:green
[log] %cStart Phase: PostSummonPhase color:green
[log] %cStart Phase: ShowAbilityPhase color:green
[log] [coop:turn] host recorder: append turn=1 seq=0 k=showAbility total=1 live=true
[log] %cStart Phase: HideAbilityPhase color:green
[log] [coop:turn] host recorder: append turn=1 seq=1 k=hideAbility total=2 live=true
[log] %cStart Phase: TurnInitPhase color:green
[log] [coop:replay] host SEND enemyPartySync wave=34 count=2 meType=-1 battleType=0 entryPresentation=2
[log] [coop:transport] send host t=enemyPartySync wave=34 enemies=2 battleType=0
[log] [coop:replay] host RE-BROADCAST wave-start authority wave=34 after post-summon boundary stateChanged=true presentation=2 (#920)
[log] [coop:rendezvous] next-command barrier ARRIVE+AWAIT cmd:34:1 slot=0
[log] [coop:rendezvous] ARRIVE point=cmd:34:1 (send) role=host
[log] [coop:transport] send host t=rendezvous point=cmd:34:1
[log] [coop:rendezvous] AWAIT point=cmd:34:1 timeoutMs=2000 -> network-wait role=host
[log] [coop:transport] recv guest t=enemyPartySync wave=34 enemies=2 battleType=0 handlers=1
[log] [coop:transport] recv guest t=rendezvous point=cmd:34:1 handlers=1
[log] [coop:rendezvous] RECV arrival point=cmd:34:1 -> deliver-to-waiter role=host
[log] [coop:transport] send host t=rendezvous point=cmd:34:1
[log] [coop:rendezvous] AWAIT point=cmd:34:1 RESOLVE both-arrived role=host
[log] [coop:durability] host RELEASE contiguous acknowledged authority cls=op:global seq=79
[log] [coop:transport] recv guest t=rendezvous point=cmd:34:1 handlers=1
[log] [coop:transport] send host t=enemyPartySync wave=34 enemies=2 battleType=0
[log] [coop:replay] host RE-BROADCAST wave-start authority wave=34 after post-summon boundary stateChanged=false presentation=2 (#920)
[log] [coop:transport] recv guest t=enemyPartySync wave=34 enemies=2 battleType=0 handlers=1
[log] [coop:interaction] interactionCounter() read -> 39 (role=host)
[log] [coop:checksum] capture digest=1d744d1ce22c0305 field=4 biome=5 seed=coop-soak-20260924 weather=0 terrain=3 money=2890 party=[149,94,143,445,376,248] partyLevels=[65,65,65,65,65,65] arenaTags=1 modifiers=5 heldItemsDigest=0 pokeballs=[0:60,1:5,2:0,3:0,4:0] mons=[bi0:sp149/hp213-213/st0/ab263/form0/tera0:15/boss0:0 bi1:sp94/hp124-179/st3/ab5067/form0/tera0:7/boss0:0 bi2:sp918/hp72-72/st0/ab5077/form0/tera0:6/boss0:0 bi3:sp23/hp63-63/st0/ab196/form0/tera0:3/boss0:0]
[log] [coop:interaction] interactionCounter() read -> 39 (role=host)
[log] %cStart Phase: SelectTargetPhase color:green
[log] [coop:owner] broadcast own-slot fi=0 turn=1 role=host cmd=0
[log] [coop:relay] broadcastLocalCommand SEND fieldIndex=0 owner=host turn=1 command=0 cursor=2 moveId=53 targets=[2]
[log] [coop:transport] send host t=command fi=0 owner=host turn=1 cmd=0 cursor=2 move=53
[log] [coop:transport] recv guest t=command fi=0 owner=host turn=1 cmd=0 cursor=2 move=53 handlers=1
[log] [coop:relay] recv command fieldIndex=0 turn=1 command=0 -> BUFFERED (no awaiter yet)
[log] %cStart Phase: CommandPhase color:green
[log] [coop:transport] send host t=enemyPartySync wave=34 enemies=2 battleType=0
[log] [coop:replay] host RE-BROADCAST wave-start authority wave=34 after post-summon boundary stateChanged=false presentation=2 (#920)
[log] [coop:battle] CommandPhase slot=1 turn=1 owner=guest role=host -> partner path
[log] [coop:relay] host requestPartnerCommand SEND fieldIndex=1 turn=1 moveSlots=[0,1,2,3] (awaiting peer)
[log] [coop:transport] send host t=commandRequest fi=1 owner=guest turn=1 slots=4
[log] [coop:transport] recv guest t=enemyPartySync wave=34 enemies=2 battleType=0 handlers=1
[log] [coop:transport] recv guest t=commandRequest fi=1 owner=guest turn=1 slots=4 handlers=1
[log] [coop:relay] peer recv commandRequest fieldIndex=1 owner=guest turn=1 moveSlots=[0,1,2,3] -> reply command=0 cursor=3 moveId=85
[log] [coop:transport] send guest t=command fi=1 owner=guest turn=1 cmd=0 cursor=3 move=85
[log] [coop:transport] recv host t=command fi=1 owner=guest turn=1 cmd=0 cursor=3 move=85 handlers=1
[log] [coop:relay] recv command fieldIndex=1 turn=1 command=0 -> resolved awaiting request
[log] [coop:ai] applyWiredPartnerCommand partner=94 wiredMoveId=85 cursor=3 -> moveId=85 moveIndex=3 tera=false targets=[3] targetsFrom=wire-verbatim useMode=1
[log] %cStart Phase: EnemyCommandPhase color:green
[log] %cStart Phase: EnemyCommandPhase color:green
[log] %cStart Phase: TurnStartPhase color:green
[log] [coop-diag] turn-start authoritative guard mode=authoritative role=host turn=1 diverts=false
[log] [coop:turn] host recorder: preserve recording scope=1833203800481331:34 turn=1 events=2 seq=2
[log] %cStart Phase: MovePhase color:green
[log] [coop:turn] host recorder: append turn=1 seq=2 k=moveUsed total=3 live=true
[log] %cStart Phase: MessagePhase color:green
[log] %cStart Phase: MoveEffectPhase color:green
[log] [coop:turn] host recorder: append turn=1 seq=3 k=message total=4 live=true
[log] %cStart Phase: MessagePhase color:green
[log] %cStart Phase: MoveEndPhase color:green
[log] %cStart Phase: MovePhase color:green
[log] [coop:turn] host recorder: append turn=1 seq=4 k=moveUsed total=5 live=true
[log] %cStart Phase: MessagePhase color:green
[log] %cStart Phase: MoveEffectPhase color:green
[log] [coop:turn] host recorder: append turn=1 seq=5 k=message total=6 live=true
[log] %cStart Phase: MessagePhase color:green
[log] %cStart Phase: MoveEndPhase color:green
[log] %cStart Phase: MovePhase color:green
[log] [coop:turn] host recorder: append turn=1 seq=6 k=moveUsed total=7 live=true
[log] %cStart Phase: MessagePhase color:green
[log] %cStart Phase: MoveEffectPhase color:green
[log] [coop:turn] host recorder: append turn=1 seq=7 k=moveAnim total=8 live=true
[log] [coop:turn] host recorder: append turn=1 seq=8 k=hp total=9 live=true
[log] [coop:turn] host recorder: append turn=1 seq=9 k=faint total=10 live=true
[log] [coop:turn] host recorder: append turn=1 seq=10 k=message total=11 live=true
[log] %cStart Phase: DamageAnimPhase color:green
[log] %cStart Phase: MessagePhase color:green
[log] %cStart Phase: FaintPhase color:green
[log] %cStart Phase: MessagePhase color:green
[log] %cStart Phase: VictoryPhase color:green
[log] [coop:progression] HOST applyPartyExp COMPUTE wave=34 expValue=565 koMon=Spidops
[log] %cStart Phase: MoveEndPhase color:green
[log] %cStart Phase: MovePhase color:green
[log] [coop:turn] host recorder: append turn=1 seq=11 k=moveUsed total=12 live=true
[log] %cStart Phase: MessagePhase color:green
[log] %cStart Phase: MoveEffectPhase color:green
[log] [coop:turn] host recorder: append turn=1 seq=12 k=moveAnim total=13 live=true
[log] [coop:turn] host recorder: append turn=1 seq=13 k=hp total=14 live=true
[log] [coop:turn] host recorder: append turn=1 seq=14 k=faint total=15 live=true
[log] %cStart Phase: DamageAnimPhase color:green
[log] %cStart Phase: FaintPhase color:green
[log] %cStart Phase: MessagePhase color:green
[log] %cStart Phase: VictoryPhase color:green
[log] [coop:progression] HOST applyPartyExp COMPUTE wave=34 expValue=256.2 koMon=Ekans
[warn] [coop:v2-shadow] FAULT tap(WAVE_ADVANCE): AuthorityLog.commit: WAVE_ADVANCE is not authorized by predecessor control after WSHADOW/ADV/w1
[log] [coop:runtime] defer raw waveResolved wave=34 outcome=win until its material turnResolution is retained
[log] [coop-diag] VictoryPhase win-branch role=host battleType=WILD queuesTrainerVictory=false queuesSelectModifier=true wave=34
[log] [coop-diag] VictoryTail role=host wave=34 source=legacy-local trainer=false egg=true biomeShop=false biomeChange=false crossroads=false nextWave=35
[log] %cStart Phase: MoveEndPhase color:green
[log] %cStart Phase: CheckInterludePhase color:green
[log] %cStart Phase: WeatherEffectPhase color:green
[log] %cStart Phase: PositionalTagPhase color:green
[log] %cStart Phase: BerryPhase color:green
[log] %cStart Phase: CheckStatusEffectPhase color:green
[log] %cStart Phase: TurnEndPhase color:green
[log] %cStart Phase: PokemonHealPhase color:green
[log] [coop:turn] host recorder: append turn=1 seq=15 k=hp total=16 live=true
[log] [coop:turn] host recorder: append turn=1 seq=16 k=message total=17 live=true
[log] %cStart Phase: MessagePhase color:green
[log] %cStart Phase: CoopTurnCommitPhase color:green
[log] [coop:turn] host recorder: finalize turn=1 events=17 seq=17
[log] [coop:checkpoint] build field=4 weather=0/0 terrain=3/5 arenaTags=1 money=2890 mons=[bi0:sp149/hp213-213/st0/fnt0 bi1:sp94/hp135-179/st3/fnt0 bi2:sp918/hp0-72/st7/fnt1 bi3:sp23/hp0-63/st7/fnt1]
[log] [coop:checkpoint] host capture field=4 weather=0 terrain=3 money=2890 arenaTags=1 mons=[bi0:sp149/hp213-213/st0/fnt0 bi1:sp94/hp135-179/st3/fnt0 bi2:sp918/hp0-72/st7/fnt1 bi3:sp23/hp0-63/st7/fnt1]
[log] [coop:interaction] interactionCounter() read -> 39 (role=host)
[log] [coop:replay] host SEND turnResolution e=1833203800481331 wave=34 turn=1 rev=357 events=17 checksum=e0f4c768c8e93d3f
[log] [coop:transport] send host t=turnResolution e=1833203800481331 wave=34 turn=1 rev=357 events=17 checksum=e0f4c768c8e93d3f
[warn] [coop:v2-shadow] FAULT tap(TURN_COMMIT): AuthorityLog.commit: TURN_COMMIT is not authorized by predecessor control after WSHADOW/ADV/w1
[log] [coop:runtime] send waveResolved wave=34 outcome=win (host)
[log] [coop:replay] host SEND waveResolved wave=34 outcome=win transition=WAVE_VICTORY/next35/biome0/egg1/wild
[log] [coop:transport] send host t=waveResolved wave=34 outcome=win captureParty=- cap=-
[log] [coop:transport] recv guest t=turnResolution e=1833203800481331 wave=34 turn=1 rev=357 events=17 checksum=e0f4c768c8e93d3f handlers=1
[log] [coop:transport] recv guest t=waveResolved wave=34 outcome=win captureParty=- cap=- handlers=1
[log] [38;2;255;127;80mPhaseInterceptor.to: Stopping on completion of CoopTurnCommitPhase[39m
[log] %cStart Phase: BattleEndPhase color:green
[log] [coop:progression] HOST automatic victory settlement deferred wave=34 sourceTurn=1 settlementTurn=2
[log] %cStart Phase: EggLapsePhase color:green
[log] %cStart Phase: CoopVictorySealPhase color:green
[log] [coop:transport] send host t=envelope t=envelope
[log] [coop:runtime] wave-advance op HOST commit wave=34 outcome=win next=WAVE_VICTORY rev=80 id=1833203800481331:0:WAVE_ADVANCE:34 (Wave-2f)
[log] [coop:runtime] settled WAVE_ADVANCE committed wave=34 tick=358 next=WAVE_VICTORY/wave35
[log] [coop:runtime] send waveEndState wave=34 tick=358 (host)
[log] [coop:replay] host SEND waveEndState wave=34 tick=358 party=6
[log] [coop:transport] send host t=waveEndState t=waveEndState
[log] [coop:progression] HOST automatic victory settlement sealed wave=34 sourceTurn=1 settlementTurn=2 tick=358
[log] [coop:transport] recv guest t=envelope t=envelope handlers=1
[log] [coop:transport] recv guest t=waveEndState t=waveEndState handlers=1
[log] [coop:interaction] interactionCounter() read -> 39 (role=host)
[log] [coop:owner] ownerOf(counter=39) seat=1 -> owner=guest
[log] [coop:owner] isLocalOwnerAtCounter(pinnedCounter=39) parity=1 owner=guest role=host -> false
[log] [coop:interaction] interactionCounter() read -> 39 (role=host)
[log] [coop:reward] owner/watcher decision: pinnedStart=39 liveCounter=39 parity=1 role=host pick=WATCHER option=ROLL spoof=false
[log] [coop:shop] serializeRewardOptions count=3 ids=[POTION,GREAT_BALL,TEMP_STAT_STAGE_BOOSTER] tiers=[0,1,0]
[log] [coop:reward] OWNER streams reward options (start=39 reroll=0 count=3 ids=[POTION,GREAT_BALL,TEMP_STAT_STAGE_BOOSTER])
[log] [coop:relay] SEND rewardOptions seq=39 reroll=0 count=3 ids=[POTION,GREAT_BALL,TEMP_STAT_STAGE_BOOSTER]
[log] [coop:transport] send host t=rewardOptions seq=39 reroll=0 options=3
[log] [coop:rendezvous] ARRIVE point=shop:34:39 (send) role=host
[log] [coop:transport] send host t=rendezvous point=shop:34:39
[log] [coop:reward] WATCHER waits for partner's reward picks (start=39 role=host wave=34)
[log] [coop:durability] host operation continuation window REARM key=op:global:80:1833203800481331:34:2:1833203800481331:0:WAVE_ADVANCE:34 surface=sharedInput at=1833203800481331/34/2
[log] [coop:transport] recv guest t=rewardOptions seq=39 reroll=0 options=3 handlers=1
[log] [coop:transport] recv guest t=rendezvous point=shop:34:39 handlers=1
[log] [coop:interaction] mirror begin role=watcher mirrorSeq=2496 interactionStart=39 reroll=0
[log] [coop:interaction] uiMirror beginSession role=watcher mode=6 seq=2496 early=0
[log] [coop:relay] AWAIT interactionChoice seq=39 timeoutMs=1200000 expected=[reward,shop,skip,reroll,check,transfer,lock] -> network-wait
[log] [coop:durability] operation delivery RETRY key=op:global:80:1833203800481331:34:2:1833203800481331:0:WAVE_ADVANCE:34 attempt=1/8
[log] [coop:transport] send host t=envelope t=envelope
[log] [coop:interaction] interactionCounter() read -> 39 (role=host)
[log] [coop:checksum] capture digest=101241361a966b93 field=4 biome=5 seed=coop-soak-20260924 weather=0 terrain=3 money=2890 party=[149,94,143,445,376,248] partyLevels=[65,65,65,65,65,65] arenaTags=1 modifiers=5 heldItemsDigest=0 pokeballs=[0:60,1:5,2:0,3:0,4:0] mons=[bi0:sp149/hp213-213/st0/ab263/form0/tera0:15/boss0:0 bi1:sp94/hp135-179/st3/ab5067/form0/tera0:7/boss0:0 bi2:sp918/hp0-72/st7/ab5077/form0/tera0:6/boss0:0 bi3:sp23/hp0-63/st7/ab196/form0/tera0:3/boss0:0]
[log] [coop:rendezvous] RECV arrival point=shop:34:39 -> BUFFER (no waiter yet) role=host
[log] [coop:stream] host ACCEPT turn ACK stage=continuationReady key=1833203800481331:34:1:357
[log] [coop:stream] host RELEASE retained turn after continuationReady key=1833203800481331:34:1:357
[log] [coop:durability] host RELEASE contiguous acknowledged authority cls=op:global seq=80
[log] [coop:relay] DELIVER interactionChoice seq=39 -> waiter kind=reward choice=1 data=[0]
[log] [coop:relay] AWAIT interactionChoice seq=39 RESOLVE kind=reward choice=1 data=[0]
[log] [coop:reward] WATCHER applying relayed action seq=39 act=REWARD choice=1 data=[0]
[log] [coop:owner] ownerOf(counter=39) seat=1 -> owner=guest
[log] [coop:owner] isLocalOwnerAtCounter(pinnedCounter=39) parity=1 owner=guest role=host -> false
[log] [coop:reward] APPLY_RESULT pin=39 side=watcher type=GREAT_BALL class=AddPokeballModifier pregen=[] holderSlot=-1 holderId=-1 stack=-1 accepted=true cost=-1
[log] [coop:shop] serializeRewardOptions count=3 ids=[POTION,GREAT_BALL,TEMP_STAT_STAGE_BOOSTER] tiers=[0,1,0]
[log] [coop:transport] send host t=envelope t=envelope
[log] [coop:reward] reward authoritative RESULT retained rev=81 tick=359 id=1833203800481331:1:REWARD:3900000
[log] [coop:interaction] interactionCounter() read -> 39 (role=host)
[log] [coop:interaction] CoopInteractionTurn.advance INCREMENT (fromCounter=39) counter 39 -> 40
[log] [coop:interaction] advanceInteraction ADVANCED+BROADCAST (fromCounter=39) counter 39 -> 40 role=host; send interaction screen=__turn__ choice=40
[log] [coop:interaction] SEND counter snapshot reason=advance choice=40 role=host
[log] [coop:transport] send host t=interaction screen=__turn__
[log] [coop:owner] ownerOf(counter=40) seat=0 -> owner=host
[log] [coop:owner] ownerOf(counter=40) seat=0 -> owner=host
[log] [coop:interaction] interactionCounter() read -> 40 (role=host)
[log] [coop:reward] advance interaction (role=host from=39 counter 39 -> 40)
[log] [coop:transport] recv guest t=envelope t=envelope handlers=1
[log] [coop:transport] recv guest t=interaction screen=__turn__ handlers=1
[log] [coop:interaction] interactionCounter() read -> 40 (role=host)
[log] [coop:interaction] interactionCounter() read -> 40 (role=host)
[log] [coop:interaction] RECV interaction broadcast (deferred catch-up net) received=40 localBefore=40 role=host -> no defer (local >= received)
[warn] [coop:interaction] CoopInteractionTurn.mergeRemote DEFER (remote=40, counter=40, pendingRemote=40) live counter UNCHANGED (folds in at next advance if still ahead)
[log] [coop:owner] ownerOf(counter=40) seat=0 -> owner=host
[log] [coop:owner] ownerOf(counter=40) seat=0 -> owner=host
[log] %cStart Phase: NewBattlePhase color:green
[log] [coop:turn] host recorder: begin deferred transition turn=1 scope=1833203800481331:35
[log] [coop:turn] host recorder: append turn=1 seq=0 k=terrain total=1 live=true
[log] [coop:turn] host recorder: append turn=1 seq=1 k=message total=2 live=true
[log] [coop:turn] host recorder: append turn=1 seq=2 k=message total=3 live=true
[log] %cStart Phase: CoopPartnerSyncPhase color:green
[log] [coop:interaction] interactionCounter() read -> 40 (role=host)
[log] %cStart Phase: MessagePhase color:green
[log] %cStart Phase: MessagePhase color:green
[log] %cStart Phase: ReturnPhase color:green
[log] [coop:turn] host recorder: preserve recording scope=1833203800481331:35 turn=1 events=3 seq=3
[log] %cStart Phase: ReturnPhase color:green
[log] [coop:turn] host recorder: preserve recording scope=1833203800481331:35 turn=1 events=3 seq=3
[log] %cStart Phase: ShowTrainerPhase color:green
[log] %cStart Phase: NextEncounterPhase color:green
[log] [coop:interaction] interactionCounter() read -> 40 (role=host)
[log] [coop:replay] host SEND enemyPartySync wave=35 count=2 meType=-1 battleType=1 entryPresentation=-
[log] [coop:transport] send host t=enemyPartySync wave=35 enemies=2 battleType=1
[log] [coop:transport] recv guest t=enemyPartySync wave=35 enemies=2 battleType=1 handlers=1
[log] [coop:turn] host recorder: preserve recording scope=1833203800481331:35 turn=1 events=3 seq=3
[log] %cStart Phase: SummonPhase color:green
[log] [coop:turn] host recorder: preserve recording scope=1833203800481331:35 turn=1 events=3 seq=3
[log] %cStart Phase: SummonPhase color:green
[log] [coop:turn] host recorder: preserve recording scope=1833203800481331:35 turn=1 events=3 seq=3
[log] %cStart Phase: SummonPhase color:green
[log] [coop:turn] host recorder: preserve recording scope=1833203800481331:35 turn=1 events=3 seq=3
[log] %cStart Phase: ToggleDoublePositionPhase color:green
[log] %cStart Phase: SummonPhase color:green
[log] [coop:turn] host recorder: preserve recording scope=1833203800481331:35 turn=1 events=3 seq=3
[log] %cStart Phase: InitEncounterPhase color:green
[log] [coop:turn] host recorder: preserve recording scope=1833203800481331:35 turn=1 events=3 seq=3
[log] %cStart Phase: PostSummonPhase color:green
[log] %cStart Phase: PostSummonPhase color:green
[log] %cStart Phase: PostSummonPhase color:green
[log] %cStart Phase: ShowAbilityPhase color:green
[log] [coop:turn] host recorder: append turn=1 seq=3 k=showAbility total=4 live=true
[log] %cStart Phase: StatStageChangePhase color:green
[log] [coop:turn] host recorder: append turn=1 seq=4 k=message total=5 live=true
[log] [coop:turn] host recorder: append turn=1 seq=5 k=statStage total=6 live=true
[log] %cStart Phase: MessagePhase color:green
[log] %cStart Phase: ShowAbilityPhase color:green
[log] %cStart Phase: HideAbilityPhase color:green
[log] [coop:turn] host recorder: append turn=1 seq=6 k=hideAbility total=7 live=true
[log] %cStart Phase: ShowAbilityPhase color:green
[log] [coop:turn] host recorder: append turn=1 seq=7 k=showAbility total=8 live=true
[log] %cStart Phase: StatStageChangePhase color:green
[log] [coop:turn] host recorder: append turn=1 seq=8 k=message total=9 live=true
[log] [coop:turn] host recorder: append turn=1 seq=9 k=statStage total=10 live=true
[log] %cStart Phase: MessagePhase color:green
[log] %cStart Phase: HideAbilityPhase color:green
[log] [coop:turn] host recorder: append turn=1 seq=10 k=hideAbility total=11 live=true
[log] %cStart Phase: StatStageChangePhase color:green
[log] [coop:turn] host recorder: append turn=1 seq=11 k=message total=12 live=true
[log] [coop:turn] host recorder: append turn=1 seq=12 k=statStage total=13 live=true
[log] %cStart Phase: MessagePhase color:green
[log] %cStart Phase: HideAbilityPhase color:green
[log] [coop:turn] host recorder: append turn=1 seq=13 k=hideAbility total=14 live=true
[log] %cStart Phase: PostSummonPhase color:green
[log] %cStart Phase: PostSummonPhase color:green
[log] %cStart Phase: PostSummonPhase color:green
[log] %cStart Phase: ShowAbilityPhase color:green
[log] [coop:turn] host recorder: append turn=1 seq=14 k=showAbility total=15 live=true
[log] %cStart Phase: MovePhase color:green
[log] [coop:turn] host recorder: append turn=1 seq=15 k=moveUsed total=16 live=true
[log] %cStart Phase: MessagePhase color:green
[log] %cStart Phase: MoveEffectPhase color:green
[log] [coop:turn] host recorder: append turn=1 seq=16 k=moveAnim total=17 live=true
[log] %cStart Phase: StatStageChangePhase color:green
[log] [coop:turn] host recorder: append turn=1 seq=17 k=message total=18 live=true
[log] [coop:turn] host recorder: append turn=1 seq=18 k=statStage total=19 live=true
[log] %cStart Phase: MessagePhase color:green
[log] %cStart Phase: MoveEndPhase color:green
[log] %cStart Phase: HideAbilityPhase color:green
[log] [coop:turn] host recorder: append turn=1 seq=19 k=hideAbility total=20 live=true
[log] %cStart Phase: TurnInitPhase color:green
[log] [coop:replay] host SEND enemyPartySync wave=35 count=2 meType=-1 battleType=1 entryPresentation=20
[log] [coop:transport] send host t=enemyPartySync wave=35 enemies=2 battleType=1
[log] [coop:replay] host RE-BROADCAST wave-start authority wave=35 after post-summon boundary stateChanged=true presentation=20 (#920)
[log] [coop:rendezvous] next-command barrier ARRIVE+AWAIT cmd:35:1 slot=0
[log] [coop:rendezvous] ARRIVE point=cmd:35:1 (send) role=host
[log] [coop:transport] send host t=rendezvous point=cmd:35:1
[log] [coop:rendezvous] AWAIT point=cmd:35:1 timeoutMs=2000 -> network-wait role=host
[log] [coop:transport] recv guest t=enemyPartySync wave=35 enemies=2 battleType=1 handlers=1
[log] [coop:transport] recv guest t=rendezvous point=cmd:35:1 handlers=1
[log] [coop:rendezvous] RECV arrival point=cmd:35:1 -> deliver-to-waiter role=host
[log] [coop:transport] send host t=rendezvous point=cmd:35:1
[log] [coop:rendezvous] AWAIT point=cmd:35:1 RESOLVE both-arrived role=host
[log] [coop:durability] host RELEASE contiguous acknowledged authority cls=op:global seq=81
[log] [coop:transport] recv guest t=rendezvous point=cmd:35:1 handlers=1
[log] [coop:transport] send host t=enemyPartySync wave=35 enemies=2 battleType=1
[log] [coop:replay] host RE-BROADCAST wave-start authority wave=35 after post-summon boundary stateChanged=false presentation=20 (#920)
[log] [coop:transport] recv guest t=enemyPartySync wave=35 enemies=2 battleType=1 handlers=1
[log] [coop:interaction] interactionCounter() read -> 40 (role=host)
[log] [coop:checksum] capture digest=bb2a31fcb2418756 field=4 biome=5 seed=coop-soak-20260924 weather=0 terrain=0 money=2890 party=[149,94,143,445,376,248] partyLevels=[65,65,65,65,65,65] arenaTags=0 modifiers=5 heldItemsDigest=1 pokeballs=[0:60,1:10,2:0,3:0,4:0] mons=[bi0:sp149/hp213-213/st0/ab263/form0/tera0:15/boss0:0 bi1:sp94/hp135-179/st3/ab5067/form0/tera0:7/boss0:0 bi2:sp757/hp64-64/st0/ab172/form0/tera0:3/boss0:0 bi3:sp544/hp72-72/st0/ab38/form0/tera0:3/boss0:0]
[log] [coop:interaction] interactionCounter() read -> 40 (role=host)
[log] [coop:relay] broadcastLocalCommand SEND fieldIndex=0 owner=host turn=1 command=2 cursor=2 moveId=- targets=[]
[log] [coop:transport] send host t=command fi=0 owner=host turn=1 cmd=2 cursor=2 move=-
[log] [coop:transport] recv guest t=command fi=0 owner=host turn=1 cmd=2 cursor=2 move=- handlers=1
[log] [coop:relay] recv command fieldIndex=0 turn=1 command=2 -> BUFFERED (no awaiter yet)
[log] %cStart Phase: CommandPhase color:green
[log] [coop:transport] send host t=enemyPartySync wave=35 enemies=2 battleType=1
[log] [coop:replay] host RE-BROADCAST wave-start authority wave=35 after post-summon boundary stateChanged=false presentation=20 (#920)
[log] [coop:battle] CommandPhase slot=1 turn=1 owner=guest role=host -> partner path
[log] [coop:relay] host requestPartnerCommand SEND fieldIndex=1 turn=1 moveSlots=[0,1,2,3] (awaiting peer)
[log] [coop:transport] send host t=commandRequest fi=1 owner=guest turn=1 slots=4
[log] [coop:transport] recv guest t=enemyPartySync wave=35 enemies=2 battleType=1 handlers=1
[log] [coop:transport] recv guest t=commandRequest fi=1 owner=guest turn=1 slots=4 handlers=1
[log] [coop:relay] peer recv commandRequest fieldIndex=1 owner=guest turn=1 moveSlots=[0,1,2,3] -> reply command=0 cursor=3 moveId=85
[log] [coop:transport] send guest t=command fi=1 owner=guest turn=1 cmd=0 cursor=3 move=85
[log] [coop:transport] recv host t=command fi=1 owner=guest turn=1 cmd=0 cursor=3 move=85 handlers=1
[log] [coop:relay] recv command fieldIndex=1 turn=1 command=0 -> resolved awaiting request
[log] [coop:ai] applyWiredPartnerCommand partner=94 wiredMoveId=85 cursor=3 -> moveId=85 moveIndex=3 tera=false targets=[3] targetsFrom=wire-verbatim useMode=1
[log] [coop:interaction] interactionCounter() read -> 40 (role=host)
[log] [coop:health] tick=0g turn=1 wave=35 counter=40 assertions=0 wait=-1ms machineWaits=- peerBeat=- lastRx=0s transport=connected journal=81/0 queue=0
[log] [coop:interaction] interactionCounter() read -> 40 (role=guest)
[log] [coop:health] tick=0g turn=1 wave=35 counter=40 assertions=0 wait=-1ms machineWaits=- peerBeat=- lastRx=0s transport=connected journal=0/0 queue=0
[log] %cStart Phase: EnemyCommandPhase color:green
[log] %cStart Phase: EnemyCommandPhase color:green
[log] %cStart Phase: TurnStartPhase color:green
[log] [coop-diag] turn-start authoritative guard mode=authoritative role=host turn=1 diverts=false
[log] [coop:turn] host recorder: preserve recording scope=1833203800481331:35 turn=1 events=29 seq=29
[log] %cStart Phase: SwitchSummonPhase color:green
[log] [coop:turn] host recorder: preserve recording scope=1833203800481331:35 turn=1 events=29 seq=29
[log] [coop:turn] host recorder: append turn=1 seq=29 k=switch total=30 live=true
[log] %cStart Phase: PostSummonPhase color:green
[log] %cStart Phase: PostSummonPhase color:green
[log] %cStart Phase: MovePhase color:green
[log] [coop:turn] host recorder: append turn=1 seq=30 k=moveUsed total=31 live=true
[log] %cStart Phase: MessagePhase color:green
[log] %cStart Phase: MoveEffectPhase color:green
[log] [coop:turn] host recorder: append turn=1 seq=31 k=moveAnim total=32 live=true
[log] [coop:turn] host recorder: append turn=1 seq=32 k=hp total=33 live=true
[log] [coop:turn] host recorder: append turn=1 seq=33 k=faint total=34 live=true
[log] %cStart Phase: DamageAnimPhase color:green
[log] %cStart Phase: FaintPhase color:green
[log] %cStart Phase: MessagePhase color:green
[log] %cStart Phase: VictoryPhase color:green
[log] [coop:progression] HOST applyPartyExp COMPUTE wave=35 expValue=605.8 koMon=Whirlipede
[log] %cStart Phase: MoveEndPhase color:green
[log] %cStart Phase: MovePhase color:green
[log] [coop:turn] host recorder: append turn=1 seq=34 k=moveUsed total=35 live=true
[log] %cStart Phase: MessagePhase color:green
[log] %cStart Phase: MoveEffectPhase color:green
[log] [coop:turn] host recorder: append turn=1 seq=35 k=moveAnim total=36 live=true
[log] [coop:turn] host recorder: append turn=1 seq=36 k=hp total=37 live=true
[log] %cStart Phase: DamageAnimPhase color:green
[log] %cStart Phase: StatStageChangePhase color:green
[log] [coop:turn] host recorder: append turn=1 seq=37 k=message total=38 live=true
[log] [coop:turn] host recorder: append turn=1 seq=38 k=statStage total=39 live=true
[log] %cStart Phase: MessagePhase color:green
[log] %cStart Phase: MoveEndPhase color:green
[log] %cStart Phase: MovePhase color:green
[log] %cStart Phase: MoveEndPhase color:green
[log] %cStart Phase: CheckInterludePhase color:green
[log] %cStart Phase: WeatherEffectPhase color:green
[log] %cStart Phase: PositionalTagPhase color:green
[log] %cStart Phase: BerryPhase color:green
[log] %cStart Phase: CheckStatusEffectPhase color:green
[log] %cStart Phase: TurnEndPhase color:green
[log] %cStart Phase: CoopTurnCommitPhase color:green
[log] [coop:turn] host recorder: finalize turn=1 events=39 seq=39
[log] [coop:checkpoint] build field=4 weather=0/0 terrain=0/0 arenaTags=0 money=2890 mons=[bi0:sp143/hp289-303/st0/fnt0 bi1:sp94/hp135-179/st3/fnt0 bi2:sp757/hp64-64/st0/fnt0 bi3:sp544/hp0-72/st7/fnt1]
[log] [coop:checkpoint] host capture field=4 weather=0 terrain=0 money=2890 arenaTags=0 mons=[bi0:sp143/hp289-303/st0/fnt0 bi1:sp94/hp135-179/st3/fnt0 bi2:sp757/hp64-64/st0/fnt0 bi3:sp544/hp0-72/st7/fnt1]
[log] [coop:interaction] interactionCounter() read -> 40 (role=host)
[log] [coop:replay] host SEND turnResolution e=1833203800481331 wave=35 turn=1 rev=366 events=39 checksum=90554e64a4b6e0c4
[log] [coop:transport] send host t=turnResolution e=1833203800481331 wave=35 turn=1 rev=366 events=39 checksum=90554e64a4b6e0c4
[warn] [coop:v2-shadow] FAULT tap(TURN_COMMIT): AuthorityLog.commit: TURN_COMMIT is not authorized by predecessor control after WSHADOW/ADV/w1
[log] [coop:transport] recv guest t=turnResolution e=1833203800481331 wave=35 turn=1 rev=366 events=39 checksum=90554e64a4b6e0c4 handlers=1
[log] [38;2;255;127;80mPhaseInterceptor.to: Stopping on completion of CoopTurnCommitPhase[39m
[log] %cStart Phase: TurnInitPhase color:green
[log] [coop:rendezvous] ARRIVE point=cmd:35:2 (send) role=host
[log] [coop:transport] send host t=rendezvous point=cmd:35:2
[log] [coop:rendezvous] next-command barrier cmd:35:2 SYNC pass (partner already arrived)
[log] [coop:transport] recv guest t=rendezvous point=cmd:35:2 handlers=1
[log] [coop:stream] host ACCEPT turn ACK stage=continuationReady key=1833203800481331:35:1:366
[log] [coop:stream] host RELEASE retained turn after continuationReady key=1833203800481331:35:1:366
[log] %cStart Phase: SelectTargetPhase color:green
[log] [coop:owner] broadcast own-slot fi=0 turn=2 role=host cmd=0
[log] [coop:relay] broadcastLocalCommand SEND fieldIndex=0 owner=host turn=2 command=0 cursor=3 moveId=85 targets=[2]
[log] [coop:transport] send host t=command fi=0 owner=host turn=2 cmd=0 cursor=3 move=85
[log] [coop:transport] recv guest t=command fi=0 owner=host turn=2 cmd=0 cursor=3 move=85 handlers=1
[log] [coop:relay] recv command fieldIndex=0 turn=2 command=0 -> BUFFERED (no awaiter yet)
[log] %cStart Phase: CommandPhase color:green
[log] [coop:battle] CommandPhase slot=1 turn=2 owner=guest role=host -> partner path
[log] [coop:relay] host requestPartnerCommand SEND fieldIndex=1 turn=2 moveSlots=[0,1,2,3] (awaiting peer)
[log] [coop:transport] send host t=commandRequest fi=1 owner=guest turn=2 slots=4
[log] [coop:transport] recv guest t=commandRequest fi=1 owner=guest turn=2 slots=4 handlers=1
[log] [coop:relay] peer recv commandRequest fieldIndex=1 owner=guest turn=2 moveSlots=[0,1,2,3] -> reply command=0 cursor=3 moveId=85
[log] [coop:transport] send guest t=command fi=1 owner=guest turn=2 cmd=0 cursor=3 move=85
[log] [coop:transport] recv host t=command fi=1 owner=guest turn=2 cmd=0 cursor=3 move=85 handlers=1
[log] [coop:relay] recv command fieldIndex=1 turn=2 command=0 -> resolved awaiting request
[log] [coop:ai] applyWiredPartnerCommand partner=94 wiredMoveId=85 cursor=3 -> moveId=85 moveIndex=3 tera=false targets=[2] targetsFrom=wire-verbatim useMode=1
[log] %cStart Phase: EnemyCommandPhase color:green
[log] %cStart Phase: TurnStartPhase color:green
[log] [coop-diag] turn-start authoritative guard mode=authoritative role=host turn=2 diverts=false
[log] [coop:turn] host recorder: begin turn=2 scope=1833203800481331:35 (no prior open recording)
[log] %cStart Phase: MovePhase color:green
[log] [coop:turn] host recorder: append turn=2 seq=0 k=moveUsed total=1 live=true
[log] %cStart Phase: MessagePhase color:green
[log] %cStart Phase: MoveEffectPhase color:green
[log] [coop:turn] host recorder: append turn=2 seq=1 k=moveAnim total=2 live=true
[log] [coop:turn] host recorder: append turn=2 seq=2 k=hp total=3 live=true
[log] [coop:turn] host recorder: append turn=2 seq=3 k=faint total=4 live=true
[log] [coop:turn] host recorder: append turn=2 seq=4 k=message total=5 live=true
[log] %cStart Phase: DamageAnimPhase color:green
[log] %cStart Phase: MessagePhase color:green
[log] %cStart Phase: FaintPhase color:green
[log] %cStart Phase: MessagePhase color:green
[log] %cStart Phase: VictoryPhase color:green
[log] [coop:progression] HOST applyPartyExp COMPUTE wave=35 expValue=308.2 koMon=Salandit
[warn] [coop:v2-shadow] FAULT tap(WAVE_ADVANCE): AuthorityLog.commit: WAVE_ADVANCE is not authorized by predecessor control after WSHADOW/ADV/w1
[log] [coop:runtime] defer raw waveResolved wave=35 outcome=win until its material turnResolution is retained
[log] [coop-diag] VictoryPhase win-branch role=host battleType=TRAINER queuesTrainerVictory=true queuesSelectModifier=true wave=35
[log] [coop-diag] VictoryTail role=host wave=35 source=legacy-local trainer=true egg=true biomeShop=false biomeChange=false crossroads=true nextWave=36
[log] %cStart Phase: MoveEndPhase color:green
[log] %cStart Phase: MovePhase color:green
[log] [coop:turn] host recorder: append turn=2 seq=5 k=message total=6 live=true
[log] %cStart Phase: MessagePhase color:green
[log] %cStart Phase: MoveEndPhase color:green
[log] %cStart Phase: MovePhase color:green
[log] %cStart Phase: MoveEndPhase color:green
[log] %cStart Phase: CheckInterludePhase color:green
[log] %cStart Phase: WeatherEffectPhase color:green
[log] %cStart Phase: PositionalTagPhase color:green
[log] %cStart Phase: BerryPhase color:green
[log] %cStart Phase: CheckStatusEffectPhase color:green
[log] %cStart Phase: TurnEndPhase color:green
[log] %cStart Phase: CoopTurnCommitPhase color:green
[log] [coop:turn] host recorder: finalize turn=2 events=6 seq=6
[log] [coop:checkpoint] build field=4 weather=0/0 terrain=0/0 arenaTags=0 money=2890 mons=[bi0:sp143/hp289-303/st0/fnt0 bi1:sp94/hp135-179/st3/fnt0 bi2:sp757/hp0-64/st7/fnt1 bi3:sp544/hp0-72/st7/fnt1]
[log] [coop:checkpoint] host capture field=4 weather=0 terrain=0 money=2890 arenaTags=0 mons=[bi0:sp143/hp289-303/st0/fnt0 bi1:sp94/hp135-179/st3/fnt0 bi2:sp757/hp0-64/st7/fnt1 bi3:sp544/hp0-72/st7/fnt1]
[log] [coop:interaction] interactionCounter() read -> 40 (role=host)
[log] [coop:replay] host SEND turnResolution e=1833203800481331 wave=35 turn=2 rev=369 events=6 checksum=d5687bdfd7441c51
[log] [coop:transport] send host t=turnResolution e=1833203800481331 wave=35 turn=2 rev=369 events=6 checksum=d5687bdfd7441c51
[warn] [coop:v2-shadow] FAULT tap(TURN_COMMIT): AuthorityLog.commit: TURN_COMMIT is not authorized by predecessor control after WSHADOW/ADV/w1
[log] [coop:runtime] send waveResolved wave=35 outcome=win (host)
[log] [coop:replay] host SEND waveResolved wave=35 outcome=win transition=WAVE_VICTORY/next36/biome0/egg1/trainer
[log] [coop:transport] send host t=waveResolved wave=35 outcome=win captureParty=- cap=-
[log] [coop:transport] recv guest t=turnResolution e=1833203800481331 wave=35 turn=2 rev=369 events=6 checksum=d5687bdfd7441c51 handlers=1
[log] [coop:transport] recv guest t=waveResolved wave=35 outcome=win captureParty=- cap=- handlers=1
[log] [38;2;255;127;80mPhaseInterceptor.to: Stopping on completion of CoopTurnCommitPhase[39m
[log] %cStart Phase: BattleEndPhase color:green
[log] [coop:progression] HOST automatic victory settlement deferred wave=35 sourceTurn=2 settlementTurn=3
[log] %cStart Phase: TrainerVictoryPhase color:green
[log] [coop:progression] coopVictoryDialogue DECISION isCoop=true -> SKIP (constant 0 awaits, lockstep-safe)
[log] [coop:renderer] trainer victory presentation settled sourceWave=35
[log] %cStart Phase: MoneyRewardPhase color:green
[log] %cStart Phase: ModifierRewardPhase color:green
[log] %cStart Phase: EggLapsePhase color:green
[log] %cStart Phase: CoopVictorySealPhase color:green
[log] [coop:transport] send host t=envelope t=envelope
[log] [coop:runtime] wave-advance op HOST commit wave=35 outcome=win next=WAVE_VICTORY rev=82 id=1833203800481331:0:WAVE_ADVANCE:35 (Wave-2f)
[log] [coop:runtime] settled WAVE_ADVANCE committed wave=35 tick=370 next=WAVE_VICTORY/wave36
[log] [coop:runtime] send waveEndState wave=35 tick=370 (host)
[log] [coop:replay] host SEND waveEndState wave=35 tick=370 party=6
[log] [coop:transport] send host t=waveEndState t=waveEndState
[log] [coop:progression] HOST automatic victory settlement sealed wave=35 sourceTurn=2 settlementTurn=3 tick=370
[log] [coop:transport] recv guest t=envelope t=envelope handlers=1
[log] [coop:transport] recv guest t=waveEndState t=waveEndState handlers=1
[log] [coop:interaction] interactionCounter() read -> 40 (role=host)
[log] [coop:owner] ownerOf(counter=40) seat=0 -> owner=host
[log] [coop:owner] isLocalOwnerAtCounter(pinnedCounter=40) parity=0 owner=host role=host -> true
[log] [coop:interaction] interactionCounter() read -> 40 (role=host)
[log] [coop:reward] owner/watcher decision: pinnedStart=40 liveCounter=40 parity=0 role=host pick=OWNER option=ROLL spoof=false
[log] [coop:shop] serializeRewardOptions count=3 ids=[ER_LOADED_DICE,SUPER_POTION,TEMP_STAT_STAGE_BOOSTER] tiers=[2,0,0]
[log] [coop:reward] OWNER streams reward options (start=40 reroll=0 count=3 ids=[ER_LOADED_DICE,SUPER_POTION,TEMP_STAT_STAGE_BOOSTER])
[log] [coop:relay] SEND rewardOptions seq=40 reroll=0 count=3 ids=[ER_LOADED_DICE,SUPER_POTION,TEMP_STAT_STAGE_BOOSTER]
[log] [coop:transport] send host t=rewardOptions seq=40 reroll=0 options=3
[log] [coop:rendezvous] ARRIVE point=shop:35:40 (send) role=host
[log] [coop:transport] send host t=rendezvous point=shop:35:40
[log] [coop:reward] OWNER drives reward screen (start=40 role=host spoof=false adoptsOptions=false wave=35)
[log] [coop:rendezvous] shop-pick-commit barrier AWAIT shop:35:40
[log] [coop:rendezvous] AWAIT point=shop:35:40 timeoutMs=2000 -> network-wait role=host
[log] [coop:transport] recv guest t=rewardOptions seq=40 reroll=0 options=3 handlers=1
[log] [coop:transport] recv guest t=rendezvous point=shop:35:40 handlers=1
[log] [coop:durability] operation delivery RETRY key=op:global:82:1833203800481331:35:3:1833203800481331:0:WAVE_ADVANCE:35 attempt=1/8
[log] [coop:transport] send host t=envelope t=envelope
[log] [coop:interaction] interactionCounter() read -> 40 (role=host)
[log] [coop:checksum] capture digest=137553d215ae3993 field=4 biome=5 seed=coop-soak-20260924 weather=0 terrain=0 money=3460 party=[143,94,149,445,376,248] partyLevels=[65,65,65,65,65,65] arenaTags=0 modifiers=5 heldItemsDigest=0 pokeballs=[0:60,1:10,2:0,3:0,4:0] mons=[bi0:sp143/hp289-303/st0/ab12/form0/tera0:0/boss0:0 bi1:sp94/hp135-179/st3/ab5067/form0/tera0:7/boss0:0 bi2:sp757/hp0-64/st7/ab172/form0/tera0:3/boss0:0 bi3:sp544/hp0-72/st7/ab38/form0/tera0:3/boss0:0]
[log] [coop:rendezvous] RECV arrival point=shop:35:40 -> deliver-to-waiter role=host
[log] [coop:transport] send host t=rendezvous point=shop:35:40
[log] [coop:rendezvous] AWAIT point=shop:35:40 RESOLVE both-arrived role=host
[log] [coop:stream] host ACCEPT turn ACK stage=continuationReady key=1833203800481331:35:2:369
[log] [coop:stream] host RELEASE retained turn after continuationReady key=1833203800481331:35:2:369
[log] [coop:durability] host RELEASE contiguous acknowledged authority cls=op:global seq=82
[log] [coop:transport] recv guest t=rendezvous point=shop:35:40 handlers=1
[log] [coop:interaction] mirror begin role=owner mirrorSeq=2560 interactionStart=40 reroll=0
[log] [coop:interaction] uiMirror beginSession role=owner mode=6 seq=2560 early=0
[log] [coop:owner] ownerOf(counter=40) seat=0 -> owner=host
[log] [coop:owner] isLocalOwnerAtCounter(pinnedCounter=40) parity=0 owner=host role=host -> true
[log] [coop:owner] ownerOf(counter=40) seat=0 -> owner=host
[log] [coop:owner] isLocalOwnerAtCounter(pinnedCounter=40) parity=0 owner=host role=host -> true
[log] [coop:relay] OWNER prepare seq=40 kind=reward choice=2 data=[0] role=host
[log] [coop:reward] reward op INTENT prepared label=reward id=1833203800481331:0:REWARD:4000000
[log] [coop:relay] OWNER send raw seq=40 kind=reward choice=2 role=host
[log] [coop:relay] SEND interactionChoice seq=40 kind=reward kind=? choice=2 data=[0]
[log] [coop:transport] send host t=interactionChoice seq=40 kind=reward choice=2
[warn] [coop:v2-shadow] FAULT tap(INTERACTION_COMMIT): AuthorityLog.commit: INTERACTION_COMMIT is not authorized by predecessor control after WSHADOW/ADV/w1
[log] [coop:reward] APPLY_RESULT pin=40 side=owner type=TEMP_STAT_STAGE_BOOSTER class=TempStatStageBoosterModifier pregen=[5] holderSlot=-1 holderId=-1 stack=1 accepted=true cost=-1
[log] [coop:shop] serializeRewardOptions count=3 ids=[ER_LOADED_DICE,SUPER_POTION,TEMP_STAT_STAGE_BOOSTER] tiers=[2,0,0]
[log] [coop:transport] send host t=envelope t=envelope
[log] [coop:reward] reward authoritative RESULT retained rev=83 tick=371 id=1833203800481331:0:REWARD:4000000
[log] [coop:interaction] interactionCounter() read -> 40 (role=host)
[log] [coop:interaction] CoopInteractionTurn.advance INCREMENT (fromCounter=40) counter 40 -> 41
[log] [coop:interaction] advanceInteraction ADVANCED+BROADCAST (fromCounter=40) counter 40 -> 41 role=host; send interaction screen=__turn__ choice=41
[log] [coop:interaction] SEND counter snapshot reason=advance choice=41 role=host
[log] [coop:transport] send host t=interaction screen=__turn__
[log] [coop:owner] ownerOf(counter=41) seat=1 -> owner=guest
[log] [coop:owner] ownerOf(counter=41) seat=1 -> owner=guest
[log] [coop:interaction] interactionCounter() read -> 41 (role=host)
[log] [coop:reward] advance interaction (role=host from=40 counter 40 -> 41)
[log] [coop:transport] recv guest t=interactionChoice seq=40 kind=reward choice=2 handlers=1
[log] [coop:transport] recv guest t=envelope t=envelope handlers=1
[log] [coop:transport] recv guest t=interaction screen=__turn__ handlers=1
[log] [coop:interaction] RECV interaction broadcast (deferred catch-up net) received=41 localBefore=41 role=host -> no defer (local >= received)
[warn] [coop:interaction] CoopInteractionTurn.mergeRemote DEFER (remote=41, counter=41, pendingRemote=41) live counter UNCHANGED (folds in at next advance if still ahead)
[log] [coop:owner] ownerOf(counter=41) seat=1 -> owner=guest
[log] [coop:owner] ownerOf(counter=41) seat=1 -> owner=guest
[log] [coop:rendezvous] crossroads boundary barrier RENDEZVOUS xroads:35 (#858)
[log] [coop:rendezvous] ARRIVE point=xroads:35 (send) role=host
[log] [coop:transport] send host t=rendezvous point=xroads:35
[log] [coop:rendezvous] AWAIT point=xroads:35 timeoutMs=2000 -> network-wait role=host
[log] [coop:transport] recv guest t=rendezvous point=xroads:35 handlers=1
[log] [coop:interaction] interactionCounter() read -> 41 (role=host)
[log] [coop:owner] ownerOf(counter=41) seat=1 -> owner=guest
[log] [coop:owner] isLocalOwnerAtCounter(pinnedCounter=41) parity=1 owner=guest role=host -> false
[log] [coop:rendezvous] RECV arrival point=xroads:35 -> deliver-to-waiter role=host
[log] [coop:transport] send host t=rendezvous point=xroads:35
[log] [coop:rendezvous] AWAIT point=xroads:35 RESOLVE both-arrived role=host
[log] [coop:transport] recv guest t=rendezvous point=xroads:35 handlers=1
[log] [coop:interaction] interactionCounter() read -> 41 (role=host)
[log] [coop:owner] ownerOf(counter=41) seat=1 -> owner=guest
[log] [coop:owner] isLocalOwnerAtCounter(pinnedCounter=41) parity=1 owner=guest role=host -> false
[log] [coop:reward] crossroads owner/watcher decision: pinnedStart=41 role=host spoof=false -> WATCHER (#848)
[log] [coop:interaction] uiMirror beginSession role=watcher mode=15 seq=9600041 early=0
[log] [coop:relay] AWAIT interactionChoice seq=9600041 timeoutMs=1200000 expected=[crossroads] -> network-wait
[log] [coop:transport] recv host t=coopAck cls=op:global seq=82 handlers=1
[log] [coop:transport] recv host t=battleCheckpointAck reason=replacement e=1833203800481331 wave=2 turn=2 rev=18 stage=continuationReady checksum=3244f941b6d0ce2f handlers=1
[log] [coop:interaction] uiMirror WATCHER apply n=0 button=1 mode=15
[log] [coop:relay] DELIVER interactionChoice seq=9600041 -> waiter kind=crossroads choice=1 data=-
[log] [coop:relay] AWAIT interactionChoice seq=9600041 RESOLVE kind=crossroads choice=1 data=-
[log] [coop:transport] send host t=envelope t=envelope
[log] [coop:reward] crossroads WATCHER: owner pick received moveOn=true pinnedStart=41 (#848)
[log] [coop:v2-interaction] terminal proof recorded op=1833203800481331:1:CROSSROADS_PICK:9600041 role=host seat=0 duplicate=0 ambient=1
[log] [coop:transport] recv guest t=envelope t=envelope handlers=1
[log] %cStart Phase: CoopPartnerSyncPhase color:green
[log] [coop:interaction] interactionCounter() read -> 41 (role=host)
[log] [coop:owner] ownerOf(counter=41) seat=1 -> owner=guest
[log] [coop:owner] isLocalOwnerAtCounter(pinnedCounter=41) parity=1 owner=guest role=host -> false
[log] [coop:owner] ownerOf(counter=41) seat=1 -> owner=guest
[log] [coop:owner] isLocalOwnerAtCounter(pinnedCounter=41) parity=1 owner=guest role=host -> false
[log] [coop:reward] biome pick owner/watcher decision: pinnedStart=41 role=host spoof=false chained=true -> WATCHER (#848)
[log] [coop:interaction] uiMirror beginSession role=watcher mode=54 seq=9700041 early=0
[log] [coop:relay] AWAIT interactionChoice seq=9700041 timeoutMs=1200000 expected=[biomePick] -> network-wait
[log] [coop:interaction] interactionCounter() read -> 41 (role=host)
[log] [coop:owner] ownerOf(counter=41) seat=1 -> owner=guest
[log] [coop:owner] isLocalOwnerAtCounter(pinnedCounter=41) parity=1 owner=guest role=host -> false
[log] [coop:relay] DELIVER interactionChoice seq=9700041 -> waiter kind=biomePick choice=0 data=[5]
[log] [coop:relay] AWAIT interactionChoice seq=9700041 RESOLVE kind=biomePick choice=0 data=[5]
[log] [coop:transport] send host t=envelope t=envelope
[log] [coop:reward] biome pick WATCHER: owner biome=undefined received pinnedStart=41 (#848)
[log] [coop:transport] recv guest t=envelope t=envelope handlers=1
[log] [coop:interaction] interactionCounter() read -> 41 (role=host)
[log] [coop:interaction] CoopInteractionTurn.advance INCREMENT (fromCounter=41) counter 41 -> 42
[log] [coop:interaction] advanceInteraction ADVANCED+BROADCAST (fromCounter=41) counter 41 -> 42 role=host; send interaction screen=__turn__ choice=42
[log] [coop:interaction] SEND counter snapshot reason=advance choice=42 role=host
[log] [coop:transport] send host t=interaction screen=__turn__
[log] [coop:owner] ownerOf(counter=42) seat=0 -> owner=host
[log] [coop:owner] ownerOf(counter=42) seat=0 -> owner=host
[log] [coop:interaction] interactionCounter() read -> 42 (role=host)
[log] [coop:reward] advance interaction from CONTINUATION commit (role=host from=41 counter 41 -> 42)
[log] [coop:interaction] interactionCounter() read -> 42 (role=host)
[log] [coop:v2-interaction] terminal proof recorded op=1833203800481331:1:BIOME_PICK:9700041 role=host seat=0 duplicate=0 ambient=1
[log] [coop:transport] recv guest t=interaction screen=__turn__ handlers=1
[log] [coop:interaction] RECV interaction broadcast (deferred catch-up net) received=42 localBefore=42 role=host -> no defer (local >= received)
[warn] [coop:interaction] CoopInteractionTurn.mergeRemote DEFER (remote=42, counter=42, pendingRemote=42) live counter UNCHANGED (folds in at next advance if still ahead)
[log] [coop:owner] ownerOf(counter=42) seat=0 -> owner=host
[log] [coop:owner] ownerOf(counter=42) seat=0 -> owner=host
[log] [coop:interaction] interactionCounter() read -> 42 (role=host)
[log] %cStart Phase: SwitchBiomePhase color:green
[log] %cStart Phase: NewBattlePhase color:green
[log] [coop:turn] host recorder: begin deferred transition turn=1 scope=1833203800481331:36
[log] [coop:v2-control] NewBattlePhase installed committed host biome encounter wave=35->36
[log] %cStart Phase: ReturnPhase color:green
[log] [coop:turn] host recorder: preserve recording scope=1833203800481331:36 turn=1 events=0 seq=0
[log] %cStart Phase: ReturnPhase color:green
[log] [coop:turn] host recorder: preserve recording scope=1833203800481331:36 turn=1 events=0 seq=0
[log] %cStart Phase: ShowTrainerPhase color:green
[log] %cStart Phase: NewBiomeEncounterPhase color:green
[log] [coop:interaction] interactionCounter() read -> 42 (role=host)
[log] [coop:replay] host SEND enemyPartySync wave=36 count=2 meType=-1 battleType=0 entryPresentation=-
[log] [coop:transport] send host t=enemyPartySync wave=36 enemies=2 battleType=0
[log] [coop:turn] host recorder: preserve recording scope=1833203800481331:36 turn=1 events=0 seq=0
[log] [coop:transport] recv guest t=enemyPartySync wave=36 enemies=2 battleType=0 handlers=1
[log] %cStart Phase: SummonPhase color:green
[log] [coop:turn] host recorder: preserve recording scope=1833203800481331:36 turn=1 events=0 seq=0
[log] %cStart Phase: ToggleDoublePositionPhase color:green
[log] %cStart Phase: SummonPhase color:green
[log] [coop:turn] host recorder: preserve recording scope=1833203800481331:36 turn=1 events=0 seq=0
[log] %cStart Phase: CheckSwitchPhase color:green
[log] %cStart Phase: CheckSwitchPhase color:green
[log] %cStart Phase: InitEncounterPhase color:green
[log] [coop:turn] host recorder: preserve recording scope=1833203800481331:36 turn=1 events=0 seq=0
[log] %cStart Phase: PostSummonPhase color:green
[log] %cStart Phase: PostSummonPhase color:green
[log] %cStart Phase: ShowAbilityPhase color:green
[log] [coop:turn] host recorder: append turn=1 seq=0 k=showAbility total=1 live=true
[log] %cStart Phase: StatStageChangePhase color:green
[log] [coop:turn] host recorder: append turn=1 seq=1 k=message total=2 live=true
[log] [coop:turn] host recorder: append turn=1 seq=2 k=statStage total=3 live=true
[log] %cStart Phase: MessagePhase color:green
[log] %cStart Phase: StatStageChangePhase color:green
[log] [coop:turn] host recorder: append turn=1 seq=3 k=message total=4 live=true
[log] [coop:turn] host recorder: append turn=1 seq=4 k=statStage total=5 live=true
[log] %cStart Phase: MessagePhase color:green
[log] %cStart Phase: HideAbilityPhase color:green
[log] [coop:turn] host recorder: append turn=1 seq=5 k=hideAbility total=6 live=true
[log] %cStart Phase: PostSummonPhase color:green
[log] %cStart Phase: PostSummonPhase color:green
[log] %cStart Phase: PostSummonPhase color:green
[log] %cStart Phase: PostSummonPhase color:green
[log] %cStart Phase: PostSummonPhase color:green
[log] [coop:turn] host recorder: append turn=1 seq=6 k=message total=7 live=true
[log] %cStart Phase: ShowAbilityPhase color:green
[log] [coop:turn] host recorder: append turn=1 seq=7 k=showAbility total=8 live=true
[log] %cStart Phase: MessagePhase color:green
[log] %cStart Phase: HideAbilityPhase color:green
[log] [coop:turn] host recorder: append turn=1 seq=8 k=hideAbility total=9 live=true
[log] %cStart Phase: TurnInitPhase color:green
[log] [coop:replay] host SEND enemyPartySync wave=36 count=2 meType=-1 battleType=0 entryPresentation=9
[log] [coop:transport] send host t=enemyPartySync wave=36 enemies=2 battleType=0
[log] [coop:replay] host RE-BROADCAST wave-start authority wave=36 after post-summon boundary stateChanged=true presentation=9 (#920)
[log] [coop:rendezvous] next-command barrier ARRIVE+AWAIT cmd:36:1 slot=0
[log] [coop:rendezvous] ARRIVE point=cmd:36:1 (send) role=host
[log] [coop:transport] send host t=rendezvous point=cmd:36:1
[log] [coop:rendezvous] AWAIT point=cmd:36:1 timeoutMs=2000 -> network-wait role=host
[log] [coop:transport] recv guest t=enemyPartySync wave=36 enemies=2 battleType=0 handlers=1
[log] [coop:transport] recv guest t=rendezvous point=cmd:36:1 handlers=1
[log] [coop:rendezvous] RECV arrival point=cmd:36:1 -> deliver-to-waiter role=host
[log] [coop:transport] send host t=rendezvous point=cmd:36:1
[log] [coop:rendezvous] AWAIT point=cmd:36:1 RESOLVE both-arrived role=host
[log] [coop:durability] host RELEASE contiguous acknowledged authority cls=op:global seq=83
[log] [coop:durability] host RELEASE contiguous acknowledged authority cls=op:global seq=84
[log] [coop:durability] host RELEASE contiguous acknowledged authority cls=op:global seq=85
[log] [coop:transport] recv guest t=rendezvous point=cmd:36:1 handlers=1
[log] [coop:transport] send host t=enemyPartySync wave=36 enemies=2 battleType=0
[log] [coop:replay] host RE-BROADCAST wave-start authority wave=36 after post-summon boundary stateChanged=false presentation=9 (#920)
[log] [coop:transport] recv guest t=enemyPartySync wave=36 enemies=2 battleType=0 handlers=1
[log] [coop:interaction] interactionCounter() read -> 42 (role=host)
[log] [coop:checksum] capture digest=49d55e8e9040bb0e field=4 biome=5 seed=coop-soak-20260924 weather=0 terrain=0 money=3460 party=[143,94,149,445,376,248] partyLevels=[65,65,65,65,65,65] arenaTags=1 modifiers=6 heldItemsDigest=0 pokeballs=[0:60,1:10,2:0,3:0,4:0] mons=[bi0:sp143/hp289-303/st0/ab12/form0/tera0:0/boss0:0 bi1:sp94/hp135-179/st3/ab5067/form0/tera0:7/boss0:0 bi2:sp168/hp72-72/st0/ab5077/form0/tera0:3/boss0:0 bi3:sp543/hp52-52/st0/ab5451/form0/tera0:3/boss0:0]
[log] [coop:interaction] interactionCounter() read -> 42 (role=host)
[log] %cStart Phase: SelectTargetPhase color:green
[log] [coop:owner] broadcast own-slot fi=0 turn=1 role=host cmd=0
[log] [coop:relay] broadcastLocalCommand SEND fieldIndex=0 owner=host turn=1 command=0 cursor=1 moveId=247 targets=[2]
[log] [coop:transport] send host t=command fi=0 owner=host turn=1 cmd=0 cursor=1 move=247
[log] [coop:transport] recv guest t=command fi=0 owner=host turn=1 cmd=0 cursor=1 move=247 handlers=1
[log] [coop:relay] recv command fieldIndex=0 turn=1 command=0 -> BUFFERED (no awaiter yet)
[log] %cStart Phase: CommandPhase color:green
[log] [coop:transport] send host t=enemyPartySync wave=36 enemies=2 battleType=0
[log] [coop:replay] host RE-BROADCAST wave-start authority wave=36 after post-summon boundary stateChanged=false presentation=9 (#920)
[log] [coop:battle] CommandPhase slot=1 turn=1 owner=guest role=host -> partner path
[log] [coop:relay] host requestPartnerCommand SEND fieldIndex=1 turn=1 moveSlots=[0,1,2,3] (awaiting peer)
[log] [coop:transport] send host t=commandRequest fi=1 owner=guest turn=1 slots=4
[log] [coop:transport] recv guest t=enemyPartySync wave=36 enemies=2 battleType=0 handlers=1
[log] [coop:transport] recv guest t=commandRequest fi=1 owner=guest turn=1 slots=4 handlers=1
[log] [coop:relay] peer recv commandRequest fieldIndex=1 owner=guest turn=1 moveSlots=[0,1,2,3] -> reply command=0 cursor=3 moveId=85
[log] [coop:transport] send guest t=command fi=1 owner=guest turn=1 cmd=0 cursor=3 move=85
[log] [coop:transport] recv host t=command fi=1 owner=guest turn=1 cmd=0 cursor=3 move=85 handlers=1
[log] [coop:relay] recv command fieldIndex=1 turn=1 command=0 -> resolved awaiting request
[log] [coop:ai] applyWiredPartnerCommand partner=94 wiredMoveId=85 cursor=3 -> moveId=85 moveIndex=3 tera=false targets=[3] targetsFrom=wire-verbatim useMode=1
[log] %cStart Phase: EnemyCommandPhase color:green
[log] %cStart Phase: EnemyCommandPhase color:green
[log] %cStart Phase: TurnStartPhase color:green
[log] [coop-diag] turn-start authoritative guard mode=authoritative role=host turn=1 diverts=false
[log] [coop:turn] host recorder: preserve recording scope=1833203800481331:36 turn=1 events=12 seq=12
[log] %cStart Phase: MovePhase color:green
[log] [coop:turn] host recorder: append turn=1 seq=12 k=moveUsed total=13 live=true
[log] %cStart Phase: MessagePhase color:green
[log] %cStart Phase: MoveEffectPhase color:green
[log] [coop:turn] host recorder: append turn=1 seq=13 k=moveAnim total=14 live=true
[log] [coop:turn] host recorder: append turn=1 seq=14 k=hp total=15 live=true
[log] [coop:turn] host recorder: append turn=1 seq=15 k=faint total=16 live=true
[log] %cStart Phase: DamageAnimPhase color:green
[log] %cStart Phase: FaintPhase color:green
[log] %cStart Phase: MessagePhase color:green
[log] %cStart Phase: VictoryPhase color:green
[log] [coop:progression] HOST applyPartyExp COMPUTE wave=36 expValue=229.8 koMon=Venipede
[log] %cStart Phase: MoveEndPhase color:green
[log] %cStart Phase: MovePhase color:green
[log] [coop:turn] host recorder: append turn=1 seq=16 k=moveUsed total=17 live=true
[log] %cStart Phase: MessagePhase color:green
[log] %cStart Phase: MoveEffectPhase color:green
[log] [coop:turn] host recorder: append turn=1 seq=17 k=moveAnim total=18 live=true
[log] [coop:turn] host recorder: append turn=1 seq=18 k=hp total=19 live=true
[log] [coop:turn] host recorder: append turn=1 seq=19 k=faint total=20 live=true
[log] %cStart Phase: DamageAnimPhase color:green
[log] %cStart Phase: FaintPhase color:green
[log] %cStart Phase: MessagePhase color:green
[log] %cStart Phase: VictoryPhase color:green
[log] [coop:progression] HOST applyPartyExp COMPUTE wave=36 expValue=645 koMon=Ariados
[warn] [coop:v2-shadow] FAULT tap(WAVE_ADVANCE): AuthorityLog.commit: WAVE_ADVANCE is not authorized by predecessor control after WSHADOW/ADV/w1
[log] [coop:runtime] defer raw waveResolved wave=36 outcome=win until its material turnResolution is retained
[log] [coop-diag] VictoryPhase win-branch role=host battleType=WILD queuesTrainerVictory=false queuesSelectModifier=true wave=36
[log] [coop-diag] VictoryTail role=host wave=36 source=legacy-local trainer=false egg=true biomeShop=false biomeChange=false crossroads=false nextWave=37
[log] %cStart Phase: MoveEndPhase color:green
[log] %cStart Phase: MovePhase color:green
[log] %cStart Phase: MoveEndPhase color:green
[log] %cStart Phase: MovePhase color:green
[log] %cStart Phase: MoveEndPhase color:green
[log] %cStart Phase: CheckInterludePhase color:green
[log] %cStart Phase: WeatherEffectPhase color:green
[log] %cStart Phase: PositionalTagPhase color:green
[log] %cStart Phase: BerryPhase color:green
[log] %cStart Phase: CheckStatusEffectPhase color:green
[log] %cStart Phase: TurnEndPhase color:green
[log] %cStart Phase: CoopTurnCommitPhase color:green
[log] [coop:turn] host recorder: finalize turn=1 events=20 seq=20
[log] [coop:checkpoint] build field=4 weather=0/0 terrain=0/0 arenaTags=1 money=3460 mons=[bi0:sp143/hp289-303/st0/fnt0 bi1:sp94/hp135-179/st3/fnt0 bi2:sp168/hp0-72/st7/fnt1 bi3:sp543/hp0-52/st7/fnt1]
[log] [coop:checkpoint] host capture field=4 weather=0 terrain=0 money=3460 arenaTags=1 mons=[bi0:sp143/hp289-303/st0/fnt0 bi1:sp94/hp135-179/st3/fnt0 bi2:sp168/hp0-72/st7/fnt1 bi3:sp543/hp0-52/st7/fnt1]
[log] [coop:interaction] interactionCounter() read -> 42 (role=host)
[log] [coop:replay] host SEND turnResolution e=1833203800481331 wave=36 turn=1 rev=380 events=20 checksum=71789cfa2d3ed158
[log] [coop:transport] send host t=turnResolution e=1833203800481331 wave=36 turn=1 rev=380 events=20 checksum=71789cfa2d3ed158
[warn] [coop:v2-shadow] FAULT tap(TURN_COMMIT): AuthorityLog.commit: TURN_COMMIT is not authorized by predecessor control after WSHADOW/ADV/w1
[log] [coop:runtime] send waveResolved wave=36 outcome=win (host)
[log] [coop:replay] host SEND waveResolved wave=36 outcome=win transition=WAVE_VICTORY/next37/biome0/egg1/wild
[log] [coop:transport] send host t=waveResolved wave=36 outcome=win captureParty=- cap=-
[log] [coop:transport] recv guest t=turnResolution e=1833203800481331 wave=36 turn=1 rev=380 events=20 checksum=71789cfa2d3ed158 handlers=1
[log] [coop:transport] recv guest t=waveResolved wave=36 outcome=win captureParty=- cap=- handlers=1
[log] [38;2;255;127;80mPhaseInterceptor.to: Stopping on completion of CoopTurnCommitPhase[39m
[log] %cStart Phase: BattleEndPhase color:green
[log] [coop:progression] HOST automatic victory settlement deferred wave=36 sourceTurn=1 settlementTurn=2
[log] %cStart Phase: EggLapsePhase color:green
[log] %cStart Phase: CoopVictorySealPhase color:green
[log] [coop:transport] send host t=envelope t=envelope
[log] [coop:runtime] wave-advance op HOST commit wave=36 outcome=win next=WAVE_VICTORY rev=86 id=1833203800481331:0:WAVE_ADVANCE:36 (Wave-2f)
[log] [coop:runtime] settled WAVE_ADVANCE committed wave=36 tick=381 next=WAVE_VICTORY/wave37
[log] [coop:runtime] send waveEndState wave=36 tick=381 (host)
[log] [coop:replay] host SEND waveEndState wave=36 tick=381 party=6
[log] [coop:transport] send host t=waveEndState t=waveEndState
[log] [coop:progression] HOST automatic victory settlement sealed wave=36 sourceTurn=1 settlementTurn=2 tick=381
[log] [coop:transport] recv guest t=envelope t=envelope handlers=1
[log] [coop:transport] recv guest t=waveEndState t=waveEndState handlers=1
[log] [coop:interaction] interactionCounter() read -> 42 (role=host)
[log] [coop:owner] ownerOf(counter=42) seat=0 -> owner=host
[log] [coop:owner] isLocalOwnerAtCounter(pinnedCounter=42) parity=0 owner=host role=host -> true
[log] [coop:interaction] interactionCounter() read -> 42 (role=host)
[log] [coop:reward] owner/watcher decision: pinnedStart=42 liveCounter=42 parity=0 role=host pick=OWNER option=ROLL spoof=false
[log] [coop:shop] serializeRewardOptions count=3 ids=[ER_ABILITY_CAPSULE,POTION,CANDY_JAR] tiers=[1,0,2]
[log] [coop:reward] OWNER streams reward options (start=42 reroll=0 count=3 ids=[ER_ABILITY_CAPSULE,POTION,CANDY_JAR])
[log] [coop:relay] SEND rewardOptions seq=42 reroll=0 count=3 ids=[ER_ABILITY_CAPSULE,POTION,CANDY_JAR]
[log] [coop:transport] send host t=rewardOptions seq=42 reroll=0 options=3
[log] [coop:rendezvous] ARRIVE point=shop:36:42 (send) role=host
[log] [coop:transport] send host t=rendezvous point=shop:36:42
[log] [coop:reward] OWNER drives reward screen (start=42 role=host spoof=false adoptsOptions=false wave=36)
[log] [coop:rendezvous] shop-pick-commit barrier AWAIT shop:36:42
[log] [coop:rendezvous] AWAIT point=shop:36:42 timeoutMs=2000 -> network-wait role=host
[log] [coop:transport] recv guest t=rewardOptions seq=42 reroll=0 options=3 handlers=1
[log] [coop:transport] recv guest t=rendezvous point=shop:36:42 handlers=1
[log] [coop:durability] operation delivery RETRY key=op:global:86:1833203800481331:36:2:1833203800481331:0:WAVE_ADVANCE:36 attempt=1/8
[log] [coop:transport] send host t=envelope t=envelope
[log] [coop:interaction] interactionCounter() read -> 42 (role=host)
[log] [coop:checksum] capture digest=99be3b64648db164 field=4 biome=5 seed=coop-soak-20260924 weather=0 terrain=0 money=3460 party=[143,94,149,445,376,248] partyLevels=[65,65,65,65,65,65] arenaTags=1 modifiers=6 heldItemsDigest=0 pokeballs=[0:60,1:10,2:0,3:0,4:0] mons=[bi0:sp143/hp289-303/st0/ab12/form0/tera0:0/boss0:0 bi1:sp94/hp135-179/st3/ab5067/form0/tera0:7/boss0:0 bi2:sp168/hp0-72/st7/ab5077/form0/tera0:3/boss0:0 bi3:sp543/hp0-52/st7/ab5451/form0/tera0:3/boss0:0]
[log] [coop:rendezvous] RECV arrival point=shop:36:42 -> deliver-to-waiter role=host
[log] [coop:transport] send host t=rendezvous point=shop:36:42
[log] [coop:rendezvous] AWAIT point=shop:36:42 RESOLVE both-arrived role=host
[log] [coop:stream] host ACCEPT turn ACK stage=continuationReady key=1833203800481331:36:1:380
[log] [coop:stream] host RELEASE retained turn after continuationReady key=1833203800481331:36:1:380
[log] [coop:durability] host RELEASE contiguous acknowledged authority cls=op:global seq=86
[log] [coop:transport] recv guest t=rendezvous point=shop:36:42 handlers=1
[log] [coop:interaction] mirror begin role=owner mirrorSeq=2688 interactionStart=42 reroll=0
[log] [coop:interaction] uiMirror beginSession role=owner mode=6 seq=2688 early=0
[log] [coop:owner] ownerOf(counter=42) seat=0 -> owner=host
[log] [coop:owner] isLocalOwnerAtCounter(pinnedCounter=42) parity=0 owner=host role=host -> true
[log] [coop:owner] ownerOf(counter=42) seat=0 -> owner=host
[log] [coop:owner] isLocalOwnerAtCounter(pinnedCounter=42) parity=0 owner=host role=host -> true
[log] [coop:relay] OWNER prepare seq=42 kind=reward choice=2 data=[0] role=host
[log] [coop:reward] reward op INTENT prepared label=reward id=1833203800481331:0:REWARD:4200000
[log] [coop:relay] OWNER send raw seq=42 kind=reward choice=2 role=host
[log] [coop:relay] SEND interactionChoice seq=42 kind=reward kind=? choice=2 data=[0]
[log] [coop:transport] send host t=interactionChoice seq=42 kind=reward choice=2
[warn] [coop:v2-shadow] FAULT tap(INTERACTION_COMMIT): AuthorityLog.commit: INTERACTION_COMMIT is not authorized by predecessor control after WSHADOW/ADV/w1
[log] [coop:reward] APPLY_RESULT pin=42 side=owner type=CANDY_JAR class=LevelIncrementBoosterModifier pregen=[] holderSlot=-1 holderId=-1 stack=1 accepted=true cost=-1
[log] [coop:shop] serializeRewardOptions count=3 ids=[ER_ABILITY_CAPSULE,POTION,CANDY_JAR] tiers=[1,0,2]
[log] [coop:transport] send host t=envelope t=envelope
[log] [coop:reward] reward authoritative RESULT retained rev=87 tick=382 id=1833203800481331:0:REWARD:4200000
[log] [coop:interaction] interactionCounter() read -> 42 (role=host)
[log] [coop:interaction] CoopInteractionTurn.advance INCREMENT (fromCounter=42) counter 42 -> 43
[log] [coop:interaction] advanceInteraction ADVANCED+BROADCAST (fromCounter=42) counter 42 -> 43 role=host; send interaction screen=__turn__ choice=43
[log] [coop:interaction] SEND counter snapshot reason=advance choice=43 role=host
[log] [coop:transport] send host t=interaction screen=__turn__
[log] [coop:owner] ownerOf(counter=43) seat=1 -> owner=guest
[log] [coop:owner] ownerOf(counter=43) seat=1 -> owner=guest
[log] [coop:interaction] interactionCounter() read -> 43 (role=host)
[log] [coop:reward] advance interaction (role=host from=42 counter 42 -> 43)
[log] [coop:transport] recv guest t=interactionChoice seq=42 kind=reward choice=2 handlers=1
[log] [coop:transport] recv guest t=envelope t=envelope handlers=1
[log] [coop:transport] recv guest t=interaction screen=__turn__ handlers=1
[log] [coop:interaction] RECV interaction broadcast (deferred catch-up net) received=43 localBefore=43 role=host -> no defer (local >= received)
[warn] [coop:interaction] CoopInteractionTurn.mergeRemote DEFER (remote=43, counter=43, pendingRemote=43) live counter UNCHANGED (folds in at next advance if still ahead)
[log] [coop:owner] ownerOf(counter=43) seat=1 -> owner=guest
[log] [coop:owner] ownerOf(counter=43) seat=1 -> owner=guest
[log] %cStart Phase: NewBattlePhase color:green
[log] [coop:turn] host recorder: begin deferred transition turn=1 scope=1833203800481331:37
[log] %cStart Phase: CoopPartnerSyncPhase color:green
[log] [coop:interaction] interactionCounter() read -> 43 (role=host)
[log] %cStart Phase: NextEncounterPhase color:green
[log] [coop:interaction] interactionCounter() read -> 43 (role=host)
[log] [coop:replay] host SEND enemyPartySync wave=37 count=2 meType=-1 battleType=0 entryPresentation=-
[log] [coop:transport] send host t=enemyPartySync wave=37 enemies=2 battleType=0
[log] [coop:turn] host recorder: preserve recording scope=1833203800481331:37 turn=1 events=0 seq=0
[log] [coop:transport] recv guest t=enemyPartySync wave=37 enemies=2 battleType=0 handlers=1
[log] %cStart Phase: ToggleDoublePositionPhase color:green
[log] %cStart Phase: CheckSwitchPhase color:green
[log] %cStart Phase: CheckSwitchPhase color:green
[log] %cStart Phase: InitEncounterPhase color:green
[log] [coop:turn] host recorder: preserve recording scope=1833203800481331:37 turn=1 events=0 seq=0
[log] %cStart Phase: PostSummonPhase color:green
[log] %cStart Phase: PostSummonPhase color:green
[log] %cStart Phase: TurnInitPhase color:green
[log] [coop:replay] host SEND enemyPartySync wave=37 count=2 meType=-1 battleType=0 entryPresentation=0
[log] [coop:transport] send host t=enemyPartySync wave=37 enemies=2 battleType=0
[log] [coop:replay] host RE-BROADCAST wave-start authority wave=37 after post-summon boundary stateChanged=false presentation=0 (#920)
[log] [coop:rendezvous] next-command barrier ARRIVE+AWAIT cmd:37:1 slot=0
[log] [coop:rendezvous] ARRIVE point=cmd:37:1 (send) role=host
[log] [coop:transport] send host t=rendezvous point=cmd:37:1
[log] [coop:rendezvous] AWAIT point=cmd:37:1 timeoutMs=2000 -> network-wait role=host
[log] [coop:transport] recv guest t=enemyPartySync wave=37 enemies=2 battleType=0 handlers=1
[log] [coop:transport] recv guest t=rendezvous point=cmd:37:1 handlers=1
[log] [coop:rendezvous] RECV arrival point=cmd:37:1 -> deliver-to-waiter role=host
[log] [coop:transport] send host t=rendezvous point=cmd:37:1
[log] [coop:rendezvous] AWAIT point=cmd:37:1 RESOLVE both-arrived role=host
[log] [coop:durability] host RELEASE contiguous acknowledged authority cls=op:global seq=87
[log] [coop:transport] recv guest t=rendezvous point=cmd:37:1 handlers=1
[log] [coop:transport] send host t=enemyPartySync wave=37 enemies=2 battleType=0
[log] [coop:replay] host RE-BROADCAST wave-start authority wave=37 after post-summon boundary stateChanged=false presentation=0 (#920)
[log] [coop:transport] recv guest t=enemyPartySync wave=37 enemies=2 battleType=0 handlers=1
[log] [coop:interaction] interactionCounter() read -> 43 (role=host)
[log] [coop:checksum] capture digest=28dbb800a9e46f06 field=4 biome=5 seed=coop-soak-20260924 weather=0 terrain=0 money=3460 party=[143,94,149,445,376,248] partyLevels=[65,65,65,65,65,65] arenaTags=1 modifiers=7 heldItemsDigest=1 pokeballs=[0:60,1:10,2:0,3:0,4:0] mons=[bi0:sp143/hp289-303/st0/ab12/form0/tera0:0/boss0:0 bi1:sp94/hp135-179/st3/ab5067/form0/tera0:7/boss0:0 bi2:sp274/hp75-75/st0/ab153/form0/tera0:16/boss0:0 bi3:sp920/hp78-78/st0/ab5030/form0/tera0:6/boss0:0]
[log] [coop:interaction] interactionCounter() read -> 43 (role=host)
[log] %cStart Phase: SelectTargetPhase color:green
[log] [coop:owner] broadcast own-slot fi=0 turn=1 role=host cmd=0
[log] [coop:relay] broadcastLocalCommand SEND fieldIndex=0 owner=host turn=1 command=0 cursor=1 moveId=247 targets=[2]
[log] [coop:transport] send host t=command fi=0 owner=host turn=1 cmd=0 cursor=1 move=247
[log] [coop:transport] recv guest t=command fi=0 owner=host turn=1 cmd=0 cursor=1 move=247 handlers=1
[log] [coop:relay] recv command fieldIndex=0 turn=1 command=0 -> BUFFERED (no awaiter yet)
[log] %cStart Phase: CommandPhase color:green
[log] [coop:transport] send host t=enemyPartySync wave=37 enemies=2 battleType=0
[log] [coop:replay] host RE-BROADCAST wave-start authority wave=37 after post-summon boundary stateChanged=false presentation=0 (#920)
[log] [coop:battle] CommandPhase slot=1 turn=1 owner=guest role=host -> partner path
[log] [coop:relay] host requestPartnerCommand SEND fieldIndex=1 turn=1 moveSlots=[0,1,2,3] (awaiting peer)
[log] [coop:transport] send host t=commandRequest fi=1 owner=guest turn=1 slots=4
[log] [coop:transport] recv guest t=enemyPartySync wave=37 enemies=2 battleType=0 handlers=1
[log] [coop:transport] recv guest t=commandRequest fi=1 owner=guest turn=1 slots=4 handlers=1
[log] [coop:relay] peer recv commandRequest fieldIndex=1 owner=guest turn=1 moveSlots=[0,1,2,3] -> reply command=2 cursor=3 moveId=-
[log] [coop:transport] send guest t=command fi=1 owner=guest turn=1 cmd=2 cursor=3 move=-
[log] [coop:transport] recv host t=command fi=1 owner=guest turn=1 cmd=2 cursor=3 move=- handlers=1
[log] [coop:relay] recv command fieldIndex=1 turn=1 command=2 -> resolved awaiting request
[log] %cStart Phase: EnemyCommandPhase color:green
[log] %cStart Phase: EnemyCommandPhase color:green
[log] %cStart Phase: TurnStartPhase color:green
[log] [coop-diag] turn-start authoritative guard mode=authoritative role=host turn=1 diverts=false
[log] [coop:turn] host recorder: preserve recording scope=1833203800481331:37 turn=1 events=0 seq=0
[log] %cStart Phase: SwitchSummonPhase color:green
[log] [coop:turn] host recorder: preserve recording scope=1833203800481331:37 turn=1 events=0 seq=0
[log] [coop:turn] host recorder: append turn=1 seq=0 k=switch total=1 live=true
[log] %cStart Phase: PostSummonPhase color:green
[log] [coop:turn] host recorder: append turn=1 seq=1 k=message total=2 live=true
[log] %cStart Phase: MessagePhase color:green
[log] %cStart Phase: StatStageChangePhase color:green
[log] [coop:turn] host recorder: append turn=1 seq=2 k=message total=3 live=true
[log] [coop:turn] host recorder: append turn=1 seq=3 k=statStage total=4 live=true
[log] %cStart Phase: MessagePhase color:green
[log] %cStart Phase: MovePhase color:green
[log] [coop:turn] host recorder: append turn=1 seq=4 k=moveUsed total=5 live=true
[log] %cStart Phase: MessagePhase color:green
[log] %cStart Phase: MoveEffectPhase color:green
[log] [coop:turn] host recorder: append turn=1 seq=5 k=moveAnim total=6 live=true
[log] [coop:turn] host recorder: append turn=1 seq=6 k=message total=7 live=true
[log] %cStart Phase: MessagePhase color:green
[log] %cStart Phase: MoveEndPhase color:green
[log] %cStart Phase: MovePhase color:green
[log] [coop:turn] host recorder: append turn=1 seq=7 k=moveUsed total=8 live=true
[log] %cStart Phase: MessagePhase color:green
[log] %cStart Phase: MoveEffectPhase color:green
[log] [coop:turn] host recorder: append turn=1 seq=8 k=moveAnim total=9 live=true
[log] [coop:turn] host recorder: append turn=1 seq=9 k=hp total=10 live=true
[log] [coop:turn] host recorder: append turn=1 seq=10 k=faint total=11 live=true
[log] [coop:turn] host recorder: append turn=1 seq=11 k=message total=12 live=true
[log] %cStart Phase: DamageAnimPhase color:green
[log] %cStart Phase: MessagePhase color:green
[log] %cStart Phase: FaintPhase color:green
[log] %cStart Phase: MessagePhase color:green
[log] %cStart Phase: ShowAbilityPhase color:green
[log] [coop:turn] host recorder: append turn=1 seq=12 k=showAbility total=13 live=true
[log] %cStart Phase: HideAbilityPhase color:green
[log] [coop:turn] host recorder: append turn=1 seq=13 k=hideAbility total=14 live=true
[log] %cStart Phase: VictoryPhase color:green
[log] [coop:progression] HOST applyPartyExp COMPUTE wave=37 expValue=572.2 koMon=Nuzleaf
[log] %cStart Phase: MoveEndPhase color:green
[log] %cStart Phase: MovePhase color:green
[log] %cStart Phase: MoveEndPhase color:green
[log] %cStart Phase: CheckInterludePhase color:green
[log] %cStart Phase: WeatherEffectPhase color:green
[log] %cStart Phase: PositionalTagPhase color:green
[log] %cStart Phase: BerryPhase color:green
[log] %cStart Phase: CheckStatusEffectPhase color:green
[log] %cStart Phase: TurnEndPhase color:green
[log] %cStart Phase: ShowAbilityPhase color:green
[log] [coop:turn] host recorder: append turn=1 seq=14 k=showAbility total=15 live=true
[log] %cStart Phase: HideAbilityPhase color:green
[log] [coop:turn] host recorder: append turn=1 seq=15 k=hideAbility total=16 live=true
[log] %cStart Phase: CoopTurnCommitPhase color:green
[log] [coop:turn] host recorder: finalize turn=1 events=16 seq=16
[log] [coop:checkpoint] build field=4 weather=0/0 terrain=0/0 arenaTags=1 money=3460 mons=[bi0:sp143/hp289-303/st0/fnt0 bi1:sp445/hp235-235/st0/fnt0 bi2:sp274/hp0-75/st7/fnt1 bi3:sp920/hp78-78/st0/fnt0]
[log] [coop:checkpoint] host capture field=4 weather=0 terrain=0 money=3460 arenaTags=1 mons=[bi0:sp143/hp289-303/st0/fnt0 bi1:sp445/hp235-235/st0/fnt0 bi2:sp274/hp0-75/st7/fnt1 bi3:sp920/hp78-78/st0/fnt0]
[log] [coop:interaction] interactionCounter() read -> 43 (role=host)
[log] [coop:replay] host SEND turnResolution e=1833203800481331 wave=37 turn=1 rev=389 events=16 checksum=2a3a0d573b3ee546
[log] [coop:transport] send host t=turnResolution e=1833203800481331 wave=37 turn=1 rev=389 events=16 checksum=2a3a0d573b3ee546
[warn] [coop:v2-shadow] FAULT tap(TURN_COMMIT): AuthorityLog.commit: TURN_COMMIT is not authorized by predecessor control after WSHADOW/ADV/w1
[log] [coop:transport] recv guest t=turnResolution e=1833203800481331 wave=37 turn=1 rev=389 events=16 checksum=2a3a0d573b3ee546 handlers=1
[log] [38;2;255;127;80mPhaseInterceptor.to: Stopping on completion of CoopTurnCommitPhase[39m
[log] %cStart Phase: TurnInitPhase color:green
[log] [coop:rendezvous] ARRIVE point=cmd:37:2 (send) role=host
[log] [coop:transport] send host t=rendezvous point=cmd:37:2
[log] [coop:rendezvous] next-command barrier cmd:37:2 SYNC pass (partner already arrived)
[log] [coop:transport] recv guest t=rendezvous point=cmd:37:2 handlers=1
[log] [coop:stream] host ACCEPT turn ACK stage=continuationReady key=1833203800481331:37:1:389
[log] [coop:stream] host RELEASE retained turn after continuationReady key=1833203800481331:37:1:389
[log] %cStart Phase: SelectTargetPhase color:green
[log] [coop:owner] broadcast own-slot fi=0 turn=2 role=host cmd=0
[log] [coop:relay] broadcastLocalCommand SEND fieldIndex=0 owner=host turn=2 command=0 cursor=1 moveId=247 targets=[3]
[log] [coop:transport] send host t=command fi=0 owner=host turn=2 cmd=0 cursor=1 move=247
[log] [coop:transport] recv guest t=command fi=0 owner=host turn=2 cmd=0 cursor=1 move=247 handlers=1
[log] [coop:relay] recv command fieldIndex=0 turn=2 command=0 -> BUFFERED (no awaiter yet)
[log] %cStart Phase: CommandPhase color:green
[log] [coop:battle] CommandPhase slot=1 turn=2 owner=guest role=host -> partner path
[log] [coop:relay] host requestPartnerCommand SEND fieldIndex=1 turn=2 moveSlots=[0,1,2,3] (awaiting peer)
[log] [coop:transport] send host t=commandRequest fi=1 owner=guest turn=2 slots=4
[log] [coop:transport] recv guest t=commandRequest fi=1 owner=guest turn=2 slots=4 handlers=1
[log] [coop:relay] peer recv commandRequest fieldIndex=1 owner=guest turn=2 moveSlots=[0,1,2,3] -> reply command=0 cursor=3 moveId=85
[log] [coop:transport] send guest t=command fi=1 owner=guest turn=2 cmd=0 cursor=3 move=85
[log] [coop:transport] recv host t=command fi=1 owner=guest turn=2 cmd=0 cursor=3 move=85 handlers=1
[log] [coop:relay] recv command fieldIndex=1 turn=2 command=0 -> resolved awaiting request
[log] [coop:ai] applyWiredPartnerCommand partner=445 wiredMoveId=85 cursor=3 -> moveId=85 moveIndex=3 tera=false targets=[3] targetsFrom=wire-verbatim useMode=1
[log] %cStart Phase: EnemyCommandPhase color:green
[log] %cStart Phase: TurnStartPhase color:green
[log] [coop-diag] turn-start authoritative guard mode=authoritative role=host turn=2 diverts=false
[log] [coop:turn] host recorder: begin turn=2 scope=1833203800481331:37 (no prior open recording)
[log] %cStart Phase: MovePhase color:green
[log] [coop:turn] host recorder: append turn=2 seq=0 k=moveUsed total=1 live=true
[log] [coop:turn] host recorder: append turn=2 seq=1 k=message total=2 live=true
[log] %cStart Phase: MessagePhase color:green
[log] %cStart Phase: MessagePhase color:green
[log] %cStart Phase: MoveEndPhase color:green
[log] %cStart Phase: MovePhase color:green
[log] [coop:turn] host recorder: append turn=2 seq=2 k=moveUsed total=3 live=true
[log] %cStart Phase: MessagePhase color:green
[log] %cStart Phase: MoveEffectPhase color:green
[log] [coop:turn] host recorder: append turn=2 seq=3 k=moveAnim total=4 live=true
[log] [coop:turn] host recorder: append turn=2 seq=4 k=hp total=5 live=true
[log] [coop:turn] host recorder: append turn=2 seq=5 k=faint total=6 live=true
[log] %cStart Phase: DamageAnimPhase color:green
[log] %cStart Phase: FaintPhase color:green
[log] %cStart Phase: MessagePhase color:green
[log] %cStart Phase: VictoryPhase color:green
[log] [coop:progression] HOST applyPartyExp COMPUTE wave=37 expValue=791 koMon=Lokix
[warn] [coop:v2-shadow] FAULT tap(WAVE_ADVANCE): AuthorityLog.commit: WAVE_ADVANCE is not authorized by predecessor control after WSHADOW/ADV/w1
[log] [coop:runtime] defer raw waveResolved wave=37 outcome=win until its material turnResolution is retained
[log] [coop-diag] VictoryPhase win-branch role=host battleType=WILD queuesTrainerVictory=false queuesSelectModifier=true wave=37
[log] [coop-diag] VictoryTail role=host wave=37 source=legacy-local trainer=false egg=true biomeShop=false biomeChange=false crossroads=false nextWave=38
[log] %cStart Phase: MoveEndPhase color:green
[log] %cStart Phase: MovePhase color:green
[log] [coop:turn] host recorder: append turn=2 seq=6 k=message total=7 live=true
[log] %cStart Phase: MessagePhase color:green
[log] %cStart Phase: MoveEndPhase color:green
[log] %cStart Phase: CheckInterludePhase color:green
[log] %cStart Phase: WeatherEffectPhase color:green
[log] %cStart Phase: PositionalTagPhase color:green
[log] %cStart Phase: BerryPhase color:green
[log] %cStart Phase: CheckStatusEffectPhase color:green
[log] %cStart Phase: TurnEndPhase color:green
[log] %cStart Phase: CoopTurnCommitPhase color:green
[log] [coop:turn] host recorder: finalize turn=2 events=7 seq=7
[log] [coop:checkpoint] build field=4 weather=0/0 terrain=0/0 arenaTags=1 money=3460 mons=[bi0:sp143/hp289-303/st0/fnt0 bi1:sp445/hp235-235/st0/fnt0 bi2:sp274/hp0-75/st7/fnt1 bi3:sp920/hp0-78/st7/fnt1]
[log] [coop:checkpoint] host capture field=4 weather=0 terrain=0 money=3460 arenaTags=1 mons=[bi0:sp143/hp289-303/st0/fnt0 bi1:sp445/hp235-235/st0/fnt0 bi2:sp274/hp0-75/st7/fnt1 bi3:sp920/hp0-78/st7/fnt1]
[log] [coop:interaction] interactionCounter() read -> 43 (role=host)
[log] [coop:replay] host SEND turnResolution e=1833203800481331 wave=37 turn=2 rev=392 events=7 checksum=64e50ea3e5ed6802
[log] [coop:transport] send host t=turnResolution e=1833203800481331 wave=37 turn=2 rev=392 events=7 checksum=64e50ea3e5ed6802
[warn] [coop:v2-shadow] FAULT tap(TURN_COMMIT): AuthorityLog.commit: TURN_COMMIT is not authorized by predecessor control after WSHADOW/ADV/w1
[log] [coop:runtime] send waveResolved wave=37 outcome=win (host)
[log] [coop:replay] host SEND waveResolved wave=37 outcome=win transition=WAVE_VICTORY/next38/biome0/egg1/wild
[log] [coop:transport] send host t=waveResolved wave=37 outcome=win captureParty=- cap=-
[log] [coop:transport] recv guest t=turnResolution e=1833203800481331 wave=37 turn=2 rev=392 events=7 checksum=64e50ea3e5ed6802 handlers=1
[log] [coop:transport] recv guest t=waveResolved wave=37 outcome=win captureParty=- cap=- handlers=1
[log] [38;2;255;127;80mPhaseInterceptor.to: Stopping on completion of CoopTurnCommitPhase[39m
[log] %cStart Phase: BattleEndPhase color:green
[log] [coop:progression] HOST automatic victory settlement deferred wave=37 sourceTurn=2 settlementTurn=3
[log] %cStart Phase: EggLapsePhase color:green
[log] %cStart Phase: CoopVictorySealPhase color:green
[log] [coop:transport] send host t=envelope t=envelope
[log] [coop:runtime] wave-advance op HOST commit wave=37 outcome=win next=WAVE_VICTORY rev=88 id=1833203800481331:0:WAVE_ADVANCE:37 (Wave-2f)
[log] [coop:runtime] settled WAVE_ADVANCE committed wave=37 tick=393 next=WAVE_VICTORY/wave38
[log] [coop:runtime] send waveEndState wave=37 tick=393 (host)
[log] [coop:replay] host SEND waveEndState wave=37 tick=393 party=6
[log] [coop:transport] send host t=waveEndState t=waveEndState
[log] [coop:progression] HOST automatic victory settlement sealed wave=37 sourceTurn=2 settlementTurn=3 tick=393
[log] [coop:transport] recv guest t=envelope t=envelope handlers=1
[log] [coop:transport] recv guest t=waveEndState t=waveEndState handlers=1
[log] [coop:interaction] interactionCounter() read -> 43 (role=host)
[log] [coop:owner] ownerOf(counter=43) seat=1 -> owner=guest
[log] [coop:owner] isLocalOwnerAtCounter(pinnedCounter=43) parity=1 owner=guest role=host -> false
[log] [coop:interaction] interactionCounter() read -> 43 (role=host)
[log] [coop:reward] owner/watcher decision: pinnedStart=43 liveCounter=43 parity=1 role=host pick=WATCHER option=ROLL spoof=false
[log] [coop:shop] serializeRewardOptions count=3 ids=[BERRY,TEMP_STAT_STAGE_BOOSTER,GREAT_BALL] tiers=[0,0,1]
[log] [coop:reward] OWNER streams reward options (start=43 reroll=0 count=3 ids=[BERRY,TEMP_STAT_STAGE_BOOSTER,GREAT_BALL])
[log] [coop:relay] SEND rewardOptions seq=43 reroll=0 count=3 ids=[BERRY,TEMP_STAT_STAGE_BOOSTER,GREAT_BALL]
[log] [coop:transport] send host t=rewardOptions seq=43 reroll=0 options=3
[log] [coop:rendezvous] ARRIVE point=shop:37:43 (send) role=host
[log] [coop:transport] send host t=rendezvous point=shop:37:43
[log] [coop:reward] WATCHER waits for partner's reward picks (start=43 role=host wave=37)
[log] [coop:durability] host operation continuation window REARM key=op:global:88:1833203800481331:37:3:1833203800481331:0:WAVE_ADVANCE:37 surface=sharedInput at=1833203800481331/37/3
[log] [coop:transport] recv guest t=rewardOptions seq=43 reroll=0 options=3 handlers=1
[log] [coop:transport] recv guest t=rendezvous point=shop:37:43 handlers=1
[log] [coop:interaction] mirror begin role=watcher mirrorSeq=2752 interactionStart=43 reroll=0
[log] [coop:interaction] uiMirror beginSession role=watcher mode=6 seq=2752 early=0
[log] [coop:relay] AWAIT interactionChoice seq=43 timeoutMs=1200000 expected=[reward,shop,skip,reroll,check,transfer,lock] -> network-wait
[log] [coop:durability] operation delivery RETRY key=op:global:88:1833203800481331:37:3:1833203800481331:0:WAVE_ADVANCE:37 attempt=1/8
[log] [coop:transport] send host t=envelope t=envelope
[log] [coop:interaction] interactionCounter() read -> 43 (role=host)
[log] [coop:checksum] capture digest=d8b6fdb7ec60fc83 field=4 biome=5 seed=coop-soak-20260924 weather=0 terrain=0 money=3460 party=[143,445,149,94,376,248] partyLevels=[65,65,65,65,65,65] arenaTags=1 modifiers=7 heldItemsDigest=0 pokeballs=[0:60,1:10,2:0,3:0,4:0] mons=[bi0:sp143/hp289-303/st0/ab12/form0/tera0:0/boss0:0 bi1:sp445/hp235-235/st0/ab8/form0/tera0:15/boss0:0 bi2:sp274/hp0-75/st7/ab153/form0/tera0:16/boss0:0 bi3:sp920/hp0-78/st7/ab5030/form0/tera0:6/boss0:0]
[log] [coop:rendezvous] RECV arrival point=shop:37:43 -> BUFFER (no waiter yet) role=host
[log] [coop:stream] host ACCEPT turn ACK stage=continuationReady key=1833203800481331:37:2:392
[log] [coop:stream] host RELEASE retained turn after continuationReady key=1833203800481331:37:2:392
[log] [coop:durability] host RELEASE contiguous acknowledged authority cls=op:global seq=88
[log] [coop:relay] DELIVER interactionChoice seq=43 -> waiter kind=skip choice=-1 data=-
[log] [coop:relay] AWAIT interactionChoice seq=43 RESOLVE kind=skip choice=-1 data=-
[log] [coop:reward] WATCHER applying relayed action seq=43 act=LEAVE choice=-1 data=-
[log] [coop:shop] serializeRewardOptions count=3 ids=[BERRY,TEMP_STAT_STAGE_BOOSTER,GREAT_BALL] tiers=[0,0,1]
[log] [coop:transport] send host t=envelope t=envelope
[log] [coop:reward] reward authoritative RESULT retained rev=89 tick=394 id=1833203800481331:1:REWARD:4300000
[log] [coop:transport] recv guest t=envelope t=envelope handlers=1
[log] [coop:interaction] interactionCounter() read -> 43 (role=host)
[log] [coop:interaction] interactionCounter() read -> 43 (role=host)
[log] [coop:interaction] RECV interaction broadcast (deferred catch-up net) received=44 localBefore=43 role=host -> WILL DEFER to 44 (folds in at next advance if still ahead)
[warn] [coop:interaction] CoopInteractionTurn.mergeRemote DEFER (remote=44, counter=43, pendingRemote=44) live counter UNCHANGED (folds in at next advance if still ahead)
[log] [coop:owner] ownerOf(counter=43) seat=1 -> owner=guest
[log] [coop:owner] ownerOf(counter=43) seat=1 -> owner=guest
[log] [coop:reward] OWNER peer material applied; release terminal engine barrier seq=43 id=1833203800481331:1:REWARD:4300000
[log] [coop:interaction] interactionCounter() read -> 43 (role=host)
[log] [coop:interaction] CoopInteractionTurn.advance INCREMENT (fromCounter=43) counter 43 -> 44
[log] [coop:interaction] advanceInteraction ADVANCED+BROADCAST (fromCounter=43) counter 43 -> 44 role=host; send interaction screen=__turn__ choice=44
[log] [coop:interaction] SEND counter snapshot reason=advance choice=44 role=host
[log] [coop:transport] send host t=interaction screen=__turn__
[log] [coop:owner] ownerOf(counter=44) seat=0 -> owner=host
[log] [coop:owner] ownerOf(counter=44) seat=0 -> owner=host
[log] [coop:interaction] interactionCounter() read -> 44 (role=host)
[log] [coop:reward] advance interaction (role=host from=43 counter 43 -> 44)
[log] [coop:transport] recv guest t=interaction screen=__turn__ handlers=1
[log] %cStart Phase: NewBattlePhase color:green
[log] [coop:turn] host recorder: begin deferred transition turn=1 scope=1833203800481331:38
[log] [coop:turn] host recorder: append turn=1 seq=0 k=message total=1 live=true
[log] %cStart Phase: CoopPartnerSyncPhase color:green
[log] [coop:interaction] interactionCounter() read -> 44 (role=host)
[log] %cStart Phase: MessagePhase color:green
[log] %cStart Phase: ReturnPhase color:green
[log] [coop:turn] host recorder: preserve recording scope=1833203800481331:38 turn=1 events=1 seq=1
[log] %cStart Phase: ReturnPhase color:green
[log] [coop:turn] host recorder: preserve recording scope=1833203800481331:38 turn=1 events=1 seq=1
[log] %cStart Phase: ShowTrainerPhase color:green
[log] %cStart Phase: NextEncounterPhase color:green
[log] [coop:interaction] interactionCounter() read -> 44 (role=host)
[log] [coop:replay] host SEND enemyPartySync wave=38 count=2 meType=-1 battleType=1 entryPresentation=-
[log] [coop:transport] send host t=enemyPartySync wave=38 enemies=2 battleType=1
[log] [coop:transport] recv guest t=enemyPartySync wave=38 enemies=2 battleType=1 handlers=1
[log] [coop:turn] host recorder: preserve recording scope=1833203800481331:38 turn=1 events=1 seq=1
[log] %cStart Phase: SummonPhase color:green
[log] [coop:turn] host recorder: preserve recording scope=1833203800481331:38 turn=1 events=1 seq=1
[log] %cStart Phase: SummonPhase color:green
[log] [coop:turn] host recorder: preserve recording scope=1833203800481331:38 turn=1 events=1 seq=1
[log] %cStart Phase: SummonPhase color:green
[log] [coop:turn] host recorder: preserve recording scope=1833203800481331:38 turn=1 events=1 seq=1
[log] %cStart Phase: ToggleDoublePositionPhase color:green
[log] %cStart Phase: SummonPhase color:green
[log] [coop:turn] host recorder: preserve recording scope=1833203800481331:38 turn=1 events=1 seq=1
[log] %cStart Phase: InitEncounterPhase color:green
[log] [coop:turn] host recorder: preserve recording scope=1833203800481331:38 turn=1 events=1 seq=1
[log] %cStart Phase: PostSummonPhase color:green
[log] %cStart Phase: PostSummonPhase color:green
[log] %cStart Phase: PostSummonPhase color:green
[log] %cStart Phase: PostSummonPhase color:green
[log] %cStart Phase: PostSummonPhase color:green
[log] %cStart Phase: ShowAbilityPhase color:green
[log] [coop:turn] host recorder: append turn=1 seq=1 k=showAbility total=2 live=true
[log] %cStart Phase: StatStageChangePhase color:green
[log] [coop:turn] host recorder: append turn=1 seq=2 k=message total=3 live=true
[log] [coop:turn] host recorder: append turn=1 seq=3 k=statStage total=4 live=true
[log] %cStart Phase: MessagePhase color:green
[log] %cStart Phase: HideAbilityPhase color:green
[log] [coop:turn] host recorder: append turn=1 seq=4 k=hideAbility total=5 live=true
[log] %cStart Phase: PostSummonPhase color:green
[log] %cStart Phase: TurnInitPhase color:green
[log] [coop:replay] host SEND enemyPartySync wave=38 count=2 meType=-1 battleType=1 entryPresentation=5
[log] [coop:transport] send host t=enemyPartySync wave=38 enemies=2 battleType=1
[log] [coop:replay] host RE-BROADCAST wave-start authority wave=38 after post-summon boundary stateChanged=true presentation=5 (#920)
[log] [coop:rendezvous] next-command barrier ARRIVE+AWAIT cmd:38:1 slot=0
[log] [coop:rendezvous] ARRIVE point=cmd:38:1 (send) role=host
[log] [coop:transport] send host t=rendezvous point=cmd:38:1
[log] [coop:rendezvous] AWAIT point=cmd:38:1 timeoutMs=2000 -> network-wait role=host
[log] [coop:transport] recv guest t=enemyPartySync wave=38 enemies=2 battleType=1 handlers=1
[log] [coop:transport] recv guest t=rendezvous point=cmd:38:1 handlers=1
[log] [coop:rendezvous] RECV arrival point=cmd:38:1 -> deliver-to-waiter role=host
[log] [coop:transport] send host t=rendezvous point=cmd:38:1
[log] [coop:rendezvous] AWAIT point=cmd:38:1 RESOLVE both-arrived role=host
[log] [coop:durability] host RELEASE contiguous acknowledged authority cls=op:global seq=89
[log] [coop:transport] recv guest t=rendezvous point=cmd:38:1 handlers=1
[log] [coop:transport] send host t=enemyPartySync wave=38 enemies=2 battleType=1
[log] [coop:replay] host RE-BROADCAST wave-start authority wave=38 after post-summon boundary stateChanged=false presentation=5 (#920)
[log] [coop:transport] recv guest t=enemyPartySync wave=38 enemies=2 battleType=1 handlers=1
[log] [coop:interaction] interactionCounter() read -> 44 (role=host)
[log] [coop:checksum] capture digest=c15ebad8f91a6ce8 field=4 biome=5 seed=coop-soak-20260924 weather=0 terrain=0 money=3460 party=[143,445,149,94,376,248] partyLevels=[65,65,65,65,65,65] arenaTags=0 modifiers=7 heldItemsDigest=2 pokeballs=[0:60,1:10,2:0,3:0,4:0] mons=[bi0:sp143/hp289-303/st0/ab12/form0/tera0:0/boss0:0 bi1:sp445/hp235-235/st0/ab8/form0/tera0:15/boss0:0 bi2:sp49/hp80-80/st0/ab5537/form0/tera0:6/boss0:0 bi3:sp423/hp101-101/st0/ab5213/form0/tera0:8/boss0:0]
[log] [coop:interaction] interactionCounter() read -> 44 (role=host)
[log] %cStart Phase: SelectTargetPhase color:green
[log] [coop:owner] broadcast own-slot fi=0 turn=1 role=host cmd=0
[log] [coop:relay] broadcastLocalCommand SEND fieldIndex=0 owner=host turn=1 command=0 cursor=1 moveId=247 targets=[2]
[log] [coop:transport] send host t=command fi=0 owner=host turn=1 cmd=0 cursor=1 move=247
[log] [coop:transport] recv guest t=command fi=0 owner=host turn=1 cmd=0 cursor=1 move=247 handlers=1
[log] [coop:relay] recv command fieldIndex=0 turn=1 command=0 -> BUFFERED (no awaiter yet)
[log] %cStart Phase: CommandPhase color:green
[log] [coop:transport] send host t=enemyPartySync wave=38 enemies=2 battleType=1
[log] [coop:replay] host RE-BROADCAST wave-start authority wave=38 after post-summon boundary stateChanged=false presentation=5 (#920)
[log] [coop:battle] CommandPhase slot=1 turn=1 owner=guest role=host -> partner path
[log] [coop:relay] host requestPartnerCommand SEND fieldIndex=1 turn=1 moveSlots=[0,1,2,3] (awaiting peer)
[log] [coop:transport] send host t=commandRequest fi=1 owner=guest turn=1 slots=4
[log] [coop:transport] recv guest t=enemyPartySync wave=38 enemies=2 battleType=1 handlers=1
[log] [coop:transport] recv guest t=commandRequest fi=1 owner=guest turn=1 slots=4 handlers=1
[log] [coop:relay] peer recv commandRequest fieldIndex=1 owner=guest turn=1 moveSlots=[0,1,2,3] -> reply command=0 cursor=2 moveId=53
[log] [coop:transport] send guest t=command fi=1 owner=guest turn=1 cmd=0 cursor=2 move=53
[log] [coop:transport] recv host t=command fi=1 owner=guest turn=1 cmd=0 cursor=2 move=53 handlers=1
[log] [coop:relay] recv command fieldIndex=1 turn=1 command=0 -> resolved awaiting request
[log] [coop:ai] applyWiredPartnerCommand partner=445 wiredMoveId=53 cursor=2 -> moveId=53 moveIndex=2 tera=false targets=[3] targetsFrom=wire-verbatim useMode=1
[log] %cStart Phase: EnemyCommandPhase color:green
[log] %cStart Phase: EnemyCommandPhase color:green
[log] %cStart Phase: TurnStartPhase color:green
[log] [coop-diag] turn-start authoritative guard mode=authoritative role=host turn=1 diverts=false
[log] [coop:turn] host recorder: preserve recording scope=1833203800481331:38 turn=1 events=7 seq=7
[log] %cStart Phase: MovePhase color:green
[log] [coop:turn] host recorder: append turn=1 seq=7 k=moveUsed total=8 live=true
[log] %cStart Phase: MessagePhase color:green
[log] %cStart Phase: MoveEffectPhase color:green
[log] [coop:turn] host recorder: append turn=1 seq=8 k=moveAnim total=9 live=true
[log] [coop:turn] host recorder: append turn=1 seq=9 k=hp total=10 live=true
[log] [coop:turn] host recorder: append turn=1 seq=10 k=message total=11 live=true
[log] %cStart Phase: DamageAnimPhase color:green
[log] %cStart Phase: MessagePhase color:green
[log] %cStart Phase: MoveEndPhase color:green
[log] %cStart Phase: MovePhase color:green
[log] [coop:turn] host recorder: append turn=1 seq=11 k=moveUsed total=12 live=true
[log] %cStart Phase: MessagePhase color:green
[log] %cStart Phase: MoveEffectPhase color:green
[log] [coop:turn] host recorder: append turn=1 seq=12 k=moveAnim total=13 live=true
[log] [coop:turn] host recorder: append turn=1 seq=13 k=hp total=14 live=true
[log] %cStart Phase: DamageAnimPhase color:green
[log] %cStart Phase: StatStageChangePhase color:green
[log] [coop:turn] host recorder: append turn=1 seq=14 k=message total=15 live=true
[log] [coop:turn] host recorder: append turn=1 seq=15 k=statStage total=16 live=true
[log] %cStart Phase: MessagePhase color:green
[log] %cStart Phase: MoveEndPhase color:green
[log] %cStart Phase: MovePhase color:green
[log] [coop:turn] host recorder: append turn=1 seq=16 k=moveUsed total=17 live=true
[log] %cStart Phase: MessagePhase color:green
[log] %cStart Phase: MoveEffectPhase color:green
[log] [coop:turn] host recorder: append turn=1 seq=17 k=moveAnim total=18 live=true
[log] [coop:turn] host recorder: append turn=1 seq=18 k=hp total=19 live=true
[log] [coop:turn] host recorder: append turn=1 seq=19 k=faint total=20 live=true
[log] %cStart Phase: DamageAnimPhase color:green
[log] %cStart Phase: FaintPhase color:green
[log] %cStart Phase: MessagePhase color:green
[log] %cStart Phase: VictoryPhase color:green
[log] [coop:progression] HOST applyPartyExp COMPUTE wave=38 expValue=822.6 koMon=Venomoth
[log] %cStart Phase: MoveEndPhase color:green
[log] %cStart Phase: MovePhase color:green
[log] [coop:turn] host recorder: append turn=1 seq=20 k=moveUsed total=21 live=true
[log] %cStart Phase: MessagePhase color:green
[log] %cStart Phase: MoveEffectPhase color:green
[log] [coop:turn] host recorder: append turn=1 seq=21 k=moveAnim total=22 live=true
[log] [coop:turn] host recorder: append turn=1 seq=22 k=hp total=23 live=true
[log] %cStart Phase: DamageAnimPhase color:green
[log] %cStart Phase: MoveEndPhase color:green
[log] %cStart Phase: CheckInterludePhase color:green
[log] %cStart Phase: WeatherEffectPhase color:green
[log] %cStart Phase: PositionalTagPhase color:green
[log] %cStart Phase: BerryPhase color:green
[log] %cStart Phase: CheckStatusEffectPhase color:green
[log] %cStart Phase: TurnEndPhase color:green
[log] %cStart Phase: ShowAbilityPhase color:green
[log] [coop:turn] host recorder: append turn=1 seq=23 k=showAbility total=24 live=true
[log] %cStart Phase: PokemonHealPhase color:green
[log] [coop:turn] host recorder: append turn=1 seq=24 k=hp total=25 live=true
[log] [coop:turn] host recorder: append turn=1 seq=25 k=message total=26 live=true
[log] %cStart Phase: MessagePhase color:green
[log] %cStart Phase: HideAbilityPhase color:green
[log] [coop:turn] host recorder: append turn=1 seq=26 k=hideAbility total=27 live=true
[log] %cStart Phase: CoopTurnCommitPhase color:green
[log] [coop:turn] host recorder: finalize turn=1 events=27 seq=27
[log] [coop:checkpoint] build field=4 weather=0/0 terrain=0/0 arenaTags=0 money=3460 mons=[bi0:sp143/hp289-303/st0/fnt0 bi1:sp445/hp207-235/st0/fnt0 bi2:sp49/hp0-80/st7/fnt1 bi3:sp423/hp59-101/st0/fnt0]
[log] [coop:checkpoint] host capture field=4 weather=0 terrain=0 money=3460 arenaTags=0 mons=[bi0:sp143/hp289-303/st0/fnt0 bi1:sp445/hp207-235/st0/fnt0 bi2:sp49/hp0-80/st7/fnt1 bi3:sp423/hp59-101/st0/fnt0]
[log] [coop:interaction] interactionCounter() read -> 44 (role=host)
[log] [coop:replay] host SEND turnResolution e=1833203800481331 wave=38 turn=1 rev=401 events=27 checksum=bdbf7f71ce327aee
[log] [coop:transport] send host t=turnResolution e=1833203800481331 wave=38 turn=1 rev=401 events=27 checksum=bdbf7f71ce327aee
[warn] [coop:v2-shadow] FAULT tap(TURN_COMMIT): AuthorityLog.commit: TURN_COMMIT is not authorized by predecessor control after WSHADOW/ADV/w1
[log] [coop:transport] recv guest t=turnResolution e=1833203800481331 wave=38 turn=1 rev=401 events=27 checksum=bdbf7f71ce327aee handlers=1
[log] [38;2;255;127;80mPhaseInterceptor.to: Stopping on completion of CoopTurnCommitPhase[39m
[log] %cStart Phase: TurnInitPhase color:green
[log] [coop:rendezvous] ARRIVE point=cmd:38:2 (send) role=host
[log] [coop:transport] send host t=rendezvous point=cmd:38:2
[log] [coop:rendezvous] next-command barrier cmd:38:2 SYNC pass (partner already arrived)
[log] [coop:transport] recv guest t=rendezvous point=cmd:38:2 handlers=1
[log] [coop:stream] host ACCEPT turn ACK stage=continuationReady key=1833203800481331:38:1:401
[log] [coop:stream] host RELEASE retained turn after continuationReady key=1833203800481331:38:1:401
[log] [coop:relay] broadcastLocalCommand SEND fieldIndex=0 owner=host turn=2 command=2 cursor=2 moveId=- targets=[]
[log] [coop:transport] send host t=command fi=0 owner=host turn=2 cmd=2 cursor=2 move=-
[log] [coop:transport] recv guest t=command fi=0 owner=host turn=2 cmd=2 cursor=2 move=- handlers=1
[log] [coop:relay] recv command fieldIndex=0 turn=2 command=2 -> BUFFERED (no awaiter yet)
[log] %cStart Phase: CommandPhase color:green
[log] [coop:battle] CommandPhase slot=1 turn=2 owner=guest role=host -> partner path
[log] [coop:relay] host requestPartnerCommand SEND fieldIndex=1 turn=2 moveSlots=[0,1,2,3] (awaiting peer)
[log] [coop:transport] send host t=commandRequest fi=1 owner=guest turn=2 slots=4
[log] [coop:transport] recv guest t=commandRequest fi=1 owner=guest turn=2 slots=4 handlers=1
[log] [coop:relay] peer recv commandRequest fieldIndex=1 owner=guest turn=2 moveSlots=[0,1,2,3] -> reply command=2 cursor=3 moveId=-
[log] [coop:transport] send guest t=command fi=1 owner=guest turn=2 cmd=2 cursor=3 move=-
[log] [coop:transport] recv host t=command fi=1 owner=guest turn=2 cmd=2 cursor=3 move=- handlers=1
[log] [coop:relay] recv command fieldIndex=1 turn=2 command=2 -> resolved awaiting request
[log] %cStart Phase: EnemyCommandPhase color:green
[log] %cStart Phase: TurnStartPhase color:green
[log] [coop-diag] turn-start authoritative guard mode=authoritative role=host turn=2 diverts=false
[log] [coop:turn] host recorder: begin turn=2 scope=1833203800481331:38 (no prior open recording)
[log] %cStart Phase: SwitchSummonPhase color:green
[log] [coop:turn] host recorder: preserve recording scope=1833203800481331:38 turn=2 events=0 seq=0
[log] [coop:turn] host recorder: append turn=2 seq=0 k=switch total=1 live=true
[log] %cStart Phase: PostSummonPhase color:green
[log] %cStart Phase: PostSummonPhase color:green
[log] %cStart Phase: ShowAbilityPhase color:green
[log] [coop:turn] host recorder: append turn=2 seq=1 k=showAbility total=2 live=true
[log] %cStart Phase: StatStageChangePhase color:green
[log] [coop:turn] host recorder: append turn=2 seq=2 k=message total=3 live=true
[log] [coop:turn] host recorder: append turn=2 seq=3 k=statStage total=4 live=true
[log] %cStart Phase: MessagePhase color:green
[log] %cStart Phase: HideAbilityPhase color:green
[log] [coop:turn] host recorder: append turn=2 seq=4 k=hideAbility total=5 live=true
[log] %cStart Phase: SwitchSummonPhase color:green
[log] [coop:turn] host recorder: preserve recording scope=1833203800481331:38 turn=2 events=5 seq=5
[log] [coop:turn] host recorder: append turn=2 seq=5 k=switch total=6 live=true
[log] %cStart Phase: PostSummonPhase color:green
[log] %cStart Phase: MovePhase color:green
[log] [coop:turn] host recorder: append turn=2 seq=6 k=moveUsed total=7 live=true
[log] %cStart Phase: MessagePhase color:green
[log] %cStart Phase: MoveEffectPhase color:green
[log] [coop:turn] host recorder: append turn=2 seq=7 k=moveAnim total=8 live=true
[log] [coop:turn] host recorder: append turn=2 seq=8 k=hp total=9 live=true
[log] %cStart Phase: DamageAnimPhase color:green
[log] %cStart Phase: MoveEndPhase color:green
[log] %cStart Phase: CheckInterludePhase color:green
[log] %cStart Phase: WeatherEffectPhase color:green
[log] %cStart Phase: PositionalTagPhase color:green
[log] %cStart Phase: BerryPhase color:green
[log] %cStart Phase: CheckStatusEffectPhase color:green
[log] %cStart Phase: TurnEndPhase color:green
[log] %cStart Phase: ShowAbilityPhase color:green
[log] [coop:turn] host recorder: append turn=2 seq=9 k=showAbility total=10 live=true
[log] %cStart Phase: PokemonHealPhase color:green
[log] [coop:turn] host recorder: append turn=2 seq=10 k=hp total=11 live=true
[log] [coop:turn] host recorder: append turn=2 seq=11 k=message total=12 live=true
[log] %cStart Phase: MessagePhase color:green
[log] %cStart Phase: HideAbilityPhase color:green
[log] [coop:turn] host recorder: append turn=2 seq=12 k=hideAbility total=13 live=true
[log] %cStart Phase: CoopTurnCommitPhase color:green
[log] [coop:turn] host recorder: finalize turn=2 events=13 seq=13
[log] [coop:checkpoint] build field=4 weather=0/0 terrain=0/0 arenaTags=0 money=3460 mons=[bi0:sp149/hp213-213/st0/fnt0 bi1:sp94/hp123-179/st3/fnt0 bi2:sp49/hp0-80/st7/fnt1 bi3:sp423/hp65-101/st0/fnt0]
[log] [coop:checkpoint] host capture field=4 weather=0 terrain=0 money=3460 arenaTags=0 mons=[bi0:sp149/hp213-213/st0/fnt0 bi1:sp94/hp123-179/st3/fnt0 bi2:sp49/hp0-80/st7/fnt1 bi3:sp423/hp65-101/st0/fnt0]
[log] [coop:interaction] interactionCounter() read -> 44 (role=host)
[log] [coop:replay] host SEND turnResolution e=1833203800481331 wave=38 turn=2 rev=404 events=13 checksum=aab9381c768830a6
[log] [coop:transport] send host t=turnResolution e=1833203800481331 wave=38 turn=2 rev=404 events=13 checksum=aab9381c768830a6
[warn] [coop:v2-shadow] FAULT tap(TURN_COMMIT): AuthorityLog.commit: TURN_COMMIT is not authorized by predecessor control after WSHADOW/ADV/w1
[log] [coop:transport] recv guest t=turnResolution e=1833203800481331 wave=38 turn=2 rev=404 events=13 checksum=aab9381c768830a6 handlers=1
[log] [38;2;255;127;80mPhaseInterceptor.to: Stopping on completion of CoopTurnCommitPhase[39m
[log] %cStart Phase: TurnInitPhase color:green
[log] [coop:rendezvous] ARRIVE point=cmd:38:3 (send) role=host
[log] [coop:transport] send host t=rendezvous point=cmd:38:3
[log] [coop:rendezvous] next-command barrier cmd:38:3 SYNC pass (partner already arrived)
[log] [coop:transport] recv guest t=rendezvous point=cmd:38:3 handlers=1
[log] [coop:stream] host ACCEPT turn ACK stage=continuationReady key=1833203800481331:38:2:404
[log] [coop:stream] host RELEASE retained turn after continuationReady key=1833203800481331:38:2:404
[log] %cStart Phase: SelectTargetPhase color:green
[log] [coop:owner] broadcast own-slot fi=0 turn=3 role=host cmd=0
[log] [coop:relay] broadcastLocalCommand SEND fieldIndex=0 owner=host turn=3 command=0 cursor=2 moveId=53 targets=[3]
[log] [coop:transport] send host t=command fi=0 owner=host turn=3 cmd=0 cursor=2 move=53
[log] [coop:transport] recv guest t=command fi=0 owner=host turn=3 cmd=0 cursor=2 move=53 handlers=1
[log] [coop:relay] recv command fieldIndex=0 turn=3 command=0 -> BUFFERED (no awaiter yet)
[log] %cStart Phase: CommandPhase color:green
[log] [coop:battle] CommandPhase slot=1 turn=3 owner=guest role=host -> partner path
[log] [coop:relay] host requestPartnerCommand SEND fieldIndex=1 turn=3 moveSlots=[0,1,2,3] (awaiting peer)
[log] [coop:transport] send host t=commandRequest fi=1 owner=guest turn=3 slots=4
[log] [coop:transport] recv guest t=commandRequest fi=1 owner=guest turn=3 slots=4 handlers=1
[log] [coop:relay] peer recv commandRequest fieldIndex=1 owner=guest turn=3 moveSlots=[0,1,2,3] -> reply command=0 cursor=2 moveId=53
[log] [coop:transport] send guest t=command fi=1 owner=guest turn=3 cmd=0 cursor=2 move=53
[log] [coop:transport] recv host t=command fi=1 owner=guest turn=3 cmd=0 cursor=2 move=53 handlers=1
[log] [coop:relay] recv command fieldIndex=1 turn=3 command=0 -> resolved awaiting request
[log] [coop:ai] applyWiredPartnerCommand partner=94 wiredMoveId=53 cursor=2 -> moveId=53 moveIndex=2 tera=false targets=[3] targetsFrom=wire-verbatim useMode=1
[log] %cStart Phase: EnemyCommandPhase color:green
[log] %cStart Phase: TurnStartPhase color:green
[log] [coop-diag] turn-start authoritative guard mode=authoritative role=host turn=3 diverts=false
[log] [coop:turn] host recorder: begin turn=3 scope=1833203800481331:38 (no prior open recording)
[log] %cStart Phase: MovePhase color:green
[log] [coop:turn] host recorder: append turn=3 seq=0 k=moveUsed total=1 live=true
[log] %cStart Phase: MessagePhase color:green
[log] %cStart Phase: MoveEffectPhase color:green
[log] [coop:turn] host recorder: append turn=3 seq=1 k=moveAnim total=2 live=true
[log] [coop:turn] host recorder: append turn=3 seq=2 k=hp total=3 live=true
[log] [coop:turn] host recorder: append turn=3 seq=3 k=message total=4 live=true
[log] %cStart Phase: DamageAnimPhase color:green
[log] %cStart Phase: MessagePhase color:green
[log] %cStart Phase: MoveEndPhase color:green
[log] %cStart Phase: MovePhase color:green
[log] [coop:turn] host recorder: append turn=3 seq=4 k=moveUsed total=5 live=true
[log] %cStart Phase: MessagePhase color:green
[log] %cStart Phase: MoveEffectPhase color:green
[log] [coop:turn] host recorder: append turn=3 seq=5 k=moveAnim total=6 live=true
[log] [coop:turn] host recorder: append turn=3 seq=6 k=hp total=7 live=true
[log] [coop:turn] host recorder: append turn=3 seq=7 k=faint total=8 live=true
[log] [coop:turn] host recorder: append turn=3 seq=8 k=message total=9 live=true
[log] %cStart Phase: DamageAnimPhase color:green
[log] %cStart Phase: MessagePhase color:green
[log] %cStart Phase: FaintPhase color:green
[log] %cStart Phase: MessagePhase color:green
[log] %cStart Phase: VictoryPhase color:green
[log] [coop:progression] HOST applyPartyExp COMPUTE wave=38 expValue=864.2 koMon=Gastrodon
[warn] [coop:v2-shadow] FAULT tap(WAVE_ADVANCE): AuthorityLog.commit: WAVE_ADVANCE is not authorized by predecessor control after WSHADOW/ADV/w1
[log] [coop:runtime] defer raw waveResolved wave=38 outcome=win until its material turnResolution is retained
[log] [coop-diag] VictoryPhase win-branch role=host battleType=TRAINER queuesTrainerVictory=true queuesSelectModifier=true wave=38
[log] [coop-diag] VictoryTail role=host wave=38 source=legacy-local trainer=true egg=true biomeShop=false biomeChange=false crossroads=false nextWave=39
[log] %cStart Phase: MoveEndPhase color:green
[log] %cStart Phase: MovePhase color:green
[log] %cStart Phase: MoveEndPhase color:green
[log] %cStart Phase: CheckInterludePhase color:green
[log] %cStart Phase: WeatherEffectPhase color:green
[log] %cStart Phase: PositionalTagPhase color:green
[log] %cStart Phase: BerryPhase color:green
[log] %cStart Phase: CheckStatusEffectPhase color:green
[log] %cStart Phase: TurnEndPhase color:green
[log] %cStart Phase: CoopTurnCommitPhase color:green
[log] [coop:turn] host recorder: finalize turn=3 events=9 seq=9
[log] [coop:checkpoint] build field=4 weather=0/0 terrain=0/0 arenaTags=0 money=3460 mons=[bi0:sp149/hp213-213/st0/fnt0 bi1:sp94/hp123-179/st3/fnt0 bi2:sp49/hp0-80/st7/fnt1 bi3:sp423/hp0-101/st7/fnt1]
[log] [coop:checkpoint] host capture field=4 weather=0 terrain=0 money=3460 arenaTags=0 mons=[bi0:sp149/hp213-213/st0/fnt0 bi1:sp94/hp123-179/st3/fnt0 bi2:sp49/hp0-80/st7/fnt1 bi3:sp423/hp0-101/st7/fnt1]
[log] [coop:interaction] interactionCounter() read -> 44 (role=host)
[log] [coop:replay] host SEND turnResolution e=1833203800481331 wave=38 turn=3 rev=407 events=9 checksum=3d50ad16a1ae4589
[log] [coop:transport] send host t=turnResolution e=1833203800481331 wave=38 turn=3 rev=407 events=9 checksum=3d50ad16a1ae4589
[warn] [coop:v2-shadow] FAULT tap(TURN_COMMIT): AuthorityLog.commit: TURN_COMMIT is not authorized by predecessor control after WSHADOW/ADV/w1
[log] [coop:runtime] send waveResolved wave=38 outcome=win (host)
[log] [coop:replay] host SEND waveResolved wave=38 outcome=win transition=WAVE_VICTORY/next39/biome0/egg1/trainer
[log] [coop:transport] send host t=waveResolved wave=38 outcome=win captureParty=- cap=-
[log] [coop:transport] recv guest t=turnResolution e=1833203800481331 wave=38 turn=3 rev=407 events=9 checksum=3d50ad16a1ae4589 handlers=1
[log] [coop:transport] recv guest t=waveResolved wave=38 outcome=win captureParty=- cap=- handlers=1
[log] [38;2;255;127;80mPhaseInterceptor.to: Stopping on completion of CoopTurnCommitPhase[39m
[log] %cStart Phase: BattleEndPhase color:green
[log] [coop:progression] HOST automatic victory settlement deferred wave=38 sourceTurn=3 settlementTurn=4
[log] %cStart Phase: TrainerVictoryPhase color:green
[log] [coop:progression] coopVictoryDialogue DECISION isCoop=true -> SKIP (constant 0 awaits, lockstep-safe)
[log] [coop:renderer] trainer victory presentation settled sourceWave=38
[log] %cStart Phase: MoneyRewardPhase color:green
[log] %cStart Phase: ModifierRewardPhase color:green
[log] %cStart Phase: EggLapsePhase color:green
[log] %cStart Phase: CoopVictorySealPhase color:green
[log] [coop:transport] send host t=envelope t=envelope
[log] [coop:runtime] wave-advance op HOST commit wave=38 outcome=win next=WAVE_VICTORY rev=90 id=1833203800481331:0:WAVE_ADVANCE:38 (Wave-2f)
[log] [coop:runtime] settled WAVE_ADVANCE committed wave=38 tick=408 next=WAVE_VICTORY/wave39
[log] [coop:runtime] send waveEndState wave=38 tick=408 (host)
[log] [coop:replay] host SEND waveEndState wave=38 tick=408 party=6
[log] [coop:transport] send host t=waveEndState t=waveEndState
[log] [coop:progression] HOST automatic victory settlement sealed wave=38 sourceTurn=3 settlementTurn=4 tick=408
[log] [coop:transport] recv guest t=envelope t=envelope handlers=1
[log] [coop:transport] recv guest t=waveEndState t=waveEndState handlers=1
[log] [coop:interaction] interactionCounter() read -> 44 (role=host)
[log] [coop:owner] ownerOf(counter=44) seat=0 -> owner=host
[log] [coop:owner] isLocalOwnerAtCounter(pinnedCounter=44) parity=0 owner=host role=host -> true
[log] [coop:interaction] interactionCounter() read -> 44 (role=host)
[log] [coop:reward] owner/watcher decision: pinnedStart=44 liveCounter=44 parity=0 role=host pick=OWNER option=ROLL spoof=false
[log] [coop:shop] serializeRewardOptions count=3 ids=[POTION,FULL_HEAL,POKEBALL] tiers=[0,1,0]
[log] [coop:reward] OWNER streams reward options (start=44 reroll=0 count=3 ids=[POTION,FULL_HEAL,POKEBALL])
[log] [coop:relay] SEND rewardOptions seq=44 reroll=0 count=3 ids=[POTION,FULL_HEAL,POKEBALL]
[log] [coop:transport] send host t=rewardOptions seq=44 reroll=0 options=3
[log] [coop:rendezvous] ARRIVE point=shop:38:44 (send) role=host
[log] [coop:transport] send host t=rendezvous point=shop:38:44
[log] [coop:reward] OWNER drives reward screen (start=44 role=host spoof=false adoptsOptions=false wave=38)
[log] [coop:rendezvous] shop-pick-commit barrier AWAIT shop:38:44
[log] [coop:rendezvous] AWAIT point=shop:38:44 timeoutMs=2000 -> network-wait role=host
[log] [coop:transport] recv guest t=rewardOptions seq=44 reroll=0 options=3 handlers=1
[log] [coop:transport] recv guest t=rendezvous point=shop:38:44 handlers=1
[log] [coop:durability] operation delivery RETRY key=op:global:90:1833203800481331:38:4:1833203800481331:0:WAVE_ADVANCE:38 attempt=1/8
[log] [coop:transport] send host t=envelope t=envelope
[log] [coop:interaction] interactionCounter() read -> 44 (role=host)
[log] [coop:checksum] capture digest=ada7d4ef1c7c4a67 field=4 biome=5 seed=coop-soak-20260924 weather=0 terrain=0 money=4000 party=[149,94,143,445,376,248] partyLevels=[65,65,65,65,65,65] arenaTags=0 modifiers=6 heldItemsDigest=0 pokeballs=[0:60,1:10,2:0,3:0,4:0] mons=[bi0:sp149/hp213-213/st0/ab263/form0/tera0:15/boss0:0 bi1:sp94/hp123-179/st3/ab5067/form0/tera0:7/boss0:0 bi2:sp49/hp0-80/st7/ab5537/form0/tera0:6/boss0:0 bi3:sp423/hp0-101/st7/ab5213/form0/tera0:8/boss0:0]
[log] [coop:rendezvous] RECV arrival point=shop:38:44 -> deliver-to-waiter role=host
[log] [coop:transport] send host t=rendezvous point=shop:38:44
[log] [coop:rendezvous] AWAIT point=shop:38:44 RESOLVE both-arrived role=host
[log] [coop:stream] host ACCEPT turn ACK stage=continuationReady key=1833203800481331:38:3:407
[log] [coop:stream] host RELEASE retained turn after continuationReady key=1833203800481331:38:3:407
[log] [coop:durability] host RELEASE contiguous acknowledged authority cls=op:global seq=90
[log] [coop:transport] recv guest t=rendezvous point=shop:38:44 handlers=1
[log] [coop:interaction] mirror begin role=owner mirrorSeq=2816 interactionStart=44 reroll=0
[log] [coop:interaction] uiMirror beginSession role=owner mode=6 seq=2816 early=0
[log] [coop:owner] ownerOf(counter=44) seat=0 -> owner=host
[log] [coop:owner] isLocalOwnerAtCounter(pinnedCounter=44) parity=0 owner=host role=host -> true
[log] [coop:relay] OWNER prepare seq=44 kind=skip choice=-1 data=[] role=host
[log] [coop:reward] reward op INTENT prepared label=skip id=1833203800481331:0:REWARD:4400000
[log] [coop:shop] serializeRewardOptions count=3 ids=[POTION,FULL_HEAL,POKEBALL] tiers=[0,1,0]
[log] [coop:transport] send host t=envelope t=envelope
[log] [coop:reward] reward authoritative RESULT retained rev=91 tick=409 id=1833203800481331:0:REWARD:4400000
[log] [coop:reward] OWNER retained terminal before continuation seq=44 id=1833203800481331:0:REWARD:4400000
[log] [coop:transport] recv guest t=envelope t=envelope handlers=1
[log] [coop:interaction] RECV interaction broadcast (deferred catch-up net) received=45 localBefore=44 role=host -> WILL DEFER to 45 (folds in at next advance if still ahead)
[warn] [coop:interaction] CoopInteractionTurn.mergeRemote DEFER (remote=45, counter=44, pendingRemote=45) live counter UNCHANGED (folds in at next advance if still ahead)
[log] [coop:owner] ownerOf(counter=44) seat=0 -> owner=host
[log] [coop:owner] ownerOf(counter=44) seat=0 -> owner=host
[log] [coop:reward] OWNER peer material applied; release terminal engine barrier seq=44 id=1833203800481331:0:REWARD:4400000
[log] [coop:interaction] interactionCounter() read -> 44 (role=host)
[log] [coop:interaction] CoopInteractionTurn.advance INCREMENT (fromCounter=44) counter 44 -> 45
[log] [coop:interaction] advanceInteraction ADVANCED+BROADCAST (fromCounter=44) counter 44 -> 45 role=host; send interaction screen=__turn__ choice=45
[log] [coop:interaction] SEND counter snapshot reason=advance choice=45 role=host
[log] [coop:transport] send host t=interaction screen=__turn__
[log] [coop:owner] ownerOf(counter=45) seat=1 -> owner=guest
[log] [coop:owner] ownerOf(counter=45) seat=1 -> owner=guest
[log] [coop:interaction] interactionCounter() read -> 45 (role=host)
[log] [coop:reward] advance interaction (role=host from=44 counter 44 -> 45)
[log] [coop:transport] recv guest t=interaction screen=__turn__ handlers=1
[log] %cStart Phase: NewBattlePhase color:green
[log] [coop:turn] host recorder: begin deferred transition turn=1 scope=1833203800481331:39
[log] %cStart Phase: CoopPartnerSyncPhase color:green
[log] [coop:interaction] interactionCounter() read -> 45 (role=host)
[log] %cStart Phase: NextEncounterPhase color:green
[log] [coop:interaction] interactionCounter() read -> 45 (role=host)
[log] [coop:replay] host SEND enemyPartySync wave=39 count=2 meType=-1 battleType=0 entryPresentation=-
[log] [coop:transport] send host t=enemyPartySync wave=39 enemies=2 battleType=0
[log] [coop:turn] host recorder: preserve recording scope=1833203800481331:39 turn=1 events=0 seq=0
[log] [coop:transport] recv guest t=enemyPartySync wave=39 enemies=2 battleType=0 handlers=1
[log] %cStart Phase: ToggleDoublePositionPhase color:green
[log] %cStart Phase: CheckSwitchPhase color:green
[log] %cStart Phase: CheckSwitchPhase color:green
[log] %cStart Phase: InitEncounterPhase color:green
[log] [coop:turn] host recorder: preserve recording scope=1833203800481331:39 turn=1 events=0 seq=0
[log] %cStart Phase: PostSummonPhase color:green
[log] %cStart Phase: PostSummonPhase color:green
[log] %cStart Phase: ShowAbilityPhase color:green
[log] [coop:turn] host recorder: append turn=1 seq=0 k=showAbility total=1 live=true
[log] %cStart Phase: HideAbilityPhase color:green
[log] [coop:turn] host recorder: append turn=1 seq=1 k=hideAbility total=2 live=true
[log] %cStart Phase: PostSummonPhase color:green
[log] %cStart Phase: TurnInitPhase color:green
[log] [coop:replay] host SEND enemyPartySync wave=39 count=2 meType=-1 battleType=0 entryPresentation=2
[log] [coop:transport] send host t=enemyPartySync wave=39 enemies=2 battleType=0
[log] [coop:replay] host RE-BROADCAST wave-start authority wave=39 after post-summon boundary stateChanged=true presentation=2 (#920)
[log] [coop:rendezvous] next-command barrier ARRIVE+AWAIT cmd:39:1 slot=0
[log] [coop:rendezvous] ARRIVE point=cmd:39:1 (send) role=host
[log] [coop:transport] send host t=rendezvous point=cmd:39:1
[log] [coop:rendezvous] AWAIT point=cmd:39:1 timeoutMs=2000 -> network-wait role=host
[log] [coop:transport] recv guest t=enemyPartySync wave=39 enemies=2 battleType=0 handlers=1
[log] [coop:transport] recv guest t=rendezvous point=cmd:39:1 handlers=1
[log] [coop:rendezvous] RECV arrival point=cmd:39:1 -> deliver-to-waiter role=host
[log] [coop:transport] send host t=rendezvous point=cmd:39:1
[log] [coop:rendezvous] AWAIT point=cmd:39:1 RESOLVE both-arrived role=host
[log] [coop:durability] host RELEASE contiguous acknowledged authority cls=op:global seq=91
[log] [coop:transport] recv guest t=rendezvous point=cmd:39:1 handlers=1
[log] [coop:transport] send host t=enemyPartySync wave=39 enemies=2 battleType=0
[log] [coop:replay] host RE-BROADCAST wave-start authority wave=39 after post-summon boundary stateChanged=false presentation=2 (#920)
[log] [coop:transport] recv guest t=enemyPartySync wave=39 enemies=2 battleType=0 handlers=1
[log] [coop:interaction] interactionCounter() read -> 45 (role=host)
[log] [coop:checksum] capture digest=788a3cf6f3c59eea field=4 biome=5 seed=coop-soak-20260924 weather=0 terrain=0 money=4000 party=[149,94,143,445,376,248] partyLevels=[65,65,65,65,65,65] arenaTags=0 modifiers=6 heldItemsDigest=0 pokeballs=[0:60,1:10,2:0,3:0,4:0] mons=[bi0:sp149/hp213-213/st0/ab263/form0/tera0:15/boss0:0 bi1:sp94/hp123-179/st3/ab5067/form0/tera0:7/boss0:0 bi2:sp204/hp65-65/st0/ab5/form0/tera0:6/boss0:0 bi3:sp286/hp72-72/st0/ab90/form0/tera0:1/boss0:0]
[log] [coop:interaction] interactionCounter() read -> 45 (role=host)
[log] [coop:relay] broadcastLocalCommand SEND fieldIndex=0 owner=host turn=1 command=2 cursor=2 moveId=- targets=[]
[log] [coop:transport] send host t=command fi=0 owner=host turn=1 cmd=2 cursor=2 move=-
[log] [coop:transport] recv guest t=command fi=0 owner=host turn=1 cmd=2 cursor=2 move=- handlers=1
[log] [coop:relay] recv command fieldIndex=0 turn=1 command=2 -> BUFFERED (no awaiter yet)
[log] %cStart Phase: CommandPhase color:green
[log] [coop:transport] send host t=enemyPartySync wave=39 enemies=2 battleType=0
[log] [coop:replay] host RE-BROADCAST wave-start authority wave=39 after post-summon boundary stateChanged=false presentation=2 (#920)
[log] [coop:battle] CommandPhase slot=1 turn=1 owner=guest role=host -> partner path
[log] [coop:relay] host requestPartnerCommand SEND fieldIndex=1 turn=1 moveSlots=[0,1,2,3] (awaiting peer)
[log] [coop:transport] send host t=commandRequest fi=1 owner=guest turn=1 slots=4
[log] [coop:transport] recv guest t=enemyPartySync wave=39 enemies=2 battleType=0 handlers=1
[log] [coop:transport] recv guest t=commandRequest fi=1 owner=guest turn=1 slots=4 handlers=1
[log] [coop:relay] peer recv commandRequest fieldIndex=1 owner=guest turn=1 moveSlots=[0,1,2,3] -> reply command=2 cursor=3 moveId=-
[log] [coop:transport] send guest t=command fi=1 owner=guest turn=1 cmd=2 cursor=3 move=-
[log] [coop:transport] recv host t=command fi=1 owner=guest turn=1 cmd=2 cursor=3 move=- handlers=1
[log] [coop:relay] recv command fieldIndex=1 turn=1 command=2 -> resolved awaiting request
[log] %cStart Phase: EnemyCommandPhase color:green
[log] %cStart Phase: EnemyCommandPhase color:green
[log] %cStart Phase: TurnStartPhase color:green
[log] [coop-diag] turn-start authoritative guard mode=authoritative role=host turn=1 diverts=false
[log] [coop:turn] host recorder: preserve recording scope=1833203800481331:39 turn=1 events=2 seq=2
[log] %cStart Phase: SwitchSummonPhase color:green
[log] [coop:turn] host recorder: preserve recording scope=1833203800481331:39 turn=1 events=2 seq=2
[log] [coop:turn] host recorder: append turn=1 seq=2 k=switch total=3 live=true
[log] %cStart Phase: PostSummonPhase color:green
[log] %cStart Phase: PostSummonPhase color:green
[log] %cStart Phase: SwitchSummonPhase color:green
[log] [coop:turn] host recorder: preserve recording scope=1833203800481331:39 turn=1 events=3 seq=3
[log] [coop:turn] host recorder: append turn=1 seq=3 k=switch total=4 live=true
[log] %cStart Phase: PostSummonPhase color:green
[log] %cStart Phase: MovePhase color:green
[log] [coop:turn] host recorder: append turn=1 seq=4 k=moveUsed total=5 live=true
[log] %cStart Phase: MessagePhase color:green
[log] %cStart Phase: MoveEffectPhase color:green
[log] [coop:turn] host recorder: append turn=1 seq=5 k=moveAnim total=6 live=true
[log] [coop:turn] host recorder: append turn=1 seq=6 k=hp total=7 live=true
[log] %cStart Phase: DamageAnimPhase color:green
[log] %cStart Phase: MoveEndPhase color:green
[log] %cStart Phase: MovePhase color:green
[log] [coop:turn] host recorder: append turn=1 seq=7 k=moveUsed total=8 live=true
[log] %cStart Phase: MessagePhase color:green
[log] %cStart Phase: MoveEffectPhase color:green
[log] [coop:turn] host recorder: append turn=1 seq=8 k=moveAnim total=9 live=true
[log] [coop:turn] host recorder: append turn=1 seq=9 k=message total=10 live=true
[log] %cStart Phase: MessagePhase color:green
[log] %cStart Phase: MoveEndPhase color:green
[log] %cStart Phase: CheckInterludePhase color:green
[log] %cStart Phase: WeatherEffectPhase color:green
[log] %cStart Phase: PositionalTagPhase color:green
[log] %cStart Phase: BerryPhase color:green
[log] %cStart Phase: CheckStatusEffectPhase color:green
[log] %cStart Phase: TurnEndPhase color:green
[log] %cStart Phase: CoopTurnCommitPhase color:green
[log] [coop:turn] host recorder: finalize turn=1 events=10 seq=10
[log] [coop:checkpoint] build field=4 weather=0/0 terrain=0/0 arenaTags=1 money=4000 mons=[bi0:sp143/hp289-303/st0/fnt0 bi1:sp445/hp195-235/st0/fnt0 bi2:sp204/hp65-65/st0/fnt0 bi3:sp286/hp72-72/st0/fnt0]
[log] [coop:checkpoint] host capture field=4 weather=0 terrain=0 money=4000 arenaTags=1 mons=[bi0:sp143/hp289-303/st0/fnt0 bi1:sp445/hp195-235/st0/fnt0 bi2:sp204/hp65-65/st0/fnt0 bi3:sp286/hp72-72/st0/fnt0]
[log] [coop:interaction] interactionCounter() read -> 45 (role=host)
[log] [coop:replay] host SEND turnResolution e=1833203800481331 wave=39 turn=1 rev=416 events=10 checksum=7276214ed14f5ad3
[log] [coop:transport] send host t=turnResolution e=1833203800481331 wave=39 turn=1 rev=416 events=10 checksum=7276214ed14f5ad3
[warn] [coop:v2-shadow] FAULT tap(TURN_COMMIT): AuthorityLog.commit: TURN_COMMIT is not authorized by predecessor control after WSHADOW/ADV/w1
[log] [coop:transport] recv guest t=turnResolution e=1833203800481331 wave=39 turn=1 rev=416 events=10 checksum=7276214ed14f5ad3 handlers=1
[log] [38;2;255;127;80mPhaseInterceptor.to: Stopping on completion of CoopTurnCommitPhase[39m
[log] %cStart Phase: TurnInitPhase color:green
[log] [coop:rendezvous] ARRIVE point=cmd:39:2 (send) role=host
[log] [coop:transport] send host t=rendezvous point=cmd:39:2
[log] [coop:rendezvous] next-command barrier cmd:39:2 SYNC pass (partner already arrived)
[log] [coop:transport] recv guest t=rendezvous point=cmd:39:2 handlers=1
[log] [coop:stream] host ACCEPT turn ACK stage=continuationReady key=1833203800481331:39:1:416
[log] [coop:stream] host RELEASE retained turn after continuationReady key=1833203800481331:39:1:416
[log] %cStart Phase: SelectTargetPhase color:green
[log] [coop:owner] broadcast own-slot fi=0 turn=2 role=host cmd=0
[log] [coop:relay] broadcastLocalCommand SEND fieldIndex=0 owner=host turn=2 command=0 cursor=3 moveId=85 targets=[2]
[log] [coop:transport] send host t=command fi=0 owner=host turn=2 cmd=0 cursor=3 move=85
[log] [coop:transport] recv guest t=command fi=0 owner=host turn=2 cmd=0 cursor=3 move=85 handlers=1
[log] [coop:relay] recv command fieldIndex=0 turn=2 command=0 -> BUFFERED (no awaiter yet)
[log] %cStart Phase: CommandPhase color:green
[log] [coop:battle] CommandPhase slot=1 turn=2 owner=guest role=host -> partner path
[log] [coop:relay] host requestPartnerCommand SEND fieldIndex=1 turn=2 moveSlots=[0,1,2,3] (awaiting peer)
[log] [coop:transport] send host t=commandRequest fi=1 owner=guest turn=2 slots=4
[log] [coop:transport] recv guest t=commandRequest fi=1 owner=guest turn=2 slots=4 handlers=1
[log] [coop:relay] peer recv commandRequest fieldIndex=1 owner=guest turn=2 moveSlots=[0,1,2,3] -> reply command=0 cursor=3 moveId=85
[log] [coop:transport] send guest t=command fi=1 owner=guest turn=2 cmd=0 cursor=3 move=85
[log] [coop:transport] recv host t=command fi=1 owner=guest turn=2 cmd=0 cursor=3 move=85 handlers=1
[log] [coop:relay] recv command fieldIndex=1 turn=2 command=0 -> resolved awaiting request
[log] [coop:ai] applyWiredPartnerCommand partner=445 wiredMoveId=85 cursor=3 -> moveId=85 moveIndex=3 tera=false targets=[3] targetsFrom=wire-verbatim useMode=1
[log] %cStart Phase: EnemyCommandPhase color:green
[log] %cStart Phase: EnemyCommandPhase color:green
[log] %cStart Phase: TurnStartPhase color:green
[log] [coop-diag] turn-start authoritative guard mode=authoritative role=host turn=2 diverts=false
[log] [coop:turn] host recorder: begin turn=2 scope=1833203800481331:39 (no prior open recording)
[log] %cStart Phase: MovePhase color:green
[log] [coop:turn] host recorder: append turn=2 seq=0 k=moveUsed total=1 live=true
[log] %cStart Phase: MessagePhase color:green
[log] %cStart Phase: MoveEffectPhase color:green
[log] [coop:turn] host recorder: append turn=2 seq=1 k=moveAnim total=2 live=true
[log] [coop:turn] host recorder: append turn=2 seq=2 k=hp total=3 live=true
[log] [coop:turn] host recorder: append turn=2 seq=3 k=faint total=4 live=true
[log] [coop:turn] host recorder: append turn=2 seq=4 k=message total=5 live=true
[log] %cStart Phase: DamageAnimPhase color:green
[log] %cStart Phase: MessagePhase color:green
[log] %cStart Phase: FaintPhase color:green
[log] %cStart Phase: MessagePhase color:green
[log] %cStart Phase: VictoryPhase color:green
[log] [coop:progression] HOST applyPartyExp COMPUTE wave=39 expValue=806 koMon=Breloom
[log] %cStart Phase: MoveEndPhase color:green
[log] %cStart Phase: MovePhase color:green
[log] [coop:turn] host recorder: append turn=2 seq=5 k=moveUsed total=6 live=true
[log] %cStart Phase: MessagePhase color:green
[log] %cStart Phase: MoveEffectPhase color:green
[log] [coop:turn] host recorder: append turn=2 seq=6 k=moveAnim total=7 live=true
[log] [coop:turn] host recorder: append turn=2 seq=7 k=message total=8 live=true
[log] [coop:turn] host recorder: append turn=2 seq=8 k=hp total=9 live=true
[log] %cStart Phase: ShowAbilityPhase color:green
[log] [coop:turn] host recorder: append turn=2 seq=9 k=showAbility total=10 live=true
[log] %cStart Phase: HideAbilityPhase color:green
[log] [coop:turn] host recorder: append turn=2 seq=10 k=hideAbility total=11 live=true
[log] %cStart Phase: DamageAnimPhase color:green
[log] %cStart Phase: MessagePhase color:green
[log] %cStart Phase: MoveEndPhase color:green
[log] %cStart Phase: MovePhase color:green
[log] %cStart Phase: MoveEndPhase color:green
[log] %cStart Phase: MovePhase color:green
[log] [coop:turn] host recorder: append turn=2 seq=11 k=moveUsed total=12 live=true
[log] [coop:turn] host recorder: append turn=2 seq=12 k=message total=13 live=true
[log] %cStart Phase: MessagePhase color:green
[log] %cStart Phase: MessagePhase color:green
[log] %cStart Phase: MoveEndPhase color:green
[log] %cStart Phase: CheckInterludePhase color:green
[log] %cStart Phase: WeatherEffectPhase color:green
[log] %cStart Phase: PositionalTagPhase color:green
[log] %cStart Phase: BerryPhase color:green
[log] %cStart Phase: CheckStatusEffectPhase color:green
[log] %cStart Phase: TurnEndPhase color:green
[log] %cStart Phase: CoopTurnCommitPhase color:green
[log] [coop:turn] host recorder: finalize turn=2 events=13 seq=13
[log] [coop:checkpoint] build field=4 weather=0/0 terrain=0/0 arenaTags=1 money=4000 mons=[bi0:sp143/hp289-303/st0/fnt0 bi1:sp445/hp195-235/st0/fnt0 bi2:sp204/hp1-65/st0/fnt0 bi3:sp286/hp0-72/st7/fnt1]
[log] [coop:checkpoint] host capture field=4 weather=0 terrain=0 money=4000 arenaTags=1 mons=[bi0:sp143/hp289-303/st0/fnt0 bi1:sp445/hp195-235/st0/fnt0 bi2:sp204/hp1-65/st0/fnt0 bi3:sp286/hp0-72/st7/fnt1]
[log] [coop:interaction] interactionCounter() read -> 45 (role=host)
[log] [coop:replay] host SEND turnResolution e=1833203800481331 wave=39 turn=2 rev=419 events=13 checksum=89cd29fcf7ba0157
[log] [coop:transport] send host t=turnResolution e=1833203800481331 wave=39 turn=2 rev=419 events=13 checksum=89cd29fcf7ba0157
[warn] [coop:v2-shadow] FAULT tap(TURN_COMMIT): AuthorityLog.commit: TURN_COMMIT is not authorized by predecessor control after WSHADOW/ADV/w1
[log] [coop:transport] recv guest t=turnResolution e=1833203800481331 wave=39 turn=2 rev=419 events=13 checksum=89cd29fcf7ba0157 handlers=1
[log] [38;2;255;127;80mPhaseInterceptor.to: Stopping on completion of CoopTurnCommitPhase[39m
[log] %cStart Phase: TurnInitPhase color:green
[log] [coop:rendezvous] ARRIVE point=cmd:39:3 (send) role=host
[log] [coop:transport] send host t=rendezvous point=cmd:39:3
[log] [coop:rendezvous] next-command barrier cmd:39:3 SYNC pass (partner already arrived)
[log] [coop:transport] recv guest t=rendezvous point=cmd:39:3 handlers=1
[log] [coop:stream] host ACCEPT turn ACK stage=continuationReady key=1833203800481331:39:2:419
[log] [coop:stream] host RELEASE retained turn after continuationReady key=1833203800481331:39:2:419
[log] %cStart Phase: SelectTargetPhase color:green
[log] [coop:owner] broadcast own-slot fi=0 turn=3 role=host cmd=0
[log] [coop:relay] broadcastLocalCommand SEND fieldIndex=0 owner=host turn=3 command=0 cursor=3 moveId=85 targets=[2]
[log] [coop:transport] send host t=command fi=0 owner=host turn=3 cmd=0 cursor=3 move=85
[log] [coop:transport] recv guest t=command fi=0 owner=host turn=3 cmd=0 cursor=3 move=85 handlers=1
[log] [coop:relay] recv command fieldIndex=0 turn=3 command=0 -> BUFFERED (no awaiter yet)
[log] %cStart Phase: CommandPhase color:green
[log] [coop:battle] CommandPhase slot=1 turn=3 owner=guest role=host -> partner path
[log] [coop:relay] host requestPartnerCommand SEND fieldIndex=1 turn=3 moveSlots=[0,1,2,3] (awaiting peer)
[log] [coop:transport] send host t=commandRequest fi=1 owner=guest turn=3 slots=4
[log] [coop:transport] recv guest t=commandRequest fi=1 owner=guest turn=3 slots=4 handlers=1
[log] [coop:relay] peer recv commandRequest fieldIndex=1 owner=guest turn=3 moveSlots=[0,1,2,3] -> reply command=2 cursor=3 moveId=-
[log] [coop:transport] send guest t=command fi=1 owner=guest turn=3 cmd=2 cursor=3 move=-
[log] [coop:transport] recv host t=command fi=1 owner=guest turn=3 cmd=2 cursor=3 move=- handlers=1
[log] [coop:relay] recv command fieldIndex=1 turn=3 command=2 -> resolved awaiting request
[log] %cStart Phase: EnemyCommandPhase color:green
[log] %cStart Phase: TurnStartPhase color:green
[log] [coop-diag] turn-start authoritative guard mode=authoritative role=host turn=3 diverts=false
[log] [coop:turn] host recorder: begin turn=3 scope=1833203800481331:39 (no prior open recording)
[log] %cStart Phase: SwitchSummonPhase color:green
[log] [coop:turn] host recorder: preserve recording scope=1833203800481331:39 turn=3 events=0 seq=0
[log] [coop:turn] host recorder: append turn=3 seq=0 k=switch total=1 live=true
[log] %cStart Phase: PostSummonPhase color:green
[log] [coop:turn] host recorder: append turn=3 seq=1 k=message total=2 live=true
[log] %cStart Phase: MessagePhase color:green
[log] %cStart Phase: StatStageChangePhase color:green
[log] [coop:turn] host recorder: append turn=3 seq=2 k=message total=3 live=true
[log] [coop:turn] host recorder: append turn=3 seq=3 k=statStage total=4 live=true
[log] %cStart Phase: MessagePhase color:green
[log] %cStart Phase: PostSummonPhase color:green
[log] %cStart Phase: ShowAbilityPhase color:green
[log] [coop:turn] host recorder: append turn=3 seq=4 k=showAbility total=5 live=true
[log] %cStart Phase: StatStageChangePhase color:green
[log] [coop:turn] host recorder: append turn=3 seq=5 k=message total=6 live=true
[log] [coop:turn] host recorder: append turn=3 seq=6 k=statStage total=7 live=true
[log] %cStart Phase: MessagePhase color:green
[log] %cStart Phase: HideAbilityPhase color:green
[log] [coop:turn] host recorder: append turn=3 seq=7 k=hideAbility total=8 live=true
[log] %cStart Phase: MovePhase color:green
[log] [coop:turn] host recorder: append turn=3 seq=8 k=moveUsed total=9 live=true
[log] %cStart Phase: MessagePhase color:green
[log] %cStart Phase: MoveEffectPhase color:green
[log] [coop:turn] host recorder: append turn=3 seq=9 k=moveAnim total=10 live=true
[log] [coop:turn] host recorder: append turn=3 seq=10 k=hp total=11 live=true
[log] [coop:turn] host recorder: append turn=3 seq=11 k=faint total=12 live=true
[log] %cStart Phase: ShowAbilityPhase color:green
[log] [coop:turn] host recorder: append turn=3 seq=12 k=showAbility total=13 live=true
[log] %cStart Phase: HideAbilityPhase color:green
[log] [coop:turn] host recorder: append turn=3 seq=13 k=hideAbility total=14 live=true
[log] %cStart Phase: DamageAnimPhase color:green
[log] %cStart Phase: FaintPhase color:green
[log] %cStart Phase: MessagePhase color:green
[log] %cStart Phase: VictoryPhase color:green
[log] [coop:progression] HOST applyPartyExp COMPUTE wave=39 expValue=279.4 koMon=Pineco
[warn] [coop:v2-shadow] FAULT tap(WAVE_ADVANCE): AuthorityLog.commit: WAVE_ADVANCE is not authorized by predecessor control after WSHADOW/ADV/w1
[log] [coop:runtime] defer raw waveResolved wave=39 outcome=win until its material turnResolution is retained
[log] [coop-diag] VictoryPhase win-branch role=host battleType=WILD queuesTrainerVictory=false queuesSelectModifier=true wave=39
[log] [coop-diag] VictoryTail role=host wave=39 source=legacy-local trainer=false egg=true biomeShop=false biomeChange=false crossroads=false nextWave=40
[log] %cStart Phase: MoveEndPhase color:green
[log] %cStart Phase: MovePhase color:green
[log] %cStart Phase: MoveEndPhase color:green
[log] %cStart Phase: MovePhase color:green
[log] %cStart Phase: MoveEndPhase color:green
[log] %cStart Phase: CheckInterludePhase color:green
[log] %cStart Phase: WeatherEffectPhase color:green
[log] %cStart Phase: PositionalTagPhase color:green
[log] %cStart Phase: BerryPhase color:green
[log] %cStart Phase: CheckStatusEffectPhase color:green
[log] %cStart Phase: TurnEndPhase color:green
[log] %cStart Phase: CoopTurnCommitPhase color:green
[log] [coop:turn] host recorder: finalize turn=3 events=14 seq=14
[log] [coop:checkpoint] build field=4 weather=0/0 terrain=0/0 arenaTags=1 money=4000 mons=[bi0:sp143/hp289-303/st0/fnt0 bi1:sp94/hp123-179/st3/fnt0 bi2:sp204/hp0-65/st7/fnt1 bi3:sp286/hp0-72/st7/fnt1]
[log] [coop:checkpoint] host capture field=4 weather=0 terrain=0 money=4000 arenaTags=1 mons=[bi0:sp143/hp289-303/st0/fnt0 bi1:sp94/hp123-179/st3/fnt0 bi2:sp204/hp0-65/st7/fnt1 bi3:sp286/hp0-72/st7/fnt1]
[log] [coop:interaction] interactionCounter() read -> 45 (role=host)
[log] [coop:replay] host SEND turnResolution e=1833203800481331 wave=39 turn=3 rev=422 events=14 checksum=2ba7db268b298f8e
[log] [coop:transport] send host t=turnResolution e=1833203800481331 wave=39 turn=3 rev=422 events=14 checksum=2ba7db268b298f8e
[warn] [coop:v2-shadow] FAULT tap(TURN_COMMIT): AuthorityLog.commit: TURN_COMMIT is not authorized by predecessor control after WSHADOW/ADV/w1
[log] [coop:runtime] send waveResolved wave=39 outcome=win (host)
[log] [coop:replay] host SEND waveResolved wave=39 outcome=win transition=WAVE_VICTORY/next40/biome0/egg1/wild
[log] [coop:transport] send host t=waveResolved wave=39 outcome=win captureParty=- cap=-
[log] [coop:transport] recv guest t=turnResolution e=1833203800481331 wave=39 turn=3 rev=422 events=14 checksum=2ba7db268b298f8e handlers=1
[log] [coop:transport] recv guest t=waveResolved wave=39 outcome=win captureParty=- cap=- handlers=1
[log] [38;2;255;127;80mPhaseInterceptor.to: Stopping on completion of CoopTurnCommitPhase[39m
[log] %cStart Phase: BattleEndPhase color:green
[log] [coop:progression] HOST automatic victory settlement deferred wave=39 sourceTurn=3 settlementTurn=4
[log] %cStart Phase: EggLapsePhase color:green
[log] %cStart Phase: CoopVictorySealPhase color:green
[log] [coop:transport] send host t=envelope t=envelope
[log] [coop:runtime] wave-advance op HOST commit wave=39 outcome=win next=WAVE_VICTORY rev=92 id=1833203800481331:0:WAVE_ADVANCE:39 (Wave-2f)
[log] [coop:runtime] settled WAVE_ADVANCE committed wave=39 tick=423 next=WAVE_VICTORY/wave40
[log] [coop:runtime] send waveEndState wave=39 tick=423 (host)
[log] [coop:replay] host SEND waveEndState wave=39 tick=423 party=6
[log] [coop:transport] send host t=waveEndState t=waveEndState
[log] [coop:progression] HOST automatic victory settlement sealed wave=39 sourceTurn=3 settlementTurn=4 tick=423
[log] [coop:transport] recv guest t=envelope t=envelope handlers=1
[log] [coop:transport] recv guest t=waveEndState t=waveEndState handlers=1
[log] [coop:interaction] interactionCounter() read -> 45 (role=host)
[log] [coop:owner] ownerOf(counter=45) seat=1 -> owner=guest
[log] [coop:owner] isLocalOwnerAtCounter(pinnedCounter=45) parity=1 owner=guest role=host -> false
[log] [coop:interaction] interactionCounter() read -> 45 (role=host)
[log] [coop:reward] owner/watcher decision: pinnedStart=45 liveCounter=45 parity=1 role=host pick=WATCHER option=ROLL spoof=false
[log] [coop:shop] serializeRewardOptions count=3 ids=[TEMP_STAT_STAGE_BOOSTER,TM_CASE,POKEBALL] tiers=[0,0,0]
[log] [coop:reward] OWNER streams reward options (start=45 reroll=0 count=3 ids=[TEMP_STAT_STAGE_BOOSTER,TM_CASE,POKEBALL])
[log] [coop:relay] SEND rewardOptions seq=45 reroll=0 count=3 ids=[TEMP_STAT_STAGE_BOOSTER,TM_CASE,POKEBALL]
[log] [coop:transport] send host t=rewardOptions seq=45 reroll=0 options=3
[log] [coop:rendezvous] ARRIVE point=shop:39:45 (send) role=host
[log] [coop:transport] send host t=rendezvous point=shop:39:45
[log] [coop:reward] WATCHER waits for partner's reward picks (start=45 role=host wave=39)
[log] [coop:durability] host operation continuation window REARM key=op:global:92:1833203800481331:39:4:1833203800481331:0:WAVE_ADVANCE:39 surface=sharedInput at=1833203800481331/39/4
[log] [coop:transport] recv guest t=rewardOptions seq=45 reroll=0 options=3 handlers=1
[log] [coop:transport] recv guest t=rendezvous point=shop:39:45 handlers=1
[log] [coop:interaction] mirror begin role=watcher mirrorSeq=2880 interactionStart=45 reroll=0
[log] [coop:interaction] uiMirror beginSession role=watcher mode=6 seq=2880 early=0
[log] [coop:relay] AWAIT interactionChoice seq=45 timeoutMs=1200000 expected=[reward,shop,skip,reroll,check,transfer,lock] -> network-wait
[log] [coop:durability] operation delivery RETRY key=op:global:92:1833203800481331:39:4:1833203800481331:0:WAVE_ADVANCE:39 attempt=1/8
[log] [coop:transport] send host t=envelope t=envelope
[log] [coop:interaction] interactionCounter() read -> 45 (role=host)
[log] [coop:checksum] capture digest=65650e9a914f02f5 field=4 biome=5 seed=coop-soak-20260924 weather=0 terrain=0 money=4000 party=[143,94,149,445,376,248] partyLevels=[65,65,65,65,65,65] arenaTags=1 modifiers=6 heldItemsDigest=0 pokeballs=[0:60,1:10,2:0,3:0,4:0] mons=[bi0:sp143/hp289-303/st0/ab12/form0/tera0:0/boss0:0 bi1:sp94/hp123-179/st3/ab5067/form0/tera0:7/boss0:0 bi2:sp204/hp0-65/st7/ab5/form0/tera0:6/boss0:0 bi3:sp286/hp0-72/st7/ab90/form0/tera0:1/boss0:0]
[log] [coop:rendezvous] RECV arrival point=shop:39:45 -> BUFFER (no waiter yet) role=host
[log] [coop:stream] host ACCEPT turn ACK stage=continuationReady key=1833203800481331:39:3:422
[log] [coop:stream] host RELEASE retained turn after continuationReady key=1833203800481331:39:3:422
[log] [coop:durability] host RELEASE contiguous acknowledged authority cls=op:global seq=92
[log] [coop:relay] DELIVER interactionChoice seq=45 -> waiter kind=reward choice=0 data=[0]
[log] [coop:relay] AWAIT interactionChoice seq=45 RESOLVE kind=reward choice=0 data=[0]
[log] [coop:reward] WATCHER applying relayed action seq=45 act=REWARD choice=0 data=[0]
[log] [coop:owner] ownerOf(counter=45) seat=1 -> owner=guest
[log] [coop:owner] isLocalOwnerAtCounter(pinnedCounter=45) parity=1 owner=guest role=host -> false
[log] [coop:reward] APPLY_RESULT pin=45 side=watcher type=TEMP_STAT_STAGE_BOOSTER class=TempStatStageBoosterModifier pregen=[6] holderSlot=-1 holderId=-1 stack=1 accepted=true cost=-1
[log] [coop:shop] serializeRewardOptions count=3 ids=[TEMP_STAT_STAGE_BOOSTER,TM_CASE,POKEBALL] tiers=[0,0,0]
[log] [coop:transport] send host t=envelope t=envelope
[log] [coop:reward] reward authoritative RESULT retained rev=93 tick=424 id=1833203800481331:1:REWARD:4500000
[log] [coop:interaction] interactionCounter() read -> 45 (role=host)
[log] [coop:interaction] CoopInteractionTurn.advance INCREMENT (fromCounter=45) counter 45 -> 46
[log] [coop:interaction] advanceInteraction ADVANCED+BROADCAST (fromCounter=45) counter 45 -> 46 role=host; send interaction screen=__turn__ choice=46
[log] [coop:interaction] SEND counter snapshot reason=advance choice=46 role=host
[log] [coop:transport] send host t=interaction screen=__turn__
[log] [coop:owner] ownerOf(counter=46) seat=0 -> owner=host
[log] [coop:owner] ownerOf(counter=46) seat=0 -> owner=host
[log] [coop:interaction] interactionCounter() read -> 46 (role=host)
[log] [coop:reward] advance interaction (role=host from=45 counter 45 -> 46)
[log] [coop:transport] recv guest t=envelope t=envelope handlers=1
[log] [coop:transport] recv guest t=interaction screen=__turn__ handlers=1
[log] [coop:interaction] interactionCounter() read -> 46 (role=host)
[log] [coop:interaction] interactionCounter() read -> 46 (role=host)
[log] [coop:interaction] RECV interaction broadcast (deferred catch-up net) received=46 localBefore=46 role=host -> no defer (local >= received)
[warn] [coop:interaction] CoopInteractionTurn.mergeRemote DEFER (remote=46, counter=46, pendingRemote=46) live counter UNCHANGED (folds in at next advance if still ahead)
[log] [coop:owner] ownerOf(counter=46) seat=0 -> owner=host
[log] [coop:owner] ownerOf(counter=46) seat=0 -> owner=host
[log] %cStart Phase: NewBattlePhase color:green
[log] [coop:turn] host recorder: begin deferred transition turn=1 scope=1833203800481331:40
[log] %cStart Phase: CoopPartnerSyncPhase color:green
[log] [coop:interaction] interactionCounter() read -> 46 (role=host)
[log] %cStart Phase: NextEncounterPhase color:green
[log] [coop:interaction] interactionCounter() read -> 46 (role=host)
[log] [coop:replay] host SEND enemyPartySync wave=40 count=2 meType=-1 battleType=0 entryPresentation=-
[log] [coop:transport] send host t=enemyPartySync wave=40 enemies=2 battleType=0
[log] [coop:turn] host recorder: preserve recording scope=1833203800481331:40 turn=1 events=0 seq=0
[log] [coop:transport] recv guest t=enemyPartySync wave=40 enemies=2 battleType=0 handlers=1
[log] %cStart Phase: ToggleDoublePositionPhase color:green
[log] %cStart Phase: CheckSwitchPhase color:green
[log] %cStart Phase: CheckSwitchPhase color:green
[log] %cStart Phase: InitEncounterPhase color:green
[log] [coop:turn] host recorder: preserve recording scope=1833203800481331:40 turn=1 events=0 seq=0
[log] %cStart Phase: PostSummonPhase color:green
[log] %cStart Phase: PostSummonPhase color:green
[log] [coop:turn] host recorder: append turn=1 seq=0 k=message total=1 live=true
[log] %cStart Phase: ShowAbilityPhase color:green
[log] [coop:turn] host recorder: append turn=1 seq=1 k=showAbility total=2 live=true
[log] %cStart Phase: MessagePhase color:green
[log] %cStart Phase: HideAbilityPhase color:green
[log] [coop:turn] host recorder: append turn=1 seq=2 k=hideAbility total=3 live=true
[log] %cStart Phase: PostSummonPhase color:green
[log] %cStart Phase: PostSummonPhase color:green
[log] [coop:turn] host recorder: append turn=1 seq=3 k=message total=4 live=true
[log] %cStart Phase: ShowAbilityPhase color:green
[log] [coop:turn] host recorder: append turn=1 seq=4 k=showAbility total=5 live=true
[log] %cStart Phase: MessagePhase color:green
[log] %cStart Phase: HideAbilityPhase color:green
[log] [coop:turn] host recorder: append turn=1 seq=5 k=hideAbility total=6 live=true
[log] %cStart Phase: TurnInitPhase color:green
[log] [coop:replay] host SEND enemyPartySync wave=40 count=2 meType=-1 battleType=0 entryPresentation=6
[log] [coop:transport] send host t=enemyPartySync wave=40 enemies=2 battleType=0
[log] [coop:replay] host RE-BROADCAST wave-start authority wave=40 after post-summon boundary stateChanged=true presentation=6 (#920)
[log] [coop:rendezvous] next-command barrier ARRIVE+AWAIT cmd:40:1 slot=0
[log] [coop:rendezvous] ARRIVE point=cmd:40:1 (send) role=host
[log] [coop:transport] send host t=rendezvous point=cmd:40:1
[log] [coop:rendezvous] AWAIT point=cmd:40:1 timeoutMs=2000 -> network-wait role=host
[log] [coop:transport] recv guest t=enemyPartySync wave=40 enemies=2 battleType=0 handlers=1
[log] [coop:transport] recv guest t=rendezvous point=cmd:40:1 handlers=1
[log] [coop:rendezvous] RECV arrival point=cmd:40:1 -> deliver-to-waiter role=host
[log] [coop:transport] send host t=rendezvous point=cmd:40:1
[log] [coop:rendezvous] AWAIT point=cmd:40:1 RESOLVE both-arrived role=host
[log] [coop:durability] host RELEASE contiguous acknowledged authority cls=op:global seq=93
[log] [coop:transport] recv guest t=rendezvous point=cmd:40:1 handlers=1
[log] [coop:transport] send host t=enemyPartySync wave=40 enemies=2 battleType=0
[log] [coop:replay] host RE-BROADCAST wave-start authority wave=40 after post-summon boundary stateChanged=false presentation=6 (#920)
[log] [coop:transport] recv guest t=enemyPartySync wave=40 enemies=2 battleType=0 handlers=1
[log] [coop:interaction] interactionCounter() read -> 46 (role=host)
[log] [coop:checksum] capture digest=6eb58a8b41f17f08 field=4 biome=5 seed=coop-soak-20260924 weather=0 terrain=0 money=4000 party=[143,94,149,445,376,248] partyLevels=[65,65,65,65,65,65] arenaTags=1 modifiers=7 heldItemsDigest=4 pokeballs=[0:60,1:10,2:0,3:0,4:0] mons=[bi0:sp143/hp289-303/st0/ab12/form0/tera0:0/boss0:0 bi1:sp94/hp123-179/st3/ab5067/form0/tera0:7/boss0:0 bi2:sp949/hp97-97/st0/ab5165/form0/tera0:11/boss2:1 bi3:sp825/hp81-81/st0/ab140/form0/tera0:6/boss1:0]
[log] [coop:interaction] interactionCounter() read -> 46 (role=host)
[log] %cStart Phase: SelectTargetPhase color:green
[log] [coop:owner] broadcast own-slot fi=0 turn=1 role=host cmd=0
[log] [coop:relay] broadcastLocalCommand SEND fieldIndex=0 owner=host turn=1 command=0 cursor=2 moveId=53 targets=[2]
[log] [coop:transport] send host t=command fi=0 owner=host turn=1 cmd=0 cursor=2 move=53
[log] [coop:transport] recv guest t=command fi=0 owner=host turn=1 cmd=0 cursor=2 move=53 handlers=1
[log] [coop:relay] recv command fieldIndex=0 turn=1 command=0 -> BUFFERED (no awaiter yet)
[log] %cStart Phase: CommandPhase color:green
[log] [coop:transport] send host t=enemyPartySync wave=40 enemies=2 battleType=0
[log] [coop:replay] host RE-BROADCAST wave-start authority wave=40 after post-summon boundary stateChanged=false presentation=6 (#920)
[log] [coop:battle] CommandPhase slot=1 turn=1 owner=guest role=host -> partner path
[log] [coop:relay] host requestPartnerCommand SEND fieldIndex=1 turn=1 moveSlots=[0,1,2,3] (awaiting peer)
[log] [coop:transport] send host t=commandRequest fi=1 owner=guest turn=1 slots=4
[log] [coop:transport] recv guest t=enemyPartySync wave=40 enemies=2 battleType=0 handlers=1
[log] [coop:transport] recv guest t=commandRequest fi=1 owner=guest turn=1 slots=4 handlers=1
[log] [coop:relay] peer recv commandRequest fieldIndex=1 owner=guest turn=1 moveSlots=[0,1,2,3] -> reply command=0 cursor=3 moveId=85
[log] [coop:transport] send guest t=command fi=1 owner=guest turn=1 cmd=0 cursor=3 move=85
[log] [coop:transport] recv host t=command fi=1 owner=guest turn=1 cmd=0 cursor=3 move=85 handlers=1
[log] [coop:relay] recv command fieldIndex=1 turn=1 command=0 -> resolved awaiting request
[log] [coop:ai] applyWiredPartnerCommand partner=94 wiredMoveId=85 cursor=3 -> moveId=85 moveIndex=3 tera=false targets=[3] targetsFrom=wire-verbatim useMode=1
[log] %cStart Phase: EnemyCommandPhase color:green
[log] %cStart Phase: EnemyCommandPhase color:green
[log] %cStart Phase: TurnStartPhase color:green
[log] [coop-diag] turn-start authoritative guard mode=authoritative role=host turn=1 diverts=false
[log] [coop:turn] host recorder: preserve recording scope=1833203800481331:40 turn=1 events=8 seq=8
[log] %cStart Phase: MovePhase color:green
[log] [coop:turn] host recorder: append turn=1 seq=8 k=moveUsed total=9 live=true
[log] %cStart Phase: MessagePhase color:green
[log] %cStart Phase: MoveEffectPhase color:green
[log] [coop:turn] host recorder: append turn=1 seq=9 k=commonAnim total=10 live=true
[log] [coop:turn] host recorder: append turn=1 seq=10 k=message total=11 live=true
[log] %cStart Phase: MessagePhase color:green
[log] %cStart Phase: MoveEndPhase color:green
[log] %cStart Phase: MovePhase color:green
[log] [coop:turn] host recorder: append turn=1 seq=11 k=moveUsed total=12 live=true
[log] %cStart Phase: MessagePhase color:green
[log] %cStart Phase: MoveEffectPhase color:green
[log] [coop:turn] host recorder: append turn=1 seq=12 k=moveAnim total=13 live=true
[log] [coop:turn] host recorder: append turn=1 seq=13 k=hp total=14 live=true
[log] [coop:turn] host recorder: append turn=1 seq=14 k=message total=15 live=true
[log] %cStart Phase: DamageAnimPhase color:green
[log] %cStart Phase: MessagePhase color:green
[log] %cStart Phase: MoveEndPhase color:green
[log] %cStart Phase: MovePhase color:green
[log] [coop:turn] host recorder: append turn=1 seq=15 k=moveUsed total=16 live=true
[log] %cStart Phase: MessagePhase color:green
[log] %cStart Phase: MoveEffectPhase color:green
[log] [coop:turn] host recorder: append turn=1 seq=16 k=moveAnim total=17 live=true
[log] [coop:turn] host recorder: append turn=1 seq=17 k=hp total=18 live=true
[log] [coop:turn] host recorder: append turn=1 seq=18 k=faint total=19 live=true
[log] %cStart Phase: DamageAnimPhase color:green
[log] %cStart Phase: FaintPhase color:green
[log] %cStart Phase: MessagePhase color:green
[log] %cStart Phase: VictoryPhase color:green
[log] [coop:progression] HOST applyPartyExp COMPUTE wave=40 expValue=726.4 koMon=Dottler
[log] %cStart Phase: MoveEndPhase color:green
[log] %cStart Phase: MovePhase color:green
[log] %cStart Phase: MoveEndPhase color:green
[log] %cStart Phase: CheckInterludePhase color:green
[log] %cStart Phase: WeatherEffectPhase color:green
[log] %cStart Phase: PositionalTagPhase color:green
[log] %cStart Phase: BerryPhase color:green
[log] %cStart Phase: CheckStatusEffectPhase color:green
[log] %cStart Phase: TurnEndPhase color:green
[log] %cStart Phase: CoopTurnCommitPhase color:green
[log] [coop:turn] host recorder: finalize turn=1 events=19 seq=19
[log] [coop:checkpoint] build field=4 weather=0/0 terrain=0/0 arenaTags=1 money=4000 mons=[bi0:sp143/hp289-303/st0/fnt0 bi1:sp94/hp113-179/st3/fnt0 bi2:sp949/hp97-97/st0/fnt0 bi3:sp825/hp0-81/st7/fnt1]
[log] [coop:checkpoint] host capture field=4 weather=0 terrain=0 money=4000 arenaTags=1 mons=[bi0:sp143/hp289-303/st0/fnt0 bi1:sp94/hp113-179/st3/fnt0 bi2:sp949/hp97-97/st0/fnt0 bi3:sp825/hp0-81/st7/fnt1]
[log] [coop:interaction] interactionCounter() read -> 46 (role=host)
[log] [coop:replay] host SEND turnResolution e=1833203800481331 wave=40 turn=1 rev=431 events=19 checksum=693776090d182a5a
[log] [coop:transport] send host t=turnResolution e=1833203800481331 wave=40 turn=1 rev=431 events=19 checksum=693776090d182a5a
[warn] [coop:v2-shadow] FAULT tap(TURN_COMMIT): AuthorityLog.commit: TURN_COMMIT is not authorized by predecessor control after WSHADOW/ADV/w1
[log] [coop:transport] recv guest t=turnResolution e=1833203800481331 wave=40 turn=1 rev=431 events=19 checksum=693776090d182a5a handlers=1
[log] [38;2;255;127;80mPhaseInterceptor.to: Stopping on completion of CoopTurnCommitPhase[39m
[log] %cStart Phase: TurnInitPhase color:green
[log] [coop:rendezvous] ARRIVE point=cmd:40:2 (send) role=host
[log] [coop:transport] send host t=rendezvous point=cmd:40:2
[log] [coop:rendezvous] next-command barrier cmd:40:2 SYNC pass (partner already arrived)
[log] [coop:transport] recv guest t=rendezvous point=cmd:40:2 handlers=1
[log] [coop:stream] host ACCEPT turn ACK stage=continuationReady key=1833203800481331:40:1:431
[log] [coop:stream] host RELEASE retained turn after continuationReady key=1833203800481331:40:1:431
[log] %cStart Phase: SelectTargetPhase color:green
[log] [coop:owner] broadcast own-slot fi=0 turn=2 role=host cmd=0
[log] [coop:relay] broadcastLocalCommand SEND fieldIndex=0 owner=host turn=2 command=0 cursor=2 moveId=53 targets=[2]
[log] [coop:transport] send host t=command fi=0 owner=host turn=2 cmd=0 cursor=2 move=53
[log] [coop:transport] recv guest t=command fi=0 owner=host turn=2 cmd=0 cursor=2 move=53 handlers=1
[log] [coop:relay] recv command fieldIndex=0 turn=2 command=0 -> BUFFERED (no awaiter yet)
[log] %cStart Phase: CommandPhase color:green
[log] [coop:battle] CommandPhase slot=1 turn=2 owner=guest role=host -> partner path
[log] [coop:relay] host requestPartnerCommand SEND fieldIndex=1 turn=2 moveSlots=[0,1,2,3] (awaiting peer)
[log] [coop:transport] send host t=commandRequest fi=1 owner=guest turn=2 slots=4
[log] [coop:transport] recv guest t=commandRequest fi=1 owner=guest turn=2 slots=4 handlers=1
[log] [coop:relay] peer recv commandRequest fieldIndex=1 owner=guest turn=2 moveSlots=[0,1,2,3] -> reply command=0 cursor=2 moveId=53
[log] [coop:transport] send guest t=command fi=1 owner=guest turn=2 cmd=0 cursor=2 move=53
[log] [coop:transport] recv host t=command fi=1 owner=guest turn=2 cmd=0 cursor=2 move=53 handlers=1
[log] [coop:relay] recv command fieldIndex=1 turn=2 command=0 -> resolved awaiting request
[log] [coop:ai] applyWiredPartnerCommand partner=94 wiredMoveId=53 cursor=2 -> moveId=53 moveIndex=2 tera=false targets=[2] targetsFrom=wire-verbatim useMode=1
[log] %cStart Phase: EnemyCommandPhase color:green
[log] %cStart Phase: TurnStartPhase color:green
[log] [coop-diag] turn-start authoritative guard mode=authoritative role=host turn=2 diverts=false
[log] [coop:turn] host recorder: begin turn=2 scope=1833203800481331:40 (no prior open recording)
[log] %cStart Phase: MovePhase color:green
[log] [coop:turn] host recorder: append turn=2 seq=0 k=moveUsed total=1 live=true
[log] %cStart Phase: MessagePhase color:green
[log] %cStart Phase: MoveEffectPhase color:green
[log] [coop:turn] host recorder: append turn=2 seq=1 k=moveAnim total=2 live=true
[log] [coop:turn] host recorder: append turn=2 seq=2 k=hp total=3 live=true
[log] [coop:turn] host recorder: append turn=2 seq=3 k=message total=4 live=true
[log] %cStart Phase: DamageAnimPhase color:green
[log] %cStart Phase: StatStageChangePhase color:green
[log] [coop:turn] host recorder: append turn=2 seq=4 k=message total=5 live=true
[log] [coop:turn] host recorder: append turn=2 seq=5 k=statStage total=6 live=true
[log] %cStart Phase: MessagePhase color:green
[log] %cStart Phase: MessagePhase color:green
[log] %cStart Phase: MoveEndPhase color:green
[log] %cStart Phase: MovePhase color:green
[log] [coop:turn] host recorder: append turn=2 seq=6 k=moveUsed total=7 live=true
[log] %cStart Phase: MessagePhase color:green
[log] %cStart Phase: MoveEffectPhase color:green
[log] [coop:turn] host recorder: append turn=2 seq=7 k=moveAnim total=8 live=true
[log] [coop:turn] host recorder: append turn=2 seq=8 k=hp total=9 live=true
[log] [coop:turn] host recorder: append turn=2 seq=9 k=message total=10 live=true
[log] %cStart Phase: DamageAnimPhase color:green
[log] %cStart Phase: MessagePhase color:green
[log] %cStart Phase: MoveEndPhase color:green
[log] %cStart Phase: MovePhase color:green
[log] [coop:turn] host recorder: append turn=2 seq=10 k=moveUsed total=11 live=true
[log] %cStart Phase: MessagePhase color:green
[log] %cStart Phase: MoveEffectPhase color:green
[log] [coop:turn] host recorder: append turn=2 seq=11 k=moveAnim total=12 live=true
[log] [coop:turn] host recorder: append turn=2 seq=12 k=hp total=13 live=true
[log] [coop:turn] host recorder: append turn=2 seq=13 k=faint total=14 live=true
[log] [coop:turn] host recorder: append turn=2 seq=14 k=message total=15 live=true
[log] %cStart Phase: DamageAnimPhase color:green
[log] %cStart Phase: MessagePhase color:green
[log] %cStart Phase: FaintPhase color:green
[log] %cStart Phase: MessagePhase color:green
[log] %cStart Phase: VictoryPhase color:green
[log] [coop:progression] HOST applyPartyExp COMPUTE wave=40 expValue=1081 koMon=Toedscruel
[warn] [coop:v2-shadow] FAULT tap(WAVE_ADVANCE): AuthorityLog.commit: WAVE_ADVANCE is not authorized by predecessor control after WSHADOW/ADV/w1
[log] [coop:runtime] defer raw waveResolved wave=40 outcome=win until its material turnResolution is retained
[log] [coop-diag] VictoryPhase win-branch role=host battleType=WILD queuesTrainerVictory=false queuesSelectModifier=false wave=40
[log] [coop-diag] VictoryTail role=host wave=40 source=legacy-local trainer=false egg=true biomeShop=true biomeChange=false crossroads=true nextWave=41
[log] %cStart Phase: MoveEndPhase color:green
[log] %cStart Phase: CheckInterludePhase color:green
[log] %cStart Phase: PositionalTagPhase color:green
[log] %cStart Phase: TurnEndPhase color:green
[log] %cStart Phase: CoopTurnCommitPhase color:green
[log] [coop:turn] host recorder: finalize turn=2 events=15 seq=15
[log] [coop:checkpoint] build field=4 weather=0/0 terrain=0/0 arenaTags=1 money=4000 mons=[bi0:sp143/hp289-303/st0/fnt0 bi1:sp94/hp103-179/st3/fnt0 bi2:sp949/hp0-97/st7/fnt1 bi3:sp825/hp0-81/st7/fnt1]
[log] [coop:checkpoint] host capture field=4 weather=0 terrain=0 money=4000 arenaTags=1 mons=[bi0:sp143/hp289-303/st0/fnt0 bi1:sp94/hp103-179/st3/fnt0 bi2:sp949/hp0-97/st7/fnt1 bi3:sp825/hp0-81/st7/fnt1]
[log] [coop:interaction] interactionCounter() read -> 46 (role=host)
[log] [coop:replay] host SEND turnResolution e=1833203800481331 wave=40 turn=2 rev=434 events=15 checksum=6954fb15c02d44b7
[log] [coop:transport] send host t=turnResolution e=1833203800481331 wave=40 turn=2 rev=434 events=15 checksum=6954fb15c02d44b7
[warn] [coop:v2-shadow] FAULT tap(TURN_COMMIT): AuthorityLog.commit: TURN_COMMIT is not authorized by predecessor control after WSHADOW/ADV/w1
[log] [coop:runtime] send waveResolved wave=40 outcome=win (host)
[log] [coop:replay] host SEND waveResolved wave=40 outcome=win transition=WAVE_VICTORY/next41/biome0/egg1/wild
[log] [coop:transport] send host t=waveResolved wave=40 outcome=win captureParty=- cap=-
[log] [coop:transport] recv guest t=turnResolution e=1833203800481331 wave=40 turn=2 rev=434 events=15 checksum=6954fb15c02d44b7 handlers=1
[log] [coop:transport] recv guest t=waveResolved wave=40 outcome=win captureParty=- cap=- handlers=1
[log] [38;2;255;127;80mPhaseInterceptor.to: Stopping on completion of CoopTurnCommitPhase[39m
[log] %cStart Phase: BattleEndPhase color:green
[log] [coop:progression] HOST automatic victory settlement deferred wave=40 sourceTurn=2 settlementTurn=3
[log] [coop:interaction] interactionCounter() read -> 46 (role=host)
[log] %cStart Phase: EggLapsePhase color:green
[log] %cStart Phase: ModifierRewardPhase color:green
[log] %cStart Phase: PartyHealPhase color:green
[log] %cStart Phase: ResetStatusPhase color:green
[log] %cStart Phase: ResetStatusPhase color:green
[log] %cStart Phase: ResetStatusPhase color:green
[log] %cStart Phase: ResetStatusPhase color:green
[log] %cStart Phase: ResetStatusPhase color:green
[log] %cStart Phase: ResetStatusPhase color:green
[log] %cStart Phase: CoopVictorySealPhase color:green
[log] [coop:transport] send host t=envelope t=envelope
[log] [coop:runtime] wave-advance op HOST commit wave=40 outcome=win next=WAVE_VICTORY rev=94 id=1833203800481331:0:WAVE_ADVANCE:40 (Wave-2f)
[log] [coop:runtime] settled WAVE_ADVANCE committed wave=40 tick=435 next=WAVE_VICTORY/wave41
[log] [coop:runtime] send waveEndState wave=40 tick=435 (host)
[log] [coop:replay] host SEND waveEndState wave=40 tick=435 party=6
[log] [coop:transport] send host t=waveEndState t=waveEndState
[log] [coop:progression] HOST automatic victory settlement sealed wave=40 sourceTurn=2 settlementTurn=3 tick=435
[log] [coop:transport] recv guest t=envelope t=envelope handlers=1
[log] [coop:transport] recv guest t=waveEndState t=waveEndState handlers=1
[log] [coop:interaction] interactionCounter() read -> 46 (role=host)
[log] [coop:checksum] capture digest=c5ed271217fedc32 field=4 biome=5 seed=coop-soak-20260924 weather=0 terrain=0 money=4000 party=[143,94,149,445,376,248] partyLevels=[65,65,65,65,65,65] arenaTags=1 modifiers=6 heldItemsDigest=0 pokeballs=[0:60,1:10,2:0,3:0,4:0] mons=[bi0:sp143/hp303-303/st0/ab12/form0/tera0:0/boss0:0 bi1:sp94/hp179-179/st0/ab5067/form0/tera0:7/boss0:0 bi2:sp949/hp0-97/st7/ab5165/form0/tera0:11/boss2:0 bi3:sp825/hp0-81/st7/ab140/form0/tera0:6/boss1:0]
[log] [coop:durability] operation delivery RETRY key=op:global:94:1833203800481331:40:3:1833203800481331:0:WAVE_ADVANCE:40 attempt=1/8
[log] [coop:transport] send host t=envelope t=envelope
[log] [coop:interaction] interactionCounter() read -> 46 (role=host)
[log] [coop:owner] ownerOf(counter=46) seat=0 -> owner=host
[log] [coop:owner] isLocalOwnerAtCounter(pinnedCounter=46) parity=0 owner=host role=host -> true
[log] [coop:reward] biome market roles: pinnedStart=46 inMe=false role=host spoof=false pick=OWNER option=ROLL+STREAM continuation=false
[log] [coop:shop] serializeRewardOptions count=15 ids=[LEEK,SOOTHE_BELL,ER_GRASSY_SEED,ER_BUG_GEM,ER_SAFETY_GOGGLES,BERRY,FORM_CHANGE_ITEM,ER_LOADED_DICE,GREAT_BALL,MINT,ROGUE_BALL,RARER_CANDY,RARE_CANDY,ULTRA_BALL,WIDE_LENS] tiers=[2,1,1,1,2,0,3,2,1,2,3,2,0,2,2]
[log] [coop:relay] SEND rewardOptions seq=46 reroll=777 count=15 ids=[LEEK,SOOTHE_BELL,ER_GRASSY_SEED,ER_BUG_GEM,ER_SAFETY_GOGGLES,BERRY,FORM_CHANGE_ITEM,ER_LOADED_DICE,GREAT_BALL,MINT,ROGUE_BALL,RARER_CANDY,RARE_CANDY,ULTRA_BALL,WIDE_LENS]
[log] [coop:transport] send host t=rewardOptions seq=46 reroll=777 options=15
[log] [coop:durability] host operation continuation window REARM key=op:global:94:1833203800481331:40:3:1833203800481331:0:WAVE_ADVANCE:40 surface=sharedInput at=1833203800481331/40/3
[log] [coop:relay] RECV requestRewardOptions key=46:777 -> REPLAY count=15
[log] [coop:transport] send host t=rewardOptions seq=46 reroll=777 options=15
[log] [coop:transport] recv guest t=rewardOptions seq=46 reroll=777 options=15 handlers=1
[log] [coop:transport] recv guest t=rewardOptions seq=46 reroll=777 options=15 handlers=1
[log] [coop:reward] market op INTENT prepared label=biomeShop id=1833203800481331:0:SHOP_BUY:4600000
[log] [coop:shop] serializeRewardOptions count=15 ids=[LEEK,SOOTHE_BELL,ER_GRASSY_SEED,ER_BUG_GEM,ER_SAFETY_GOGGLES,BERRY,FORM_CHANGE_ITEM,ER_LOADED_DICE,GREAT_BALL,MINT,ROGUE_BALL,RARER_CANDY,RARE_CANDY,ULTRA_BALL,WIDE_LENS] tiers=[2,1,1,1,2,0,3,2,1,2,3,2,0,2,2]
[log] [coop:transport] send host t=envelope t=envelope
[log] [coop:reward] market authoritative RESULT retained rev=95 tick=436 id=1833203800481331:0:SHOP_BUY:4600000
[log] [coop:relay] SEND interactionChoice seq=7000046 kind=biomeShop kind=? choice=-1 data=-
[log] [coop:transport] send host t=interactionChoice seq=7000046 kind=biomeShop choice=-1
[warn] [coop:v2-shadow] FAULT tap(INTERACTION_COMMIT): AuthorityLog.commit: INTERACTION_COMMIT is not authorized by predecessor control after WSHADOW/ADV/w1
[log] [coop:interaction] interactionCounter() read -> 46 (role=host)
[log] [coop:interaction] CoopInteractionTurn.advance INCREMENT (fromCounter=46) counter 46 -> 47
[log] [coop:interaction] advanceInteraction ADVANCED+BROADCAST (fromCounter=46) counter 46 -> 47 role=host; send interaction screen=__turn__ choice=47
[log] [coop:interaction] SEND counter snapshot reason=advance choice=47 role=host
[log] [coop:transport] send host t=interaction screen=__turn__
[log] [coop:owner] ownerOf(counter=47) seat=1 -> owner=guest
[log] [coop:owner] ownerOf(counter=47) seat=1 -> owner=guest
[log] [coop:interaction] interactionCounter() read -> 47 (role=host)
[log] [coop:reward] advance interaction from CONTINUATION commit (role=host from=46 counter 46 -> 47)
[log] [coop:interaction] interactionCounter() read -> 47 (role=host)
[log] [coop:transport] recv guest t=envelope t=envelope handlers=1
[log] [coop:transport] recv guest t=interactionChoice seq=7000046 kind=biomeShop choice=-1 handlers=1
[log] [coop:transport] recv guest t=interaction screen=__turn__ handlers=1
[log] [coop:interaction] RECV interaction broadcast (deferred catch-up net) received=47 localBefore=47 role=host -> no defer (local >= received)
[warn] [coop:interaction] CoopInteractionTurn.mergeRemote DEFER (remote=47, counter=47, pendingRemote=47) live counter UNCHANGED (folds in at next advance if still ahead)
[log] [coop:owner] ownerOf(counter=47) seat=1 -> owner=guest
[log] [coop:owner] ownerOf(counter=47) seat=1 -> owner=guest
[log] [coop:interaction] interactionCounter() read -> 47 (role=host)
[log] [coop:interaction] interactionCounter() read -> 47 (role=guest)
[log] [coop:rendezvous] crossroads boundary barrier RENDEZVOUS xroads:40 (#858)
[log] [coop:rendezvous] ARRIVE point=xroads:40 (send) role=host
[log] [coop:transport] send host t=rendezvous point=xroads:40
[log] [coop:rendezvous] AWAIT point=xroads:40 timeoutMs=2000 -> network-wait role=host
[log] [coop:transport] recv guest t=rendezvous point=xroads:40 handlers=1
[log] [coop:interaction] interactionCounter() read -> 47 (role=host)
[log] [coop:owner] ownerOf(counter=47) seat=1 -> owner=guest
[log] [coop:owner] isLocalOwnerAtCounter(pinnedCounter=47) parity=1 owner=guest role=host -> false
[log] [coop:rendezvous] RECV arrival point=xroads:40 -> deliver-to-waiter role=host
[log] [coop:transport] send host t=rendezvous point=xroads:40
[log] [coop:rendezvous] AWAIT point=xroads:40 RESOLVE both-arrived role=host
[log] [coop:transport] recv guest t=rendezvous point=xroads:40 handlers=1
[log] [coop:interaction] interactionCounter() read -> 47 (role=host)
[log] [coop:owner] ownerOf(counter=47) seat=1 -> owner=guest
[log] [coop:owner] isLocalOwnerAtCounter(pinnedCounter=47) parity=1 owner=guest role=host -> false
[log] [coop:reward] crossroads owner/watcher decision: pinnedStart=47 role=host spoof=false -> WATCHER (#848)
[log] [coop:interaction] uiMirror beginSession role=watcher mode=15 seq=9600047 early=0
[log] [coop:relay] AWAIT interactionChoice seq=9600047 timeoutMs=1200000 expected=[crossroads] -> network-wait
[log] [coop:transport] recv host t=coopAck cls=op:global seq=94 handlers=1
[log] [coop:transport] recv host t=coopAck cls=op:global seq=94 handlers=1
[log] [coop:transport] recv host t=coopAck cls=op:global seq=94 handlers=1
[log] [coop:transport] recv host t=battleCheckpointAck reason=replacement e=1833203800481331 wave=2 turn=2 rev=18 stage=continuationReady checksum=3244f941b6d0ce2f handlers=1
[log] [coop:transport] recv host t=turnCommitAck e=1833203800481331 wave=40 turn=2 rev=434 stage=continuationReady checksum=6954fb15c02d44b7 handlers=1
[log] [coop:durability] host RELEASE contiguous acknowledged authority cls=op:global seq=94
[log] [coop:stream] host ACCEPT turn ACK stage=continuationReady key=1833203800481331:40:2:434
[log] [coop:stream] host RELEASE retained turn after continuationReady key=1833203800481331:40:2:434
[log] [coop:interaction] interactionCounter() read -> 47 (role=host)
[log] [coop:interaction] interactionCounter() read -> 47 (role=guest)
[log] [coop-soak:wave-complete] {"seed":20260924,"wave":40,"wavesRequested":55,"wavesCompleted":40,"waveElapsedMs":3221,"elapsedMs":119317,"findings":0,"hostPhase":"ErCrossroadsPhase","guestPhase":"ErCrossroadsPhase"}
[log] [coop:interaction] interactionCounter() read -> 47 (role=host)
[log] [coop:owner] ownerOf(counter=47) seat=1 -> owner=guest
[log] [coop:owner] isLocalOwnerAtCounter(pinnedCounter=47) parity=1 owner=guest role=host -> false
[log] [coop:interaction] uiMirror WATCHER apply n=0 button=1 mode=15
[log] [coop:relay] DELIVER interactionChoice seq=9600047 -> waiter kind=crossroads choice=1 data=-
[log] [coop:relay] AWAIT interactionChoice seq=9600047 RESOLVE kind=crossroads choice=1 data=-
[log] [coop:transport] send host t=envelope t=envelope
[log] [coop:reward] crossroads WATCHER: owner pick received moveOn=true pinnedStart=47 (#848)
[log] [coop:v2-interaction] terminal proof recorded op=1833203800481331:1:CROSSROADS_PICK:9600047 role=host seat=0 duplicate=0 ambient=1
[log] [coop:transport] recv guest t=envelope t=envelope handlers=1
[log] [coop:owner] ownerOf(counter=47) seat=1 -> owner=guest
[log] [coop:owner] isLocalOwnerAtCounter(pinnedCounter=47) parity=1 owner=guest role=host -> false
[log] [coop:owner] ownerOf(counter=47) seat=1 -> owner=guest
[log] [coop:owner] isLocalOwnerAtCounter(pinnedCounter=47) parity=1 owner=guest role=host -> false
[log] [coop:reward] biome pick owner/watcher decision: pinnedStart=47 role=host spoof=false chained=true -> WATCHER (#848)
[log] [coop:interaction] uiMirror beginSession role=watcher mode=54 seq=9700047 early=0
[log] [coop:relay] AWAIT interactionChoice seq=9700047 timeoutMs=1200000 expected=[biomePick] -> network-wait
[log] [coop:interaction] interactionCounter() read -> 47 (role=host)
[log] [coop:owner] ownerOf(counter=47) seat=1 -> owner=guest
[log] [coop:owner] isLocalOwnerAtCounter(pinnedCounter=47) parity=1 owner=guest role=host -> false
[log] [coop:relay] DELIVER interactionChoice seq=9700047 -> waiter kind=biomePick choice=0 data=[27]
[log] [coop:relay] AWAIT interactionChoice seq=9700047 RESOLVE kind=biomePick choice=0 data=[27]
[log] [coop:transport] send host t=envelope t=envelope
[log] [coop:reward] biome pick WATCHER: owner biome=undefined received pinnedStart=47 (#848)
[log] [coop:transport] recv guest t=envelope t=envelope handlers=1
[log] [coop:interaction] interactionCounter() read -> 47 (role=host)
[log] [coop:interaction] CoopInteractionTurn.advance INCREMENT (fromCounter=47) counter 47 -> 48
[log] [coop:interaction] advanceInteraction ADVANCED+BROADCAST (fromCounter=47) counter 47 -> 48 role=host; send interaction screen=__turn__ choice=48
[log] [coop:interaction] SEND counter snapshot reason=advance choice=48 role=host
[log] [coop:transport] send host t=interaction screen=__turn__
[log] [coop:owner] ownerOf(counter=48) seat=0 -> owner=host
[log] [coop:owner] ownerOf(counter=48) seat=0 -> owner=host
[log] [coop:interaction] interactionCounter() read -> 48 (role=host)
[log] [coop:reward] advance interaction from CONTINUATION commit (role=host from=47 counter 47 -> 48)
[log] [coop:interaction] interactionCounter() read -> 48 (role=host)
[log] [coop:v2-interaction] terminal proof recorded op=1833203800481331:1:BIOME_PICK:9700047 role=host seat=0 duplicate=0 ambient=1
[log] [coop:transport] recv guest t=interaction screen=__turn__ handlers=1
[log] [coop:interaction] RECV interaction broadcast (deferred catch-up net) received=48 localBefore=48 role=host -> no defer (local >= received)
[warn] [coop:interaction] CoopInteractionTurn.mergeRemote DEFER (remote=48, counter=48, pendingRemote=48) live counter UNCHANGED (folds in at next advance if still ahead)
[log] [coop:owner] ownerOf(counter=48) seat=0 -> owner=host
[log] [coop:owner] ownerOf(counter=48) seat=0 -> owner=host
[log] [coop:interaction] interactionCounter() read -> 48 (role=host)
[log] %cStart Phase: PartyHealPhase color:green
[log] %cStart Phase: ResetStatusPhase color:green
[log] %cStart Phase: ResetStatusPhase color:green
[log] %cStart Phase: ResetStatusPhase color:green
[log] %cStart Phase: ResetStatusPhase color:green
[log] %cStart Phase: ResetStatusPhase color:green
[log] %cStart Phase: ResetStatusPhase color:green
[log] %cStart Phase: SwitchBiomePhase color:green
[log] %cStart Phase: NewBattlePhase color:green
[log] [coop:turn] host recorder: begin deferred transition turn=1 scope=1833203800481331:41
[log] [coop:v2-control] NewBattlePhase installed committed host biome encounter wave=40->41
[log] %cStart Phase: ReturnPhase color:green
[log] [coop:turn] host recorder: preserve recording scope=1833203800481331:41 turn=1 events=0 seq=0
[log] %cStart Phase: ReturnPhase color:green
[log] [coop:turn] host recorder: preserve recording scope=1833203800481331:41 turn=1 events=0 seq=0
[log] %cStart Phase: ShowTrainerPhase color:green
[log] %cStart Phase: NewBiomeEncounterPhase color:green
[log] [coop:turn] host recorder: append turn=1 seq=0 k=terrain total=1 live=true
[log] [coop:turn] host recorder: append turn=1 seq=1 k=message total=2 live=true
[log] [coop:interaction] interactionCounter() read -> 48 (role=host)
[log] [coop:replay] host SEND enemyPartySync wave=41 count=2 meType=-1 battleType=0 entryPresentation=-
[log] [coop:transport] send host t=enemyPartySync wave=41 enemies=2 battleType=0
[log] [coop:turn] host recorder: preserve recording scope=1833203800481331:41 turn=1 events=2 seq=2
[log] [coop:transport] recv guest t=enemyPartySync wave=41 enemies=2 battleType=0 handlers=1
[log] %cStart Phase: CommonAnimPhase color:green
[log] %cStart Phase: MessagePhase color:green
[log] %cStart Phase: LevelCapPhase color:green
[log] %cStart Phase: SummonPhase color:green
[log] [coop:turn] host recorder: preserve recording scope=1833203800481331:41 turn=1 events=2 seq=2
[log] %cStart Phase: ToggleDoublePositionPhase color:green
[log] %cStart Phase: SummonPhase color:green
[log] [coop:turn] host recorder: preserve recording scope=1833203800481331:41 turn=1 events=2 seq=2
[log] %cStart Phase: CheckSwitchPhase color:green
[log] %cStart Phase: CheckSwitchPhase color:green
[log] %cStart Phase: InitEncounterPhase color:green
[log] [coop:turn] host recorder: preserve recording scope=1833203800481331:41 turn=1 events=2 seq=2
[log] %cStart Phase: PostSummonPhase color:green
[log] %cStart Phase: PostSummonPhase color:green
[log] %cStart Phase: ShowAbilityPhase color:green
[log] [coop:turn] host recorder: append turn=1 seq=2 k=showAbility total=3 live=true
[log] %cStart Phase: StatStageChangePhase color:green
[log] [coop:turn] host recorder: append turn=1 seq=3 k=message total=4 live=true
[log] [coop:turn] host recorder: append turn=1 seq=4 k=statStage total=5 live=true
[log] %cStart Phase: MessagePhase color:green
[log] %cStart Phase: StatStageChangePhase color:green
[log] [coop:turn] host recorder: append turn=1 seq=5 k=message total=6 live=true
[log] [coop:turn] host recorder: append turn=1 seq=6 k=statStage total=7 live=true
[log] %cStart Phase: MessagePhase color:green
[log] %cStart Phase: HideAbilityPhase color:green
[log] [coop:turn] host recorder: append turn=1 seq=7 k=hideAbility total=8 live=true
[log] %cStart Phase: PostSummonPhase color:green
[log] %cStart Phase: PostSummonPhase color:green
[log] %cStart Phase: PostSummonPhase color:green
[log] %cStart Phase: PostSummonPhase color:green
[log] %cStart Phase: TurnInitPhase color:green
[log] [coop:replay] host SEND enemyPartySync wave=41 count=2 meType=-1 battleType=0 entryPresentation=8
[log] [coop:transport] send host t=enemyPartySync wave=41 enemies=2 battleType=0
[log] [coop:replay] host RE-BROADCAST wave-start authority wave=41 after post-summon boundary stateChanged=true presentation=8 (#920)
[log] [coop:rendezvous] next-command barrier ARRIVE+AWAIT cmd:41:1 slot=0
[log] [coop:rendezvous] ARRIVE point=cmd:41:1 (send) role=host
[log] [coop:transport] send host t=rendezvous point=cmd:41:1
[log] [coop:rendezvous] AWAIT point=cmd:41:1 timeoutMs=2000 -> network-wait role=host
[log] [coop:transport] recv guest t=enemyPartySync wave=41 enemies=2 battleType=0 handlers=1
[log] [coop:transport] recv guest t=rendezvous point=cmd:41:1 handlers=1
[log] [coop:rendezvous] RECV arrival point=cmd:41:1 -> deliver-to-waiter role=host
[log] [coop:transport] send host t=rendezvous point=cmd:41:1
[log] [coop:rendezvous] AWAIT point=cmd:41:1 RESOLVE both-arrived role=host
[log] [coop:durability] host RELEASE contiguous acknowledged authority cls=op:global seq=95
[log] [coop:durability] host RELEASE contiguous acknowledged authority cls=op:global seq=96
[log] [coop:durability] host RELEASE contiguous acknowledged authority cls=op:global seq=97
[log] [coop:transport] recv guest t=rendezvous point=cmd:41:1 handlers=1
[log] [coop:transport] send host t=enemyPartySync wave=41 enemies=2 battleType=0
[log] [coop:replay] host RE-BROADCAST wave-start authority wave=41 after post-summon boundary stateChanged=false presentation=8 (#920)
[log] [coop:transport] recv guest t=enemyPartySync wave=41 enemies=2 battleType=0 handlers=1
[log] [coop-soak:wave-start] {"seed":20260924,"wave":41,"wavesRequested":55,"wavesCompleted":40,"elapsedMs":120820,"hostPhase":"CommandPhase","guestPhase":"CommandPhase"}
[log] [coop:interaction] interactionCounter() read -> 48 (role=host)
[log] [coop:interaction] interactionCounter() read -> 48 (role=guest)
[log] [coop:interaction] interactionCounter() read -> 48 (role=host)
[log] [coop:checksum] capture digest=88a429de8e2cf14e field=4 biome=27 seed=coop-soak-20260924 weather=0 terrain=3 money=4000 party=[143,94,149,445,376,248] partyLevels=[65,65,65,65,65,65] arenaTags=0 modifiers=6 heldItemsDigest=4 pokeballs=[0:60,1:10,2:0,3:0,4:0] mons=[bi0:sp143/hp303-303/st0/ab12/form0/tera0:0/boss0:0 bi1:sp94/hp179-179/st0/ab5067/form0/tera0:7/boss0:0 bi2:sp123/hp88-88/st0/ab101/form0/tera0:2/boss2:1 bi3:sp193/hp83-83/st0/ab151/form0/tera0:6/boss1:0]
[log] [coop:interaction] interactionCounter() read -> 48 (role=host)
[log] %cStart Phase: SelectTargetPhase color:green
[log] [coop:owner] broadcast own-slot fi=0 turn=1 role=host cmd=0
[log] [coop:relay] broadcastLocalCommand SEND fieldIndex=0 owner=host turn=1 command=0 cursor=3 moveId=85 targets=[2]
[log] [coop:transport] send host t=command fi=0 owner=host turn=1 cmd=0 cursor=3 move=85
[log] [coop:transport] recv guest t=command fi=0 owner=host turn=1 cmd=0 cursor=3 move=85 handlers=1
[log] [coop:relay] recv command fieldIndex=0 turn=1 command=0 -> BUFFERED (no awaiter yet)
[log] %cStart Phase: CommandPhase color:green
[log] [coop:transport] send host t=enemyPartySync wave=41 enemies=2 battleType=0
[log] [coop:replay] host RE-BROADCAST wave-start authority wave=41 after post-summon boundary stateChanged=false presentation=8 (#920)
[log] [coop:battle] CommandPhase slot=1 turn=1 owner=guest role=host -> partner path
[log] [coop:relay] host requestPartnerCommand SEND fieldIndex=1 turn=1 moveSlots=[0,1,2,3] (awaiting peer)
[log] [coop:transport] send host t=commandRequest fi=1 owner=guest turn=1 slots=4
[log] [coop:transport] recv guest t=enemyPartySync wave=41 enemies=2 battleType=0 handlers=1
[log] [coop:transport] recv guest t=commandRequest fi=1 owner=guest turn=1 slots=4 handlers=1
[log] [coop:relay] peer recv commandRequest fieldIndex=1 owner=guest turn=1 moveSlots=[0,1,2,3] -> reply command=0 cursor=1 moveId=247
[log] [coop:transport] send guest t=command fi=1 owner=guest turn=1 cmd=0 cursor=1 move=247
[log] [coop:transport] recv host t=command fi=1 owner=guest turn=1 cmd=0 cursor=1 move=247 handlers=1
[log] [coop:relay] recv command fieldIndex=1 turn=1 command=0 -> resolved awaiting request
[log] [coop:ai] applyWiredPartnerCommand partner=94 wiredMoveId=247 cursor=1 -> moveId=247 moveIndex=1 tera=false targets=[3] targetsFrom=wire-verbatim useMode=1
[log] %cStart Phase: EnemyCommandPhase color:green
[log] %cStart Phase: EnemyCommandPhase color:green
[log] %cStart Phase: TurnStartPhase color:green
[log] [coop-diag] turn-start authoritative guard mode=authoritative role=host turn=1 diverts=false
[log] [coop:turn] host recorder: preserve recording scope=1833203800481331:41 turn=1 events=13 seq=13
[log] %cStart Phase: MovePhase color:green
[log] [coop:turn] host recorder: append turn=1 seq=13 k=moveUsed total=14 live=true
[log] %cStart Phase: MessagePhase color:green
[log] %cStart Phase: MoveEffectPhase color:green
[log] [coop:turn] host recorder: append turn=1 seq=14 k=moveAnim total=15 live=true
[log] [coop:turn] host recorder: append turn=1 seq=15 k=hp total=16 live=true
[log] [coop:turn] host recorder: append turn=1 seq=16 k=faint total=17 live=true
[log] %cStart Phase: DamageAnimPhase color:green
[log] %cStart Phase: FaintPhase color:green
[log] %cStart Phase: MessagePhase color:green
[log] %cStart Phase: VictoryPhase color:green
[log] [coop:progression] HOST applyPartyExp COMPUTE wave=41 expValue=437.8 koMon=Yanma
[log] %cStart Phase: MoveEndPhase color:green
[log] %cStart Phase: MovePhase color:green
[log] [coop:turn] host recorder: append turn=1 seq=17 k=moveUsed total=18 live=true
[log] %cStart Phase: MessagePhase color:green
[log] %cStart Phase: MoveEffectPhase color:green
[log] [coop:turn] host recorder: append turn=1 seq=18 k=moveAnim total=19 live=true
[log] [coop:turn] host recorder: append turn=1 seq=19 k=hp total=20 live=true
[log] [coop:turn] host recorder: append turn=1 seq=20 k=message total=21 live=true
[log] %cStart Phase: DamageAnimPhase color:green
[log] %cStart Phase: MessagePhase color:green
[log] %cStart Phase: MoveEndPhase color:green
[log] %cStart Phase: MovePhase color:green
[log] %cStart Phase: MoveEndPhase color:green
[log] %cStart Phase: MovePhase color:green
[log] [coop:turn] host recorder: append turn=1 seq=21 k=moveUsed total=22 live=true
[log] %cStart Phase: MessagePhase color:green
[log] %cStart Phase: MoveEffectPhase color:green
[log] [coop:turn] host recorder: append turn=1 seq=22 k=moveAnim total=23 live=true
[log] [coop:turn] host recorder: append turn=1 seq=23 k=hp total=24 live=true
[log] [coop:turn] host recorder: append turn=1 seq=24 k=faint total=25 live=true
[log] [coop:turn] host recorder: append turn=1 seq=25 k=message total=26 live=true
[log] %cStart Phase: DamageAnimPhase color:green
[log] %cStart Phase: StatStageChangePhase color:green
[log] %cStart Phase: MessagePhase color:green
[log] %cStart Phase: FaintPhase color:green
[log] %cStart Phase: MessagePhase color:green
[log] %cStart Phase: VictoryPhase color:green
[log] [coop:progression] HOST applyPartyExp COMPUTE wave=41 expValue=581 koMon=Scyther
[warn] [coop:v2-shadow] FAULT tap(WAVE_ADVANCE): AuthorityLog.commit: WAVE_ADVANCE is not authorized by predecessor control after WSHADOW/ADV/w1
[log] [coop:runtime] defer raw waveResolved wave=41 outcome=win until its material turnResolution is retained
[log] [coop-diag] VictoryPhase win-branch role=host battleType=WILD queuesTrainerVictory=false queuesSelectModifier=true wave=41
[log] [coop-diag] VictoryTail role=host wave=41 source=legacy-local trainer=false egg=true biomeShop=false biomeChange=false crossroads=false nextWave=42
[log] %cStart Phase: MoveEndPhase color:green
[log] %cStart Phase: CheckInterludePhase color:green
[log] %cStart Phase: WeatherEffectPhase color:green
[log] %cStart Phase: PositionalTagPhase color:green
[log] %cStart Phase: BerryPhase color:green
[log] %cStart Phase: CheckStatusEffectPhase color:green
[log] %cStart Phase: TurnEndPhase color:green
[log] %cStart Phase: PokemonHealPhase color:green
[log] [coop:turn] host recorder: append turn=1 seq=26 k=hp total=27 live=true
[log] [coop:turn] host recorder: append turn=1 seq=27 k=message total=28 live=true
[log] %cStart Phase: MessagePhase color:green
[log] %cStart Phase: PokemonHealPhase color:green
[log] [coop:turn] host recorder: append turn=1 seq=28 k=message total=29 live=true
[log] %cStart Phase: MessagePhase color:green
[log] %cStart Phase: CoopTurnCommitPhase color:green
[log] [coop:turn] host recorder: finalize turn=1 events=29 seq=29
[log] [coop:checkpoint] build field=4 weather=0/0 terrain=3/0 arenaTags=0 money=4000 mons=[bi0:sp143/hp303-303/st0/fnt0 bi1:sp94/hp127-179/st0/fnt0 bi2:sp123/hp0-88/st7/fnt1 bi3:sp193/hp0-83/st7/fnt1]
[log] [coop:checkpoint] host capture field=4 weather=0 terrain=3 money=4000 arenaTags=0 mons=[bi0:sp143/hp303-303/st0/fnt0 bi1:sp94/hp127-179/st0/fnt0 bi2:sp123/hp0-88/st7/fnt1 bi3:sp193/hp0-83/st7/fnt1]
[log] [coop:interaction] interactionCounter() read -> 48 (role=host)
[log] [coop:replay] host SEND turnResolution e=1833203800481331 wave=41 turn=1 rev=445 events=29 checksum=600050bef0481c9d
[log] [coop:transport] send host t=turnResolution e=1833203800481331 wave=41 turn=1 rev=445 events=29 checksum=600050bef0481c9d
[warn] [coop:v2-shadow] FAULT tap(TURN_COMMIT): AuthorityLog.commit: TURN_COMMIT is not authorized by predecessor control after WSHADOW/ADV/w1
[log] [coop:runtime] send waveResolved wave=41 outcome=win (host)
[log] [coop:replay] host SEND waveResolved wave=41 outcome=win transition=WAVE_VICTORY/next42/biome0/egg1/wild
[log] [coop:transport] send host t=waveResolved wave=41 outcome=win captureParty=- cap=-
[log] [coop:transport] recv guest t=turnResolution e=1833203800481331 wave=41 turn=1 rev=445 events=29 checksum=600050bef0481c9d handlers=1
[log] [coop:transport] recv guest t=waveResolved wave=41 outcome=win captureParty=- cap=- handlers=1
[log] [38;2;255;127;80mPhaseInterceptor.to: Stopping on completion of CoopTurnCommitPhase[39m
[log] %cStart Phase: BattleEndPhase color:green
[log] [coop:progression] HOST automatic victory settlement deferred wave=41 sourceTurn=1 settlementTurn=2
[log] %cStart Phase: EggLapsePhase color:green
[log] %cStart Phase: CoopVictorySealPhase color:green
[log] [coop:transport] send host t=envelope t=envelope
[log] [coop:runtime] wave-advance op HOST commit wave=41 outcome=win next=WAVE_VICTORY rev=98 id=1833203800481331:0:WAVE_ADVANCE:41 (Wave-2f)
[log] [coop:runtime] settled WAVE_ADVANCE committed wave=41 tick=446 next=WAVE_VICTORY/wave42
[log] [coop:runtime] send waveEndState wave=41 tick=446 (host)
[log] [coop:replay] host SEND waveEndState wave=41 tick=446 party=6
[log] [coop:transport] send host t=waveEndState t=waveEndState
[log] [coop:progression] HOST automatic victory settlement sealed wave=41 sourceTurn=1 settlementTurn=2 tick=446
[log] [coop:transport] recv guest t=envelope t=envelope handlers=1
[log] [coop:transport] recv guest t=waveEndState t=waveEndState handlers=1
[log] [coop:interaction] interactionCounter() read -> 48 (role=host)
[log] [coop:owner] ownerOf(counter=48) seat=0 -> owner=host
[log] [coop:owner] isLocalOwnerAtCounter(pinnedCounter=48) parity=0 owner=host role=host -> true
[log] [coop:interaction] interactionCounter() read -> 48 (role=host)
[log] [coop:reward] owner/watcher decision: pinnedStart=48 liveCounter=48 parity=0 role=host pick=OWNER option=ROLL spoof=false
[log] [coop:shop] serializeRewardOptions count=3 ids=[PP_UP,TEMP_STAT_STAGE_BOOSTER,BERRY] tiers=[1,0,0]
[log] [coop:reward] OWNER streams reward options (start=48 reroll=0 count=3 ids=[PP_UP,TEMP_STAT_STAGE_BOOSTER,BERRY])
[log] [coop:relay] SEND rewardOptions seq=48 reroll=0 count=3 ids=[PP_UP,TEMP_STAT_STAGE_BOOSTER,BERRY]
[log] [coop:transport] send host t=rewardOptions seq=48 reroll=0 options=3
[log] [coop:rendezvous] ARRIVE point=shop:41:48 (send) role=host
[log] [coop:transport] send host t=rendezvous point=shop:41:48
[log] [coop:reward] OWNER drives reward screen (start=48 role=host spoof=false adoptsOptions=false wave=41)
[log] [coop:rendezvous] shop-pick-commit barrier AWAIT shop:41:48
[log] [coop:rendezvous] AWAIT point=shop:41:48 timeoutMs=2000 -> network-wait role=host
[log] [coop:transport] recv guest t=rewardOptions seq=48 reroll=0 options=3 handlers=1
[log] [coop:transport] recv guest t=rendezvous point=shop:41:48 handlers=1
[log] [coop:interaction] interactionCounter() read -> 48 (role=host)
[log] [coop:checksum] capture digest=3ce8801eea4ca7f2 field=4 biome=27 seed=coop-soak-20260924 weather=0 terrain=3 money=4000 party=[143,94,149,445,376,248] partyLevels=[65,65,65,65,65,65] arenaTags=0 modifiers=6 heldItemsDigest=0 pokeballs=[0:60,1:10,2:0,3:0,4:0] mons=[bi0:sp143/hp303-303/st0/ab12/form0/tera0:0/boss0:0 bi1:sp94/hp127-179/st0/ab5067/form0/tera0:7/boss0:0 bi2:sp123/hp0-88/st7/ab101/form0/tera0:2/boss2:0 bi3:sp193/hp0-83/st7/ab151/form0/tera0:6/boss1:0]
[log] [coop:durability] operation delivery RETRY key=op:global:98:1833203800481331:41:2:1833203800481331:0:WAVE_ADVANCE:41 attempt=1/8
[log] [coop:transport] send host t=envelope t=envelope
[log] [coop:rendezvous] RECV arrival point=shop:41:48 -> deliver-to-waiter role=host
[log] [coop:transport] send host t=rendezvous point=shop:41:48
[log] [coop:rendezvous] AWAIT point=shop:41:48 RESOLVE both-arrived role=host
[log] [coop:stream] host ACCEPT turn ACK stage=continuationReady key=1833203800481331:41:1:445
[log] [coop:stream] host RELEASE retained turn after continuationReady key=1833203800481331:41:1:445
[log] [coop:durability] host RELEASE contiguous acknowledged authority cls=op:global seq=98
[warn] [coop:durability] DROP skipped/regressed operation ACK key=op:global:98:1833203800481331:41:2:1833203800481331:0:WAVE_ADVANCE:41 stage=materialApplied
[warn] [coop:durability] DROP skipped/regressed operation ACK key=op:global:98:1833203800481331:41:2:1833203800481331:0:WAVE_ADVANCE:41 stage=presentationReady
[log] [coop:transport] recv guest t=rendezvous point=shop:41:48 handlers=1
[log] [coop:interaction] mirror begin role=owner mirrorSeq=3072 interactionStart=48 reroll=0
[log] [coop:interaction] uiMirror beginSession role=owner mode=6 seq=3072 early=0
[log] [coop:owner] ownerOf(counter=48) seat=0 -> owner=host
[log] [coop:owner] isLocalOwnerAtCounter(pinnedCounter=48) parity=0 owner=host role=host -> true
[log] [coop:relay] OWNER prepare seq=48 kind=skip choice=-1 data=[] role=host
[log] [coop:reward] reward op INTENT prepared label=skip id=1833203800481331:0:REWARD:4800000
[log] [coop:shop] serializeRewardOptions count=3 ids=[PP_UP,TEMP_STAT_STAGE_BOOSTER,BERRY] tiers=[1,0,0]
[log] [coop:transport] send host t=envelope t=envelope
[log] [coop:reward] reward authoritative RESULT retained rev=99 tick=447 id=1833203800481331:0:REWARD:4800000
[log] [coop:reward] OWNER retained terminal before continuation seq=48 id=1833203800481331:0:REWARD:4800000
[log] [coop:transport] recv guest t=envelope t=envelope handlers=1
[log] [coop:interaction] RECV interaction broadcast (deferred catch-up net) received=49 localBefore=48 role=host -> WILL DEFER to 49 (folds in at next advance if still ahead)
[warn] [coop:interaction] CoopInteractionTurn.mergeRemote DEFER (remote=49, counter=48, pendingRemote=49) live counter UNCHANGED (folds in at next advance if still ahead)
[log] [coop:owner] ownerOf(counter=48) seat=0 -> owner=host
[log] [coop:owner] ownerOf(counter=48) seat=0 -> owner=host
[log] [coop:reward] OWNER peer material applied; release terminal engine barrier seq=48 id=1833203800481331:0:REWARD:4800000
[log] [coop:interaction] interactionCounter() read -> 48 (role=host)
[log] [coop:interaction] CoopInteractionTurn.advance INCREMENT (fromCounter=48) counter 48 -> 49
[log] [coop:interaction] advanceInteraction ADVANCED+BROADCAST (fromCounter=48) counter 48 -> 49 role=host; send interaction screen=__turn__ choice=49
[log] [coop:interaction] SEND counter snapshot reason=advance choice=49 role=host
[log] [coop:transport] send host t=interaction screen=__turn__
[log] [coop:owner] ownerOf(counter=49) seat=1 -> owner=guest
[log] [coop:owner] ownerOf(counter=49) seat=1 -> owner=guest
[log] [coop:interaction] interactionCounter() read -> 49 (role=host)
[log] [coop:reward] advance interaction (role=host from=48 counter 48 -> 49)
[log] [coop:transport] recv guest t=interaction screen=__turn__ handlers=1
[log] %cStart Phase: NewBattlePhase color:green
[log] [coop:turn] host recorder: begin deferred transition turn=1 scope=1833203800481331:42
[log] %cStart Phase: CoopPartnerSyncPhase color:green
[log] [coop:interaction] interactionCounter() read -> 49 (role=host)
[log] %cStart Phase: ReturnPhase color:green
[log] [coop:turn] host recorder: preserve recording scope=1833203800481331:42 turn=1 events=0 seq=0
[log] %cStart Phase: ReturnPhase color:green
[log] [coop:turn] host recorder: preserve recording scope=1833203800481331:42 turn=1 events=0 seq=0
[log] %cStart Phase: ShowTrainerPhase color:green
[log] %cStart Phase: NextEncounterPhase color:green
[log] [coop:interaction] interactionCounter() read -> 49 (role=host)
[log] [coop:replay] host SEND enemyPartySync wave=42 count=2 meType=-1 battleType=1 entryPresentation=-
[log] [coop:transport] send host t=enemyPartySync wave=42 enemies=2 battleType=1
[log] [coop:transport] recv guest t=enemyPartySync wave=42 enemies=2 battleType=1 handlers=1
[log] [coop:turn] host recorder: preserve recording scope=1833203800481331:42 turn=1 events=0 seq=0
[log] %cStart Phase: SummonPhase color:green
[log] [coop:turn] host recorder: preserve recording scope=1833203800481331:42 turn=1 events=0 seq=0
[log] %cStart Phase: SummonPhase color:green
[log] [coop:turn] host recorder: preserve recording scope=1833203800481331:42 turn=1 events=0 seq=0
[log] %cStart Phase: SummonPhase color:green
[log] [coop:turn] host recorder: preserve recording scope=1833203800481331:42 turn=1 events=0 seq=0
[log] %cStart Phase: ToggleDoublePositionPhase color:green
[log] %cStart Phase: SummonPhase color:green
[log] [coop:turn] host recorder: preserve recording scope=1833203800481331:42 turn=1 events=0 seq=0
[log] %cStart Phase: InitEncounterPhase color:green
[log] [coop:turn] host recorder: preserve recording scope=1833203800481331:42 turn=1 events=0 seq=0
[log] %cStart Phase: PostSummonPhase color:green
[log] %cStart Phase: PostSummonPhase color:green
[log] [coop:turn] host recorder: append turn=1 seq=0 k=message total=1 live=true
[log] %cStart Phase: ShowAbilityPhase color:green
[log] [coop:turn] host recorder: append turn=1 seq=1 k=showAbility total=2 live=true
[log] %cStart Phase: MessagePhase color:green
[log] %cStart Phase: StatStageChangePhase color:green
[log] [coop:turn] host recorder: append turn=1 seq=2 k=message total=3 live=true
[log] [coop:turn] host recorder: append turn=1 seq=3 k=statStage total=4 live=true
[log] %cStart Phase: MessagePhase color:green
[log] %cStart Phase: HideAbilityPhase color:green
[log] [coop:turn] host recorder: append turn=1 seq=4 k=hideAbility total=5 live=true
[log] %cStart Phase: PostSummonPhase color:green
[log] %cStart Phase: PostSummonPhase color:green
[log] %cStart Phase: PostSummonPhase color:green
[log] %cStart Phase: PostSummonPhase color:green
[log] %cStart Phase: ShowAbilityPhase color:green
[log] [coop:turn] host recorder: append turn=1 seq=5 k=showAbility total=6 live=true
[log] %cStart Phase: MovePhase color:green
[log] [coop:turn] host recorder: append turn=1 seq=6 k=moveUsed total=7 live=true
[log] %cStart Phase: MessagePhase color:green
[log] %cStart Phase: MoveEffectPhase color:green
[log] [coop:turn] host recorder: append turn=1 seq=7 k=moveAnim total=8 live=true
[log] %cStart Phase: StatStageChangePhase color:green
[log] [coop:turn] host recorder: append turn=1 seq=8 k=message total=9 live=true
[log] [coop:turn] host recorder: append turn=1 seq=9 k=statStage total=10 live=true
[log] %cStart Phase: MessagePhase color:green
[log] %cStart Phase: MoveEndPhase color:green
[log] %cStart Phase: HideAbilityPhase color:green
[log] [coop:turn] host recorder: append turn=1 seq=10 k=hideAbility total=11 live=true
[log] %cStart Phase: PostSummonPhase color:green
[log] %cStart Phase: TurnInitPhase color:green
[log] [coop:replay] host SEND enemyPartySync wave=42 count=2 meType=-1 battleType=1 entryPresentation=11
[log] [coop:transport] send host t=enemyPartySync wave=42 enemies=2 battleType=1
[log] [coop:replay] host RE-BROADCAST wave-start authority wave=42 after post-summon boundary stateChanged=true presentation=11 (#920)
[log] [coop:rendezvous] next-command barrier ARRIVE+AWAIT cmd:42:1 slot=0
[log] [coop:rendezvous] ARRIVE point=cmd:42:1 (send) role=host
[log] [coop:transport] send host t=rendezvous point=cmd:42:1
[log] [coop:rendezvous] AWAIT point=cmd:42:1 timeoutMs=2000 -> network-wait role=host
[log] [coop:transport] recv guest t=enemyPartySync wave=42 enemies=2 battleType=1 handlers=1
[log] [coop:transport] recv guest t=rendezvous point=cmd:42:1 handlers=1
[log] [coop:rendezvous] RECV arrival point=cmd:42:1 -> deliver-to-waiter role=host
[log] [coop:transport] send host t=rendezvous point=cmd:42:1
[log] [coop:rendezvous] AWAIT point=cmd:42:1 RESOLVE both-arrived role=host
[log] [coop:durability] host RELEASE contiguous acknowledged authority cls=op:global seq=99
[log] [coop:transport] recv guest t=rendezvous point=cmd:42:1 handlers=1
[log] [coop:transport] send host t=enemyPartySync wave=42 enemies=2 battleType=1
[log] [coop:replay] host RE-BROADCAST wave-start authority wave=42 after post-summon boundary stateChanged=false presentation=11 (#920)
[log] [coop:transport] recv guest t=enemyPartySync wave=42 enemies=2 battleType=1 handlers=1
[log] [coop:interaction] interactionCounter() read -> 49 (role=host)
[log] [coop:checksum] capture digest=fa0bdf944ff8a824 field=4 biome=27 seed=coop-soak-20260924 weather=0 terrain=3 money=4000 party=[143,94,149,445,376,248] partyLevels=[65,65,65,65,65,65] arenaTags=0 modifiers=6 heldItemsDigest=0 pokeballs=[0:60,1:10,2:0,3:0,4:0] mons=[bi0:sp143/hp303-303/st0/ab12/form0/tera0:0/boss0:0 bi1:sp94/hp127-179/st0/ab5067/form0/tera0:7/boss0:0 bi2:sp832/hp87-87/st0/ab113/form0/tera0:0/boss0:0 bi3:sp507/hp88-88/st0/ab146/form0/tera0:0/boss0:0]
[log] [coop:interaction] interactionCounter() read -> 49 (role=host)
[log] %cStart Phase: SelectTargetPhase color:green
[log] [coop:owner] broadcast own-slot fi=0 turn=1 role=host cmd=0
[log] [coop:relay] broadcastLocalCommand SEND fieldIndex=0 owner=host turn=1 command=0 cursor=3 moveId=85 targets=[2]
[log] [coop:transport] send host t=command fi=0 owner=host turn=1 cmd=0 cursor=3 move=85
[log] [coop:transport] recv guest t=command fi=0 owner=host turn=1 cmd=0 cursor=3 move=85 handlers=1
[log] [coop:relay] recv command fieldIndex=0 turn=1 command=0 -> BUFFERED (no awaiter yet)
[log] %cStart Phase: CommandPhase color:green
[log] [coop:transport] send host t=enemyPartySync wave=42 enemies=2 battleType=1
[log] [coop:replay] host RE-BROADCAST wave-start authority wave=42 after post-summon boundary stateChanged=false presentation=11 (#920)
[log] [coop:battle] CommandPhase slot=1 turn=1 owner=guest role=host -> partner path
[log] [coop:relay] host requestPartnerCommand SEND fieldIndex=1 turn=1 moveSlots=[0,1,2,3] (awaiting peer)
[log] [coop:transport] send host t=commandRequest fi=1 owner=guest turn=1 slots=4
[log] [coop:transport] recv guest t=enemyPartySync wave=42 enemies=2 battleType=1 handlers=1
[log] [coop:transport] recv guest t=commandRequest fi=1 owner=guest turn=1 slots=4 handlers=1
[log] [coop:relay] peer recv commandRequest fieldIndex=1 owner=guest turn=1 moveSlots=[0,1,2,3] -> reply command=2 cursor=3 moveId=-
[log] [coop:transport] send guest t=command fi=1 owner=guest turn=1 cmd=2 cursor=3 move=-
[log] [coop:transport] recv host t=command fi=1 owner=guest turn=1 cmd=2 cursor=3 move=- handlers=1
[log] [coop:relay] recv command fieldIndex=1 turn=1 command=2 -> resolved awaiting request
[log] %cStart Phase: EnemyCommandPhase color:green
[log] %cStart Phase: EnemyCommandPhase color:green
[log] %cStart Phase: TurnStartPhase color:green
[log] [coop-diag] turn-start authoritative guard mode=authoritative role=host turn=1 diverts=false
[log] [coop:turn] host recorder: preserve recording scope=1833203800481331:42 turn=1 events=15 seq=15
[log] %cStart Phase: SwitchSummonPhase color:green
[log] [coop:turn] host recorder: preserve recording scope=1833203800481331:42 turn=1 events=15 seq=15
[log] [coop:turn] host recorder: append turn=1 seq=15 k=switch total=16 live=true
[log] %cStart Phase: PostSummonPhase color:green
[log] %cStart Phase: MovePhase color:green
[log] [coop:turn] host recorder: append turn=1 seq=16 k=moveUsed total=17 live=true
[log] %cStart Phase: MessagePhase color:green
[log] %cStart Phase: MoveEffectPhase color:green
[log] [coop:turn] host recorder: append turn=1 seq=17 k=moveAnim total=18 live=true
[log] [coop:turn] host recorder: append turn=1 seq=18 k=hp total=19 live=true
[log] [coop:turn] host recorder: append turn=1 seq=19 k=faint total=20 live=true
[log] %cStart Phase: DamageAnimPhase color:green
[log] %cStart Phase: FaintPhase color:green
[log] %cStart Phase: MessagePhase color:green
[log] %cStart Phase: VictoryPhase color:green
[log] [coop:progression] HOST applyPartyExp COMPUTE wave=42 expValue=964.2 koMon=Dubwool
[log] %cStart Phase: MoveEndPhase color:green
[log] %cStart Phase: MovePhase color:green
[log] %cStart Phase: MoveEndPhase color:green
[log] %cStart Phase: MovePhase color:green
[log] [coop:turn] host recorder: append turn=1 seq=20 k=moveUsed total=21 live=true
[log] %cStart Phase: MessagePhase color:green
[log] %cStart Phase: MoveEffectPhase color:green
[log] [coop:turn] host recorder: append turn=1 seq=21 k=moveAnim total=22 live=true
[log] [coop:turn] host recorder: append turn=1 seq=22 k=hp total=23 live=true
[log] [coop:turn] host recorder: append turn=1 seq=23 k=message total=24 live=true
[log] %cStart Phase: DamageAnimPhase color:green
[log] %cStart Phase: MessagePhase color:green
[log] %cStart Phase: MoveEndPhase color:green
[log] %cStart Phase: CheckInterludePhase color:green
[log] %cStart Phase: WeatherEffectPhase color:green
[log] %cStart Phase: PositionalTagPhase color:green
[log] %cStart Phase: BerryPhase color:green
[log] %cStart Phase: CheckStatusEffectPhase color:green
[log] %cStart Phase: TurnEndPhase color:green
[log] %cStart Phase: PokemonHealPhase color:green
[log] [coop:turn] host recorder: append turn=1 seq=24 k=hp total=25 live=true
[log] [coop:turn] host recorder: append turn=1 seq=25 k=message total=26 live=true
[log] %cStart Phase: MessagePhase color:green
[log] %cStart Phase: PokemonHealPhase color:green
[log] [coop:turn] host recorder: append turn=1 seq=26 k=message total=27 live=true
[log] %cStart Phase: MessagePhase color:green
[log] %cStart Phase: PokemonHealPhase color:green
[log] [coop:turn] host recorder: append turn=1 seq=27 k=message total=28 live=true
[log] %cStart Phase: MessagePhase color:green
[log] %cStart Phase: CoopTurnCommitPhase color:green
[log] [coop:turn] host recorder: finalize turn=1 events=28 seq=28
[log] [coop:checkpoint] build field=4 weather=0/0 terrain=3/0 arenaTags=0 money=4000 mons=[bi0:sp143/hp303-303/st0/fnt0 bi1:sp445/hp224-235/st0/fnt0 bi2:sp832/hp0-87/st7/fnt1 bi3:sp507/hp88-88/st0/fnt0]
[log] [coop:checkpoint] host capture field=4 weather=0 terrain=3 money=4000 arenaTags=0 mons=[bi0:sp143/hp303-303/st0/fnt0 bi1:sp445/hp224-235/st0/fnt0 bi2:sp832/hp0-87/st7/fnt1 bi3:sp507/hp88-88/st0/fnt0]
[log] [coop:interaction] interactionCounter() read -> 49 (role=host)
[log] [coop:replay] host SEND turnResolution e=1833203800481331 wave=42 turn=1 rev=454 events=28 checksum=d35dc6473cf5b924
[log] [coop:transport] send host t=turnResolution e=1833203800481331 wave=42 turn=1 rev=454 events=28 checksum=d35dc6473cf5b924
[warn] [coop:v2-shadow] FAULT tap(TURN_COMMIT): AuthorityLog.commit: TURN_COMMIT is not authorized by predecessor control after WSHADOW/ADV/w1
[log] [coop:transport] recv guest t=turnResolution e=1833203800481331 wave=42 turn=1 rev=454 events=28 checksum=d35dc6473cf5b924 handlers=1
[log] [38;2;255;127;80mPhaseInterceptor.to: Stopping on completion of CoopTurnCommitPhase[39m
[log] %cStart Phase: TurnInitPhase color:green
[log] [coop:rendezvous] ARRIVE point=cmd:42:2 (send) role=host
[log] [coop:transport] send host t=rendezvous point=cmd:42:2
[log] [coop:rendezvous] next-command barrier cmd:42:2 SYNC pass (partner already arrived)
[log] [coop:transport] recv guest t=rendezvous point=cmd:42:2 handlers=1
[log] [coop:stream] host ACCEPT turn ACK stage=continuationReady key=1833203800481331:42:1:454
[log] [coop:stream] host RELEASE retained turn after continuationReady key=1833203800481331:42:1:454
[log] [coop:relay] broadcastLocalCommand SEND fieldIndex=0 owner=host turn=2 command=2 cursor=2 moveId=- targets=[]
[log] [coop:transport] send host t=command fi=0 owner=host turn=2 cmd=2 cursor=2 move=-
[log] [coop:transport] recv guest t=command fi=0 owner=host turn=2 cmd=2 cursor=2 move=- handlers=1
[log] [coop:relay] recv command fieldIndex=0 turn=2 command=2 -> BUFFERED (no awaiter yet)
[log] %cStart Phase: CommandPhase color:green
[log] [coop:battle] CommandPhase slot=1 turn=2 owner=guest role=host -> partner path
[log] [coop:relay] host requestPartnerCommand SEND fieldIndex=1 turn=2 moveSlots=[0,1,2,3] (awaiting peer)
[log] [coop:transport] send host t=commandRequest fi=1 owner=guest turn=2 slots=4
[log] [coop:transport] recv guest t=commandRequest fi=1 owner=guest turn=2 slots=4 handlers=1
[log] [coop:relay] peer recv commandRequest fieldIndex=1 owner=guest turn=2 moveSlots=[0,1,2,3] -> reply command=2 cursor=3 moveId=-
[log] [coop:transport] send guest t=command fi=1 owner=guest turn=2 cmd=2 cursor=3 move=-
[log] [coop:transport] recv host t=command fi=1 owner=guest turn=2 cmd=2 cursor=3 move=- handlers=1
[log] [coop:relay] recv command fieldIndex=1 turn=2 command=2 -> resolved awaiting request
[log] %cStart Phase: EnemyCommandPhase color:green
[log] %cStart Phase: TurnStartPhase color:green
[log] [coop-diag] turn-start authoritative guard mode=authoritative role=host turn=2 diverts=false
[log] [coop:turn] host recorder: begin turn=2 scope=1833203800481331:42 (no prior open recording)
[log] %cStart Phase: SwitchSummonPhase color:green
[log] [coop:turn] host recorder: preserve recording scope=1833203800481331:42 turn=2 events=0 seq=0
[log] [coop:turn] host recorder: append turn=2 seq=0 k=switch total=1 live=true
[log] %cStart Phase: PostSummonPhase color:green
[log] %cStart Phase: PostSummonPhase color:green
[log] %cStart Phase: ShowAbilityPhase color:green
[log] [coop:turn] host recorder: append turn=2 seq=1 k=showAbility total=2 live=true
[log] %cStart Phase: StatStageChangePhase color:green
[log] [coop:turn] host recorder: append turn=2 seq=2 k=message total=3 live=true
[log] [coop:turn] host recorder: append turn=2 seq=3 k=statStage total=4 live=true
[log] %cStart Phase: MessagePhase color:green
[log] %cStart Phase: HideAbilityPhase color:green
[log] [coop:turn] host recorder: append turn=2 seq=4 k=hideAbility total=5 live=true
[log] %cStart Phase: SwitchSummonPhase color:green
[log] [coop:turn] host recorder: preserve recording scope=1833203800481331:42 turn=2 events=5 seq=5
[log] [coop:turn] host recorder: append turn=2 seq=5 k=switch total=6 live=true
[log] %cStart Phase: PostSummonPhase color:green
[log] %cStart Phase: MovePhase color:green
[log] [coop:turn] host recorder: append turn=2 seq=6 k=moveUsed total=7 live=true
[log] %cStart Phase: MessagePhase color:green
[log] %cStart Phase: MoveEffectPhase color:green
[log] [coop:turn] host recorder: append turn=2 seq=7 k=message total=8 live=true
[log] %cStart Phase: MessagePhase color:green
[log] %cStart Phase: MoveEndPhase color:green
[log] %cStart Phase: CheckInterludePhase color:green
[log] %cStart Phase: WeatherEffectPhase color:green
[log] %cStart Phase: PositionalTagPhase color:green
[log] %cStart Phase: BerryPhase color:green
[log] %cStart Phase: CheckStatusEffectPhase color:green
[log] %cStart Phase: TurnEndPhase color:green
[log] %cStart Phase: PokemonHealPhase color:green
[log] [coop:turn] host recorder: append turn=2 seq=8 k=hp total=9 live=true
[log] [coop:turn] host recorder: append turn=2 seq=9 k=message total=10 live=true
[log] %cStart Phase: MessagePhase color:green
[log] %cStart Phase: PokemonHealPhase color:green
[log] [coop:turn] host recorder: append turn=2 seq=10 k=message total=11 live=true
[log] %cStart Phase: MessagePhase color:green
[log] %cStart Phase: CoopTurnCommitPhase color:green
[log] [coop:turn] host recorder: finalize turn=2 events=11 seq=11
[log] [coop:checkpoint] build field=4 weather=0/0 terrain=3/0 arenaTags=0 money=4000 mons=[bi0:sp149/hp213-213/st0/fnt0 bi1:sp94/hp138-179/st0/fnt0 bi2:sp832/hp0-87/st7/fnt1 bi3:sp507/hp88-88/st0/fnt0]
[log] [coop:checkpoint] host capture field=4 weather=0 terrain=3 money=4000 arenaTags=0 mons=[bi0:sp149/hp213-213/st0/fnt0 bi1:sp94/hp138-179/st0/fnt0 bi2:sp832/hp0-87/st7/fnt1 bi3:sp507/hp88-88/st0/fnt0]
[log] [coop:interaction] interactionCounter() read -> 49 (role=host)
[log] [coop:replay] host SEND turnResolution e=1833203800481331 wave=42 turn=2 rev=457 events=11 checksum=b6ab8c64acb66503
[log] [coop:transport] send host t=turnResolution e=1833203800481331 wave=42 turn=2 rev=457 events=11 checksum=b6ab8c64acb66503
[warn] [coop:v2-shadow] FAULT tap(TURN_COMMIT): AuthorityLog.commit: TURN_COMMIT is not authorized by predecessor control after WSHADOW/ADV/w1
[log] [coop:transport] recv guest t=turnResolution e=1833203800481331 wave=42 turn=2 rev=457 events=11 checksum=b6ab8c64acb66503 handlers=1
[log] [38;2;255;127;80mPhaseInterceptor.to: Stopping on completion of CoopTurnCommitPhase[39m
[log] %cStart Phase: TurnInitPhase color:green
[log] [coop:transport] recv host t=rendezvous point=cmd:42:3 handlers=1
[log] [coop:rendezvous] RECV arrival point=cmd:42:3 -> BUFFER (no waiter yet) role=host
[log] [coop:rendezvous] ARRIVE point=cmd:42:3 (send) role=host
[log] [coop:transport] send host t=rendezvous point=cmd:42:3
[log] [coop:rendezvous] next-command barrier cmd:42:3 SYNC pass (partner already arrived)
[log] [coop:transport] recv guest t=rendezvous point=cmd:42:3 handlers=1
[log] [coop:stream] host ACCEPT turn ACK stage=continuationReady key=1833203800481331:42:2:457
[log] [coop:stream] host RELEASE retained turn after continuationReady key=1833203800481331:42:2:457
[log] %cStart Phase: SelectTargetPhase color:green
[log] [coop:owner] broadcast own-slot fi=0 turn=3 role=host cmd=0
[log] [coop:relay] broadcastLocalCommand SEND fieldIndex=0 owner=host turn=3 command=0 cursor=3 moveId=85 targets=[3]
[log] [coop:transport] send host t=command fi=0 owner=host turn=3 cmd=0 cursor=3 move=85
[log] [coop:transport] recv guest t=command fi=0 owner=host turn=3 cmd=0 cursor=3 move=85 handlers=1
[log] [coop:relay] recv command fieldIndex=0 turn=3 command=0 -> BUFFERED (no awaiter yet)
[log] %cStart Phase: CommandPhase color:green
[log] [coop:battle] CommandPhase slot=1 turn=3 owner=guest role=host -> partner path
[log] [coop:relay] host requestPartnerCommand SEND fieldIndex=1 turn=3 moveSlots=[0,1,2,3] (awaiting peer)
[log] [coop:transport] send host t=commandRequest fi=1 owner=guest turn=3 slots=4
[log] [coop:transport] recv guest t=commandRequest fi=1 owner=guest turn=3 slots=4 handlers=1
[log] [coop:relay] peer recv commandRequest fieldIndex=1 owner=guest turn=3 moveSlots=[0,1,2,3] -> reply command=0 cursor=3 moveId=85
[log] [coop:transport] send guest t=command fi=1 owner=guest turn=3 cmd=0 cursor=3 move=85
[log] [coop:transport] recv host t=command fi=1 owner=guest turn=3 cmd=0 cursor=3 move=85 handlers=1
[log] [coop:relay] recv command fieldIndex=1 turn=3 command=0 -> resolved awaiting request
[log] [coop:ai] applyWiredPartnerCommand partner=94 wiredMoveId=85 cursor=3 -> moveId=85 moveIndex=3 tera=false targets=[3] targetsFrom=wire-verbatim useMode=1
[log] %cStart Phase: EnemyCommandPhase color:green
[log] %cStart Phase: TurnStartPhase color:green
[log] [coop-diag] turn-start authoritative guard mode=authoritative role=host turn=3 diverts=false
[log] [coop:turn] host recorder: begin turn=3 scope=1833203800481331:42 (no prior open recording)
[log] %cStart Phase: MovePhase color:green
[log] [coop:turn] host recorder: append turn=3 seq=0 k=moveUsed total=1 live=true
[log] %cStart Phase: MessagePhase color:green
[log] %cStart Phase: MoveEffectPhase color:green
[log] [coop:turn] host recorder: append turn=3 seq=1 k=moveAnim total=2 live=true
[log] [coop:turn] host recorder: append turn=3 seq=2 k=hp total=3 live=true
[log] [coop:turn] host recorder: append turn=3 seq=3 k=faint total=4 live=true
[log] %cStart Phase: DamageAnimPhase color:green
[log] %cStart Phase: FaintPhase color:green
[log] %cStart Phase: MessagePhase color:green
[log] %cStart Phase: VictoryPhase color:green
[log] [coop:progression] HOST applyPartyExp COMPUTE wave=42 expValue=781 koMon=Herdier
[warn] [coop:v2-shadow] FAULT tap(WAVE_ADVANCE): AuthorityLog.commit: WAVE_ADVANCE is not authorized by predecessor control after WSHADOW/ADV/w1
[log] [coop:runtime] defer raw waveResolved wave=42 outcome=win until its material turnResolution is retained
[log] [coop-diag] VictoryPhase win-branch role=host battleType=TRAINER queuesTrainerVictory=true queuesSelectModifier=true wave=42
[log] [coop-diag] VictoryTail role=host wave=42 source=legacy-local trainer=true egg=true biomeShop=false biomeChange=false crossroads=false nextWave=43
[log] %cStart Phase: MoveEndPhase color:green
[log] %cStart Phase: MovePhase color:green
[log] [coop:turn] host recorder: append turn=3 seq=4 k=message total=5 live=true
[log] %cStart Phase: MessagePhase color:green
[log] %cStart Phase: MoveEndPhase color:green
[log] %cStart Phase: MovePhase color:green
[log] %cStart Phase: MoveEndPhase color:green
[log] %cStart Phase: CheckInterludePhase color:green
[log] %cStart Phase: WeatherEffectPhase color:green
[log] %cStart Phase: PositionalTagPhase color:green
[log] %cStart Phase: BerryPhase color:green
[log] %cStart Phase: CheckStatusEffectPhase color:green
[log] %cStart Phase: TurnEndPhase color:green
[log] %cStart Phase: PokemonHealPhase color:green
[log] [coop:turn] host recorder: append turn=3 seq=5 k=hp total=6 live=true
[log] [coop:turn] host recorder: append turn=3 seq=6 k=message total=7 live=true
[log] %cStart Phase: MessagePhase color:green
[log] %cStart Phase: CoopTurnCommitPhase color:green
[log] [coop:turn] host recorder: finalize turn=3 events=7 seq=7
[log] [coop:checkpoint] build field=4 weather=0/0 terrain=3/0 arenaTags=0 money=4000 mons=[bi0:sp149/hp213-213/st0/fnt0 bi1:sp94/hp149-179/st0/fnt0 bi2:sp832/hp0-87/st7/fnt1 bi3:sp507/hp0-88/st7/fnt1]
[log] [coop:checkpoint] host capture field=4 weather=0 terrain=3 money=4000 arenaTags=0 mons=[bi0:sp149/hp213-213/st0/fnt0 bi1:sp94/hp149-179/st0/fnt0 bi2:sp832/hp0-87/st7/fnt1 bi3:sp507/hp0-88/st7/fnt1]
[log] [coop:interaction] interactionCounter() read -> 49 (role=host)
[log] [coop:replay] host SEND turnResolution e=1833203800481331 wave=42 turn=3 rev=460 events=7 checksum=adf1cd0c186a5836
[log] [coop:transport] send host t=turnResolution e=1833203800481331 wave=42 turn=3 rev=460 events=7 checksum=adf1cd0c186a5836
[warn] [coop:v2-shadow] FAULT tap(TURN_COMMIT): AuthorityLog.commit: TURN_COMMIT is not authorized by predecessor control after WSHADOW/ADV/w1
[log] [coop:runtime] send waveResolved wave=42 outcome=win (host)
[log] [coop:replay] host SEND waveResolved wave=42 outcome=win transition=WAVE_VICTORY/next43/biome0/egg1/trainer
[log] [coop:transport] send host t=waveResolved wave=42 outcome=win captureParty=- cap=-
[log] [coop:transport] recv guest t=turnResolution e=1833203800481331 wave=42 turn=3 rev=460 events=7 checksum=adf1cd0c186a5836 handlers=1
[log] [coop:transport] recv guest t=waveResolved wave=42 outcome=win captureParty=- cap=- handlers=1
[log] [38;2;255;127;80mPhaseInterceptor.to: Stopping on completion of CoopTurnCommitPhase[39m
[log] %cStart Phase: BattleEndPhase color:green
[log] [coop:progression] HOST automatic victory settlement deferred wave=42 sourceTurn=3 settlementTurn=4
[log] [coop:interaction] interactionCounter() read -> 49 (role=host)
[log] %cStart Phase: TrainerVictoryPhase color:green
[log] [coop:progression] coopVictoryDialogue DECISION isCoop=true -> SKIP (constant 0 awaits, lockstep-safe)
[log] [coop:renderer] trainer victory presentation settled sourceWave=42
[log] %cStart Phase: MoneyRewardPhase color:green
[log] %cStart Phase: ModifierRewardPhase color:green
[log] %cStart Phase: EggLapsePhase color:green
[log] %cStart Phase: CoopVictorySealPhase color:green
[log] [coop:transport] send host t=envelope t=envelope
[log] [coop:runtime] wave-advance op HOST commit wave=42 outcome=win next=WAVE_VICTORY rev=100 id=1833203800481331:0:WAVE_ADVANCE:42 (Wave-2f)
[log] [coop:runtime] settled WAVE_ADVANCE committed wave=42 tick=461 next=WAVE_VICTORY/wave43
[log] [coop:runtime] send waveEndState wave=42 tick=461 (host)
[log] [coop:replay] host SEND waveEndState wave=42 tick=461 party=6
[log] [coop:transport] send host t=waveEndState t=waveEndState
[log] [coop:progression] HOST automatic victory settlement sealed wave=42 sourceTurn=3 settlementTurn=4 tick=461
[log] [coop:transport] recv guest t=envelope t=envelope handlers=1
[log] [coop:transport] recv guest t=waveEndState t=waveEndState handlers=1
[log] [coop:interaction] interactionCounter() read -> 49 (role=host)
[log] [coop:owner] ownerOf(counter=49) seat=1 -> owner=guest
[log] [coop:owner] isLocalOwnerAtCounter(pinnedCounter=49) parity=1 owner=guest role=host -> false
[log] [coop:interaction] interactionCounter() read -> 49 (role=host)
[log] [coop:reward] owner/watcher decision: pinnedStart=49 liveCounter=49 parity=1 role=host pick=WATCHER option=ROLL spoof=false
[log] [coop:shop] serializeRewardOptions count=3 ids=[POKEBALL,ER_UPGRADED_MAP,TM_CASE] tiers=[0,1,0]
[log] [coop:reward] OWNER streams reward options (start=49 reroll=0 count=3 ids=[POKEBALL,ER_UPGRADED_MAP,TM_CASE])
[log] [coop:relay] SEND rewardOptions seq=49 reroll=0 count=3 ids=[POKEBALL,ER_UPGRADED_MAP,TM_CASE]
[log] [coop:transport] send host t=rewardOptions seq=49 reroll=0 options=3
[log] [coop:rendezvous] ARRIVE point=shop:42:49 (send) role=host
[log] [coop:transport] send host t=rendezvous point=shop:42:49
[log] [coop:reward] WATCHER waits for partner's reward picks (start=49 role=host wave=42)
[log] [coop:durability] host operation continuation window REARM key=op:global:100:1833203800481331:42:4:1833203800481331:0:WAVE_ADVANCE:42 surface=sharedInput at=1833203800481331/42/4
[log] [coop:transport] recv guest t=rewardOptions seq=49 reroll=0 options=3 handlers=1
[log] [coop:transport] recv guest t=rendezvous point=shop:42:49 handlers=1
[log] [coop:interaction] mirror begin role=watcher mirrorSeq=3136 interactionStart=49 reroll=0
[log] [coop:interaction] uiMirror beginSession role=watcher mode=6 seq=3136 early=0
[log] [coop:relay] AWAIT interactionChoice seq=49 timeoutMs=1200000 expected=[reward,shop,skip,reroll,check,transfer,lock] -> network-wait
[log] [coop:durability] operation delivery RETRY key=op:global:100:1833203800481331:42:4:1833203800481331:0:WAVE_ADVANCE:42 attempt=1/8
[log] [coop:transport] send host t=envelope t=envelope
[log] [coop:interaction] interactionCounter() read -> 49 (role=host)
[log] [coop:checksum] capture digest=8ac4dc8d8f4c322e field=4 biome=27 seed=coop-soak-20260924 weather=0 terrain=3 money=4670 party=[149,94,143,445,376,248] partyLevels=[65,65,65,65,65,65] arenaTags=0 modifiers=6 heldItemsDigest=0 pokeballs=[0:60,1:10,2:0,3:0,4:0] mons=[bi0:sp149/hp213-213/st0/ab263/form0/tera0:15/boss0:0 bi1:sp94/hp149-179/st0/ab5067/form0/tera0:7/boss0:0 bi2:sp832/hp0-87/st7/ab113/form0/tera0:0/boss0:0 bi3:sp507/hp0-88/st7/ab146/form0/tera0:0/boss0:0]
[log] [coop:durability] operation delivery RETRY key=op:global:100:1833203800481331:42:4:1833203800481331:0:WAVE_ADVANCE:42 attempt=2/8
[log] [coop:transport] send host t=envelope t=envelope
[log] [coop:rendezvous] RECV arrival point=shop:42:49 -> BUFFER (no waiter yet) role=host
[log] [coop:stream] host ACCEPT turn ACK stage=continuationReady key=1833203800481331:42:3:460
[log] [coop:stream] host RELEASE retained turn after continuationReady key=1833203800481331:42:3:460
[log] [coop:durability] host RELEASE contiguous acknowledged authority cls=op:global seq=100
[log] [coop:relay] DELIVER interactionChoice seq=49 -> waiter kind=reward choice=0 data=[0]
[log] [coop:relay] AWAIT interactionChoice seq=49 RESOLVE kind=reward choice=0 data=[0]
[warn] [coop:durability] DROP skipped/regressed operation ACK key=op:global:100:1833203800481331:42:4:1833203800481331:0:WAVE_ADVANCE:42 stage=materialApplied
[warn] [coop:durability] DROP skipped/regressed operation ACK key=op:global:100:1833203800481331:42:4:1833203800481331:0:WAVE_ADVANCE:42 stage=presentationReady
[log] [coop:reward] WATCHER applying relayed action seq=49 act=REWARD choice=0 data=[0]
[log] [coop:owner] ownerOf(counter=49) seat=1 -> owner=guest
[log] [coop:owner] isLocalOwnerAtCounter(pinnedCounter=49) parity=1 owner=guest role=host -> false
[log] [coop:reward] APPLY_RESULT pin=49 side=watcher type=POKEBALL class=AddPokeballModifier pregen=[] holderSlot=-1 holderId=-1 stack=-1 accepted=true cost=-1
[log] [coop:shop] serializeRewardOptions count=3 ids=[POKEBALL,ER_UPGRADED_MAP,TM_CASE] tiers=[0,1,0]
[log] [coop:transport] send host t=envelope t=envelope
[log] [coop:reward] reward authoritative RESULT retained rev=101 tick=462 id=1833203800481331:1:REWARD:4900000
[log] [coop:interaction] interactionCounter() read -> 49 (role=host)
[log] [coop:interaction] CoopInteractionTurn.advance INCREMENT (fromCounter=49) counter 49 -> 50
[log] [coop:interaction] advanceInteraction ADVANCED+BROADCAST (fromCounter=49) counter 49 -> 50 role=host; send interaction screen=__turn__ choice=50
[log] [coop:interaction] SEND counter snapshot reason=advance choice=50 role=host
[log] [coop:transport] send host t=interaction screen=__turn__
[log] [coop:owner] ownerOf(counter=50) seat=0 -> owner=host
[log] [coop:owner] ownerOf(counter=50) seat=0 -> owner=host
[log] [coop:interaction] interactionCounter() read -> 50 (role=host)
[log] [coop:reward] advance interaction (role=host from=49 counter 49 -> 50)
[log] [coop:transport] recv guest t=envelope t=envelope handlers=1
[log] [coop:transport] recv guest t=interaction screen=__turn__ handlers=1
[log] [coop:interaction] interactionCounter() read -> 50 (role=host)
[log] [coop:interaction] interactionCounter() read -> 50 (role=host)
[log] [coop:interaction] RECV interaction broadcast (deferred catch-up net) received=50 localBefore=50 role=host -> no defer (local >= received)
[warn] [coop:interaction] CoopInteractionTurn.mergeRemote DEFER (remote=50, counter=50, pendingRemote=50) live counter UNCHANGED (folds in at next advance if still ahead)
[log] [coop:owner] ownerOf(counter=50) seat=0 -> owner=host
[log] [coop:owner] ownerOf(counter=50) seat=0 -> owner=host
[log] [coop:interaction] interactionCounter() read -> 50 (role=host)
[log] [coop:interaction] interactionCounter() read -> 50 (role=guest)
[log] [coop-soak:wave-complete] {"seed":20260924,"wave":42,"wavesRequested":55,"wavesCompleted":42,"waveElapsedMs":4029,"elapsedMs":128062,"findings":0,"hostPhase":"NewBattlePhase","guestPhase":"NewBattlePhase"}
[log] %cStart Phase: NewBattlePhase color:green
[log] [coop:turn] host recorder: begin deferred transition turn=1 scope=1833203800481331:43
[log] %cStart Phase: CoopPartnerSyncPhase color:green
[log] [coop:interaction] interactionCounter() read -> 50 (role=host)
[log] %cStart Phase: NextEncounterPhase color:green
[log] [coop:interaction] interactionCounter() read -> 50 (role=host)
[log] [coop:replay] host SEND enemyPartySync wave=43 count=2 meType=-1 battleType=0 entryPresentation=-
[log] [coop:transport] send host t=enemyPartySync wave=43 enemies=2 battleType=0
[log] [coop:turn] host recorder: preserve recording scope=1833203800481331:43 turn=1 events=0 seq=0
[log] [coop:transport] recv guest t=enemyPartySync wave=43 enemies=2 battleType=0 handlers=1
[log] %cStart Phase: ToggleDoublePositionPhase color:green
[log] %cStart Phase: CheckSwitchPhase color:green
[log] %cStart Phase: CheckSwitchPhase color:green
[log] %cStart Phase: InitEncounterPhase color:green
[log] [coop:turn] host recorder: preserve recording scope=1833203800481331:43 turn=1 events=0 seq=0
[log] %cStart Phase: PostSummonPhase color:green
[log] %cStart Phase: PostSummonPhase color:green
[log] %cStart Phase: TurnInitPhase color:green
[log] [coop:replay] host SEND enemyPartySync wave=43 count=2 meType=-1 battleType=0 entryPresentation=0
[log] [coop:transport] send host t=enemyPartySync wave=43 enemies=2 battleType=0
[log] [coop:replay] host RE-BROADCAST wave-start authority wave=43 after post-summon boundary stateChanged=false presentation=0 (#920)
[log] [coop:rendezvous] next-command barrier ARRIVE+AWAIT cmd:43:1 slot=0
[log] [coop:rendezvous] ARRIVE point=cmd:43:1 (send) role=host
[log] [coop:transport] send host t=rendezvous point=cmd:43:1
[log] [coop:rendezvous] AWAIT point=cmd:43:1 timeoutMs=2000 -> network-wait role=host
[log] [coop:transport] recv guest t=enemyPartySync wave=43 enemies=2 battleType=0 handlers=1
[log] [coop:transport] recv guest t=rendezvous point=cmd:43:1 handlers=1
[log] [coop:rendezvous] RECV arrival point=cmd:43:1 -> deliver-to-waiter role=host
[log] [coop:transport] send host t=rendezvous point=cmd:43:1
[log] [coop:rendezvous] AWAIT point=cmd:43:1 RESOLVE both-arrived role=host
[log] [coop:durability] host RELEASE contiguous acknowledged authority cls=op:global seq=101
[log] [coop:transport] recv guest t=rendezvous point=cmd:43:1 handlers=1
[log] [coop:transport] send host t=enemyPartySync wave=43 enemies=2 battleType=0
[log] [coop:replay] host RE-BROADCAST wave-start authority wave=43 after post-summon boundary stateChanged=false presentation=0 (#920)
[log] [coop:transport] recv guest t=enemyPartySync wave=43 enemies=2 battleType=0 handlers=1
[log] [coop-soak:wave-start] {"seed":20260924,"wave":43,"wavesRequested":55,"wavesCompleted":42,"elapsedMs":128549,"hostPhase":"CommandPhase","guestPhase":"CommandPhase"}
[log] [coop:interaction] interactionCounter() read -> 50 (role=host)
[log] [coop:interaction] interactionCounter() read -> 50 (role=guest)
[log] [coop:interaction] interactionCounter() read -> 50 (role=host)
[log] [coop:checksum] capture digest=6209efe40174ce75 field=4 biome=27 seed=coop-soak-20260924 weather=0 terrain=3 money=4670 party=[149,94,143,445,376,248] partyLevels=[65,65,65,65,65,65] arenaTags=0 modifiers=6 heldItemsDigest=1 pokeballs=[0:65,1:10,2:0,3:0,4:0] mons=[bi0:sp149/hp213-213/st0/ab263/form0/tera0:15/boss0:0 bi1:sp94/hp149-179/st0/ab5067/form0/tera0:7/boss0:0 bi2:sp590/hp96-96/st0/ab151/form0/tera0:11/boss0:0 bi3:sp523/hp100-100/st0/ab5185/form0/tera0:12/boss0:0]
[log] [coop:interaction] interactionCounter() read -> 50 (role=host)
[log] %cStart Phase: SelectTargetPhase color:green
[log] [coop:owner] broadcast own-slot fi=0 turn=1 role=host cmd=0
[log] [coop:relay] broadcastLocalCommand SEND fieldIndex=0 owner=host turn=1 command=0 cursor=1 moveId=247 targets=[2]
[log] [coop:transport] send host t=command fi=0 owner=host turn=1 cmd=0 cursor=1 move=247
[log] [coop:transport] recv guest t=command fi=0 owner=host turn=1 cmd=0 cursor=1 move=247 handlers=1
[log] [coop:relay] recv command fieldIndex=0 turn=1 command=0 -> BUFFERED (no awaiter yet)
[log] %cStart Phase: CommandPhase color:green
[log] [coop:transport] send host t=enemyPartySync wave=43 enemies=2 battleType=0
[log] [coop:replay] host RE-BROADCAST wave-start authority wave=43 after post-summon boundary stateChanged=false presentation=0 (#920)
[log] [coop:battle] CommandPhase slot=1 turn=1 owner=guest role=host -> partner path
[log] [coop:relay] host requestPartnerCommand SEND fieldIndex=1 turn=1 moveSlots=[0,1,2,3] (awaiting peer)
[log] [coop:transport] send host t=commandRequest fi=1 owner=guest turn=1 slots=4
[log] [coop:transport] recv guest t=enemyPartySync wave=43 enemies=2 battleType=0 handlers=1
[log] [coop:transport] recv guest t=commandRequest fi=1 owner=guest turn=1 slots=4 handlers=1
[log] [coop:relay] peer recv commandRequest fieldIndex=1 owner=guest turn=1 moveSlots=[0,1,2,3] -> reply command=0 cursor=1 moveId=247
[log] [coop:transport] send guest t=command fi=1 owner=guest turn=1 cmd=0 cursor=1 move=247
[log] [coop:transport] recv host t=command fi=1 owner=guest turn=1 cmd=0 cursor=1 move=247 handlers=1
[log] [coop:relay] recv command fieldIndex=1 turn=1 command=0 -> resolved awaiting request
[log] [coop:ai] applyWiredPartnerCommand partner=94 wiredMoveId=247 cursor=1 -> moveId=247 moveIndex=1 tera=false targets=[3] targetsFrom=wire-verbatim useMode=1
[log] %cStart Phase: EnemyCommandPhase color:green
[log] %cStart Phase: EnemyCommandPhase color:green
[log] %cStart Phase: TurnStartPhase color:green
[log] [coop-diag] turn-start authoritative guard mode=authoritative role=host turn=1 diverts=false
[log] [coop:turn] host recorder: preserve recording scope=1833203800481331:43 turn=1 events=0 seq=0
[log] %cStart Phase: MovePhase color:green
[log] [coop:turn] host recorder: append turn=1 seq=0 k=moveUsed total=1 live=true
[log] %cStart Phase: MessagePhase color:green
[log] %cStart Phase: MoveEffectPhase color:green
[log] [coop:turn] host recorder: append turn=1 seq=1 k=moveAnim total=2 live=true
[log] [coop:turn] host recorder: append turn=1 seq=2 k=hp total=3 live=true
[log] [coop:turn] host recorder: append turn=1 seq=3 k=faint total=4 live=true
[log] %cStart Phase: DamageAnimPhase color:green
[log] %cStart Phase: FaintPhase color:green
[log] %cStart Phase: MessagePhase color:green
[log] %cStart Phase: VictoryPhase color:green
[log] [coop:progression] HOST applyPartyExp COMPUTE wave=43 expValue=1045 koMon=Zebstrika
[log] %cStart Phase: MoveEndPhase color:green
[log] %cStart Phase: MovePhase color:green
[log] [coop:turn] host recorder: append turn=1 seq=4 k=moveUsed total=5 live=true
[log] %cStart Phase: MessagePhase color:green
[log] %cStart Phase: MoveEffectPhase color:green
[log] [coop:turn] host recorder: append turn=1 seq=5 k=moveAnim total=6 live=true
[log] [coop:turn] host recorder: append turn=1 seq=6 k=hp total=7 live=true
[log] [coop:turn] host recorder: append turn=1 seq=7 k=faint total=8 live=true
[log] %cStart Phase: DamageAnimPhase color:green
[log] %cStart Phase: FaintPhase color:green
[log] %cStart Phase: MessagePhase color:green
[log] %cStart Phase: VictoryPhase color:green
[log] [coop:progression] HOST applyPartyExp COMPUTE wave=43 expValue=378.6 koMon=Foongus
[warn] [coop:v2-shadow] FAULT tap(WAVE_ADVANCE): AuthorityLog.commit: WAVE_ADVANCE is not authorized by predecessor control after WSHADOW/ADV/w1
[log] [coop:runtime] defer raw waveResolved wave=43 outcome=win until its material turnResolution is retained
[log] [coop-diag] VictoryPhase win-branch role=host battleType=WILD queuesTrainerVictory=false queuesSelectModifier=true wave=43
[log] [coop-diag] VictoryTail role=host wave=43 source=legacy-local trainer=false egg=true biomeShop=false biomeChange=false crossroads=false nextWave=44
[log] %cStart Phase: MoveEndPhase color:green
[log] %cStart Phase: MovePhase color:green
[log] %cStart Phase: MoveEndPhase color:green
[log] %cStart Phase: MovePhase color:green
[log] %cStart Phase: MoveEndPhase color:green
[log] %cStart Phase: CheckInterludePhase color:green
[log] %cStart Phase: WeatherEffectPhase color:green
[log] %cStart Phase: PositionalTagPhase color:green
[log] %cStart Phase: BerryPhase color:green
[log] %cStart Phase: CheckStatusEffectPhase color:green
[log] %cStart Phase: TurnEndPhase color:green
[log] %cStart Phase: PokemonHealPhase color:green
[log] [coop:turn] host recorder: append turn=1 seq=8 k=hp total=9 live=true
[log] [coop:turn] host recorder: append turn=1 seq=9 k=message total=10 live=true
[log] %cStart Phase: MessagePhase color:green
[log] %cStart Phase: CoopTurnCommitPhase color:green
[log] [coop:turn] host recorder: finalize turn=1 events=10 seq=10
[log] [coop:checkpoint] build field=4 weather=0/0 terrain=3/0 arenaTags=0 money=4670 mons=[bi0:sp149/hp213-213/st0/fnt0 bi1:sp94/hp160-179/st0/fnt0 bi2:sp590/hp0-96/st7/fnt1 bi3:sp523/hp0-100/st7/fnt1]
[log] [coop:checkpoint] host capture field=4 weather=0 terrain=3 money=4670 arenaTags=0 mons=[bi0:sp149/hp213-213/st0/fnt0 bi1:sp94/hp160-179/st0/fnt0 bi2:sp590/hp0-96/st7/fnt1 bi3:sp523/hp0-100/st7/fnt1]
[log] [coop:interaction] interactionCounter() read -> 50 (role=host)
[log] [coop:replay] host SEND turnResolution e=1833203800481331 wave=43 turn=1 rev=469 events=10 checksum=74bd6af03f2e0510
[log] [coop:transport] send host t=turnResolution e=1833203800481331 wave=43 turn=1 rev=469 events=10 checksum=74bd6af03f2e0510
[warn] [coop:v2-shadow] FAULT tap(TURN_COMMIT): AuthorityLog.commit: TURN_COMMIT is not authorized by predecessor control after WSHADOW/ADV/w1
[log] [coop:runtime] send waveResolved wave=43 outcome=win (host)
[log] [coop:replay] host SEND waveResolved wave=43 outcome=win transition=WAVE_VICTORY/next44/biome0/egg1/wild
[log] [coop:transport] send host t=waveResolved wave=43 outcome=win captureParty=- cap=-
[log] [coop:transport] recv guest t=turnResolution e=1833203800481331 wave=43 turn=1 rev=469 events=10 checksum=74bd6af03f2e0510 handlers=1
[log] [coop:transport] recv guest t=waveResolved wave=43 outcome=win captureParty=- cap=- handlers=1
[log] [38;2;255;127;80mPhaseInterceptor.to: Stopping on completion of CoopTurnCommitPhase[39m
[log] %cStart Phase: BattleEndPhase color:green
[log] [coop:progression] HOST automatic victory settlement deferred wave=43 sourceTurn=1 settlementTurn=2
[log] %cStart Phase: EggLapsePhase color:green
[log] %cStart Phase: CoopVictorySealPhase color:green
[log] [coop:transport] send host t=envelope t=envelope
[log] [coop:runtime] wave-advance op HOST commit wave=43 outcome=win next=WAVE_VICTORY rev=102 id=1833203800481331:0:WAVE_ADVANCE:43 (Wave-2f)
[log] [coop:runtime] settled WAVE_ADVANCE committed wave=43 tick=470 next=WAVE_VICTORY/wave44
[log] [coop:runtime] send waveEndState wave=43 tick=470 (host)
[log] [coop:replay] host SEND waveEndState wave=43 tick=470 party=6
[log] [coop:transport] send host t=waveEndState t=waveEndState
[log] [coop:progression] HOST automatic victory settlement sealed wave=43 sourceTurn=1 settlementTurn=2 tick=470
[log] [coop:transport] recv guest t=envelope t=envelope handlers=1
[log] [coop:transport] recv guest t=waveEndState t=waveEndState handlers=1
[log] [coop:interaction] interactionCounter() read -> 50 (role=host)
[log] [coop:owner] ownerOf(counter=50) seat=0 -> owner=host
[log] [coop:owner] isLocalOwnerAtCounter(pinnedCounter=50) parity=0 owner=host role=host -> true
[log] [coop:interaction] interactionCounter() read -> 50 (role=host)
[log] [coop:reward] owner/watcher decision: pinnedStart=50 liveCounter=50 parity=0 role=host pick=OWNER option=ROLL spoof=false
[log] [coop:shop] serializeRewardOptions count=3 ids=[GREAT_BALL,TEMP_STAT_STAGE_BOOSTER,RARE_CANDY] tiers=[1,0,0]
[log] [coop:reward] OWNER streams reward options (start=50 reroll=0 count=3 ids=[GREAT_BALL,TEMP_STAT_STAGE_BOOSTER,RARE_CANDY])
[log] [coop:relay] SEND rewardOptions seq=50 reroll=0 count=3 ids=[GREAT_BALL,TEMP_STAT_STAGE_BOOSTER,RARE_CANDY]
[log] [coop:transport] send host t=rewardOptions seq=50 reroll=0 options=3
[log] [coop:rendezvous] ARRIVE point=shop:43:50 (send) role=host
[log] [coop:transport] send host t=rendezvous point=shop:43:50
[log] [coop:reward] OWNER drives reward screen (start=50 role=host spoof=false adoptsOptions=false wave=43)
[log] [coop:rendezvous] shop-pick-commit barrier AWAIT shop:43:50
[log] [coop:rendezvous] AWAIT point=shop:43:50 timeoutMs=2000 -> network-wait role=host
[log] [coop:transport] recv guest t=rewardOptions seq=50 reroll=0 options=3 handlers=1
[log] [coop:transport] recv guest t=rendezvous point=shop:43:50 handlers=1
[log] [coop:interaction] interactionCounter() read -> 50 (role=host)
[log] [coop:checksum] capture digest=61f1029d52738cca field=4 biome=27 seed=coop-soak-20260924 weather=0 terrain=3 money=4670 party=[149,94,143,445,376,248] partyLevels=[65,65,65,65,65,65] arenaTags=0 modifiers=6 heldItemsDigest=0 pokeballs=[0:65,1:10,2:0,3:0,4:0] mons=[bi0:sp149/hp213-213/st0/ab263/form0/tera0:15/boss0:0 bi1:sp94/hp160-179/st0/ab5067/form0/tera0:7/boss0:0 bi2:sp590/hp0-96/st7/ab151/form0/tera0:11/boss0:0 bi3:sp523/hp0-100/st7/ab5185/form0/tera0:12/boss0:0]
[log] [coop:durability] operation delivery RETRY key=op:global:102:1833203800481331:43:2:1833203800481331:0:WAVE_ADVANCE:43 attempt=1/8
[log] [coop:transport] send host t=envelope t=envelope
[log] [coop:rendezvous] RECV arrival point=shop:43:50 -> deliver-to-waiter role=host
[log] [coop:transport] send host t=rendezvous point=shop:43:50
[log] [coop:rendezvous] AWAIT point=shop:43:50 RESOLVE both-arrived role=host
[log] [coop:stream] host ACCEPT turn ACK stage=continuationReady key=1833203800481331:43:1:469
[log] [coop:stream] host RELEASE retained turn after continuationReady key=1833203800481331:43:1:469
[log] [coop:durability] host RELEASE contiguous acknowledged authority cls=op:global seq=102
[warn] [coop:durability] DROP skipped/regressed operation ACK key=op:global:102:1833203800481331:43:2:1833203800481331:0:WAVE_ADVANCE:43 stage=materialApplied
[warn] [coop:durability] DROP skipped/regressed operation ACK key=op:global:102:1833203800481331:43:2:1833203800481331:0:WAVE_ADVANCE:43 stage=presentationReady
[log] [coop:transport] recv guest t=rendezvous point=shop:43:50 handlers=1
[log] [coop:interaction] mirror begin role=owner mirrorSeq=3200 interactionStart=50 reroll=0
[log] [coop:interaction] uiMirror beginSession role=owner mode=6 seq=3200 early=0
[log] [coop:owner] ownerOf(counter=50) seat=0 -> owner=host
[log] [coop:owner] isLocalOwnerAtCounter(pinnedCounter=50) parity=0 owner=host role=host -> true
[log] [coop:relay] OWNER prepare seq=50 kind=skip choice=-1 data=[] role=host
[log] [coop:reward] reward op INTENT prepared label=skip id=1833203800481331:0:REWARD:5000000
[log] [coop:shop] serializeRewardOptions count=3 ids=[GREAT_BALL,TEMP_STAT_STAGE_BOOSTER,RARE_CANDY] tiers=[1,0,0]
[log] [coop:transport] send host t=envelope t=envelope
[log] [coop:reward] reward authoritative RESULT retained rev=103 tick=471 id=1833203800481331:0:REWARD:5000000
[log] [coop:reward] OWNER retained terminal before continuation seq=50 id=1833203800481331:0:REWARD:5000000
[log] [coop:transport] recv guest t=envelope t=envelope handlers=1
[log] [coop:interaction] RECV interaction broadcast (deferred catch-up net) received=51 localBefore=50 role=host -> WILL DEFER to 51 (folds in at next advance if still ahead)
[warn] [coop:interaction] CoopInteractionTurn.mergeRemote DEFER (remote=51, counter=50, pendingRemote=51) live counter UNCHANGED (folds in at next advance if still ahead)
[log] [coop:owner] ownerOf(counter=50) seat=0 -> owner=host
[log] [coop:owner] ownerOf(counter=50) seat=0 -> owner=host
[log] [coop:reward] OWNER peer material applied; release terminal engine barrier seq=50 id=1833203800481331:0:REWARD:5000000
[log] [coop:interaction] interactionCounter() read -> 50 (role=host)
[log] [coop:interaction] CoopInteractionTurn.advance INCREMENT (fromCounter=50) counter 50 -> 51
[log] [coop:interaction] advanceInteraction ADVANCED+BROADCAST (fromCounter=50) counter 50 -> 51 role=host; send interaction screen=__turn__ choice=51
[log] [coop:interaction] SEND counter snapshot reason=advance choice=51 role=host
[log] [coop:transport] send host t=interaction screen=__turn__
[log] [coop:owner] ownerOf(counter=51) seat=1 -> owner=guest
[log] [coop:owner] ownerOf(counter=51) seat=1 -> owner=guest
[log] [coop:interaction] interactionCounter() read -> 51 (role=host)
[log] [coop:reward] advance interaction (role=host from=50 counter 50 -> 51)
[log] [coop:transport] recv guest t=interaction screen=__turn__ handlers=1
[log] %cStart Phase: NewBattlePhase color:green
[log] [coop:turn] host recorder: begin deferred transition turn=1 scope=1833203800481331:44
[log] %cStart Phase: CoopPartnerSyncPhase color:green
[log] [coop:interaction] interactionCounter() read -> 51 (role=host)
[log] %cStart Phase: NextEncounterPhase color:green
[log] [coop:interaction] interactionCounter() read -> 51 (role=host)
[log] [coop:replay] host SEND enemyPartySync wave=44 count=2 meType=-1 battleType=0 entryPresentation=-
[log] [coop:transport] send host t=enemyPartySync wave=44 enemies=2 battleType=0
[log] [coop:turn] host recorder: preserve recording scope=1833203800481331:44 turn=1 events=0 seq=0
[log] [coop:transport] recv guest t=enemyPartySync wave=44 enemies=2 battleType=0 handlers=1
[log] %cStart Phase: ToggleDoublePositionPhase color:green
[log] %cStart Phase: CheckSwitchPhase color:green
[log] %cStart Phase: CheckSwitchPhase color:green
[log] %cStart Phase: InitEncounterPhase color:green
[log] [coop:turn] host recorder: preserve recording scope=1833203800481331:44 turn=1 events=0 seq=0
[log] %cStart Phase: PostSummonPhase color:green
[log] %cStart Phase: PostSummonPhase color:green
[log] %cStart Phase: ShowAbilityPhase color:green
[log] [coop:turn] host recorder: append turn=1 seq=0 k=showAbility total=1 live=true
[log] %cStart Phase: HideAbilityPhase color:green
[log] [coop:turn] host recorder: append turn=1 seq=1 k=hideAbility total=2 live=true
[log] %cStart Phase: PostSummonPhase color:green
[log] %cStart Phase: TurnInitPhase color:green
[log] [coop:replay] host SEND enemyPartySync wave=44 count=2 meType=-1 battleType=0 entryPresentation=2
[log] [coop:transport] send host t=enemyPartySync wave=44 enemies=2 battleType=0
[log] [coop:replay] host RE-BROADCAST wave-start authority wave=44 after post-summon boundary stateChanged=true presentation=2 (#920)
[log] [coop:rendezvous] next-command barrier ARRIVE+AWAIT cmd:44:1 slot=0
[log] [coop:rendezvous] ARRIVE point=cmd:44:1 (send) role=host
[log] [coop:transport] send host t=rendezvous point=cmd:44:1
[log] [coop:rendezvous] AWAIT point=cmd:44:1 timeoutMs=2000 -> network-wait role=host
[log] [coop:transport] recv guest t=enemyPartySync wave=44 enemies=2 battleType=0 handlers=1
[log] [coop:transport] recv guest t=rendezvous point=cmd:44:1 handlers=1
[log] [coop:rendezvous] RECV arrival point=cmd:44:1 -> deliver-to-waiter role=host
[log] [coop:transport] send host t=rendezvous point=cmd:44:1
[log] [coop:rendezvous] AWAIT point=cmd:44:1 RESOLVE both-arrived role=host
[log] [coop:durability] host RELEASE contiguous acknowledged authority cls=op:global seq=103
[log] [coop:transport] recv guest t=rendezvous point=cmd:44:1 handlers=1
[log] [coop:transport] send host t=enemyPartySync wave=44 enemies=2 battleType=0
[log] [coop:replay] host RE-BROADCAST wave-start authority wave=44 after post-summon boundary stateChanged=false presentation=2 (#920)
[log] [coop:transport] recv guest t=enemyPartySync wave=44 enemies=2 battleType=0 handlers=1
[log] [coop:interaction] interactionCounter() read -> 51 (role=host)
[log] [coop:checksum] capture digest=90c060090f45cb0a field=4 biome=27 seed=coop-soak-20260924 weather=0 terrain=3 money=4670 party=[149,94,143,445,376,248] partyLevels=[65,65,65,65,65,65] arenaTags=0 modifiers=6 heldItemsDigest=0 pokeballs=[0:65,1:10,2:0,3:0,4:0] mons=[bi0:sp149/hp213-213/st0/ab263/form0/tera0:15/boss0:0 bi1:sp94/hp160-179/st0/ab5067/form0/tera0:7/boss0:0 bi2:sp674/hp86-86/st0/ab89/form0/tera0:1/boss0:0 bi3:sp286/hp90-90/st0/ab90/form0/tera0:11/boss0:0]
[log] [coop:interaction] interactionCounter() read -> 51 (role=host)
[log] %cStart Phase: SelectTargetPhase color:green
[log] [coop:owner] broadcast own-slot fi=0 turn=1 role=host cmd=0
[log] [coop:relay] broadcastLocalCommand SEND fieldIndex=0 owner=host turn=1 command=0 cursor=2 moveId=53 targets=[2]
[log] [coop:transport] send host t=command fi=0 owner=host turn=1 cmd=0 cursor=2 move=53
[log] [coop:transport] recv guest t=command fi=0 owner=host turn=1 cmd=0 cursor=2 move=53 handlers=1
[log] [coop:relay] recv command fieldIndex=0 turn=1 command=0 -> BUFFERED (no awaiter yet)
[log] %cStart Phase: CommandPhase color:green
[log] [coop:transport] send host t=enemyPartySync wave=44 enemies=2 battleType=0
[log] [coop:replay] host RE-BROADCAST wave-start authority wave=44 after post-summon boundary stateChanged=false presentation=2 (#920)
[log] [coop:battle] CommandPhase slot=1 turn=1 owner=guest role=host -> partner path
[log] [coop:relay] host requestPartnerCommand SEND fieldIndex=1 turn=1 moveSlots=[0,1,2,3] (awaiting peer)
[log] [coop:transport] send host t=commandRequest fi=1 owner=guest turn=1 slots=4
[log] [coop:transport] recv guest t=enemyPartySync wave=44 enemies=2 battleType=0 handlers=1
[log] [coop:transport] recv guest t=commandRequest fi=1 owner=guest turn=1 slots=4 handlers=1
[log] [coop:relay] peer recv commandRequest fieldIndex=1 owner=guest turn=1 moveSlots=[0,1,2,3] -> reply command=2 cursor=3 moveId=-
[log] [coop:transport] send guest t=command fi=1 owner=guest turn=1 cmd=2 cursor=3 move=-
[log] [coop:transport] recv host t=command fi=1 owner=guest turn=1 cmd=2 cursor=3 move=- handlers=1
[log] [coop:relay] recv command fieldIndex=1 turn=1 command=2 -> resolved awaiting request
[log] %cStart Phase: EnemyCommandPhase color:green
[log] %cStart Phase: EnemyCommandPhase color:green
[log] %cStart Phase: TurnStartPhase color:green
[log] [coop-diag] turn-start authoritative guard mode=authoritative role=host turn=1 diverts=false
[log] [coop:turn] host recorder: preserve recording scope=1833203800481331:44 turn=1 events=2 seq=2
[log] %cStart Phase: SwitchSummonPhase color:green
[log] [coop:turn] host recorder: preserve recording scope=1833203800481331:44 turn=1 events=2 seq=2
[log] [coop:turn] host recorder: append turn=1 seq=2 k=switch total=3 live=true
[log] %cStart Phase: PostSummonPhase color:green
[log] %cStart Phase: MovePhase color:green
[log] [coop:turn] host recorder: append turn=1 seq=3 k=moveUsed total=4 live=true
[log] %cStart Phase: MessagePhase color:green
[log] %cStart Phase: MoveEffectPhase color:green
[log] [coop:turn] host recorder: append turn=1 seq=4 k=moveAnim total=5 live=true
[log] [coop:turn] host recorder: append turn=1 seq=5 k=message total=6 live=true
[log] %cStart Phase: MessagePhase color:green
[log] %cStart Phase: MoveEndPhase color:green
[log] %cStart Phase: MovePhase color:green
[log] [coop:turn] host recorder: append turn=1 seq=6 k=moveUsed total=7 live=true
[log] %cStart Phase: MessagePhase color:green
[log] %cStart Phase: MoveEffectPhase color:green
[log] [coop:turn] host recorder: append turn=1 seq=7 k=moveAnim total=8 live=true
[log] [coop:turn] host recorder: append turn=1 seq=8 k=hp total=9 live=true
[log] [coop:turn] host recorder: append turn=1 seq=9 k=faint total=10 live=true
[log] %cStart Phase: DamageAnimPhase color:green
[log] %cStart Phase: FaintPhase color:green
[log] %cStart Phase: MessagePhase color:green
[log] %cStart Phase: VictoryPhase color:green
[log] [coop:progression] HOST applyPartyExp COMPUTE wave=44 expValue=407 koMon=Pancham
[log] %cStart Phase: MoveEndPhase color:green
[log] %cStart Phase: MovePhase color:green
[log] [coop:turn] host recorder: append turn=1 seq=10 k=moveUsed total=11 live=true
[log] %cStart Phase: MessagePhase color:green
[log] %cStart Phase: MoveEffectPhase color:green
[log] [coop:turn] host recorder: append turn=1 seq=11 k=moveAnim total=12 live=true
[log] [coop:turn] host recorder: append turn=1 seq=12 k=hp total=13 live=true
[log] %cStart Phase: DamageAnimPhase color:green
[log] %cStart Phase: MoveEndPhase color:green
[log] %cStart Phase: CheckInterludePhase color:green
[log] %cStart Phase: WeatherEffectPhase color:green
[log] %cStart Phase: PositionalTagPhase color:green
[log] %cStart Phase: BerryPhase color:green
[log] %cStart Phase: CheckStatusEffectPhase color:green
[log] %cStart Phase: TurnEndPhase color:green
[log] %cStart Phase: PokemonHealPhase color:green
[log] [coop:turn] host recorder: append turn=1 seq=13 k=hp total=14 live=true
[log] [coop:turn] host recorder: append turn=1 seq=14 k=message total=15 live=true
[log] %cStart Phase: MessagePhase color:green
[log] %cStart Phase: PokemonHealPhase color:green
[log] [coop:turn] host recorder: append turn=1 seq=15 k=message total=16 live=true
[log] %cStart Phase: MessagePhase color:green
[log] %cStart Phase: CoopTurnCommitPhase color:green
[log] [coop:turn] host recorder: finalize turn=1 events=16 seq=16
[log] [coop:checkpoint] build field=4 weather=0/0 terrain=3/0 arenaTags=0 money=4670 mons=[bi0:sp149/hp213-213/st0/fnt0 bi1:sp445/hp220-235/st0/fnt0 bi2:sp674/hp0-86/st7/fnt1 bi3:sp286/hp90-90/st0/fnt0]
[log] [coop:checkpoint] host capture field=4 weather=0 terrain=3 money=4670 arenaTags=0 mons=[bi0:sp149/hp213-213/st0/fnt0 bi1:sp445/hp220-235/st0/fnt0 bi2:sp674/hp0-86/st7/fnt1 bi3:sp286/hp90-90/st0/fnt0]
[log] [coop:interaction] interactionCounter() read -> 51 (role=host)
[log] [coop:replay] host SEND turnResolution e=1833203800481331 wave=44 turn=1 rev=478 events=16 checksum=24c4c2cd2185a2b2
[log] [coop:transport] send host t=turnResolution e=1833203800481331 wave=44 turn=1 rev=478 events=16 checksum=24c4c2cd2185a2b2
[warn] [coop:v2-shadow] FAULT tap(TURN_COMMIT): AuthorityLog.commit: TURN_COMMIT is not authorized by predecessor control after WSHADOW/ADV/w1
[log] [coop:transport] recv guest t=turnResolution e=1833203800481331 wave=44 turn=1 rev=478 events=16 checksum=24c4c2cd2185a2b2 handlers=1
[log] [38;2;255;127;80mPhaseInterceptor.to: Stopping on completion of CoopTurnCommitPhase[39m
[log] %cStart Phase: TurnInitPhase color:green
[log] [coop:rendezvous] ARRIVE point=cmd:44:2 (send) role=host
[log] [coop:transport] send host t=rendezvous point=cmd:44:2
[log] [coop:rendezvous] next-command barrier cmd:44:2 SYNC pass (partner already arrived)
[log] [coop:transport] recv guest t=rendezvous point=cmd:44:2 handlers=1
[log] [coop:stream] host ACCEPT turn ACK stage=continuationReady key=1833203800481331:44:1:478
[log] [coop:stream] host RELEASE retained turn after continuationReady key=1833203800481331:44:1:478
[log] [coop:relay] broadcastLocalCommand SEND fieldIndex=0 owner=host turn=2 command=2 cursor=2 moveId=- targets=[]
[log] [coop:transport] send host t=command fi=0 owner=host turn=2 cmd=2 cursor=2 move=-
[log] [coop:transport] recv guest t=command fi=0 owner=host turn=2 cmd=2 cursor=2 move=- handlers=1
[log] [coop:relay] recv command fieldIndex=0 turn=2 command=2 -> BUFFERED (no awaiter yet)
[log] %cStart Phase: CommandPhase color:green
[log] [coop:battle] CommandPhase slot=1 turn=2 owner=guest role=host -> partner path
[log] [coop:relay] host requestPartnerCommand SEND fieldIndex=1 turn=2 moveSlots=[0,1,2,3] (awaiting peer)
[log] [coop:transport] send host t=commandRequest fi=1 owner=guest turn=2 slots=4
[log] [coop:transport] recv guest t=commandRequest fi=1 owner=guest turn=2 slots=4 handlers=1
[log] [coop:relay] peer recv commandRequest fieldIndex=1 owner=guest turn=2 moveSlots=[0,1,2,3] -> reply command=0 cursor=3 moveId=85
[log] [coop:transport] send guest t=command fi=1 owner=guest turn=2 cmd=0 cursor=3 move=85
[log] [coop:transport] recv host t=command fi=1 owner=guest turn=2 cmd=0 cursor=3 move=85 handlers=1
[log] [coop:relay] recv command fieldIndex=1 turn=2 command=0 -> resolved awaiting request
[log] [coop:ai] applyWiredPartnerCommand partner=445 wiredMoveId=85 cursor=3 -> moveId=85 moveIndex=3 tera=false targets=[3] targetsFrom=wire-verbatim useMode=1
[log] %cStart Phase: EnemyCommandPhase color:green
[log] %cStart Phase: TurnStartPhase color:green
[log] [coop-diag] turn-start authoritative guard mode=authoritative role=host turn=2 diverts=false
[log] [coop:turn] host recorder: begin turn=2 scope=1833203800481331:44 (no prior open recording)
[log] %cStart Phase: SwitchSummonPhase color:green
[log] [coop:turn] host recorder: preserve recording scope=1833203800481331:44 turn=2 events=0 seq=0
[log] [coop:turn] host recorder: append turn=2 seq=0 k=switch total=1 live=true
[log] %cStart Phase: PostSummonPhase color:green
[log] %cStart Phase: PostSummonPhase color:green
[log] %cStart Phase: MovePhase color:green
[log] [coop:turn] host recorder: append turn=2 seq=1 k=moveUsed total=2 live=true
[log] %cStart Phase: MessagePhase color:green
[log] %cStart Phase: MoveEffectPhase color:green
[log] [coop:turn] host recorder: append turn=2 seq=2 k=moveAnim total=3 live=true
[log] [coop:turn] host recorder: append turn=2 seq=3 k=hp total=4 live=true
[log] [coop:turn] host recorder: append turn=2 seq=4 k=message total=5 live=true
[log] %cStart Phase: DamageAnimPhase color:green
[log] %cStart Phase: MessagePhase color:green
[log] %cStart Phase: MoveEndPhase color:green
[log] %cStart Phase: MovePhase color:green
[log] %cStart Phase: MoveEndPhase color:green
[log] %cStart Phase: CheckInterludePhase color:green
[log] %cStart Phase: WeatherEffectPhase color:green
[log] %cStart Phase: PositionalTagPhase color:green
[log] %cStart Phase: BerryPhase color:green
[log] %cStart Phase: CheckStatusEffectPhase color:green
[log] %cStart Phase: TurnEndPhase color:green
[log] %cStart Phase: PokemonHealPhase color:green
[log] [coop:turn] host recorder: append turn=2 seq=5 k=hp total=6 live=true
[log] [coop:turn] host recorder: append turn=2 seq=6 k=message total=7 live=true
[log] %cStart Phase: MessagePhase color:green
[log] %cStart Phase: PokemonHealPhase color:green
[log] [coop:turn] host recorder: append turn=2 seq=7 k=message total=8 live=true
[log] %cStart Phase: MessagePhase color:green
[log] %cStart Phase: PokemonHealPhase color:green
[log] [coop:turn] host recorder: append turn=2 seq=8 k=hp total=9 live=true
[log] [coop:turn] host recorder: append turn=2 seq=9 k=message total=10 live=true
[log] %cStart Phase: MessagePhase color:green
[log] %cStart Phase: CoopTurnCommitPhase color:green
[log] [coop:turn] host recorder: finalize turn=2 events=10 seq=10
[log] [coop:checkpoint] build field=4 weather=0/0 terrain=3/0 arenaTags=0 money=4670 mons=[bi0:sp143/hp303-303/st0/fnt0 bi1:sp445/hp234-235/st0/fnt0 bi2:sp674/hp0-86/st7/fnt1 bi3:sp286/hp33-90/st0/fnt0]
[log] [coop:checkpoint] host capture field=4 weather=0 terrain=3 money=4670 arenaTags=0 mons=[bi0:sp143/hp303-303/st0/fnt0 bi1:sp445/hp234-235/st0/fnt0 bi2:sp674/hp0-86/st7/fnt1 bi3:sp286/hp33-90/st0/fnt0]
[log] [coop:interaction] interactionCounter() read -> 51 (role=host)
[log] [coop:replay] host SEND turnResolution e=1833203800481331 wave=44 turn=2 rev=481 events=10 checksum=32f06eb3a18c147e
[log] [coop:transport] send host t=turnResolution e=1833203800481331 wave=44 turn=2 rev=481 events=10 checksum=32f06eb3a18c147e
[warn] [coop:v2-shadow] FAULT tap(TURN_COMMIT): AuthorityLog.commit: TURN_COMMIT is not authorized by predecessor control after WSHADOW/ADV/w1
[log] [coop:transport] recv guest t=turnResolution e=1833203800481331 wave=44 turn=2 rev=481 events=10 checksum=32f06eb3a18c147e handlers=1
[log] [38;2;255;127;80mPhaseInterceptor.to: Stopping on completion of CoopTurnCommitPhase[39m
[log] %cStart Phase: TurnInitPhase color:green
[log] [coop:rendezvous] ARRIVE point=cmd:44:3 (send) role=host
[log] [coop:transport] send host t=rendezvous point=cmd:44:3
[log] [coop:rendezvous] next-command barrier cmd:44:3 SYNC pass (partner already arrived)
[log] [coop:transport] recv guest t=rendezvous point=cmd:44:3 handlers=1
[log] [coop:stream] host ACCEPT turn ACK stage=continuationReady key=1833203800481331:44:2:481
[log] [coop:stream] host RELEASE retained turn after continuationReady key=1833203800481331:44:2:481
[log] %cStart Phase: SelectTargetPhase color:green
[log] [coop:owner] broadcast own-slot fi=0 turn=3 role=host cmd=0
[log] [coop:relay] broadcastLocalCommand SEND fieldIndex=0 owner=host turn=3 command=0 cursor=2 moveId=53 targets=[3]
[log] [coop:transport] send host t=command fi=0 owner=host turn=3 cmd=0 cursor=2 move=53
[log] [coop:transport] recv guest t=command fi=0 owner=host turn=3 cmd=0 cursor=2 move=53 handlers=1
[log] [coop:relay] recv command fieldIndex=0 turn=3 command=0 -> BUFFERED (no awaiter yet)
[log] %cStart Phase: CommandPhase color:green
[log] [coop:battle] CommandPhase slot=1 turn=3 owner=guest role=host -> partner path
[log] [coop:relay] host requestPartnerCommand SEND fieldIndex=1 turn=3 moveSlots=[0,1,2,3] (awaiting peer)
[log] [coop:transport] send host t=commandRequest fi=1 owner=guest turn=3 slots=4
[log] [coop:transport] recv guest t=commandRequest fi=1 owner=guest turn=3 slots=4 handlers=1
[log] [coop:relay] peer recv commandRequest fieldIndex=1 owner=guest turn=3 moveSlots=[0,1,2,3] -> reply command=0 cursor=3 moveId=85
[log] [coop:transport] send guest t=command fi=1 owner=guest turn=3 cmd=0 cursor=3 move=85
[log] [coop:transport] recv host t=command fi=1 owner=guest turn=3 cmd=0 cursor=3 move=85 handlers=1
[log] [coop:relay] recv command fieldIndex=1 turn=3 command=0 -> resolved awaiting request
[log] [coop:ai] applyWiredPartnerCommand partner=445 wiredMoveId=85 cursor=3 -> moveId=85 moveIndex=3 tera=false targets=[3] targetsFrom=wire-verbatim useMode=1
[log] %cStart Phase: EnemyCommandPhase color:green
[log] %cStart Phase: TurnStartPhase color:green
[log] [coop-diag] turn-start authoritative guard mode=authoritative role=host turn=3 diverts=false
[log] [coop:turn] host recorder: begin turn=3 scope=1833203800481331:44 (no prior open recording)
[log] %cStart Phase: MovePhase color:green
[log] [coop:turn] host recorder: append turn=3 seq=0 k=moveUsed total=1 live=true
[log] %cStart Phase: MessagePhase color:green
[log] %cStart Phase: MoveEffectPhase color:green
[log] [coop:turn] host recorder: append turn=3 seq=1 k=moveAnim total=2 live=true
[log] [coop:turn] host recorder: append turn=3 seq=2 k=hp total=3 live=true
[log] [coop:turn] host recorder: append turn=3 seq=3 k=faint total=4 live=true
[log] [coop:turn] host recorder: append turn=3 seq=4 k=message total=5 live=true
[log] %cStart Phase: DamageAnimPhase color:green
[log] %cStart Phase: MessagePhase color:green
[log] %cStart Phase: FaintPhase color:green
[log] %cStart Phase: MessagePhase color:green
[log] %cStart Phase: VictoryPhase color:green
[log] [coop:progression] HOST applyPartyExp COMPUTE wave=44 expValue=1031.4 koMon=Breloom
[warn] [coop:v2-shadow] FAULT tap(WAVE_ADVANCE): AuthorityLog.commit: WAVE_ADVANCE is not authorized by predecessor control after WSHADOW/ADV/w1
[log] [coop:runtime] defer raw waveResolved wave=44 outcome=win until its material turnResolution is retained
[log] [coop-diag] VictoryPhase win-branch role=host battleType=WILD queuesTrainerVictory=false queuesSelectModifier=true wave=44
[log] [coop-diag] VictoryTail role=host wave=44 source=legacy-local trainer=false egg=true biomeShop=false biomeChange=false crossroads=false nextWave=45
[log] %cStart Phase: MoveEndPhase color:green
[log] %cStart Phase: MovePhase color:green
[log] [coop:turn] host recorder: append turn=3 seq=5 k=message total=6 live=true
[log] %cStart Phase: MessagePhase color:green
[log] %cStart Phase: MoveEndPhase color:green
[log] %cStart Phase: MovePhase color:green
[log] %cStart Phase: MoveEndPhase color:green
[log] %cStart Phase: CheckInterludePhase color:green
[log] %cStart Phase: WeatherEffectPhase color:green
[log] %cStart Phase: PositionalTagPhase color:green
[log] %cStart Phase: BerryPhase color:green
[log] %cStart Phase: CheckStatusEffectPhase color:green
[log] %cStart Phase: TurnEndPhase color:green
[log] %cStart Phase: PokemonHealPhase color:green
[log] [coop:turn] host recorder: append turn=3 seq=6 k=hp total=7 live=true
[log] [coop:turn] host recorder: append turn=3 seq=7 k=message total=8 live=true
[log] %cStart Phase: MessagePhase color:green
[log] %cStart Phase: PokemonHealPhase color:green
[log] [coop:turn] host recorder: append turn=3 seq=8 k=message total=9 live=true
[log] %cStart Phase: MessagePhase color:green
[log] %cStart Phase: CoopTurnCommitPhase color:green
[log] [coop:turn] host recorder: finalize turn=3 events=9 seq=9
[log] [coop:checkpoint] build field=4 weather=0/0 terrain=3/0 arenaTags=0 money=4670 mons=[bi0:sp143/hp303-303/st0/fnt0 bi1:sp445/hp235-235/st0/fnt0 bi2:sp674/hp0-86/st7/fnt1 bi3:sp286/hp0-90/st7/fnt1]
[log] [coop:checkpoint] host capture field=4 weather=0 terrain=3 money=4670 arenaTags=0 mons=[bi0:sp143/hp303-303/st0/fnt0 bi1:sp445/hp235-235/st0/fnt0 bi2:sp674/hp0-86/st7/fnt1 bi3:sp286/hp0-90/st7/fnt1]
[log] [coop:interaction] interactionCounter() read -> 51 (role=host)
[log] [coop:replay] host SEND turnResolution e=1833203800481331 wave=44 turn=3 rev=484 events=9 checksum=6b95615efad5a463
[log] [coop:transport] send host t=turnResolution e=1833203800481331 wave=44 turn=3 rev=484 events=9 checksum=6b95615efad5a463
[warn] [coop:v2-shadow] FAULT tap(TURN_COMMIT): AuthorityLog.commit: TURN_COMMIT is not authorized by predecessor control after WSHADOW/ADV/w1
[log] [coop:runtime] send waveResolved wave=44 outcome=win (host)
[log] [coop:replay] host SEND waveResolved wave=44 outcome=win transition=WAVE_VICTORY/next45/biome0/egg1/wild
[log] [coop:transport] send host t=waveResolved wave=44 outcome=win captureParty=- cap=-
[log] [coop:transport] recv guest t=turnResolution e=1833203800481331 wave=44 turn=3 rev=484 events=9 checksum=6b95615efad5a463 handlers=1
[log] [coop:transport] recv guest t=waveResolved wave=44 outcome=win captureParty=- cap=- handlers=1
[log] [38;2;255;127;80mPhaseInterceptor.to: Stopping on completion of CoopTurnCommitPhase[39m
[log] %cStart Phase: BattleEndPhase color:green
[log] [coop:progression] HOST automatic victory settlement deferred wave=44 sourceTurn=3 settlementTurn=4
[log] [coop:interaction] interactionCounter() read -> 51 (role=host)
[log] %cStart Phase: EggLapsePhase color:green
[log] %cStart Phase: CoopVictorySealPhase color:green
[log] [coop:transport] send host t=envelope t=envelope
[log] [coop:runtime] wave-advance op HOST commit wave=44 outcome=win next=WAVE_VICTORY rev=104 id=1833203800481331:0:WAVE_ADVANCE:44 (Wave-2f)
[log] [coop:runtime] settled WAVE_ADVANCE committed wave=44 tick=485 next=WAVE_VICTORY/wave45
[log] [coop:runtime] send waveEndState wave=44 tick=485 (host)
[log] [coop:replay] host SEND waveEndState wave=44 tick=485 party=6
[log] [coop:transport] send host t=waveEndState t=waveEndState
[log] [coop:progression] HOST automatic victory settlement sealed wave=44 sourceTurn=3 settlementTurn=4 tick=485
[log] [coop:transport] recv guest t=envelope t=envelope handlers=1
[log] [coop:transport] recv guest t=waveEndState t=waveEndState handlers=1
[log] [coop:interaction] interactionCounter() read -> 51 (role=host)
[log] [coop:owner] ownerOf(counter=51) seat=1 -> owner=guest
[log] [coop:owner] isLocalOwnerAtCounter(pinnedCounter=51) parity=1 owner=guest role=host -> false
[log] [coop:interaction] interactionCounter() read -> 51 (role=host)
[log] [coop:reward] owner/watcher decision: pinnedStart=51 liveCounter=51 parity=1 role=host pick=WATCHER option=ROLL spoof=false
[log] [coop:shop] serializeRewardOptions count=3 ids=[RARE_CANDY,TM_CASE,POKEBALL] tiers=[0,0,0]
[log] [coop:reward] OWNER streams reward options (start=51 reroll=0 count=3 ids=[RARE_CANDY,TM_CASE,POKEBALL])
[log] [coop:relay] SEND rewardOptions seq=51 reroll=0 count=3 ids=[RARE_CANDY,TM_CASE,POKEBALL]
[log] [coop:transport] send host t=rewardOptions seq=51 reroll=0 options=3
[log] [coop:rendezvous] ARRIVE point=shop:44:51 (send) role=host
[log] [coop:transport] send host t=rendezvous point=shop:44:51
[log] [coop:reward] WATCHER waits for partner's reward picks (start=51 role=host wave=44)
[log] [coop:durability] host operation continuation window REARM key=op:global:104:1833203800481331:44:4:1833203800481331:0:WAVE_ADVANCE:44 surface=sharedInput at=1833203800481331/44/4
[log] [coop:transport] recv guest t=rewardOptions seq=51 reroll=0 options=3 handlers=1
[log] [coop:transport] recv guest t=rendezvous point=shop:44:51 handlers=1
[log] [coop:interaction] mirror begin role=watcher mirrorSeq=3264 interactionStart=51 reroll=0
[log] [coop:interaction] uiMirror beginSession role=watcher mode=6 seq=3264 early=0
[log] [coop:relay] AWAIT interactionChoice seq=51 timeoutMs=1200000 expected=[reward,shop,skip,reroll,check,transfer,lock] -> network-wait
[log] [coop:durability] operation delivery RETRY key=op:global:104:1833203800481331:44:4:1833203800481331:0:WAVE_ADVANCE:44 attempt=1/8
[log] [coop:transport] send host t=envelope t=envelope
[log] [coop:interaction] interactionCounter() read -> 51 (role=host)
[log] [coop:checksum] capture digest=56ca9e9ad4d6646a field=4 biome=27 seed=coop-soak-20260924 weather=0 terrain=3 money=4670 party=[143,445,149,94,376,248] partyLevels=[65,65,65,65,65,65] arenaTags=0 modifiers=5 heldItemsDigest=0 pokeballs=[0:65,1:10,2:0,3:0,4:0] mons=[bi0:sp143/hp303-303/st0/ab12/form0/tera0:0/boss0:0 bi1:sp445/hp235-235/st0/ab8/form0/tera0:15/boss0:0 bi2:sp674/hp0-86/st7/ab89/form0/tera0:1/boss0:0 bi3:sp286/hp0-90/st7/ab90/form0/tera0:11/boss0:0]
[log] [coop:rendezvous] RECV arrival point=shop:44:51 -> BUFFER (no waiter yet) role=host
[log] [coop:stream] host ACCEPT turn ACK stage=continuationReady key=1833203800481331:44:3:484
[log] [coop:stream] host RELEASE retained turn after continuationReady key=1833203800481331:44:3:484
[log] [coop:durability] host RELEASE contiguous acknowledged authority cls=op:global seq=104
[log] [coop:relay] DELIVER interactionChoice seq=51 -> waiter kind=skip choice=-1 data=-
[log] [coop:relay] AWAIT interactionChoice seq=51 RESOLVE kind=skip choice=-1 data=-
[log] [coop:reward] WATCHER applying relayed action seq=51 act=LEAVE choice=-1 data=-
[log] [coop:shop] serializeRewardOptions count=3 ids=[RARE_CANDY,TM_CASE,POKEBALL] tiers=[0,0,0]
[log] [coop:transport] send host t=envelope t=envelope
[log] [coop:reward] reward authoritative RESULT retained rev=105 tick=486 id=1833203800481331:1:REWARD:5100000
[log] [coop:transport] recv guest t=envelope t=envelope handlers=1
[log] [coop:interaction] interactionCounter() read -> 51 (role=host)
[log] [coop:interaction] interactionCounter() read -> 51 (role=host)
[log] [coop:interaction] RECV interaction broadcast (deferred catch-up net) received=52 localBefore=51 role=host -> WILL DEFER to 52 (folds in at next advance if still ahead)
[warn] [coop:interaction] CoopInteractionTurn.mergeRemote DEFER (remote=52, counter=51, pendingRemote=52) live counter UNCHANGED (folds in at next advance if still ahead)
[log] [coop:owner] ownerOf(counter=51) seat=1 -> owner=guest
[log] [coop:owner] ownerOf(counter=51) seat=1 -> owner=guest
[log] [coop:reward] OWNER peer material applied; release terminal engine barrier seq=51 id=1833203800481331:1:REWARD:5100000
[log] [coop:interaction] interactionCounter() read -> 51 (role=host)
[log] [coop:interaction] CoopInteractionTurn.advance INCREMENT (fromCounter=51) counter 51 -> 52
[log] [coop:interaction] advanceInteraction ADVANCED+BROADCAST (fromCounter=51) counter 51 -> 52 role=host; send interaction screen=__turn__ choice=52
[log] [coop:interaction] SEND counter snapshot reason=advance choice=52 role=host
[log] [coop:transport] send host t=interaction screen=__turn__
[log] [coop:owner] ownerOf(counter=52) seat=0 -> owner=host
[log] [coop:owner] ownerOf(counter=52) seat=0 -> owner=host
[log] [coop:interaction] interactionCounter() read -> 52 (role=host)
[log] [coop:reward] advance interaction (role=host from=51 counter 51 -> 52)
[log] [coop:transport] recv guest t=interaction screen=__turn__ handlers=1
[log] [coop:interaction] interactionCounter() read -> 52 (role=host)
[log] [coop:interaction] interactionCounter() read -> 52 (role=guest)
[log] [coop-soak:wave-complete] {"seed":20260924,"wave":44,"wavesRequested":55,"wavesCompleted":44,"waveElapsedMs":3909,"elapsedMs":134478,"findings":0,"hostPhase":"NewBattlePhase","guestPhase":"NewBattlePhase"}
[log] %cStart Phase: NewBattlePhase color:green
[log] [coop:turn] host recorder: begin deferred transition turn=1 scope=1833203800481331:45
[log] %cStart Phase: CoopPartnerSyncPhase color:green
[log] [coop:interaction] interactionCounter() read -> 52 (role=host)
[log] %cStart Phase: NextEncounterPhase color:green
[log] [coop:interaction] interactionCounter() read -> 52 (role=host)
[log] [coop:replay] host SEND enemyPartySync wave=45 count=2 meType=-1 battleType=0 entryPresentation=-
[log] [coop:transport] send host t=enemyPartySync wave=45 enemies=2 battleType=0
[log] [coop:turn] host recorder: preserve recording scope=1833203800481331:45 turn=1 events=0 seq=0
[log] [coop:transport] recv guest t=enemyPartySync wave=45 enemies=2 battleType=0 handlers=1
[log] %cStart Phase: ToggleDoublePositionPhase color:green
[log] %cStart Phase: CheckSwitchPhase color:green
[log] %cStart Phase: CheckSwitchPhase color:green
[log] %cStart Phase: InitEncounterPhase color:green
[log] [coop:turn] host recorder: preserve recording scope=1833203800481331:45 turn=1 events=0 seq=0
[log] %cStart Phase: PostSummonPhase color:green
[log] %cStart Phase: PostSummonPhase color:green
[log] %cStart Phase: PostSummonPhase color:green
[log] [coop:turn] host recorder: append turn=1 seq=0 k=message total=1 live=true
[log] %cStart Phase: ShowAbilityPhase color:green
[log] [coop:turn] host recorder: append turn=1 seq=1 k=showAbility total=2 live=true
[log] %cStart Phase: MessagePhase color:green
[log] %cStart Phase: HideAbilityPhase color:green
[log] [coop:turn] host recorder: append turn=1 seq=2 k=hideAbility total=3 live=true
[log] %cStart Phase: TurnInitPhase color:green
[log] [coop:replay] host SEND enemyPartySync wave=45 count=2 meType=-1 battleType=0 entryPresentation=3
[log] [coop:transport] send host t=enemyPartySync wave=45 enemies=2 battleType=0
[log] [coop:replay] host RE-BROADCAST wave-start authority wave=45 after post-summon boundary stateChanged=true presentation=3 (#920)
[log] [coop:rendezvous] next-command barrier ARRIVE+AWAIT cmd:45:1 slot=0
[log] [coop:rendezvous] ARRIVE point=cmd:45:1 (send) role=host
[log] [coop:transport] send host t=rendezvous point=cmd:45:1
[log] [coop:rendezvous] AWAIT point=cmd:45:1 timeoutMs=2000 -> network-wait role=host
[log] [coop:transport] recv guest t=enemyPartySync wave=45 enemies=2 battleType=0 handlers=1
[log] [coop:transport] recv guest t=rendezvous point=cmd:45:1 handlers=1
[log] [coop:rendezvous] RECV arrival point=cmd:45:1 -> deliver-to-waiter role=host
[log] [coop:transport] send host t=rendezvous point=cmd:45:1
[log] [coop:rendezvous] AWAIT point=cmd:45:1 RESOLVE both-arrived role=host
[log] [coop:durability] host RELEASE contiguous acknowledged authority cls=op:global seq=105
[log] [coop:transport] recv guest t=rendezvous point=cmd:45:1 handlers=1
[log] [coop:transport] send host t=enemyPartySync wave=45 enemies=2 battleType=0
[log] [coop:replay] host RE-BROADCAST wave-start authority wave=45 after post-summon boundary stateChanged=false presentation=3 (#920)
[log] [coop:transport] recv guest t=enemyPartySync wave=45 enemies=2 battleType=0 handlers=1
[log] [coop-soak:wave-start] {"seed":20260924,"wave":45,"wavesRequested":55,"wavesCompleted":44,"elapsedMs":135143,"hostPhase":"CommandPhase","guestPhase":"CommandPhase"}
[log] [coop:interaction] interactionCounter() read -> 52 (role=host)
[log] [coop:interaction] interactionCounter() read -> 52 (role=guest)
[log] [coop:interaction] interactionCounter() read -> 52 (role=host)
[log] [coop:checksum] capture digest=57553e6405cee964 field=4 biome=27 seed=coop-soak-20260924 weather=0 terrain=3 money=4670 party=[143,445,149,94,376,248] partyLevels=[65,65,65,65,65,65] arenaTags=1 modifiers=5 heldItemsDigest=0 pokeballs=[0:65,1:10,2:0,3:0,4:0] mons=[bi0:sp143/hp303-303/st0/ab12/form0/tera0:0/boss0:0 bi1:sp445/hp235-235/st0/ab8/form0/tera0:15/boss0:0 bi2:sp168/hp88-88/st0/ab5077/form0/tera0:3/boss0:0 bi3:sp190/hp89-89/st0/ab105/form0/tera0:0/boss0:0]
[log] [coop:interaction] interactionCounter() read -> 52 (role=host)
[log] %cStart Phase: SelectTargetPhase color:green
[log] [coop:owner] broadcast own-slot fi=0 turn=1 role=host cmd=0
[log] [coop:relay] broadcastLocalCommand SEND fieldIndex=0 owner=host turn=1 command=0 cursor=2 moveId=53 targets=[2]
[log] [coop:transport] send host t=command fi=0 owner=host turn=1 cmd=0 cursor=2 move=53
[log] [coop:transport] recv guest t=command fi=0 owner=host turn=1 cmd=0 cursor=2 move=53 handlers=1
[log] [coop:relay] recv command fieldIndex=0 turn=1 command=0 -> BUFFERED (no awaiter yet)
[log] %cStart Phase: CommandPhase color:green
[log] [coop:transport] send host t=enemyPartySync wave=45 enemies=2 battleType=0
[log] [coop:replay] host RE-BROADCAST wave-start authority wave=45 after post-summon boundary stateChanged=false presentation=3 (#920)
[log] [coop:battle] CommandPhase slot=1 turn=1 owner=guest role=host -> partner path
[log] [coop:relay] host requestPartnerCommand SEND fieldIndex=1 turn=1 moveSlots=[0,1,2,3] (awaiting peer)
[log] [coop:transport] send host t=commandRequest fi=1 owner=guest turn=1 slots=4
[log] [coop:transport] recv guest t=enemyPartySync wave=45 enemies=2 battleType=0 handlers=1
[log] [coop:transport] recv guest t=commandRequest fi=1 owner=guest turn=1 slots=4 handlers=1
[log] [coop:relay] peer recv commandRequest fieldIndex=1 owner=guest turn=1 moveSlots=[0,1,2,3] -> reply command=0 cursor=2 moveId=53
[log] [coop:transport] send guest t=command fi=1 owner=guest turn=1 cmd=0 cursor=2 move=53
[log] [coop:transport] recv host t=command fi=1 owner=guest turn=1 cmd=0 cursor=2 move=53 handlers=1
[log] [coop:relay] recv command fieldIndex=1 turn=1 command=0 -> resolved awaiting request
[log] [coop:ai] applyWiredPartnerCommand partner=445 wiredMoveId=53 cursor=2 -> moveId=53 moveIndex=2 tera=false targets=[3] targetsFrom=wire-verbatim useMode=1
[log] %cStart Phase: EnemyCommandPhase color:green
[log] %cStart Phase: EnemyCommandPhase color:green
[log] %cStart Phase: TurnStartPhase color:green
[log] [coop-diag] turn-start authoritative guard mode=authoritative role=host turn=1 diverts=false
[log] [coop:turn] host recorder: preserve recording scope=1833203800481331:45 turn=1 events=4 seq=4
[log] %cStart Phase: MovePhase color:green
[log] [coop:turn] host recorder: append turn=1 seq=4 k=moveUsed total=5 live=true
[log] %cStart Phase: MessagePhase color:green
[log] %cStart Phase: MoveEffectPhase color:green
[log] [coop:turn] host recorder: append turn=1 seq=5 k=moveAnim total=6 live=true
[log] %cStart Phase: StatStageChangePhase color:green
[log] [coop:turn] host recorder: append turn=1 seq=6 k=message total=7 live=true
[log] [coop:turn] host recorder: append turn=1 seq=7 k=statStage total=8 live=true
[log] %cStart Phase: MessagePhase color:green
[log] %cStart Phase: MoveEndPhase color:green
[log] %cStart Phase: MovePhase color:green
[log] [coop:turn] host recorder: append turn=1 seq=8 k=moveUsed total=9 live=true
[log] %cStart Phase: MessagePhase color:green
[log] %cStart Phase: MoveEffectPhase color:green
[log] [coop:turn] host recorder: append turn=1 seq=9 k=moveAnim total=10 live=true
[log] [coop:turn] host recorder: append turn=1 seq=10 k=hp total=11 live=true
[log] [coop:turn] host recorder: append turn=1 seq=11 k=faint total=12 live=true
[log] %cStart Phase: DamageAnimPhase color:green
[log] %cStart Phase: FaintPhase color:green
[log] %cStart Phase: MessagePhase color:green
[log] %cStart Phase: VictoryPhase color:green
[log] [coop:progression] HOST applyPartyExp COMPUTE wave=45 expValue=476.2 koMon=Aipom
[log] %cStart Phase: MoveEndPhase color:green
[log] %cStart Phase: MovePhase color:green
[log] [coop:turn] host recorder: append turn=1 seq=12 k=moveUsed total=13 live=true
[log] %cStart Phase: MessagePhase color:green
[log] %cStart Phase: MoveEffectPhase color:green
[log] [coop:turn] host recorder: append turn=1 seq=13 k=moveAnim total=14 live=true
[log] [coop:turn] host recorder: append turn=1 seq=14 k=hp total=15 live=true
[log] [coop:turn] host recorder: append turn=1 seq=15 k=faint total=16 live=true
[log] [coop:turn] host recorder: append turn=1 seq=16 k=message total=17 live=true
[log] %cStart Phase: DamageAnimPhase color:green
[log] %cStart Phase: MessagePhase color:green
[log] %cStart Phase: FaintPhase color:green
[log] %cStart Phase: MessagePhase color:green
[log] %cStart Phase: VictoryPhase color:green
[log] [coop:progression] HOST applyPartyExp COMPUTE wave=45 expValue=813 koMon=Ariados
[warn] [coop:v2-shadow] FAULT tap(WAVE_ADVANCE): AuthorityLog.commit: WAVE_ADVANCE is not authorized by predecessor control after WSHADOW/ADV/w1
[log] [coop:runtime] defer raw waveResolved wave=45 outcome=win until its material turnResolution is retained
[log] [coop-diag] VictoryPhase win-branch role=host battleType=WILD queuesTrainerVictory=false queuesSelectModifier=true wave=45
[log] [coop-diag] VictoryTail role=host wave=45 source=legacy-local trainer=false egg=true biomeShop=false biomeChange=false crossroads=true nextWave=46
[log] %cStart Phase: MoveEndPhase color:green
[log] %cStart Phase: MovePhase color:green
[log] %cStart Phase: MoveEndPhase color:green
[log] %cStart Phase: CheckInterludePhase color:green
[log] %cStart Phase: WeatherEffectPhase color:green
[log] %cStart Phase: PositionalTagPhase color:green
[log] %cStart Phase: BerryPhase color:green
[log] %cStart Phase: CheckStatusEffectPhase color:green
[log] %cStart Phase: TurnEndPhase color:green
[log] %cStart Phase: PokemonHealPhase color:green
[log] [coop:turn] host recorder: append turn=1 seq=17 k=message total=18 live=true
[log] %cStart Phase: MessagePhase color:green
[log] %cStart Phase: PokemonHealPhase color:green
[log] [coop:turn] host recorder: append turn=1 seq=18 k=message total=19 live=true
[log] %cStart Phase: MessagePhase color:green
[log] %cStart Phase: CoopTurnCommitPhase color:green
[log] [coop:turn] host recorder: finalize turn=1 events=19 seq=19
[log] [coop:checkpoint] build field=4 weather=0/0 terrain=3/0 arenaTags=1 money=4670 mons=[bi0:sp143/hp303-303/st0/fnt0 bi1:sp445/hp235-235/st0/fnt0 bi2:sp168/hp0-88/st7/fnt1 bi3:sp190/hp0-89/st7/fnt1]
[log] [coop:checkpoint] host capture field=4 weather=0 terrain=3 money=4670 arenaTags=1 mons=[bi0:sp143/hp303-303/st0/fnt0 bi1:sp445/hp235-235/st0/fnt0 bi2:sp168/hp0-88/st7/fnt1 bi3:sp190/hp0-89/st7/fnt1]
[log] [coop:interaction] interactionCounter() read -> 52 (role=host)
[log] [coop:replay] host SEND turnResolution e=1833203800481331 wave=45 turn=1 rev=493 events=19 checksum=8ded719c1bd502fe
[log] [coop:transport] send host t=turnResolution e=1833203800481331 wave=45 turn=1 rev=493 events=19 checksum=8ded719c1bd502fe
[warn] [coop:v2-shadow] FAULT tap(TURN_COMMIT): AuthorityLog.commit: TURN_COMMIT is not authorized by predecessor control after WSHADOW/ADV/w1
[log] [coop:runtime] send waveResolved wave=45 outcome=win (host)
[log] [coop:replay] host SEND waveResolved wave=45 outcome=win transition=WAVE_VICTORY/next46/biome0/egg1/wild
[log] [coop:transport] send host t=waveResolved wave=45 outcome=win captureParty=- cap=-
[log] [coop:transport] recv guest t=turnResolution e=1833203800481331 wave=45 turn=1 rev=493 events=19 checksum=8ded719c1bd502fe handlers=1
[log] [coop:transport] recv guest t=waveResolved wave=45 outcome=win captureParty=- cap=- handlers=1
[log] [38;2;255;127;80mPhaseInterceptor.to: Stopping on completion of CoopTurnCommitPhase[39m
[log] %cStart Phase: BattleEndPhase color:green
[log] [coop:progression] HOST automatic victory settlement deferred wave=45 sourceTurn=1 settlementTurn=2
[log] %cStart Phase: EggLapsePhase color:green
[log] %cStart Phase: CoopVictorySealPhase color:green
[log] [coop:transport] send host t=envelope t=envelope
[log] [coop:runtime] wave-advance op HOST commit wave=45 outcome=win next=WAVE_VICTORY rev=106 id=1833203800481331:0:WAVE_ADVANCE:45 (Wave-2f)
[log] [coop:runtime] settled WAVE_ADVANCE committed wave=45 tick=494 next=WAVE_VICTORY/wave46
[log] [coop:runtime] send waveEndState wave=45 tick=494 (host)
[log] [coop:replay] host SEND waveEndState wave=45 tick=494 party=6
[log] [coop:transport] send host t=waveEndState t=waveEndState
[log] [coop:progression] HOST automatic victory settlement sealed wave=45 sourceTurn=1 settlementTurn=2 tick=494
[log] [coop:transport] recv guest t=envelope t=envelope handlers=1
[log] [coop:transport] recv guest t=waveEndState t=waveEndState handlers=1
[log] [coop:interaction] interactionCounter() read -> 52 (role=host)
[log] [coop:owner] ownerOf(counter=52) seat=0 -> owner=host
[log] [coop:owner] isLocalOwnerAtCounter(pinnedCounter=52) parity=0 owner=host role=host -> true
[log] [coop:interaction] interactionCounter() read -> 52 (role=host)
[log] [coop:reward] owner/watcher decision: pinnedStart=52 liveCounter=52 parity=0 role=host pick=OWNER option=ROLL spoof=false
[log] [coop:shop] serializeRewardOptions count=3 ids=[TM_CASE,RARE_CANDY,TEMP_STAT_STAGE_BOOSTER] tiers=[0,0,0]
[log] [coop:reward] OWNER streams reward options (start=52 reroll=0 count=3 ids=[TM_CASE,RARE_CANDY,TEMP_STAT_STAGE_BOOSTER])
[log] [coop:relay] SEND rewardOptions seq=52 reroll=0 count=3 ids=[TM_CASE,RARE_CANDY,TEMP_STAT_STAGE_BOOSTER]
[log] [coop:transport] send host t=rewardOptions seq=52 reroll=0 options=3
[log] [coop:rendezvous] ARRIVE point=shop:45:52 (send) role=host
[log] [coop:transport] send host t=rendezvous point=shop:45:52
[log] [coop:reward] OWNER drives reward screen (start=52 role=host spoof=false adoptsOptions=false wave=45)
[log] [coop:rendezvous] shop-pick-commit barrier AWAIT shop:45:52
[log] [coop:rendezvous] AWAIT point=shop:45:52 timeoutMs=2000 -> network-wait role=host
[log] [coop:transport] recv guest t=rewardOptions seq=52 reroll=0 options=3 handlers=1
[log] [coop:transport] recv guest t=rendezvous point=shop:45:52 handlers=1
[log] [coop:durability] operation delivery RETRY key=op:global:106:1833203800481331:45:2:1833203800481331:0:WAVE_ADVANCE:45 attempt=1/8
[log] [coop:transport] send host t=envelope t=envelope
[log] [coop:interaction] interactionCounter() read -> 52 (role=host)
[log] [coop:checksum] capture digest=8ded719c1bd502fe field=4 biome=27 seed=coop-soak-20260924 weather=0 terrain=3 money=4670 party=[143,445,149,94,376,248] partyLevels=[65,65,65,65,65,65] arenaTags=1 modifiers=5 heldItemsDigest=0 pokeballs=[0:65,1:10,2:0,3:0,4:0] mons=[bi0:sp143/hp303-303/st0/ab12/form0/tera0:0/boss0:0 bi1:sp445/hp235-235/st0/ab8/form0/tera0:15/boss0:0 bi2:sp168/hp0-88/st7/ab5077/form0/tera0:3/boss0:0 bi3:sp190/hp0-89/st7/ab105/form0/tera0:0/boss0:0]
[log] [coop:rendezvous] RECV arrival point=shop:45:52 -> deliver-to-waiter role=host
[log] [coop:transport] send host t=rendezvous point=shop:45:52
[log] [coop:rendezvous] AWAIT point=shop:45:52 RESOLVE both-arrived role=host
[log] [coop:stream] host ACCEPT turn ACK stage=continuationReady key=1833203800481331:45:1:493
[log] [coop:stream] host RELEASE retained turn after continuationReady key=1833203800481331:45:1:493
[log] [coop:durability] host RELEASE contiguous acknowledged authority cls=op:global seq=106
[log] [coop:transport] recv guest t=rendezvous point=shop:45:52 handlers=1
[log] [coop:interaction] mirror begin role=owner mirrorSeq=3328 interactionStart=52 reroll=0
[log] [coop:interaction] uiMirror beginSession role=owner mode=6 seq=3328 early=0
[log] [coop:owner] ownerOf(counter=52) seat=0 -> owner=host
[log] [coop:owner] isLocalOwnerAtCounter(pinnedCounter=52) parity=0 owner=host role=host -> true
[log] [coop:owner] ownerOf(counter=52) seat=0 -> owner=host
[log] [coop:owner] isLocalOwnerAtCounter(pinnedCounter=52) parity=0 owner=host role=host -> true
[log] [coop:relay] OWNER prepare seq=52 kind=reward choice=2 data=[0] role=host
[log] [coop:reward] reward op INTENT prepared label=reward id=1833203800481331:0:REWARD:5200000
[log] [coop:relay] OWNER send raw seq=52 kind=reward choice=2 role=host
[log] [coop:relay] SEND interactionChoice seq=52 kind=reward kind=? choice=2 data=[0]
[log] [coop:transport] send host t=interactionChoice seq=52 kind=reward choice=2
[warn] [coop:v2-shadow] FAULT tap(INTERACTION_COMMIT): AuthorityLog.commit: INTERACTION_COMMIT is not authorized by predecessor control after WSHADOW/ADV/w1
[log] [coop:reward] APPLY_RESULT pin=52 side=owner type=TEMP_STAT_STAGE_BOOSTER class=TempStatStageBoosterModifier pregen=[3] holderSlot=-1 holderId=-1 stack=1 accepted=true cost=-1
[log] [coop:shop] serializeRewardOptions count=3 ids=[TM_CASE,RARE_CANDY,TEMP_STAT_STAGE_BOOSTER] tiers=[0,0,0]
[log] [coop:transport] send host t=envelope t=envelope
[log] [coop:reward] reward authoritative RESULT retained rev=107 tick=495 id=1833203800481331:0:REWARD:5200000
[log] [coop:interaction] interactionCounter() read -> 52 (role=host)
[log] [coop:interaction] CoopInteractionTurn.advance INCREMENT (fromCounter=52) counter 52 -> 53
[log] [coop:interaction] advanceInteraction ADVANCED+BROADCAST (fromCounter=52) counter 52 -> 53 role=host; send interaction screen=__turn__ choice=53
[log] [coop:interaction] SEND counter snapshot reason=advance choice=53 role=host
[log] [coop:transport] send host t=interaction screen=__turn__
[log] [coop:owner] ownerOf(counter=53) seat=1 -> owner=guest
[log] [coop:owner] ownerOf(counter=53) seat=1 -> owner=guest
[log] [coop:interaction] interactionCounter() read -> 53 (role=host)
[log] [coop:reward] advance interaction (role=host from=52 counter 52 -> 53)
[log] [coop:transport] recv guest t=interactionChoice seq=52 kind=reward choice=2 handlers=1
[log] [coop:transport] recv guest t=envelope t=envelope handlers=1
[log] [coop:transport] recv guest t=interaction screen=__turn__ handlers=1
[log] [coop:interaction] RECV interaction broadcast (deferred catch-up net) received=53 localBefore=53 role=host -> no defer (local >= received)
[warn] [coop:interaction] CoopInteractionTurn.mergeRemote DEFER (remote=53, counter=53, pendingRemote=53) live counter UNCHANGED (folds in at next advance if still ahead)
[log] [coop:owner] ownerOf(counter=53) seat=1 -> owner=guest
[log] [coop:owner] ownerOf(counter=53) seat=1 -> owner=guest
[log] [coop:rendezvous] crossroads boundary barrier RENDEZVOUS xroads:45 (#858)
[log] [coop:rendezvous] ARRIVE point=xroads:45 (send) role=host
[log] [coop:transport] send host t=rendezvous point=xroads:45
[log] [coop:rendezvous] AWAIT point=xroads:45 timeoutMs=2000 -> network-wait role=host
[log] [coop:transport] recv guest t=rendezvous point=xroads:45 handlers=1
[log] [coop:interaction] interactionCounter() read -> 53 (role=host)
[log] [coop:owner] ownerOf(counter=53) seat=1 -> owner=guest
[log] [coop:owner] isLocalOwnerAtCounter(pinnedCounter=53) parity=1 owner=guest role=host -> false
[log] [coop:rendezvous] RECV arrival point=xroads:45 -> deliver-to-waiter role=host
[log] [coop:transport] send host t=rendezvous point=xroads:45
[log] [coop:rendezvous] AWAIT point=xroads:45 RESOLVE both-arrived role=host
[log] [coop:transport] recv guest t=rendezvous point=xroads:45 handlers=1
[log] [coop:interaction] interactionCounter() read -> 53 (role=host)
[log] [coop:owner] ownerOf(counter=53) seat=1 -> owner=guest
[log] [coop:owner] isLocalOwnerAtCounter(pinnedCounter=53) parity=1 owner=guest role=host -> false
[log] [coop:reward] crossroads owner/watcher decision: pinnedStart=53 role=host spoof=false -> WATCHER (#848)
[log] [coop:interaction] uiMirror beginSession role=watcher mode=15 seq=9600053 early=0
[log] [coop:relay] AWAIT interactionChoice seq=9600053 timeoutMs=1200000 expected=[crossroads] -> network-wait
[log] [coop:transport] recv host t=coopAck cls=op:global seq=106 handlers=1
[log] [coop:transport] recv host t=battleCheckpointAck reason=replacement e=1833203800481331 wave=2 turn=2 rev=18 stage=continuationReady checksum=3244f941b6d0ce2f handlers=1
[log] [coop:interaction] uiMirror WATCHER apply n=0 button=1 mode=15
[log] [coop:relay] DELIVER interactionChoice seq=9600053 -> waiter kind=crossroads choice=1 data=-
[log] [coop:relay] AWAIT interactionChoice seq=9600053 RESOLVE kind=crossroads choice=1 data=-
[log] [coop:transport] send host t=envelope t=envelope
[log] [coop:reward] crossroads WATCHER: owner pick received moveOn=true pinnedStart=53 (#848)
[log] [coop:v2-interaction] terminal proof recorded op=1833203800481331:1:CROSSROADS_PICK:9600053 role=host seat=0 duplicate=0 ambient=1
[log] [coop:transport] recv guest t=envelope t=envelope handlers=1
[log] %cStart Phase: CoopPartnerSyncPhase color:green
[log] [coop:interaction] interactionCounter() read -> 53 (role=host)
[log] [coop:owner] ownerOf(counter=53) seat=1 -> owner=guest
[log] [coop:owner] isLocalOwnerAtCounter(pinnedCounter=53) parity=1 owner=guest role=host -> false
[log] [coop:owner] ownerOf(counter=53) seat=1 -> owner=guest
[log] [coop:owner] isLocalOwnerAtCounter(pinnedCounter=53) parity=1 owner=guest role=host -> false
[log] [coop:reward] biome pick owner/watcher decision: pinnedStart=53 role=host spoof=false chained=true -> WATCHER (#848)
[log] [coop:interaction] uiMirror beginSession role=watcher mode=54 seq=9700053 early=0
[log] [coop:relay] AWAIT interactionChoice seq=9700053 timeoutMs=1200000 expected=[biomePick] -> network-wait
[log] [coop:interaction] interactionCounter() read -> 53 (role=host)
[log] [coop:owner] ownerOf(counter=53) seat=1 -> owner=guest
[log] [coop:owner] isLocalOwnerAtCounter(pinnedCounter=53) parity=1 owner=guest role=host -> false
[log] [coop:relay] DELIVER interactionChoice seq=9700053 -> waiter kind=biomePick choice=0 data=[27]
[log] [coop:relay] AWAIT interactionChoice seq=9700053 RESOLVE kind=biomePick choice=0 data=[27]
[log] [coop:transport] send host t=envelope t=envelope
[log] [coop:reward] biome pick WATCHER: owner biome=undefined received pinnedStart=53 (#848)
[log] [coop:transport] recv guest t=envelope t=envelope handlers=1
[log] [coop:interaction] interactionCounter() read -> 53 (role=host)
[log] [coop:interaction] CoopInteractionTurn.advance INCREMENT (fromCounter=53) counter 53 -> 54
[log] [coop:interaction] advanceInteraction ADVANCED+BROADCAST (fromCounter=53) counter 53 -> 54 role=host; send interaction screen=__turn__ choice=54
[log] [coop:interaction] SEND counter snapshot reason=advance choice=54 role=host
[log] [coop:transport] send host t=interaction screen=__turn__
[log] [coop:owner] ownerOf(counter=54) seat=0 -> owner=host
[log] [coop:owner] ownerOf(counter=54) seat=0 -> owner=host
[log] [coop:interaction] interactionCounter() read -> 54 (role=host)
[log] [coop:reward] advance interaction from CONTINUATION commit (role=host from=53 counter 53 -> 54)
[log] [coop:interaction] interactionCounter() read -> 54 (role=host)
[log] [coop:v2-interaction] terminal proof recorded op=1833203800481331:1:BIOME_PICK:9700053 role=host seat=0 duplicate=0 ambient=1
[log] [coop:transport] recv guest t=interaction screen=__turn__ handlers=1
[log] [coop:interaction] RECV interaction broadcast (deferred catch-up net) received=54 localBefore=54 role=host -> no defer (local >= received)
[warn] [coop:interaction] CoopInteractionTurn.mergeRemote DEFER (remote=54, counter=54, pendingRemote=54) live counter UNCHANGED (folds in at next advance if still ahead)
[log] [coop:owner] ownerOf(counter=54) seat=0 -> owner=host
[log] [coop:owner] ownerOf(counter=54) seat=0 -> owner=host
[log] [coop:interaction] interactionCounter() read -> 54 (role=host)
[log] %cStart Phase: SwitchBiomePhase color:green
[log] %cStart Phase: NewBattlePhase color:green
[log] [coop:turn] host recorder: begin deferred transition turn=1 scope=1833203800481331:46
[log] [coop:turn] host recorder: append turn=1 seq=0 k=message total=1 live=true
[log] [coop:v2-control] NewBattlePhase installed committed host biome encounter wave=45->46
[log] %cStart Phase: MessagePhase color:green
[log] %cStart Phase: ReturnPhase color:green
[log] [coop:turn] host recorder: preserve recording scope=1833203800481331:46 turn=1 events=1 seq=1
[log] %cStart Phase: ReturnPhase color:green
[log] [coop:turn] host recorder: preserve recording scope=1833203800481331:46 turn=1 events=1 seq=1
[log] %cStart Phase: ShowTrainerPhase color:green
[log] %cStart Phase: NewBiomeEncounterPhase color:green
[log] [coop:interaction] interactionCounter() read -> 54 (role=host)
[log] [coop:replay] host SEND enemyPartySync wave=46 count=2 meType=-1 battleType=0 entryPresentation=-
[log] [coop:transport] send host t=enemyPartySync wave=46 enemies=2 battleType=0
[log] [coop:turn] host recorder: preserve recording scope=1833203800481331:46 turn=1 events=1 seq=1
[log] [coop:transport] recv guest t=enemyPartySync wave=46 enemies=2 battleType=0 handlers=1
[log] %cStart Phase: SummonPhase color:green
[log] [coop:turn] host recorder: preserve recording scope=1833203800481331:46 turn=1 events=1 seq=1
[log] %cStart Phase: ToggleDoublePositionPhase color:green
[log] %cStart Phase: SummonPhase color:green
[log] [coop:turn] host recorder: preserve recording scope=1833203800481331:46 turn=1 events=1 seq=1
[log] %cStart Phase: CheckSwitchPhase color:green
[log] %cStart Phase: CheckSwitchPhase color:green
[log] %cStart Phase: InitEncounterPhase color:green
[log] [coop:turn] host recorder: preserve recording scope=1833203800481331:46 turn=1 events=1 seq=1
[log] %cStart Phase: PostSummonPhase color:green
[log] %cStart Phase: PostSummonPhase color:green
[log] %cStart Phase: PostSummonPhase color:green
[log] %cStart Phase: PostSummonPhase color:green
[log] %cStart Phase: PostSummonPhase color:green
[log] %cStart Phase: PostSummonPhase color:green
[log] %cStart Phase: ShowAbilityPhase color:green
[log] [coop:turn] host recorder: append turn=1 seq=1 k=showAbility total=2 live=true
[log] %cStart Phase: HideAbilityPhase color:green
[log] [coop:turn] host recorder: append turn=1 seq=2 k=hideAbility total=3 live=true
[log] %cStart Phase: TurnInitPhase color:green
[log] [coop:replay] host SEND enemyPartySync wave=46 count=2 meType=-1 battleType=0 entryPresentation=3
[log] [coop:transport] send host t=enemyPartySync wave=46 enemies=2 battleType=0
[log] [coop:replay] host RE-BROADCAST wave-start authority wave=46 after post-summon boundary stateChanged=true presentation=3 (#920)
[log] [coop:rendezvous] next-command barrier ARRIVE+AWAIT cmd:46:1 slot=0
[log] [coop:rendezvous] ARRIVE point=cmd:46:1 (send) role=host
[log] [coop:transport] send host t=rendezvous point=cmd:46:1
[log] [coop:rendezvous] AWAIT point=cmd:46:1 timeoutMs=2000 -> network-wait role=host
[log] [coop:transport] recv guest t=enemyPartySync wave=46 enemies=2 battleType=0 handlers=1
[log] [coop:transport] recv guest t=rendezvous point=cmd:46:1 handlers=1
[log] [coop:rendezvous] RECV arrival point=cmd:46:1 -> deliver-to-waiter role=host
[log] [coop:transport] send host t=rendezvous point=cmd:46:1
[log] [coop:rendezvous] AWAIT point=cmd:46:1 RESOLVE both-arrived role=host
[log] [coop:durability] host RELEASE contiguous acknowledged authority cls=op:global seq=107
[log] [coop:durability] host RELEASE contiguous acknowledged authority cls=op:global seq=108
[log] [coop:durability] host RELEASE contiguous acknowledged authority cls=op:global seq=109
[log] [coop:transport] recv guest t=rendezvous point=cmd:46:1 handlers=1
[log] [coop:transport] send host t=enemyPartySync wave=46 enemies=2 battleType=0
[log] [coop:replay] host RE-BROADCAST wave-start authority wave=46 after post-summon boundary stateChanged=false presentation=3 (#920)
[log] [coop:transport] recv guest t=enemyPartySync wave=46 enemies=2 battleType=0 handlers=1
[log] [coop:interaction] interactionCounter() read -> 54 (role=host)
[log] [coop:checksum] capture digest=fd5b77a53024a341 field=4 biome=27 seed=coop-soak-20260924 weather=0 terrain=3 money=4670 party=[143,445,149,94,376,248] partyLevels=[65,65,65,65,65,65] arenaTags=0 modifiers=6 heldItemsDigest=0 pokeballs=[0:65,1:10,2:0,3:0,4:0] mons=[bi0:sp143/hp303-303/st0/ab12/form0/tera0:0/boss0:0 bi1:sp445/hp235-235/st0/ab8/form0/tera0:15/boss0:0 bi2:sp523/hp109-109/st0/ab5274/form0/tera0:12/boss0:0 bi3:sp286/hp90-90/st0/ab5112/form0/tera0:1/boss0:0]
[log] [coop:interaction] interactionCounter() read -> 54 (role=host)
[log] %cStart Phase: SelectTargetPhase color:green
[log] [coop:owner] broadcast own-slot fi=0 turn=1 role=host cmd=0
[log] [coop:relay] broadcastLocalCommand SEND fieldIndex=0 owner=host turn=1 command=0 cursor=2 moveId=53 targets=[2]
[log] [coop:transport] send host t=command fi=0 owner=host turn=1 cmd=0 cursor=2 move=53
[log] [coop:transport] recv guest t=command fi=0 owner=host turn=1 cmd=0 cursor=2 move=53 handlers=1
[log] [coop:relay] recv command fieldIndex=0 turn=1 command=0 -> BUFFERED (no awaiter yet)
[log] %cStart Phase: CommandPhase color:green
[log] [coop:transport] send host t=enemyPartySync wave=46 enemies=2 battleType=0
[log] [coop:replay] host RE-BROADCAST wave-start authority wave=46 after post-summon boundary stateChanged=false presentation=3 (#920)
[log] [coop:battle] CommandPhase slot=1 turn=1 owner=guest role=host -> partner path
[log] [coop:relay] host requestPartnerCommand SEND fieldIndex=1 turn=1 moveSlots=[0,1,2,3] (awaiting peer)
[log] [coop:transport] send host t=commandRequest fi=1 owner=guest turn=1 slots=4
[log] [coop:transport] recv guest t=enemyPartySync wave=46 enemies=2 battleType=0 handlers=1
[log] [coop:transport] recv guest t=commandRequest fi=1 owner=guest turn=1 slots=4 handlers=1
[log] [coop:relay] peer recv commandRequest fieldIndex=1 owner=guest turn=1 moveSlots=[0,1,2,3] -> reply command=0 cursor=3 moveId=85
[log] [coop:transport] send guest t=command fi=1 owner=guest turn=1 cmd=0 cursor=3 move=85
[log] [coop:transport] recv host t=command fi=1 owner=guest turn=1 cmd=0 cursor=3 move=85 handlers=1
[log] [coop:relay] recv command fieldIndex=1 turn=1 command=0 -> resolved awaiting request
[log] [coop:ai] applyWiredPartnerCommand partner=445 wiredMoveId=85 cursor=3 -> moveId=85 moveIndex=3 tera=false targets=[3] targetsFrom=wire-verbatim useMode=1
[log] %cStart Phase: EnemyCommandPhase color:green
[log] %cStart Phase: EnemyCommandPhase color:green
[log] %cStart Phase: TurnStartPhase color:green
[log] [coop-diag] turn-start authoritative guard mode=authoritative role=host turn=1 diverts=false
[log] [coop:turn] host recorder: preserve recording scope=1833203800481331:46 turn=1 events=4 seq=4
[log] %cStart Phase: MovePhase color:green
[log] [coop:turn] host recorder: append turn=1 seq=4 k=moveUsed total=5 live=true
[log] %cStart Phase: MessagePhase color:green
[log] %cStart Phase: MoveEffectPhase color:green
[log] [coop:turn] host recorder: append turn=1 seq=5 k=moveAnim total=6 live=true
[log] [coop:turn] host recorder: append turn=1 seq=6 k=hp total=7 live=true
[log] [coop:turn] host recorder: append turn=1 seq=7 k=message total=8 live=true
[log] %cStart Phase: DamageAnimPhase color:green
[log] %cStart Phase: MessagePhase color:green
[log] %cStart Phase: MoveEndPhase color:green
[log] %cStart Phase: MovePhase color:green
[log] [coop:turn] host recorder: append turn=1 seq=8 k=moveUsed total=9 live=true
[log] %cStart Phase: MessagePhase color:green
[log] %cStart Phase: MoveEffectPhase color:green
[log] [coop:turn] host recorder: append turn=1 seq=9 k=message total=10 live=true
[log] [coop:turn] host recorder: append turn=1 seq=10 k=hp total=11 live=true
[log] [coop:turn] host recorder: append turn=1 seq=11 k=message total=12 live=true
[log] %cStart Phase: MessagePhase color:green
[log] %cStart Phase: DamageAnimPhase color:green
[log] %cStart Phase: MessagePhase color:green
[log] %cStart Phase: MoveEndPhase color:green
[log] %cStart Phase: MovePhase color:green
[log] [coop:turn] host recorder: append turn=1 seq=12 k=moveUsed total=13 live=true
[log] %cStart Phase: MessagePhase color:green
[log] %cStart Phase: MoveEffectPhase color:green
[log] [coop:turn] host recorder: append turn=1 seq=13 k=moveAnim total=14 live=true
[log] [coop:turn] host recorder: append turn=1 seq=14 k=hp total=15 live=true
[log] [coop:turn] host recorder: append turn=1 seq=15 k=faint total=16 live=true
[log] %cStart Phase: DamageAnimPhase color:green
[log] %cStart Phase: FaintPhase color:green
[log] %cStart Phase: MessagePhase color:green
[log] %cStart Phase: VictoryPhase color:green
[log] [coop:progression] HOST applyPartyExp COMPUTE wave=46 expValue=1149.4 koMon=Zebstrika
[log] %cStart Phase: MoveEndPhase color:green
[log] %cStart Phase: MovePhase color:green
[log] [coop:turn] host recorder: append turn=1 seq=16 k=message total=17 live=true
[log] %cStart Phase: MessagePhase color:green
[log] %cStart Phase: MoveEndPhase color:green
[log] %cStart Phase: CheckInterludePhase color:green
[log] %cStart Phase: WeatherEffectPhase color:green
[log] %cStart Phase: PositionalTagPhase color:green
[log] %cStart Phase: BerryPhase color:green
[log] %cStart Phase: CheckStatusEffectPhase color:green
[log] %cStart Phase: TurnEndPhase color:green
[log] %cStart Phase: PokemonHealPhase color:green
[log] [coop:turn] host recorder: append turn=1 seq=17 k=message total=18 live=true
[log] %cStart Phase: MessagePhase color:green
[log] %cStart Phase: PokemonHealPhase color:green
[log] [coop:turn] host recorder: append turn=1 seq=18 k=message total=19 live=true
[log] %cStart Phase: MessagePhase color:green
[log] %cStart Phase: PokemonHealPhase color:green
[log] [coop:turn] host recorder: append turn=1 seq=19 k=hp total=20 live=true
[log] [coop:turn] host recorder: append turn=1 seq=20 k=message total=21 live=true
[log] %cStart Phase: MessagePhase color:green
[log] %cStart Phase: CoopTurnCommitPhase color:green
[log] [coop:turn] host recorder: finalize turn=1 events=21 seq=21
[log] [coop:checkpoint] build field=4 weather=0/0 terrain=3/0 arenaTags=0 money=4670 mons=[bi0:sp143/hp303-303/st0/fnt0 bi1:sp445/hp235-235/st0/fnt0 bi2:sp523/hp0-109/st7/fnt1 bi3:sp286/hp21-90/st0/fnt0]
[log] [coop:checkpoint] host capture field=4 weather=0 terrain=3 money=4670 arenaTags=0 mons=[bi0:sp143/hp303-303/st0/fnt0 bi1:sp445/hp235-235/st0/fnt0 bi2:sp523/hp0-109/st7/fnt1 bi3:sp286/hp21-90/st0/fnt0]
[log] [coop:interaction] interactionCounter() read -> 54 (role=host)
[log] [coop:replay] host SEND turnResolution e=1833203800481331 wave=46 turn=1 rev=504 events=21 checksum=1ec0654011da732c
[log] [coop:transport] send host t=turnResolution e=1833203800481331 wave=46 turn=1 rev=504 events=21 checksum=1ec0654011da732c
[warn] [coop:v2-shadow] FAULT tap(TURN_COMMIT): AuthorityLog.commit: TURN_COMMIT is not authorized by predecessor control after WSHADOW/ADV/w1
[log] [coop:transport] recv guest t=turnResolution e=1833203800481331 wave=46 turn=1 rev=504 events=21 checksum=1ec0654011da732c handlers=1
[log] [38;2;255;127;80mPhaseInterceptor.to: Stopping on completion of CoopTurnCommitPhase[39m
[log] %cStart Phase: TurnInitPhase color:green
[log] [coop:transport] recv host t=rendezvous point=cmd:46:2 handlers=1
[log] [coop:rendezvous] RECV arrival point=cmd:46:2 -> BUFFER (no waiter yet) role=host
[log] [coop:rendezvous] ARRIVE point=cmd:46:2 (send) role=host
[log] [coop:transport] send host t=rendezvous point=cmd:46:2
[log] [coop:rendezvous] next-command barrier cmd:46:2 SYNC pass (partner already arrived)
[log] [coop:transport] recv guest t=rendezvous point=cmd:46:2 handlers=1
[log] [coop:stream] host ACCEPT turn ACK stage=continuationReady key=1833203800481331:46:1:504
[log] [coop:stream] host RELEASE retained turn after continuationReady key=1833203800481331:46:1:504
[log] %cStart Phase: SelectTargetPhase color:green
[log] [coop:owner] broadcast own-slot fi=0 turn=2 role=host cmd=0
[log] [coop:relay] broadcastLocalCommand SEND fieldIndex=0 owner=host turn=2 command=0 cursor=3 moveId=85 targets=[3]
[log] [coop:transport] send host t=command fi=0 owner=host turn=2 cmd=0 cursor=3 move=85
[log] [coop:transport] recv guest t=command fi=0 owner=host turn=2 cmd=0 cursor=3 move=85 handlers=1
[log] [coop:relay] recv command fieldIndex=0 turn=2 command=0 -> BUFFERED (no awaiter yet)
[log] %cStart Phase: CommandPhase color:green
[log] [coop:battle] CommandPhase slot=1 turn=2 owner=guest role=host -> partner path
[log] [coop:relay] host requestPartnerCommand SEND fieldIndex=1 turn=2 moveSlots=[0,1,2,3] (awaiting peer)
[log] [coop:transport] send host t=commandRequest fi=1 owner=guest turn=2 slots=4
[log] [coop:transport] recv guest t=commandRequest fi=1 owner=guest turn=2 slots=4 handlers=1
[log] [coop:relay] peer recv commandRequest fieldIndex=1 owner=guest turn=2 moveSlots=[0,1,2,3] -> reply command=0 cursor=3 moveId=85
[log] [coop:transport] send guest t=command fi=1 owner=guest turn=2 cmd=0 cursor=3 move=85
[log] [coop:transport] recv host t=command fi=1 owner=guest turn=2 cmd=0 cursor=3 move=85 handlers=1
[log] [coop:relay] recv command fieldIndex=1 turn=2 command=0 -> resolved awaiting request
[log] [coop:ai] applyWiredPartnerCommand partner=445 wiredMoveId=85 cursor=3 -> moveId=85 moveIndex=3 tera=false targets=[3] targetsFrom=wire-verbatim useMode=1
[log] %cStart Phase: EnemyCommandPhase color:green
[log] %cStart Phase: TurnStartPhase color:green
[log] [coop-diag] turn-start authoritative guard mode=authoritative role=host turn=2 diverts=false
[log] [coop:turn] host recorder: begin turn=2 scope=1833203800481331:46 (no prior open recording)
[log] %cStart Phase: MovePhase color:green
[log] [coop:turn] host recorder: append turn=2 seq=0 k=moveUsed total=1 live=true
[log] %cStart Phase: MessagePhase color:green
[log] %cStart Phase: MoveEffectPhase color:green
[log] [coop:turn] host recorder: append turn=2 seq=1 k=moveAnim total=2 live=true
[log] [coop:turn] host recorder: append turn=2 seq=2 k=hp total=3 live=true
[log] [coop:turn] host recorder: append turn=2 seq=3 k=faint total=4 live=true
[log] [coop:turn] host recorder: append turn=2 seq=4 k=message total=5 live=true
[log] %cStart Phase: DamageAnimPhase color:green
[log] %cStart Phase: MessagePhase color:green
[log] %cStart Phase: FaintPhase color:green
[log] %cStart Phase: MessagePhase color:green
[log] %cStart Phase: VictoryPhase color:green
[log] [coop:progression] HOST applyPartyExp COMPUTE wave=46 expValue=1031.4 koMon=Breloom
[warn] [coop:v2-shadow] FAULT tap(WAVE_ADVANCE): AuthorityLog.commit: WAVE_ADVANCE is not authorized by predecessor control after WSHADOW/ADV/w1
[log] [coop:runtime] defer raw waveResolved wave=46 outcome=win until its material turnResolution is retained
[log] [coop-diag] VictoryPhase win-branch role=host battleType=WILD queuesTrainerVictory=false queuesSelectModifier=true wave=46
[log] [coop-diag] VictoryTail role=host wave=46 source=legacy-local trainer=false egg=true biomeShop=false biomeChange=false crossroads=false nextWave=47
[log] %cStart Phase: MoveEndPhase color:green
[log] %cStart Phase: MovePhase color:green
[log] [coop:turn] host recorder: append turn=2 seq=5 k=message total=6 live=true
[log] %cStart Phase: MessagePhase color:green
[log] %cStart Phase: MoveEndPhase color:green
[log] %cStart Phase: MovePhase color:green
[log] %cStart Phase: MoveEndPhase color:green
[log] %cStart Phase: CheckInterludePhase color:green
[log] %cStart Phase: WeatherEffectPhase color:green
[log] %cStart Phase: PositionalTagPhase color:green
[log] %cStart Phase: BerryPhase color:green
[log] %cStart Phase: CheckStatusEffectPhase color:green
[log] %cStart Phase: TurnEndPhase color:green
[log] %cStart Phase: PokemonHealPhase color:green
[log] [coop:turn] host recorder: append turn=2 seq=6 k=message total=7 live=true
[log] %cStart Phase: MessagePhase color:green
[log] %cStart Phase: PokemonHealPhase color:green
[log] [coop:turn] host recorder: append turn=2 seq=7 k=message total=8 live=true
[log] %cStart Phase: MessagePhase color:green
[log] %cStart Phase: CoopTurnCommitPhase color:green
[log] [coop:turn] host recorder: finalize turn=2 events=8 seq=8
[log] [coop:checkpoint] build field=4 weather=0/0 terrain=3/0 arenaTags=0 money=4670 mons=[bi0:sp143/hp303-303/st0/fnt0 bi1:sp445/hp235-235/st0/fnt0 bi2:sp523/hp0-109/st7/fnt1 bi3:sp286/hp0-90/st7/fnt1]
[log] [coop:checkpoint] host capture field=4 weather=0 terrain=3 money=4670 arenaTags=0 mons=[bi0:sp143/hp303-303/st0/fnt0 bi1:sp445/hp235-235/st0/fnt0 bi2:sp523/hp0-109/st7/fnt1 bi3:sp286/hp0-90/st7/fnt1]
[log] [coop:interaction] interactionCounter() read -> 54 (role=host)
[log] [coop:replay] host SEND turnResolution e=1833203800481331 wave=46 turn=2 rev=507 events=8 checksum=de95cb165e96d8df
[log] [coop:transport] send host t=turnResolution e=1833203800481331 wave=46 turn=2 rev=507 events=8 checksum=de95cb165e96d8df
[warn] [coop:v2-shadow] FAULT tap(TURN_COMMIT): AuthorityLog.commit: TURN_COMMIT is not authorized by predecessor control after WSHADOW/ADV/w1
[log] [coop:runtime] send waveResolved wave=46 outcome=win (host)
[log] [coop:replay] host SEND waveResolved wave=46 outcome=win transition=WAVE_VICTORY/next47/biome0/egg1/wild
[log] [coop:transport] send host t=waveResolved wave=46 outcome=win captureParty=- cap=-
[log] [coop:transport] recv guest t=turnResolution e=1833203800481331 wave=46 turn=2 rev=507 events=8 checksum=de95cb165e96d8df handlers=1
[log] [coop:transport] recv guest t=waveResolved wave=46 outcome=win captureParty=- cap=- handlers=1
[log] [38;2;255;127;80mPhaseInterceptor.to: Stopping on completion of CoopTurnCommitPhase[39m
[log] %cStart Phase: BattleEndPhase color:green
[log] [coop:progression] HOST automatic victory settlement deferred wave=46 sourceTurn=2 settlementTurn=3
[log] [coop:interaction] interactionCounter() read -> 54 (role=host)
[log] %cStart Phase: EggLapsePhase color:green
[log] %cStart Phase: CoopVictorySealPhase color:green
[log] [coop:transport] send host t=envelope t=envelope
[log] [coop:runtime] wave-advance op HOST commit wave=46 outcome=win next=WAVE_VICTORY rev=110 id=1833203800481331:0:WAVE_ADVANCE:46 (Wave-2f)
[log] [coop:runtime] settled WAVE_ADVANCE committed wave=46 tick=508 next=WAVE_VICTORY/wave47
[log] [coop:runtime] send waveEndState wave=46 tick=508 (host)
[log] [coop:replay] host SEND waveEndState wave=46 tick=508 party=6
[log] [coop:transport] send host t=waveEndState t=waveEndState
[log] [coop:progression] HOST automatic victory settlement sealed wave=46 sourceTurn=2 settlementTurn=3 tick=508
[log] [coop:transport] recv guest t=envelope t=envelope handlers=1
[log] [coop:transport] recv guest t=waveEndState t=waveEndState handlers=1
[log] [coop:interaction] interactionCounter() read -> 54 (role=host)
[log] [coop:owner] ownerOf(counter=54) seat=0 -> owner=host
[log] [coop:owner] isLocalOwnerAtCounter(pinnedCounter=54) parity=0 owner=host role=host -> true
[log] [coop:interaction] interactionCounter() read -> 54 (role=host)
[log] [coop:reward] owner/watcher decision: pinnedStart=54 liveCounter=54 parity=0 role=host pick=OWNER option=ROLL spoof=false
[log] [coop:shop] serializeRewardOptions count=3 ids=[POKEBALL,TEMP_STAT_STAGE_BOOSTER,BERRY] tiers=[0,0,0]
[log] [coop:reward] OWNER streams reward options (start=54 reroll=0 count=3 ids=[POKEBALL,TEMP_STAT_STAGE_BOOSTER,BERRY])
[log] [coop:relay] SEND rewardOptions seq=54 reroll=0 count=3 ids=[POKEBALL,TEMP_STAT_STAGE_BOOSTER,BERRY]
[log] [coop:transport] send host t=rewardOptions seq=54 reroll=0 options=3
[log] [coop:rendezvous] ARRIVE point=shop:46:54 (send) role=host
[log] [coop:transport] send host t=rendezvous point=shop:46:54
[log] [coop:reward] OWNER drives reward screen (start=54 role=host spoof=false adoptsOptions=false wave=46)
[log] [coop:rendezvous] shop-pick-commit barrier AWAIT shop:46:54
[log] [coop:rendezvous] AWAIT point=shop:46:54 timeoutMs=2000 -> network-wait role=host
[log] [coop:transport] recv guest t=rewardOptions seq=54 reroll=0 options=3 handlers=1
[log] [coop:transport] recv guest t=rendezvous point=shop:46:54 handlers=1
[log] [coop:interaction] interactionCounter() read -> 54 (role=host)
[log] [coop:checksum] capture digest=04897d2f60a9151b field=4 biome=27 seed=coop-soak-20260924 weather=0 terrain=3 money=4670 party=[143,445,149,94,376,248] partyLevels=[65,65,65,65,65,65] arenaTags=0 modifiers=6 heldItemsDigest=0 pokeballs=[0:65,1:10,2:0,3:0,4:0] mons=[bi0:sp143/hp303-303/st0/ab12/form0/tera0:0/boss0:0 bi1:sp445/hp235-235/st0/ab8/form0/tera0:15/boss0:0 bi2:sp523/hp0-109/st7/ab5274/form0/tera0:12/boss0:0 bi3:sp286/hp0-90/st7/ab5112/form0/tera0:1/boss0:0]
[log] [coop:durability] operation delivery RETRY key=op:global:110:1833203800481331:46:3:1833203800481331:0:WAVE_ADVANCE:46 attempt=1/8
[log] [coop:transport] send host t=envelope t=envelope
[log] [coop:rendezvous] RECV arrival point=shop:46:54 -> deliver-to-waiter role=host
[log] [coop:transport] send host t=rendezvous point=shop:46:54
[log] [coop:rendezvous] AWAIT point=shop:46:54 RESOLVE both-arrived role=host
[log] [coop:stream] host ACCEPT turn ACK stage=continuationReady key=1833203800481331:46:2:507
[log] [coop:stream] host RELEASE retained turn after continuationReady key=1833203800481331:46:2:507
[log] [coop:durability] host RELEASE contiguous acknowledged authority cls=op:global seq=110
[warn] [coop:durability] DROP skipped/regressed operation ACK key=op:global:110:1833203800481331:46:3:1833203800481331:0:WAVE_ADVANCE:46 stage=materialApplied
[warn] [coop:durability] DROP skipped/regressed operation ACK key=op:global:110:1833203800481331:46:3:1833203800481331:0:WAVE_ADVANCE:46 stage=presentationReady
[log] [coop:transport] recv guest t=rendezvous point=shop:46:54 handlers=1
[log] [coop:interaction] mirror begin role=owner mirrorSeq=3456 interactionStart=54 reroll=0
[log] [coop:interaction] uiMirror beginSession role=owner mode=6 seq=3456 early=0
[log] [coop:owner] ownerOf(counter=54) seat=0 -> owner=host
[log] [coop:owner] isLocalOwnerAtCounter(pinnedCounter=54) parity=0 owner=host role=host -> true
[log] [coop:owner] ownerOf(counter=54) seat=0 -> owner=host
[log] [coop:owner] isLocalOwnerAtCounter(pinnedCounter=54) parity=0 owner=host role=host -> true
[log] [coop:relay] OWNER prepare seq=54 kind=reward choice=0 data=[0] role=host
[log] [coop:reward] reward op INTENT prepared label=reward id=1833203800481331:0:REWARD:5400000
[log] [coop:relay] OWNER send raw seq=54 kind=reward choice=0 role=host
[log] [coop:relay] SEND interactionChoice seq=54 kind=reward kind=? choice=0 data=[0]
[log] [coop:transport] send host t=interactionChoice seq=54 kind=reward choice=0
[warn] [coop:v2-shadow] FAULT tap(INTERACTION_COMMIT): AuthorityLog.commit: INTERACTION_COMMIT is not authorized by predecessor control after WSHADOW/ADV/w1
[log] [coop:reward] APPLY_RESULT pin=54 side=owner type=POKEBALL class=AddPokeballModifier pregen=[] holderSlot=-1 holderId=-1 stack=-1 accepted=true cost=-1
[log] [coop:shop] serializeRewardOptions count=3 ids=[POKEBALL,TEMP_STAT_STAGE_BOOSTER,BERRY] tiers=[0,0,0]
[log] [coop:transport] send host t=envelope t=envelope
[log] [coop:reward] reward authoritative RESULT retained rev=111 tick=509 id=1833203800481331:0:REWARD:5400000
[log] [coop:interaction] interactionCounter() read -> 54 (role=host)
[log] [coop:interaction] CoopInteractionTurn.advance INCREMENT (fromCounter=54) counter 54 -> 55
[log] [coop:interaction] advanceInteraction ADVANCED+BROADCAST (fromCounter=54) counter 54 -> 55 role=host; send interaction screen=__turn__ choice=55
[log] [coop:interaction] SEND counter snapshot reason=advance choice=55 role=host
[log] [coop:transport] send host t=interaction screen=__turn__
[log] [coop:owner] ownerOf(counter=55) seat=1 -> owner=guest
[log] [coop:owner] ownerOf(counter=55) seat=1 -> owner=guest
[log] [coop:interaction] interactionCounter() read -> 55 (role=host)
[log] [coop:reward] advance interaction (role=host from=54 counter 54 -> 55)
[log] [coop:transport] recv guest t=interactionChoice seq=54 kind=reward choice=0 handlers=1
[log] [coop:transport] recv guest t=envelope t=envelope handlers=1
[log] [coop:transport] recv guest t=interaction screen=__turn__ handlers=1
[log] [coop:interaction] RECV interaction broadcast (deferred catch-up net) received=55 localBefore=55 role=host -> no defer (local >= received)
[warn] [coop:interaction] CoopInteractionTurn.mergeRemote DEFER (remote=55, counter=55, pendingRemote=55) live counter UNCHANGED (folds in at next advance if still ahead)
[log] [coop:owner] ownerOf(counter=55) seat=1 -> owner=guest
[log] [coop:owner] ownerOf(counter=55) seat=1 -> owner=guest
[log] [coop:interaction] interactionCounter() read -> 55 (role=host)
[log] [coop:interaction] interactionCounter() read -> 55 (role=guest)
[log] [coop-soak:wave-complete] {"seed":20260924,"wave":46,"wavesRequested":55,"wavesCompleted":46,"waveElapsedMs":2807,"elapsedMs":140937,"findings":0,"hostPhase":"NewBattlePhase","guestPhase":"NewBattlePhase"}
[log] %cStart Phase: NewBattlePhase color:green
[log] [coop:turn] host recorder: begin deferred transition turn=1 scope=1833203800481331:47
[log] %cStart Phase: CoopPartnerSyncPhase color:green
[log] [coop:interaction] interactionCounter() read -> 55 (role=host)
[log] %cStart Phase: NextEncounterPhase color:green
[log] [coop:interaction] interactionCounter() read -> 55 (role=host)
[log] [coop:replay] host SEND enemyPartySync wave=47 count=2 meType=-1 battleType=0 entryPresentation=-
[log] [coop:transport] send host t=enemyPartySync wave=47 enemies=2 battleType=0
[log] [coop:turn] host recorder: preserve recording scope=1833203800481331:47 turn=1 events=0 seq=0
[log] [coop:transport] recv guest t=enemyPartySync wave=47 enemies=2 battleType=0 handlers=1
[log] %cStart Phase: ToggleDoublePositionPhase color:green
[log] %cStart Phase: CheckSwitchPhase color:green
[log] %cStart Phase: CheckSwitchPhase color:green
[log] %cStart Phase: InitEncounterPhase color:green
[log] [coop:turn] host recorder: preserve recording scope=1833203800481331:47 turn=1 events=0 seq=0
[log] %cStart Phase: PostSummonPhase color:green
[log] %cStart Phase: PostSummonPhase color:green
[log] %cStart Phase: PostSummonPhase color:green
[log] %cStart Phase: TurnInitPhase color:green
[log] [coop:replay] host SEND enemyPartySync wave=47 count=2 meType=-1 battleType=0 entryPresentation=0
[log] [coop:transport] send host t=enemyPartySync wave=47 enemies=2 battleType=0
[log] [coop:replay] host RE-BROADCAST wave-start authority wave=47 after post-summon boundary stateChanged=false presentation=0 (#920)
[log] [coop:rendezvous] next-command barrier ARRIVE+AWAIT cmd:47:1 slot=0
[log] [coop:rendezvous] ARRIVE point=cmd:47:1 (send) role=host
[log] [coop:transport] send host t=rendezvous point=cmd:47:1
[log] [coop:rendezvous] AWAIT point=cmd:47:1 timeoutMs=2000 -> network-wait role=host
[log] [coop:transport] recv guest t=enemyPartySync wave=47 enemies=2 battleType=0 handlers=1
[log] [coop:transport] recv guest t=rendezvous point=cmd:47:1 handlers=1
[log] [coop:rendezvous] RECV arrival point=cmd:47:1 -> deliver-to-waiter role=host
[log] [coop:transport] send host t=rendezvous point=cmd:47:1
[log] [coop:rendezvous] AWAIT point=cmd:47:1 RESOLVE both-arrived role=host
[log] [coop:durability] host RELEASE contiguous acknowledged authority cls=op:global seq=111
[log] [coop:transport] recv guest t=rendezvous point=cmd:47:1 handlers=1
[log] [coop:transport] send host t=enemyPartySync wave=47 enemies=2 battleType=0
[log] [coop:replay] host RE-BROADCAST wave-start authority wave=47 after post-summon boundary stateChanged=false presentation=0 (#920)
[log] [coop:transport] recv guest t=enemyPartySync wave=47 enemies=2 battleType=0 handlers=1
[log] [coop-soak:wave-start] {"seed":20260924,"wave":47,"wavesRequested":55,"wavesCompleted":46,"elapsedMs":141418,"hostPhase":"CommandPhase","guestPhase":"CommandPhase"}
[log] [coop:interaction] interactionCounter() read -> 55 (role=host)
[log] [coop:interaction] interactionCounter() read -> 55 (role=guest)
[log] [coop:interaction] interactionCounter() read -> 55 (role=host)
[log] [coop:checksum] capture digest=7e48a9da007c34dd field=4 biome=27 seed=coop-soak-20260924 weather=0 terrain=3 money=4670 party=[143,445,149,94,376,248] partyLevels=[65,65,65,65,65,65] arenaTags=0 modifiers=6 heldItemsDigest=1 pokeballs=[0:70,1:10,2:0,3:0,4:0] mons=[bi0:sp143/hp303-303/st0/ab12/form0/tera0:0/boss0:0 bi1:sp445/hp235-235/st0/ab8/form0/tera0:15/boss0:0 bi2:sp732/hp84-84/st0/ab105/form0/tera0:2/boss0:0 bi3:sp732/hp82-82/st0/ab53/form0/tera0:0/boss0:0]
[log] [coop:interaction] interactionCounter() read -> 55 (role=host)
[log] %cStart Phase: SelectTargetPhase color:green
[log] [coop:owner] broadcast own-slot fi=0 turn=1 role=host cmd=0
[log] [coop:relay] broadcastLocalCommand SEND fieldIndex=0 owner=host turn=1 command=0 cursor=2 moveId=53 targets=[2]
[log] [coop:transport] send host t=command fi=0 owner=host turn=1 cmd=0 cursor=2 move=53
[log] [coop:transport] recv guest t=command fi=0 owner=host turn=1 cmd=0 cursor=2 move=53 handlers=1
[log] [coop:relay] recv command fieldIndex=0 turn=1 command=0 -> BUFFERED (no awaiter yet)
[log] %cStart Phase: CommandPhase color:green
[log] [coop:transport] send host t=enemyPartySync wave=47 enemies=2 battleType=0
[log] [coop:replay] host RE-BROADCAST wave-start authority wave=47 after post-summon boundary stateChanged=false presentation=0 (#920)
[log] [coop:battle] CommandPhase slot=1 turn=1 owner=guest role=host -> partner path
[log] [coop:relay] host requestPartnerCommand SEND fieldIndex=1 turn=1 moveSlots=[0,1,2,3] (awaiting peer)
[log] [coop:transport] send host t=commandRequest fi=1 owner=guest turn=1 slots=4
[log] [coop:transport] recv guest t=enemyPartySync wave=47 enemies=2 battleType=0 handlers=1
[log] [coop:transport] recv guest t=commandRequest fi=1 owner=guest turn=1 slots=4 handlers=1
[log] [coop:relay] peer recv commandRequest fieldIndex=1 owner=guest turn=1 moveSlots=[0,1,2,3] -> reply command=2 cursor=3 moveId=-
[log] [coop:transport] send guest t=command fi=1 owner=guest turn=1 cmd=2 cursor=3 move=-
[log] [coop:transport] recv host t=command fi=1 owner=guest turn=1 cmd=2 cursor=3 move=- handlers=1
[log] [coop:relay] recv command fieldIndex=1 turn=1 command=2 -> resolved awaiting request
[log] %cStart Phase: EnemyCommandPhase color:green
[log] %cStart Phase: EnemyCommandPhase color:green
[log] %cStart Phase: TurnStartPhase color:green
[log] [coop-diag] turn-start authoritative guard mode=authoritative role=host turn=1 diverts=false
[log] [coop:turn] host recorder: preserve recording scope=1833203800481331:47 turn=1 events=0 seq=0
[log] %cStart Phase: SwitchSummonPhase color:green
[log] [coop:turn] host recorder: preserve recording scope=1833203800481331:47 turn=1 events=0 seq=0
[log] [coop:turn] host recorder: append turn=1 seq=0 k=switch total=1 live=true
[log] %cStart Phase: PostSummonPhase color:green
[log] %cStart Phase: PostSummonPhase color:green
[log] %cStart Phase: ShowAbilityPhase color:green
[log] [coop:turn] host recorder: append turn=1 seq=1 k=showAbility total=2 live=true
[log] %cStart Phase: StatStageChangePhase color:green
[log] [coop:turn] host recorder: append turn=1 seq=2 k=message total=3 live=true
[log] [coop:turn] host recorder: append turn=1 seq=3 k=statStage total=4 live=true
[log] %cStart Phase: MessagePhase color:green
[log] %cStart Phase: StatStageChangePhase color:green
[log] [coop:turn] host recorder: append turn=1 seq=4 k=message total=5 live=true
[log] [coop:turn] host recorder: append turn=1 seq=5 k=statStage total=6 live=true
[log] %cStart Phase: MessagePhase color:green
[log] %cStart Phase: HideAbilityPhase color:green
[log] [coop:turn] host recorder: append turn=1 seq=6 k=hideAbility total=7 live=true
[log] %cStart Phase: MovePhase color:green
[log] [coop:turn] host recorder: append turn=1 seq=7 k=moveUsed total=8 live=true
[log] %cStart Phase: MessagePhase color:green
[log] %cStart Phase: MoveEffectPhase color:green
[log] [coop:turn] host recorder: append turn=1 seq=8 k=moveAnim total=9 live=true
[log] [coop:turn] host recorder: append turn=1 seq=9 k=hp total=10 live=true
[log] [coop:turn] host recorder: append turn=1 seq=10 k=faint total=11 live=true
[log] %cStart Phase: DamageAnimPhase color:green
[log] %cStart Phase: FaintPhase color:green
[log] %cStart Phase: MessagePhase color:green
[log] %cStart Phase: VictoryPhase color:green
[log] [coop:progression] HOST applyPartyExp COMPUTE wave=47 expValue=769.8 koMon=Trumbeak
[log] %cStart Phase: MoveEndPhase color:green
[log] %cStart Phase: MovePhase color:green
[log] %cStart Phase: MoveEndPhase color:green
[log] %cStart Phase: MovePhase color:green
[log] [coop:turn] host recorder: append turn=1 seq=11 k=message total=12 live=true
[log] %cStart Phase: MessagePhase color:green
[log] %cStart Phase: MoveEndPhase color:green
[log] %cStart Phase: CheckInterludePhase color:green
[log] %cStart Phase: WeatherEffectPhase color:green
[log] %cStart Phase: PositionalTagPhase color:green
[log] %cStart Phase: BerryPhase color:green
[log] %cStart Phase: CheckStatusEffectPhase color:green
[log] %cStart Phase: TurnEndPhase color:green
[log] %cStart Phase: PokemonHealPhase color:green
[log] [coop:turn] host recorder: append turn=1 seq=12 k=hp total=13 live=true
[log] [coop:turn] host recorder: append turn=1 seq=13 k=message total=14 live=true
[log] %cStart Phase: MessagePhase color:green
[log] %cStart Phase: PokemonHealPhase color:green
[log] [coop:turn] host recorder: append turn=1 seq=14 k=message total=15 live=true
[log] %cStart Phase: MessagePhase color:green
[log] %cStart Phase: CoopTurnCommitPhase color:green
[log] [coop:turn] host recorder: finalize turn=1 events=15 seq=15
[log] [coop:checkpoint] build field=4 weather=0/0 terrain=3/0 arenaTags=0 money=4670 mons=[bi0:sp143/hp303-303/st0/fnt0 bi1:sp94/hp171-179/st0/fnt0 bi2:sp732/hp0-84/st7/fnt1 bi3:sp732/hp82-82/st0/fnt0]
[log] [coop:checkpoint] host capture field=4 weather=0 terrain=3 money=4670 arenaTags=0 mons=[bi0:sp143/hp303-303/st0/fnt0 bi1:sp94/hp171-179/st0/fnt0 bi2:sp732/hp0-84/st7/fnt1 bi3:sp732/hp82-82/st0/fnt0]
[log] [coop:interaction] interactionCounter() read -> 55 (role=host)
[log] [coop:replay] host SEND turnResolution e=1833203800481331 wave=47 turn=1 rev=516 events=15 checksum=9193e8f4cca427da
[log] [coop:transport] send host t=turnResolution e=1833203800481331 wave=47 turn=1 rev=516 events=15 checksum=9193e8f4cca427da
[warn] [coop:v2-shadow] FAULT tap(TURN_COMMIT): AuthorityLog.commit: TURN_COMMIT is not authorized by predecessor control after WSHADOW/ADV/w1
[log] [coop:transport] recv guest t=turnResolution e=1833203800481331 wave=47 turn=1 rev=516 events=15 checksum=9193e8f4cca427da handlers=1
[log] [38;2;255;127;80mPhaseInterceptor.to: Stopping on completion of CoopTurnCommitPhase[39m
[log] %cStart Phase: TurnInitPhase color:green
[log] [coop:transport] recv host t=rendezvous point=cmd:47:2 handlers=1
[log] [coop:rendezvous] RECV arrival point=cmd:47:2 -> BUFFER (no waiter yet) role=host
[log] [coop:rendezvous] ARRIVE point=cmd:47:2 (send) role=host
[log] [coop:transport] send host t=rendezvous point=cmd:47:2
[log] [coop:rendezvous] next-command barrier cmd:47:2 SYNC pass (partner already arrived)
[log] [coop:transport] recv guest t=rendezvous point=cmd:47:2 handlers=1
[log] [coop:stream] host ACCEPT turn ACK stage=continuationReady key=1833203800481331:47:1:516
[log] [coop:stream] host RELEASE retained turn after continuationReady key=1833203800481331:47:1:516
[log] %cStart Phase: SelectTargetPhase color:green
[log] [coop:owner] broadcast own-slot fi=0 turn=2 role=host cmd=0
[log] [coop:relay] broadcastLocalCommand SEND fieldIndex=0 owner=host turn=2 command=0 cursor=2 moveId=53 targets=[3]
[log] [coop:transport] send host t=command fi=0 owner=host turn=2 cmd=0 cursor=2 move=53
[log] [coop:transport] recv guest t=command fi=0 owner=host turn=2 cmd=0 cursor=2 move=53 handlers=1
[log] [coop:relay] recv command fieldIndex=0 turn=2 command=0 -> BUFFERED (no awaiter yet)
[log] %cStart Phase: CommandPhase color:green
[log] [coop:battle] CommandPhase slot=1 turn=2 owner=guest role=host -> partner path
[log] [coop:relay] host requestPartnerCommand SEND fieldIndex=1 turn=2 moveSlots=[0,1,2,3] (awaiting peer)
[log] [coop:transport] send host t=commandRequest fi=1 owner=guest turn=2 slots=4
[log] [coop:transport] recv guest t=commandRequest fi=1 owner=guest turn=2 slots=4 handlers=1
[log] [coop:relay] peer recv commandRequest fieldIndex=1 owner=guest turn=2 moveSlots=[0,1,2,3] -> reply command=0 cursor=2 moveId=53
[log] [coop:transport] send guest t=command fi=1 owner=guest turn=2 cmd=0 cursor=2 move=53
[log] [coop:transport] recv host t=command fi=1 owner=guest turn=2 cmd=0 cursor=2 move=53 handlers=1
[log] [coop:relay] recv command fieldIndex=1 turn=2 command=0 -> resolved awaiting request
[log] [coop:ai] applyWiredPartnerCommand partner=94 wiredMoveId=53 cursor=2 -> moveId=53 moveIndex=2 tera=false targets=[3] targetsFrom=wire-verbatim useMode=1
[log] %cStart Phase: EnemyCommandPhase color:green
[log] %cStart Phase: TurnStartPhase color:green
[log] [coop-diag] turn-start authoritative guard mode=authoritative role=host turn=2 diverts=false
[log] [coop:turn] host recorder: begin turn=2 scope=1833203800481331:47 (no prior open recording)
[log] %cStart Phase: MovePhase color:green
[log] [coop:turn] host recorder: append turn=2 seq=0 k=moveUsed total=1 live=true
[log] %cStart Phase: MessagePhase color:green
[log] %cStart Phase: MoveEffectPhase color:green
[log] [coop:turn] host recorder: append turn=2 seq=1 k=moveAnim total=2 live=true
[log] [coop:turn] host recorder: append turn=2 seq=2 k=hp total=3 live=true
[log] [coop:turn] host recorder: append turn=2 seq=3 k=faint total=4 live=true
[log] %cStart Phase: DamageAnimPhase color:green
[log] %cStart Phase: FaintPhase color:green
[log] %cStart Phase: MessagePhase color:green
[log] %cStart Phase: VictoryPhase color:green
[log] [coop:progression] HOST applyPartyExp COMPUTE wave=47 expValue=745 koMon=Trumbeak
[warn] [coop:v2-shadow] FAULT tap(WAVE_ADVANCE): AuthorityLog.commit: WAVE_ADVANCE is not authorized by predecessor control after WSHADOW/ADV/w1
[log] [coop:runtime] defer raw waveResolved wave=47 outcome=win until its material turnResolution is retained
[log] [coop-diag] VictoryPhase win-branch role=host battleType=WILD queuesTrainerVictory=false queuesSelectModifier=true wave=47
[log] [coop-diag] VictoryTail role=host wave=47 source=legacy-local trainer=false egg=true biomeShop=false biomeChange=false crossroads=false nextWave=48
[log] %cStart Phase: MoveEndPhase color:green
[log] %cStart Phase: MovePhase color:green
[log] [coop:turn] host recorder: append turn=2 seq=4 k=message total=5 live=true
[log] %cStart Phase: MessagePhase color:green
[log] %cStart Phase: MoveEndPhase color:green
[log] %cStart Phase: MovePhase color:green
[log] %cStart Phase: MoveEndPhase color:green
[log] %cStart Phase: CheckInterludePhase color:green
[log] %cStart Phase: WeatherEffectPhase color:green
[log] %cStart Phase: PositionalTagPhase color:green
[log] %cStart Phase: BerryPhase color:green
[log] %cStart Phase: CheckStatusEffectPhase color:green
[log] %cStart Phase: TurnEndPhase color:green
[log] %cStart Phase: PokemonHealPhase color:green
[log] [coop:turn] host recorder: append turn=2 seq=5 k=hp total=6 live=true
[log] [coop:turn] host recorder: append turn=2 seq=6 k=message total=7 live=true
[log] %cStart Phase: MessagePhase color:green
[log] %cStart Phase: PokemonHealPhase color:green
[log] [coop:turn] host recorder: append turn=2 seq=7 k=message total=8 live=true
[log] %cStart Phase: MessagePhase color:green
[log] %cStart Phase: CoopTurnCommitPhase color:green
[log] [coop:turn] host recorder: finalize turn=2 events=8 seq=8
[log] [coop:checkpoint] build field=4 weather=0/0 terrain=3/0 arenaTags=0 money=4670 mons=[bi0:sp143/hp303-303/st0/fnt0 bi1:sp94/hp179-179/st0/fnt0 bi2:sp732/hp0-84/st7/fnt1 bi3:sp732/hp0-82/st7/fnt1]
[log] [coop:checkpoint] host capture field=4 weather=0 terrain=3 money=4670 arenaTags=0 mons=[bi0:sp143/hp303-303/st0/fnt0 bi1:sp94/hp179-179/st0/fnt0 bi2:sp732/hp0-84/st7/fnt1 bi3:sp732/hp0-82/st7/fnt1]
[log] [coop:interaction] interactionCounter() read -> 55 (role=host)
[log] [coop:replay] host SEND turnResolution e=1833203800481331 wave=47 turn=2 rev=519 events=8 checksum=6946a26ea74f8a56
[log] [coop:transport] send host t=turnResolution e=1833203800481331 wave=47 turn=2 rev=519 events=8 checksum=6946a26ea74f8a56
[warn] [coop:v2-shadow] FAULT tap(TURN_COMMIT): AuthorityLog.commit: TURN_COMMIT is not authorized by predecessor control after WSHADOW/ADV/w1
[log] [coop:runtime] send waveResolved wave=47 outcome=win (host)
[log] [coop:replay] host SEND waveResolved wave=47 outcome=win transition=WAVE_VICTORY/next48/biome0/egg1/wild
[log] [coop:transport] send host t=waveResolved wave=47 outcome=win captureParty=- cap=-
[log] [coop:transport] recv guest t=turnResolution e=1833203800481331 wave=47 turn=2 rev=519 events=8 checksum=6946a26ea74f8a56 handlers=1
[log] [coop:transport] recv guest t=waveResolved wave=47 outcome=win captureParty=- cap=- handlers=1
[log] [38;2;255;127;80mPhaseInterceptor.to: Stopping on completion of CoopTurnCommitPhase[39m
[log] %cStart Phase: BattleEndPhase color:green
[log] [coop:progression] HOST automatic victory settlement deferred wave=47 sourceTurn=2 settlementTurn=3
[log] [coop:interaction] interactionCounter() read -> 55 (role=host)
[log] %cStart Phase: EggLapsePhase color:green
[log] %cStart Phase: CoopVictorySealPhase color:green
[log] [coop:transport] send host t=envelope t=envelope
[log] [coop:runtime] wave-advance op HOST commit wave=47 outcome=win next=WAVE_VICTORY rev=112 id=1833203800481331:0:WAVE_ADVANCE:47 (Wave-2f)
[log] [coop:runtime] settled WAVE_ADVANCE committed wave=47 tick=520 next=WAVE_VICTORY/wave48
[log] [coop:runtime] send waveEndState wave=47 tick=520 (host)
[log] [coop:replay] host SEND waveEndState wave=47 tick=520 party=6
[log] [coop:transport] send host t=waveEndState t=waveEndState
[log] [coop:progression] HOST automatic victory settlement sealed wave=47 sourceTurn=2 settlementTurn=3 tick=520
[log] [coop:transport] recv guest t=envelope t=envelope handlers=1
[log] [coop:transport] recv guest t=waveEndState t=waveEndState handlers=1
[log] [coop:interaction] interactionCounter() read -> 55 (role=host)
[log] [coop:owner] ownerOf(counter=55) seat=1 -> owner=guest
[log] [coop:owner] isLocalOwnerAtCounter(pinnedCounter=55) parity=1 owner=guest role=host -> false
[log] [coop:interaction] interactionCounter() read -> 55 (role=host)
[log] [coop:reward] owner/watcher decision: pinnedStart=55 liveCounter=55 parity=1 role=host pick=WATCHER option=ROLL spoof=false
[log] [coop:shop] serializeRewardOptions count=3 ids=[TEMP_STAT_STAGE_BOOSTER,POKEBALL,ER_COPPER_ROD] tiers=[0,0,2]
[log] [coop:reward] OWNER streams reward options (start=55 reroll=0 count=3 ids=[TEMP_STAT_STAGE_BOOSTER,POKEBALL,ER_COPPER_ROD])
[log] [coop:relay] SEND rewardOptions seq=55 reroll=0 count=3 ids=[TEMP_STAT_STAGE_BOOSTER,POKEBALL,ER_COPPER_ROD]
[log] [coop:transport] send host t=rewardOptions seq=55 reroll=0 options=3
[log] [coop:rendezvous] ARRIVE point=shop:47:55 (send) role=host
[log] [coop:transport] send host t=rendezvous point=shop:47:55
[log] [coop:reward] WATCHER waits for partner's reward picks (start=55 role=host wave=47)
[log] [coop:durability] host operation continuation window REARM key=op:global:112:1833203800481331:47:3:1833203800481331:0:WAVE_ADVANCE:47 surface=sharedInput at=1833203800481331/47/3
[log] [coop:transport] recv guest t=rewardOptions seq=55 reroll=0 options=3 handlers=1
[log] [coop:transport] recv guest t=rendezvous point=shop:47:55 handlers=1
[log] [coop:interaction] mirror begin role=watcher mirrorSeq=3520 interactionStart=55 reroll=0
[log] [coop:interaction] uiMirror beginSession role=watcher mode=6 seq=3520 early=0
[log] [coop:relay] AWAIT interactionChoice seq=55 timeoutMs=1200000 expected=[reward,shop,skip,reroll,check,transfer,lock] -> network-wait
[log] [coop:durability] operation delivery RETRY key=op:global:112:1833203800481331:47:3:1833203800481331:0:WAVE_ADVANCE:47 attempt=1/8
[log] [coop:transport] send host t=envelope t=envelope
[log] [coop:interaction] interactionCounter() read -> 55 (role=host)
[log] [coop:checksum] capture digest=011e2a009947807f field=4 biome=27 seed=coop-soak-20260924 weather=0 terrain=3 money=4670 party=[143,94,149,445,376,248] partyLevels=[65,65,65,65,65,65] arenaTags=0 modifiers=6 heldItemsDigest=0 pokeballs=[0:70,1:10,2:0,3:0,4:0] mons=[bi0:sp143/hp303-303/st0/ab12/form0/tera0:0/boss0:0 bi1:sp94/hp179-179/st0/ab5067/form0/tera0:7/boss0:0 bi2:sp732/hp0-84/st7/ab105/form0/tera0:2/boss0:0 bi3:sp732/hp0-82/st7/ab53/form0/tera0:0/boss0:0]
[log] [coop:rendezvous] RECV arrival point=shop:47:55 -> BUFFER (no waiter yet) role=host
[log] [coop:stream] host ACCEPT turn ACK stage=continuationReady key=1833203800481331:47:2:519
[log] [coop:stream] host RELEASE retained turn after continuationReady key=1833203800481331:47:2:519
[log] [coop:durability] host RELEASE contiguous acknowledged authority cls=op:global seq=112
[log] [coop:relay] DELIVER interactionChoice seq=55 -> waiter kind=reward choice=0 data=[0]
[log] [coop:relay] AWAIT interactionChoice seq=55 RESOLVE kind=reward choice=0 data=[0]
[log] [coop:reward] WATCHER applying relayed action seq=55 act=REWARD choice=0 data=[0]
[log] [coop:owner] ownerOf(counter=55) seat=1 -> owner=guest
[log] [coop:owner] isLocalOwnerAtCounter(pinnedCounter=55) parity=1 owner=guest role=host -> false
[log] [coop:reward] APPLY_RESULT pin=55 side=watcher type=TEMP_STAT_STAGE_BOOSTER class=TempStatStageBoosterModifier pregen=[5] holderSlot=-1 holderId=-1 stack=1 accepted=true cost=-1
[log] [coop:shop] serializeRewardOptions count=3 ids=[TEMP_STAT_STAGE_BOOSTER,POKEBALL,ER_COPPER_ROD] tiers=[0,0,2]
[log] [coop:transport] send host t=envelope t=envelope
[log] [coop:reward] reward authoritative RESULT retained rev=113 tick=521 id=1833203800481331:1:REWARD:5500000
[log] [coop:interaction] interactionCounter() read -> 55 (role=host)
[log] [coop:interaction] CoopInteractionTurn.advance INCREMENT (fromCounter=55) counter 55 -> 56
[log] [coop:interaction] advanceInteraction ADVANCED+BROADCAST (fromCounter=55) counter 55 -> 56 role=host; send interaction screen=__turn__ choice=56
[log] [coop:interaction] SEND counter snapshot reason=advance choice=56 role=host
[log] [coop:transport] send host t=interaction screen=__turn__
[log] [coop:owner] ownerOf(counter=56) seat=0 -> owner=host
[log] [coop:owner] ownerOf(counter=56) seat=0 -> owner=host
[log] [coop:interaction] interactionCounter() read -> 56 (role=host)
[log] [coop:reward] advance interaction (role=host from=55 counter 55 -> 56)
[log] [coop:transport] recv guest t=envelope t=envelope handlers=1
[log] [coop:transport] recv guest t=interaction screen=__turn__ handlers=1
[log] [coop:interaction] interactionCounter() read -> 56 (role=host)
[log] [coop:interaction] interactionCounter() read -> 56 (role=host)
[log] [coop:interaction] RECV interaction broadcast (deferred catch-up net) received=56 localBefore=56 role=host -> no defer (local >= received)
[warn] [coop:interaction] CoopInteractionTurn.mergeRemote DEFER (remote=56, counter=56, pendingRemote=56) live counter UNCHANGED (folds in at next advance if still ahead)
[log] [coop:owner] ownerOf(counter=56) seat=0 -> owner=host
[log] [coop:owner] ownerOf(counter=56) seat=0 -> owner=host
[log] [coop:interaction] interactionCounter() read -> 56 (role=host)
[log] [coop:interaction] interactionCounter() read -> 56 (role=guest)
[log] [coop-soak:wave-complete] {"seed":20260924,"wave":47,"wavesRequested":55,"wavesCompleted":47,"waveElapsedMs":2923,"elapsedMs":144341,"findings":0,"hostPhase":"NewBattlePhase","guestPhase":"NewBattlePhase"}
[log] %cStart Phase: NewBattlePhase color:green
[log] [coop:turn] host recorder: begin deferred transition turn=1 scope=1833203800481331:48
[log] %cStart Phase: CoopPartnerSyncPhase color:green
[log] [coop:interaction] interactionCounter() read -> 56 (role=host)
[log] %cStart Phase: NextEncounterPhase color:green
[log] [coop:interaction] interactionCounter() read -> 56 (role=host)
[log] [coop:replay] host SEND enemyPartySync wave=48 count=2 meType=-1 battleType=0 entryPresentation=-
[log] [coop:transport] send host t=enemyPartySync wave=48 enemies=2 battleType=0
[log] [coop:turn] host recorder: preserve recording scope=1833203800481331:48 turn=1 events=0 seq=0
[log] [coop:transport] recv guest t=enemyPartySync wave=48 enemies=2 battleType=0 handlers=1
[log] %cStart Phase: ToggleDoublePositionPhase color:green
[log] %cStart Phase: CheckSwitchPhase color:green
[log] %cStart Phase: CheckSwitchPhase color:green
[log] %cStart Phase: InitEncounterPhase color:green
[log] [coop:turn] host recorder: preserve recording scope=1833203800481331:48 turn=1 events=0 seq=0
[log] %cStart Phase: PostSummonPhase color:green
[log] %cStart Phase: PostSummonPhase color:green
[log] %cStart Phase: TurnInitPhase color:green
[log] [coop:replay] host SEND enemyPartySync wave=48 count=2 meType=-1 battleType=0 entryPresentation=0
[log] [coop:transport] send host t=enemyPartySync wave=48 enemies=2 battleType=0
[log] [coop:replay] host RE-BROADCAST wave-start authority wave=48 after post-summon boundary stateChanged=false presentation=0 (#920)
[log] [coop:rendezvous] next-command barrier ARRIVE+AWAIT cmd:48:1 slot=0
[log] [coop:rendezvous] ARRIVE point=cmd:48:1 (send) role=host
[log] [coop:transport] send host t=rendezvous point=cmd:48:1
[log] [coop:rendezvous] AWAIT point=cmd:48:1 timeoutMs=2000 -> network-wait role=host
[log] [coop:transport] recv guest t=enemyPartySync wave=48 enemies=2 battleType=0 handlers=1
[log] [coop:transport] recv guest t=rendezvous point=cmd:48:1 handlers=1
[log] [coop:rendezvous] RECV arrival point=cmd:48:1 -> deliver-to-waiter role=host
[log] [coop:transport] send host t=rendezvous point=cmd:48:1
[log] [coop:rendezvous] AWAIT point=cmd:48:1 RESOLVE both-arrived role=host
[log] [coop:durability] host RELEASE contiguous acknowledged authority cls=op:global seq=113
[log] [coop:transport] recv guest t=rendezvous point=cmd:48:1 handlers=1
[log] [coop:transport] send host t=enemyPartySync wave=48 enemies=2 battleType=0
[log] [coop:replay] host RE-BROADCAST wave-start authority wave=48 after post-summon boundary stateChanged=false presentation=0 (#920)
[log] [coop:transport] recv guest t=enemyPartySync wave=48 enemies=2 battleType=0 handlers=1
[log] [coop-soak:wave-start] {"seed":20260924,"wave":48,"wavesRequested":55,"wavesCompleted":47,"elapsedMs":144853,"hostPhase":"CommandPhase","guestPhase":"CommandPhase"}
[log] [coop:interaction] interactionCounter() read -> 56 (role=host)
[log] [coop:interaction] interactionCounter() read -> 56 (role=guest)
[log] [coop:interaction] interactionCounter() read -> 56 (role=host)
[log] [coop:checksum] capture digest=d5c04c7028d8e527 field=4 biome=27 seed=coop-soak-20260924 weather=0 terrain=3 money=4670 party=[143,94,149,445,376,248] partyLevels=[65,65,65,65,65,65] arenaTags=0 modifiers=7 heldItemsDigest=1 pokeballs=[0:70,1:10,2:0,3:0,4:0] mons=[bi0:sp143/hp303-303/st0/ab12/form0/tera0:0/boss0:0 bi1:sp94/hp179-179/st0/ab5067/form0/tera0:7/boss0:0 bi2:sp590/hp96-96/st0/ab151/form0/tera0:11/boss0:0 bi3:sp510/hp100-100/st0/ab5205/form0/tera0:16/boss0:0]
[log] [coop:interaction] interactionCounter() read -> 56 (role=host)
[log] %cStart Phase: SelectTargetPhase color:green
[log] [coop:owner] broadcast own-slot fi=0 turn=1 role=host cmd=0
[log] [coop:relay] broadcastLocalCommand SEND fieldIndex=0 owner=host turn=1 command=0 cursor=1 moveId=247 targets=[2]
[log] [coop:transport] send host t=command fi=0 owner=host turn=1 cmd=0 cursor=1 move=247
[log] [coop:transport] recv guest t=command fi=0 owner=host turn=1 cmd=0 cursor=1 move=247 handlers=1
[log] [coop:relay] recv command fieldIndex=0 turn=1 command=0 -> BUFFERED (no awaiter yet)
[log] %cStart Phase: CommandPhase color:green
[log] [coop:transport] send host t=enemyPartySync wave=48 enemies=2 battleType=0
[log] [coop:replay] host RE-BROADCAST wave-start authority wave=48 after post-summon boundary stateChanged=false presentation=0 (#920)
[log] [coop:battle] CommandPhase slot=1 turn=1 owner=guest role=host -> partner path
[log] [coop:relay] host requestPartnerCommand SEND fieldIndex=1 turn=1 moveSlots=[0,1,2,3] (awaiting peer)
[log] [coop:transport] send host t=commandRequest fi=1 owner=guest turn=1 slots=4
[log] [coop:transport] recv guest t=enemyPartySync wave=48 enemies=2 battleType=0 handlers=1
[log] [coop:transport] recv guest t=commandRequest fi=1 owner=guest turn=1 slots=4 handlers=1
[log] [coop:relay] peer recv commandRequest fieldIndex=1 owner=guest turn=1 moveSlots=[0,1,2,3] -> reply command=0 cursor=1 moveId=247
[log] [coop:transport] send guest t=command fi=1 owner=guest turn=1 cmd=0 cursor=1 move=247
[log] [coop:transport] recv host t=command fi=1 owner=guest turn=1 cmd=0 cursor=1 move=247 handlers=1
[log] [coop:relay] recv command fieldIndex=1 turn=1 command=0 -> resolved awaiting request
[log] [coop:ai] applyWiredPartnerCommand partner=94 wiredMoveId=247 cursor=1 -> moveId=247 moveIndex=1 tera=false targets=[3] targetsFrom=wire-verbatim useMode=1
[log] %cStart Phase: EnemyCommandPhase color:green
[log] %cStart Phase: EnemyCommandPhase color:green
[log] %cStart Phase: TurnStartPhase color:green
[log] [coop-diag] turn-start authoritative guard mode=authoritative role=host turn=1 diverts=false
[log] [coop:turn] host recorder: preserve recording scope=1833203800481331:48 turn=1 events=0 seq=0
[log] %cStart Phase: MovePhase color:green
[log] [coop:turn] host recorder: append turn=1 seq=0 k=moveUsed total=1 live=true
[log] %cStart Phase: MessagePhase color:green
[log] %cStart Phase: MoveEffectPhase color:green
[log] [coop:turn] host recorder: append turn=1 seq=1 k=moveAnim total=2 live=true
[log] [coop:turn] host recorder: append turn=1 seq=2 k=hp total=3 live=true
[log] [coop:turn] host recorder: append turn=1 seq=3 k=faint total=4 live=true
[log] [coop:turn] host recorder: append turn=1 seq=4 k=message total=5 live=true
[log] %cStart Phase: DamageAnimPhase color:green
[log] %cStart Phase: MessagePhase color:green
[log] %cStart Phase: FaintPhase color:green
[log] %cStart Phase: MessagePhase color:green
[log] %cStart Phase: VictoryPhase color:green
[log] [coop:progression] HOST applyPartyExp COMPUTE wave=48 expValue=1093 koMon=Liepard
[log] %cStart Phase: MoveEndPhase color:green
[log] %cStart Phase: MovePhase color:green
[log] %cStart Phase: MoveEndPhase color:green
[log] %cStart Phase: MovePhase color:green
[log] [coop:turn] host recorder: append turn=1 seq=5 k=moveUsed total=6 live=true
[log] %cStart Phase: MessagePhase color:green
[log] %cStart Phase: MoveEffectPhase color:green
[log] [coop:turn] host recorder: append turn=1 seq=6 k=moveAnim total=7 live=true
[log] [coop:turn] host recorder: append turn=1 seq=7 k=hp total=8 live=true
[log] [coop:turn] host recorder: append turn=1 seq=8 k=faint total=9 live=true
[log] %cStart Phase: DamageAnimPhase color:green
[log] %cStart Phase: FaintPhase color:green
[log] %cStart Phase: MessagePhase color:green
[log] %cStart Phase: VictoryPhase color:green
[log] [coop:progression] HOST applyPartyExp COMPUTE wave=48 expValue=378.6 koMon=Foongus
[warn] [coop:v2-shadow] FAULT tap(WAVE_ADVANCE): AuthorityLog.commit: WAVE_ADVANCE is not authorized by predecessor control after WSHADOW/ADV/w1
[log] [coop:runtime] defer raw waveResolved wave=48 outcome=win until its material turnResolution is retained
[log] [coop-diag] VictoryPhase win-branch role=host battleType=WILD queuesTrainerVictory=false queuesSelectModifier=true wave=48
[log] [coop-diag] VictoryTail role=host wave=48 source=legacy-local trainer=false egg=true biomeShop=false biomeChange=false crossroads=false nextWave=49
[log] %cStart Phase: MoveEndPhase color:green
[log] %cStart Phase: MovePhase color:green
[log] %cStart Phase: MoveEndPhase color:green
[log] %cStart Phase: CheckInterludePhase color:green
[log] %cStart Phase: WeatherEffectPhase color:green
[log] %cStart Phase: PositionalTagPhase color:green
[log] %cStart Phase: BerryPhase color:green
[log] %cStart Phase: CheckStatusEffectPhase color:green
[log] %cStart Phase: TurnEndPhase color:green
[log] %cStart Phase: PokemonHealPhase color:green
[log] [coop:turn] host recorder: append turn=1 seq=9 k=message total=10 live=true
[log] %cStart Phase: MessagePhase color:green
[log] %cStart Phase: PokemonHealPhase color:green
[log] [coop:turn] host recorder: append turn=1 seq=10 k=message total=11 live=true
[log] %cStart Phase: MessagePhase color:green
[log] %cStart Phase: CoopTurnCommitPhase color:green
[log] [coop:turn] host recorder: finalize turn=1 events=11 seq=11
[log] [coop:checkpoint] build field=4 weather=0/0 terrain=3/0 arenaTags=0 money=4670 mons=[bi0:sp143/hp303-303/st0/fnt0 bi1:sp94/hp179-179/st0/fnt0 bi2:sp590/hp0-96/st7/fnt1 bi3:sp510/hp0-100/st7/fnt1]
[log] [coop:checkpoint] host capture field=4 weather=0 terrain=3 money=4670 arenaTags=0 mons=[bi0:sp143/hp303-303/st0/fnt0 bi1:sp94/hp179-179/st0/fnt0 bi2:sp590/hp0-96/st7/fnt1 bi3:sp510/hp0-100/st7/fnt1]
[log] [coop:interaction] interactionCounter() read -> 56 (role=host)
[log] [coop:replay] host SEND turnResolution e=1833203800481331 wave=48 turn=1 rev=528 events=11 checksum=9abca1dbf5799b58
[log] [coop:transport] send host t=turnResolution e=1833203800481331 wave=48 turn=1 rev=528 events=11 checksum=9abca1dbf5799b58
[warn] [coop:v2-shadow] FAULT tap(TURN_COMMIT): AuthorityLog.commit: TURN_COMMIT is not authorized by predecessor control after WSHADOW/ADV/w1
[log] [coop:runtime] send waveResolved wave=48 outcome=win (host)
[log] [coop:replay] host SEND waveResolved wave=48 outcome=win transition=WAVE_VICTORY/next49/biome0/egg1/wild
[log] [coop:transport] send host t=waveResolved wave=48 outcome=win captureParty=- cap=-
[log] [coop:transport] recv guest t=turnResolution e=1833203800481331 wave=48 turn=1 rev=528 events=11 checksum=9abca1dbf5799b58 handlers=1
[log] [coop:transport] recv guest t=waveResolved wave=48 outcome=win captureParty=- cap=- handlers=1
[log] [38;2;255;127;80mPhaseInterceptor.to: Stopping on completion of CoopTurnCommitPhase[39m
[log] %cStart Phase: BattleEndPhase color:green
[log] [coop:progression] HOST automatic victory settlement deferred wave=48 sourceTurn=1 settlementTurn=2
[log] [coop:interaction] interactionCounter() read -> 56 (role=host)
[log] %cStart Phase: EggLapsePhase color:green
[log] %cStart Phase: CoopVictorySealPhase color:green
[log] [coop:transport] send host t=envelope t=envelope
[log] [coop:runtime] wave-advance op HOST commit wave=48 outcome=win next=WAVE_VICTORY rev=114 id=1833203800481331:0:WAVE_ADVANCE:48 (Wave-2f)
[log] [coop:runtime] settled WAVE_ADVANCE committed wave=48 tick=529 next=WAVE_VICTORY/wave49
[log] [coop:runtime] send waveEndState wave=48 tick=529 (host)
[log] [coop:replay] host SEND waveEndState wave=48 tick=529 party=6
[log] [coop:transport] send host t=waveEndState t=waveEndState
[log] [coop:progression] HOST automatic victory settlement sealed wave=48 sourceTurn=1 settlementTurn=2 tick=529
[log] [coop:transport] recv guest t=envelope t=envelope handlers=1
[log] [coop:transport] recv guest t=waveEndState t=waveEndState handlers=1
[log] [coop:interaction] interactionCounter() read -> 56 (role=host)
[log] [coop:owner] ownerOf(counter=56) seat=0 -> owner=host
[log] [coop:owner] isLocalOwnerAtCounter(pinnedCounter=56) parity=0 owner=host role=host -> true
[log] [coop:interaction] interactionCounter() read -> 56 (role=host)
[log] [coop:reward] owner/watcher decision: pinnedStart=56 liveCounter=56 parity=0 role=host pick=OWNER option=ROLL spoof=false
[log] [coop:shop] serializeRewardOptions count=3 ids=[DIRE_HIT,BERRY,POKEBALL] tiers=[1,0,0]
[log] [coop:reward] OWNER streams reward options (start=56 reroll=0 count=3 ids=[DIRE_HIT,BERRY,POKEBALL])
[log] [coop:relay] SEND rewardOptions seq=56 reroll=0 count=3 ids=[DIRE_HIT,BERRY,POKEBALL]
[log] [coop:transport] send host t=rewardOptions seq=56 reroll=0 options=3
[log] [coop:rendezvous] ARRIVE point=shop:48:56 (send) role=host
[log] [coop:transport] send host t=rendezvous point=shop:48:56
[log] [coop:reward] OWNER drives reward screen (start=56 role=host spoof=false adoptsOptions=false wave=48)
[log] [coop:rendezvous] shop-pick-commit barrier AWAIT shop:48:56
[log] [coop:rendezvous] AWAIT point=shop:48:56 timeoutMs=2000 -> network-wait role=host
[log] [coop:transport] recv guest t=rewardOptions seq=56 reroll=0 options=3 handlers=1
[log] [coop:transport] recv guest t=rendezvous point=shop:48:56 handlers=1
[log] [coop:interaction] interactionCounter() read -> 56 (role=host)
[log] [coop:checksum] capture digest=198c5ce376dcf226 field=4 biome=27 seed=coop-soak-20260924 weather=0 terrain=3 money=4670 party=[143,94,149,445,376,248] partyLevels=[65,65,65,65,65,65] arenaTags=0 modifiers=7 heldItemsDigest=0 pokeballs=[0:70,1:10,2:0,3:0,4:0] mons=[bi0:sp143/hp303-303/st0/ab12/form0/tera0:0/boss0:0 bi1:sp94/hp179-179/st0/ab5067/form0/tera0:7/boss0:0 bi2:sp590/hp0-96/st7/ab151/form0/tera0:11/boss0:0 bi3:sp510/hp0-100/st7/ab5205/form0/tera0:16/boss0:0]
[log] [coop:durability] operation delivery RETRY key=op:global:114:1833203800481331:48:2:1833203800481331:0:WAVE_ADVANCE:48 attempt=1/8
[log] [coop:transport] send host t=envelope t=envelope
[log] [coop:rendezvous] RECV arrival point=shop:48:56 -> deliver-to-waiter role=host
[log] [coop:transport] send host t=rendezvous point=shop:48:56
[log] [coop:rendezvous] AWAIT point=shop:48:56 RESOLVE both-arrived role=host
[log] [coop:stream] host ACCEPT turn ACK stage=continuationReady key=1833203800481331:48:1:528
[log] [coop:stream] host RELEASE retained turn after continuationReady key=1833203800481331:48:1:528
[log] [coop:durability] host RELEASE contiguous acknowledged authority cls=op:global seq=114
[warn] [coop:durability] DROP skipped/regressed operation ACK key=op:global:114:1833203800481331:48:2:1833203800481331:0:WAVE_ADVANCE:48 stage=materialApplied
[warn] [coop:durability] DROP skipped/regressed operation ACK key=op:global:114:1833203800481331:48:2:1833203800481331:0:WAVE_ADVANCE:48 stage=presentationReady
[log] [coop:transport] recv guest t=rendezvous point=shop:48:56 handlers=1
[log] [coop:interaction] mirror begin role=owner mirrorSeq=3584 interactionStart=56 reroll=0
[log] [coop:interaction] uiMirror beginSession role=owner mode=6 seq=3584 early=0
[log] [coop:owner] ownerOf(counter=56) seat=0 -> owner=host
[log] [coop:owner] isLocalOwnerAtCounter(pinnedCounter=56) parity=0 owner=host role=host -> true
[log] [coop:relay] OWNER prepare seq=56 kind=skip choice=-1 data=[] role=host
[log] [coop:reward] reward op INTENT prepared label=skip id=1833203800481331:0:REWARD:5600000
[log] [coop:shop] serializeRewardOptions count=3 ids=[DIRE_HIT,BERRY,POKEBALL] tiers=[1,0,0]
[log] [coop:transport] send host t=envelope t=envelope
[log] [coop:reward] reward authoritative RESULT retained rev=115 tick=530 id=1833203800481331:0:REWARD:5600000
[log] [coop:reward] OWNER retained terminal before continuation seq=56 id=1833203800481331:0:REWARD:5600000
[log] [coop:transport] recv guest t=envelope t=envelope handlers=1
[log] [coop:interaction] RECV interaction broadcast (deferred catch-up net) received=57 localBefore=56 role=host -> WILL DEFER to 57 (folds in at next advance if still ahead)
[warn] [coop:interaction] CoopInteractionTurn.mergeRemote DEFER (remote=57, counter=56, pendingRemote=57) live counter UNCHANGED (folds in at next advance if still ahead)
[log] [coop:owner] ownerOf(counter=56) seat=0 -> owner=host
[log] [coop:owner] ownerOf(counter=56) seat=0 -> owner=host
[log] [coop:reward] OWNER peer material applied; release terminal engine barrier seq=56 id=1833203800481331:0:REWARD:5600000
[log] [coop:interaction] interactionCounter() read -> 56 (role=host)
[log] [coop:interaction] CoopInteractionTurn.advance INCREMENT (fromCounter=56) counter 56 -> 57
[log] [coop:interaction] advanceInteraction ADVANCED+BROADCAST (fromCounter=56) counter 56 -> 57 role=host; send interaction screen=__turn__ choice=57
[log] [coop:interaction] SEND counter snapshot reason=advance choice=57 role=host
[log] [coop:transport] send host t=interaction screen=__turn__
[log] [coop:owner] ownerOf(counter=57) seat=1 -> owner=guest
[log] [coop:owner] ownerOf(counter=57) seat=1 -> owner=guest
[log] [coop:interaction] interactionCounter() read -> 57 (role=host)
[log] [coop:reward] advance interaction (role=host from=56 counter 56 -> 57)
[log] [coop:transport] recv guest t=interaction screen=__turn__ handlers=1
[log] [coop:interaction] interactionCounter() read -> 57 (role=host)
[log] [coop:interaction] interactionCounter() read -> 57 (role=guest)
[log] [coop-soak:wave-complete] {"seed":20260924,"wave":48,"wavesRequested":55,"wavesCompleted":48,"waveElapsedMs":1400,"elapsedMs":146253,"findings":0,"hostPhase":"NewBattlePhase","guestPhase":"NewBattlePhase"}
[log] %cStart Phase: NewBattlePhase color:green
[log] [coop:turn] host recorder: begin deferred transition turn=1 scope=1833203800481331:49
[log] %cStart Phase: CoopPartnerSyncPhase color:green
[log] [coop:interaction] interactionCounter() read -> 57 (role=host)
[log] %cStart Phase: NextEncounterPhase color:green
[log] [coop:interaction] interactionCounter() read -> 57 (role=host)
[log] [coop:replay] host SEND enemyPartySync wave=49 count=2 meType=-1 battleType=0 entryPresentation=-
[log] [coop:transport] send host t=enemyPartySync wave=49 enemies=2 battleType=0
[log] [coop:turn] host recorder: preserve recording scope=1833203800481331:49 turn=1 events=0 seq=0
[log] [coop:transport] recv guest t=enemyPartySync wave=49 enemies=2 battleType=0 handlers=1
[log] %cStart Phase: ToggleDoublePositionPhase color:green
[log] %cStart Phase: CheckSwitchPhase color:green
[log] %cStart Phase: CheckSwitchPhase color:green
[log] %cStart Phase: InitEncounterPhase color:green
[log] [coop:turn] host recorder: preserve recording scope=1833203800481331:49 turn=1 events=0 seq=0
[log] %cStart Phase: PostSummonPhase color:green
[log] %cStart Phase: PostSummonPhase color:green
[log] %cStart Phase: PostSummonPhase color:green
[log] %cStart Phase: ShowAbilityPhase color:green
[log] [coop:turn] host recorder: append turn=1 seq=0 k=showAbility total=1 live=true
[log] %cStart Phase: MovePhase color:green
[log] [coop:turn] host recorder: append turn=1 seq=1 k=moveUsed total=2 live=true
[log] %cStart Phase: MessagePhase color:green
[log] %cStart Phase: MoveEffectPhase color:green
[log] [coop:turn] host recorder: append turn=1 seq=2 k=moveAnim total=3 live=true
[log] %cStart Phase: StatStageChangePhase color:green
[log] %cStart Phase: StatStageChangePhase color:green
[log] [coop:turn] host recorder: append turn=1 seq=3 k=message total=4 live=true
[log] [coop:turn] host recorder: append turn=1 seq=4 k=statStage total=5 live=true
[log] %cStart Phase: MessagePhase color:green
[log] %cStart Phase: StatStageChangePhase color:green
[log] [coop:turn] host recorder: append turn=1 seq=5 k=message total=6 live=true
[log] [coop:turn] host recorder: append turn=1 seq=6 k=statStage total=7 live=true
[log] %cStart Phase: MessagePhase color:green
[log] %cStart Phase: MoveEndPhase color:green
[log] %cStart Phase: MovePhase color:green
[log] [coop:turn] host recorder: append turn=1 seq=7 k=moveUsed total=8 live=true
[log] %cStart Phase: MessagePhase color:green
[log] %cStart Phase: MoveEffectPhase color:green
[log] [coop:turn] host recorder: append turn=1 seq=8 k=moveAnim total=9 live=true
[log] [coop:turn] host recorder: append turn=1 seq=9 k=hp total=10 live=true
[log] %cStart Phase: DamageAnimPhase color:green
[log] %cStart Phase: MoveEndPhase color:green
[log] %cStart Phase: HideAbilityPhase color:green
[log] [coop:turn] host recorder: append turn=1 seq=10 k=hideAbility total=11 live=true
[log] %cStart Phase: TurnInitPhase color:green
[log] [coop:replay] host SEND enemyPartySync wave=49 count=2 meType=-1 battleType=0 entryPresentation=11
[log] [coop:transport] send host t=enemyPartySync wave=49 enemies=2 battleType=0
[log] [coop:replay] host RE-BROADCAST wave-start authority wave=49 after post-summon boundary stateChanged=true presentation=11 (#920)
[log] [coop:rendezvous] next-command barrier ARRIVE+AWAIT cmd:49:1 slot=0
[log] [coop:rendezvous] ARRIVE point=cmd:49:1 (send) role=host
[log] [coop:transport] send host t=rendezvous point=cmd:49:1
[log] [coop:rendezvous] AWAIT point=cmd:49:1 timeoutMs=2000 -> network-wait role=host
[log] [coop:transport] recv guest t=enemyPartySync wave=49 enemies=2 battleType=0 handlers=1
[log] [coop:transport] recv guest t=rendezvous point=cmd:49:1 handlers=1
[log] [coop:rendezvous] RECV arrival point=cmd:49:1 -> deliver-to-waiter role=host
[log] [coop:transport] send host t=rendezvous point=cmd:49:1
[log] [coop:rendezvous] AWAIT point=cmd:49:1 RESOLVE both-arrived role=host
[log] [coop:durability] host RELEASE contiguous acknowledged authority cls=op:global seq=115
[log] [coop:transport] recv guest t=rendezvous point=cmd:49:1 handlers=1
[log] [coop:transport] send host t=enemyPartySync wave=49 enemies=2 battleType=0
[log] [coop:replay] host RE-BROADCAST wave-start authority wave=49 after post-summon boundary stateChanged=false presentation=11 (#920)
[log] [coop:transport] recv guest t=enemyPartySync wave=49 enemies=2 battleType=0 handlers=1
[log] [coop-soak:wave-start] {"seed":20260924,"wave":49,"wavesRequested":55,"wavesCompleted":48,"elapsedMs":147278,"hostPhase":"CommandPhase","guestPhase":"CommandPhase"}
[log] [coop:interaction] interactionCounter() read -> 57 (role=host)
[log] [coop:interaction] interactionCounter() read -> 57 (role=guest)
[log] [coop:interaction] interactionCounter() read -> 57 (role=host)
[log] [coop:checksum] capture digest=731b8bccd80abca1 field=4 biome=27 seed=coop-soak-20260924 weather=0 terrain=3 money=4670 party=[143,94,149,445,376,248] partyLevels=[65,65,65,65,65,65] arenaTags=0 modifiers=7 heldItemsDigest=0 pokeballs=[0:70,1:10,2:0,3:0,4:0] mons=[bi0:sp143/hp293-303/st0/ab12/form0/tera0:0/boss0:0 bi1:sp94/hp179-179/st0/ab5067/form0/tera0:7/boss0:0 bi2:sp510/hp100-100/st0/ab5205/form0/tera0:16/boss0:0 bi3:sp514/hp111-111/st0/ab5192/form0/tera0:9/boss0:0]
[log] [coop:interaction] interactionCounter() read -> 57 (role=host)
[log] %cStart Phase: SelectTargetPhase color:green
[log] [coop:owner] broadcast own-slot fi=0 turn=1 role=host cmd=0
[log] [coop:relay] broadcastLocalCommand SEND fieldIndex=0 owner=host turn=1 command=0 cursor=3 moveId=85 targets=[2]
[log] [coop:transport] send host t=command fi=0 owner=host turn=1 cmd=0 cursor=3 move=85
[log] [coop:transport] recv guest t=command fi=0 owner=host turn=1 cmd=0 cursor=3 move=85 handlers=1
[log] [coop:relay] recv command fieldIndex=0 turn=1 command=0 -> BUFFERED (no awaiter yet)
[log] %cStart Phase: CommandPhase color:green
[log] [coop:transport] send host t=enemyPartySync wave=49 enemies=2 battleType=0
[log] [coop:replay] host RE-BROADCAST wave-start authority wave=49 after post-summon boundary stateChanged=false presentation=11 (#920)
[log] [coop:battle] CommandPhase slot=1 turn=1 owner=guest role=host -> partner path
[log] [coop:relay] host requestPartnerCommand SEND fieldIndex=1 turn=1 moveSlots=[0,1,2,3] (awaiting peer)
[log] [coop:transport] send host t=commandRequest fi=1 owner=guest turn=1 slots=4
[log] [coop:transport] recv guest t=enemyPartySync wave=49 enemies=2 battleType=0 handlers=1
[log] [coop:transport] recv guest t=commandRequest fi=1 owner=guest turn=1 slots=4 handlers=1
[log] [coop:relay] peer recv commandRequest fieldIndex=1 owner=guest turn=1 moveSlots=[0,1,2,3] -> reply command=0 cursor=1 moveId=247
[log] [coop:transport] send guest t=command fi=1 owner=guest turn=1 cmd=0 cursor=1 move=247
[log] [coop:transport] recv host t=command fi=1 owner=guest turn=1 cmd=0 cursor=1 move=247 handlers=1
[log] [coop:relay] recv command fieldIndex=1 turn=1 command=0 -> resolved awaiting request
[log] [coop:ai] applyWiredPartnerCommand partner=94 wiredMoveId=247 cursor=1 -> moveId=247 moveIndex=1 tera=false targets=[3] targetsFrom=wire-verbatim useMode=1
[log] %cStart Phase: EnemyCommandPhase color:green
[log] %cStart Phase: EnemyCommandPhase color:green
[log] %cStart Phase: TurnStartPhase color:green
[log] [coop-diag] turn-start authoritative guard mode=authoritative role=host turn=1 diverts=false
[log] [coop:turn] host recorder: preserve recording scope=1833203800481331:49 turn=1 events=15 seq=15
[log] %cStart Phase: MovePhase color:green
[log] [coop:turn] host recorder: append turn=1 seq=15 k=moveUsed total=16 live=true
[log] [coop:turn] host recorder: append turn=1 seq=16 k=message total=17 live=true
[log] %cStart Phase: MessagePhase color:green
[log] %cStart Phase: MessagePhase color:green
[log] %cStart Phase: MoveEndPhase color:green
[log] %cStart Phase: MovePhase color:green
[log] [coop:turn] host recorder: append turn=1 seq=17 k=moveUsed total=18 live=true
[log] %cStart Phase: MessagePhase color:green
[log] %cStart Phase: MoveEffectPhase color:green
[log] [coop:turn] host recorder: append turn=1 seq=18 k=moveAnim total=19 live=true
[log] [coop:turn] host recorder: append turn=1 seq=19 k=hp total=20 live=true
[log] [coop:turn] host recorder: append turn=1 seq=20 k=faint total=21 live=true
[log] %cStart Phase: DamageAnimPhase color:green
[log] %cStart Phase: FaintPhase color:green
[log] %cStart Phase: MessagePhase color:green
[log] %cStart Phase: VictoryPhase color:green
[log] [coop:progression] HOST applyPartyExp COMPUTE wave=49 expValue=1253.8 koMon=Simisear
[log] %cStart Phase: MoveEndPhase color:green
[log] %cStart Phase: MovePhase color:green
[log] [coop:turn] host recorder: append turn=1 seq=21 k=moveUsed total=22 live=true
[log] %cStart Phase: MessagePhase color:green
[log] %cStart Phase: MoveEffectPhase color:green
[log] [coop:turn] host recorder: append turn=1 seq=22 k=message total=23 live=true
[log] %cStart Phase: MessagePhase color:green
[log] %cStart Phase: MoveEndPhase color:green
[log] %cStart Phase: MovePhase color:green
[log] [coop:turn] host recorder: append turn=1 seq=23 k=moveUsed total=24 live=true
[log] %cStart Phase: MessagePhase color:green
[log] %cStart Phase: MoveEffectPhase color:green
[log] [coop:turn] host recorder: append turn=1 seq=24 k=moveAnim total=25 live=true
[log] [coop:turn] host recorder: append turn=1 seq=25 k=hp total=26 live=true
[log] [coop:turn] host recorder: append turn=1 seq=26 k=faint total=27 live=true
[log] %cStart Phase: DamageAnimPhase color:green
[log] %cStart Phase: FaintPhase color:green
[log] %cStart Phase: MessagePhase color:green
[log] %cStart Phase: VictoryPhase color:green
[log] [coop:progression] HOST applyPartyExp COMPUTE wave=49 expValue=1093 koMon=Liepard
[warn] [coop:v2-shadow] FAULT tap(WAVE_ADVANCE): AuthorityLog.commit: WAVE_ADVANCE is not authorized by predecessor control after WSHADOW/ADV/w1
[log] [coop:runtime] defer raw waveResolved wave=49 outcome=win until its material turnResolution is retained
[log] [coop-diag] VictoryPhase win-branch role=host battleType=WILD queuesTrainerVictory=false queuesSelectModifier=true wave=49
[log] [coop-diag] VictoryTail role=host wave=49 source=legacy-local trainer=false egg=true biomeShop=false biomeChange=false crossroads=false nextWave=50
[log] %cStart Phase: MoveEndPhase color:green
[log] %cStart Phase: CheckInterludePhase color:green
[log] %cStart Phase: WeatherEffectPhase color:green
[log] %cStart Phase: PositionalTagPhase color:green
[log] %cStart Phase: BerryPhase color:green
[log] %cStart Phase: CheckStatusEffectPhase color:green
[log] %cStart Phase: TurnEndPhase color:green
[log] %cStart Phase: PokemonHealPhase color:green
[log] [coop:turn] host recorder: append turn=1 seq=27 k=message total=28 live=true
[log] %cStart Phase: MessagePhase color:green
[log] %cStart Phase: PokemonHealPhase color:green
[log] [coop:turn] host recorder: append turn=1 seq=28 k=hp total=29 live=true
[log] [coop:turn] host recorder: append turn=1 seq=29 k=message total=30 live=true
[log] %cStart Phase: MessagePhase color:green
[log] %cStart Phase: CoopTurnCommitPhase color:green
[log] [coop:turn] host recorder: finalize turn=1 events=30 seq=30
[log] [coop:checkpoint] build field=4 weather=0/0 terrain=3/0 arenaTags=0 money=4670 mons=[bi0:sp143/hp303-303/st0/fnt0 bi1:sp94/hp179-179/st0/fnt0 bi2:sp510/hp0-100/st7/fnt1 bi3:sp514/hp0-111/st7/fnt1]
[log] [coop:checkpoint] host capture field=4 weather=0 terrain=3 money=4670 arenaTags=0 mons=[bi0:sp143/hp303-303/st0/fnt0 bi1:sp94/hp179-179/st0/fnt0 bi2:sp510/hp0-100/st7/fnt1 bi3:sp514/hp0-111/st7/fnt1]
[log] [coop:interaction] interactionCounter() read -> 57 (role=host)
[log] [coop:replay] host SEND turnResolution e=1833203800481331 wave=49 turn=1 rev=537 events=30 checksum=2d1e0cb043e905b9
[log] [coop:transport] send host t=turnResolution e=1833203800481331 wave=49 turn=1 rev=537 events=30 checksum=2d1e0cb043e905b9
[warn] [coop:v2-shadow] FAULT tap(TURN_COMMIT): AuthorityLog.commit: TURN_COMMIT is not authorized by predecessor control after WSHADOW/ADV/w1
[log] [coop:runtime] send waveResolved wave=49 outcome=win (host)
[log] [coop:replay] host SEND waveResolved wave=49 outcome=win transition=WAVE_VICTORY/next50/biome0/egg1/wild
[log] [coop:transport] send host t=waveResolved wave=49 outcome=win captureParty=- cap=-
[log] [coop:transport] recv guest t=turnResolution e=1833203800481331 wave=49 turn=1 rev=537 events=30 checksum=2d1e0cb043e905b9 handlers=1
[log] [coop:transport] recv guest t=waveResolved wave=49 outcome=win captureParty=- cap=- handlers=1
[log] [38;2;255;127;80mPhaseInterceptor.to: Stopping on completion of CoopTurnCommitPhase[39m
[log] %cStart Phase: BattleEndPhase color:green
[log] [coop:progression] HOST automatic victory settlement deferred wave=49 sourceTurn=1 settlementTurn=2
[log] [coop:interaction] interactionCounter() read -> 57 (role=host)
[log] %cStart Phase: EggLapsePhase color:green
[log] %cStart Phase: CoopVictorySealPhase color:green
[log] [coop:transport] send host t=envelope t=envelope
[log] [coop:runtime] wave-advance op HOST commit wave=49 outcome=win next=WAVE_VICTORY rev=116 id=1833203800481331:0:WAVE_ADVANCE:49 (Wave-2f)
[log] [coop:runtime] settled WAVE_ADVANCE committed wave=49 tick=538 next=WAVE_VICTORY/wave50
[log] [coop:runtime] send waveEndState wave=49 tick=538 (host)
[log] [coop:replay] host SEND waveEndState wave=49 tick=538 party=6
[log] [coop:transport] send host t=waveEndState t=waveEndState
[log] [coop:progression] HOST automatic victory settlement sealed wave=49 sourceTurn=1 settlementTurn=2 tick=538
[log] [coop:transport] recv guest t=envelope t=envelope handlers=1
[log] [coop:transport] recv guest t=waveEndState t=waveEndState handlers=1
[log] [coop:interaction] interactionCounter() read -> 57 (role=host)
[log] [coop:owner] ownerOf(counter=57) seat=1 -> owner=guest
[log] [coop:owner] isLocalOwnerAtCounter(pinnedCounter=57) parity=1 owner=guest role=host -> false
[log] [coop:interaction] interactionCounter() read -> 57 (role=host)
[log] [coop:reward] owner/watcher decision: pinnedStart=57 liveCounter=57 parity=1 role=host pick=WATCHER option=ROLL spoof=false
[log] [coop:shop] serializeRewardOptions count=3 ids=[DIRE_HIT,POKEBALL,ER_ABILITY_CAPSULE] tiers=[1,0,1]
[log] [coop:reward] OWNER streams reward options (start=57 reroll=0 count=3 ids=[DIRE_HIT,POKEBALL,ER_ABILITY_CAPSULE])
[log] [coop:relay] SEND rewardOptions seq=57 reroll=0 count=3 ids=[DIRE_HIT,POKEBALL,ER_ABILITY_CAPSULE]
[log] [coop:transport] send host t=rewardOptions seq=57 reroll=0 options=3
[log] [coop:rendezvous] ARRIVE point=shop:49:57 (send) role=host
[log] [coop:transport] send host t=rendezvous point=shop:49:57
[log] [coop:reward] WATCHER waits for partner's reward picks (start=57 role=host wave=49)
[log] [coop:durability] host operation continuation window REARM key=op:global:116:1833203800481331:49:2:1833203800481331:0:WAVE_ADVANCE:49 surface=sharedInput at=1833203800481331/49/2
[log] [coop:transport] recv guest t=rewardOptions seq=57 reroll=0 options=3 handlers=1
[log] [coop:transport] recv guest t=rendezvous point=shop:49:57 handlers=1
[log] [coop:interaction] mirror begin role=watcher mirrorSeq=3648 interactionStart=57 reroll=0
[log] [coop:interaction] uiMirror beginSession role=watcher mode=6 seq=3648 early=0
[log] [coop:relay] AWAIT interactionChoice seq=57 timeoutMs=1200000 expected=[reward,shop,skip,reroll,check,transfer,lock] -> network-wait
[log] [coop:durability] operation delivery RETRY key=op:global:116:1833203800481331:49:2:1833203800481331:0:WAVE_ADVANCE:49 attempt=1/8
[log] [coop:transport] send host t=envelope t=envelope
[log] [coop:interaction] interactionCounter() read -> 57 (role=host)
[log] [coop:checksum] capture digest=29f987df2747f425 field=4 biome=27 seed=coop-soak-20260924 weather=0 terrain=3 money=4670 party=[143,94,149,445,376,248] partyLevels=[65,65,65,65,65,65] arenaTags=0 modifiers=7 heldItemsDigest=0 pokeballs=[0:70,1:10,2:0,3:0,4:0] mons=[bi0:sp143/hp303-303/st0/ab12/form0/tera0:0/boss0:0 bi1:sp94/hp179-179/st0/ab5067/form0/tera0:7/boss0:0 bi2:sp510/hp0-100/st7/ab5205/form0/tera0:16/boss0:0 bi3:sp514/hp0-111/st7/ab5192/form0/tera0:9/boss0:0]
[log] [coop:rendezvous] RECV arrival point=shop:49:57 -> BUFFER (no waiter yet) role=host
[log] [coop:stream] host ACCEPT turn ACK stage=continuationReady key=1833203800481331:49:1:537
[log] [coop:stream] host RELEASE retained turn after continuationReady key=1833203800481331:49:1:537
[log] [coop:durability] host RELEASE contiguous acknowledged authority cls=op:global seq=116
[log] [coop:relay] DELIVER interactionChoice seq=57 -> waiter kind=skip choice=-1 data=-
[log] [coop:relay] AWAIT interactionChoice seq=57 RESOLVE kind=skip choice=-1 data=-
[log] [coop:reward] WATCHER applying relayed action seq=57 act=LEAVE choice=-1 data=-
[log] [coop:shop] serializeRewardOptions count=3 ids=[DIRE_HIT,POKEBALL,ER_ABILITY_CAPSULE] tiers=[1,0,1]
[log] [coop:transport] send host t=envelope t=envelope
[log] [coop:reward] reward authoritative RESULT retained rev=117 tick=539 id=1833203800481331:1:REWARD:5700000
[log] [coop:transport] recv guest t=envelope t=envelope handlers=1
[log] [coop:interaction] interactionCounter() read -> 57 (role=host)
[log] [coop:interaction] interactionCounter() read -> 57 (role=host)
[log] [coop:interaction] RECV interaction broadcast (deferred catch-up net) received=58 localBefore=57 role=host -> WILL DEFER to 58 (folds in at next advance if still ahead)
[warn] [coop:interaction] CoopInteractionTurn.mergeRemote DEFER (remote=58, counter=57, pendingRemote=58) live counter UNCHANGED (folds in at next advance if still ahead)
[log] [coop:owner] ownerOf(counter=57) seat=1 -> owner=guest
[log] [coop:owner] ownerOf(counter=57) seat=1 -> owner=guest
[log] [coop:reward] OWNER peer material applied; release terminal engine barrier seq=57 id=1833203800481331:1:REWARD:5700000
[log] [coop:interaction] interactionCounter() read -> 57 (role=host)
[log] [coop:interaction] CoopInteractionTurn.advance INCREMENT (fromCounter=57) counter 57 -> 58
[log] [coop:interaction] advanceInteraction ADVANCED+BROADCAST (fromCounter=57) counter 57 -> 58 role=host; send interaction screen=__turn__ choice=58
[log] [coop:interaction] SEND counter snapshot reason=advance choice=58 role=host
[log] [coop:transport] send host t=interaction screen=__turn__
[log] [coop:owner] ownerOf(counter=58) seat=0 -> owner=host
[log] [coop:owner] ownerOf(counter=58) seat=0 -> owner=host
[log] [coop:interaction] interactionCounter() read -> 58 (role=host)
[log] [coop:reward] advance interaction (role=host from=57 counter 57 -> 58)
[log] [coop:transport] recv guest t=interaction screen=__turn__ handlers=1
[log] [coop:interaction] interactionCounter() read -> 58 (role=host)
[log] [coop:interaction] interactionCounter() read -> 58 (role=guest)
[log] [coop-soak:wave-complete] {"seed":20260924,"wave":49,"wavesRequested":55,"wavesCompleted":49,"waveElapsedMs":1803,"elapsedMs":149081,"findings":0,"hostPhase":"NewBattlePhase","guestPhase":"NewBattlePhase"}
[log] %cStart Phase: NewBattlePhase color:green
[log] [coop:turn] host recorder: begin deferred transition turn=1 scope=1833203800481331:50
[log] %cStart Phase: CoopPartnerSyncPhase color:green
[log] [coop:interaction] interactionCounter() read -> 58 (role=host)
[log] %cStart Phase: ReturnPhase color:green
[log] [coop:turn] host recorder: preserve recording scope=1833203800481331:50 turn=1 events=0 seq=0
[log] %cStart Phase: ReturnPhase color:green
[log] [coop:turn] host recorder: preserve recording scope=1833203800481331:50 turn=1 events=0 seq=0
[log] %cStart Phase: ShowTrainerPhase color:green
[log] %cStart Phase: NextEncounterPhase color:green
[log] [coop:interaction] interactionCounter() read -> 58 (role=host)
[log] [coop:replay] host SEND enemyPartySync wave=50 count=3 meType=-1 battleType=1 entryPresentation=-
[log] [coop:transport] send host t=enemyPartySync wave=50 enemies=3 battleType=1
[log] [coop:transport] recv guest t=enemyPartySync wave=50 enemies=3 battleType=1 handlers=1
[log] [coop:turn] host recorder: preserve recording scope=1833203800481331:50 turn=1 events=0 seq=0
[log] %cStart Phase: SummonPhase color:green
[log] [coop:turn] host recorder: preserve recording scope=1833203800481331:50 turn=1 events=0 seq=0
[log] %cStart Phase: SummonPhase color:green
[log] [coop:turn] host recorder: preserve recording scope=1833203800481331:50 turn=1 events=0 seq=0
[log] %cStart Phase: SummonPhase color:green
[log] [coop:turn] host recorder: preserve recording scope=1833203800481331:50 turn=1 events=0 seq=0
[log] %cStart Phase: ToggleDoublePositionPhase color:green
[log] %cStart Phase: SummonPhase color:green
[log] [coop:turn] host recorder: preserve recording scope=1833203800481331:50 turn=1 events=0 seq=0
[log] %cStart Phase: InitEncounterPhase color:green
[log] [coop:turn] host recorder: preserve recording scope=1833203800481331:50 turn=1 events=0 seq=0
[log] %cStart Phase: PostSummonPhase color:green
[log] %cStart Phase: PostSummonPhase color:green
[log] %cStart Phase: ShowAbilityPhase color:green
[log] [coop:turn] host recorder: append turn=1 seq=0 k=showAbility total=1 live=true
[log] %cStart Phase: StatStageChangePhase color:green
[log] [coop:turn] host recorder: append turn=1 seq=1 k=message total=2 live=true
[log] [coop:turn] host recorder: append turn=1 seq=2 k=statStage total=3 live=true
[log] %cStart Phase: MessagePhase color:green
[log] %cStart Phase: StatStageChangePhase color:green
[log] [coop:turn] host recorder: append turn=1 seq=3 k=message total=4 live=true
[log] [coop:turn] host recorder: append turn=1 seq=4 k=statStage total=5 live=true
[log] %cStart Phase: MessagePhase color:green
[log] %cStart Phase: HideAbilityPhase color:green
[log] [coop:turn] host recorder: append turn=1 seq=5 k=hideAbility total=6 live=true
[log] %cStart Phase: PostSummonPhase color:green
[log] %cStart Phase: PostSummonPhase color:green
[log] %cStart Phase: PostSummonPhase color:green
[log] %cStart Phase: PostSummonPhase color:green
[log] %cStart Phase: PostSummonPhase color:green
[log] [coop:turn] host recorder: append turn=1 seq=6 k=message total=7 live=true
[log] %cStart Phase: ShowAbilityPhase color:green
[log] [coop:turn] host recorder: append turn=1 seq=7 k=showAbility total=8 live=true
[log] %cStart Phase: MessagePhase color:green
[log] %cStart Phase: HideAbilityPhase color:green
[log] [coop:turn] host recorder: append turn=1 seq=8 k=hideAbility total=9 live=true
[log] %cStart Phase: PostSummonPhase color:green
[log] %cStart Phase: TurnInitPhase color:green
[log] [coop:replay] host SEND enemyPartySync wave=50 count=3 meType=-1 battleType=1 entryPresentation=9
[log] [coop:transport] send host t=enemyPartySync wave=50 enemies=3 battleType=1
[log] [coop:replay] host RE-BROADCAST wave-start authority wave=50 after post-summon boundary stateChanged=true presentation=9 (#920)
[log] [coop:rendezvous] next-command barrier ARRIVE+AWAIT cmd:50:1 slot=0
[log] [coop:rendezvous] ARRIVE point=cmd:50:1 (send) role=host
[log] [coop:transport] send host t=rendezvous point=cmd:50:1
[log] [coop:rendezvous] AWAIT point=cmd:50:1 timeoutMs=2000 -> network-wait role=host
[log] [coop:transport] recv guest t=enemyPartySync wave=50 enemies=3 battleType=1 handlers=1
[log] [coop:transport] recv guest t=rendezvous point=cmd:50:1 handlers=1
[log] [coop:rendezvous] RECV arrival point=cmd:50:1 -> deliver-to-waiter role=host
[log] [coop:transport] send host t=rendezvous point=cmd:50:1
[log] [coop:rendezvous] AWAIT point=cmd:50:1 RESOLVE both-arrived role=host
[log] [coop:durability] host RELEASE contiguous acknowledged authority cls=op:global seq=117
[log] [coop:transport] recv guest t=rendezvous point=cmd:50:1 handlers=1
[log] [coop:transport] send host t=enemyPartySync wave=50 enemies=3 battleType=1
[log] [coop:replay] host RE-BROADCAST wave-start authority wave=50 after post-summon boundary stateChanged=false presentation=9 (#920)
[log] [coop:transport] recv guest t=enemyPartySync wave=50 enemies=3 battleType=1 handlers=1
[log] [coop-soak:wave-start] {"seed":20260924,"wave":50,"wavesRequested":55,"wavesCompleted":49,"elapsedMs":150478,"hostPhase":"CommandPhase","guestPhase":"CommandPhase"}
[log] [coop:interaction] interactionCounter() read -> 58 (role=host)
[log] [coop:interaction] interactionCounter() read -> 58 (role=guest)
[log] [coop:interaction] interactionCounter() read -> 58 (role=host)
[log] [coop:checksum] capture digest=9c3eb0a63c9762c6 field=4 biome=27 seed=coop-soak-20260924 weather=0 terrain=3 money=4670 party=[143,94,149,445,376,248] partyLevels=[65,65,65,65,65,65] arenaTags=1 modifiers=7 heldItemsDigest=4 pokeballs=[0:70,1:10,2:0,3:0,4:0] mons=[bi0:sp143/hp303-303/st0/ab12/form0/tera0:0/boss0:0 bi1:sp94/hp179-179/st0/ab5067/form0/tera0:7/boss0:0 bi2:sp357/hp121-121/st0/ab5058/form0/tera0:11/boss0:0 bi3:sp952/hp103-103/st0/ab141/form0/tera0:9/boss0:0]
[log] [coop:interaction] interactionCounter() read -> 58 (role=host)
[log] %cStart Phase: SelectTargetPhase color:green
[log] [coop:owner] broadcast own-slot fi=0 turn=1 role=host cmd=0
[log] [coop:relay] broadcastLocalCommand SEND fieldIndex=0 owner=host turn=1 command=0 cursor=1 moveId=247 targets=[2]
[log] [coop:transport] send host t=command fi=0 owner=host turn=1 cmd=0 cursor=1 move=247
[log] [coop:transport] recv guest t=command fi=0 owner=host turn=1 cmd=0 cursor=1 move=247 handlers=1
[log] [coop:relay] recv command fieldIndex=0 turn=1 command=0 -> BUFFERED (no awaiter yet)
[log] %cStart Phase: CommandPhase color:green
[log] [coop:transport] send host t=enemyPartySync wave=50 enemies=3 battleType=1
[log] [coop:replay] host RE-BROADCAST wave-start authority wave=50 after post-summon boundary stateChanged=false presentation=9 (#920)
[log] [coop:battle] CommandPhase slot=1 turn=1 owner=guest role=host -> partner path
[log] [coop:relay] host requestPartnerCommand SEND fieldIndex=1 turn=1 moveSlots=[0,1,2,3] (awaiting peer)
[log] [coop:transport] send host t=commandRequest fi=1 owner=guest turn=1 slots=4
[log] [coop:transport] recv guest t=enemyPartySync wave=50 enemies=3 battleType=1 handlers=1
[log] [coop:transport] recv guest t=commandRequest fi=1 owner=guest turn=1 slots=4 handlers=1
[log] [coop:relay] peer recv commandRequest fieldIndex=1 owner=guest turn=1 moveSlots=[0,1,2,3] -> reply command=0 cursor=1 moveId=247
[log] [coop:transport] send guest t=command fi=1 owner=guest turn=1 cmd=0 cursor=1 move=247
[log] [coop:transport] recv host t=command fi=1 owner=guest turn=1 cmd=0 cursor=1 move=247 handlers=1
[log] [coop:relay] recv command fieldIndex=1 turn=1 command=0 -> resolved awaiting request
[log] [coop:ai] applyWiredPartnerCommand partner=94 wiredMoveId=247 cursor=1 -> moveId=247 moveIndex=1 tera=false targets=[3] targetsFrom=wire-verbatim useMode=1
[log] %cStart Phase: EnemyCommandPhase color:green
[log] %cStart Phase: EnemyCommandPhase color:green
[log] %cStart Phase: TurnStartPhase color:green
[log] [coop-diag] turn-start authoritative guard mode=authoritative role=host turn=1 diverts=false
[log] [coop:turn] host recorder: preserve recording scope=1833203800481331:50 turn=1 events=12 seq=12
[log] %cStart Phase: MovePhase color:green
[log] [coop:turn] host recorder: append turn=1 seq=12 k=moveUsed total=13 live=true
[log] %cStart Phase: MessagePhase color:green
[log] %cStart Phase: MoveEffectPhase color:green
[log] [coop:turn] host recorder: append turn=1 seq=13 k=moveAnim total=14 live=true
[log] [coop:turn] host recorder: append turn=1 seq=14 k=hp total=15 live=true
[log] [coop:turn] host recorder: append turn=1 seq=15 k=hp total=16 live=true
[log] %cStart Phase: DamageAnimPhase color:green
[log] %cStart Phase: DamageAnimPhase color:green
[log] %cStart Phase: MoveEndPhase color:green
[log] %cStart Phase: MovePhase color:green
[log] [coop:turn] host recorder: append turn=1 seq=16 k=moveUsed total=17 live=true
[log] %cStart Phase: MessagePhase color:green
[log] %cStart Phase: MoveEffectPhase color:green
[log] [coop:turn] host recorder: append turn=1 seq=17 k=moveAnim total=18 live=true
[log] [coop:turn] host recorder: append turn=1 seq=18 k=hp total=19 live=true
[log] [coop:turn] host recorder: append turn=1 seq=19 k=faint total=20 live=true
[log] %cStart Phase: DamageAnimPhase color:green
[log] %cStart Phase: FaintPhase color:green
[log] %cStart Phase: MessagePhase color:green
[log] %cStart Phase: VictoryPhase color:green
[log] [coop:progression] HOST applyPartyExp COMPUTE wave=50 expValue=1225 koMon=Scovillain
[log] %cStart Phase: MoveEndPhase color:green
[log] %cStart Phase: MovePhase color:green
[log] %cStart Phase: MoveEndPhase color:green
[log] %cStart Phase: MovePhase color:green
[log] [coop:turn] host recorder: append turn=1 seq=20 k=moveUsed total=21 live=true
[log] %cStart Phase: MessagePhase color:green
[log] %cStart Phase: MoveEffectPhase color:green
[log] [coop:turn] host recorder: append turn=1 seq=21 k=moveAnim total=22 live=true
[log] [coop:turn] host recorder: append turn=1 seq=22 k=hp total=23 live=true
[log] %cStart Phase: DamageAnimPhase color:green
[log] %cStart Phase: MoveEndPhase color:green
[log] %cStart Phase: CheckInterludePhase color:green
[log] %cStart Phase: WeatherEffectPhase color:green
[log] %cStart Phase: PositionalTagPhase color:green
[log] %cStart Phase: BerryPhase color:green
[log] %cStart Phase: CheckStatusEffectPhase color:green
[log] %cStart Phase: TurnEndPhase color:green
[log] %cStart Phase: PokemonHealPhase color:green
[log] [coop:turn] host recorder: append turn=1 seq=23 k=hp total=24 live=true
[log] [coop:turn] host recorder: append turn=1 seq=24 k=message total=25 live=true
[log] %cStart Phase: MessagePhase color:green
[log] %cStart Phase: PokemonHealPhase color:green
[log] [coop:turn] host recorder: append turn=1 seq=25 k=hp total=26 live=true
[log] [coop:turn] host recorder: append turn=1 seq=26 k=message total=27 live=true
[log] %cStart Phase: MessagePhase color:green
[log] %cStart Phase: CoopTurnCommitPhase color:green
[log] [coop:turn] host recorder: finalize turn=1 events=27 seq=27
[log] [coop:checkpoint] build field=4 weather=0/0 terrain=3/0 arenaTags=1 money=4670 mons=[bi0:sp143/hp303-303/st0/fnt0 bi1:sp94/hp177-179/st0/fnt0 bi2:sp357/hp31-121/st0/fnt0 bi3:sp952/hp0-103/st7/fnt1]
[log] [coop:checkpoint] host capture field=4 weather=0 terrain=3 money=4670 arenaTags=1 mons=[bi0:sp143/hp303-303/st0/fnt0 bi1:sp94/hp177-179/st0/fnt0 bi2:sp357/hp31-121/st0/fnt0 bi3:sp952/hp0-103/st7/fnt1]
[log] [coop:interaction] interactionCounter() read -> 58 (role=host)
[log] [coop:replay] host SEND turnResolution e=1833203800481331 wave=50 turn=1 rev=546 events=27 checksum=26d44edc0c43d290
[log] [coop:transport] send host t=turnResolution e=1833203800481331 wave=50 turn=1 rev=546 events=27 checksum=26d44edc0c43d290
[warn] [coop:v2-shadow] FAULT tap(TURN_COMMIT): AuthorityLog.commit: TURN_COMMIT is not authorized by predecessor control after WSHADOW/ADV/w1
[log] [coop:transport] recv guest t=turnResolution e=1833203800481331 wave=50 turn=1 rev=546 events=27 checksum=26d44edc0c43d290 handlers=1
[log] [38;2;255;127;80mPhaseInterceptor.to: Stopping on completion of CoopTurnCommitPhase[39m
[log] %cStart Phase: SwitchSummonPhase color:green
[log] [coop:turn] host recorder: begin turn=2 scope=1833203800481331:50 (no prior open recording)
[log] [coop:turn] host recorder: append turn=2 seq=0 k=switch total=1 live=true
[log] %cStart Phase: PostSummonPhase color:green
[log] %cStart Phase: TurnInitPhase color:green
[log] [coop:rendezvous] ARRIVE point=cmd:50:2 (send) role=host
[log] [coop:transport] send host t=rendezvous point=cmd:50:2
[log] [coop:rendezvous] next-command barrier cmd:50:2 SYNC pass (partner already arrived)
[log] [coop:transport] recv guest t=rendezvous point=cmd:50:2 handlers=1
[log] [coop:stream] host ACCEPT turn ACK stage=continuationReady key=1833203800481331:50:1:546
[log] [coop:stream] host RELEASE retained turn after continuationReady key=1833203800481331:50:1:546
[log] [coop:relay] broadcastLocalCommand SEND fieldIndex=0 owner=host turn=2 command=2 cursor=2 moveId=- targets=[]
[log] [coop:transport] send host t=command fi=0 owner=host turn=2 cmd=2 cursor=2 move=-
[log] [coop:transport] recv guest t=command fi=0 owner=host turn=2 cmd=2 cursor=2 move=- handlers=1
[log] [coop:relay] recv command fieldIndex=0 turn=2 command=2 -> BUFFERED (no awaiter yet)
[log] %cStart Phase: CommandPhase color:green
[log] [coop:battle] CommandPhase slot=1 turn=2 owner=guest role=host -> partner path
[log] [coop:relay] host requestPartnerCommand SEND fieldIndex=1 turn=2 moveSlots=[0,1,2,3] (awaiting peer)
[log] [coop:transport] send host t=commandRequest fi=1 owner=guest turn=2 slots=4
[log] [coop:transport] recv guest t=commandRequest fi=1 owner=guest turn=2 slots=4 handlers=1
[log] [coop:relay] peer recv commandRequest fieldIndex=1 owner=guest turn=2 moveSlots=[0,1,2,3] -> reply command=0 cursor=1 moveId=247
[log] [coop:transport] send guest t=command fi=1 owner=guest turn=2 cmd=0 cursor=1 move=247
[log] [coop:transport] recv host t=command fi=1 owner=guest turn=2 cmd=0 cursor=1 move=247 handlers=1
[log] [coop:relay] recv command fieldIndex=1 turn=2 command=0 -> resolved awaiting request
[log] [coop:ai] applyWiredPartnerCommand partner=94 wiredMoveId=247 cursor=1 -> moveId=247 moveIndex=1 tera=false targets=[3] targetsFrom=wire-verbatim useMode=1
[log] %cStart Phase: EnemyCommandPhase color:green
[log] %cStart Phase: EnemyCommandPhase color:green
[log] %cStart Phase: TurnStartPhase color:green
[log] [coop-diag] turn-start authoritative guard mode=authoritative role=host turn=2 diverts=false
[log] [coop:turn] host recorder: preserve recording scope=1833203800481331:50 turn=2 events=1 seq=1
[log] %cStart Phase: SwitchSummonPhase color:green
[log] [coop:turn] host recorder: preserve recording scope=1833203800481331:50 turn=2 events=1 seq=1
[log] [coop:turn] host recorder: append turn=2 seq=1 k=switch total=2 live=true
[log] %cStart Phase: PostSummonPhase color:green
[log] %cStart Phase: MovePhase color:green
[log] [coop:turn] host recorder: append turn=2 seq=2 k=moveUsed total=3 live=true
[log] %cStart Phase: MessagePhase color:green
[log] %cStart Phase: MoveEffectPhase color:green
[log] [coop:turn] host recorder: append turn=2 seq=3 k=moveAnim total=4 live=true
[log] [coop:turn] host recorder: append turn=2 seq=4 k=hp total=5 live=true
[log] [coop:turn] host recorder: append turn=2 seq=5 k=hp total=6 live=true
[log] %cStart Phase: DamageAnimPhase color:green
[log] %cStart Phase: DamageAnimPhase color:green
[log] %cStart Phase: MoveEndPhase color:green
[log] %cStart Phase: MovePhase color:green
[log] [coop:turn] host recorder: append turn=2 seq=6 k=moveUsed total=7 live=true
[log] %cStart Phase: MessagePhase color:green
[log] %cStart Phase: MoveEffectPhase color:green
[log] [coop:turn] host recorder: append turn=2 seq=7 k=moveAnim total=8 live=true
[log] [coop:turn] host recorder: append turn=2 seq=8 k=hp total=9 live=true
[log] [coop:turn] host recorder: append turn=2 seq=9 k=faint total=10 live=true
[log] %cStart Phase: DamageAnimPhase color:green
[log] %cStart Phase: FaintPhase color:green
[log] %cStart Phase: MessagePhase color:green
[log] %cStart Phase: VictoryPhase color:green
[log] [coop:progression] HOST applyPartyExp COMPUTE wave=50 expValue=761 koMon=Ogerpon Hearthflame
[log] %cStart Phase: MoveEndPhase color:green
[log] %cStart Phase: MovePhase color:green
[log] %cStart Phase: MoveEndPhase color:green
[log] %cStart Phase: CheckInterludePhase color:green
[log] %cStart Phase: WeatherEffectPhase color:green
[log] %cStart Phase: PositionalTagPhase color:green
[log] %cStart Phase: BerryPhase color:green
[log] %cStart Phase: CheckStatusEffectPhase color:green
[log] %cStart Phase: TurnEndPhase color:green
[log] %cStart Phase: PokemonHealPhase color:green
[log] [coop:turn] host recorder: append turn=2 seq=10 k=hp total=11 live=true
[log] [coop:turn] host recorder: append turn=2 seq=11 k=message total=12 live=true
[log] %cStart Phase: MessagePhase color:green
[log] %cStart Phase: CoopTurnCommitPhase color:green
[log] [coop:turn] host recorder: finalize turn=2 events=12 seq=12
[log] [coop:checkpoint] build field=4 weather=0/0 terrain=3/0 arenaTags=1 money=4670 mons=[bi0:sp149/hp203-213/st0/fnt0 bi1:sp94/hp175-179/st0/fnt0 bi2:sp357/hp31-121/st0/fnt0 bi3:sp10432/hp0-120/st7/fnt1]
[log] [coop:checkpoint] host capture field=4 weather=0 terrain=3 money=4670 arenaTags=1 mons=[bi0:sp149/hp203-213/st0/fnt0 bi1:sp94/hp175-179/st0/fnt0 bi2:sp357/hp31-121/st0/fnt0 bi3:sp10432/hp0-120/st7/fnt1]
[log] [coop:interaction] interactionCounter() read -> 58 (role=host)
[log] [coop:replay] host SEND turnResolution e=1833203800481331 wave=50 turn=2 rev=549 events=12 checksum=780aaf9caf312df8
[log] [coop:transport] send host t=turnResolution e=1833203800481331 wave=50 turn=2 rev=549 events=12 checksum=780aaf9caf312df8
[warn] [coop:v2-shadow] FAULT tap(TURN_COMMIT): AuthorityLog.commit: TURN_COMMIT is not authorized by predecessor control after WSHADOW/ADV/w1
[log] [coop:transport] recv guest t=turnResolution e=1833203800481331 wave=50 turn=2 rev=549 events=12 checksum=780aaf9caf312df8 handlers=1
[log] [38;2;255;127;80mPhaseInterceptor.to: Stopping on completion of CoopTurnCommitPhase[39m
[log] %cStart Phase: TurnInitPhase color:green
[log] [coop:rendezvous] ARRIVE point=cmd:50:3 (send) role=host
[log] [coop:transport] send host t=rendezvous point=cmd:50:3
[log] [coop:rendezvous] next-command barrier cmd:50:3 SYNC pass (partner already arrived)
[log] [coop:transport] recv guest t=rendezvous point=cmd:50:3 handlers=1
[log] [coop:stream] host ACCEPT turn ACK stage=continuationReady key=1833203800481331:50:2:549
[log] [coop:stream] host RELEASE retained turn after continuationReady key=1833203800481331:50:2:549
[log] %cStart Phase: SelectTargetPhase color:green
[log] [coop:owner] broadcast own-slot fi=0 turn=3 role=host cmd=0
[log] [coop:relay] broadcastLocalCommand SEND fieldIndex=0 owner=host turn=3 command=0 cursor=1 moveId=247 targets=[2]
[log] [coop:transport] send host t=command fi=0 owner=host turn=3 cmd=0 cursor=1 move=247
[log] [coop:transport] recv guest t=command fi=0 owner=host turn=3 cmd=0 cursor=1 move=247 handlers=1
[log] [coop:relay] recv command fieldIndex=0 turn=3 command=0 -> BUFFERED (no awaiter yet)
[log] %cStart Phase: CommandPhase color:green
[log] [coop:battle] CommandPhase slot=1 turn=3 owner=guest role=host -> partner path
[log] [coop:relay] host requestPartnerCommand SEND fieldIndex=1 turn=3 moveSlots=[0,1,2,3] (awaiting peer)
[log] [coop:transport] send host t=commandRequest fi=1 owner=guest turn=3 slots=4
[log] [coop:transport] recv guest t=commandRequest fi=1 owner=guest turn=3 slots=4 handlers=1
[log] [coop:relay] peer recv commandRequest fieldIndex=1 owner=guest turn=3 moveSlots=[0,1,2,3] -> reply command=0 cursor=1 moveId=247
[log] [coop:transport] send guest t=command fi=1 owner=guest turn=3 cmd=0 cursor=1 move=247
[log] [coop:transport] recv host t=command fi=1 owner=guest turn=3 cmd=0 cursor=1 move=247 handlers=1
[log] [coop:relay] recv command fieldIndex=1 turn=3 command=0 -> resolved awaiting request
[log] [coop:ai] applyWiredPartnerCommand partner=94 wiredMoveId=247 cursor=1 -> moveId=247 moveIndex=1 tera=false targets=[2] targetsFrom=wire-verbatim useMode=1
[log] %cStart Phase: EnemyCommandPhase color:green
[log] %cStart Phase: TurnStartPhase color:green
[log] [coop-diag] turn-start authoritative guard mode=authoritative role=host turn=3 diverts=false
[log] [coop:turn] host recorder: begin turn=3 scope=1833203800481331:50 (no prior open recording)
[log] %cStart Phase: MovePhase color:green
[log] [coop:turn] host recorder: append turn=3 seq=0 k=moveUsed total=1 live=true
[log] %cStart Phase: MessagePhase color:green
[log] %cStart Phase: MoveEffectPhase color:green
[log] [coop:turn] host recorder: append turn=3 seq=1 k=moveAnim total=2 live=true
[log] [coop:turn] host recorder: append turn=3 seq=2 k=hp total=3 live=true
[log] [coop:turn] host recorder: append turn=3 seq=3 k=hp total=4 live=true
[log] %cStart Phase: DamageAnimPhase color:green
[log] %cStart Phase: DamageAnimPhase color:green
[log] %cStart Phase: MoveEndPhase color:green
[log] %cStart Phase: MovePhase color:green
[log] [coop:turn] host recorder: append turn=3 seq=4 k=moveUsed total=5 live=true
[log] %cStart Phase: MessagePhase color:green
[log] %cStart Phase: MoveEffectPhase color:green
[log] [coop:turn] host recorder: append turn=3 seq=5 k=moveAnim total=6 live=true
[log] [coop:turn] host recorder: append turn=3 seq=6 k=hp total=7 live=true
[log] [coop:turn] host recorder: append turn=3 seq=7 k=faint total=8 live=true
[log] %cStart Phase: DamageAnimPhase color:green
[log] %cStart Phase: FaintPhase color:green
[log] %cStart Phase: MessagePhase color:green
[log] %cStart Phase: VictoryPhase color:green
[log] [coop:progression] HOST applyPartyExp COMPUTE wave=50 expValue=1095.8 koMon=Tropius
[log] [coop:account] account-write scope OPEN (achievement-egg-reward) depth=1
[warn] [coop:v2-shadow] FAULT tap(WAVE_ADVANCE): AuthorityLog.commit: WAVE_ADVANCE is not authorized by predecessor control after WSHADOW/ADV/w1
[log] [coop:runtime] defer raw waveResolved wave=50 outcome=win until its material turnResolution is retained
[log] [coop-diag] VictoryPhase win-branch role=host battleType=TRAINER queuesTrainerVictory=true queuesSelectModifier=false wave=50
[log] [coop-diag] VictoryTail role=host wave=50 source=legacy-local trainer=true egg=true biomeShop=true biomeChange=false crossroads=true nextWave=51
[log] %cStart Phase: MoveEndPhase color:green
[log] %cStart Phase: MovePhase color:green
[log] [coop:turn] host recorder: append turn=3 seq=8 k=message total=9 live=true
[log] %cStart Phase: MessagePhase color:green
[log] %cStart Phase: MoveEndPhase color:green
[log] %cStart Phase: CheckInterludePhase color:green
[log] %cStart Phase: PositionalTagPhase color:green
[log] %cStart Phase: TurnEndPhase color:green
[log] %cStart Phase: CoopTurnCommitPhase color:green
[log] [coop:turn] host recorder: finalize turn=3 events=9 seq=9
[log] [coop:checkpoint] build field=4 weather=0/0 terrain=3/0 arenaTags=1 money=4670 mons=[bi0:sp149/hp193-213/st0/fnt0 bi1:sp94/hp162-179/st0/fnt0 bi2:sp357/hp0-121/st7/fnt1 bi3:sp10432/hp0-120/st7/fnt1]
[log] [coop:checkpoint] host capture field=4 weather=0 terrain=3 money=4670 arenaTags=1 mons=[bi0:sp149/hp193-213/st0/fnt0 bi1:sp94/hp162-179/st0/fnt0 bi2:sp357/hp0-121/st7/fnt1 bi3:sp10432/hp0-120/st7/fnt1]
[log] [coop:interaction] interactionCounter() read -> 58 (role=host)
[log] [coop:replay] host SEND turnResolution e=1833203800481331 wave=50 turn=3 rev=552 events=9 checksum=4345d2ee8d04112c
[log] [coop:transport] send host t=turnResolution e=1833203800481331 wave=50 turn=3 rev=552 events=9 checksum=4345d2ee8d04112c
[warn] [coop:v2-shadow] FAULT tap(TURN_COMMIT): AuthorityLog.commit: TURN_COMMIT is not authorized by predecessor control after WSHADOW/ADV/w1
[log] [coop:runtime] send waveResolved wave=50 outcome=win (host)
[log] [coop:replay] host SEND waveResolved wave=50 outcome=win transition=WAVE_VICTORY/next51/biome0/egg1/trainer
[log] [coop:transport] send host t=waveResolved wave=50 outcome=win captureParty=- cap=-
[log] [coop:transport] recv guest t=turnResolution e=1833203800481331 wave=50 turn=3 rev=552 events=9 checksum=4345d2ee8d04112c handlers=1
[log] [coop:transport] recv guest t=waveResolved wave=50 outcome=win captureParty=- cap=- handlers=1
[log] [38;2;255;127;80mPhaseInterceptor.to: Stopping on completion of CoopTurnCommitPhase[39m
[log] %cStart Phase: BattleEndPhase color:green
[log] [coop:progression] HOST automatic victory settlement deferred wave=50 sourceTurn=3 settlementTurn=4
[log] [coop:interaction] interactionCounter() read -> 58 (role=host)
[log] %cStart Phase: TrainerVictoryPhase color:green
[log] [coop:progression] coopBossVoucherReward DECISION isCoop=true creditedFirstTime=true -> NO-QUEUE (lockstep queue-len parity)
[log] [coop:progression] coopVictoryDialogue DECISION isCoop=true -> SKIP (constant 0 awaits, lockstep-safe)
[log] [coop:renderer] trainer victory presentation settled sourceWave=50
[log] %cStart Phase: MoneyRewardPhase color:green
[log] %cStart Phase: ModifierRewardPhase color:green
[log] [coop:interaction] interactionCounter() read -> 58 (role=host)
[log] [coop:health] tick=0g turn=4 wave=50 counter=58 assertions=0 wait=-1ms machineWaits=- peerBeat=- lastRx=0s transport=connected journal=117/0 queue=0
[log] [coop:interaction] interactionCounter() read -> 58 (role=guest)
[log] [coop:health] tick=0g turn=4 wave=50 counter=58 assertions=0 wait=-1ms machineWaits=- peerBeat=- lastRx=0s transport=connected journal=0/0 queue=0
[log] %cStart Phase: EggLapsePhase color:green
[log] %cStart Phase: ModifierRewardPhase color:green
[log] %cStart Phase: ModifierRewardPhase color:green
[log] %cStart Phase: PartyHealPhase color:green
[log] %cStart Phase: ResetStatusPhase color:green
[log] %cStart Phase: ResetStatusPhase color:green
[log] %cStart Phase: ResetStatusPhase color:green
[log] %cStart Phase: ResetStatusPhase color:green
[log] %cStart Phase: ResetStatusPhase color:green
[log] %cStart Phase: ResetStatusPhase color:green
[log] %cStart Phase: CoopVictorySealPhase color:green
[log] [coop:transport] send host t=envelope t=envelope
[log] [coop:runtime] wave-advance op HOST commit wave=50 outcome=win next=WAVE_VICTORY rev=118 id=1833203800481331:0:WAVE_ADVANCE:50 (Wave-2f)
[log] [coop:runtime] settled WAVE_ADVANCE committed wave=50 tick=553 next=WAVE_VICTORY/wave51
[log] [coop:runtime] send waveEndState wave=50 tick=553 (host)
[log] [coop:replay] host SEND waveEndState wave=50 tick=553 party=6
[log] [coop:transport] send host t=waveEndState t=waveEndState
[log] [coop:progression] HOST automatic victory settlement sealed wave=50 sourceTurn=3 settlementTurn=4 tick=553
[log] [coop:transport] recv guest t=envelope t=envelope handlers=1
[log] [coop:transport] recv guest t=waveEndState t=waveEndState handlers=1
[log] [coop:durability] operation delivery RETRY key=op:global:118:1833203800481331:50:4:1833203800481331:0:WAVE_ADVANCE:50 attempt=1/8
[log] [coop:transport] send host t=envelope t=envelope
[log] [coop:interaction] interactionCounter() read -> 58 (role=host)
[log] [coop:checksum] capture digest=d16b83d3afed4def field=4 biome=27 seed=coop-soak-20260924 weather=0 terrain=3 money=6590 party=[149,94,143,445,376,248] partyLevels=[65,65,65,65,65,65] arenaTags=1 modifiers=7 heldItemsDigest=0 pokeballs=[0:70,1:10,2:0,3:0,4:0] mons=[bi0:sp149/hp213-213/st0/ab263/form0/tera0:15/boss0:0 bi1:sp94/hp179-179/st0/ab5067/form0/tera0:7/boss0:0 bi2:sp357/hp0-121/st7/ab5058/form0/tera0:11/boss0:0 bi3:sp10432/hp0-120/st7/ab5096/form0/tera0:11/boss0:0]
[log] [coop:interaction] interactionCounter() read -> 58 (role=host)
[log] [coop:owner] ownerOf(counter=58) seat=0 -> owner=host
[log] [coop:owner] isLocalOwnerAtCounter(pinnedCounter=58) parity=0 owner=host role=host -> true
[log] [coop:reward] biome market roles: pinnedStart=58 inMe=false role=host spoof=false pick=OWNER option=ROLL+STREAM continuation=false
[log] [coop:shop] serializeRewardOptions count=16 ids=[LUCKY_EGG,BERRY,ER_GRASS_GEM,ER_GRASSY_SEED,ER_STICKY_BARB,RARE_CANDY,RARER_CANDY,ER_SPIKED_KNUCKLES,WIDE_LENS,ER_COPPER_ROD,FORM_CHANGE_ITEM,FROSTBITE_ORB,ER_LUCKY_HEART,ER_LOADED_DICE,TEMP_STAT_STAGE_BOOSTER,ER_POWER_HERB] tiers=[3,0,1,1,1,0,2,2,2,2,3,2,2,2,0,2]
[log] [coop:relay] SEND rewardOptions seq=58 reroll=777 count=16 ids=[LUCKY_EGG,BERRY,ER_GRASS_GEM,ER_GRASSY_SEED,ER_STICKY_BARB,RARE_CANDY,RARER_CANDY,ER_SPIKED_KNUCKLES,WIDE_LENS,ER_COPPER_ROD,FORM_CHANGE_ITEM,FROSTBITE_ORB,ER_LUCKY_HEART,ER_LOADED_DICE,TEMP_STAT_STAGE_BOOSTER,ER_POWER_HERB]
[log] [coop:transport] send host t=rewardOptions seq=58 reroll=777 options=16
[log] [coop:durability] host operation continuation window REARM key=op:global:118:1833203800481331:50:4:1833203800481331:0:WAVE_ADVANCE:50 surface=sharedInput at=1833203800481331/50/4
[log] [coop:relay] RECV requestRewardOptions key=58:777 -> REPLAY count=16
[log] [coop:transport] send host t=rewardOptions seq=58 reroll=777 options=16
[log] [coop:transport] recv guest t=rewardOptions seq=58 reroll=777 options=16 handlers=1
[log] [coop:transport] recv guest t=rewardOptions seq=58 reroll=777 options=16 handlers=1
[log] [coop:reward] market op INTENT prepared label=biomeShop id=1833203800481331:0:SHOP_BUY:5800000
[log] [coop:shop] serializeRewardOptions count=16 ids=[LUCKY_EGG,BERRY,ER_GRASS_GEM,ER_GRASSY_SEED,ER_STICKY_BARB,RARE_CANDY,RARER_CANDY,ER_SPIKED_KNUCKLES,WIDE_LENS,ER_COPPER_ROD,FORM_CHANGE_ITEM,FROSTBITE_ORB,ER_LUCKY_HEART,ER_LOADED_DICE,TEMP_STAT_STAGE_BOOSTER,ER_POWER_HERB] tiers=[3,0,1,1,1,0,2,2,2,2,3,2,2,2,0,2]
[log] [coop:transport] send host t=envelope t=envelope
[log] [coop:reward] market authoritative RESULT retained rev=119 tick=554 id=1833203800481331:0:SHOP_BUY:5800000
[log] [coop:relay] SEND interactionChoice seq=7000058 kind=biomeShop kind=? choice=-1 data=-
[log] [coop:transport] send host t=interactionChoice seq=7000058 kind=biomeShop choice=-1
[warn] [coop:v2-shadow] FAULT tap(INTERACTION_COMMIT): AuthorityLog.commit: INTERACTION_COMMIT is not authorized by predecessor control after WSHADOW/ADV/w1
[log] [coop:interaction] interactionCounter() read -> 58 (role=host)
[log] [coop:interaction] CoopInteractionTurn.advance INCREMENT (fromCounter=58) counter 58 -> 59
[log] [coop:interaction] advanceInteraction ADVANCED+BROADCAST (fromCounter=58) counter 58 -> 59 role=host; send interaction screen=__turn__ choice=59
[log] [coop:interaction] SEND counter snapshot reason=advance choice=59 role=host
[log] [coop:transport] send host t=interaction screen=__turn__
[log] [coop:owner] ownerOf(counter=59) seat=1 -> owner=guest
[log] [coop:owner] ownerOf(counter=59) seat=1 -> owner=guest
[log] [coop:interaction] interactionCounter() read -> 59 (role=host)
[log] [coop:reward] advance interaction from CONTINUATION commit (role=host from=58 counter 58 -> 59)
[log] [coop:interaction] interactionCounter() read -> 59 (role=host)
[log] [coop:transport] recv guest t=envelope t=envelope handlers=1
[log] [coop:transport] recv guest t=interactionChoice seq=7000058 kind=biomeShop choice=-1 handlers=1
[log] [coop:transport] recv guest t=interaction screen=__turn__ handlers=1
[log] [coop:interaction] RECV interaction broadcast (deferred catch-up net) received=59 localBefore=59 role=host -> no defer (local >= received)
[warn] [coop:interaction] CoopInteractionTurn.mergeRemote DEFER (remote=59, counter=59, pendingRemote=59) live counter UNCHANGED (folds in at next advance if still ahead)
[log] [coop:owner] ownerOf(counter=59) seat=1 -> owner=guest
[log] [coop:owner] ownerOf(counter=59) seat=1 -> owner=guest
[log] [coop:interaction] interactionCounter() read -> 59 (role=host)
[log] [coop:interaction] interactionCounter() read -> 59 (role=guest)
[log] [coop:rendezvous] crossroads boundary barrier RENDEZVOUS xroads:50 (#858)
[log] [coop:rendezvous] ARRIVE point=xroads:50 (send) role=host
[log] [coop:transport] send host t=rendezvous point=xroads:50
[log] [coop:rendezvous] AWAIT point=xroads:50 timeoutMs=2000 -> network-wait role=host
[log] [coop:transport] recv guest t=rendezvous point=xroads:50 handlers=1
[log] [coop:interaction] interactionCounter() read -> 59 (role=host)
[log] [coop:owner] ownerOf(counter=59) seat=1 -> owner=guest
[log] [coop:owner] isLocalOwnerAtCounter(pinnedCounter=59) parity=1 owner=guest role=host -> false
[log] [coop:rendezvous] RECV arrival point=xroads:50 -> deliver-to-waiter role=host
[log] [coop:transport] send host t=rendezvous point=xroads:50
[log] [coop:rendezvous] AWAIT point=xroads:50 RESOLVE both-arrived role=host
[log] [coop:transport] recv guest t=rendezvous point=xroads:50 handlers=1
[log] [coop:interaction] interactionCounter() read -> 59 (role=host)
[log] [coop:owner] ownerOf(counter=59) seat=1 -> owner=guest
[log] [coop:owner] isLocalOwnerAtCounter(pinnedCounter=59) parity=1 owner=guest role=host -> false
[log] [coop:reward] crossroads owner/watcher decision: pinnedStart=59 role=host spoof=false -> WATCHER (#848)
[log] [coop:interaction] uiMirror beginSession role=watcher mode=15 seq=9600059 early=0
[log] [coop:relay] AWAIT interactionChoice seq=9600059 timeoutMs=1200000 expected=[crossroads] -> network-wait
[log] [coop:transport] recv host t=coopAck cls=op:global seq=118 handlers=1
[log] [coop:transport] recv host t=coopAck cls=op:global seq=118 handlers=1
[log] [coop:transport] recv host t=coopAck cls=op:global seq=118 handlers=1
[log] [coop:transport] recv host t=battleCheckpointAck reason=replacement e=1833203800481331 wave=2 turn=2 rev=18 stage=continuationReady checksum=3244f941b6d0ce2f handlers=1
[log] [coop:transport] recv host t=turnCommitAck e=1833203800481331 wave=50 turn=3 rev=552 stage=continuationReady checksum=4345d2ee8d04112c handlers=1
[log] [coop:durability] host RELEASE contiguous acknowledged authority cls=op:global seq=118
[log] [coop:stream] host ACCEPT turn ACK stage=continuationReady key=1833203800481331:50:3:552
[log] [coop:stream] host RELEASE retained turn after continuationReady key=1833203800481331:50:3:552
[log] [coop:interaction] interactionCounter() read -> 59 (role=host)
[log] [coop:interaction] interactionCounter() read -> 59 (role=guest)
[log] [coop-soak:wave-complete] {"seed":20260924,"wave":50,"wavesRequested":55,"wavesCompleted":50,"waveElapsedMs":5305,"elapsedMs":155783,"findings":0,"hostPhase":"ErCrossroadsPhase","guestPhase":"ErCrossroadsPhase"}
[log] [coop:interaction] interactionCounter() read -> 59 (role=host)
[log] [coop:owner] ownerOf(counter=59) seat=1 -> owner=guest
[log] [coop:owner] isLocalOwnerAtCounter(pinnedCounter=59) parity=1 owner=guest role=host -> false
[log] [coop:interaction] uiMirror WATCHER apply n=0 button=1 mode=15
[log] [coop:relay] DELIVER interactionChoice seq=9600059 -> waiter kind=crossroads choice=1 data=-
[log] [coop:relay] AWAIT interactionChoice seq=9600059 RESOLVE kind=crossroads choice=1 data=-
[log] [coop:transport] send host t=envelope t=envelope
[log] [coop:reward] crossroads WATCHER: owner pick received moveOn=true pinnedStart=59 (#848)
[log] [coop:v2-interaction] terminal proof recorded op=1833203800481331:1:CROSSROADS_PICK:9600059 role=host seat=0 duplicate=0 ambient=1
[log] [coop:transport] recv guest t=envelope t=envelope handlers=1
[log] [coop:owner] ownerOf(counter=59) seat=1 -> owner=guest
[log] [coop:owner] isLocalOwnerAtCounter(pinnedCounter=59) parity=1 owner=guest role=host -> false
[log] [coop:owner] ownerOf(counter=59) seat=1 -> owner=guest
[log] [coop:owner] isLocalOwnerAtCounter(pinnedCounter=59) parity=1 owner=guest role=host -> false
[log] [coop:reward] biome pick owner/watcher decision: pinnedStart=59 role=host spoof=false chained=true -> WATCHER (#848)
[log] [coop:interaction] uiMirror beginSession role=watcher mode=54 seq=9700059 early=0
[log] [coop:relay] AWAIT interactionChoice seq=9700059 timeoutMs=1200000 expected=[biomePick] -> network-wait
[log] [coop:interaction] interactionCounter() read -> 59 (role=host)
[log] [coop:owner] ownerOf(counter=59) seat=1 -> owner=guest
[log] [coop:owner] isLocalOwnerAtCounter(pinnedCounter=59) parity=1 owner=guest role=host -> false
[log] [coop:relay] DELIVER interactionChoice seq=9700059 -> waiter kind=biomePick choice=0 data=[29]
[log] [coop:relay] AWAIT interactionChoice seq=9700059 RESOLVE kind=biomePick choice=0 data=[29]
[log] [coop:transport] send host t=envelope t=envelope
[log] [coop:reward] biome pick WATCHER: owner biome=undefined received pinnedStart=59 (#848)
[log] [coop:transport] recv guest t=envelope t=envelope handlers=1
[log] [coop:interaction] interactionCounter() read -> 59 (role=host)
[log] [coop:interaction] CoopInteractionTurn.advance INCREMENT (fromCounter=59) counter 59 -> 60
[log] [coop:interaction] advanceInteraction ADVANCED+BROADCAST (fromCounter=59) counter 59 -> 60 role=host; send interaction screen=__turn__ choice=60
[log] [coop:interaction] SEND counter snapshot reason=advance choice=60 role=host
[log] [coop:transport] send host t=interaction screen=__turn__
[log] [coop:owner] ownerOf(counter=60) seat=0 -> owner=host
[log] [coop:owner] ownerOf(counter=60) seat=0 -> owner=host
[log] [coop:interaction] interactionCounter() read -> 60 (role=host)
[log] [coop:reward] advance interaction from CONTINUATION commit (role=host from=59 counter 59 -> 60)
[log] [coop:interaction] interactionCounter() read -> 60 (role=host)
[log] [coop:v2-interaction] terminal proof recorded op=1833203800481331:1:BIOME_PICK:9700059 role=host seat=0 duplicate=0 ambient=1
[log] [coop:transport] recv guest t=interaction screen=__turn__ handlers=1
[log] [coop:interaction] RECV interaction broadcast (deferred catch-up net) received=60 localBefore=60 role=host -> no defer (local >= received)
[warn] [coop:interaction] CoopInteractionTurn.mergeRemote DEFER (remote=60, counter=60, pendingRemote=60) live counter UNCHANGED (folds in at next advance if still ahead)
[log] [coop:owner] ownerOf(counter=60) seat=0 -> owner=host
[log] [coop:owner] ownerOf(counter=60) seat=0 -> owner=host
[log] [coop:interaction] interactionCounter() read -> 60 (role=host)
[log] %cStart Phase: PartyHealPhase color:green
[log] %cStart Phase: ResetStatusPhase color:green
[log] %cStart Phase: ResetStatusPhase color:green
[log] %cStart Phase: ResetStatusPhase color:green
[log] %cStart Phase: ResetStatusPhase color:green
[log] %cStart Phase: ResetStatusPhase color:green
[log] %cStart Phase: ResetStatusPhase color:green
[log] %cStart Phase: SwitchBiomePhase color:green
[log] %cStart Phase: NewBattlePhase color:green
[log] [coop:turn] host recorder: begin deferred transition turn=1 scope=1833203800481331:51
[log] [coop:v2-control] NewBattlePhase installed committed host biome encounter wave=50->51
[log] %cStart Phase: ReturnPhase color:green
[log] [coop:turn] host recorder: preserve recording scope=1833203800481331:51 turn=1 events=0 seq=0
[log] %cStart Phase: ReturnPhase color:green
[log] [coop:turn] host recorder: preserve recording scope=1833203800481331:51 turn=1 events=0 seq=0
[log] %cStart Phase: ShowTrainerPhase color:green
[log] %cStart Phase: NewBiomeEncounterPhase color:green
[log] [coop:turn] host recorder: append turn=1 seq=0 k=terrain total=1 live=true
[log] [coop:turn] host recorder: append turn=1 seq=1 k=message total=2 live=true
[log] [coop:interaction] interactionCounter() read -> 60 (role=host)
[log] [coop:replay] host SEND enemyPartySync wave=51 count=2 meType=-1 battleType=0 entryPresentation=-
[log] [coop:transport] send host t=enemyPartySync wave=51 enemies=2 battleType=0
[log] [coop:turn] host recorder: preserve recording scope=1833203800481331:51 turn=1 events=2 seq=2
[log] [coop:transport] recv guest t=enemyPartySync wave=51 enemies=2 battleType=0 handlers=1
[log] %cStart Phase: CommonAnimPhase color:green
[log] %cStart Phase: MessagePhase color:green
[log] %cStart Phase: LevelCapPhase color:green
[log] %cStart Phase: SummonPhase color:green
[log] [coop:turn] host recorder: preserve recording scope=1833203800481331:51 turn=1 events=2 seq=2
[log] %cStart Phase: ToggleDoublePositionPhase color:green
[log] %cStart Phase: SummonPhase color:green
[log] [coop:turn] host recorder: preserve recording scope=1833203800481331:51 turn=1 events=2 seq=2
[log] %cStart Phase: CheckSwitchPhase color:green
[log] %cStart Phase: CheckSwitchPhase color:green
[log] %cStart Phase: InitEncounterPhase color:green
[log] [coop:turn] host recorder: preserve recording scope=1833203800481331:51 turn=1 events=2 seq=2
[log] %cStart Phase: PostSummonPhase color:green
[log] %cStart Phase: PostSummonPhase color:green
[log] %cStart Phase: ShowAbilityPhase color:green
[log] [coop:turn] host recorder: append turn=1 seq=2 k=showAbility total=3 live=true
[log] %cStart Phase: StatStageChangePhase color:green
[log] %cStart Phase: StatStageChangePhase color:green
[log] %cStart Phase: HideAbilityPhase color:green
[log] [coop:turn] host recorder: append turn=1 seq=3 k=hideAbility total=4 live=true
[log] %cStart Phase: PostSummonPhase color:green
[log] %cStart Phase: PostSummonPhase color:green
[log] %cStart Phase: PostSummonPhase color:green
[log] %cStart Phase: ShowAbilityPhase color:green
[log] [coop:turn] host recorder: append turn=1 seq=4 k=showAbility total=5 live=true
[log] %cStart Phase: MovePhase color:green
[log] [coop:turn] host recorder: append turn=1 seq=5 k=moveUsed total=6 live=true
[log] %cStart Phase: MessagePhase color:green
[log] %cStart Phase: MoveEffectPhase color:green
[log] [coop:turn] host recorder: append turn=1 seq=6 k=message total=7 live=true
[log] %cStart Phase: MoveAnimPhase color:green
[log] %cStart Phase: MessagePhase color:green
[log] %cStart Phase: MoveEndPhase color:green
[log] %cStart Phase: HideAbilityPhase color:green
[log] [coop:turn] host recorder: append turn=1 seq=7 k=hideAbility total=8 live=true
[log] %cStart Phase: ShowAbilityPhase color:green
[log] [coop:turn] host recorder: append turn=1 seq=8 k=showAbility total=9 live=true
[log] %cStart Phase: HideAbilityPhase color:green
[log] [coop:turn] host recorder: append turn=1 seq=9 k=hideAbility total=10 live=true
[log] %cStart Phase: PostSummonPhase color:green
[log] %cStart Phase: TurnInitPhase color:green
[log] [coop:replay] host SEND enemyPartySync wave=51 count=2 meType=-1 battleType=0 entryPresentation=10
[log] [coop:transport] send host t=enemyPartySync wave=51 enemies=2 battleType=0
[log] [coop:replay] host RE-BROADCAST wave-start authority wave=51 after post-summon boundary stateChanged=true presentation=10 (#920)
[log] [coop:rendezvous] next-command barrier ARRIVE+AWAIT cmd:51:1 slot=0
[log] [coop:rendezvous] ARRIVE point=cmd:51:1 (send) role=host
[log] [coop:transport] send host t=rendezvous point=cmd:51:1
[log] [coop:rendezvous] AWAIT point=cmd:51:1 timeoutMs=2000 -> network-wait role=host
[log] [coop:transport] recv guest t=enemyPartySync wave=51 enemies=2 battleType=0 handlers=1
[log] [coop:transport] recv guest t=rendezvous point=cmd:51:1 handlers=1
[log] [coop:rendezvous] RECV arrival point=cmd:51:1 -> deliver-to-waiter role=host
[log] [coop:transport] send host t=rendezvous point=cmd:51:1
[log] [coop:rendezvous] AWAIT point=cmd:51:1 RESOLVE both-arrived role=host
[log] [coop:durability] host RELEASE contiguous acknowledged authority cls=op:global seq=119
[log] [coop:durability] host RELEASE contiguous acknowledged authority cls=op:global seq=120
[log] [coop:durability] host RELEASE contiguous acknowledged authority cls=op:global seq=121
[log] [coop:transport] recv guest t=rendezvous point=cmd:51:1 handlers=1
[log] [coop:transport] send host t=enemyPartySync wave=51 enemies=2 battleType=0
[log] [coop:replay] host RE-BROADCAST wave-start authority wave=51 after post-summon boundary stateChanged=false presentation=10 (#920)
[log] [coop:transport] recv guest t=enemyPartySync wave=51 enemies=2 battleType=0 handlers=1
[log] [coop-soak:wave-start] {"seed":20260924,"wave":51,"wavesRequested":55,"wavesCompleted":50,"elapsedMs":157533,"hostPhase":"CommandPhase","guestPhase":"CommandPhase"}
[log] [coop:interaction] interactionCounter() read -> 60 (role=host)
[log] [coop:interaction] interactionCounter() read -> 60 (role=guest)
[log] [coop:interaction] interactionCounter() read -> 60 (role=host)
[log] [coop:checksum] capture digest=9123bd74dde2e096 field=4 biome=29 seed=coop-soak-20260924 weather=0 terrain=1 money=6590 party=[149,94,143,445,376,248] partyLevels=[65,65,65,65,65,65] arenaTags=0 modifiers=7 heldItemsDigest=0 pokeballs=[0:70,1:10,2:0,3:0,4:0] mons=[bi0:sp149/hp213-213/st0/ab263/form0/tera0:15/boss0:0 bi1:sp94/hp179-179/st0/ab5067/form0/tera0:7/boss0:0 bi2:sp177/hp85-85/st0/ab5043/form0/tera0:2/boss0:0 bi3:sp622/hp89-89/st0/ab231/form0/tera0:7/boss0:0]
[log] [coop:interaction] interactionCounter() read -> 60 (role=host)
[log] %cStart Phase: SelectTargetPhase color:green
[log] [coop:owner] broadcast own-slot fi=0 turn=1 role=host cmd=0
[log] [coop:relay] broadcastLocalCommand SEND fieldIndex=0 owner=host turn=1 command=0 cursor=1 moveId=247 targets=[2]
[log] [coop:transport] send host t=command fi=0 owner=host turn=1 cmd=0 cursor=1 move=247
[log] [coop:transport] recv guest t=command fi=0 owner=host turn=1 cmd=0 cursor=1 move=247 handlers=1
[log] [coop:relay] recv command fieldIndex=0 turn=1 command=0 -> BUFFERED (no awaiter yet)
[log] %cStart Phase: CommandPhase color:green
[log] [coop:transport] send host t=enemyPartySync wave=51 enemies=2 battleType=0
[log] [coop:replay] host RE-BROADCAST wave-start authority wave=51 after post-summon boundary stateChanged=false presentation=10 (#920)
[log] [coop:battle] CommandPhase slot=1 turn=1 owner=guest role=host -> partner path
[log] [coop:relay] host requestPartnerCommand SEND fieldIndex=1 turn=1 moveSlots=[0,1,2,3] (awaiting peer)
[log] [coop:transport] send host t=commandRequest fi=1 owner=guest turn=1 slots=4
[log] [coop:transport] recv guest t=enemyPartySync wave=51 enemies=2 battleType=0 handlers=1
[log] [coop:transport] recv guest t=commandRequest fi=1 owner=guest turn=1 slots=4 handlers=1
[log] [coop:relay] peer recv commandRequest fieldIndex=1 owner=guest turn=1 moveSlots=[0,1,2,3] -> reply command=2 cursor=3 moveId=-
[log] [coop:transport] send guest t=command fi=1 owner=guest turn=1 cmd=2 cursor=3 move=-
[log] [coop:transport] recv host t=command fi=1 owner=guest turn=1 cmd=2 cursor=3 move=- handlers=1
[log] [coop:relay] recv command fieldIndex=1 turn=1 command=2 -> resolved awaiting request
[log] %cStart Phase: EnemyCommandPhase color:green
[log] %cStart Phase: EnemyCommandPhase color:green
[log] %cStart Phase: TurnStartPhase color:green
[log] [coop-diag] turn-start authoritative guard mode=authoritative role=host turn=1 diverts=false
[log] [coop:turn] host recorder: preserve recording scope=1833203800481331:51 turn=1 events=15 seq=15
[log] %cStart Phase: SwitchSummonPhase color:green
[log] [coop:turn] host recorder: preserve recording scope=1833203800481331:51 turn=1 events=15 seq=15
[log] [coop:turn] host recorder: append turn=1 seq=15 k=switch total=16 live=true
[log] %cStart Phase: PostSummonPhase color:green
[log] %cStart Phase: MovePhase color:green
[log] [coop:turn] host recorder: append turn=1 seq=16 k=moveUsed total=17 live=true
[log] %cStart Phase: MessagePhase color:green
[log] %cStart Phase: MoveEffectPhase color:green
[log] [coop:turn] host recorder: append turn=1 seq=17 k=moveAnim total=18 live=true
[log] [coop:turn] host recorder: append turn=1 seq=18 k=message total=19 live=true
[log] %cStart Phase: MessagePhase color:green
[log] %cStart Phase: MoveEndPhase color:green
[log] %cStart Phase: MovePhase color:green
[log] [coop:turn] host recorder: append turn=1 seq=19 k=moveUsed total=20 live=true
[log] %cStart Phase: MessagePhase color:green
[log] %cStart Phase: MoveEffectPhase color:green
[log] [coop:turn] host recorder: append turn=1 seq=20 k=moveAnim total=21 live=true
[log] [coop:turn] host recorder: append turn=1 seq=21 k=hp total=22 live=true
[log] [coop:turn] host recorder: append turn=1 seq=22 k=faint total=23 live=true
[log] [coop:turn] host recorder: append turn=1 seq=23 k=message total=24 live=true
[log] %cStart Phase: DamageAnimPhase color:green
[log] %cStart Phase: MessagePhase color:green
[log] %cStart Phase: FaintPhase color:green
[log] %cStart Phase: MessagePhase color:green
[log] %cStart Phase: VictoryPhase color:green
[log] [coop:progression] HOST applyPartyExp COMPUTE wave=51 expValue=391.4 koMon=Golett
[log] %cStart Phase: MoveEndPhase color:green
[log] %cStart Phase: MovePhase color:green
[log] %cStart Phase: MoveEndPhase color:green
[log] %cStart Phase: CheckInterludePhase color:green
[log] %cStart Phase: WeatherEffectPhase color:green
[log] %cStart Phase: PositionalTagPhase color:green
[log] %cStart Phase: BerryPhase color:green
[log] %cStart Phase: CheckStatusEffectPhase color:green
[log] %cStart Phase: TurnEndPhase color:green
[log] %cStart Phase: CoopTurnCommitPhase color:green
[log] [coop:turn] host recorder: finalize turn=1 events=24 seq=24
[log] [coop:checkpoint] build field=4 weather=0/0 terrain=1/0 arenaTags=0 money=6590 mons=[bi0:sp149/hp213-213/st0/fnt0 bi1:sp445/hp235-235/st0/fnt0 bi2:sp622/hp0-89/st7/fnt1 bi3:sp177/hp85-85/st0/fnt0]
[log] [coop:checkpoint] host capture field=4 weather=0 terrain=1 money=6590 arenaTags=0 mons=[bi0:sp149/hp213-213/st0/fnt0 bi1:sp445/hp235-235/st0/fnt0 bi2:sp622/hp0-89/st7/fnt1 bi3:sp177/hp85-85/st0/fnt0]
[log] [coop:interaction] interactionCounter() read -> 60 (role=host)
[log] [coop:replay] host SEND turnResolution e=1833203800481331 wave=51 turn=1 rev=563 events=24 checksum=535fbe87181ae91d
[log] [coop:transport] send host t=turnResolution e=1833203800481331 wave=51 turn=1 rev=563 events=24 checksum=535fbe87181ae91d
[warn] [coop:v2-shadow] FAULT tap(TURN_COMMIT): AuthorityLog.commit: TURN_COMMIT is not authorized by predecessor control after WSHADOW/ADV/w1
[log] [coop:transport] recv guest t=turnResolution e=1833203800481331 wave=51 turn=1 rev=563 events=24 checksum=535fbe87181ae91d handlers=1
[log] [38;2;255;127;80mPhaseInterceptor.to: Stopping on completion of CoopTurnCommitPhase[39m
[log] %cStart Phase: TurnInitPhase color:green
[log] [coop:rendezvous] ARRIVE point=cmd:51:2 (send) role=host
[log] [coop:transport] send host t=rendezvous point=cmd:51:2
[log] [coop:rendezvous] next-command barrier cmd:51:2 SYNC pass (partner already arrived)
[log] [coop:transport] recv guest t=rendezvous point=cmd:51:2 handlers=1
[log] [coop:stream] host ACCEPT turn ACK stage=continuationReady key=1833203800481331:51:1:563
[log] [coop:stream] host RELEASE retained turn after continuationReady key=1833203800481331:51:1:563
[log] %cStart Phase: SelectTargetPhase color:green
[log] [coop:owner] broadcast own-slot fi=0 turn=2 role=host cmd=0
[log] [coop:relay] broadcastLocalCommand SEND fieldIndex=0 owner=host turn=2 command=0 cursor=1 moveId=247 targets=[3]
[log] [coop:transport] send host t=command fi=0 owner=host turn=2 cmd=0 cursor=1 move=247
[log] [coop:transport] recv guest t=command fi=0 owner=host turn=2 cmd=0 cursor=1 move=247 handlers=1
[log] [coop:relay] recv command fieldIndex=0 turn=2 command=0 -> BUFFERED (no awaiter yet)
[log] %cStart Phase: CommandPhase color:green
[log] [coop:battle] CommandPhase slot=1 turn=2 owner=guest role=host -> partner path
[log] [coop:relay] host requestPartnerCommand SEND fieldIndex=1 turn=2 moveSlots=[0,1,2,3] (awaiting peer)
[log] [coop:transport] send host t=commandRequest fi=1 owner=guest turn=2 slots=4
[log] [coop:transport] recv guest t=commandRequest fi=1 owner=guest turn=2 slots=4 handlers=1
[log] [coop:relay] peer recv commandRequest fieldIndex=1 owner=guest turn=2 moveSlots=[0,1,2,3] -> reply command=0 cursor=3 moveId=85
[log] [coop:transport] send guest t=command fi=1 owner=guest turn=2 cmd=0 cursor=3 move=85
[log] [coop:transport] recv host t=command fi=1 owner=guest turn=2 cmd=0 cursor=3 move=85 handlers=1
[log] [coop:relay] recv command fieldIndex=1 turn=2 command=0 -> resolved awaiting request
[log] [coop:ai] applyWiredPartnerCommand partner=445 wiredMoveId=85 cursor=3 -> moveId=85 moveIndex=3 tera=false targets=[3] targetsFrom=wire-verbatim useMode=1
[log] %cStart Phase: EnemyCommandPhase color:green
[log] %cStart Phase: TurnStartPhase color:green
[log] [coop-diag] turn-start authoritative guard mode=authoritative role=host turn=2 diverts=false
[log] [coop:turn] host recorder: begin turn=2 scope=1833203800481331:51 (no prior open recording)
[log] %cStart Phase: MovePhase color:green
[log] [coop:turn] host recorder: append turn=2 seq=0 k=moveUsed total=1 live=true
[log] %cStart Phase: MessagePhase color:green
[log] %cStart Phase: MoveEffectPhase color:green
[log] [coop:turn] host recorder: append turn=2 seq=1 k=moveAnim total=2 live=true
[log] %cStart Phase: MoveEndPhase color:green
[log] %cStart Phase: MovePhase color:green
[log] [coop:turn] host recorder: append turn=2 seq=2 k=moveUsed total=3 live=true
[log] %cStart Phase: MessagePhase color:green
[log] %cStart Phase: MoveEffectPhase color:green
[log] [coop:turn] host recorder: append turn=2 seq=3 k=moveAnim total=4 live=true
[log] [coop:turn] host recorder: append turn=2 seq=4 k=hp total=5 live=true
[log] [coop:turn] host recorder: append turn=2 seq=5 k=message total=6 live=true
[log] %cStart Phase: ShowAbilityPhase color:green
[log] [coop:turn] host recorder: append turn=2 seq=6 k=showAbility total=7 live=true
[log] %cStart Phase: HideAbilityPhase color:green
[log] [coop:turn] host recorder: append turn=2 seq=7 k=hideAbility total=8 live=true
[log] %cStart Phase: DamageAnimPhase color:green
[log] %cStart Phase: MessagePhase color:green
[log] %cStart Phase: MoveEndPhase color:green
[log] %cStart Phase: MovePhase color:green
[log] [coop:turn] host recorder: append turn=2 seq=8 k=moveUsed total=9 live=true
[log] %cStart Phase: MessagePhase color:green
[log] %cStart Phase: MoveEffectPhase color:green
[log] [coop:turn] host recorder: append turn=2 seq=9 k=moveAnim total=10 live=true
[log] [coop:turn] host recorder: append turn=2 seq=10 k=hp total=11 live=true
[log] [coop:turn] host recorder: append turn=2 seq=11 k=faint total=12 live=true
[log] [coop:turn] host recorder: append turn=2 seq=12 k=message total=13 live=true
[log] %cStart Phase: ShowAbilityPhase color:green
[log] [coop:turn] host recorder: append turn=2 seq=13 k=showAbility total=14 live=true
[log] %cStart Phase: HideAbilityPhase color:green
[log] [coop:turn] host recorder: append turn=2 seq=14 k=hideAbility total=15 live=true
[log] %cStart Phase: DamageAnimPhase color:green
[log] %cStart Phase: MessagePhase color:green
[log] %cStart Phase: FaintPhase color:green
[log] %cStart Phase: MessagePhase color:green
[log] %cStart Phase: VictoryPhase color:green
[log] [coop:progression] HOST applyPartyExp COMPUTE wave=51 expValue=461.8 koMon=Natu
[warn] [coop:v2-shadow] FAULT tap(WAVE_ADVANCE): AuthorityLog.commit: WAVE_ADVANCE is not authorized by predecessor control after WSHADOW/ADV/w1
[log] [coop:runtime] defer raw waveResolved wave=51 outcome=win until its material turnResolution is retained
[log] [coop-diag] VictoryPhase win-branch role=host battleType=WILD queuesTrainerVictory=false queuesSelectModifier=true wave=51
[log] [coop-diag] VictoryTail role=host wave=51 source=legacy-local trainer=false egg=true biomeShop=false biomeChange=false crossroads=false nextWave=52
[log] %cStart Phase: MoveEndPhase color:green
[log] %cStart Phase: CheckInterludePhase color:green
[log] %cStart Phase: WeatherEffectPhase color:green
[log] %cStart Phase: PositionalTagPhase color:green
[log] %cStart Phase: BerryPhase color:green
[log] %cStart Phase: CheckStatusEffectPhase color:green
[log] %cStart Phase: TurnEndPhase color:green
[log] %cStart Phase: CoopTurnCommitPhase color:green
[log] [coop:turn] host recorder: finalize turn=2 events=15 seq=15
[log] [coop:checkpoint] build field=4 weather=0/0 terrain=1/0 arenaTags=0 money=6590 mons=[bi0:sp149/hp213-213/st0/fnt0 bi1:sp445/hp235-235/st0/fnt0 bi2:sp622/hp0-89/st7/fnt1 bi3:sp177/hp0-85/st7/fnt1]
[log] [coop:checkpoint] host capture field=4 weather=0 terrain=1 money=6590 arenaTags=0 mons=[bi0:sp149/hp213-213/st0/fnt0 bi1:sp445/hp235-235/st0/fnt0 bi2:sp622/hp0-89/st7/fnt1 bi3:sp177/hp0-85/st7/fnt1]
[log] [coop:interaction] interactionCounter() read -> 60 (role=host)
[log] [coop:replay] host SEND turnResolution e=1833203800481331 wave=51 turn=2 rev=566 events=15 checksum=8a40aded487cda03
[log] [coop:transport] send host t=turnResolution e=1833203800481331 wave=51 turn=2 rev=566 events=15 checksum=8a40aded487cda03
[warn] [coop:v2-shadow] FAULT tap(TURN_COMMIT): AuthorityLog.commit: TURN_COMMIT is not authorized by predecessor control after WSHADOW/ADV/w1
[log] [coop:runtime] send waveResolved wave=51 outcome=win (host)
[log] [coop:replay] host SEND waveResolved wave=51 outcome=win transition=WAVE_VICTORY/next52/biome0/egg1/wild
[log] [coop:transport] send host t=waveResolved wave=51 outcome=win captureParty=- cap=-
[log] [coop:transport] recv guest t=turnResolution e=1833203800481331 wave=51 turn=2 rev=566 events=15 checksum=8a40aded487cda03 handlers=1
[log] [coop:transport] recv guest t=waveResolved wave=51 outcome=win captureParty=- cap=- handlers=1
[log] [38;2;255;127;80mPhaseInterceptor.to: Stopping on completion of CoopTurnCommitPhase[39m
[log] %cStart Phase: BattleEndPhase color:green
[log] [coop:progression] HOST automatic victory settlement deferred wave=51 sourceTurn=2 settlementTurn=3
[log] %cStart Phase: EggLapsePhase color:green
[log] %cStart Phase: CoopVictorySealPhase color:green
[log] [coop:transport] send host t=envelope t=envelope
[log] [coop:runtime] wave-advance op HOST commit wave=51 outcome=win next=WAVE_VICTORY rev=122 id=1833203800481331:0:WAVE_ADVANCE:51 (Wave-2f)
[log] [coop:runtime] settled WAVE_ADVANCE committed wave=51 tick=567 next=WAVE_VICTORY/wave52
[log] [coop:runtime] send waveEndState wave=51 tick=567 (host)
[log] [coop:replay] host SEND waveEndState wave=51 tick=567 party=6
[log] [coop:transport] send host t=waveEndState t=waveEndState
[log] [coop:progression] HOST automatic victory settlement sealed wave=51 sourceTurn=2 settlementTurn=3 tick=567
[log] [coop:transport] recv guest t=envelope t=envelope handlers=1
[log] [coop:transport] recv guest t=waveEndState t=waveEndState handlers=1
[log] [coop:interaction] interactionCounter() read -> 60 (role=host)
[log] [coop:owner] ownerOf(counter=60) seat=0 -> owner=host
[log] [coop:owner] isLocalOwnerAtCounter(pinnedCounter=60) parity=0 owner=host role=host -> true
[log] [coop:interaction] interactionCounter() read -> 60 (role=host)
[log] [coop:reward] owner/watcher decision: pinnedStart=60 liveCounter=60 parity=0 role=host pick=OWNER option=ROLL spoof=false
[log] [coop:shop] serializeRewardOptions count=4 ids=[MASTER_BALL,TM_CASE,MEMORY_MUSHROOM,ER_ABILITY_CAPSULE] tiers=[4,0,1,1]
[log] [coop:reward] OWNER streams reward options (start=60 reroll=0 count=4 ids=[MASTER_BALL,TM_CASE,MEMORY_MUSHROOM,ER_ABILITY_CAPSULE])
[log] [coop:relay] SEND rewardOptions seq=60 reroll=0 count=4 ids=[MASTER_BALL,TM_CASE,MEMORY_MUSHROOM,ER_ABILITY_CAPSULE]
[log] [coop:transport] send host t=rewardOptions seq=60 reroll=0 options=4
[log] [coop:rendezvous] ARRIVE point=shop:51:60 (send) role=host
[log] [coop:transport] send host t=rendezvous point=shop:51:60
[log] [coop:reward] OWNER drives reward screen (start=60 role=host spoof=false adoptsOptions=false wave=51)
[log] [coop:rendezvous] shop-pick-commit barrier AWAIT shop:51:60
[log] [coop:rendezvous] AWAIT point=shop:51:60 timeoutMs=2000 -> network-wait role=host
[log] [coop:transport] recv guest t=rewardOptions seq=60 reroll=0 options=4 handlers=1
[log] [coop:transport] recv guest t=rendezvous point=shop:51:60 handlers=1
[log] [coop:interaction] interactionCounter() read -> 60 (role=host)
[log] [coop:checksum] capture digest=56e7d68b09fd7501 field=4 biome=29 seed=coop-soak-20260924 weather=0 terrain=1 money=6590 party=[149,445,143,94,376,248] partyLevels=[65,65,65,65,65,65] arenaTags=0 modifiers=7 heldItemsDigest=0 pokeballs=[0:70,1:10,2:0,3:0,4:0] mons=[bi0:sp149/hp213-213/st0/ab263/form0/tera0:15/boss0:0 bi1:sp445/hp235-235/st0/ab8/form0/tera0:15/boss0:0 bi2:sp622/hp0-89/st7/ab231/form0/tera0:7/boss0:0 bi3:sp177/hp0-85/st7/ab5043/form0/tera0:2/boss0:0]
[log] [coop:durability] operation delivery RETRY key=op:global:122:1833203800481331:51:3:1833203800481331:0:WAVE_ADVANCE:51 attempt=1/8
[log] [coop:transport] send host t=envelope t=envelope
[log] [coop:rendezvous] RECV arrival point=shop:51:60 -> deliver-to-waiter role=host
[log] [coop:transport] send host t=rendezvous point=shop:51:60
[log] [coop:rendezvous] AWAIT point=shop:51:60 RESOLVE both-arrived role=host
[log] [coop:stream] host ACCEPT turn ACK stage=continuationReady key=1833203800481331:51:2:566
[log] [coop:stream] host RELEASE retained turn after continuationReady key=1833203800481331:51:2:566
[log] [coop:durability] host RELEASE contiguous acknowledged authority cls=op:global seq=122
[warn] [coop:durability] DROP skipped/regressed operation ACK key=op:global:122:1833203800481331:51:3:1833203800481331:0:WAVE_ADVANCE:51 stage=materialApplied
[warn] [coop:durability] DROP skipped/regressed operation ACK key=op:global:122:1833203800481331:51:3:1833203800481331:0:WAVE_ADVANCE:51 stage=presentationReady
[log] [coop:transport] recv guest t=rendezvous point=shop:51:60 handlers=1
[log] [coop:interaction] mirror begin role=owner mirrorSeq=3840 interactionStart=60 reroll=0
[log] [coop:interaction] uiMirror beginSession role=owner mode=6 seq=3840 early=0
[log] [coop:owner] ownerOf(counter=60) seat=0 -> owner=host
[log] [coop:owner] isLocalOwnerAtCounter(pinnedCounter=60) parity=0 owner=host role=host -> true
[log] [coop:owner] ownerOf(counter=60) seat=0 -> owner=host
[log] [coop:owner] isLocalOwnerAtCounter(pinnedCounter=60) parity=0 owner=host role=host -> true
[log] [coop:relay] OWNER prepare seq=60 kind=reward choice=0 data=[0] role=host
[log] [coop:reward] reward op INTENT prepared label=reward id=1833203800481331:0:REWARD:6000000
[log] [coop:relay] OWNER send raw seq=60 kind=reward choice=0 role=host
[log] [coop:relay] SEND interactionChoice seq=60 kind=reward kind=? choice=0 data=[0]
[log] [coop:transport] send host t=interactionChoice seq=60 kind=reward choice=0
[warn] [coop:v2-shadow] FAULT tap(INTERACTION_COMMIT): AuthorityLog.commit: INTERACTION_COMMIT is not authorized by predecessor control after WSHADOW/ADV/w1
[log] [coop:reward] APPLY_RESULT pin=60 side=owner type=MASTER_BALL class=AddPokeballModifier pregen=[] holderSlot=-1 holderId=-1 stack=-1 accepted=true cost=-1
[log] [coop:shop] serializeRewardOptions count=4 ids=[MASTER_BALL,TM_CASE,MEMORY_MUSHROOM,ER_ABILITY_CAPSULE] tiers=[4,0,1,1]
[log] [coop:transport] send host t=envelope t=envelope
[log] [coop:reward] reward authoritative RESULT retained rev=123 tick=568 id=1833203800481331:0:REWARD:6000000
[log] [coop:interaction] interactionCounter() read -> 60 (role=host)
[log] [coop:interaction] CoopInteractionTurn.advance INCREMENT (fromCounter=60) counter 60 -> 61
[log] [coop:interaction] advanceInteraction ADVANCED+BROADCAST (fromCounter=60) counter 60 -> 61 role=host; send interaction screen=__turn__ choice=61
[log] [coop:interaction] SEND counter snapshot reason=advance choice=61 role=host
[log] [coop:transport] send host t=interaction screen=__turn__
[log] [coop:owner] ownerOf(counter=61) seat=1 -> owner=guest
[log] [coop:owner] ownerOf(counter=61) seat=1 -> owner=guest
[log] [coop:interaction] interactionCounter() read -> 61 (role=host)
[log] [coop:reward] advance interaction (role=host from=60 counter 60 -> 61)
[log] [coop:transport] recv guest t=interactionChoice seq=60 kind=reward choice=0 handlers=1
[log] [coop:transport] recv guest t=envelope t=envelope handlers=1
[log] [coop:transport] recv guest t=interaction screen=__turn__ handlers=1
[log] [coop:interaction] RECV interaction broadcast (deferred catch-up net) received=61 localBefore=61 role=host -> no defer (local >= received)
[warn] [coop:interaction] CoopInteractionTurn.mergeRemote DEFER (remote=61, counter=61, pendingRemote=61) live counter UNCHANGED (folds in at next advance if still ahead)
[log] [coop:owner] ownerOf(counter=61) seat=1 -> owner=guest
[log] [coop:owner] ownerOf(counter=61) seat=1 -> owner=guest
[log] %cStart Phase: NewBattlePhase color:green
[log] [coop:turn] host recorder: begin deferred transition turn=1 scope=1833203800481331:52
[log] %cStart Phase: CoopPartnerSyncPhase color:green
[log] [coop:interaction] interactionCounter() read -> 61 (role=host)
[log] %cStart Phase: NextEncounterPhase color:green
[log] [coop:interaction] interactionCounter() read -> 61 (role=host)
[log] [coop:replay] host SEND enemyPartySync wave=52 count=2 meType=-1 battleType=0 entryPresentation=-
[log] [coop:transport] send host t=enemyPartySync wave=52 enemies=2 battleType=0
[log] [coop:turn] host recorder: preserve recording scope=1833203800481331:52 turn=1 events=0 seq=0
[log] [coop:transport] recv guest t=enemyPartySync wave=52 enemies=2 battleType=0 handlers=1
[log] %cStart Phase: ToggleDoublePositionPhase color:green
[log] %cStart Phase: CheckSwitchPhase color:green
[log] %cStart Phase: CheckSwitchPhase color:green
[log] %cStart Phase: InitEncounterPhase color:green
[log] [coop:turn] host recorder: preserve recording scope=1833203800481331:52 turn=1 events=0 seq=0
[log] %cStart Phase: PostSummonPhase color:green
[log] %cStart Phase: PostSummonPhase color:green
[log] %cStart Phase: TurnInitPhase color:green
[log] [coop:replay] host SEND enemyPartySync wave=52 count=2 meType=-1 battleType=0 entryPresentation=0
[log] [coop:transport] send host t=enemyPartySync wave=52 enemies=2 battleType=0
[log] [coop:replay] host RE-BROADCAST wave-start authority wave=52 after post-summon boundary stateChanged=false presentation=0 (#920)
[log] [coop:rendezvous] next-command barrier ARRIVE+AWAIT cmd:52:1 slot=0
[log] [coop:rendezvous] ARRIVE point=cmd:52:1 (send) role=host
[log] [coop:transport] send host t=rendezvous point=cmd:52:1
[log] [coop:rendezvous] AWAIT point=cmd:52:1 timeoutMs=2000 -> network-wait role=host
[log] [coop:transport] recv guest t=enemyPartySync wave=52 enemies=2 battleType=0 handlers=1
[log] [coop:transport] recv guest t=rendezvous point=cmd:52:1 handlers=1
[log] [coop:rendezvous] RECV arrival point=cmd:52:1 -> deliver-to-waiter role=host
[log] [coop:transport] send host t=rendezvous point=cmd:52:1
[log] [coop:rendezvous] AWAIT point=cmd:52:1 RESOLVE both-arrived role=host
[log] [coop:durability] host RELEASE contiguous acknowledged authority cls=op:global seq=123
[log] [coop:transport] recv guest t=rendezvous point=cmd:52:1 handlers=1
[log] [coop:transport] send host t=enemyPartySync wave=52 enemies=2 battleType=0
[log] [coop:replay] host RE-BROADCAST wave-start authority wave=52 after post-summon boundary stateChanged=false presentation=0 (#920)
[log] [coop:transport] recv guest t=enemyPartySync wave=52 enemies=2 battleType=0 handlers=1
[log] [coop:interaction] interactionCounter() read -> 61 (role=host)
[log] [coop:checksum] capture digest=577fa1398b9bf43e field=4 biome=29 seed=coop-soak-20260924 weather=0 terrain=1 money=6590 party=[149,445,143,94,376,248] partyLevels=[65,65,65,65,65,65] arenaTags=0 modifiers=7 heldItemsDigest=0 pokeballs=[0:70,1:10,2:0,3:0,4:1] mons=[bi0:sp149/hp213-213/st0/ab263/form0/tera0:15/boss0:0 bi1:sp445/hp235-235/st0/ab8/form0/tera0:15/boss0:0 bi2:sp451/hp102-102/st0/ab5078/form0/tera0:6/boss0:0 bi3:sp608/hp90-90/st0/ab5331/form0/tera0:9/boss0:0]
[log] [coop:interaction] interactionCounter() read -> 61 (role=host)
[log] %cStart Phase: SelectTargetPhase color:green
[log] [coop:owner] broadcast own-slot fi=0 turn=1 role=host cmd=0
[log] [coop:relay] broadcastLocalCommand SEND fieldIndex=0 owner=host turn=1 command=0 cursor=2 moveId=53 targets=[2]
[log] [coop:transport] send host t=command fi=0 owner=host turn=1 cmd=0 cursor=2 move=53
[log] [coop:transport] recv guest t=command fi=0 owner=host turn=1 cmd=0 cursor=2 move=53 handlers=1
[log] [coop:relay] recv command fieldIndex=0 turn=1 command=0 -> BUFFERED (no awaiter yet)
[log] %cStart Phase: CommandPhase color:green
[log] [coop:transport] send host t=enemyPartySync wave=52 enemies=2 battleType=0
[log] [coop:replay] host RE-BROADCAST wave-start authority wave=52 after post-summon boundary stateChanged=false presentation=0 (#920)
[log] [coop:battle] CommandPhase slot=1 turn=1 owner=guest role=host -> partner path
[log] [coop:relay] host requestPartnerCommand SEND fieldIndex=1 turn=1 moveSlots=[0,1,2,3] (awaiting peer)
[log] [coop:transport] send host t=commandRequest fi=1 owner=guest turn=1 slots=4
[log] [coop:transport] recv guest t=enemyPartySync wave=52 enemies=2 battleType=0 handlers=1
[log] [coop:transport] recv guest t=commandRequest fi=1 owner=guest turn=1 slots=4 handlers=1
[log] [coop:relay] peer recv commandRequest fieldIndex=1 owner=guest turn=1 moveSlots=[0,1,2,3] -> reply command=0 cursor=2 moveId=53
[log] [coop:transport] send guest t=command fi=1 owner=guest turn=1 cmd=0 cursor=2 move=53
[log] [coop:transport] recv host t=command fi=1 owner=guest turn=1 cmd=0 cursor=2 move=53 handlers=1
[log] [coop:relay] recv command fieldIndex=1 turn=1 command=0 -> resolved awaiting request
[log] [coop:ai] applyWiredPartnerCommand partner=445 wiredMoveId=53 cursor=2 -> moveId=53 moveIndex=2 tera=false targets=[3] targetsFrom=wire-verbatim useMode=1
[log] %cStart Phase: EnemyCommandPhase color:green
[log] %cStart Phase: EnemyCommandPhase color:green
[log] %cStart Phase: TurnStartPhase color:green
[log] [coop-diag] turn-start authoritative guard mode=authoritative role=host turn=1 diverts=false
[log] [coop:turn] host recorder: preserve recording scope=1833203800481331:52 turn=1 events=0 seq=0
[log] %cStart Phase: MovePhase color:green
[log] [coop:turn] host recorder: append turn=1 seq=0 k=moveUsed total=1 live=true
[log] %cStart Phase: MessagePhase color:green
[log] %cStart Phase: MoveEffectPhase color:green
[log] [coop:turn] host recorder: append turn=1 seq=1 k=moveAnim total=2 live=true
[log] [coop:turn] host recorder: append turn=1 seq=2 k=hp total=3 live=true
[log] [coop:turn] host recorder: append turn=1 seq=3 k=message total=4 live=true
[log] %cStart Phase: DamageAnimPhase color:green
[log] %cStart Phase: MessagePhase color:green
[log] %cStart Phase: MoveEndPhase color:green
[log] %cStart Phase: MovePhase color:green
[log] [coop:turn] host recorder: append turn=1 seq=4 k=moveUsed total=5 live=true
[log] %cStart Phase: MessagePhase color:green
[log] %cStart Phase: MoveEffectPhase color:green
[log] [coop:turn] host recorder: append turn=1 seq=5 k=moveAnim total=6 live=true
[log] [coop:turn] host recorder: append turn=1 seq=6 k=hp total=7 live=true
[log] [coop:turn] host recorder: append turn=1 seq=7 k=faint total=8 live=true
[log] [coop:turn] host recorder: append turn=1 seq=8 k=message total=9 live=true
[log] %cStart Phase: DamageAnimPhase color:green
[log] %cStart Phase: MessagePhase color:green
[log] %cStart Phase: FaintPhase color:green
[log] %cStart Phase: MessagePhase color:green
[log] %cStart Phase: VictoryPhase color:green
[log] [coop:progression] HOST applyPartyExp COMPUTE wave=52 expValue=489.4 koMon=Skorupi
[log] %cStart Phase: MoveEndPhase color:green
[log] %cStart Phase: MovePhase color:green
[log] %cStart Phase: MoveEndPhase color:green
[log] %cStart Phase: MovePhase color:green
[log] [coop:turn] host recorder: append turn=1 seq=9 k=moveUsed total=10 live=true
[log] %cStart Phase: MessagePhase color:green
[log] %cStart Phase: MoveEffectPhase color:green
[log] [coop:turn] host recorder: append turn=1 seq=10 k=moveAnim total=11 live=true
[log] [coop:turn] host recorder: append turn=1 seq=11 k=message total=12 live=true
[log] %cStart Phase: MessagePhase color:green
[log] %cStart Phase: MoveEndPhase color:green
[log] %cStart Phase: CheckInterludePhase color:green
[log] %cStart Phase: WeatherEffectPhase color:green
[log] %cStart Phase: PositionalTagPhase color:green
[log] %cStart Phase: BerryPhase color:green
[log] %cStart Phase: CheckStatusEffectPhase color:green
[log] %cStart Phase: TurnEndPhase color:green
[log] %cStart Phase: CoopTurnCommitPhase color:green
[log] [coop:turn] host recorder: finalize turn=1 events=12 seq=12
[log] [coop:checkpoint] build field=4 weather=0/0 terrain=1/0 arenaTags=1 money=6590 mons=[bi0:sp149/hp213-213/st0/fnt0 bi1:sp445/hp235-235/st0/fnt0 bi2:sp451/hp0-102/st7/fnt1 bi3:sp608/hp28-90/st0/fnt0]
[log] [coop:checkpoint] host capture field=4 weather=0 terrain=1 money=6590 arenaTags=1 mons=[bi0:sp149/hp213-213/st0/fnt0 bi1:sp445/hp235-235/st0/fnt0 bi2:sp451/hp0-102/st7/fnt1 bi3:sp608/hp28-90/st0/fnt0]
[log] [coop:interaction] interactionCounter() read -> 61 (role=host)
[log] [coop:replay] host SEND turnResolution e=1833203800481331 wave=52 turn=1 rev=575 events=12 checksum=2596b5eab3e985bb
[log] [coop:transport] send host t=turnResolution e=1833203800481331 wave=52 turn=1 rev=575 events=12 checksum=2596b5eab3e985bb
[warn] [coop:v2-shadow] FAULT tap(TURN_COMMIT): AuthorityLog.commit: TURN_COMMIT is not authorized by predecessor control after WSHADOW/ADV/w1
[log] [coop:transport] recv guest t=turnResolution e=1833203800481331 wave=52 turn=1 rev=575 events=12 checksum=2596b5eab3e985bb handlers=1
[log] [38;2;255;127;80mPhaseInterceptor.to: Stopping on completion of CoopTurnCommitPhase[39m
[log] %cStart Phase: TurnInitPhase color:green
[log] [coop:rendezvous] ARRIVE point=cmd:52:2 (send) role=host
[log] [coop:transport] send host t=rendezvous point=cmd:52:2
[log] [coop:rendezvous] next-command barrier cmd:52:2 SYNC pass (partner already arrived)
[log] [coop:transport] recv guest t=rendezvous point=cmd:52:2 handlers=1
[log] [coop:stream] host ACCEPT turn ACK stage=continuationReady key=1833203800481331:52:1:575
[log] [coop:stream] host RELEASE retained turn after continuationReady key=1833203800481331:52:1:575
[log] %cStart Phase: SelectTargetPhase color:green
[log] [coop:owner] broadcast own-slot fi=0 turn=2 role=host cmd=0
[log] [coop:relay] broadcastLocalCommand SEND fieldIndex=0 owner=host turn=2 command=0 cursor=2 moveId=53 targets=[3]
[log] [coop:transport] send host t=command fi=0 owner=host turn=2 cmd=0 cursor=2 move=53
[log] [coop:transport] recv guest t=command fi=0 owner=host turn=2 cmd=0 cursor=2 move=53 handlers=1
[log] [coop:relay] recv command fieldIndex=0 turn=2 command=0 -> BUFFERED (no awaiter yet)
[log] %cStart Phase: CommandPhase color:green
[log] [coop:battle] CommandPhase slot=1 turn=2 owner=guest role=host -> partner path
[log] [coop:relay] host requestPartnerCommand SEND fieldIndex=1 turn=2 moveSlots=[0,1,2,3] (awaiting peer)
[log] [coop:transport] send host t=commandRequest fi=1 owner=guest turn=2 slots=4
[log] [coop:transport] recv guest t=commandRequest fi=1 owner=guest turn=2 slots=4 handlers=1
[log] [coop:relay] peer recv commandRequest fieldIndex=1 owner=guest turn=2 moveSlots=[0,1,2,3] -> reply command=0 cursor=2 moveId=53
[log] [coop:transport] send guest t=command fi=1 owner=guest turn=2 cmd=0 cursor=2 move=53
[log] [coop:transport] recv host t=command fi=1 owner=guest turn=2 cmd=0 cursor=2 move=53 handlers=1
[log] [coop:relay] recv command fieldIndex=1 turn=2 command=0 -> resolved awaiting request
[log] [coop:ai] applyWiredPartnerCommand partner=445 wiredMoveId=53 cursor=2 -> moveId=53 moveIndex=2 tera=false targets=[3] targetsFrom=wire-verbatim useMode=1
[log] %cStart Phase: EnemyCommandPhase color:green
[log] %cStart Phase: TurnStartPhase color:green
[log] [coop-diag] turn-start authoritative guard mode=authoritative role=host turn=2 diverts=false
[log] [coop:turn] host recorder: begin turn=2 scope=1833203800481331:52 (no prior open recording)
[log] %cStart Phase: MovePhase color:green
[log] [coop:turn] host recorder: append turn=2 seq=0 k=moveUsed total=1 live=true
[log] %cStart Phase: MessagePhase color:green
[log] %cStart Phase: MoveEffectPhase color:green
[log] [coop:turn] host recorder: append turn=2 seq=1 k=moveAnim total=2 live=true
[log] [coop:turn] host recorder: append turn=2 seq=2 k=hp total=3 live=true
[log] [coop:turn] host recorder: append turn=2 seq=3 k=faint total=4 live=true
[log] [coop:turn] host recorder: append turn=2 seq=4 k=message total=5 live=true
[log] %cStart Phase: DamageAnimPhase color:green
[log] %cStart Phase: MessagePhase color:green
[log] %cStart Phase: FaintPhase color:green
[log] %cStart Phase: MessagePhase color:green
[log] %cStart Phase: VictoryPhase color:green
[log] [coop:progression] HOST applyPartyExp COMPUTE wave=52 expValue=833 koMon=Lampent
[warn] [coop:v2-shadow] FAULT tap(WAVE_ADVANCE): AuthorityLog.commit: WAVE_ADVANCE is not authorized by predecessor control after WSHADOW/ADV/w1
[log] [coop:runtime] defer raw waveResolved wave=52 outcome=win until its material turnResolution is retained
[log] [coop-diag] VictoryPhase win-branch role=host battleType=WILD queuesTrainerVictory=false queuesSelectModifier=true wave=52
[log] [coop-diag] VictoryTail role=host wave=52 source=legacy-local trainer=false egg=true biomeShop=false biomeChange=false crossroads=false nextWave=53
[log] %cStart Phase: MoveEndPhase color:green
[log] %cStart Phase: MovePhase color:green
[log] [coop:turn] host recorder: append turn=2 seq=5 k=message total=6 live=true
[log] %cStart Phase: MessagePhase color:green
[log] %cStart Phase: MoveEndPhase color:green
[log] %cStart Phase: MovePhase color:green
[log] %cStart Phase: MoveEndPhase color:green
[log] %cStart Phase: CheckInterludePhase color:green
[log] %cStart Phase: WeatherEffectPhase color:green
[log] %cStart Phase: PositionalTagPhase color:green
[log] %cStart Phase: BerryPhase color:green
[log] %cStart Phase: CheckStatusEffectPhase color:green
[log] %cStart Phase: TurnEndPhase color:green
[log] %cStart Phase: CoopTurnCommitPhase color:green
[log] [coop:turn] host recorder: finalize turn=2 events=6 seq=6
[log] [coop:checkpoint] build field=4 weather=0/0 terrain=1/0 arenaTags=0 money=6590 mons=[bi0:sp149/hp213-213/st0/fnt0 bi1:sp445/hp235-235/st0/fnt0 bi2:sp451/hp0-102/st7/fnt1 bi3:sp608/hp0-90/st7/fnt1]
[log] [coop:checkpoint] host capture field=4 weather=0 terrain=1 money=6590 arenaTags=0 mons=[bi0:sp149/hp213-213/st0/fnt0 bi1:sp445/hp235-235/st0/fnt0 bi2:sp451/hp0-102/st7/fnt1 bi3:sp608/hp0-90/st7/fnt1]
[log] [coop:interaction] interactionCounter() read -> 61 (role=host)
[log] [coop:replay] host SEND turnResolution e=1833203800481331 wave=52 turn=2 rev=578 events=6 checksum=09f533ecf0609029
[log] [coop:transport] send host t=turnResolution e=1833203800481331 wave=52 turn=2 rev=578 events=6 checksum=09f533ecf0609029
[warn] [coop:v2-shadow] FAULT tap(TURN_COMMIT): AuthorityLog.commit: TURN_COMMIT is not authorized by predecessor control after WSHADOW/ADV/w1
[log] [coop:runtime] send waveResolved wave=52 outcome=win (host)
[log] [coop:replay] host SEND waveResolved wave=52 outcome=win transition=WAVE_VICTORY/next53/biome0/egg1/wild
[log] [coop:transport] send host t=waveResolved wave=52 outcome=win captureParty=- cap=-
[log] [coop:transport] recv guest t=turnResolution e=1833203800481331 wave=52 turn=2 rev=578 events=6 checksum=09f533ecf0609029 handlers=1
[log] [coop:transport] recv guest t=waveResolved wave=52 outcome=win captureParty=- cap=- handlers=1
[log] [38;2;255;127;80mPhaseInterceptor.to: Stopping on completion of CoopTurnCommitPhase[39m
[log] %cStart Phase: BattleEndPhase color:green
[log] [coop:progression] HOST automatic victory settlement deferred wave=52 sourceTurn=2 settlementTurn=3
[log] %cStart Phase: EggLapsePhase color:green
[log] %cStart Phase: CoopVictorySealPhase color:green
[log] [coop:transport] send host t=envelope t=envelope
[log] [coop:runtime] wave-advance op HOST commit wave=52 outcome=win next=WAVE_VICTORY rev=124 id=1833203800481331:0:WAVE_ADVANCE:52 (Wave-2f)
[log] [coop:runtime] settled WAVE_ADVANCE committed wave=52 tick=579 next=WAVE_VICTORY/wave53
[log] [coop:runtime] send waveEndState wave=52 tick=579 (host)
[log] [coop:replay] host SEND waveEndState wave=52 tick=579 party=6
[log] [coop:transport] send host t=waveEndState t=waveEndState
[log] [coop:progression] HOST automatic victory settlement sealed wave=52 sourceTurn=2 settlementTurn=3 tick=579
[log] [coop:transport] recv guest t=envelope t=envelope handlers=1
[log] [coop:transport] recv guest t=waveEndState t=waveEndState handlers=1
[log] [coop:interaction] interactionCounter() read -> 61 (role=host)
[log] [coop:owner] ownerOf(counter=61) seat=1 -> owner=guest
[log] [coop:owner] isLocalOwnerAtCounter(pinnedCounter=61) parity=1 owner=guest role=host -> false
[log] [coop:interaction] interactionCounter() read -> 61 (role=host)
[log] [coop:reward] owner/watcher decision: pinnedStart=61 liveCounter=61 parity=1 role=host pick=WATCHER option=ROLL spoof=false
[log] [coop:shop] serializeRewardOptions count=4 ids=[POKEBALL,BERRY,TM_CASE,RARE_CANDY] tiers=[0,0,0,0]
[log] [coop:reward] OWNER streams reward options (start=61 reroll=0 count=4 ids=[POKEBALL,BERRY,TM_CASE,RARE_CANDY])
[log] [coop:relay] SEND rewardOptions seq=61 reroll=0 count=4 ids=[POKEBALL,BERRY,TM_CASE,RARE_CANDY]
[log] [coop:transport] send host t=rewardOptions seq=61 reroll=0 options=4
[log] [coop:rendezvous] ARRIVE point=shop:52:61 (send) role=host
[log] [coop:transport] send host t=rendezvous point=shop:52:61
[log] [coop:reward] WATCHER waits for partner's reward picks (start=61 role=host wave=52)
[log] [coop:durability] host operation continuation window REARM key=op:global:124:1833203800481331:52:3:1833203800481331:0:WAVE_ADVANCE:52 surface=sharedInput at=1833203800481331/52/3
[log] [coop:transport] recv guest t=rewardOptions seq=61 reroll=0 options=4 handlers=1
[log] [coop:transport] recv guest t=rendezvous point=shop:52:61 handlers=1
[log] [coop:interaction] mirror begin role=watcher mirrorSeq=3904 interactionStart=61 reroll=0
[log] [coop:interaction] uiMirror beginSession role=watcher mode=6 seq=3904 early=0
[log] [coop:relay] AWAIT interactionChoice seq=61 timeoutMs=1200000 expected=[reward,shop,skip,reroll,check,transfer,lock] -> network-wait
[log] [coop:durability] operation delivery RETRY key=op:global:124:1833203800481331:52:3:1833203800481331:0:WAVE_ADVANCE:52 attempt=1/8
[log] [coop:transport] send host t=envelope t=envelope
[log] [coop:interaction] interactionCounter() read -> 61 (role=host)
[log] [coop:checksum] capture digest=cf7e976a6b3c3107 field=4 biome=29 seed=coop-soak-20260924 weather=0 terrain=1 money=6590 party=[149,445,143,94,376,248] partyLevels=[65,65,65,65,65,65] arenaTags=0 modifiers=6 heldItemsDigest=0 pokeballs=[0:70,1:10,2:0,3:0,4:1] mons=[bi0:sp149/hp213-213/st0/ab263/form0/tera0:15/boss0:0 bi1:sp445/hp235-235/st0/ab8/form0/tera0:15/boss0:0 bi2:sp451/hp0-102/st7/ab5078/form0/tera0:6/boss0:0 bi3:sp608/hp0-90/st7/ab5331/form0/tera0:9/boss0:0]
[log] [coop:rendezvous] RECV arrival point=shop:52:61 -> BUFFER (no waiter yet) role=host
[log] [coop:stream] host ACCEPT turn ACK stage=continuationReady key=1833203800481331:52:2:578
[log] [coop:stream] host RELEASE retained turn after continuationReady key=1833203800481331:52:2:578
[log] [coop:durability] host RELEASE contiguous acknowledged authority cls=op:global seq=124
[log] [coop:relay] DELIVER interactionChoice seq=61 -> waiter kind=skip choice=-1 data=-
[log] [coop:relay] AWAIT interactionChoice seq=61 RESOLVE kind=skip choice=-1 data=-
[log] [coop:reward] WATCHER applying relayed action seq=61 act=LEAVE choice=-1 data=-
[log] [coop:shop] serializeRewardOptions count=4 ids=[POKEBALL,BERRY,TM_CASE,RARE_CANDY] tiers=[0,0,0,0]
[log] [coop:transport] send host t=envelope t=envelope
[log] [coop:reward] reward authoritative RESULT retained rev=125 tick=580 id=1833203800481331:1:REWARD:6100000
[log] [coop:transport] recv guest t=envelope t=envelope handlers=1
[log] [coop:interaction] interactionCounter() read -> 61 (role=host)
[log] [coop:interaction] interactionCounter() read -> 61 (role=host)
[log] [coop:interaction] RECV interaction broadcast (deferred catch-up net) received=62 localBefore=61 role=host -> WILL DEFER to 62 (folds in at next advance if still ahead)
[warn] [coop:interaction] CoopInteractionTurn.mergeRemote DEFER (remote=62, counter=61, pendingRemote=62) live counter UNCHANGED (folds in at next advance if still ahead)
[log] [coop:owner] ownerOf(counter=61) seat=1 -> owner=guest
[log] [coop:owner] ownerOf(counter=61) seat=1 -> owner=guest
[log] [coop:reward] OWNER peer material applied; release terminal engine barrier seq=61 id=1833203800481331:1:REWARD:6100000
[log] [coop:interaction] interactionCounter() read -> 61 (role=host)
[log] [coop:interaction] CoopInteractionTurn.advance INCREMENT (fromCounter=61) counter 61 -> 62
[log] [coop:interaction] advanceInteraction ADVANCED+BROADCAST (fromCounter=61) counter 61 -> 62 role=host; send interaction screen=__turn__ choice=62
[log] [coop:interaction] SEND counter snapshot reason=advance choice=62 role=host
[log] [coop:transport] send host t=interaction screen=__turn__
[log] [coop:owner] ownerOf(counter=62) seat=0 -> owner=host
[log] [coop:owner] ownerOf(counter=62) seat=0 -> owner=host
[log] [coop:interaction] interactionCounter() read -> 62 (role=host)
[log] [coop:reward] advance interaction (role=host from=61 counter 61 -> 62)
[log] [coop:transport] recv guest t=interaction screen=__turn__ handlers=1
[log] %cStart Phase: NewBattlePhase color:green
[log] [coop:turn] host recorder: begin deferred transition turn=1 scope=1833203800481331:53
[log] %cStart Phase: CoopPartnerSyncPhase color:green
[log] [coop:interaction] interactionCounter() read -> 62 (role=host)
[log] %cStart Phase: NextEncounterPhase color:green
[log] [coop:interaction] interactionCounter() read -> 62 (role=host)
[log] [coop:replay] host SEND enemyPartySync wave=53 count=2 meType=-1 battleType=0 entryPresentation=-
[log] [coop:transport] send host t=enemyPartySync wave=53 enemies=2 battleType=0
[log] [coop:turn] host recorder: preserve recording scope=1833203800481331:53 turn=1 events=0 seq=0
[log] [coop:transport] recv guest t=enemyPartySync wave=53 enemies=2 battleType=0 handlers=1
[log] %cStart Phase: ToggleDoublePositionPhase color:green
[log] %cStart Phase: CheckSwitchPhase color:green
[log] %cStart Phase: CheckSwitchPhase color:green
[log] %cStart Phase: InitEncounterPhase color:green
[log] [coop:turn] host recorder: preserve recording scope=1833203800481331:53 turn=1 events=0 seq=0
[log] %cStart Phase: PostSummonPhase color:green
[log] %cStart Phase: PostSummonPhase color:green
[log] %cStart Phase: TurnInitPhase color:green
[log] [coop:replay] host SEND enemyPartySync wave=53 count=2 meType=-1 battleType=0 entryPresentation=0
[log] [coop:transport] send host t=enemyPartySync wave=53 enemies=2 battleType=0
[log] [coop:replay] host RE-BROADCAST wave-start authority wave=53 after post-summon boundary stateChanged=false presentation=0 (#920)
[log] [coop:rendezvous] next-command barrier ARRIVE+AWAIT cmd:53:1 slot=0
[log] [coop:rendezvous] ARRIVE point=cmd:53:1 (send) role=host
[log] [coop:transport] send host t=rendezvous point=cmd:53:1
[log] [coop:rendezvous] AWAIT point=cmd:53:1 timeoutMs=2000 -> network-wait role=host
[log] [coop:transport] recv guest t=enemyPartySync wave=53 enemies=2 battleType=0 handlers=1
[log] [coop:transport] recv guest t=rendezvous point=cmd:53:1 handlers=1
[log] [coop:rendezvous] RECV arrival point=cmd:53:1 -> deliver-to-waiter role=host
[log] [coop:transport] send host t=rendezvous point=cmd:53:1
[log] [coop:rendezvous] AWAIT point=cmd:53:1 RESOLVE both-arrived role=host
[log] [coop:durability] host RELEASE contiguous acknowledged authority cls=op:global seq=125
[log] [coop:transport] recv guest t=rendezvous point=cmd:53:1 handlers=1
[log] [coop:transport] send host t=enemyPartySync wave=53 enemies=2 battleType=0
[log] [coop:replay] host RE-BROADCAST wave-start authority wave=53 after post-summon boundary stateChanged=false presentation=0 (#920)
[log] [coop:transport] recv guest t=enemyPartySync wave=53 enemies=2 battleType=0 handlers=1
[log] [coop:interaction] interactionCounter() read -> 62 (role=host)
[log] [coop:checksum] capture digest=5bb6604761b0ab76 field=4 biome=29 seed=coop-soak-20260924 weather=0 terrain=1 money=6590 party=[149,445,143,94,376,248] partyLevels=[65,65,65,65,65,65] arenaTags=0 modifiers=6 heldItemsDigest=0 pokeballs=[0:70,1:10,2:0,3:0,4:1] mons=[bi0:sp149/hp213-213/st0/ab263/form0/tera0:15/boss0:0 bi1:sp445/hp235-235/st0/ab8/form0/tera0:15/boss0:0 bi2:sp563/hp102-102/st0/ab231/form0/tera0:7/boss0:0 bi3:sp563/hp113-113/st0/ab231/form0/tera0:7/boss0:0]
[log] [coop:interaction] interactionCounter() read -> 62 (role=host)
[log] [coop:relay] broadcastLocalCommand SEND fieldIndex=0 owner=host turn=1 command=2 cursor=2 moveId=- targets=[]
[log] [coop:transport] send host t=command fi=0 owner=host turn=1 cmd=2 cursor=2 move=-
[log] [coop:transport] recv guest t=command fi=0 owner=host turn=1 cmd=2 cursor=2 move=- handlers=1
[log] [coop:relay] recv command fieldIndex=0 turn=1 command=2 -> BUFFERED (no awaiter yet)
[log] %cStart Phase: CommandPhase color:green
[log] [coop:transport] send host t=enemyPartySync wave=53 enemies=2 battleType=0
[log] [coop:replay] host RE-BROADCAST wave-start authority wave=53 after post-summon boundary stateChanged=false presentation=0 (#920)
[log] [coop:battle] CommandPhase slot=1 turn=1 owner=guest role=host -> partner path
[log] [coop:relay] host requestPartnerCommand SEND fieldIndex=1 turn=1 moveSlots=[0,1,2,3] (awaiting peer)
[log] [coop:transport] send host t=commandRequest fi=1 owner=guest turn=1 slots=4
[log] [coop:transport] recv guest t=enemyPartySync wave=53 enemies=2 battleType=0 handlers=1
[log] [coop:transport] recv guest t=commandRequest fi=1 owner=guest turn=1 slots=4 handlers=1
[log] [coop:relay] peer recv commandRequest fieldIndex=1 owner=guest turn=1 moveSlots=[0,1,2,3] -> reply command=0 cursor=1 moveId=247
[log] [coop:transport] send guest t=command fi=1 owner=guest turn=1 cmd=0 cursor=1 move=247
[log] [coop:transport] recv host t=command fi=1 owner=guest turn=1 cmd=0 cursor=1 move=247 handlers=1
[log] [coop:relay] recv command fieldIndex=1 turn=1 command=0 -> resolved awaiting request
[log] [coop:ai] applyWiredPartnerCommand partner=445 wiredMoveId=247 cursor=1 -> moveId=247 moveIndex=1 tera=false targets=[3] targetsFrom=wire-verbatim useMode=1
[log] %cStart Phase: EnemyCommandPhase color:green
[log] %cStart Phase: EnemyCommandPhase color:green
[log] %cStart Phase: TurnStartPhase color:green
[log] [coop-diag] turn-start authoritative guard mode=authoritative role=host turn=1 diverts=false
[log] [coop:turn] host recorder: preserve recording scope=1833203800481331:53 turn=1 events=0 seq=0
[log] %cStart Phase: SwitchSummonPhase color:green
[log] [coop:turn] host recorder: preserve recording scope=1833203800481331:53 turn=1 events=0 seq=0
[log] [coop:turn] host recorder: append turn=1 seq=0 k=switch total=1 live=true
[log] %cStart Phase: PostSummonPhase color:green
[log] %cStart Phase: PostSummonPhase color:green
[log] %cStart Phase: MovePhase color:green
[log] [coop:turn] host recorder: append turn=1 seq=1 k=moveUsed total=2 live=true
[log] %cStart Phase: MessagePhase color:green
[log] %cStart Phase: MoveEffectPhase color:green
[log] [coop:turn] host recorder: append turn=1 seq=2 k=moveAnim total=3 live=true
[log] [coop:turn] host recorder: append turn=1 seq=3 k=message total=4 live=true
[log] %cStart Phase: MessagePhase color:green
[log] %cStart Phase: MoveEndPhase color:green
[log] %cStart Phase: MovePhase color:green
[log] [coop:turn] host recorder: append turn=1 seq=4 k=moveUsed total=5 live=true
[log] %cStart Phase: MessagePhase color:green
[log] %cStart Phase: MoveEffectPhase color:green
[log] [coop:turn] host recorder: append turn=1 seq=5 k=moveAnim total=6 live=true
[log] [coop:turn] host recorder: append turn=1 seq=6 k=hp total=7 live=true
[log] [coop:turn] host recorder: append turn=1 seq=7 k=message total=8 live=true
[log] %cStart Phase: DamageAnimPhase color:green
[log] %cStart Phase: MessagePhase color:green
[log] %cStart Phase: MoveEndPhase color:green
[log] %cStart Phase: MovePhase color:green
[log] [coop:turn] host recorder: append turn=1 seq=8 k=moveUsed total=9 live=true
[log] %cStart Phase: MessagePhase color:green
[log] %cStart Phase: MoveEffectPhase color:green
[log] [coop:turn] host recorder: append turn=1 seq=9 k=moveAnim total=10 live=true
[log] [coop:turn] host recorder: append turn=1 seq=10 k=message total=11 live=true
[log] %cStart Phase: MessagePhase color:green
[log] %cStart Phase: MoveEndPhase color:green
[log] %cStart Phase: CheckInterludePhase color:green
[log] %cStart Phase: WeatherEffectPhase color:green
[log] %cStart Phase: PositionalTagPhase color:green
[log] %cStart Phase: BerryPhase color:green
[log] %cStart Phase: CheckStatusEffectPhase color:green
[log] %cStart Phase: TurnEndPhase color:green
[log] %cStart Phase: CoopTurnCommitPhase color:green
[log] [coop:turn] host recorder: finalize turn=1 events=11 seq=11
[log] [coop:checkpoint] build field=4 weather=0/0 terrain=1/0 arenaTags=0 money=6590 mons=[bi0:sp143/hp303-303/st0/fnt0 bi1:sp445/hp235-235/st0/fnt0 bi2:sp563/hp113-113/st0/fnt0 bi3:sp563/hp63-102/st0/fnt0]
[log] [coop:checkpoint] host capture field=4 weather=0 terrain=1 money=6590 arenaTags=0 mons=[bi0:sp143/hp303-303/st0/fnt0 bi1:sp445/hp235-235/st0/fnt0 bi2:sp563/hp113-113/st0/fnt0 bi3:sp563/hp63-102/st0/fnt0]
[log] [coop:interaction] interactionCounter() read -> 62 (role=host)
[log] [coop:replay] host SEND turnResolution e=1833203800481331 wave=53 turn=1 rev=587 events=11 checksum=c4b3d8a3ce5506e0
[log] [coop:transport] send host t=turnResolution e=1833203800481331 wave=53 turn=1 rev=587 events=11 checksum=c4b3d8a3ce5506e0
[warn] [coop:v2-shadow] FAULT tap(TURN_COMMIT): AuthorityLog.commit: TURN_COMMIT is not authorized by predecessor control after WSHADOW/ADV/w1
[log] [coop:transport] recv guest t=turnResolution e=1833203800481331 wave=53 turn=1 rev=587 events=11 checksum=c4b3d8a3ce5506e0 handlers=1
[log] [38;2;255;127;80mPhaseInterceptor.to: Stopping on completion of CoopTurnCommitPhase[39m
[log] %cStart Phase: TurnInitPhase color:green
[log] [coop:rendezvous] ARRIVE point=cmd:53:2 (send) role=host
[log] [coop:transport] send host t=rendezvous point=cmd:53:2
[log] [coop:rendezvous] next-command barrier cmd:53:2 SYNC pass (partner already arrived)
[log] [coop:transport] recv guest t=rendezvous point=cmd:53:2 handlers=1
[log] [coop:stream] host ACCEPT turn ACK stage=continuationReady key=1833203800481331:53:1:587
[log] [coop:stream] host RELEASE retained turn after continuationReady key=1833203800481331:53:1:587
[log] [coop:relay] broadcastLocalCommand SEND fieldIndex=0 owner=host turn=2 command=2 cursor=2 moveId=- targets=[]
[log] [coop:transport] send host t=command fi=0 owner=host turn=2 cmd=2 cursor=2 move=-
[log] [coop:transport] recv guest t=command fi=0 owner=host turn=2 cmd=2 cursor=2 move=- handlers=1
[log] [coop:relay] recv command fieldIndex=0 turn=2 command=2 -> BUFFERED (no awaiter yet)
[log] %cStart Phase: CommandPhase color:green
[log] [coop:battle] CommandPhase slot=1 turn=2 owner=guest role=host -> partner path
[log] [coop:relay] host requestPartnerCommand SEND fieldIndex=1 turn=2 moveSlots=[0,1,2,3] (awaiting peer)
[log] [coop:transport] send host t=commandRequest fi=1 owner=guest turn=2 slots=4
[log] [coop:transport] recv guest t=commandRequest fi=1 owner=guest turn=2 slots=4 handlers=1
[log] [coop:relay] peer recv commandRequest fieldIndex=1 owner=guest turn=2 moveSlots=[0,1,2,3] -> reply command=0 cursor=1 moveId=247
[log] [coop:transport] send guest t=command fi=1 owner=guest turn=2 cmd=0 cursor=1 move=247
[log] [coop:transport] recv host t=command fi=1 owner=guest turn=2 cmd=0 cursor=1 move=247 handlers=1
[log] [coop:relay] recv command fieldIndex=1 turn=2 command=0 -> resolved awaiting request
[log] [coop:ai] applyWiredPartnerCommand partner=445 wiredMoveId=247 cursor=1 -> moveId=247 moveIndex=1 tera=false targets=[3] targetsFrom=wire-verbatim useMode=1
[log] %cStart Phase: EnemyCommandPhase color:green
[log] %cStart Phase: EnemyCommandPhase color:green
[log] %cStart Phase: TurnStartPhase color:green
[log] [coop-diag] turn-start authoritative guard mode=authoritative role=host turn=2 diverts=false
[log] [coop:turn] host recorder: begin turn=2 scope=1833203800481331:53 (no prior open recording)
[log] %cStart Phase: SwitchSummonPhase color:green
[log] [coop:turn] host recorder: preserve recording scope=1833203800481331:53 turn=2 events=0 seq=0
[log] [coop:turn] host recorder: append turn=2 seq=0 k=switch total=1 live=true
[log] %cStart Phase: PostSummonPhase color:green
[log] %cStart Phase: MovePhase color:green
[log] [coop:turn] host recorder: append turn=2 seq=1 k=moveUsed total=2 live=true
[log] %cStart Phase: MessagePhase color:green
[log] %cStart Phase: MoveEffectPhase color:green
[log] [coop:turn] host recorder: append turn=2 seq=2 k=moveAnim total=3 live=true
[log] [coop:turn] host recorder: append turn=2 seq=3 k=hp total=4 live=true
[log] %cStart Phase: DamageAnimPhase color:green
[log] %cStart Phase: MoveEndPhase color:green
[log] %cStart Phase: MovePhase color:green
[log] [coop:turn] host recorder: append turn=2 seq=4 k=moveUsed total=5 live=true
[log] %cStart Phase: MessagePhase color:green
[log] %cStart Phase: MoveEffectPhase color:green
[log] [coop:turn] host recorder: append turn=2 seq=5 k=moveAnim total=6 live=true
[log] [coop:turn] host recorder: append turn=2 seq=6 k=hp total=7 live=true
[log] [coop:turn] host recorder: append turn=2 seq=7 k=faint total=8 live=true
[log] [coop:turn] host recorder: append turn=2 seq=8 k=message total=9 live=true
[log] %cStart Phase: DamageAnimPhase color:green
[log] %cStart Phase: MessagePhase color:green
[log] %cStart Phase: FaintPhase color:green
[log] %cStart Phase: MessagePhase color:green
[log] %cStart Phase: VictoryPhase color:green
[log] [coop:progression] HOST applyPartyExp COMPUTE wave=53 expValue=1116.4 koMon=Cofagrigus
[log] %cStart Phase: MoveEndPhase color:green
[log] %cStart Phase: MovePhase color:green
[log] [coop:turn] host recorder: append turn=2 seq=9 k=moveUsed total=10 live=true
[log] %cStart Phase: MessagePhase color:green
[log] %cStart Phase: MoveChargePhase color:green
[log] [coop:turn] host recorder: append turn=2 seq=10 k=moveAnim total=11 live=true
[log] [coop:turn] host recorder: append turn=2 seq=11 k=message total=12 live=true
[log] %cStart Phase: MessagePhase color:green
[log] %cStart Phase: MoveEndPhase color:green
[log] %cStart Phase: CheckInterludePhase color:green
[log] %cStart Phase: WeatherEffectPhase color:green
[log] %cStart Phase: PositionalTagPhase color:green
[log] %cStart Phase: BerryPhase color:green
[log] %cStart Phase: CheckStatusEffectPhase color:green
[log] %cStart Phase: TurnEndPhase color:green
[log] %cStart Phase: CoopTurnCommitPhase color:green
[log] [coop:turn] host recorder: finalize turn=2 events=12 seq=12
[log] [coop:checkpoint] build field=4 weather=0/0 terrain=1/0 arenaTags=0 money=6590 mons=[bi0:sp149/hp205-213/st0/fnt0 bi1:sp445/hp235-235/st0/fnt0 bi2:sp563/hp113-113/st0/fnt0 bi3:sp563/hp0-102/st7/fnt1]
[log] [coop:checkpoint] host capture field=4 weather=0 terrain=1 money=6590 arenaTags=0 mons=[bi0:sp149/hp205-213/st0/fnt0 bi1:sp445/hp235-235/st0/fnt0 bi2:sp563/hp113-113/st0/fnt0 bi3:sp563/hp0-102/st7/fnt1]
[log] [coop:interaction] interactionCounter() read -> 62 (role=host)
[log] [coop:replay] host SEND turnResolution e=1833203800481331 wave=53 turn=2 rev=590 events=12 checksum=cd0f71467edf72e5
[log] [coop:transport] send host t=turnResolution e=1833203800481331 wave=53 turn=2 rev=590 events=12 checksum=cd0f71467edf72e5
[warn] [coop:v2-shadow] FAULT tap(TURN_COMMIT): AuthorityLog.commit: TURN_COMMIT is not authorized by predecessor control after WSHADOW/ADV/w1
[log] [coop:transport] recv guest t=turnResolution e=1833203800481331 wave=53 turn=2 rev=590 events=12 checksum=cd0f71467edf72e5 handlers=1
[log] [38;2;255;127;80mPhaseInterceptor.to: Stopping on completion of CoopTurnCommitPhase[39m
[log] %cStart Phase: TurnInitPhase color:green
[log] [coop:rendezvous] ARRIVE point=cmd:53:3 (send) role=host
[log] [coop:transport] send host t=rendezvous point=cmd:53:3
[log] [coop:rendezvous] next-command barrier cmd:53:3 SYNC pass (partner already arrived)
[log] [coop:transport] recv guest t=rendezvous point=cmd:53:3 handlers=1
[log] [coop:stream] host ACCEPT turn ACK stage=continuationReady key=1833203800481331:53:2:590
[log] [coop:stream] host RELEASE retained turn after continuationReady key=1833203800481331:53:2:590
[log] %cStart Phase: SelectTargetPhase color:green
[log] [coop:owner] broadcast own-slot fi=0 turn=3 role=host cmd=0
[log] [coop:relay] broadcastLocalCommand SEND fieldIndex=0 owner=host turn=3 command=0 cursor=3 moveId=85 targets=[2]
[log] [coop:transport] send host t=command fi=0 owner=host turn=3 cmd=0 cursor=3 move=85
[log] [coop:transport] recv guest t=command fi=0 owner=host turn=3 cmd=0 cursor=3 move=85 handlers=1
[log] [coop:relay] recv command fieldIndex=0 turn=3 command=0 -> BUFFERED (no awaiter yet)
[log] %cStart Phase: CommandPhase color:green
[log] [coop:battle] CommandPhase slot=1 turn=3 owner=guest role=host -> partner path
[log] [coop:relay] host requestPartnerCommand SEND fieldIndex=1 turn=3 moveSlots=[0,1,2,3] (awaiting peer)
[log] [coop:transport] send host t=commandRequest fi=1 owner=guest turn=3 slots=4
[log] [coop:transport] recv guest t=commandRequest fi=1 owner=guest turn=3 slots=4 handlers=1
[log] [coop:relay] peer recv commandRequest fieldIndex=1 owner=guest turn=3 moveSlots=[0,1,2,3] -> reply command=0 cursor=1 moveId=247
[log] [coop:transport] send guest t=command fi=1 owner=guest turn=3 cmd=0 cursor=1 move=247
[log] [coop:transport] recv host t=command fi=1 owner=guest turn=3 cmd=0 cursor=1 move=247 handlers=1
[log] [coop:relay] recv command fieldIndex=1 turn=3 command=0 -> resolved awaiting request
[log] [coop:ai] applyWiredPartnerCommand partner=445 wiredMoveId=247 cursor=1 -> moveId=247 moveIndex=1 tera=false targets=[2] targetsFrom=wire-verbatim useMode=1
[log] %cStart Phase: EnemyCommandPhase color:green
[log] %cStart Phase: TurnStartPhase color:green
[log] [coop-diag] turn-start authoritative guard mode=authoritative role=host turn=3 diverts=false
[log] [coop:turn] host recorder: begin turn=3 scope=1833203800481331:53 (no prior open recording)
[log] %cStart Phase: MovePhase color:green
[log] [coop:turn] host recorder: append turn=3 seq=0 k=moveUsed total=1 live=true
[log] %cStart Phase: MessagePhase color:green
[log] %cStart Phase: MoveEffectPhase color:green
[log] [coop:turn] host recorder: append turn=3 seq=1 k=message total=2 live=true
[log] %cStart Phase: MessagePhase color:green
[log] %cStart Phase: MoveEndPhase color:green
[log] %cStart Phase: MovePhase color:green
[log] [coop:turn] host recorder: append turn=3 seq=2 k=moveUsed total=3 live=true
[log] %cStart Phase: MessagePhase color:green
[log] %cStart Phase: MoveEffectPhase color:green
[log] [coop:turn] host recorder: append turn=3 seq=3 k=message total=4 live=true
[log] %cStart Phase: MessagePhase color:green
[log] %cStart Phase: MoveEndPhase color:green
[log] %cStart Phase: MovePhase color:green
[log] [coop:turn] host recorder: append turn=3 seq=4 k=moveUsed total=5 live=true
[log] %cStart Phase: MessagePhase color:green
[log] %cStart Phase: MoveEffectPhase color:green
[log] [coop:turn] host recorder: append turn=3 seq=5 k=moveAnim total=6 live=true
[log] [coop:turn] host recorder: append turn=3 seq=6 k=hp total=7 live=true
[log] %cStart Phase: DamageAnimPhase color:green
[log] %cStart Phase: MoveEndPhase color:green
[log] %cStart Phase: CheckInterludePhase color:green
[log] %cStart Phase: WeatherEffectPhase color:green
[log] %cStart Phase: PositionalTagPhase color:green
[log] %cStart Phase: BerryPhase color:green
[log] %cStart Phase: CheckStatusEffectPhase color:green
[log] %cStart Phase: TurnEndPhase color:green
[log] %cStart Phase: CoopTurnCommitPhase color:green
[log] [coop:turn] host recorder: finalize turn=3 events=7 seq=7
[log] [coop:checkpoint] build field=4 weather=0/0 terrain=1/0 arenaTags=0 money=6590 mons=[bi0:sp149/hp186-213/st0/fnt0 bi1:sp445/hp235-235/st0/fnt0 bi2:sp563/hp113-113/st0/fnt0 bi3:sp563/hp0-102/st7/fnt1]
[log] [coop:checkpoint] host capture field=4 weather=0 terrain=1 money=6590 arenaTags=0 mons=[bi0:sp149/hp186-213/st0/fnt0 bi1:sp445/hp235-235/st0/fnt0 bi2:sp563/hp113-113/st0/fnt0 bi3:sp563/hp0-102/st7/fnt1]
[log] [coop:interaction] interactionCounter() read -> 62 (role=host)
[log] [coop:replay] host SEND turnResolution e=1833203800481331 wave=53 turn=3 rev=593 events=7 checksum=b65d049c63eaadae
[log] [coop:transport] send host t=turnResolution e=1833203800481331 wave=53 turn=3 rev=593 events=7 checksum=b65d049c63eaadae
[warn] [coop:v2-shadow] FAULT tap(TURN_COMMIT): AuthorityLog.commit: TURN_COMMIT is not authorized by predecessor control after WSHADOW/ADV/w1
[log] [coop:transport] recv guest t=turnResolution e=1833203800481331 wave=53 turn=3 rev=593 events=7 checksum=b65d049c63eaadae handlers=1
[log] [38;2;255;127;80mPhaseInterceptor.to: Stopping on completion of CoopTurnCommitPhase[39m
[log] %cStart Phase: TurnInitPhase color:green
[log] [coop:rendezvous] ARRIVE point=cmd:53:4 (send) role=host
[log] [coop:transport] send host t=rendezvous point=cmd:53:4
[log] [coop:rendezvous] next-command barrier cmd:53:4 SYNC pass (partner already arrived)
[log] [coop:transport] recv guest t=rendezvous point=cmd:53:4 handlers=1
[log] [coop:stream] host ACCEPT turn ACK stage=continuationReady key=1833203800481331:53:3:593
[log] [coop:stream] host RELEASE retained turn after continuationReady key=1833203800481331:53:3:593
[log] [coop:relay] broadcastLocalCommand SEND fieldIndex=0 owner=host turn=4 command=2 cursor=2 moveId=- targets=[]
[log] [coop:transport] send host t=command fi=0 owner=host turn=4 cmd=2 cursor=2 move=-
[log] [coop:transport] recv guest t=command fi=0 owner=host turn=4 cmd=2 cursor=2 move=- handlers=1
[log] [coop:relay] recv command fieldIndex=0 turn=4 command=2 -> BUFFERED (no awaiter yet)
[log] %cStart Phase: CommandPhase color:green
[log] [coop:battle] CommandPhase slot=1 turn=4 owner=guest role=host -> partner path
[log] [coop:relay] host requestPartnerCommand SEND fieldIndex=1 turn=4 moveSlots=[0,1,2,3] (awaiting peer)
[log] [coop:transport] send host t=commandRequest fi=1 owner=guest turn=4 slots=4
[log] [coop:transport] recv guest t=commandRequest fi=1 owner=guest turn=4 slots=4 handlers=1
[log] [coop:relay] peer recv commandRequest fieldIndex=1 owner=guest turn=4 moveSlots=[0,1,2,3] -> reply command=0 cursor=1 moveId=247
[log] [coop:transport] send guest t=command fi=1 owner=guest turn=4 cmd=0 cursor=1 move=247
[log] [coop:transport] recv host t=command fi=1 owner=guest turn=4 cmd=0 cursor=1 move=247 handlers=1
[log] [coop:relay] recv command fieldIndex=1 turn=4 command=0 -> resolved awaiting request
[log] [coop:ai] applyWiredPartnerCommand partner=445 wiredMoveId=247 cursor=1 -> moveId=247 moveIndex=1 tera=false targets=[2] targetsFrom=wire-verbatim useMode=1
[log] %cStart Phase: EnemyCommandPhase color:green
[log] %cStart Phase: TurnStartPhase color:green
[log] [coop-diag] turn-start authoritative guard mode=authoritative role=host turn=4 diverts=false
[log] [coop:turn] host recorder: begin turn=4 scope=1833203800481331:53 (no prior open recording)
[log] %cStart Phase: SwitchSummonPhase color:green
[log] [coop:turn] host recorder: preserve recording scope=1833203800481331:53 turn=4 events=0 seq=0
[log] [coop:turn] host recorder: append turn=4 seq=0 k=switch total=1 live=true
[log] %cStart Phase: PostSummonPhase color:green
[log] %cStart Phase: PostSummonPhase color:green
[log] %cStart Phase: MovePhase color:green
[log] [coop:turn] host recorder: append turn=4 seq=1 k=moveUsed total=2 live=true
[log] %cStart Phase: MessagePhase color:green
[log] %cStart Phase: MoveEffectPhase color:green
[log] [coop:turn] host recorder: append turn=4 seq=2 k=moveAnim total=3 live=true
[log] %cStart Phase: MoveEndPhase color:green
[log] %cStart Phase: MovePhase color:green
[log] [coop:turn] host recorder: append turn=4 seq=3 k=moveUsed total=4 live=true
[log] %cStart Phase: MessagePhase color:green
[log] %cStart Phase: MoveEffectPhase color:green
[log] [coop:turn] host recorder: append turn=4 seq=4 k=moveAnim total=5 live=true
[log] [coop:turn] host recorder: append turn=4 seq=5 k=hp total=6 live=true
[log] [coop:turn] host recorder: append turn=4 seq=6 k=message total=7 live=true
[log] %cStart Phase: DamageAnimPhase color:green
[log] %cStart Phase: MessagePhase color:green
[log] %cStart Phase: MoveEndPhase color:green
[log] %cStart Phase: CheckInterludePhase color:green
[log] %cStart Phase: WeatherEffectPhase color:green
[log] %cStart Phase: PositionalTagPhase color:green
[log] %cStart Phase: BerryPhase color:green
[log] %cStart Phase: CheckStatusEffectPhase color:green
[log] %cStart Phase: TurnEndPhase color:green
[log] %cStart Phase: CoopTurnCommitPhase color:green
[log] [coop:turn] host recorder: finalize turn=4 events=7 seq=7
[log] [coop:checkpoint] build field=4 weather=0/0 terrain=1/0 arenaTags=0 money=6590 mons=[bi0:sp143/hp303-303/st0/fnt0 bi1:sp445/hp235-235/st0/fnt0 bi2:sp563/hp78-113/st0/fnt0 bi3:sp563/hp0-102/st7/fnt1]
[log] [coop:checkpoint] host capture field=4 weather=0 terrain=1 money=6590 arenaTags=0 mons=[bi0:sp143/hp303-303/st0/fnt0 bi1:sp445/hp235-235/st0/fnt0 bi2:sp563/hp78-113/st0/fnt0 bi3:sp563/hp0-102/st7/fnt1]
[log] [coop:interaction] interactionCounter() read -> 62 (role=host)
[log] [coop:replay] host SEND turnResolution e=1833203800481331 wave=53 turn=4 rev=596 events=7 checksum=21bf5af7027bdf07
[log] [coop:transport] send host t=turnResolution e=1833203800481331 wave=53 turn=4 rev=596 events=7 checksum=21bf5af7027bdf07
[warn] [coop:v2-shadow] FAULT tap(TURN_COMMIT): AuthorityLog.commit: TURN_COMMIT is not authorized by predecessor control after WSHADOW/ADV/w1
[log] [coop:transport] recv guest t=turnResolution e=1833203800481331 wave=53 turn=4 rev=596 events=7 checksum=21bf5af7027bdf07 handlers=1
[log] [38;2;255;127;80mPhaseInterceptor.to: Stopping on completion of CoopTurnCommitPhase[39m
[log] %cStart Phase: TurnInitPhase color:green
[log] [coop:transport] recv host t=rendezvous point=cmd:53:5 handlers=1
[log] [coop:rendezvous] RECV arrival point=cmd:53:5 -> BUFFER (no waiter yet) role=host
[log] [coop:rendezvous] ARRIVE point=cmd:53:5 (send) role=host
[log] [coop:transport] send host t=rendezvous point=cmd:53:5
[log] [coop:rendezvous] next-command barrier cmd:53:5 SYNC pass (partner already arrived)
[log] [coop:transport] recv guest t=rendezvous point=cmd:53:5 handlers=1
[log] [coop:stream] host ACCEPT turn ACK stage=continuationReady key=1833203800481331:53:4:596
[log] [coop:stream] host RELEASE retained turn after continuationReady key=1833203800481331:53:4:596
[log] %cStart Phase: SelectTargetPhase color:green
[log] [coop:owner] broadcast own-slot fi=0 turn=5 role=host cmd=0
[log] [coop:relay] broadcastLocalCommand SEND fieldIndex=0 owner=host turn=5 command=0 cursor=3 moveId=85 targets=[2]
[log] [coop:transport] send host t=command fi=0 owner=host turn=5 cmd=0 cursor=3 move=85
[log] [coop:transport] recv guest t=command fi=0 owner=host turn=5 cmd=0 cursor=3 move=85 handlers=1
[log] [coop:relay] recv command fieldIndex=0 turn=5 command=0 -> BUFFERED (no awaiter yet)
[log] %cStart Phase: CommandPhase color:green
[log] [coop:battle] CommandPhase slot=1 turn=5 owner=guest role=host -> partner path
[log] [coop:relay] host requestPartnerCommand SEND fieldIndex=1 turn=5 moveSlots=[0,1,2,3] (awaiting peer)
[log] [coop:transport] send host t=commandRequest fi=1 owner=guest turn=5 slots=4
[log] [coop:transport] recv guest t=commandRequest fi=1 owner=guest turn=5 slots=4 handlers=1
[log] [coop:relay] peer recv commandRequest fieldIndex=1 owner=guest turn=5 moveSlots=[0,1,2,3] -> reply command=0 cursor=1 moveId=247
[log] [coop:transport] send guest t=command fi=1 owner=guest turn=5 cmd=0 cursor=1 move=247
[log] [coop:transport] recv host t=command fi=1 owner=guest turn=5 cmd=0 cursor=1 move=247 handlers=1
[log] [coop:relay] recv command fieldIndex=1 turn=5 command=0 -> resolved awaiting request
[log] [coop:ai] applyWiredPartnerCommand partner=445 wiredMoveId=247 cursor=1 -> moveId=247 moveIndex=1 tera=false targets=[2] targetsFrom=wire-verbatim useMode=1
[log] %cStart Phase: EnemyCommandPhase color:green
[log] %cStart Phase: TurnStartPhase color:green
[log] [coop-diag] turn-start authoritative guard mode=authoritative role=host turn=5 diverts=false
[log] [coop:turn] host recorder: begin turn=5 scope=1833203800481331:53 (no prior open recording)
[log] %cStart Phase: MovePhase color:green
[log] [coop:turn] host recorder: append turn=5 seq=0 k=moveUsed total=1 live=true
[log] %cStart Phase: MessagePhase color:green
[log] %cStart Phase: MoveEffectPhase color:green
[log] [coop:turn] host recorder: append turn=5 seq=1 k=moveAnim total=2 live=true
[log] [coop:turn] host recorder: append turn=5 seq=2 k=hp total=3 live=true
[log] [coop:turn] host recorder: append turn=5 seq=3 k=message total=4 live=true
[log] %cStart Phase: DamageAnimPhase color:green
[log] %cStart Phase: MessagePhase color:green
[log] %cStart Phase: MoveEndPhase color:green
[log] %cStart Phase: MovePhase color:green
[log] [coop:turn] host recorder: append turn=5 seq=4 k=moveUsed total=5 live=true
[log] %cStart Phase: MessagePhase color:green
[log] %cStart Phase: MoveEffectPhase color:green
[log] [coop:turn] host recorder: append turn=5 seq=5 k=moveAnim total=6 live=true
[log] [coop:turn] host recorder: append turn=5 seq=6 k=hp total=7 live=true
[log] [coop:turn] host recorder: append turn=5 seq=7 k=faint total=8 live=true
[log] %cStart Phase: DamageAnimPhase color:green
[log] %cStart Phase: FaintPhase color:green
[log] %cStart Phase: MessagePhase color:green
[log] %cStart Phase: VictoryPhase color:green
[log] [coop:progression] HOST applyPartyExp COMPUTE wave=53 expValue=1251.6 koMon=Cofagrigus
[warn] [coop:v2-shadow] FAULT tap(WAVE_ADVANCE): AuthorityLog.commit: WAVE_ADVANCE is not authorized by predecessor control after WSHADOW/ADV/w1
[log] [coop:runtime] defer raw waveResolved wave=53 outcome=win until its material turnResolution is retained
[log] [coop-diag] VictoryPhase win-branch role=host battleType=WILD queuesTrainerVictory=false queuesSelectModifier=true wave=53
[log] [coop-diag] VictoryTail role=host wave=53 source=legacy-local trainer=false egg=true biomeShop=false biomeChange=false crossroads=false nextWave=54
[log] %cStart Phase: MoveEndPhase color:green
[log] %cStart Phase: MovePhase color:green
[log] %cStart Phase: MoveEndPhase color:green
[log] %cStart Phase: CheckInterludePhase color:green
[log] %cStart Phase: WeatherEffectPhase color:green
[log] %cStart Phase: PositionalTagPhase color:green
[log] %cStart Phase: BerryPhase color:green
[log] %cStart Phase: CheckStatusEffectPhase color:green
[log] %cStart Phase: TurnEndPhase color:green
[log] %cStart Phase: CoopTurnCommitPhase color:green
[log] [coop:turn] host recorder: finalize turn=5 events=8 seq=8
[log] [coop:checkpoint] build field=4 weather=0/0 terrain=1/0 arenaTags=0 money=6590 mons=[bi0:sp143/hp303-303/st0/fnt0 bi1:sp445/hp235-235/st0/fnt0 bi2:sp563/hp0-113/st7/fnt1 bi3:sp563/hp0-102/st7/fnt1]
[log] [coop:checkpoint] host capture field=4 weather=0 terrain=1 money=6590 arenaTags=0 mons=[bi0:sp143/hp303-303/st0/fnt0 bi1:sp445/hp235-235/st0/fnt0 bi2:sp563/hp0-113/st7/fnt1 bi3:sp563/hp0-102/st7/fnt1]
[log] [coop:interaction] interactionCounter() read -> 62 (role=host)
[log] [coop:replay] host SEND turnResolution e=1833203800481331 wave=53 turn=5 rev=599 events=8 checksum=5b8e5a9257abde38
[log] [coop:transport] send host t=turnResolution e=1833203800481331 wave=53 turn=5 rev=599 events=8 checksum=5b8e5a9257abde38
[warn] [coop:v2-shadow] FAULT tap(TURN_COMMIT): AuthorityLog.commit: TURN_COMMIT is not authorized by predecessor control after WSHADOW/ADV/w1
[log] [coop:runtime] send waveResolved wave=53 outcome=win (host)
[log] [coop:replay] host SEND waveResolved wave=53 outcome=win transition=WAVE_VICTORY/next54/biome0/egg1/wild
[log] [coop:transport] send host t=waveResolved wave=53 outcome=win captureParty=- cap=-
[log] [coop:transport] recv guest t=turnResolution e=1833203800481331 wave=53 turn=5 rev=599 events=8 checksum=5b8e5a9257abde38 handlers=1
[log] [coop:transport] recv guest t=waveResolved wave=53 outcome=win captureParty=- cap=- handlers=1
[log] [38;2;255;127;80mPhaseInterceptor.to: Stopping on completion of CoopTurnCommitPhase[39m
[log] %cStart Phase: BattleEndPhase color:green
[log] [coop:progression] HOST automatic victory settlement deferred wave=53 sourceTurn=5 settlementTurn=6
[log] [coop:interaction] interactionCounter() read -> 62 (role=host)
[log] %cStart Phase: EggLapsePhase color:green
[log] %cStart Phase: CoopVictorySealPhase color:green
[log] [coop:transport] send host t=envelope t=envelope
[log] [coop:runtime] wave-advance op HOST commit wave=53 outcome=win next=WAVE_VICTORY rev=126 id=1833203800481331:0:WAVE_ADVANCE:53 (Wave-2f)
[log] [coop:runtime] settled WAVE_ADVANCE committed wave=53 tick=600 next=WAVE_VICTORY/wave54
[log] [coop:runtime] send waveEndState wave=53 tick=600 (host)
[log] [coop:replay] host SEND waveEndState wave=53 tick=600 party=6
[log] [coop:transport] send host t=waveEndState t=waveEndState
[log] [coop:progression] HOST automatic victory settlement sealed wave=53 sourceTurn=5 settlementTurn=6 tick=600
[log] [coop:transport] recv guest t=envelope t=envelope handlers=1
[log] [coop:transport] recv guest t=waveEndState t=waveEndState handlers=1
[log] [coop:interaction] interactionCounter() read -> 62 (role=host)
[log] [coop:owner] ownerOf(counter=62) seat=0 -> owner=host
[log] [coop:owner] isLocalOwnerAtCounter(pinnedCounter=62) parity=0 owner=host role=host -> true
[log] [coop:interaction] interactionCounter() read -> 62 (role=host)
[log] [coop:reward] owner/watcher decision: pinnedStart=62 liveCounter=62 parity=0 role=host pick=OWNER option=ROLL spoof=false
[log] [coop:shop] serializeRewardOptions count=4 ids=[GREAT_BALL,RARE_CANDY,TEMP_STAT_STAGE_BOOSTER,TM_CASE] tiers=[1,0,0,0]
[log] [coop:reward] OWNER streams reward options (start=62 reroll=0 count=4 ids=[GREAT_BALL,RARE_CANDY,TEMP_STAT_STAGE_BOOSTER,TM_CASE])
[log] [coop:relay] SEND rewardOptions seq=62 reroll=0 count=4 ids=[GREAT_BALL,RARE_CANDY,TEMP_STAT_STAGE_BOOSTER,TM_CASE]
[log] [coop:transport] send host t=rewardOptions seq=62 reroll=0 options=4
[log] [coop:rendezvous] ARRIVE point=shop:53:62 (send) role=host
[log] [coop:transport] send host t=rendezvous point=shop:53:62
[log] [coop:reward] OWNER drives reward screen (start=62 role=host spoof=false adoptsOptions=false wave=53)
[log] [coop:rendezvous] shop-pick-commit barrier AWAIT shop:53:62
[log] [coop:rendezvous] AWAIT point=shop:53:62 timeoutMs=2000 -> network-wait role=host
[log] [coop:transport] recv guest t=rewardOptions seq=62 reroll=0 options=4 handlers=1
[log] [coop:transport] recv guest t=rendezvous point=shop:53:62 handlers=1
[log] [coop:interaction] interactionCounter() read -> 62 (role=host)
[log] [coop:checksum] capture digest=5b8e5a9257abde38 field=4 biome=29 seed=coop-soak-20260924 weather=0 terrain=1 money=6590 party=[143,445,149,94,376,248] partyLevels=[65,65,65,65,65,65] arenaTags=0 modifiers=6 heldItemsDigest=0 pokeballs=[0:70,1:10,2:0,3:0,4:1] mons=[bi0:sp143/hp303-303/st0/ab12/form0/tera0:0/boss0:0 bi1:sp445/hp235-235/st0/ab8/form0/tera0:15/boss0:0 bi2:sp563/hp0-113/st7/ab231/form0/tera0:7/boss0:0 bi3:sp563/hp0-102/st7/ab231/form0/tera0:7/boss0:0]
[log] [coop:durability] operation delivery RETRY key=op:global:126:1833203800481331:53:6:1833203800481331:0:WAVE_ADVANCE:53 attempt=1/8
[log] [coop:transport] send host t=envelope t=envelope
[log] [coop:rendezvous] RECV arrival point=shop:53:62 -> deliver-to-waiter role=host
[log] [coop:transport] send host t=rendezvous point=shop:53:62
[log] [coop:rendezvous] AWAIT point=shop:53:62 RESOLVE both-arrived role=host
[log] [coop:stream] host ACCEPT turn ACK stage=continuationReady key=1833203800481331:53:5:599
[log] [coop:stream] host RELEASE retained turn after continuationReady key=1833203800481331:53:5:599
[log] [coop:durability] host RELEASE contiguous acknowledged authority cls=op:global seq=126
[warn] [coop:durability] DROP skipped/regressed operation ACK key=op:global:126:1833203800481331:53:6:1833203800481331:0:WAVE_ADVANCE:53 stage=materialApplied
[warn] [coop:durability] DROP skipped/regressed operation ACK key=op:global:126:1833203800481331:53:6:1833203800481331:0:WAVE_ADVANCE:53 stage=presentationReady
[log] [coop:transport] recv guest t=rendezvous point=shop:53:62 handlers=1
[log] [coop:interaction] mirror begin role=owner mirrorSeq=3968 interactionStart=62 reroll=0
[log] [coop:interaction] uiMirror beginSession role=owner mode=6 seq=3968 early=0
[log] [coop:owner] ownerOf(counter=62) seat=0 -> owner=host
[log] [coop:owner] isLocalOwnerAtCounter(pinnedCounter=62) parity=0 owner=host role=host -> true
[log] [coop:owner] ownerOf(counter=62) seat=0 -> owner=host
[log] [coop:owner] isLocalOwnerAtCounter(pinnedCounter=62) parity=0 owner=host role=host -> true
[log] [coop:relay] OWNER prepare seq=62 kind=reward choice=0 data=[0] role=host
[log] [coop:reward] reward op INTENT prepared label=reward id=1833203800481331:0:REWARD:6200000
[log] [coop:relay] OWNER send raw seq=62 kind=reward choice=0 role=host
[log] [coop:relay] SEND interactionChoice seq=62 kind=reward kind=? choice=0 data=[0]
[log] [coop:transport] send host t=interactionChoice seq=62 kind=reward choice=0
[warn] [coop:v2-shadow] FAULT tap(INTERACTION_COMMIT): AuthorityLog.commit: INTERACTION_COMMIT is not authorized by predecessor control after WSHADOW/ADV/w1
[log] [coop:reward] APPLY_RESULT pin=62 side=owner type=GREAT_BALL class=AddPokeballModifier pregen=[] holderSlot=-1 holderId=-1 stack=-1 accepted=true cost=-1
[log] [coop:shop] serializeRewardOptions count=4 ids=[GREAT_BALL,RARE_CANDY,TEMP_STAT_STAGE_BOOSTER,TM_CASE] tiers=[1,0,0,0]
[log] [coop:transport] send host t=envelope t=envelope
[log] [coop:reward] reward authoritative RESULT retained rev=127 tick=601 id=1833203800481331:0:REWARD:6200000
[log] [coop:interaction] interactionCounter() read -> 62 (role=host)
[log] [coop:interaction] CoopInteractionTurn.advance INCREMENT (fromCounter=62) counter 62 -> 63
[log] [coop:interaction] advanceInteraction ADVANCED+BROADCAST (fromCounter=62) counter 62 -> 63 role=host; send interaction screen=__turn__ choice=63
[log] [coop:interaction] SEND counter snapshot reason=advance choice=63 role=host
[log] [coop:transport] send host t=interaction screen=__turn__
[log] [coop:owner] ownerOf(counter=63) seat=1 -> owner=guest
[log] [coop:owner] ownerOf(counter=63) seat=1 -> owner=guest
[log] [coop:interaction] interactionCounter() read -> 63 (role=host)
[log] [coop:reward] advance interaction (role=host from=62 counter 62 -> 63)
[log] [coop:transport] recv guest t=interactionChoice seq=62 kind=reward choice=0 handlers=1
[log] [coop:transport] recv guest t=envelope t=envelope handlers=1
[log] [coop:transport] recv guest t=interaction screen=__turn__ handlers=1
[log] [coop:interaction] RECV interaction broadcast (deferred catch-up net) received=63 localBefore=63 role=host -> no defer (local >= received)
[warn] [coop:interaction] CoopInteractionTurn.mergeRemote DEFER (remote=63, counter=63, pendingRemote=63) live counter UNCHANGED (folds in at next advance if still ahead)
[log] [coop:owner] ownerOf(counter=63) seat=1 -> owner=guest
[log] [coop:owner] ownerOf(counter=63) seat=1 -> owner=guest
[log] [coop:interaction] interactionCounter() read -> 63 (role=host)
[log] [coop:interaction] interactionCounter() read -> 63 (role=guest)
[log] [coop-soak:wave-complete] {"seed":20260924,"wave":53,"wavesRequested":55,"wavesCompleted":53,"waveElapsedMs":5762,"elapsedMs":169597,"findings":0,"hostPhase":"NewBattlePhase","guestPhase":"NewBattlePhase"}
[log] %cStart Phase: NewBattlePhase color:green
[log] [coop:turn] host recorder: begin deferred transition turn=1 scope=1833203800481331:54
[log] %cStart Phase: CoopPartnerSyncPhase color:green
[log] [coop:interaction] interactionCounter() read -> 63 (role=host)
[log] %cStart Phase: NextEncounterPhase color:green
[log] [coop:interaction] interactionCounter() read -> 63 (role=host)
[log] [coop:replay] host SEND enemyPartySync wave=54 count=2 meType=-1 battleType=0 entryPresentation=-
[log] [coop:transport] send host t=enemyPartySync wave=54 enemies=2 battleType=0
[log] [coop:turn] host recorder: preserve recording scope=1833203800481331:54 turn=1 events=0 seq=0
[log] [coop:transport] recv guest t=enemyPartySync wave=54 enemies=2 battleType=0 handlers=1
[log] %cStart Phase: ToggleDoublePositionPhase color:green
[log] %cStart Phase: CheckSwitchPhase color:green
[log] %cStart Phase: CheckSwitchPhase color:green
[log] %cStart Phase: InitEncounterPhase color:green
[log] [coop:turn] host recorder: preserve recording scope=1833203800481331:54 turn=1 events=0 seq=0
[log] %cStart Phase: PostSummonPhase color:green
[log] %cStart Phase: PostSummonPhase color:green
[log] %cStart Phase: TurnInitPhase color:green
[log] [coop:replay] host SEND enemyPartySync wave=54 count=2 meType=-1 battleType=0 entryPresentation=0
[log] [coop:transport] send host t=enemyPartySync wave=54 enemies=2 battleType=0
[log] [coop:replay] host RE-BROADCAST wave-start authority wave=54 after post-summon boundary stateChanged=false presentation=0 (#920)
[log] [coop:rendezvous] next-command barrier ARRIVE+AWAIT cmd:54:1 slot=0
[log] [coop:rendezvous] ARRIVE point=cmd:54:1 (send) role=host
[log] [coop:transport] send host t=rendezvous point=cmd:54:1
[log] [coop:rendezvous] AWAIT point=cmd:54:1 timeoutMs=2000 -> network-wait role=host
[log] [coop:transport] recv guest t=enemyPartySync wave=54 enemies=2 battleType=0 handlers=1
[log] [coop:transport] recv guest t=rendezvous point=cmd:54:1 handlers=1
[log] [coop:rendezvous] RECV arrival point=cmd:54:1 -> deliver-to-waiter role=host
[log] [coop:transport] send host t=rendezvous point=cmd:54:1
[log] [coop:rendezvous] AWAIT point=cmd:54:1 RESOLVE both-arrived role=host
[log] [coop:durability] host RELEASE contiguous acknowledged authority cls=op:global seq=127
[log] [coop:transport] recv guest t=rendezvous point=cmd:54:1 handlers=1
[log] [coop:transport] send host t=enemyPartySync wave=54 enemies=2 battleType=0
[log] [coop:replay] host RE-BROADCAST wave-start authority wave=54 after post-summon boundary stateChanged=false presentation=0 (#920)
[log] [coop:transport] recv guest t=enemyPartySync wave=54 enemies=2 battleType=0 handlers=1
[log] [coop-soak:wave-start] {"seed":20260924,"wave":54,"wavesRequested":55,"wavesCompleted":53,"elapsedMs":170100,"hostPhase":"CommandPhase","guestPhase":"CommandPhase"}
[log] [coop:interaction] interactionCounter() read -> 63 (role=host)
[log] [coop:interaction] interactionCounter() read -> 63 (role=guest)
[log] [coop:interaction] interactionCounter() read -> 63 (role=host)
[log] [coop:checksum] capture digest=42a2edf0595eb0b3 field=4 biome=29 seed=coop-soak-20260924 weather=0 terrain=1 money=6590 party=[143,445,149,94,376,248] partyLevels=[65,65,65,65,65,65] arenaTags=0 modifiers=6 heldItemsDigest=6 pokeballs=[0:70,1:15,2:0,3:0,4:1] mons=[bi0:sp143/hp303-303/st0/ab12/form0/tera0:0/boss0:0 bi1:sp445/hp235-235/st0/ab8/form0/tera0:15/boss0:0 bi2:sp622/hp104-104/st0/ab231/form0/tera0:4/boss1:0 bi3:sp622/hp102-102/st0/ab5011/form0/tera0:7/boss1:0]
[log] [coop:interaction] interactionCounter() read -> 63 (role=host)
[log] %cStart Phase: SelectTargetPhase color:green
[log] [coop:owner] broadcast own-slot fi=0 turn=1 role=host cmd=0
[log] [coop:relay] broadcastLocalCommand SEND fieldIndex=0 owner=host turn=1 command=0 cursor=2 moveId=53 targets=[2]
[log] [coop:transport] send host t=command fi=0 owner=host turn=1 cmd=0 cursor=2 move=53
[log] [coop:transport] recv guest t=command fi=0 owner=host turn=1 cmd=0 cursor=2 move=53 handlers=1
[log] [coop:relay] recv command fieldIndex=0 turn=1 command=0 -> BUFFERED (no awaiter yet)
[log] %cStart Phase: CommandPhase color:green
[log] [coop:transport] send host t=enemyPartySync wave=54 enemies=2 battleType=0
[log] [coop:replay] host RE-BROADCAST wave-start authority wave=54 after post-summon boundary stateChanged=false presentation=0 (#920)
[log] [coop:battle] CommandPhase slot=1 turn=1 owner=guest role=host -> partner path
[log] [coop:relay] host requestPartnerCommand SEND fieldIndex=1 turn=1 moveSlots=[0,1,2,3] (awaiting peer)
[log] [coop:transport] send host t=commandRequest fi=1 owner=guest turn=1 slots=4
[log] [coop:transport] recv guest t=enemyPartySync wave=54 enemies=2 battleType=0 handlers=1
[log] [coop:transport] recv guest t=commandRequest fi=1 owner=guest turn=1 slots=4 handlers=1
[log] [coop:relay] peer recv commandRequest fieldIndex=1 owner=guest turn=1 moveSlots=[0,1,2,3] -> reply command=2 cursor=3 moveId=-
[log] [coop:transport] send guest t=command fi=1 owner=guest turn=1 cmd=2 cursor=3 move=-
[log] [coop:transport] recv host t=command fi=1 owner=guest turn=1 cmd=2 cursor=3 move=- handlers=1
[log] [coop:relay] recv command fieldIndex=1 turn=1 command=2 -> resolved awaiting request
[log] %cStart Phase: EnemyCommandPhase color:green
[log] %cStart Phase: EnemyCommandPhase color:green
[log] %cStart Phase: TurnStartPhase color:green
[log] [coop-diag] turn-start authoritative guard mode=authoritative role=host turn=1 diverts=false
[log] [coop:turn] host recorder: preserve recording scope=1833203800481331:54 turn=1 events=0 seq=0
[log] %cStart Phase: SwitchSummonPhase color:green
[log] [coop:turn] host recorder: preserve recording scope=1833203800481331:54 turn=1 events=0 seq=0
[log] [coop:turn] host recorder: append turn=1 seq=0 k=switch total=1 live=true
[log] %cStart Phase: PostSummonPhase color:green
[log] %cStart Phase: PostSummonPhase color:green
[log] %cStart Phase: ShowAbilityPhase color:green
[log] [coop:turn] host recorder: append turn=1 seq=1 k=showAbility total=2 live=true
[log] %cStart Phase: StatStageChangePhase color:green
[log] %cStart Phase: StatStageChangePhase color:green
[log] %cStart Phase: HideAbilityPhase color:green
[log] [coop:turn] host recorder: append turn=1 seq=2 k=hideAbility total=3 live=true
[log] %cStart Phase: MovePhase color:green
[log] [coop:turn] host recorder: append turn=1 seq=3 k=moveUsed total=4 live=true
[log] %cStart Phase: MessagePhase color:green
[log] %cStart Phase: MoveEffectPhase color:green
[log] [coop:turn] host recorder: append turn=1 seq=4 k=moveAnim total=5 live=true
[log] [coop:turn] host recorder: append turn=1 seq=5 k=hp total=6 live=true
[log] %cStart Phase: DamageAnimPhase color:green
[log] %cStart Phase: MoveEndPhase color:green
[log] %cStart Phase: MovePhase color:green
[log] [coop:turn] host recorder: append turn=1 seq=6 k=moveUsed total=7 live=true
[log] %cStart Phase: MessagePhase color:green
[log] %cStart Phase: MoveEffectPhase color:green
[log] [coop:turn] host recorder: append turn=1 seq=7 k=message total=8 live=true
[log] %cStart Phase: MessagePhase color:green
[log] %cStart Phase: MoveEndPhase color:green
[log] %cStart Phase: MovePhase color:green
[log] [coop:turn] host recorder: append turn=1 seq=8 k=moveUsed total=9 live=true
[log] %cStart Phase: MessagePhase color:green
[log] %cStart Phase: MoveEffectPhase color:green
[log] [coop:turn] host recorder: append turn=1 seq=9 k=message total=10 live=true
[log] %cStart Phase: MessagePhase color:green
[log] %cStart Phase: MoveEndPhase color:green
[log] %cStart Phase: CheckInterludePhase color:green
[log] %cStart Phase: WeatherEffectPhase color:green
[log] %cStart Phase: PositionalTagPhase color:green
[log] %cStart Phase: BerryPhase color:green
[log] %cStart Phase: CheckStatusEffectPhase color:green
[log] %cStart Phase: TurnEndPhase color:green
[log] %cStart Phase: ShowAbilityPhase color:green
[log] [coop:turn] host recorder: append turn=1 seq=10 k=showAbility total=11 live=true
[log] %cStart Phase: PokemonHealPhase color:green
[log] [coop:turn] host recorder: append turn=1 seq=11 k=hp total=12 live=true
[log] [coop:turn] host recorder: append turn=1 seq=12 k=message total=13 live=true
[log] %cStart Phase: MessagePhase color:green
[log] %cStart Phase: HideAbilityPhase color:green
[log] [coop:turn] host recorder: append turn=1 seq=13 k=hideAbility total=14 live=true
[log] %cStart Phase: CoopTurnCommitPhase color:green
[log] [coop:turn] host recorder: finalize turn=1 events=14 seq=14
[log] [coop:checkpoint] build field=4 weather=0/0 terrain=1/0 arenaTags=0 money=6590 mons=[bi0:sp143/hp303-303/st0/fnt0 bi1:sp94/hp179-179/st0/fnt0 bi2:sp622/hp65-104/st0/fnt0 bi3:sp622/hp102-102/st0/fnt0]
[log] [coop:checkpoint] host capture field=4 weather=0 terrain=1 money=6590 arenaTags=0 mons=[bi0:sp143/hp303-303/st0/fnt0 bi1:sp94/hp179-179/st0/fnt0 bi2:sp622/hp65-104/st0/fnt0 bi3:sp622/hp102-102/st0/fnt0]
[log] [coop:interaction] interactionCounter() read -> 63 (role=host)
[log] [coop:replay] host SEND turnResolution e=1833203800481331 wave=54 turn=1 rev=608 events=14 checksum=6c7f91e903417c59
[log] [coop:transport] send host t=turnResolution e=1833203800481331 wave=54 turn=1 rev=608 events=14 checksum=6c7f91e903417c59
[warn] [coop:v2-shadow] FAULT tap(TURN_COMMIT): AuthorityLog.commit: TURN_COMMIT is not authorized by predecessor control after WSHADOW/ADV/w1
[log] [coop:transport] recv guest t=turnResolution e=1833203800481331 wave=54 turn=1 rev=608 events=14 checksum=6c7f91e903417c59 handlers=1
[log] [38;2;255;127;80mPhaseInterceptor.to: Stopping on completion of CoopTurnCommitPhase[39m
[log] %cStart Phase: TurnInitPhase color:green
[log] [coop:transport] recv host t=rendezvous point=cmd:54:2 handlers=1
[log] [coop:rendezvous] RECV arrival point=cmd:54:2 -> BUFFER (no waiter yet) role=host
[log] [coop:rendezvous] ARRIVE point=cmd:54:2 (send) role=host
[log] [coop:transport] send host t=rendezvous point=cmd:54:2
[log] [coop:rendezvous] next-command barrier cmd:54:2 SYNC pass (partner already arrived)
[log] [coop:transport] recv guest t=rendezvous point=cmd:54:2 handlers=1
[log] [coop:stream] host ACCEPT turn ACK stage=continuationReady key=1833203800481331:54:1:608
[log] [coop:stream] host RELEASE retained turn after continuationReady key=1833203800481331:54:1:608
[log] %cStart Phase: SelectTargetPhase color:green
[log] [coop:owner] broadcast own-slot fi=0 turn=2 role=host cmd=0
[log] [coop:relay] broadcastLocalCommand SEND fieldIndex=0 owner=host turn=2 command=0 cursor=2 moveId=53 targets=[2]
[log] [coop:transport] send host t=command fi=0 owner=host turn=2 cmd=0 cursor=2 move=53
[log] [coop:transport] recv guest t=command fi=0 owner=host turn=2 cmd=0 cursor=2 move=53 handlers=1
[log] [coop:relay] recv command fieldIndex=0 turn=2 command=0 -> BUFFERED (no awaiter yet)
[log] %cStart Phase: CommandPhase color:green
[log] [coop:battle] CommandPhase slot=1 turn=2 owner=guest role=host -> partner path
[log] [coop:relay] host requestPartnerCommand SEND fieldIndex=1 turn=2 moveSlots=[0,1,2,3] (awaiting peer)
[log] [coop:transport] send host t=commandRequest fi=1 owner=guest turn=2 slots=4
[log] [coop:transport] recv guest t=commandRequest fi=1 owner=guest turn=2 slots=4 handlers=1
[log] [coop:relay] peer recv commandRequest fieldIndex=1 owner=guest turn=2 moveSlots=[0,1,2,3] -> reply command=0 cursor=2 moveId=53
[log] [coop:transport] send guest t=command fi=1 owner=guest turn=2 cmd=0 cursor=2 move=53
[log] [coop:transport] recv host t=command fi=1 owner=guest turn=2 cmd=0 cursor=2 move=53 handlers=1
[log] [coop:relay] recv command fieldIndex=1 turn=2 command=0 -> resolved awaiting request
[log] [coop:ai] applyWiredPartnerCommand partner=94 wiredMoveId=53 cursor=2 -> moveId=53 moveIndex=2 tera=false targets=[3] targetsFrom=wire-verbatim useMode=1
[log] %cStart Phase: EnemyCommandPhase color:green
[log] %cStart Phase: EnemyCommandPhase color:green
[log] %cStart Phase: TurnStartPhase color:green
[log] [coop-diag] turn-start authoritative guard mode=authoritative role=host turn=2 diverts=false
[log] [coop:turn] host recorder: begin turn=2 scope=1833203800481331:54 (no prior open recording)
[log] %cStart Phase: MovePhase color:green
[log] [coop:turn] host recorder: append turn=2 seq=0 k=moveUsed total=1 live=true
[log] %cStart Phase: MessagePhase color:green
[log] %cStart Phase: MoveEffectPhase color:green
[log] [coop:turn] host recorder: append turn=2 seq=1 k=moveAnim total=2 live=true
[log] [coop:turn] host recorder: append turn=2 seq=2 k=hp total=3 live=true
[log] [coop:turn] host recorder: append turn=2 seq=3 k=faint total=4 live=true
[log] %cStart Phase: DamageAnimPhase color:green
[log] %cStart Phase: FaintPhase color:green
[log] %cStart Phase: MessagePhase color:green
[log] %cStart Phase: VictoryPhase color:green
[log] [coop:progression] HOST applyPartyExp COMPUTE wave=54 expValue=452.4 koMon=Golett
[log] %cStart Phase: MoveEndPhase color:green
[log] %cStart Phase: MovePhase color:green
[log] [coop:turn] host recorder: append turn=2 seq=4 k=moveUsed total=5 live=true
[log] %cStart Phase: MessagePhase color:green
[log] %cStart Phase: MoveEffectPhase color:green
[log] [coop:turn] host recorder: append turn=2 seq=5 k=moveAnim total=6 live=true
[log] [coop:turn] host recorder: append turn=2 seq=6 k=hp total=7 live=true
[log] [coop:turn] host recorder: append turn=2 seq=7 k=faint total=8 live=true
[log] %cStart Phase: DamageAnimPhase color:green
[log] %cStart Phase: FaintPhase color:green
[log] %cStart Phase: MessagePhase color:green
[log] %cStart Phase: VictoryPhase color:green
[log] [coop:progression] HOST applyPartyExp COMPUTE wave=54 expValue=464.6 koMon=Golett
[warn] [coop:v2-shadow] FAULT tap(WAVE_ADVANCE): AuthorityLog.commit: WAVE_ADVANCE is not authorized by predecessor control after WSHADOW/ADV/w1
[log] [coop:runtime] defer raw waveResolved wave=54 outcome=win until its material turnResolution is retained
[log] [coop-diag] VictoryPhase win-branch role=host battleType=WILD queuesTrainerVictory=false queuesSelectModifier=true wave=54
[log] [coop-diag] VictoryTail role=host wave=54 source=legacy-local trainer=false egg=true biomeShop=false biomeChange=false crossroads=false nextWave=55
[log] %cStart Phase: MoveEndPhase color:green
[log] %cStart Phase: MovePhase color:green
[log] %cStart Phase: MoveEndPhase color:green
[log] %cStart Phase: MovePhase color:green
[log] %cStart Phase: MoveEndPhase color:green
[log] %cStart Phase: CheckInterludePhase color:green
[log] %cStart Phase: WeatherEffectPhase color:green
[log] %cStart Phase: PositionalTagPhase color:green
[log] %cStart Phase: BerryPhase color:green
[log] %cStart Phase: CheckStatusEffectPhase color:green
[log] %cStart Phase: TurnEndPhase color:green
[log] %cStart Phase: CoopTurnCommitPhase color:green
[log] [coop:turn] host recorder: finalize turn=2 events=8 seq=8
[log] [coop:checkpoint] build field=4 weather=0/0 terrain=1/0 arenaTags=0 money=6590 mons=[bi0:sp143/hp303-303/st0/fnt0 bi1:sp94/hp179-179/st0/fnt0 bi2:sp622/hp0-104/st7/fnt1 bi3:sp622/hp0-102/st7/fnt1]
[log] [coop:checkpoint] host capture field=4 weather=0 terrain=1 money=6590 arenaTags=0 mons=[bi0:sp143/hp303-303/st0/fnt0 bi1:sp94/hp179-179/st0/fnt0 bi2:sp622/hp0-104/st7/fnt1 bi3:sp622/hp0-102/st7/fnt1]
[log] [coop:interaction] interactionCounter() read -> 63 (role=host)
[log] [coop:replay] host SEND turnResolution e=1833203800481331 wave=54 turn=2 rev=611 events=8 checksum=3c5a3ec0e4cea8ba
[log] [coop:transport] send host t=turnResolution e=1833203800481331 wave=54 turn=2 rev=611 events=8 checksum=3c5a3ec0e4cea8ba
[warn] [coop:v2-shadow] FAULT tap(TURN_COMMIT): AuthorityLog.commit: TURN_COMMIT is not authorized by predecessor control after WSHADOW/ADV/w1
[log] [coop:runtime] send waveResolved wave=54 outcome=win (host)
[log] [coop:replay] host SEND waveResolved wave=54 outcome=win transition=WAVE_VICTORY/next55/biome0/egg1/wild
[log] [coop:transport] send host t=waveResolved wave=54 outcome=win captureParty=- cap=-
[log] [coop:transport] recv guest t=turnResolution e=1833203800481331 wave=54 turn=2 rev=611 events=8 checksum=3c5a3ec0e4cea8ba handlers=1
[log] [coop:transport] recv guest t=waveResolved wave=54 outcome=win captureParty=- cap=- handlers=1
[log] [38;2;255;127;80mPhaseInterceptor.to: Stopping on completion of CoopTurnCommitPhase[39m
[log] %cStart Phase: BattleEndPhase color:green
[log] [coop:progression] HOST automatic victory settlement deferred wave=54 sourceTurn=2 settlementTurn=3
[log] [coop:interaction] interactionCounter() read -> 63 (role=host)
[log] %cStart Phase: EggLapsePhase color:green
[log] %cStart Phase: CoopVictorySealPhase color:green
[log] [coop:transport] send host t=envelope t=envelope
[log] [coop:runtime] wave-advance op HOST commit wave=54 outcome=win next=WAVE_VICTORY rev=128 id=1833203800481331:0:WAVE_ADVANCE:54 (Wave-2f)
[log] [coop:runtime] settled WAVE_ADVANCE committed wave=54 tick=612 next=WAVE_VICTORY/wave55
[log] [coop:runtime] send waveEndState wave=54 tick=612 (host)
[log] [coop:replay] host SEND waveEndState wave=54 tick=612 party=6
[log] [coop:transport] send host t=waveEndState t=waveEndState
[log] [coop:progression] HOST automatic victory settlement sealed wave=54 sourceTurn=2 settlementTurn=3 tick=612
[log] [coop:transport] recv guest t=envelope t=envelope handlers=1
[log] [coop:transport] recv guest t=waveEndState t=waveEndState handlers=1
[log] [coop:interaction] interactionCounter() read -> 63 (role=host)
[log] [coop:owner] ownerOf(counter=63) seat=1 -> owner=guest
[log] [coop:owner] isLocalOwnerAtCounter(pinnedCounter=63) parity=1 owner=guest role=host -> false
[log] [coop:interaction] interactionCounter() read -> 63 (role=host)
[log] [coop:reward] owner/watcher decision: pinnedStart=63 liveCounter=63 parity=1 role=host pick=WATCHER option=ROLL spoof=false
[log] [coop:shop] serializeRewardOptions count=4 ids=[TEMP_STAT_STAGE_BOOSTER,POKEBALL,RARE_CANDY,SOOTHE_BELL] tiers=[0,0,0,1]
[log] [coop:reward] OWNER streams reward options (start=63 reroll=0 count=4 ids=[TEMP_STAT_STAGE_BOOSTER,POKEBALL,RARE_CANDY,SOOTHE_BELL])
[log] [coop:relay] SEND rewardOptions seq=63 reroll=0 count=4 ids=[TEMP_STAT_STAGE_BOOSTER,POKEBALL,RARE_CANDY,SOOTHE_BELL]
[log] [coop:transport] send host t=rewardOptions seq=63 reroll=0 options=4
[log] [coop:rendezvous] ARRIVE point=shop:54:63 (send) role=host
[log] [coop:transport] send host t=rendezvous point=shop:54:63
[log] [coop:reward] WATCHER waits for partner's reward picks (start=63 role=host wave=54)
[log] [coop:durability] host operation continuation window REARM key=op:global:128:1833203800481331:54:3:1833203800481331:0:WAVE_ADVANCE:54 surface=sharedInput at=1833203800481331/54/3
[log] [coop:transport] recv guest t=rewardOptions seq=63 reroll=0 options=4 handlers=1
[log] [coop:transport] recv guest t=rendezvous point=shop:54:63 handlers=1
[log] [coop:interaction] mirror begin role=watcher mirrorSeq=4032 interactionStart=63 reroll=0
[log] [coop:interaction] uiMirror beginSession role=watcher mode=6 seq=4032 early=0
[log] [coop:relay] AWAIT interactionChoice seq=63 timeoutMs=1200000 expected=[reward,shop,skip,reroll,check,transfer,lock] -> network-wait
[log] [coop:durability] operation delivery RETRY key=op:global:128:1833203800481331:54:3:1833203800481331:0:WAVE_ADVANCE:54 attempt=1/8
[log] [coop:transport] send host t=envelope t=envelope
[log] [coop:interaction] interactionCounter() read -> 63 (role=host)
[log] [coop:checksum] capture digest=3c5a3ec0e4cea8ba field=4 biome=29 seed=coop-soak-20260924 weather=0 terrain=1 money=6590 party=[143,94,149,445,376,248] partyLevels=[65,65,65,65,65,65] arenaTags=0 modifiers=6 heldItemsDigest=0 pokeballs=[0:70,1:15,2:0,3:0,4:1] mons=[bi0:sp143/hp303-303/st0/ab12/form0/tera0:0/boss0:0 bi1:sp94/hp179-179/st0/ab5067/form0/tera0:7/boss0:0 bi2:sp622/hp0-104/st7/ab231/form0/tera0:4/boss1:0 bi3:sp622/hp0-102/st7/ab5011/form0/tera0:7/boss1:0]
[log] [coop:rendezvous] RECV arrival point=shop:54:63 -> BUFFER (no waiter yet) role=host
[log] [coop:stream] host ACCEPT turn ACK stage=continuationReady key=1833203800481331:54:2:611
[log] [coop:stream] host RELEASE retained turn after continuationReady key=1833203800481331:54:2:611
[log] [coop:durability] host RELEASE contiguous acknowledged authority cls=op:global seq=128
[log] [coop:relay] DELIVER interactionChoice seq=63 -> waiter kind=skip choice=-1 data=-
[log] [coop:relay] AWAIT interactionChoice seq=63 RESOLVE kind=skip choice=-1 data=-
[log] [coop:reward] WATCHER applying relayed action seq=63 act=LEAVE choice=-1 data=-
[log] [coop:shop] serializeRewardOptions count=4 ids=[TEMP_STAT_STAGE_BOOSTER,POKEBALL,RARE_CANDY,SOOTHE_BELL] tiers=[0,0,0,1]
[log] [coop:transport] send host t=envelope t=envelope
[log] [coop:reward] reward authoritative RESULT retained rev=129 tick=613 id=1833203800481331:1:REWARD:6300000
[log] [coop:transport] recv guest t=envelope t=envelope handlers=1
[log] [coop:interaction] interactionCounter() read -> 63 (role=host)
[log] [coop:interaction] interactionCounter() read -> 63 (role=host)
[log] [coop:interaction] RECV interaction broadcast (deferred catch-up net) received=64 localBefore=63 role=host -> WILL DEFER to 64 (folds in at next advance if still ahead)
[warn] [coop:interaction] CoopInteractionTurn.mergeRemote DEFER (remote=64, counter=63, pendingRemote=64) live counter UNCHANGED (folds in at next advance if still ahead)
[log] [coop:owner] ownerOf(counter=63) seat=1 -> owner=guest
[log] [coop:owner] ownerOf(counter=63) seat=1 -> owner=guest
[log] [coop:reward] OWNER peer material applied; release terminal engine barrier seq=63 id=1833203800481331:1:REWARD:6300000
[log] [coop:interaction] interactionCounter() read -> 63 (role=host)
[log] [coop:interaction] CoopInteractionTurn.advance INCREMENT (fromCounter=63) counter 63 -> 64
[log] [coop:interaction] advanceInteraction ADVANCED+BROADCAST (fromCounter=63) counter 63 -> 64 role=host; send interaction screen=__turn__ choice=64
[log] [coop:interaction] SEND counter snapshot reason=advance choice=64 role=host
[log] [coop:transport] send host t=interaction screen=__turn__
[log] [coop:owner] ownerOf(counter=64) seat=0 -> owner=host
[log] [coop:owner] ownerOf(counter=64) seat=0 -> owner=host
[log] [coop:interaction] interactionCounter() read -> 64 (role=host)
[log] [coop:reward] advance interaction (role=host from=63 counter 63 -> 64)
[log] [coop:transport] recv guest t=interaction screen=__turn__ handlers=1
[log] [coop:interaction] interactionCounter() read -> 64 (role=host)
[log] [coop:interaction] interactionCounter() read -> 64 (role=guest)
[log] [coop-soak:wave-complete] {"seed":20260924,"wave":54,"wavesRequested":55,"wavesCompleted":54,"waveElapsedMs":2978,"elapsedMs":173078,"findings":0,"hostPhase":"NewBattlePhase","guestPhase":"NewBattlePhase"}
[log] %cStart Phase: NewBattlePhase color:green
[log] [coop:turn] host recorder: begin deferred transition turn=1 scope=1833203800481331:55
[log] %cStart Phase: CoopPartnerSyncPhase color:green
[log] [coop:interaction] interactionCounter() read -> 64 (role=host)
[log] %cStart Phase: ReturnPhase color:green
[log] [coop:turn] host recorder: preserve recording scope=1833203800481331:55 turn=1 events=0 seq=0
[log] %cStart Phase: ReturnPhase color:green
[log] [coop:turn] host recorder: preserve recording scope=1833203800481331:55 turn=1 events=0 seq=0
[log] %cStart Phase: ShowTrainerPhase color:green
[log] %cStart Phase: NextEncounterPhase color:green
[log] [coop:interaction] interactionCounter() read -> 64 (role=host)
[log] [coop:replay] host SEND enemyPartySync wave=55 count=4 meType=-1 battleType=1 entryPresentation=-
[log] [coop:transport] send host t=enemyPartySync wave=55 enemies=4 battleType=1
[log] [coop:transport] recv guest t=enemyPartySync wave=55 enemies=4 battleType=1 handlers=1
[log] [coop:turn] host recorder: preserve recording scope=1833203800481331:55 turn=1 events=0 seq=0
[log] %cStart Phase: SummonPhase color:green
[log] [coop:turn] host recorder: preserve recording scope=1833203800481331:55 turn=1 events=0 seq=0
[log] %cStart Phase: SummonPhase color:green
[log] [coop:turn] host recorder: preserve recording scope=1833203800481331:55 turn=1 events=0 seq=0
[log] %cStart Phase: SummonPhase color:green
[log] [coop:turn] host recorder: preserve recording scope=1833203800481331:55 turn=1 events=0 seq=0
[log] %cStart Phase: ToggleDoublePositionPhase color:green
[log] %cStart Phase: SummonPhase color:green
[log] [coop:turn] host recorder: preserve recording scope=1833203800481331:55 turn=1 events=0 seq=0
[log] %cStart Phase: InitEncounterPhase color:green
[log] [coop:turn] host recorder: preserve recording scope=1833203800481331:55 turn=1 events=0 seq=0
[log] %cStart Phase: PostSummonPhase color:green
[log] %cStart Phase: PostSummonPhase color:green
[log] %cStart Phase: ShowAbilityPhase color:green
[log] [coop:turn] host recorder: append turn=1 seq=0 k=showAbility total=1 live=true
[log] %cStart Phase: StatStageChangePhase color:green
[log] %cStart Phase: StatStageChangePhase color:green
[log] %cStart Phase: HideAbilityPhase color:green
[log] [coop:turn] host recorder: append turn=1 seq=1 k=hideAbility total=2 live=true
[log] %cStart Phase: PostSummonPhase color:green
[log] %cStart Phase: PostSummonPhase color:green
[log] %cStart Phase: PostSummonPhase color:green
[log] %cStart Phase: PostSummonPhase color:green
[log] %cStart Phase: TurnInitPhase color:green
[log] [coop:replay] host SEND enemyPartySync wave=55 count=4 meType=-1 battleType=1 entryPresentation=2
[log] [coop:transport] send host t=enemyPartySync wave=55 enemies=4 battleType=1
[log] [coop:replay] host RE-BROADCAST wave-start authority wave=55 after post-summon boundary stateChanged=true presentation=2 (#920)
[log] [coop:rendezvous] next-command barrier ARRIVE+AWAIT cmd:55:1 slot=0
[log] [coop:rendezvous] ARRIVE point=cmd:55:1 (send) role=host
[log] [coop:transport] send host t=rendezvous point=cmd:55:1
[log] [coop:rendezvous] AWAIT point=cmd:55:1 timeoutMs=2000 -> network-wait role=host
[log] [coop:transport] recv guest t=enemyPartySync wave=55 enemies=4 battleType=1 handlers=1
[log] [coop:transport] recv guest t=rendezvous point=cmd:55:1 handlers=1
[log] [coop:rendezvous] RECV arrival point=cmd:55:1 -> deliver-to-waiter role=host
[log] [coop:transport] send host t=rendezvous point=cmd:55:1
[log] [coop:rendezvous] AWAIT point=cmd:55:1 RESOLVE both-arrived role=host
[log] [coop:durability] host RELEASE contiguous acknowledged authority cls=op:global seq=129
[log] [coop:transport] recv guest t=rendezvous point=cmd:55:1 handlers=1
[log] [coop:transport] send host t=enemyPartySync wave=55 enemies=4 battleType=1
[log] [coop:replay] host RE-BROADCAST wave-start authority wave=55 after post-summon boundary stateChanged=false presentation=2 (#920)
[log] [coop:transport] recv guest t=enemyPartySync wave=55 enemies=4 battleType=1 handlers=1
[log] [coop-soak:wave-start] {"seed":20260924,"wave":55,"wavesRequested":55,"wavesCompleted":54,"elapsedMs":174152,"hostPhase":"CommandPhase","guestPhase":"CommandPhase"}
[log] [coop:interaction] interactionCounter() read -> 64 (role=host)
[log] [coop:interaction] interactionCounter() read -> 64 (role=guest)
[log] [coop:interaction] interactionCounter() read -> 64 (role=host)
[log] [coop:checksum] capture digest=6e5d80470a88b4a4 field=4 biome=29 seed=coop-soak-20260924 weather=0 terrain=1 money=6590 party=[143,94,149,445,376,248] partyLevels=[65,65,65,65,65,65] arenaTags=0 modifiers=6 heldItemsDigest=1 pokeballs=[0:70,1:15,2:0,3:0,4:1] mons=[bi0:sp143/hp303-303/st0/ab12/form0/tera0:0/boss0:0 bi1:sp94/hp179-179/st0/ab5067/form0/tera0:7/boss0:0 bi2:sp260/hp145-145/st0/ab33/form0/tera0:10/boss0:0 bi3:sp733/hp120-120/st0/ab125/form0/tera0:2/boss0:0]
[log] [coop:interaction] interactionCounter() read -> 64 (role=host)
[log] %cStart Phase: SelectTargetPhase color:green
[log] [coop:owner] broadcast own-slot fi=0 turn=1 role=host cmd=0
[log] [coop:relay] broadcastLocalCommand SEND fieldIndex=0 owner=host turn=1 command=0 cursor=1 moveId=247 targets=[2]
[log] [coop:transport] send host t=command fi=0 owner=host turn=1 cmd=0 cursor=1 move=247
[log] [coop:transport] recv guest t=command fi=0 owner=host turn=1 cmd=0 cursor=1 move=247 handlers=1
[log] [coop:relay] recv command fieldIndex=0 turn=1 command=0 -> BUFFERED (no awaiter yet)
[log] %cStart Phase: CommandPhase color:green
[log] [coop:transport] send host t=enemyPartySync wave=55 enemies=4 battleType=1
[log] [coop:replay] host RE-BROADCAST wave-start authority wave=55 after post-summon boundary stateChanged=false presentation=2 (#920)
[log] [coop:battle] CommandPhase slot=1 turn=1 owner=guest role=host -> partner path
[log] [coop:relay] host requestPartnerCommand SEND fieldIndex=1 turn=1 moveSlots=[0,1,2,3] (awaiting peer)
[log] [coop:transport] send host t=commandRequest fi=1 owner=guest turn=1 slots=4
[log] [coop:transport] recv guest t=enemyPartySync wave=55 enemies=4 battleType=1 handlers=1
[log] [coop:transport] recv guest t=commandRequest fi=1 owner=guest turn=1 slots=4 handlers=1
[log] [coop:relay] peer recv commandRequest fieldIndex=1 owner=guest turn=1 moveSlots=[0,1,2,3] -> reply command=0 cursor=2 moveId=53
[log] [coop:transport] send guest t=command fi=1 owner=guest turn=1 cmd=0 cursor=2 move=53
[log] [coop:transport] recv host t=command fi=1 owner=guest turn=1 cmd=0 cursor=2 move=53 handlers=1
[log] [coop:relay] recv command fieldIndex=1 turn=1 command=0 -> resolved awaiting request
[log] [coop:ai] applyWiredPartnerCommand partner=94 wiredMoveId=53 cursor=2 -> moveId=53 moveIndex=2 tera=false targets=[3] targetsFrom=wire-verbatim useMode=1
[log] %cStart Phase: EnemyCommandPhase color:green
[log] %cStart Phase: EnemyCommandPhase color:green
[log] %cStart Phase: TurnStartPhase color:green
[log] [coop-diag] turn-start authoritative guard mode=authoritative role=host turn=1 diverts=false
[log] [coop:turn] host recorder: preserve recording scope=1833203800481331:55 turn=1 events=2 seq=2
[log] %cStart Phase: MovePhase color:green
[log] [coop:turn] host recorder: append turn=1 seq=2 k=moveUsed total=3 live=true
[log] %cStart Phase: MessagePhase color:green
[log] %cStart Phase: MoveEffectPhase color:green
[log] [coop:turn] host recorder: append turn=1 seq=3 k=moveAnim total=4 live=true
[log] [coop:turn] host recorder: append turn=1 seq=4 k=hp total=5 live=true
[log] %cStart Phase: DamageAnimPhase color:green
[log] %cStart Phase: MoveEndPhase color:green
[log] %cStart Phase: MovePhase color:green
[log] [coop:turn] host recorder: append turn=1 seq=5 k=moveUsed total=6 live=true
[log] %cStart Phase: MessagePhase color:green
[log] %cStart Phase: MoveEffectPhase color:green
[log] [coop:turn] host recorder: append turn=1 seq=6 k=moveAnim total=7 live=true
[log] [coop:turn] host recorder: append turn=1 seq=7 k=hp total=8 live=true
[log] %cStart Phase: DamageAnimPhase color:green
[log] %cStart Phase: MoveEndPhase color:green
[log] %cStart Phase: MovePhase color:green
[log] [coop:turn] host recorder: append turn=1 seq=8 k=moveUsed total=9 live=true
[log] %cStart Phase: MessagePhase color:green
[log] %cStart Phase: MoveEffectPhase color:green
[log] [coop:turn] host recorder: append turn=1 seq=9 k=moveAnim total=10 live=true
[log] [coop:turn] host recorder: append turn=1 seq=10 k=hp total=11 live=true
[log] %cStart Phase: DamageAnimPhase color:green
[log] %cStart Phase: MoveEndPhase color:green
[log] %cStart Phase: MovePhase color:green
[log] [coop:turn] host recorder: append turn=1 seq=11 k=moveUsed total=12 live=true
[log] %cStart Phase: MessagePhase color:green
[log] %cStart Phase: MoveEffectPhase color:green
[log] [coop:turn] host recorder: append turn=1 seq=12 k=moveAnim total=13 live=true
[log] [coop:turn] host recorder: append turn=1 seq=13 k=hp total=14 live=true
[log] %cStart Phase: DamageAnimPhase color:green
[log] %cStart Phase: MoveEndPhase color:green
[log] %cStart Phase: CheckInterludePhase color:green
[log] %cStart Phase: WeatherEffectPhase color:green
[log] %cStart Phase: PositionalTagPhase color:green
[log] %cStart Phase: BerryPhase color:green
[log] %cStart Phase: CheckStatusEffectPhase color:green
[log] %cStart Phase: TurnEndPhase color:green
[log] %cStart Phase: CoopTurnCommitPhase color:green
[log] [coop:turn] host recorder: finalize turn=1 events=14 seq=14
[log] [coop:checkpoint] build field=4 weather=0/0 terrain=1/0 arenaTags=0 money=6590 mons=[bi0:sp143/hp303-303/st0/fnt0 bi1:sp94/hp35-179/st0/fnt0 bi2:sp260/hp88-145/st0/fnt0 bi3:sp733/hp7-120/st0/fnt0]
[log] [coop:checkpoint] host capture field=4 weather=0 terrain=1 money=6590 arenaTags=0 mons=[bi0:sp143/hp303-303/st0/fnt0 bi1:sp94/hp35-179/st0/fnt0 bi2:sp260/hp88-145/st0/fnt0 bi3:sp733/hp7-120/st0/fnt0]
[log] [coop:interaction] interactionCounter() read -> 64 (role=host)
[log] [coop:replay] host SEND turnResolution e=1833203800481331 wave=55 turn=1 rev=620 events=14 checksum=3ae210fec9ca10a9
[log] [coop:transport] send host t=turnResolution e=1833203800481331 wave=55 turn=1 rev=620 events=14 checksum=3ae210fec9ca10a9
[warn] [coop:v2-shadow] FAULT tap(TURN_COMMIT): AuthorityLog.commit: TURN_COMMIT is not authorized by predecessor control after WSHADOW/ADV/w1
[log] [coop:transport] recv guest t=turnResolution e=1833203800481331 wave=55 turn=1 rev=620 events=14 checksum=3ae210fec9ca10a9 handlers=1
[log] [38;2;255;127;80mPhaseInterceptor.to: Stopping on completion of CoopTurnCommitPhase[39m
[log] %cStart Phase: TurnInitPhase color:green
[log] [coop:transport] recv host t=rendezvous point=cmd:55:2 handlers=1
[log] [coop:rendezvous] RECV arrival point=cmd:55:2 -> BUFFER (no waiter yet) role=host
[log] [coop:rendezvous] ARRIVE point=cmd:55:2 (send) role=host
[log] [coop:transport] send host t=rendezvous point=cmd:55:2
[log] [coop:rendezvous] next-command barrier cmd:55:2 SYNC pass (partner already arrived)
[log] [coop:transport] recv guest t=rendezvous point=cmd:55:2 handlers=1
[log] [coop:stream] host ACCEPT turn ACK stage=continuationReady key=1833203800481331:55:1:620
[log] [coop:stream] host RELEASE retained turn after continuationReady key=1833203800481331:55:1:620
[log] %cStart Phase: SelectTargetPhase color:green
[log] [coop:owner] broadcast own-slot fi=0 turn=2 role=host cmd=0
[log] [coop:relay] broadcastLocalCommand SEND fieldIndex=0 owner=host turn=2 command=0 cursor=1 moveId=247 targets=[2]
[log] [coop:transport] send host t=command fi=0 owner=host turn=2 cmd=0 cursor=1 move=247
[log] [coop:transport] recv guest t=command fi=0 owner=host turn=2 cmd=0 cursor=1 move=247 handlers=1
[log] [coop:relay] recv command fieldIndex=0 turn=2 command=0 -> BUFFERED (no awaiter yet)
[log] %cStart Phase: CommandPhase color:green
[log] [coop:battle] CommandPhase slot=1 turn=2 owner=guest role=host -> partner path
[log] [coop:relay] host requestPartnerCommand SEND fieldIndex=1 turn=2 moveSlots=[0,1,2,3] (awaiting peer)
[log] [coop:transport] send host t=commandRequest fi=1 owner=guest turn=2 slots=4
[log] [coop:transport] recv guest t=commandRequest fi=1 owner=guest turn=2 slots=4 handlers=1
[log] [coop:relay] peer recv commandRequest fieldIndex=1 owner=guest turn=2 moveSlots=[0,1,2,3] -> reply command=0 cursor=2 moveId=53
[log] [coop:transport] send guest t=command fi=1 owner=guest turn=2 cmd=0 cursor=2 move=53
[log] [coop:transport] recv host t=command fi=1 owner=guest turn=2 cmd=0 cursor=2 move=53 handlers=1
[log] [coop:relay] recv command fieldIndex=1 turn=2 command=0 -> resolved awaiting request
[log] [coop:ai] applyWiredPartnerCommand partner=94 wiredMoveId=53 cursor=2 -> moveId=53 moveIndex=2 tera=false targets=[3] targetsFrom=wire-verbatim useMode=1
[log] %cStart Phase: EnemyCommandPhase color:green
[log] %cStart Phase: EnemyCommandPhase color:green
[log] %cStart Phase: TurnStartPhase color:green
[log] [coop-diag] turn-start authoritative guard mode=authoritative role=host turn=2 diverts=false
[log] [coop:turn] host recorder: begin turn=2 scope=1833203800481331:55 (no prior open recording)
[log] %cStart Phase: MovePhase color:green
[log] [coop:turn] host recorder: append turn=2 seq=0 k=moveUsed total=1 live=true
[log] %cStart Phase: MessagePhase color:green
[log] %cStart Phase: MoveEffectPhase color:green
[log] [coop:turn] host recorder: append turn=2 seq=1 k=moveAnim total=2 live=true
[log] [coop:turn] host recorder: append turn=2 seq=2 k=hp total=3 live=true
[log] [coop:turn] host recorder: append turn=2 seq=3 k=faint total=4 live=true
[log] %cStart Phase: DamageAnimPhase color:green
[log] %cStart Phase: FaintPhase color:green
[log] %cStart Phase: MessagePhase color:green
[log] %cStart Phase: VictoryPhase color:green
[log] [coop:progression] HOST applyPartyExp COMPUTE wave=55 expValue=1847.8 koMon=Toucannon
[log] %cStart Phase: MoveEndPhase color:green
[log] %cStart Phase: MovePhase color:green
[log] [coop:turn] host recorder: append turn=2 seq=4 k=moveUsed total=5 live=true
[log] %cStart Phase: MessagePhase color:green
[log] %cStart Phase: MoveEffectPhase color:green
[log] [coop:turn] host recorder: append turn=2 seq=5 k=moveAnim total=6 live=true
[log] [coop:turn] host recorder: append turn=2 seq=6 k=hp total=7 live=true
[log] [coop:turn] host recorder: append turn=2 seq=7 k=faint total=8 live=true
[log] %cStart Phase: DamageAnimPhase color:green
[log] %cStart Phase: FaintPhase color:green
[log] %cStart Phase: MessagePhase color:green
[log] %cStart Phase: MoveEndPhase color:green
[log] %cStart Phase: MovePhase color:green
[log] [coop:turn] host recorder: append turn=2 seq=8 k=moveUsed total=9 live=true
[log] %cStart Phase: MessagePhase color:green
[log] %cStart Phase: MoveEffectPhase color:green
[log] [coop:turn] host recorder: append turn=2 seq=9 k=moveAnim total=10 live=true
[log] [coop:turn] host recorder: append turn=2 seq=10 k=hp total=11 live=true
[log] %cStart Phase: DamageAnimPhase color:green
[log] %cStart Phase: MoveEndPhase color:green
[log] %cStart Phase: MovePhase color:green
[log] %cStart Phase: MoveEndPhase color:green
[log] %cStart Phase: CheckInterludePhase color:green
[log] %cStart Phase: WeatherEffectPhase color:green
[log] %cStart Phase: PositionalTagPhase color:green
[log] %cStart Phase: BerryPhase color:green
[log] %cStart Phase: CheckStatusEffectPhase color:green
[log] %cStart Phase: TurnEndPhase color:green
[log] %cStart Phase: CoopTurnCommitPhase color:green
[log] [coop:turn] host recorder: finalize turn=2 events=11 seq=11
[log] [coop:checkpoint] build field=4 weather=0/0 terrain=1/0 arenaTags=0 money=6590 mons=[bi0:sp143/hp303-303/st0/fnt0 bi1:sp94/hp0-179/st7/fnt1 bi2:sp260/hp31-145/st0/fnt0 bi3:sp733/hp0-120/st7/fnt1]
[log] [coop:checkpoint] host capture field=4 weather=0 terrain=1 money=6590 arenaTags=0 mons=[bi0:sp143/hp303-303/st0/fnt0 bi1:sp94/hp0-179/st7/fnt1 bi2:sp260/hp31-145/st0/fnt0 bi3:sp733/hp0-120/st7/fnt1]
[log] [coop:interaction] interactionCounter() read -> 64 (role=host)
[log] [coop:replay] host SEND turnResolution e=1833203800481331 wave=55 turn=2 rev=623 events=11 checksum=022872e3d5e26726
[log] [coop:transport] send host t=turnResolution e=1833203800481331 wave=55 turn=2 rev=623 events=11 checksum=022872e3d5e26726
[warn] [coop:v2-shadow] FAULT tap(TURN_COMMIT): AuthorityLog.commit: TURN_COMMIT is not authorized by predecessor control after WSHADOW/ADV/w1
[log] [coop:transport] recv guest t=turnResolution e=1833203800481331 wave=55 turn=2 rev=623 events=11 checksum=022872e3d5e26726 handlers=1
[log] [38;2;255;127;80mPhaseInterceptor.to: Stopping on completion of CoopTurnCommitPhase[39m