----- BUG REPORT (in-game) -----
version:  1.11.19
build:    github:7bd1a215937037a618d9a5390487e117a207b72d:run-30835750818.1
url:      https://elite-redux.pages.dev/
ua:       Mozilla/5.0 (Windows NT 10.0; Win64; x64) AppleWebKit/537.36 (KHTML, like Gecko) Chrome/151.0.0.0 Safari/537.36
platform: Win32
screen:   1366x768 @1x  devmem:16 GB
boot:     boot-start@0ms -> loading-complete@29675ms -> title-shown@35666ms
lastSess: ok (reached title)
mode:     0  wave:72  difficulty:hell
seed:     VJyUUAQVgmLfa5GE8v9cYjoF
party:    Xerneas(L59 235/235), Dragalge(L60 58/190), Oricorio(L58 0/172), Palafin(L59 205/205), Meganium(L59 181/181), Dodrio(L59 193/193)

----- DESCRIPTION -----
Dire claw was randomly super effective on oricorio, It happened with Dragalge a bit earlier in my run as well.

----- BUILD IDENTITY (JSON) -----
{"version":1,"id":"github:7bd1a215937037a618d9a5390487e117a207b72d:run-30835750818.1","source":"github","sha":"7bd1a215937037a618d9a5390487e117a207b72d","workflow":{"provider":"github-actions","runId":"30835750818","runAttempt":1,"workflow":"Deploy Production","job":"deploy","repository":"Heraklines/elite-redux","ref":"integrate/prod-bugs-20260802"},"deployment":null}

----- CONSOLE -----
[22:40:35.379] WARN: Could not get co-op identity ticket! 503 
[22:40:35.379] WARN: [coop:lobby] start failed: could not authenticate co-op identity (503)
[22:40:37.380] LOG: [coop:lobby] start announce name=HolyRedux2 protocol=p33
[22:40:37.425] WARN: Could not get co-op identity ticket! 503 
[22:40:37.425] WARN: [coop:lobby] start failed: could not authenticate co-op identity (503)
[22:40:39.426] LOG: [coop:lobby] start announce name=HolyRedux2 protocol=p33
[22:40:39.475] WARN: Could not get co-op identity ticket! 503 
[22:40:39.475] WARN: [coop:lobby] start failed: could not authenticate co-op identity (503)
[22:40:41.477] LOG: [coop:lobby] start announce name=HolyRedux2 protocol=p33
[22:40:41.524] WARN: Could not get co-op identity ticket! 503 
[22:40:41.524] WARN: [coop:lobby] start failed: could not authenticate co-op identity (503)
[22:40:43.524] LOG: [coop:lobby] start announce name=HolyRedux2 protocol=p33
[22:40:43.573] WARN: Could not get co-op identity ticket! 503 
[22:40:43.573] WARN: [coop:lobby] start failed: could not authenticate co-op identity (503)
[22:40:45.574] LOG: [coop:lobby] start announce name=HolyRedux2 protocol=p33
[22:40:45.622] WARN: Could not get co-op identity ticket! 503 
[22:40:45.622] WARN: [coop:lobby] start failed: could not authenticate co-op identity (503)
[22:40:47.628] LOG: [coop:lobby] start announce name=HolyRedux2 protocol=p33
[22:40:47.671] WARN: Could not get co-op identity ticket! 503 
[22:40:47.671] WARN: [coop:lobby] start failed: could not authenticate co-op identity (503)
[22:40:49.677] LOG: [coop:lobby] start announce name=HolyRedux2 protocol=p33
[22:40:49.727] WARN: Could not get co-op identity ticket! 503 
[22:40:49.727] WARN: [coop:lobby] start failed: could not authenticate co-op identity (503)
[22:40:51.729] LOG: [coop:lobby] start announce name=HolyRedux2 protocol=p33
[22:40:51.776] WARN: Could not get co-op identity ticket! 503 
[22:40:51.776] WARN: [coop:lobby] start failed: could not authenticate co-op identity (503)
[22:40:53.776] LOG: [coop:lobby] start announce name=HolyRedux2 protocol=p33
[22:40:53.824] WARN: Could not get co-op identity ticket! 503 
[22:40:53.824] WARN: [coop:lobby] start failed: could not authenticate co-op identity (503)
[22:40:55.826] LOG: [coop:lobby] start announce name=HolyRedux2 protocol=p33
[22:40:55.873] WARN: Could not get co-op identity ticket! 503 
[22:40:55.874] WARN: [coop:lobby] start failed: could not authenticate co-op identity (503)
[22:40:57.874] LOG: [coop:lobby] start announce name=HolyRedux2 protocol=p33
[22:40:57.923] WARN: Could not get co-op identity ticket! 503 
[22:40:57.923] WARN: [coop:lobby] start failed: could not authenticate co-op identity (503)
[22:40:59.924] LOG: [coop:lobby] start announce name=HolyRedux2 protocol=p33
[22:40:59.976] WARN: Could not get co-op identity ticket! 503 
[22:40:59.976] WARN: [coop:lobby] start failed: could not authenticate co-op identity (503)
[22:41:01.982] LOG: [coop:lobby] start announce name=HolyRedux2 protocol=p33
[22:41:02.030] WARN: Could not get co-op identity ticket! 503 
[22:41:02.030] WARN: [coop:lobby] start failed: could not authenticate co-op identity (503)
[22:41:04.031] LOG: [coop:lobby] start announce name=HolyRedux2 protocol=p33
[22:41:04.079] WARN: Could not get co-op identity ticket! 503 
[22:41:04.079] WARN: [coop:lobby] start failed: could not authenticate co-op identity (503)
[22:41:06.081] LOG: [coop:lobby] start announce name=HolyRedux2 protocol=p33
[22:41:06.128] WARN: Could not get co-op identity ticket! 503 
[22:41:06.128] WARN: [coop:lobby] start failed: could not authenticate co-op identity (503)
[22:41:08.129] LOG: [coop:lobby] start announce name=HolyRedux2 protocol=p33
[22:41:08.177] WARN: Could not get co-op identity ticket! 503 
[22:41:08.177] WARN: [coop:lobby] start failed: could not authenticate co-op identity (503)
[22:41:10.178] LOG: [coop:lobby] start announce name=HolyRedux2 protocol=p33
[22:41:10.226] WARN: Could not get co-op identity ticket! 503 
[22:41:10.226] WARN: [coop:lobby] start failed: could not authenticate co-op identity (503)
[22:41:12.228] LOG: [coop:lobby] start announce name=HolyRedux2 protocol=p33
[22:41:12.275] WARN: Could not get co-op identity ticket! 503 
[22:41:12.276] WARN: [coop:lobby] start failed: could not authenticate co-op identity (503)
[22:41:14.277] LOG: [coop:lobby] start announce name=HolyRedux2 protocol=p33
[22:41:14.325] WARN: Could not get co-op identity ticket! 503 
[22:41:14.325] WARN: [coop:lobby] start failed: could not authenticate co-op identity (503)
[22:41:16.326] LOG: [coop:lobby] start announce name=HolyRedux2 protocol=p33
[22:41:16.376] WARN: Could not get co-op identity ticket! 503 
[22:41:16.376] WARN: [coop:lobby] start failed: could not authenticate co-op identity (503)
[22:41:18.382] LOG: [coop:lobby] start announce name=HolyRedux2 protocol=p33
[22:41:18.431] WARN: Could not get co-op identity ticket! 503 
[22:41:18.432] WARN: [coop:lobby] start failed: could not authenticate co-op identity (503)
[22:41:20.432] LOG: [coop:lobby] start announce name=HolyRedux2 protocol=p33
[22:41:20.480] WARN: Could not get co-op identity ticket! 503 
[22:41:20.480] WARN: [coop:lobby] start failed: could not authenticate co-op identity (503)
[22:41:22.480] LOG: [coop:lobby] start announce name=HolyRedux2 protocol=p33
[22:41:22.533] WARN: Could not get co-op identity ticket! 503 
[22:41:22.533] WARN: [coop:lobby] start failed: could not authenticate co-op identity (503)
[22:41:24.534] LOG: [coop:lobby] start announce name=HolyRedux2 protocol=p33
[22:41:24.583] WARN: Could not get co-op identity ticket! 503 
[22:41:24.584] WARN: [coop:lobby] start failed: could not authenticate co-op identity (503)
[22:41:26.584] LOG: [coop:lobby] start announce name=HolyRedux2 protocol=p33
[22:41:26.631] WARN: Could not get co-op identity ticket! 503 
[22:41:26.631] WARN: [coop:lobby] start failed: could not authenticate co-op identity (503)
[22:41:28.631] LOG: [coop:lobby] start announce name=HolyRedux2 protocol=p33
[22:41:28.681] WARN: Could not get co-op identity ticket! 503 
[22:41:28.681] WARN: [coop:lobby] start failed: could not authenticate co-op identity (503)
[22:41:30.685] LOG: [coop:lobby] start announce name=HolyRedux2 protocol=p33
[22:41:30.735] WARN: Could not get co-op identity ticket! 503 
[22:41:30.735] WARN: [coop:lobby] start failed: could not authenticate co-op identity (503)
[22:41:32.735] LOG: [coop:lobby] start announce name=HolyRedux2 protocol=p33
[22:41:32.784] WARN: Could not get co-op identity ticket! 503 
[22:41:32.784] WARN: [coop:lobby] start failed: could not authenticate co-op identity (503)
[22:41:34.785] LOG: [coop:lobby] start announce name=HolyRedux2 protocol=p33
[22:41:34.831] WARN: Could not get co-op identity ticket! 503 
[22:41:34.832] WARN: [coop:lobby] start failed: could not authenticate co-op identity (503)
[22:41:36.832] LOG: [coop:lobby] start announce name=HolyRedux2 protocol=p33
[22:41:36.880] WARN: Could not get co-op identity ticket! 503 
[22:41:36.880] WARN: [coop:lobby] start failed: could not authenticate co-op identity (503)
[22:41:38.897] LOG: [coop:lobby] start announce name=HolyRedux2 protocol=p33
[22:41:38.946] WARN: Could not get co-op identity ticket! 503 
[22:41:38.946] WARN: [coop:lobby] start failed: could not authenticate co-op identity (503)
[22:41:40.947] LOG: [coop:lobby] start announce name=HolyRedux2 protocol=p33
[22:41:40.993] WARN: Could not get co-op identity ticket! 503 
[22:41:40.993] WARN: [coop:lobby] start failed: could not authenticate co-op identity (503)
[22:41:42.993] LOG: [coop:lobby] start announce name=HolyRedux2 protocol=p33
[22:41:43.040] WARN: Could not get co-op identity ticket! 503 
[22:41:43.040] WARN: [coop:lobby] start failed: could not authenticate co-op identity (503)
[22:41:45.042] LOG: [coop:lobby] start announce name=HolyRedux2 protocol=p33
[22:41:45.089] WARN: Could not get co-op identity ticket! 503 
[22:41:45.090] WARN: [coop:lobby] start failed: could not authenticate co-op identity (503)
[22:41:47.090] LOG: [coop:lobby] start announce name=HolyRedux2 protocol=p33
[22:41:47.137] WARN: Could not get co-op identity ticket! 503 
[22:41:47.137] WARN: [coop:lobby] start failed: could not authenticate co-op identity (503)
[22:41:49.138] LOG: [coop:lobby] start announce name=HolyRedux2 protocol=p33
[22:41:49.187] WARN: Could not get co-op identity ticket! 503 
[22:41:49.188] WARN: [coop:lobby] start failed: could not authenticate co-op identity (503)
[22:41:51.198] LOG: [coop:lobby] start announce name=HolyRedux2 protocol=p33
[22:41:51.249] WARN: Could not get co-op identity ticket! 503 
[22:41:51.249] WARN: [coop:lobby] start failed: could not authenticate co-op identity (503)
[22:41:53.250] LOG: [coop:lobby] start announce name=HolyRedux2 protocol=p33
[22:41:53.302] WARN: Could not get co-op identity ticket! 503 
[22:41:53.302] WARN: [coop:lobby] start failed: could not authenticate co-op identity (503)
[22:41:55.303] LOG: [coop:lobby] start announce name=HolyRedux2 protocol=p33
[22:41:55.350] WARN: Could not get co-op identity ticket! 503 
[22:41:55.350] WARN: [coop:lobby] start failed: could not authenticate co-op identity (503)
[22:41:57.350] LOG: [coop:lobby] start announce name=HolyRedux2 protocol=p33
[22:41:57.396] WARN: Could not get co-op identity ticket! 503 
[22:41:57.396] WARN: [coop:lobby] start failed: could not authenticate co-op identity (503)
[22:41:59.397] LOG: [coop:lobby] start announce name=HolyRedux2 protocol=p33
[22:41:59.446] WARN: Could not get co-op identity ticket! 503 
[22:41:59.446] WARN: [coop:lobby] start failed: could not authenticate co-op identity (503)
[22:42:01.447] LOG: [coop:lobby] start announce name=HolyRedux2 protocol=p33
[22:42:01.493] WARN: Could not get co-op identity ticket! 503 
[22:42:01.493] WARN: [coop:lobby] start failed: could not authenticate co-op identity (503)
[22:42:03.494] LOG: [coop:lobby] start announce name=HolyRedux2 protocol=p33
[22:42:03.540] WARN: Could not get co-op identity ticket! 503 
[22:42:03.540] WARN: [coop:lobby] start failed: could not authenticate co-op identity (503)
[22:42:05.541] LOG: [coop:lobby] start announce name=HolyRedux2 protocol=p33
[22:42:05.587] WARN: Could not get co-op identity ticket! 503 
[22:42:05.587] WARN: [coop:lobby] start failed: could not authenticate co-op identity (503)
[22:42:07.589] LOG: [coop:lobby] start announce name=HolyRedux2 protocol=p33
[22:42:07.649] WARN: Could not get co-op identity ticket! 503 
[22:42:07.649] WARN: [coop:lobby] start failed: could not authenticate co-op identity (503)
[22:42:09.650] LOG: [coop:lobby] start announce name=HolyRedux2 protocol=p33
[22:42:09.698] WARN: Could not get co-op identity ticket! 503 
[22:42:09.698] WARN: [coop:lobby] start failed: could not authenticate co-op identity (503)
[22:42:11.712] LOG: [coop:lobby] start announce name=HolyRedux2 protocol=p33
[22:42:11.762] WARN: Could not get co-op identity ticket! 503 
[22:42:11.762] WARN: [coop:lobby] start failed: could not authenticate co-op identity (503)
[22:42:13.762] LOG: [coop:lobby] start announce name=HolyRedux2 protocol=p33
[22:42:13.810] WARN: Could not get co-op identity ticket! 503 
[22:42:13.810] WARN: [coop:lobby] start failed: could not authenticate co-op identity (503)
[22:42:15.811] LOG: [coop:lobby] start announce name=HolyRedux2 protocol=p33
[22:42:15.863] WARN: Could not get co-op identity ticket! 503 
[22:42:15.863] WARN: [coop:lobby] start failed: could not authenticate co-op identity (503)
[22:42:17.864] LOG: [coop:lobby] start announce name=HolyRedux2 protocol=p33
[22:42:17.912] WARN: Could not get co-op identity ticket! 503 
[22:42:17.912] WARN: [coop:lobby] start failed: could not authenticate co-op identity (503)
[22:42:19.913] LOG: [coop:lobby] start announce name=HolyRedux2 protocol=p33
[22:42:19.962] WARN: Could not get co-op identity ticket! 503 
[22:42:19.962] WARN: [coop:lobby] start failed: could not authenticate co-op identity (503)
[22:42:21.964] LOG: [coop:lobby] start announce name=HolyRedux2 protocol=p33
[22:42:22.012] WARN: Could not get co-op identity ticket! 503 
[22:42:22.012] WARN: [coop:lobby] start failed: could not authenticate co-op identity (503)
[22:42:24.019] LOG: [coop:lobby] start announce name=HolyRedux2 protocol=p33
[22:42:24.074] WARN: Could not get co-op identity ticket! 503 
[22:42:24.074] WARN: [coop:lobby] start failed: could not authenticate co-op identity (503)
[22:42:26.074] LOG: [coop:lobby] start announce name=HolyRedux2 protocol=p33
[22:42:26.124] WARN: Could not get co-op identity ticket! 503 
[22:42:26.124] WARN: [coop:lobby] start failed: could not authenticate co-op identity (503)
[22:42:28.124] LOG: [coop:lobby] start announce name=HolyRedux2 protocol=p33
[22:42:28.171] WARN: Could not get co-op identity ticket! 503 
[22:42:28.171] WARN: [coop:lobby] start failed: could not authenticate co-op identity (503)
[22:42:30.172] LOG: [coop:lobby] start announce name=HolyRedux2 protocol=p33
[22:42:30.219] WARN: Could not get co-op identity ticket! 503 
[22:42:30.219] WARN: [coop:lobby] start failed: could not authenticate co-op identity (503)
[22:42:32.220] LOG: [coop:lobby] start announce name=HolyRedux2 protocol=p33
[22:42:32.269] WARN: Could not get co-op identity ticket! 503 
[22:42:32.269] WARN: [coop:lobby] start failed: could not authenticate co-op identity (503)
[22:42:34.273] LOG: [coop:lobby] start announce name=HolyRedux2 protocol=p33
[22:42:34.323] WARN: Could not get co-op identity ticket! 503 
[22:42:34.323] WARN: [coop:lobby] start failed: could not authenticate co-op identity (503)
[22:42:36.324] LOG: [coop:lobby] start announce name=HolyRedux2 protocol=p33
[22:42:36.379] WARN: Could not get co-op identity ticket! 503 
[22:42:36.379] WARN: [coop:lobby] start failed: could not authenticate co-op identity (503)
[22:42:38.380] LOG: [coop:lobby] start announce name=HolyRedux2 protocol=p33
[22:42:38.429] WARN: Could not get co-op identity ticket! 503 
[22:42:38.429] WARN: [coop:lobby] start failed: could not authenticate co-op identity (503)
[22:42:40.433] LOG: [coop:lobby] start announce name=HolyRedux2 protocol=p33
[22:42:40.476] WARN: Could not get co-op identity ticket! 503 
[22:42:40.476] WARN: [coop:lobby] start failed: could not authenticate co-op identity (503)
[22:42:42.483] LOG: [coop:lobby] start announce name=HolyRedux2 protocol=p33
[22:42:42.532] WARN: Could not get co-op identity ticket! 503 
[22:42:42.532] WARN: [coop:lobby] start failed: could not authenticate co-op identity (503)
[22:42:44.532] LOG: [coop:lobby] start announce name=HolyRedux2 protocol=p33
[22:42:44.572] WARN: Could not get co-op identity ticket! 503 
[22:42:44.572] WARN: [coop:lobby] start failed: could not authenticate co-op identity (503)
[22:42:46.577] LOG: [coop:lobby] start announce name=HolyRedux2 protocol=p33
[22:42:46.619] WARN: Could not get co-op identity ticket! 503 
[22:42:46.620] WARN: [coop:lobby] start failed: could not authenticate co-op identity (503)
[22:42:48.621] LOG: [coop:lobby] start announce name=HolyRedux2 protocol=p33
[22:42:48.669] WARN: Could not get co-op identity ticket! 503 
[22:42:48.669] WARN: [coop:lobby] start failed: could not authenticate co-op identity (503)
[22:42:50.673] LOG: [coop:lobby] start announce name=HolyRedux2 protocol=p33
[22:42:50.724] WARN: Could not get co-op identity ticket! 503 
[22:42:50.724] WARN: [coop:lobby] start failed: could not authenticate co-op identity (503)
[22:42:52.725] LOG: [coop:lobby] start announce name=HolyRedux2 protocol=p33
[22:42:52.766] WARN: Could not get co-op identity ticket! 503 
[22:42:52.766] WARN: [coop:lobby] start failed: could not authenticate co-op identity (503)
[22:42:54.771] LOG: [coop:lobby] start announce name=HolyRedux2 protocol=p33
[22:42:54.819] WARN: Could not get co-op identity ticket! 503 
[22:42:54.819] WARN: [coop:lobby] start failed: could not authenticate co-op identity (503)
[22:42:56.820] LOG: [coop:lobby] start announce name=HolyRedux2 protocol=p33
[22:42:56.867] WARN: Could not get co-op identity ticket! 503 
[22:42:56.868] WARN: [coop:lobby] start failed: could not authenticate co-op identity (503)
[22:42:58.868] LOG: [coop:lobby] start announce name=HolyRedux2 protocol=p33
[22:42:58.915] WARN: Could not get co-op identity ticket! 503 
[22:42:58.915] WARN: [coop:lobby] start failed: could not authenticate co-op identity (503)
[22:43:00.917] LOG: [coop:lobby] start announce name=HolyRedux2 protocol=p33
[22:43:00.968] WARN: Could not get co-op identity ticket! 503 
[22:43:00.968] WARN: [coop:lobby] start failed: could not authenticate co-op identity (503)
[22:43:02.969] LOG: [coop:lobby] start announce name=HolyRedux2 protocol=p33
[22:43:03.019] WARN: Could not get co-op identity ticket! 503 
[22:43:03.019] WARN: [coop:lobby] start failed: could not authenticate co-op identity (503)
[22:43:05.020] LOG: [coop:lobby] start announce name=HolyRedux2 protocol=p33
[22:43:05.064] WARN: Could not get co-op identity ticket! 503 
[22:43:05.064] WARN: [coop:lobby] start failed: could not authenticate co-op identity (503)
[22:43:07.065] LOG: [coop:lobby] start announce name=HolyRedux2 protocol=p33
[22:43:07.113] WARN: Could not get co-op identity ticket! 503 
[22:43:07.113] WARN: [coop:lobby] start failed: could not authenticate co-op identity (503)
[22:43:09.113] LOG: [coop:lobby] start announce name=HolyRedux2 protocol=p33
[22:43:09.160] WARN: Could not get co-op identity ticket! 503 
[22:43:09.160] WARN: [coop:lobby] start failed: could not authenticate co-op identity (503)
[22:43:11.161] LOG: [coop:lobby] start announce name=HolyRedux2 protocol=p33
[22:43:11.206] WARN: Could not get co-op identity ticket! 503 
[22:43:11.207] WARN: [coop:lobby] start failed: could not authenticate co-op identity (503)
[22:43:13.208] LOG: [coop:lobby] start announce name=HolyRedux2 protocol=p33
[22:43:13.927] WARN: Could not get co-op identity ticket! 503 
[22:43:13.928] WARN: [coop:lobby] start failed: could not authenticate co-op identity (503)
[22:43:15.934] LOG: [coop:lobby] start announce name=HolyRedux2 protocol=p33
[22:43:15.982] WARN: Could not get co-op identity ticket! 503 
[22:43:15.982] WARN: [coop:lobby] start failed: could not authenticate co-op identity (503)
[22:43:17.983] LOG: [coop:lobby] start announce name=HolyRedux2 protocol=p33
[22:43:18.032] WARN: Could not get co-op identity ticket! 503 
[22:43:18.032] WARN: [coop:lobby] start failed: could not authenticate co-op identity (503)
[22:43:20.033] LOG: [coop:lobby] start announce name=HolyRedux2 protocol=p33
[22:43:20.084] WARN: Could not get co-op identity ticket! 503 
[22:43:20.084] WARN: [coop:lobby] start failed: could not authenticate co-op identity (503)
[22:43:22.086] LOG: [coop:lobby] start announce name=HolyRedux2 protocol=p33
[22:43:22.134] WARN: Could not get co-op identity ticket! 503 
[22:43:22.135] WARN: [coop:lobby] start failed: could not authenticate co-op identity (503)
[22:43:24.135] LOG: [coop:lobby] start announce name=HolyRedux2 protocol=p33
[22:43:24.191] WARN: Could not get co-op identity ticket! 503 
[22:43:24.191] WARN: [coop:lobby] start failed: could not authenticate co-op identity (503)
[22:43:26.192] LOG: [coop:lobby] start announce name=HolyRedux2 protocol=p33
[22:43:26.244] WARN: Could not get co-op identity ticket! 503 
[22:43:26.245] WARN: [coop:lobby] start failed: could not authenticate co-op identity (503)
[22:43:28.245] LOG: [coop:lobby] start announce name=HolyRedux2 protocol=p33
[22:43:28.298] WARN: Could not get co-op identity ticket! 503 
[22:43:28.298] WARN: [coop:lobby] start failed: could not authenticate co-op identity (503)
[22:43:30.303] LOG: [coop:lobby] start announce name=HolyRedux2 protocol=p33
[22:43:30.352] WARN: Could not get co-op identity ticket! 503 
[22:43:30.353] WARN: [coop:lobby] start failed: could not authenticate co-op identity (503)
[22:43:32.355] LOG: [coop:lobby] start announce name=HolyRedux2 protocol=p33
[22:43:32.404] WARN: Could not get co-op identity ticket! 503 
[22:43:32.404] WARN: [coop:lobby] start failed: could not authenticate co-op identity (503)
[22:43:34.405] LOG: [coop:lobby] start announce name=HolyRedux2 protocol=p33
[22:43:34.452] WARN: Could not get co-op identity ticket! 503 
[22:43:34.452] WARN: [coop:lobby] start failed: could not authenticate co-op identity (503)
[22:43:36.463] LOG: [coop:lobby] start announce name=HolyRedux2 protocol=p33
[22:43:36.513] WARN: Could not get co-op identity ticket! 503 
[22:43:36.513] WARN: [coop:lobby] start failed: could not authenticate co-op identity (503)
[22:43:38.515] LOG: [coop:lobby] start announce name=HolyRedux2 protocol=p33
[22:43:38.560] WARN: Could not get co-op identity ticket! 503 
[22:43:38.560] WARN: [coop:lobby] start failed: could not authenticate co-op identity (503)
[22:43:40.561] LOG: [coop:lobby] start announce name=HolyRedux2 protocol=p33
[22:43:40.609] WARN: Could not get co-op identity ticket! 503 
[22:43:40.609] WARN: [coop:lobby] start failed: could not authenticate co-op identity (503)
[22:43:42.623] LOG: [coop:lobby] start announce name=HolyRedux2 protocol=p33
[22:43:42.673] WARN: Could not get co-op identity ticket! 503 
[22:43:42.673] WARN: [coop:lobby] start failed: could not authenticate co-op identity (503)
[22:43:44.674] LOG: [coop:lobby] start announce name=HolyRedux2 protocol=p33
[22:43:44.729] WARN: Could not get co-op identity ticket! 503 
[22:43:44.729] WARN: [coop:lobby] start failed: could not authenticate co-op identity (503)
[22:43:46.729] LOG: [coop:lobby] start announce name=HolyRedux2 protocol=p33
[22:43:46.778] WARN: Could not get co-op identity ticket! 503 
[22:43:46.778] WARN: [coop:lobby] start failed: could not authenticate co-op identity (503)
[22:43:48.784] LOG: [coop:lobby] start announce name=HolyRedux2 protocol=p33
[22:43:48.835] WARN: Could not get co-op identity ticket! 503 
[22:43:48.835] WARN: [coop:lobby] start failed: could not authenticate co-op identity (503)
[22:43:50.835] LOG: [coop:lobby] start announce name=HolyRedux2 protocol=p33
[22:43:50.886] WARN: Could not get co-op identity ticket! 503 
[22:43:50.886] WARN: [coop:lobby] start failed: could not authenticate co-op identity (503)
[22:43:52.888] LOG: [coop:lobby] start announce name=HolyRedux2 protocol=p33
[22:43:52.938] WARN: Could not get co-op identity ticket! 503 
[22:43:52.938] WARN: [coop:lobby] start failed: could not authenticate co-op identity (503)
[22:43:54.944] LOG: [coop:lobby] start announce name=HolyRedux2 protocol=p33
[22:43:54.995] WARN: Could not get co-op identity ticket! 503 
[22:43:54.995] WARN: [coop:lobby] start failed: could not authenticate co-op identity (503)
[22:43:56.996] LOG: [coop:lobby] start announce name=HolyRedux2 protocol=p33
[22:43:57.047] WARN: Could not get co-op identity ticket! 503 
[22:43:57.047] WARN: [coop:lobby] start failed: could not authenticate co-op identity (503)
[22:43:59.048] LOG: [coop:lobby] start announce name=HolyRedux2 protocol=p33
[22:43:59.097] WARN: Could not get co-op identity ticket! 503 
[22:43:59.097] WARN: [coop:lobby] start failed: could not authenticate co-op identity (503)
[22:44:01.098] LOG: [coop:lobby] start announce name=HolyRedux2 protocol=p33
[22:44:01.147] WARN: Could not get co-op identity ticket! 503 
[22:44:01.147] WARN: [coop:lobby] start failed: could not authenticate co-op identity (503)
[22:44:03.147] LOG: [coop:lobby] start announce name=HolyRedux2 protocol=p33
[22:44:03.195] WARN: Could not get co-op identity ticket! 503 
[22:44:03.195] WARN: [coop:lobby] start failed: could not authenticate co-op identity (503)
[22:44:05.201] LOG: [coop:lobby] start announce name=HolyRedux2 protocol=p33
[22:44:05.250] WARN: Could not get co-op identity ticket! 503 
[22:44:05.250] WARN: [coop:lobby] start failed: could not authenticate co-op identity (503)
[22:44:07.251] LOG: [coop:lobby] start announce name=HolyRedux2 protocol=p33
[22:44:07.298] WARN: Could not get co-op identity ticket! 503 
[22:44:07.298] WARN: [coop:lobby] start failed: could not authenticate co-op identity (503)
[22:44:09.300] LOG: [coop:lobby] start announce name=HolyRedux2 protocol=p33
[22:44:09.347] WARN: Could not get co-op identity ticket! 503 
[22:44:09.347] WARN: [coop:lobby] start failed: could not authenticate co-op identity (503)
[22:44:11.347] LOG: [coop:lobby] start announce name=HolyRedux2 protocol=p33
[22:44:11.428] WARN: Could not get co-op identity ticket! 503 
[22:44:11.428] WARN: [coop:lobby] start failed: could not authenticate co-op identity (503)
[22:44:13.429] LOG: [coop:lobby] start announce name=HolyRedux2 protocol=p33
[22:44:13.477] WARN: Could not get co-op identity ticket! 503 
[22:44:13.477] WARN: [coop:lobby] start failed: could not authenticate co-op identity (503)
[22:44:15.478] LOG: [coop:lobby] start announce name=HolyRedux2 protocol=p33
[22:44:15.527] WARN: Could not get co-op identity ticket! 503 
[22:44:15.527] WARN: [coop:lobby] start failed: could not authenticate co-op identity (503)
[22:44:17.529] LOG: [coop:lobby] start announce name=HolyRedux2 protocol=p33
[22:44:17.577] WARN: Could not get co-op identity ticket! 503 
[22:44:17.577] WARN: [coop:lobby] start failed: could not authenticate co-op identity (503)
[22:44:19.579] LOG: [coop:lobby] start announce name=HolyRedux2 protocol=p33
[22:44:19.628] WARN: Could not get co-op identity ticket! 503 
[22:44:19.628] WARN: [coop:lobby] start failed: could not authenticate co-op identity (503)
[22:44:21.629] LOG: [coop:lobby] start announce name=HolyRedux2 protocol=p33
[22:44:21.674] WARN: Could not get co-op identity ticket! 503 
[22:44:21.675] WARN: [coop:lobby] start failed: could not authenticate co-op identity (503)
[22:44:23.676] LOG: [coop:lobby] start announce name=HolyRedux2 protocol=p33
[22:44:23.726] WARN: Could not get co-op identity ticket! 503 
[22:44:23.726] WARN: [coop:lobby] start failed: could not authenticate co-op identity (503)
[22:44:25.730] LOG: [coop:lobby] start announce name=HolyRedux2 protocol=p33
[22:44:25.780] WARN: Could not get co-op identity ticket! 503 
[22:44:25.780] WARN: [coop:lobby] start failed: could not authenticate co-op identity (503)
[22:44:27.781] LOG: [coop:lobby] start announce name=HolyRedux2 protocol=p33
[22:44:27.822] WARN: Could not get co-op identity ticket! 503 
[22:44:27.822] WARN: [coop:lobby] start failed: could not authenticate co-op identity (503)
[22:44:29.826] LOG: [coop:lobby] start announce name=HolyRedux2 protocol=p33
[22:44:29.880] WARN: Could not get co-op identity ticket! 503 
[22:44:29.881] WARN: [coop:lobby] start failed: could not authenticate co-op identity (503)
[22:44:31.882] LOG: [coop:lobby] start announce name=HolyRedux2 protocol=p33
[22:44:31.929] WARN: Could not get co-op identity ticket! 503 
[22:44:31.929] WARN: [coop:lobby] start failed: could not authenticate co-op identity (503)
[22:44:33.930] LOG: [coop:lobby] start announce name=HolyRedux2 protocol=p33
[22:44:33.978] WARN: Could not get co-op identity ticket! 503 
[22:44:33.978] WARN: [coop:lobby] start failed: could not authenticate co-op identity (503)
[22:44:35.979] LOG: [coop:lobby] start announce name=HolyRedux2 protocol=p33
[22:44:36.037] WARN: Could not get co-op identity ticket! 503 
[22:44:36.037] WARN: [coop:lobby] start failed: could not authenticate co-op identity (503)
[22:44:38.037] LOG: [coop:lobby] start announce name=HolyRedux2 protocol=p33
[22:44:38.092] WARN: Could not get co-op identity ticket! 503 
[22:44:38.092] WARN: [coop:lobby] start failed: could not authenticate co-op identity (503)
[22:44:40.093] LOG: [coop:lobby] start announce name=HolyRedux2 protocol=p33
[22:44:40.143] WARN: Could not get co-op identity ticket! 503 
[22:44:40.143] WARN: [coop:lobby] start failed: could not authenticate co-op identity (503)
[22:44:42.149] LOG: [coop:lobby] start announce name=HolyRedux2 protocol=p33
[22:44:42.199] WARN: Could not get co-op identity ticket! 503 
[22:44:42.199] WARN: [coop:lobby] start failed: could not authenticate co-op identity (503)
[22:44:44.200] LOG: [coop:lobby] start announce name=HolyRedux2 protocol=p33
[22:44:44.246] WARN: Could not get co-op identity ticket! 503 
[22:44:44.247] WARN: [coop:lobby] start failed: could not authenticate co-op identity (503)
[22:44:46.247] LOG: [coop:lobby] start announce name=HolyRedux2 protocol=p33
[22:44:46.300] WARN: Could not get co-op identity ticket! 503 
[22:44:46.300] WARN: [coop:lobby] start failed: could not authenticate co-op identity (503)
[22:44:48.302] LOG: [coop:lobby] start announce name=HolyRedux2 protocol=p33
[22:44:48.351] WARN: Could not get co-op identity ticket! 503 
[22:44:48.352] WARN: [coop:lobby] start failed: could not authenticate co-op identity (503)
[22:44:50.358] LOG: [coop:lobby] start announce name=HolyRedux2 protocol=p33
[22:44:50.406] WARN: Could not get co-op identity ticket! 503 
[22:44:50.406] WARN: [coop:lobby] start failed: could not authenticate co-op identity (503)
[22:44:52.407] LOG: [coop:lobby] start announce name=HolyRedux2 protocol=p33
[22:44:52.455] WARN: Could not get co-op identity ticket! 503 
[22:44:52.455] WARN: [coop:lobby] start failed: could not authenticate co-op identity (503)
[22:44:54.455] LOG: [coop:lobby] start announce name=HolyRedux2 protocol=p33
[22:44:54.503] WARN: Could not get co-op identity ticket! 503 
[22:44:54.503] WARN: [coop:lobby] start failed: could not authenticate co-op identity (503)
[22:44:56.503] LOG: [coop:lobby] start announce name=HolyRedux2 protocol=p33
[22:44:56.550] WARN: Could not get co-op identity ticket! 503 
[22:44:56.550] WARN: [coop:lobby] start failed: could not authenticate co-op identity (503)
[22:44:58.551] LOG: [coop:lobby] start announce name=HolyRedux2 protocol=p33
[22:44:58.599] WARN: Could not get co-op identity ticket! 503 
[22:44:58.599] WARN: [coop:lobby] start failed: could not authenticate co-op identity (503)
[22:45:00.601] LOG: [coop:lobby] start announce name=HolyRedux2 protocol=p33
[22:45:00.648] WARN: Could not get co-op identity ticket! 503 
[22:45:00.648] WARN: [coop:lobby] start failed: could not authenticate co-op identity (503)
[22:45:02.650] LOG: [coop:lobby] start announce name=HolyRedux2 protocol=p33
[22:45:02.699] WARN: Could not get co-op identity ticket! 503 
[22:45:02.699] WARN: [coop:lobby] start failed: could not authenticate co-op identity (503)
[22:45:04.699] LOG: [coop:lobby] start announce name=HolyRedux2 protocol=p33
[22:45:04.745] WARN: Could not get co-op identity ticket! 503 
[22:45:04.746] WARN: [coop:lobby] start failed: could not authenticate co-op identity (503)
[22:45:06.746] LOG: [coop:lobby] start announce name=HolyRedux2 protocol=p33
[22:45:06.790] WARN: Could not get co-op identity ticket! 503 
[22:45:06.790] WARN: [coop:lobby] start failed: could not authenticate co-op identity (503)
[22:45:08.790] LOG: [coop:lobby] start announce name=HolyRedux2 protocol=p33
[22:45:08.839] WARN: Could not get co-op identity ticket! 503 
[22:45:08.839] WARN: [coop:lobby] start failed: could not authenticate co-op identity (503)
[22:45:10.841] LOG: [coop:lobby] start announce name=HolyRedux2 protocol=p33
[22:45:10.894] WARN: Could not get co-op identity ticket! 503 
[22:45:10.894] WARN: [coop:lobby] start failed: could not authenticate co-op identity (503)
[22:45:12.894] LOG: [coop:lobby] start announce name=HolyRedux2 protocol=p33
[22:45:12.942] WARN: Could not get co-op identity ticket! 503 
[22:45:12.942] WARN: [coop:lobby] start failed: could not authenticate co-op identity (503)
[22:45:15.575] LOG: [coop:lobby] start announce name=HolyRedux2 protocol=p33
[22:45:15.627] WARN: Could not get co-op identity ticket! 503 
[22:45:15.627] WARN: [coop:lobby] start failed: could not authenticate co-op identity (503)
[22:45:18.572] LOG: [coop:lobby] start announce name=HolyRedux2 protocol=p33
[22:45:18.738] WARN: Could not get co-op identity ticket! 503 
[22:45:18.738] WARN: [coop:lobby] start failed: could not authenticate co-op identity (503)
[22:45:21.603] LOG: [coop:lobby] start announce name=HolyRedux2 protocol=p33
[22:45:21.696] WARN: Could not get co-op identity ticket! 503 
[22:45:21.696] WARN: [coop:lobby] start failed: could not authenticate co-op identity (503)
[22:45:24.574] LOG: [coop:lobby] start announce name=HolyRedux2 protocol=p33
[22:45:24.642] WARN: Could not get co-op identity ticket! 503 
[22:45:24.642] WARN: [coop:lobby] start failed: could not authenticate co-op identity (503)
[22:45:27.573] LOG: [coop:lobby] start announce name=HolyRedux2 protocol=p33
[22:45:27.622] WARN: Could not get co-op identity ticket! 503 
[22:45:27.622] WARN: [coop:lobby] start failed: could not authenticate co-op identity (503)
[22:45:30.587] LOG: [coop:lobby] start announce name=HolyRedux2 protocol=p33
[22:45:30.737] WARN: Could not get co-op identity ticket! 503 
[22:45:30.738] WARN: [coop:lobby] start failed: could not authenticate co-op identity (503)
[22:45:33.573] LOG: [coop:lobby] start announce name=HolyRedux2 protocol=p33
[22:45:33.666] WARN: Could not get co-op identity ticket! 503 
[22:45:33.666] WARN: [coop:lobby] start failed: could not authenticate co-op identity (503)
[22:45:36.585] LOG: [coop:lobby] start announce name=HolyRedux2 protocol=p33
[22:45:36.635] WARN: Could not get co-op identity ticket! 503 
[22:45:36.635] WARN: [coop:lobby] start failed: could not authenticate co-op identity (503)
[22:45:39.574] LOG: [coop:lobby] start announce name=HolyRedux2 protocol=p33
[22:45:39.629] WARN: Could not get co-op identity ticket! 503 
[22:45:39.630] WARN: [coop:lobby] start failed: could not authenticate co-op identity (503)
[22:45:42.573] LOG: [coop:lobby] start announce name=HolyRedux2 protocol=p33
[22:45:42.624] WARN: Could not get co-op identity ticket! 503 
[22:45:42.624] WARN: [coop:lobby] start failed: could not authenticate co-op identity (503)
[22:45:45.580] LOG: [coop:lobby] start announce name=HolyRedux2 protocol=p33
[22:45:45.630] WARN: Could not get co-op identity ticket! 503 
[22:45:45.630] WARN: [coop:lobby] start failed: could not authenticate co-op identity (503)
[22:45:48.573] LOG: [coop:lobby] start announce name=HolyRedux2 protocol=p33
[22:45:48.626] WARN: Could not get co-op identity ticket! 503 
[22:45:48.626] WARN: [coop:lobby] start failed: could not authenticate co-op identity (503)
[22:45:51.574] LOG: [coop:lobby] start announce name=HolyRedux2 protocol=p33
[22:45:51.667] WARN: Could not get co-op identity ticket! 503 
[22:45:51.668] WARN: [coop:lobby] start failed: could not authenticate co-op identity (503)
[22:45:54.573] LOG: [coop:lobby] start announce name=HolyRedux2 protocol=p33
[22:45:54.628] WARN: Could not get co-op identity ticket! 503 
[22:45:54.628] WARN: [coop:lobby] start failed: could not authenticate co-op identity (503)
[22:45:57.572] LOG: [coop:lobby] start announce name=HolyRedux2 protocol=p33
[22:45:57.645] WARN: Could not get co-op identity ticket! 503 
[22:45:57.645] WARN: [coop:lobby] start failed: could not authenticate co-op identity (503)
[22:46:00.572] LOG: [coop:lobby] start announce name=HolyRedux2 protocol=p33
[22:46:00.628] WARN: Could not get co-op identity ticket! 503 
[22:46:00.628] WARN: [coop:lobby] start failed: could not authenticate co-op identity (503)
[22:46:03.590] LOG: [coop:lobby] start announce name=HolyRedux2 protocol=p33
[22:46:03.645] WARN: Could not get co-op identity ticket! 503 
[22:46:03.645] WARN: [coop:lobby] start failed: could not authenticate co-op identity (503)
[22:46:06.574] LOG: [coop:lobby] start announce name=HolyRedux2 protocol=p33
[22:46:06.623] WARN: Could not get co-op identity ticket! 503 
[22:46:06.623] WARN: [coop:lobby] start failed: could not authenticate co-op identity (503)
[22:46:09.573] LOG: [coop:lobby] start announce name=HolyRedux2 protocol=p33
[22:46:09.622] WARN: Could not get co-op identity ticket! 503 
[22:46:09.622] WARN: [coop:lobby] start failed: could not authenticate co-op identity (503)
[22:46:12.584] LOG: [coop:lobby] start announce name=HolyRedux2 protocol=p33
[22:46:12.636] WARN: Could not get co-op identity ticket! 503 
[22:46:12.636] WARN: [coop:lobby] start failed: could not authenticate co-op identity (503)
[22:46:15.572] LOG: [coop:lobby] start announce name=HolyRedux2 protocol=p33
[22:46:15.620] WARN: Could not get co-op identity ticket! 503 
[22:46:15.621] WARN: [coop:lobby] start failed: could not authenticate co-op identity (503)
[22:46:18.572] LOG: [coop:lobby] start announce name=HolyRedux2 protocol=p33
[22:46:18.628] WARN: Could not get co-op identity ticket! 503 
[22:46:18.629] WARN: [coop:lobby] start failed: could not authenticate co-op identity (503)
[22:46:21.572] LOG: [coop:lobby] start announce name=HolyRedux2 protocol=p33
[22:46:21.622] WARN: Could not get co-op identity ticket! 503 
[22:46:21.622] WARN: [coop:lobby] start failed: could not authenticate co-op identity (503)
[22:46:24.573] LOG: [coop:lobby] start announce name=HolyRedux2 protocol=p33
[22:46:24.627] WARN: Could not get co-op identity ticket! 503 
[22:46:24.627] WARN: [coop:lobby] start failed: could not authenticate co-op identity (503)
[22:46:27.572] LOG: [coop:lobby] start announce name=HolyRedux2 protocol=p33
[22:46:27.619] WARN: Could not get co-op identity ticket! 503 
[22:46:27.619] WARN: [coop:lobby] start failed: could not authenticate co-op identity (503)
[22:46:30.573] LOG: [coop:lobby] start announce name=HolyRedux2 protocol=p33
[22:46:30.630] WARN: Could not get co-op identity ticket! 503 
[22:46:30.630] WARN: [coop:lobby] start failed: could not authenticate co-op identity (503)
[22:46:33.574] LOG: [coop:lobby] start announce name=HolyRedux2 protocol=p33
[22:46:33.626] WARN: Could not get co-op identity ticket! 503 
[22:46:33.626] WARN: [coop:lobby] start failed: could not authenticate co-op identity (503)
[22:46:36.573] LOG: [coop:lobby] start announce name=HolyRedux2 protocol=p33
[22:46:36.623] WARN: Could not get co-op identity ticket! 503 
[22:46:36.623] WARN: [coop:lobby] start failed: could not authenticate co-op identity (503)
[22:46:39.573] LOG: [coop:lobby] start announce name=HolyRedux2 protocol=p33
[22:46:39.620] WARN: Could not get co-op identity ticket! 503 
[22:46:39.620] WARN: [coop:lobby] start failed: could not authenticate co-op identity (503)
[22:46:41.635] LOG: [coop:lobby] start announce name=HolyRedux2 protocol=p33
[22:46:41.687] WARN: Could not get co-op identity ticket! 503 
[22:46:41.687] WARN: [coop:lobby] start failed: could not authenticate co-op identity (503)
[22:46:43.699] LOG: [coop:lobby] start announce name=HolyRedux2 protocol=p33
[22:46:43.741] WARN: Could not get co-op identity ticket! 503 
[22:46:43.741] WARN: [coop:lobby] start failed: could not authenticate co-op identity (503)
[22:46:45.138] WARN: Texture "%s" has no frame "%s" pokemon_icons_7v 741_3
[22:46:45.138] LOG: Oricorio's variant icon does not exist. Replacing with default.
[22:46:45.174] LOG: crit stage: +0
[22:46:45.329] WARN: Texture "%s" has no frame "%s" pokemon_icons_7v 741_3
[22:46:45.330] LOG: Oricorio's variant icon does not exist. Replacing with default.
[22:46:45.351] LOG: crit stage: +0
[22:46:45.502] WARN: Texture "%s" has no frame "%s" pokemon_icons_7v 741_3
[22:46:45.502] LOG: Oricorio's variant icon does not exist. Replacing with default.
[22:46:45.539] LOG: crit stage: +0
[22:46:45.748] LOG: [coop:lobby] start announce name=HolyRedux2 protocol=p33
[22:46:45.753] WARN: Texture "%s" has no frame "%s" pokemon_icons_7v 741_3
[22:46:45.753] LOG: Oricorio's variant icon does not exist. Replacing with default.
[22:46:45.792] WARN: Could not get co-op identity ticket! 503 
[22:46:45.792] WARN: [coop:lobby] start failed: could not authenticate co-op identity (503)
[22:46:47.796] LOG: [coop:lobby] start announce name=HolyRedux2 protocol=p33
[22:46:47.847] WARN: Could not get co-op identity ticket! 503 
[22:46:47.847] WARN: [coop:lobby] start failed: could not authenticate co-op identity (503)
[22:46:49.009] WARN: Texture "%s" has no frame "%s" pokemon_icons_7v 741_3
[22:46:49.009] LOG: Oricorio's variant icon does not exist. Replacing with default.
[22:46:49.037] LOG: crit stage: +0
[22:46:49.847] LOG: [coop:lobby] start announce name=HolyRedux2 protocol=p33
[22:46:49.900] WARN: Texture "%s" has no frame "%s" pokemon_icons_7v 741_3
[22:46:49.900] LOG: Oricorio's variant icon does not exist. Replacing with default.
[22:46:49.941] LOG: crit stage: +0
[22:46:49.953] WARN: Could not get co-op identity ticket! 503 
[22:46:49.953] WARN: [coop:lobby] start failed: could not authenticate co-op identity (503)
[22:46:50.233] WARN: Texture "%s" has no frame "%s" pokemon_icons_7v 741_3
[22:46:50.233] LOG: Oricorio's variant icon does not exist. Replacing with default.
[22:46:50.254] LOG: crit stage: +0
[22:46:50.432] WARN: Texture "%s" has no frame "%s" pokemon_icons_7v 741_3
[22:46:50.433] LOG: Oricorio's variant icon does not exist. Replacing with default.
[22:46:50.452] LOG: Applied Scope Lens 
[22:46:50.453] LOG: crit stage: +1
[22:46:51.089] WARN: Texture "%s" has no frame "%s" pokemon_icons_7v 741_3
[22:46:51.089] LOG: Oricorio's variant icon does not exist. Replacing with default.
[22:46:51.113] LOG: crit stage: +0
[22:46:51.282] WARN: Texture "%s" has no frame "%s" pokemon_icons_7v 741_3
[22:46:51.283] LOG: Oricorio's variant icon does not exist. Replacing with default.
[22:46:51.315] LOG: crit stage: +0
[22:46:51.457] WARN: Texture "%s" has no frame "%s" pokemon_icons_7v 741_3
[22:46:51.457] LOG: Oricorio's variant icon does not exist. Replacing with default.
[22:46:51.491] LOG: crit stage: +0
[22:46:51.960] LOG: [coop:lobby] start announce name=HolyRedux2 protocol=p33
[22:46:52.006] WARN: Texture "%s" has no frame "%s" pokemon_icons_7v 741_3
[22:46:52.006] LOG: Oricorio's variant icon does not exist. Replacing with default.
[22:46:52.029] LOG: crit stage: +0
[22:46:52.039] WARN: Could not get co-op identity ticket! 503 
[22:46:52.039] WARN: [coop:lobby] start failed: could not authenticate co-op identity (503)
[22:46:52.190] WARN: Texture "%s" has no frame "%s" pokemon_icons_7v 741_3
[22:46:52.190] LOG: Oricorio's variant icon does not exist. Replacing with default.
[22:46:52.226] LOG: crit stage: +0
[22:46:52.738] WARN: Texture "%s" has no frame "%s" pokemon_icons_7v 741_3
[22:46:52.738] LOG: Oricorio's variant icon does not exist. Replacing with default.
[22:46:52.776] LOG: Applied Scope Lens 
[22:46:52.778] LOG: crit stage: +1
[22:46:54.041] LOG: [coop:lobby] start announce name=HolyRedux2 protocol=p33
[22:46:54.080] WARN: Could not get co-op identity ticket! 503 
[22:46:54.080] WARN: [coop:lobby] start failed: could not authenticate co-op identity (503)
[22:46:55.619] WARN: Texture "%s" has no frame "%s" pokemon_icons_7v 741_3
[22:46:55.619] LOG: Oricorio's variant icon does not exist. Replacing with default.
[22:46:55.657] WARN: Texture "%s" has no frame "%s" pokemon_icons_9v 964-zero_2
[22:46:55.657] LOG: Palafin's variant icon does not exist. Replacing with default.
[22:46:56.082] LOG: [coop:lobby] start announce name=HolyRedux2 protocol=p33
[22:46:56.138] WARN: Could not get co-op identity ticket! 503 
[22:46:56.138] WARN: [coop:lobby] start failed: could not authenticate co-op identity (503)
[22:46:58.147] LOG: [coop:lobby] start announce name=HolyRedux2 protocol=p33
[22:46:58.195] WARN: Could not get co-op identity ticket! 503 
[22:46:58.195] WARN: [coop:lobby] start failed: could not authenticate co-op identity (503)
[22:46:59.473] LOG: %cStart Phase CommandPhase color:green;
[22:47:00.202] LOG: [coop:lobby] start announce name=HolyRedux2 protocol=p33
[22:47:00.252] WARN: Could not get co-op identity ticket! 503 
[22:47:00.252] WARN: [coop:lobby] start failed: could not authenticate co-op identity (503)
[22:47:02.260] LOG: [coop:lobby] start announce name=HolyRedux2 protocol=p33
[22:47:02.314] WARN: Could not get co-op identity ticket! 503 
[22:47:02.314] WARN: [coop:lobby] start failed: could not authenticate co-op identity (503)
[22:47:03.740] LOG: Move: RAIN_FLUSH Move targets: {"targets":[2,3,0],"multiple":false} 
Player Pokemon: Mega Dragalge
[22:47:03.742] LOG: %cStart Phase SelectTargetPhase color:green;
[22:47:04.317] LOG: [coop:lobby] start announce name=HolyRedux2 protocol=p33
[22:47:04.367] WARN: Could not get co-op identity ticket! 503 
[22:47:04.367] WARN: [coop:lobby] start failed: could not authenticate co-op identity (503)
[22:47:06.378] LOG: [coop:lobby] start announce name=HolyRedux2 protocol=p33
[22:47:06.418] WARN: Could not get co-op identity ticket! 503 
[22:47:06.418] WARN: [coop:lobby] start failed: could not authenticate co-op identity (503)
[22:47:07.583] LOG: %cStart Phase EnemyCommandPhase color:green;
[22:47:07.623] LOG: Battle Seed: FA0l34kZzOT5MKXp
[22:47:07.697] LOG: Move Pool: ["Triple Axel","Peck","Triple Dive","Hail"]
[22:47:07.697] LOG: Move Scores: [1.5893895348837208,0.48128342245989303,0.21657754010695188,0]
[22:47:07.697] LOG: Sorted Move Pool: ["Triple Axel","Peck","Triple Dive","Hail"]
[22:47:07.697] LOG: Chosen Move: Triple Axel
[22:47:07.697] LOG: ER AI: experimental brain (sharpness 1)
[22:47:07.697] LOG: %cStart Phase EnemyCommandPhase color:green;
[22:47:07.764] LOG: Move Pool: ["Dire Claw"]
[22:47:07.764] LOG: Move Scores: [1120.3488372093022]
[22:47:07.764] LOG: Sorted Move Pool: ["Dire Claw"]
[22:47:07.764] LOG: Chosen Move: Dire Claw
[22:47:07.764] LOG: ER AI: experimental brain (sharpness 1)
[22:47:07.764] LOG: %cStart Phase TurnStartPhase color:green;
[22:47:07.785] LOG: %cStart Phase SwitchSummonPhase color:green;
[22:47:08.141] LOG: Applied Zinc 
[22:47:08.141] LOG: Applied Soul Dew 
[22:47:08.141] LOG: Applied Soul Dew 
[22:47:08.142] LOG: Applied Iron 
[22:47:08.142] LOG: Applied Zinc 
[22:47:08.142] LOG: Applied Calcium 
[22:47:08.420] LOG: [coop:lobby] start announce name=HolyRedux2 protocol=p33
[22:47:08.470] WARN: Could not get co-op identity ticket! 503 
[22:47:08.470] WARN: [coop:lobby] start failed: could not authenticate co-op identity (503)
[22:47:08.483] LOG: %cStart Phase ShinySparklePhase color:green;
[22:47:08.737] LOG: %cStart Phase PostSummonPhase color:green;
[22:47:08.738] LOG: Ran PSP for: Dodrio
[22:47:08.740] LOG: %cStart Phase PostSummonPhase color:green;
[22:47:08.741] LOG: %cStart Phase ShowAbilityPhase color:green;
[22:47:09.124] LOG: %cStart Phase HideAbilityPhase color:green;
[22:47:09.212] LOG: %cStart Phase MovePhase color:green;
[22:47:09.212] LOG: %cUser: Sneasler
Move: DIRE_CLAW
Use Mode: NORMAL color:orchid
[22:47:09.233] LOG: %cStart Phase MessagePhase color:green;
[22:47:09.504] LOG: %cStart Phase MoveEffectPhase color:green;
[22:47:10.206] LOG: crit stage: +0
[22:47:10.212] LOG: Move: Dire Claw | Base damage: 92.11200000000001 | Power: 104 | Source attack: 176 | Target defense: 104
[22:47:10.214] LOG: Move: Dire Claw | Attack damage: 59
[22:47:10.219] LOG: %cStart Phase DamageAnimPhase color:green;
[22:47:10.239] LOG: %cStart Phase MessagePhase color:green;
[22:47:10.473] LOG: [coop:lobby] start announce name=HolyRedux2 protocol=p33
[22:47:10.512] WARN: Could not get co-op identity ticket! 503 
[22:47:10.512] WARN: [coop:lobby] start failed: could not authenticate co-op identity (503)
[22:47:10.769] LOG: %cStart Phase MoveEndPhase color:green;
[22:47:10.773] LOG: %cStart Phase MovePhase color:green;
[22:47:10.773] LOG: %cUser: Eiscue
Move: TRIPLE_AXEL
Use Mode: NORMAL color:orchid
[22:47:10.796] LOG: %cStart Phase MessagePhase color:green;
[22:47:11.069] LOG: %cStart Phase MoveEffectPhase color:green;
[22:47:11.420] LOG: crit stage: +0
[22:47:11.425] LOG: Move: Triple Axel | Base damage: 18.128 | Power: 26 | Source attack: 126 | Target defense: 104
[22:47:11.426] LOG: Move: Triple Axel | Attack damage: 100
[22:47:11.428] LOG: %cStart Phase DamageAnimPhase color:green;
[22:47:11.454] LOG: %cStart Phase MoveEffectPhase color:green;
[22:47:11.802] LOG: crit stage: +0
[22:47:11.806] LOG: Move: Triple Axel | Base damage: 34.256 | Power: 52 | Source attack: 126 | Target defense: 104
[22:47:11.809] LOG: Move: Triple Axel | Attack damage: 197
[22:47:11.811] LOG: %cStart Phase DamageAnimPhase color:green;
[22:47:11.837] LOG: %cStart Phase MessagePhase color:green;
[22:47:12.351] LOG: %cStart Phase MessagePhase color:green;
[22:47:12.513] LOG: [coop:lobby] start announce name=HolyRedux2 protocol=p33
[22:47:12.570] WARN: Could not get co-op identity ticket! 503 
[22:47:12.570] WARN: [coop:lobby] start failed: could not authenticate co-op identity (503)
[22:47:12.835] LOG: %cStart Phase FaintPhase color:green;
[22:47:12.991] LOG: %cStart Phase MessagePhase color:green;
[22:47:13.261] LOG: %cStart Phase MoveEndPhase color:green;
[22:47:13.261] LOG: %cStart Phase MovePhase color:green;
[22:47:13.261] LOG: %cUser: Mega Dragalge
Move: RAIN_FLUSH
Use Mode: NORMAL color:orchid
[22:47:13.271] LOG: %cStart Phase MessagePhase color:green;
[22:47:13.567] LOG: %cStart Phase MoveEffectPhase color:green;
[22:47:14.167] LOG: crit stage: +0
[22:47:14.170] LOG: Move: Rain Flush | Base damage: 152.0279069767442 | Power: 180 | Source attack: 210 | Target defense: 129
[22:47:14.173] LOG: Move: Rain Flush | Attack damage: 133
[22:47:14.175] LOG: %cStart Phase DamageAnimPhase color:green;
[22:47:14.202] LOG: %cStart Phase StatStageChangePhase color:green;
[22:47:14.202] LOG: %cStart Phase StatStageChangePhase color:green;
[22:47:14.571] LOG: [coop:lobby] start announce name=HolyRedux2 protocol=p33
[22:47:14.619] WARN: Could not get co-op identity ticket! 503 
[22:47:14.619] WARN: [coop:lobby] start failed: could not authenticate co-op identity (503)
[22:47:14.655] LOG: %cStart Phase MessagePhase color:green;
[22:47:15.198] LOG: %cStart Phase StatStageChangePhase color:green;
[22:47:15.655] LOG: %cStart Phase MessagePhase color:green;
[22:47:16.198] LOG: %cStart Phase MoveEndPhase color:green;
[22:47:16.199] LOG: %cStart Phase CheckInterludePhase color:green;
[22:47:16.200] LOG: %cStart Phase WeatherEffectPhase color:green;
[22:47:16.200] LOG: %cStart Phase PositionalTagPhase color:green;
[22:47:16.200] LOG: %cStart Phase BerryPhase color:green;
[22:47:16.206] LOG: %cStart Phase CheckStatusEffectPhase color:green;
[22:47:16.210] LOG: %cStart Phase TurnEndPhase color:green;
[22:47:16.227] LOG: %cStart Phase SwitchPhase color:green;
[22:47:16.351] WARN: Texture "%s" has no frame "%s" pokemon_icons_9v 964-zero_2
[22:47:16.351] LOG: Palafin's variant icon does not exist. Replacing with default.
[22:47:16.373] WARN: Texture "%s" has no frame "%s" pokemon_icons_7v 741_3
[22:47:16.373] LOG: Oricorio's variant icon does not exist. Replacing with default.
[22:47:16.621] LOG: [coop:lobby] start announce name=HolyRedux2 protocol=p33
[22:47:16.749] WARN: Could not get co-op identity ticket! 503 
[22:47:16.750] WARN: [coop:lobby] start failed: could not authenticate co-op identity (503)
[22:47:18.765] LOG: [coop:lobby] start announce name=HolyRedux2 protocol=p33
[22:47:18.922] WARN: Could not get co-op identity ticket! 503 
[22:47:18.922] WARN: [coop:lobby] start failed: could not authenticate co-op identity (503)
[22:47:20.924] LOG: [coop:lobby] start announce name=HolyRedux2 protocol=p33
[22:47:20.978] WARN: Could not get co-op identity ticket! 503 
[22:47:20.978] WARN: [coop:lobby] start failed: could not authenticate co-op identity (503)
[22:47:22.979] LOG: [coop:lobby] start announce name=HolyRedux2 protocol=p33
[22:47:23.028] WARN: Could not get co-op identity ticket! 503 
[22:47:23.029] WARN: [coop:lobby] start failed: could not authenticate co-op identity (503)
[22:47:25.029] LOG: [coop:lobby] start announce name=HolyRedux2 protocol=p33
[22:47:25.076] WARN: Could not get co-op identity ticket! 503 
[22:47:25.076] WARN: [coop:lobby] start failed: could not authenticate co-op identity (503)
[22:47:27.573] LOG: [coop:lobby] start announce name=HolyRedux2 protocol=p33
[22:47:27.628] WARN: Could not get co-op identity ticket! 503 
[22:47:27.628] WARN: [coop:lobby] start failed: could not authenticate co-op identity (503)
[22:47:30.573] LOG: [coop:lobby] start announce name=HolyRedux2 protocol=p33
[22:47:30.624] WARN: Could not get co-op identity ticket! 503 
[22:47:30.624] WARN: [coop:lobby] start failed: could not authenticate co-op identity (503)
[22:47:33.573] LOG: [coop:lobby] start announce name=HolyRedux2 protocol=p33
[22:47:33.629] WARN: Could not get co-op identity ticket! 503 
[22:47:33.629] WARN: [coop:lobby] start failed: could not authenticate co-op identity (503)
[22:47:36.573] LOG: [coop:lobby] start announce name=HolyRedux2 protocol=p33
[22:47:36.627] WARN: Could not get co-op identity ticket! 503 
[22:47:36.627] WARN: [coop:lobby] start failed: could not authenticate co-op identity (503)
[22:47:39.574] LOG: [coop:lobby] start announce name=HolyRedux2 protocol=p33
[22:47:39.623] WARN: Could not get co-op identity ticket! 503 
[22:47:39.623] WARN: [coop:lobby] start failed: could not authenticate co-op identity (503)
[22:47:42.573] LOG: [coop:lobby] start announce name=HolyRedux2 protocol=p33
[22:47:42.628] WARN: Could not get co-op identity ticket! 503 
[22:47:42.628] WARN: [coop:lobby] start failed: could not authenticate co-op identity (503)
[22:47:45.577] LOG: [coop:lobby] start announce name=HolyRedux2 protocol=p33
[22:47:45.627] WARN: Could not get co-op identity ticket! 503 
[22:47:45.627] WARN: [coop:lobby] start failed: could not authenticate co-op identity (503)
[22:47:48.573] LOG: [coop:lobby] start announce name=HolyRedux2 protocol=p33
[22:47:48.617] WARN: Could not get co-op identity ticket! 503 
[22:47:48.617] WARN: [coop:lobby] start failed: could not authenticate co-op identity (503)
[22:47:51.572] LOG: [coop:lobby] start announce name=HolyRedux2 protocol=p33
[22:47:51.627] WARN: Could not get co-op identity ticket! 503 
[22:47:51.627] WARN: [coop:lobby] start failed: could not authenticate co-op identity (503)
[22:47:54.577] LOG: [coop:lobby] start announce name=HolyRedux2 protocol=p33
[22:47:54.626] WARN: Could not get co-op identity ticket! 503 
[22:47:54.627] WARN: [coop:lobby] start failed: could not authenticate co-op identity (503)
[22:47:57.573] LOG: [coop:lobby] start announce name=HolyRedux2 protocol=p33
[22:47:57.630] WARN: Could not get co-op identity ticket! 503 
[22:47:57.631] WARN: [coop:lobby] start failed: could not authenticate co-op identity (503)
[22:48:00.584] LOG: [coop:lobby] start announce name=HolyRedux2 protocol=p33
[22:48:00.670] WARN: Could not get co-op identity ticket! 503 
[22:48:00.670] WARN: [coop:lobby] start failed: could not authenticate co-op identity (503)
[22:48:03.580] LOG: [coop:lobby] start announce name=HolyRedux2 protocol=p33
[22:48:03.630] WARN: Could not get co-op identity ticket! 503 
[22:48:03.630] WARN: [coop:lobby] start failed: could not authenticate co-op identity (503)
[22:48:06.572] LOG: [coop:lobby] start announce name=HolyRedux2 protocol=p33
[22:48:06.636] WARN: Could not get co-op identity ticket! 503 
[22:48:06.637] WARN: [coop:lobby] start failed: could not authenticate co-op identity (503)
[22:48:09.587] LOG: [coop:lobby] start announce name=HolyRedux2 protocol=p33
[22:48:09.629] WARN: Could not get co-op identity ticket! 503 
[22:48:09.629] WARN: [coop:lobby] start failed: could not authenticate co-op identity (503)
[22:48:12.575] LOG: [coop:lobby] start announce name=HolyRedux2 protocol=p33
[22:48:12.622] WARN: Could not get co-op identity ticket! 503 
[22:48:12.622] WARN: [coop:lobby] start failed: could not authenticate co-op identity (503)
[22:48:15.573] LOG: [coop:lobby] start announce name=HolyRedux2 protocol=p33
[22:48:15.634] WARN: Could not get co-op identity ticket! 503 
[22:48:15.634] WARN: [coop:lobby] start failed: could not authenticate co-op identity (503)
[22:48:18.584] LOG: [coop:lobby] start announce name=HolyRedux2 protocol=p33
[22:48:18.629] WARN: Could not get co-op identity ticket! 503 
[22:48:18.630] WARN: [coop:lobby] start failed: could not authenticate co-op identity (503)
[22:48:21.573] LOG: [coop:lobby] start announce name=HolyRedux2 protocol=p33
[22:48:21.631] WARN: Could not get co-op identity ticket! 503 
[22:48:21.632] WARN: [coop:lobby] start failed: could not authenticate co-op identity (503)
[22:48:24.573] LOG: [coop:lobby] start announce name=HolyRedux2 protocol=p33
[22:48:24.658] WARN: Could not get co-op identity ticket! 503 
[22:48:24.658] WARN: [coop:lobby] start failed: could not authenticate co-op identity (503)
[22:48:27.573] LOG: [coop:lobby] start announce name=HolyRedux2 protocol=p33
[22:48:27.624] WARN: Could not get co-op identity ticket! 503 
[22:48:27.624] WARN: [coop:lobby] start failed: could not authenticate co-op identity (503)
[22:48:30.573] LOG: [coop:lobby] start announce name=HolyRedux2 protocol=p33
[22:48:30.626] WARN: Could not get co-op identity ticket! 503 
[22:48:30.626] WARN: [coop:lobby] start failed: could not authenticate co-op identity (503)
[22:48:33.587] LOG: [coop:lobby] start announce name=HolyRedux2 protocol=p33
[22:48:33.641] WARN: Could not get co-op identity ticket! 503 
[22:48:33.642] WARN: [coop:lobby] start failed: could not authenticate co-op identity (503)
[22:48:36.574] LOG: [coop:lobby] start announce name=HolyRedux2 protocol=p33
[22:48:36.626] WARN: Could not get co-op identity ticket! 503 
[22:48:36.626] WARN: [coop:lobby] start failed: could not authenticate co-op identity (503)
[22:48:39.585] LOG: [coop:lobby] start announce name=HolyRedux2 protocol=p33
[22:48:39.628] WARN: Could not get co-op identity ticket! 503 
[22:48:39.628] WARN: [coop:lobby] start failed: could not authenticate co-op identity (503)
[22:48:42.607] LOG: [coop:lobby] start announce name=HolyRedux2 protocol=p33
[22:48:42.656] WARN: Could not get co-op identity ticket! 503 
[22:48:42.657] WARN: [coop:lobby] start failed: could not authenticate co-op identity (503)
[22:48:45.577] LOG: [coop:lobby] start announce name=HolyRedux2 protocol=p33
[22:48:45.621] WARN: Could not get co-op identity ticket! 503 
[22:48:45.621] WARN: [coop:lobby] start failed: could not authenticate co-op identity (503)
[22:48:48.573] LOG: [coop:lobby] start announce name=HolyRedux2 protocol=p33
[22:48:48.639] WARN: Could not get co-op identity ticket! 503 
[22:48:48.640] WARN: [coop:lobby] start failed: could not authenticate co-op identity (503)
[22:48:51.574] LOG: [coop:lobby] start announce name=HolyRedux2 protocol=p33
[22:48:51.626] WARN: Could not get co-op identity ticket! 503 
[22:48:51.627] WARN: [coop:lobby] start failed: could not authenticate co-op identity (503)
[22:48:54.574] LOG: [coop:lobby] start announce name=HolyRedux2 protocol=p33
[22:48:54.634] WARN: Could not get co-op identity ticket! 503 
[22:48:54.634] WARN: [coop:lobby] start failed: could not authenticate co-op identity (503)
[22:48:57.577] LOG: [coop:lobby] start announce name=HolyRedux2 protocol=p33
[22:48:57.620] WARN: Could not get co-op identity ticket! 503 
[22:48:57.620] WARN: [coop:lobby] start failed: could not authenticate co-op identity (503)
[22:49:00.588] LOG: [coop:lobby] start announce name=HolyRedux2 protocol=p33
[22:49:00.663] WARN: Could not get co-op identity ticket! 503 
[22:49:00.663] WARN: [coop:lobby] start failed: could not authenticate co-op identity (503)
[22:49:03.576] LOG: [coop:lobby] start announce name=HolyRedux2 protocol=p33
[22:49:03.619] WARN: Could not get co-op identity ticket! 503 
[22:49:03.620] WARN: [coop:lobby] start failed: could not authenticate co-op identity (503)
[22:49:06.573] LOG: [coop:lobby] start announce name=HolyRedux2 protocol=p33
[22:49:06.637] WARN: Could not get co-op identity ticket! 503 
[22:49:06.638] WARN: [coop:lobby] start failed: could not authenticate co-op identity (503)
[22:49:09.572] LOG: [coop:lobby] start announce name=HolyRedux2 protocol=p33
[22:49:09.627] WARN: Could not get co-op identity ticket! 503 
[22:49:09.628] WARN: [coop:lobby] start failed: could not authenticate co-op identity (503)
[22:49:12.573] LOG: [coop:lobby] start announce name=HolyRedux2 protocol=p33
[22:49:12.621] WARN: Could not get co-op identity ticket! 503 
[22:49:12.621] WARN: [coop:lobby] start failed: could not authenticate co-op identity (503)
[22:49:15.573] LOG: [coop:lobby] start announce name=HolyRedux2 protocol=p33
[22:49:15.627] WARN: Could not get co-op identity ticket! 503 
[22:49:15.627] WARN: [coop:lobby] start failed: could not authenticate co-op identity (503)
[22:49:18.573] LOG: [coop:lobby] start announce name=HolyRedux2 protocol=p33
[22:49:18.630] WARN: Could not get co-op identity ticket! 503 
[22:49:18.630] WARN: [coop:lobby] start failed: could not authenticate co-op identity (503)
[22:49:21.573] LOG: [coop:lobby] start announce name=HolyRedux2 protocol=p33
[22:49:21.627] WARN: Could not get co-op identity ticket! 503 
[22:49:21.627] WARN: [coop:lobby] start failed: could not authenticate co-op identity (503)
[22:49:24.573] LOG: [coop:lobby] start announce name=HolyRedux2 protocol=p33
[22:49:24.633] WARN: Could not get co-op identity ticket! 503 
[22:49:24.633] WARN: [coop:lobby] start failed: could not authenticate co-op identity (503)
[22:49:27.573] LOG: [coop:lobby] start announce name=HolyRedux2 protocol=p33
[22:49:27.626] WARN: Could not get co-op identity ticket! 503 
[22:49:27.626] WARN: [coop:lobby] start failed: could not authenticate co-op identity (503)
[22:49:30.573] LOG: [coop:lobby] start announce name=HolyRedux2 protocol=p33
[22:49:30.624] WARN: Could not get co-op identity ticket! 503 
[22:49:30.624] WARN: [coop:lobby] start failed: could not authenticate co-op identity (503)
[22:49:33.572] LOG: [coop:lobby] start announce name=HolyRedux2 protocol=p33
[22:49:33.623] WARN: Could not get co-op identity ticket! 503 
[22:49:33.624] WARN: [coop:lobby] start failed: could not authenticate co-op identity (503)
[22:49:36.573] LOG: [coop:lobby] start announce name=HolyRedux2 protocol=p33
[22:49:36.618] WARN: Could not get co-op identity ticket! 503 
[22:49:36.618] WARN: [coop:lobby] start failed: could not authenticate co-op identity (503)
[22:49:39.572] LOG: [coop:lobby] start announce name=HolyRedux2 protocol=p33
[22:49:39.624] WARN: Could not get co-op identity ticket! 503 
[22:49:39.625] WARN: [coop:lobby] start failed: could not authenticate co-op identity (503)
[22:49:42.572] LOG: [coop:lobby] start announce name=HolyRedux2 protocol=p33
[22:49:42.626] WARN: Could not get co-op identity ticket! 503 
[22:49:42.626] WARN: [coop:lobby] start failed: could not authenticate co-op identity (503)
[22:49:45.582] LOG: [coop:lobby] start announce name=HolyRedux2 protocol=p33
[22:49:45.635] WARN: Could not get co-op identity ticket! 503 
[22:49:45.635] WARN: [coop:lobby] start failed: could not authenticate co-op identity (503)
[22:49:48.573] LOG: [coop:lobby] start announce name=HolyRedux2 protocol=p33
[22:49:48.614] WARN: Could not get co-op identity ticket! 503 
[22:49:48.614] WARN: [coop:lobby] start failed: could not authenticate co-op identity (503)
[22:49:51.574] LOG: [coop:lobby] start announce name=HolyRedux2 protocol=p33
[22:49:51.644] WARN: Could not get co-op identity ticket! 503 
[22:49:51.644] WARN: [coop:lobby] start failed: could not authenticate co-op identity (503)
[22:49:54.576] LOG: [coop:lobby] start announce name=HolyRedux2 protocol=p33
[22:49:54.631] WARN: Could not get co-op identity ticket! 503 
[22:49:54.631] WARN: [coop:lobby] start failed: could not authenticate co-op identity (503)
[22:49:57.572] LOG: [coop:lobby] start announce name=HolyRedux2 protocol=p33
[22:49:57.626] WARN: Could not get co-op identity ticket! 503 
[22:49:57.626] WARN: [coop:lobby] start failed: could not authenticate co-op identity (503)
[22:50:00.583] LOG: [coop:lobby] start announce name=HolyRedux2 protocol=p33
[22:50:00.647] WARN: Could not get co-op identity ticket! 503 
[22:50:00.647] WARN: [coop:lobby] start failed: could not authenticate co-op identity (503)
[22:50:03.583] LOG: [coop:lobby] start announce name=HolyRedux2 protocol=p33
[22:50:03.639] WARN: Could not get co-op identity ticket! 503 
[22:50:03.639] WARN: [coop:lobby] start failed: could not authenticate co-op identity (503)
[22:50:06.573] LOG: [coop:lobby] start announce name=HolyRedux2 protocol=p33
[22:50:06.631] WARN: Could not get co-op identity ticket! 503 
[22:50:06.631] WARN: [coop:lobby] start failed: could not authenticate co-op identity (503)
[22:50:09.577] LOG: [coop:lobby] start announce name=HolyRedux2 protocol=p33
[22:50:09.628] WARN: Could not get co-op identity ticket! 503 
[22:50:09.628] WARN: [coop:lobby] start failed: could not authenticate co-op identity (503)
[22:50:12.573] LOG: [coop:lobby] start announce name=HolyRedux2 protocol=p33
[22:50:12.628] WARN: Could not get co-op identity ticket! 503 
[22:50:12.628] WARN: [coop:lobby] start failed: could not authenticate co-op identity (503)
[22:50:15.573] LOG: [coop:lobby] start announce name=HolyRedux2 protocol=p33
[22:50:15.629] WARN: Could not get co-op identity ticket! 503 
[22:50:15.629] WARN: [coop:lobby] start failed: could not authenticate co-op identity (503)
[22:50:18.573] LOG: [coop:lobby] start announce name=HolyRedux2 protocol=p33
[22:50:18.626] WARN: Could not get co-op identity ticket! 503 
[22:50:18.626] WARN: [coop:lobby] start failed: could not authenticate co-op identity (503)
[22:50:21.575] LOG: [coop:lobby] start announce name=HolyRedux2 protocol=p33
[22:50:21.630] WARN: Could not get co-op identity ticket! 503 
[22:50:21.630] WARN: [coop:lobby] start failed: could not authenticate co-op identity (503)
[22:50:24.573] LOG: [coop:lobby] start announce name=HolyRedux2 protocol=p33
[22:50:24.629] WARN: Could not get co-op identity ticket! 503 
[22:50:24.630] WARN: [coop:lobby] start failed: could not authenticate co-op identity (503)
[22:50:27.572] LOG: [coop:lobby] start announce name=HolyRedux2 protocol=p33
[22:50:27.628] WARN: Could not get co-op identity ticket! 503 
[22:50:27.628] WARN: [coop:lobby] start failed: could not authenticate co-op identity (503)
[22:50:30.582] LOG: [coop:lobby] start announce name=HolyRedux2 protocol=p33
[22:50:30.667] WARN: Could not get co-op identity ticket! 503 
[22:50:30.668] WARN: [coop:lobby] start failed: could not authenticate co-op identity (503)
[22:50:33.573] LOG: [coop:lobby] start announce name=HolyRedux2 protocol=p33
[22:50:33.618] WARN: Could not get co-op identity ticket! 503 
[22:50:33.618] WARN: [coop:lobby] start failed: could not authenticate co-op identity (503)
[22:50:36.573] LOG: [coop:lobby] start announce name=HolyRedux2 protocol=p33
[22:50:36.628] WARN: Could not get co-op identity ticket! 503 
[22:50:36.629] WARN: [coop:lobby] start failed: could not authenticate co-op identity (503)
[22:50:39.573] LOG: [coop:lobby] start announce name=HolyRedux2 protocol=p33
[22:50:39.622] WARN: Could not get co-op identity ticket! 503 
[22:50:39.622] WARN: [coop:lobby] start failed: could not authenticate co-op identity (503)
[22:50:42.572] LOG: [coop:lobby] start announce name=HolyRedux2 protocol=p33
[22:50:42.629] WARN: Could not get co-op identity ticket! 503 
[22:50:42.629] WARN: [coop:lobby] start failed: could not authenticate co-op identity (503)
[22:50:45.573] LOG: [coop:lobby] start announce name=HolyRedux2 protocol=p33
[22:50:45.616] WARN: Could not get co-op identity ticket! 503 
[22:50:45.616] WARN: [coop:lobby] start failed: could not authenticate co-op identity (503)
[22:50:48.573] LOG: [coop:lobby] start announce name=HolyRedux2 protocol=p33
[22:50:48.627] WARN: Could not get co-op identity ticket! 503 
[22:50:48.627] WARN: [coop:lobby] start failed: could not authenticate co-op identity (503)
[22:50:51.585] LOG: [coop:lobby] start announce name=HolyRedux2 protocol=p33
[22:50:51.631] WARN: Could not get co-op identity ticket! 503 
[22:50:51.632] WARN: [coop:lobby] start failed: could not authenticate co-op identity (503)
[22:50:54.573] LOG: [coop:lobby] start announce name=HolyRedux2 protocol=p33
[22:50:54.628] WARN: Could not get co-op identity ticket! 503 
[22:50:54.629] WARN: [coop:lobby] start failed: could not authenticate co-op identity (503)
[22:50:57.572] LOG: [coop:lobby] start announce name=HolyRedux2 protocol=p33
[22:50:57.618] WARN: Could not get co-op identity ticket! 503 
[22:50:57.619] WARN: [coop:lobby] start failed: could not authenticate co-op identity (503)
[22:51:00.573] LOG: [coop:lobby] start announce name=HolyRedux2 protocol=p33
[22:51:00.626] WARN: Could not get co-op identity ticket! 503 
[22:51:00.626] WARN: [coop:lobby] start failed: could not authenticate co-op identity (503)
[22:51:03.580] LOG: [coop:lobby] start announce name=HolyRedux2 protocol=p33
[22:51:03.624] WARN: Could not get co-op identity ticket! 503 
[22:51:03.624] WARN: [coop:lobby] start failed: could not authenticate co-op identity (503)
[22:51:06.573] LOG: [coop:lobby] start announce name=HolyRedux2 protocol=p33
[22:51:06.617] WARN: Could not get co-op identity ticket! 503 
[22:51:06.617] WARN: [coop:lobby] start failed: could not authenticate co-op identity (503)
[22:51:09.573] LOG: [coop:lobby] start announce name=HolyRedux2 protocol=p33
[22:51:09.622] WARN: Could not get co-op identity ticket! 503 
[22:51:09.622] WARN: [coop:lobby] start failed: could not authenticate co-op identity (503)
[22:51:12.573] LOG: [coop:lobby] start announce name=HolyRedux2 protocol=p33
[22:51:12.634] WARN: Could not get co-op identity ticket! 503 
[22:51:12.634] WARN: [coop:lobby] start failed: could not authenticate co-op identity (503)
[22:51:15.573] LOG: [coop:lobby] start announce name=HolyRedux2 protocol=p33
[22:51:15.635] WARN: Could not get co-op identity ticket! 503 
[22:51:15.635] WARN: [coop:lobby] start failed: could not authenticate co-op identity (503)
[22:51:18.573] LOG: [coop:lobby] start announce name=HolyRedux2 protocol=p33
[22:51:18.629] WARN: Could not get co-op identity ticket! 503 
[22:51:18.629] WARN: [coop:lobby] start failed: could not authenticate co-op identity (503)
[22:51:21.611] LOG: [coop:lobby] start announce name=HolyRedux2 protocol=p33
[22:51:21.658] WARN: Could not get co-op identity ticket! 503 
[22:51:21.659] WARN: [coop:lobby] start failed: could not authenticate co-op identity (503)
[22:51:24.573] LOG: [coop:lobby] start announce name=HolyRedux2 protocol=p33
[22:51:24.660] WARN: Could not get co-op identity ticket! 503 
[22:51:24.660] WARN: [coop:lobby] start failed: could not authenticate co-op identity (503)
[22:51:27.573] LOG: [coop:lobby] start announce name=HolyRedux2 protocol=p33
[22:51:27.630] WARN: Could not get co-op identity ticket! 503 
[22:51:27.630] WARN: [coop:lobby] start failed: could not authenticate co-op identity (503)
[22:51:30.572] LOG: [coop:lobby] start announce name=HolyRedux2 protocol=p33
[22:51:30.618] WARN: Could not get co-op identity ticket! 503 
[22:51:30.619] WARN: [coop:lobby] start failed: could not authenticate co-op identity (503)
[22:51:33.588] LOG: [coop:lobby] start announce name=HolyRedux2 protocol=p33
[22:51:33.653] WARN: Could not get co-op identity ticket! 503 
[22:51:33.653] WARN: [coop:lobby] start failed: could not authenticate co-op identity (503)
[22:51:36.573] LOG: [coop:lobby] start announce name=HolyRedux2 protocol=p33
[22:51:36.627] WARN: Could not get co-op identity ticket! 503 
[22:51:36.628] WARN: [coop:lobby] start failed: could not authenticate co-op identity (503)
[22:51:39.574] LOG: [coop:lobby] start announce name=HolyRedux2 protocol=p33
[22:51:39.625] WARN: Could not get co-op identity ticket! 503 
[22:51:39.626] WARN: [coop:lobby] start failed: could not authenticate co-op identity (503)
[22:51:42.573] LOG: [coop:lobby] start announce name=HolyRedux2 protocol=p33
[22:51:42.615] WARN: Could not get co-op identity ticket! 503 
[22:51:42.616] WARN: [coop:lobby] start failed: could not authenticate co-op identity (503)
[22:51:45.582] LOG: [coop:lobby] start announce name=HolyRedux2 protocol=p33
[22:51:45.626] WARN: Could not get co-op identity ticket! 503 
[22:51:45.626] WARN: [coop:lobby] start failed: could not authenticate co-op identity (503)
[22:51:48.574] LOG: [coop:lobby] start announce name=HolyRedux2 protocol=p33
[22:51:48.630] WARN: Could not get co-op identity ticket! 503 
[22:51:48.630] WARN: [coop:lobby] start failed: could not authenticate co-op identity (503)
[22:51:51.573] LOG: [coop:lobby] start announce name=HolyRedux2 protocol=p33
[22:51:51.622] WARN: Could not get co-op identity ticket! 503 
[22:51:51.622] WARN: [coop:lobby] start failed: could not authenticate co-op identity (503)
[22:51:54.572] LOG: [coop:lobby] start announce name=HolyRedux2 protocol=p33
[22:51:54.626] WARN: Could not get co-op identity ticket! 503 
[22:51:54.627] WARN: [coop:lobby] start failed: could not authenticate co-op identity (503)
[22:51:57.573] LOG: [coop:lobby] start announce name=HolyRedux2 protocol=p33
[22:51:57.620] WARN: Could not get co-op identity ticket! 503 
[22:51:57.620] WARN: [coop:lobby] start failed: could not authenticate co-op identity (503)
[22:52:00.572] LOG: [coop:lobby] start announce name=HolyRedux2 protocol=p33
[22:52:00.628] WARN: Could not get co-op identity ticket! 503 
[22:52:00.628] WARN: [coop:lobby] start failed: could not authenticate co-op identity (503)
[22:52:03.573] LOG: [coop:lobby] start announce name=HolyRedux2 protocol=p33
[22:52:03.621] WARN: Could not get co-op identity ticket! 503 
[22:52:03.622] WARN: [coop:lobby] start failed: could not authenticate co-op identity (503)
[22:52:06.576] LOG: [coop:lobby] start announce name=HolyRedux2 protocol=p33
[22:52:06.629] WARN: Could not get co-op identity ticket! 503 
[22:52:06.629] WARN: [coop:lobby] start failed: could not authenticate co-op identity (503)
[22:52:09.574] LOG: [coop:lobby] start announce name=HolyRedux2 protocol=p33
[22:52:09.622] WARN: Could not get co-op identity ticket! 503 
[22:52:09.623] WARN: [coop:lobby] start failed: could not authenticate co-op identity (503)
[22:52:12.574] LOG: [coop:lobby] start announce name=HolyRedux2 protocol=p33
[22:52:12.630] WARN: Could not get co-op identity ticket! 503 
[22:52:12.630] WARN: [coop:lobby] start failed: could not authenticate co-op identity (503)
[22:52:15.573] LOG: [coop:lobby] start announce name=HolyRedux2 protocol=p33
[22:52:15.626] WARN: Could not get co-op identity ticket! 503 
[22:52:15.626] WARN: [coop:lobby] start failed: could not authenticate co-op identity (503)
[22:52:18.573] LOG: [coop:lobby] start announce name=HolyRedux2 protocol=p33
[22:52:18.620] WARN: Could not get co-op identity ticket! 503 
[22:52:18.620] WARN: [coop:lobby] start failed: could not authenticate co-op identity (503)
[22:52:21.573] LOG: [coop:lobby] start announce name=HolyRedux2 protocol=p33
[22:52:22.488] WARN: Could not get co-op identity ticket! 503 
[22:52:22.488] WARN: [coop:lobby] start failed: could not authenticate co-op identity (503)
[22:52:24.573] LOG: [coop:lobby] start announce name=HolyRedux2 protocol=p33
[22:52:24.614] WARN: Could not get co-op identity ticket! 503 
[22:52:24.614] WARN: [coop:lobby] start failed: could not authenticate co-op identity (503)
[22:52:27.572] LOG: [coop:lobby] start announce name=HolyRedux2 protocol=p33
[22:52:27.631] WARN: Could not get co-op identity ticket! 503 
[22:52:27.631] WARN: [coop:lobby] start failed: could not authenticate co-op identity (503)
[22:52:30.572] LOG: [coop:lobby] start announce name=HolyRedux2 protocol=p33
[22:52:30.701] WARN: Could not get co-op identity ticket! 503 
[22:52:30.701] WARN: [coop:lobby] start failed: could not authenticate co-op identity (503)
[22:52:33.573] LOG: [coop:lobby] start announce name=HolyRedux2 protocol=p33
[22:52:33.617] WARN: Could not get co-op identity ticket! 503 
[22:52:33.617] WARN: [coop:lobby] start failed: could not authenticate co-op identity (503)
[22:52:36.575] LOG: [coop:lobby] start announce name=HolyRedux2 protocol=p33
[22:52:36.680] WARN: Could not get co-op identity ticket! 503 
[22:52:36.680] WARN: [coop:lobby] start failed: could not authenticate co-op identity (503)
[22:52:39.580] LOG: [coop:lobby] start announce name=HolyRedux2 protocol=p33
[22:52:39.657] WARN: Could not get co-op identity ticket! 503 
[22:52:39.658] WARN: [coop:lobby] start failed: could not authenticate co-op identity (503)
[22:58:50.002] LOG: [coop:lobby] start announce name=HolyRedux2 protocol=p33
[22:58:50.768] WARN: Could not get co-op identity ticket! 503 
[22:58:50.768] WARN: [coop:lobby] start failed: could not authenticate co-op identity (503)
[22:58:53.574] LOG: [coop:lobby] start announce name=HolyRedux2 protocol=p33
[22:58:53.619] WARN: Could not get co-op identity ticket! 503 
[22:58:53.619] WARN: [coop:lobby] start failed: could not authenticate co-op identity (503)
[22:58:56.572] LOG: [coop:lobby] start announce name=HolyRedux2 protocol=p33
[22:58:56.617] WARN: Could not get co-op identity ticket! 503 
[22:58:56.617] WARN: [coop:lobby] start failed: could not authenticate co-op identity (503)
[22:58:59.586] LOG: [coop:lobby] start announce name=HolyRedux2 protocol=p33
[22:58:59.635] WARN: Could not get co-op identity ticket! 503 
[22:58:59.636] WARN: [coop:lobby] start failed: could not authenticate co-op identity (503)
[22:59:02.573] LOG: [coop:lobby] start announce name=HolyRedux2 protocol=p33
[22:59:02.625] WARN: Could not get co-op identity ticket! 503 
[22:59:02.626] WARN: [coop:lobby] start failed: could not authenticate co-op identity (503)
[22:59:05.573] LOG: [coop:lobby] start announce name=HolyRedux2 protocol=p33
[22:59:05.626] WARN: Could not get co-op identity ticket! 503 
[22:59:05.626] WARN: [coop:lobby] start failed: could not authenticate co-op identity (503)
[22:59:08.584] LOG: [coop:lobby] start announce name=HolyRedux2 protocol=p33
[22:59:08.649] WARN: Could not get co-op identity ticket! 503 
[22:59:08.649] WARN: [coop:lobby] start failed: could not authenticate co-op identity (503)
[22:59:11.574] LOG: [coop:lobby] start announce name=HolyRedux2 protocol=p33
[22:59:11.632] WARN: Could not get co-op identity ticket! 503 
[22:59:11.633] WARN: [coop:lobby] start failed: could not authenticate co-op identity (503)
[22:59:14.573] LOG: [coop:lobby] start announce name=HolyRedux2 protocol=p33
[22:59:14.617] WARN: Could not get co-op identity ticket! 503 
[22:59:14.617] WARN: [coop:lobby] start failed: could not authenticate co-op identity (503)
[22:59:17.573] LOG: [coop:lobby] start announce name=HolyRedux2 protocol=p33
[22:59:17.630] WARN: Could not get co-op identity ticket! 503 
[22:59:17.631] WARN: [coop:lobby] start failed: could not authenticate co-op identity (503)
[22:59:20.573] LOG: [coop:lobby] start announce name=HolyRedux2 protocol=p33
[22:59:20.624] WARN: Could not get co-op identity ticket! 503 
[22:59:20.624] WARN: [coop:lobby] start failed: could not authenticate co-op identity (503)
[22:59:23.573] LOG: [coop:lobby] start announce name=HolyRedux2 protocol=p33
[22:59:23.625] WARN: Could not get co-op identity ticket! 503 
[22:59:23.626] WARN: [coop:lobby] start failed: could not authenticate co-op identity (503)
[22:59:26.572] LOG: [coop:lobby] start announce name=HolyRedux2 protocol=p33
[22:59:26.616] WARN: Could not get co-op identity ticket! 503 
[22:59:26.616] WARN: [coop:lobby] start failed: could not authenticate co-op identity (503)
[22:59:29.573] LOG: [coop:lobby] start announce name=HolyRedux2 protocol=p33
[22:59:29.699] WARN: Could not get co-op identity ticket! 503 
[22:59:29.699] WARN: [coop:lobby] start failed: could not authenticate co-op identity (503)
[22:59:32.573] LOG: [coop:lobby] start announce name=HolyRedux2 protocol=p33
[22:59:32.641] WARN: Could not get co-op identity ticket! 503 
[22:59:32.641] WARN: [coop:lobby] start failed: could not authenticate co-op identity (503)
[22:59:35.575] LOG: [coop:lobby] start announce name=HolyRedux2 protocol=p33
[22:59:35.628] WARN: Could not get co-op identity ticket! 503 
[22:59:35.629] WARN: [coop:lobby] start failed: could not authenticate co-op identity (503)
[22:59:38.573] LOG: [coop:lobby] start announce name=HolyRedux2 protocol=p33
[22:59:38.615] WARN: Could not get co-op identity ticket! 503 
[22:59:38.615] WARN: [coop:lobby] start failed: could not authenticate co-op identity (503)
[22:59:41.573] LOG: [coop:lobby] start announce name=HolyRedux2 protocol=p33
[22:59:41.627] WARN: Could not get co-op identity ticket! 503 
[22:59:41.627] WARN: [coop:lobby] start failed: could not authenticate co-op identity (503)
[22:59:44.573] LOG: [coop:lobby] start announce name=HolyRedux2 protocol=p33
[22:59:44.624] WARN: Could not get co-op identity ticket! 503 
[22:59:44.624] WARN: [coop:lobby] start failed: could not authenticate co-op identity (503)
[22:59:47.573] LOG: [coop:lobby] start announce name=HolyRedux2 protocol=p33
[22:59:47.627] WARN: Could not get co-op identity ticket! 503 
[22:59:47.628] WARN: [coop:lobby] start failed: could not authenticate co-op identity (503)
[22:59:50.574] LOG: [coop:lobby] start announce name=HolyRedux2 protocol=p33
[22:59:50.624] WARN: Could not get co-op identity ticket! 503 
[22:59:50.625] WARN: [coop:lobby] start failed: could not authenticate co-op identity (503)
[22:59:53.573] LOG: [coop:lobby] start announce name=HolyRedux2 protocol=p33
[22:59:53.616] WARN: Could not get co-op identity ticket! 503 
[22:59:53.616] WARN: [coop:lobby] start failed: could not authenticate co-op identity (503)
[22:59:56.573] LOG: [coop:lobby] start announce name=HolyRedux2 protocol=p33
[22:59:56.626] WARN: Could not get co-op identity ticket! 503 
[22:59:56.626] WARN: [coop:lobby] start failed: could not authenticate co-op identity (503)
[22:59:59.573] LOG: [coop:lobby] start announce name=HolyRedux2 protocol=p33
[22:59:59.617] WARN: Could not get co-op identity ticket! 503 
[22:59:59.617] WARN: [coop:lobby] start failed: could not authenticate co-op identity (503)
[23:00:02.573] LOG: [coop:lobby] start announce name=HolyRedux2 protocol=p33
[23:00:02.624] WARN: Could not get co-op identity ticket! 503 
[23:00:02.625] WARN: [coop:lobby] start failed: could not authenticate co-op identity (503)
[23:00:05.584] LOG: [coop:lobby] start announce name=HolyRedux2 protocol=p33
[23:00:05.635] WARN: Could not get co-op identity ticket! 503 
[23:00:05.635] WARN: [coop:lobby] start failed: could not authenticate co-op identity (503)
[23:00:08.573] LOG: [coop:lobby] start announce name=HolyRedux2 protocol=p33
[23:00:08.618] WARN: Could not get co-op identity ticket! 503 
[23:00:08.618] WARN: [coop:lobby] start failed: could not authenticate co-op identity (503)
[23:00:11.572] LOG: [coop:lobby] start announce name=HolyRedux2 protocol=p33
[23:00:11.615] WARN: Could not get co-op identity ticket! 503 
[23:00:11.615] WARN: [coop:lobby] start failed: could not authenticate co-op identity (503)
[23:00:14.572] LOG: [coop:lobby] start announce name=HolyRedux2 protocol=p33
[23:00:14.623] WARN: Could not get co-op identity ticket! 503 
[23:00:14.623] WARN: [coop:lobby] start failed: could not authenticate co-op identity (503)
[23:00:17.573] LOG: [coop:lobby] start announce name=HolyRedux2 protocol=p33
[23:00:17.625] WARN: Could not get co-op identity ticket! 503 
[23:00:17.625] WARN: [coop:lobby] start failed: could not authenticate co-op identity (503)
[23:00:20.573] LOG: [coop:lobby] start announce name=HolyRedux2 protocol=p33
[23:00:20.631] WARN: Could not get co-op identity ticket! 503 
[23:00:20.631] WARN: [coop:lobby] start failed: could not authenticate co-op identity (503)
[23:00:23.573] LOG: [coop:lobby] start announce name=HolyRedux2 protocol=p33
[23:00:23.624] WARN: Could not get co-op identity ticket! 503 
[23:00:23.624] WARN: [coop:lobby] start failed: could not authenticate co-op identity (503)
[23:00:26.572] LOG: [coop:lobby] start announce name=HolyRedux2 protocol=p33
[23:00:26.625] WARN: Could not get co-op identity ticket! 503 
[23:00:26.625] WARN: [coop:lobby] start failed: could not authenticate co-op identity (503)
[23:00:29.573] LOG: [coop:lobby] start announce name=HolyRedux2 protocol=p33
[23:00:29.623] WARN: Could not get co-op identity ticket! 503 
[23:00:29.623] WARN: [coop:lobby] start failed: could not authenticate co-op identity (503)
[23:00:32.573] LOG: [coop:lobby] start announce name=HolyRedux2 protocol=p33
[23:00:32.622] WARN: Could not get co-op identity ticket! 503 
[23:00:32.623] WARN: [coop:lobby] start failed: could not authenticate co-op identity (503)
[23:00:35.573] LOG: [coop:lobby] start announce name=HolyRedux2 protocol=p33
[23:00:35.624] WARN: Could not get co-op identity ticket! 503 
[23:00:35.624] WARN: [coop:lobby] start failed: could not authenticate co-op identity (503)
[23:00:38.572] LOG: [coop:lobby] start announce name=HolyRedux2 protocol=p33
[23:00:38.626] WARN: Could not get co-op identity ticket! 503 
[23:00:38.626] WARN: [coop:lobby] start failed: could not authenticate co-op identity (503)
[23:00:41.572] LOG: [coop:lobby] start announce name=HolyRedux2 protocol=p33
[23:00:41.625] WARN: Could not get co-op identity ticket! 503 
[23:00:41.625] WARN: [coop:lobby] start failed: could not authenticate co-op identity (503)
[23:00:44.573] LOG: [coop:lobby] start announce name=HolyRedux2 protocol=p33
[23:00:44.623] WARN: Could not get co-op identity ticket! 503 
[23:00:44.623] WARN: [coop:lobby] start failed: could not authenticate co-op identity (503)
[23:00:47.573] LOG: [coop:lobby] start announce name=HolyRedux2 protocol=p33
[23:00:47.628] WARN: Could not get co-op identity ticket! 503 
[23:00:47.628] WARN: [coop:lobby] start failed: could not authenticate co-op identity (503)
[23:00:50.573] LOG: [coop:lobby] start announce name=HolyRedux2 protocol=p33
[23:00:50.627] WARN: Could not get co-op identity ticket! 503 
[23:00:50.627] WARN: [coop:lobby] start failed: could not authenticate co-op identity (503)
[23:00:53.572] LOG: [coop:lobby] start announce name=HolyRedux2 protocol=p33
[23:00:53.627] WARN: Could not get co-op identity ticket! 503 
[23:00:53.627] WARN: [coop:lobby] start failed: could not authenticate co-op identity (503)
[23:00:56.586] LOG: [coop:lobby] start announce name=HolyRedux2 protocol=p33
[23:00:56.632] WARN: Could not get co-op identity ticket! 503 
[23:00:56.633] WARN: [coop:lobby] start failed: could not authenticate co-op identity (503)
[23:00:59.574] LOG: [coop:lobby] start announce name=HolyRedux2 protocol=p33
[23:00:59.616] WARN: Could not get co-op identity ticket! 503 
[23:00:59.616] WARN: [coop:lobby] start failed: could not authenticate co-op identity (503)
[23:01:02.572] LOG: [coop:lobby] start announce name=HolyRedux2 protocol=p33
[23:01:02.618] WARN: Could not get co-op identity ticket! 503 
[23:01:02.619] WARN: [coop:lobby] start failed: could not authenticate co-op identity (503)
[23:01:05.573] LOG: [coop:lobby] start announce name=HolyRedux2 protocol=p33
[23:01:05.620] WARN: Could not get co-op identity ticket! 503 
[23:01:05.620] WARN: [coop:lobby] start failed: could not authenticate co-op identity (503)
[23:01:08.575] LOG: [coop:lobby] start announce name=HolyRedux2 protocol=p33
[23:01:08.631] WARN: Could not get co-op identity ticket! 503 
[23:01:08.631] WARN: [coop:lobby] start failed: could not authenticate co-op identity (503)
[23:01:11.573] LOG: [coop:lobby] start announce name=HolyRedux2 protocol=p33
[23:01:11.617] WARN: Could not get co-op identity ticket! 503 
[23:01:11.617] WARN: [coop:lobby] start failed: could not authenticate co-op identity (503)
[23:01:14.573] LOG: [coop:lobby] start announce name=HolyRedux2 protocol=p33
[23:01:14.622] WARN: Could not get co-op identity ticket! 503 
[23:01:14.622] WARN: [coop:lobby] start failed: could not authenticate co-op identity (503)
[23:01:17.572] LOG: [coop:lobby] start announce name=HolyRedux2 protocol=p33
[23:01:17.616] WARN: Could not get co-op identity ticket! 503 
[23:01:17.617] WARN: [coop:lobby] start failed: could not authenticate co-op identity (503)
[23:01:20.573] LOG: [coop:lobby] start announce name=HolyRedux2 protocol=p33
[23:01:20.621] WARN: Could not get co-op identity ticket! 503 
[23:01:20.621] WARN: [coop:lobby] start failed: could not authenticate co-op identity (503)
[23:01:23.572] LOG: [coop:lobby] start announce name=HolyRedux2 protocol=p33
[23:01:23.616] WARN: Could not get co-op identity ticket! 503 
[23:01:23.616] WARN: [coop:lobby] start failed: could not authenticate co-op identity (503)
[23:01:26.572] LOG: [coop:lobby] start announce name=HolyRedux2 protocol=p33
[23:01:26.623] WARN: Could not get co-op identity ticket! 503 
[23:01:26.623] WARN: [coop:lobby] start failed: could not authenticate co-op identity (503)
[23:01:29.573] LOG: [coop:lobby] start announce name=HolyRedux2 protocol=p33
[23:01:29.621] WARN: Could not get co-op identity ticket! 503 
[23:01:29.621] WARN: [coop:lobby] start failed: could not authenticate co-op identity (503)
[23:01:32.574] LOG: [coop:lobby] start announce name=HolyRedux2 protocol=p33
[23:01:32.625] WARN: Could not get co-op identity ticket! 503 
[23:01:32.625] WARN: [coop:lobby] start failed: could not authenticate co-op identity (503)
[23:01:35.574] LOG: [coop:lobby] start announce name=HolyRedux2 protocol=p33
[23:01:35.622] WARN: Could not get co-op identity ticket! 503 
[23:01:35.623] WARN: [coop:lobby] start failed: could not authenticate co-op identity (503)
[23:01:38.574] LOG: [coop:lobby] start announce name=HolyRedux2 protocol=p33
[23:01:38.622] WARN: Could not get co-op identity ticket! 503 
[23:01:38.623] WARN: [coop:lobby] start failed: could not authenticate co-op identity (503)
[23:01:41.572] LOG: [coop:lobby] start announce name=HolyRedux2 protocol=p33
[23:01:41.621] WARN: Could not get co-op identity ticket! 503 
[23:01:41.622] WARN: [coop:lobby] start failed: could not authenticate co-op identity (503)
[23:01:44.573] LOG: [coop:lobby] start announce name=HolyRedux2 protocol=p33
[23:01:44.629] WARN: Could not get co-op identity ticket! 503 
[23:01:44.630] WARN: [coop:lobby] start failed: could not authenticate co-op identity (503)
[23:01:47.574] LOG: [coop:lobby] start announce name=HolyRedux2 protocol=p33
[23:01:47.623] WARN: Could not get co-op identity ticket! 503 
[23:01:47.623] WARN: [coop:lobby] start failed: could not authenticate co-op identity (503)
[23:01:50.573] LOG: [coop:lobby] start announce name=HolyRedux2 protocol=p33
[23:01:50.631] WARN: Could not get co-op identity ticket! 503 
[23:01:50.631] WARN: [coop:lobby] start failed: could not authenticate co-op identity (503)
[23:01:53.573] LOG: [coop:lobby] start announce name=HolyRedux2 protocol=p33
[23:01:53.620] WARN: Could not get co-op identity ticket! 503 
[23:01:53.620] WARN: [coop:lobby] start failed: could not authenticate co-op identity (503)
[23:01:56.573] LOG: [coop:lobby] start announce name=HolyRedux2 protocol=p33
[23:01:56.621] WARN: Could not get co-op identity ticket! 503 
[23:01:56.621] WARN: [coop:lobby] start failed: could not authenticate co-op identity (503)
[23:01:59.573] LOG: [coop:lobby] start announce name=HolyRedux2 protocol=p33
[23:01:59.621] WARN: Could not get co-op identity ticket! 503 
[23:01:59.621] WARN: [coop:lobby] start failed: could not authenticate co-op identity (503)
[23:02:02.573] LOG: [coop:lobby] start announce name=HolyRedux2 protocol=p33
[23:02:02.620] WARN: Could not get co-op identity ticket! 503 
[23:02:02.620] WARN: [coop:lobby] start failed: could not authenticate co-op identity (503)
[23:02:05.574] LOG: [coop:lobby] start announce name=HolyRedux2 protocol=p33
[23:02:05.621] WARN: Could not get co-op identity ticket! 503 
[23:02:05.621] WARN: [coop:lobby] start failed: could not authenticate co-op identity (503)
[23:02:08.573] LOG: [coop:lobby] start announce name=HolyRedux2 protocol=p33
[23:02:08.631] WARN: Could not get co-op identity ticket! 503 
[23:02:08.631] WARN: [coop:lobby] start failed: could not authenticate co-op identity (503)
[23:02:11.573] LOG: [coop:lobby] start announce name=HolyRedux2 protocol=p33
[23:02:11.620] WARN: Could not get co-op identity ticket! 503 
[23:02:11.620] WARN: [coop:lobby] start failed: could not authenticate co-op identity (503)
[23:02:14.572] LOG: [coop:lobby] start announce name=HolyRedux2 protocol=p33
[23:02:14.620] WARN: Could not get co-op identity ticket! 503 
[23:02:14.620] WARN: [coop:lobby] start failed: could not authenticate co-op identity (503)
[23:02:17.572] LOG: [coop:lobby] start announce name=HolyRedux2 protocol=p33
[23:02:17.615] WARN: Could not get co-op identity ticket! 503 
[23:02:17.615] WARN: [coop:lobby] start failed: could not authenticate co-op identity (503)
[23:02:20.573] LOG: [coop:lobby] start announce name=HolyRedux2 protocol=p33
[23:02:20.623] WARN: Could not get co-op identity ticket! 503 
[23:02:20.623] WARN: [coop:lobby] start failed: could not authenticate co-op identity (503)
[23:02:23.573] LOG: [coop:lobby] start announce name=HolyRedux2 protocol=p33
[23:02:23.621] WARN: Could not get co-op identity ticket! 503 
[23:02:23.621] WARN: [coop:lobby] start failed: could not authenticate co-op identity (503)
[23:02:26.573] LOG: [coop:lobby] start announce name=HolyRedux2 protocol=p33
[23:02:26.624] WARN: Could not get co-op identity ticket! 503 
[23:02:26.624] WARN: [coop:lobby] start failed: could not authenticate co-op identity (503)
[23:02:29.573] LOG: [coop:lobby] start announce name=HolyRedux2 protocol=p33
[23:02:29.622] WARN: Could not get co-op identity ticket! 503 
[23:02:29.622] WARN: [coop:lobby] start failed: could not authenticate co-op identity (503)
[23:02:32.573] LOG: [coop:lobby] start announce name=HolyRedux2 protocol=p33
[23:02:32.622] WARN: Could not get co-op identity ticket! 503 
[23:02:32.622] WARN: [coop:lobby] start failed: could not authenticate co-op identity (503)
[23:02:35.573] LOG: [coop:lobby] start announce name=HolyRedux2 protocol=p33
[23:02:35.641] WARN: Could not get co-op identity ticket! 503 
[23:02:35.641] WARN: [coop:lobby] start failed: could not authenticate co-op identity (503)
[23:02:38.572] LOG: [coop:lobby] start announce name=HolyRedux2 protocol=p33
[23:02:38.627] WARN: Could not get co-op identity ticket! 503 
[23:02:38.627] WARN: [coop:lobby] start failed: could not authenticate co-op identity (503)
[23:02:41.574] LOG: [coop:lobby] start announce name=HolyRedux2 protocol=p33
[23:02:41.621] WARN: Could not get co-op identity ticket! 503 
[23:02:41.621] WARN: [coop:lobby] start failed: could not authenticate co-op identity (503)
[23:02:44.573] LOG: [coop:lobby] start announce name=HolyRedux2 protocol=p33
[23:02:44.620] WARN: Could not get co-op identity ticket! 503 
[23:02:44.620] WARN: [coop:lobby] start failed: could not authenticate co-op identity (503)
[23:02:47.573] LOG: [coop:lobby] start announce name=HolyRedux2 protocol=p33
[23:02:47.623] WARN: Could not get co-op identity ticket! 503 
[23:02:47.624] WARN: [coop:lobby] start failed: could not authenticate co-op identity (503)
[23:02:50.572] LOG: [coop:lobby] start announce name=HolyRedux2 protocol=p33
[23:02:50.628] WARN: Could not get co-op identity ticket! 503 
[23:02:50.629] WARN: [coop:lobby] start failed: could not authenticate co-op identity (503)
[23:02:53.579] LOG: [coop:lobby] start announce name=HolyRedux2 protocol=p33
[23:02:53.654] WARN: Could not get co-op identity ticket! 503 
[23:02:53.654] WARN: [coop:lobby] start failed: could not authenticate co-op identity (503)
[23:02:56.572] LOG: [coop:lobby] start announce name=HolyRedux2 protocol=p33
[23:02:56.628] WARN: Could not get co-op identity ticket! 503 
[23:02:56.628] WARN: [coop:lobby] start failed: could not authenticate co-op identity (503)
[23:02:59.573] LOG: [coop:lobby] start announce name=HolyRedux2 protocol=p33
[23:02:59.616] WARN: Could not get co-op identity ticket! 503 
[23:02:59.616] WARN: [coop:lobby] start failed: could not authenticate co-op identity (503)
[23:03:02.572] LOG: [coop:lobby] start announce name=HolyRedux2 protocol=p33
[23:03:02.622] WARN: Could not get co-op identity ticket! 503 
[23:03:02.622] WARN: [coop:lobby] start failed: could not authenticate co-op identity (503)
[23:03:05.573] LOG: [coop:lobby] start announce name=HolyRedux2 protocol=p33
[23:03:05.626] WARN: Could not get co-op identity ticket! 503 
[23:03:05.627] WARN: [coop:lobby] start failed: could not authenticate co-op identity (503)
[23:03:08.586] LOG: [coop:lobby] start announce name=HolyRedux2 protocol=p33
[23:03:08.649] WARN: Could not get co-op identity ticket! 503 
[23:03:08.649] WARN: [coop:lobby] start failed: could not authenticate co-op identity (503)
[23:03:11.593] LOG: [coop:lobby] start announce name=HolyRedux2 protocol=p33
[23:03:11.646] WARN: Could not get co-op identity ticket! 503 
[23:03:11.647] WARN: [coop:lobby] start failed: could not authenticate co-op identity (503)
[23:03:14.579] LOG: [coop:lobby] start announce name=HolyRedux2 protocol=p33
[23:03:14.627] WARN: Could not get co-op identity ticket! 503 
[23:03:14.628] WARN: [coop:lobby] start failed: could not authenticate co-op identity (503)
[23:03:17.582] LOG: [coop:lobby] start announce name=HolyRedux2 protocol=p33
[23:03:17.635] WARN: Could not get co-op identity ticket! 503 
[23:03:17.635] WARN: [coop:lobby] start failed: could not authenticate co-op identity (503)
[23:03:20.573] LOG: [coop:lobby] start announce name=HolyRedux2 protocol=p33
[23:03:20.623] WARN: Could not get co-op identity ticket! 503 
[23:03:20.624] WARN: [coop:lobby] start failed: could not authenticate co-op identity (503)
[23:03:23.572] LOG: [coop:lobby] start announce name=HolyRedux2 protocol=p33
[23:03:23.623] WARN: Could not get co-op identity ticket! 503 
[23:03:23.623] WARN: [coop:lobby] start failed: could not authenticate co-op identity (503)
[23:03:26.585] LOG: [coop:lobby] start announce name=HolyRedux2 protocol=p33
[23:03:26.633] WARN: Could not get co-op identity ticket! 503 
[23:03:26.633] WARN: [coop:lobby] start failed: could not authenticate co-op identity (503)
[23:03:29.572] LOG: [coop:lobby] start announce name=HolyRedux2 protocol=p33
[23:03:29.620] WARN: Could not get co-op identity ticket! 503 
[23:03:29.620] WARN: [coop:lobby] start failed: could not authenticate co-op identity (503)
[23:03:32.573] LOG: [coop:lobby] start announce name=HolyRedux2 protocol=p33
[23:03:32.620] WARN: Could not get co-op identity ticket! 503 
[23:03:32.621] WARN: [coop:lobby] start failed: could not authenticate co-op identity (503)
[23:03:35.576] LOG: [coop:lobby] start announce name=HolyRedux2 protocol=p33
[23:03:35.623] WARN: Could not get co-op identity ticket! 503 
[23:03:35.624] WARN: [coop:lobby] start failed: could not authenticate co-op identity (503)
[23:03:38.573] LOG: [coop:lobby] start announce name=HolyRedux2 protocol=p33
[23:03:38.620] WARN: Could not get co-op identity ticket! 503 
[23:03:38.620] WARN: [coop:lobby] start failed: could not authenticate co-op identity (503)
[23:03:41.573] LOG: [coop:lobby] start announce name=HolyRedux2 protocol=p33
[23:03:41.622] WARN: Could not get co-op identity ticket! 503 
[23:03:41.622] WARN: [coop:lobby] start failed: could not authenticate co-op identity (503)
[23:03:44.573] LOG: [coop:lobby] start announce name=HolyRedux2 protocol=p33
[23:03:44.630] WARN: Could not get co-op identity ticket! 503 
[23:03:44.630] WARN: [coop:lobby] start failed: could not authenticate co-op identity (503)
[23:03:47.585] LOG: [coop:lobby] start announce name=HolyRedux2 protocol=p33
[23:03:47.640] WARN: Could not get co-op identity ticket! 503 
[23:03:47.640] WARN: [coop:lobby] start failed: could not authenticate co-op identity (503)
[23:03:50.572] LOG: [coop:lobby] start announce name=HolyRedux2 protocol=p33
[23:03:50.623] WARN: Could not get co-op identity ticket! 503 
[23:03:50.623] WARN: [coop:lobby] start failed: could not authenticate co-op identity (503)
[23:03:53.573] LOG: [coop:lobby] start announce name=HolyRedux2 protocol=p33
[23:03:53.625] WARN: Could not get co-op identity ticket! 503 
[23:03:53.625] WARN: [coop:lobby] start failed: could not authenticate co-op identity (503)
[23:03:56.573] LOG: [coop:lobby] start announce name=HolyRedux2 protocol=p33
[23:03:56.621] WARN: Could not get co-op identity ticket! 503 
[23:03:56.621] WARN: [coop:lobby] start failed: could not authenticate co-op identity (503)
[23:03:59.574] LOG: [coop:lobby] start announce name=HolyRedux2 protocol=p33
[23:03:59.625] WARN: Could not get co-op identity ticket! 503 
[23:03:59.625] WARN: [coop:lobby] start failed: could not authenticate co-op identity (503)
[23:04:02.573] LOG: [coop:lobby] start announce name=HolyRedux2 protocol=p33
[23:04:02.618] WARN: Could not get co-op identity ticket! 503 
[23:04:02.619] WARN: [coop:lobby] start failed: could not authenticate co-op identity (503)
[23:04:05.581] LOG: [coop:lobby] start announce name=HolyRedux2 protocol=p33
[23:04:05.635] WARN: Could not get co-op identity ticket! 503 
[23:04:05.635] WARN: [coop:lobby] start failed: could not authenticate co-op identity (503)
[23:04:08.573] LOG: [coop:lobby] start announce name=HolyRedux2 protocol=p33
[23:04:08.630] WARN: Could not get co-op identity ticket! 503 
[23:04:08.631] WARN: [coop:lobby] start failed: could not authenticate co-op identity (503)
[23:04:11.639] LOG: [coop:lobby] start announce name=HolyRedux2 protocol=p33
[23:04:11.692] WARN: Could not get co-op identity ticket! 503 
[23:04:11.693] WARN: [coop:lobby] start failed: could not authenticate co-op identity (503)
[23:04:14.572] LOG: [coop:lobby] start announce name=HolyRedux2 protocol=p33
[23:04:14.620] WARN: Could not get co-op identity ticket! 503 
[23:04:14.620] WARN: [coop:lobby] start failed: could not authenticate co-op identity (503)
[23:04:17.573] LOG: [coop:lobby] start announce name=HolyRedux2 protocol=p33
[23:04:17.633] WARN: Could not get co-op identity ticket! 503 
[23:04:17.633] WARN: [coop:lobby] start failed: could not authenticate co-op identity (503)
[23:04:20.573] LOG: [coop:lobby] start announce name=HolyRedux2 protocol=p33
[23:04:20.628] WARN: Could not get co-op identity ticket! 503 
[23:04:20.628] WARN: [coop:lobby] start failed: could not authenticate co-op identity (503)
[23:04:23.573] LOG: [coop:lobby] start announce name=HolyRedux2 protocol=p33
[23:04:23.615] WARN: Could not get co-op identity ticket! 503 
[23:04:23.615] WARN: [coop:lobby] start failed: could not authenticate co-op identity (503)
[23:04:26.573] LOG: [coop:lobby] start announce name=HolyRedux2 protocol=p33
[23:04:26.620] WARN: Could not get co-op identity ticket! 503 
[23:04:26.620] WARN: [coop:lobby] start failed: could not authenticate co-op identity (503)
[23:04:29.573] LOG: [coop:lobby] start announce name=HolyRedux2 protocol=p33
[23:04:29.620] WARN: Could not get co-op identity ticket! 503 
[23:04:29.621] WARN: [coop:lobby] start failed: could not authenticate co-op identity (503)
[23:04:32.572] LOG: [coop:lobby] start announce name=HolyRedux2 protocol=p33
[23:04:32.622] WARN: Could not get co-op identity ticket! 503 
[23:04:32.622] WARN: [coop:lobby] start failed: could not authenticate co-op identity (503)
[23:04:35.573] LOG: [coop:lobby] start announce name=HolyRedux2 protocol=p33
[23:04:35.645] WARN: Could not get co-op identity ticket! 503 
[23:04:35.645] WARN: [coop:lobby] start failed: could not authenticate co-op identity (503)
[23:04:38.579] LOG: [coop:lobby] start announce name=HolyRedux2 protocol=p33
[23:04:38.627] WARN: Could not get co-op identity ticket! 503 
[23:04:38.627] WARN: [coop:lobby] start failed: could not authenticate co-op identity (503)
[23:04:41.610] LOG: [coop:lobby] start announce name=HolyRedux2 protocol=p33
[23:04:41.690] WARN: Could not get co-op identity ticket! 503 
[23:04:41.690] WARN: [coop:lobby] start failed: could not authenticate co-op identity (503)
[23:04:44.572] LOG: [coop:lobby] start announce name=HolyRedux2 protocol=p33
[23:04:44.617] WARN: Could not get co-op identity ticket! 503 
[23:04:44.617] WARN: [coop:lobby] start failed: could not authenticate co-op identity (503)
[23:04:47.573] LOG: [coop:lobby] start announce name=HolyRedux2 protocol=p33
[23:04:47.612] WARN: Could not get co-op identity ticket! 503 
[23:04:47.612] WARN: [coop:lobby] start failed: could not authenticate co-op identity (503)
[23:04:50.573] LOG: [coop:lobby] start announce name=HolyRedux2 protocol=p33
[23:04:50.613] WARN: Could not get co-op identity ticket! 503 
[23:04:50.614] WARN: [coop:lobby] start failed: could not authenticate co-op identity (503)
[23:04:53.573] LOG: [coop:lobby] start announce name=HolyRedux2 protocol=p33
[23:04:53.626] WARN: Could not get co-op identity ticket! 503 
[23:04:53.627] WARN: [coop:lobby] start failed: could not authenticate co-op identity (503)
[23:04:56.573] LOG: [coop:lobby] start announce name=HolyRedux2 protocol=p33
[23:04:56.617] WARN: Could not get co-op identity ticket! 503 
[23:04:56.617] WARN: [coop:lobby] start failed: could not authenticate co-op identity (503)
[23:04:59.573] LOG: [coop:lobby] start announce name=HolyRedux2 protocol=p33
[23:04:59.625] WARN: Could not get co-op identity ticket! 503 
[23:04:59.626] WARN: [coop:lobby] start failed: could not authenticate co-op identity (503)
[23:05:02.572] LOG: [coop:lobby] start announce name=HolyRedux2 protocol=p33
[23:05:02.618] WARN: Could not get co-op identity ticket! 503 
[23:05:02.619] WARN: [coop:lobby] start failed: could not authenticate co-op identity (503)
[23:05:05.573] LOG: [coop:lobby] start announce name=HolyRedux2 protocol=p33
[23:05:05.621] WARN: Could not get co-op identity ticket! 503 
[23:05:05.622] WARN: [coop:lobby] start failed: could not authenticate co-op identity (503)
[23:05:08.583] LOG: [coop:lobby] start announce name=HolyRedux2 protocol=p33
[23:05:08.670] WARN: Could not get co-op identity ticket! 503 
[23:05:08.670] WARN: [coop:lobby] start failed: could not authenticate co-op identity (503)
[23:05:11.580] LOG: [coop:lobby] start announce name=HolyRedux2 protocol=p33
[23:05:11.715] WARN: Could not get co-op identity ticket! 503 
[23:05:11.716] WARN: [coop:lobby] start failed: could not authenticate co-op identity (503)
[23:05:14.573] LOG: [coop:lobby] start announce name=HolyRedux2 protocol=p33
[23:05:14.617] WARN: Could not get co-op identity ticket! 503 
[23:05:14.618] WARN: [coop:lobby] start failed: could not authenticate co-op identity (503)
[23:05:17.572] LOG: [coop:lobby] start announce name=HolyRedux2 protocol=p33
[23:05:17.624] WARN: Could not get co-op identity ticket! 503 
[23:05:17.625] WARN: [coop:lobby] start failed: could not authenticate co-op identity (503)
[23:05:20.573] LOG: [coop:lobby] start announce name=HolyRedux2 protocol=p33
[23:05:20.620] WARN: Could not get co-op identity ticket! 503 
[23:05:20.620] WARN: [coop:lobby] start failed: could not authenticate co-op identity (503)
[23:05:23.573] LOG: [coop:lobby] start announce name=HolyRedux2 protocol=p33
[23:05:23.625] WARN: Could not get co-op identity ticket! 503 
[23:05:23.625] WARN: [coop:lobby] start failed: could not authenticate co-op identity (503)
[23:05:26.574] LOG: [coop:lobby] start announce name=HolyRedux2 protocol=p33
[23:05:26.628] WARN: Could not get co-op identity ticket! 503 
[23:05:26.628] WARN: [coop:lobby] start failed: could not authenticate co-op identity (503)
[23:05:29.573] LOG: [coop:lobby] start announce name=HolyRedux2 protocol=p33
[23:05:29.622] WARN: Could not get co-op identity ticket! 503 
[23:05:29.622] WARN: [coop:lobby] start failed: could not authenticate co-op identity (503)
[23:05:32.573] LOG: [coop:lobby] start announce name=HolyRedux2 protocol=p33
[23:05:32.628] WARN: Could not get co-op identity ticket! 503 
[23:05:32.628] WARN: [coop:lobby] start failed: could not authenticate co-op identity (503)
[23:05:35.573] LOG: [coop:lobby] start announce name=HolyRedux2 protocol=p33
[23:05:35.623] WARN: Could not get co-op identity ticket! 503 
[23:05:35.624] WARN: [coop:lobby] start failed: could not authenticate co-op identity (503)
[23:05:38.573] LOG: [coop:lobby] start announce name=HolyRedux2 protocol=p33
[23:05:38.647] WARN: Could not get co-op identity ticket! 503 
[23:05:38.648] WARN: [coop:lobby] start failed: could not authenticate co-op identity (503)
[23:05:41.574] LOG: [coop:lobby] start announce name=HolyRedux2 protocol=p33
[23:05:41.629] WARN: Could not get co-op identity ticket! 503 
[23:05:41.629] WARN: [coop:lobby] start failed: could not authenticate co-op identity (503)
[23:05:44.573] LOG: [coop:lobby] start announce name=HolyRedux2 protocol=p33
[23:05:44.625] WARN: Could not get co-op identity ticket! 503 
[23:05:44.625] WARN: [coop:lobby] start failed: could not authenticate co-op identity (503)
[23:05:47.572] LOG: [coop:lobby] start announce name=HolyRedux2 protocol=p33
[23:05:47.615] WARN: Could not get co-op identity ticket! 503 
[23:05:47.615] WARN: [coop:lobby] start failed: could not authenticate co-op identity (503)
[23:05:50.572] LOG: [coop:lobby] start announce name=HolyRedux2 protocol=p33
[23:05:51.144] WARN: Could not get co-op identity ticket! TypeError: Failed to fetch
TypeError: Failed to fetch
    at PokerogueAccountApi.doFetch (https://elite-redux.pages.dev/assets/BBCodeText-By6HY6D5.js:1:2534)
    at PokerogueAccountApi.doGet (https://elite-redux.pages.dev/assets/BBCodeText-By6HY6D5.js:1:1567)
    at PokerogueAccountApi.getCoopIdentityTicket (https://elite-redux.pages.dev/assets/BBCodeText-By6HY6D5.js:1:3147)
    at Object.getIdentityTicket (https://elite-redux.pages.dev/assets/battle-scene-M5rOXdK-.js:460:74670)
    at acquireTicket (https://elite-redux.pages.dev/assets/battle-scene-M5rOXdK-.js:460:75843)
    at announceToP33Lobby (https://elite-redux.pages.dev/assets/battle-scene-M5rOXdK-.js:460:76779)
    at CoopLobbyController.start (https://elite-redux.pages.dev/assets/battle-scene-M5rOXdK-.js:460:114842)
[23:05:51.144] WARN: [coop:lobby] start failed: could not authenticate co-op identity (500)
[23:05:53.580] LOG: [coop:lobby] start announce name=HolyRedux2 protocol=p33
[23:05:54.165] WARN: Could not get co-op identity ticket! 503 
[23:05:54.165] WARN: [coop:lobby] start failed: could not authenticate co-op identity (503)
[23:05:56.573] LOG: [coop:lobby] start announce name=HolyRedux2 protocol=p33
[23:05:56.689] WARN: Could not get co-op identity ticket! 503 
[23:05:56.689] WARN: [coop:lobby] start failed: could not authenticate co-op identity (503)
[23:05:59.573] LOG: [coop:lobby] start announce name=HolyRedux2 protocol=p33
[23:05:59.614] WARN: Could not get co-op identity ticket! 503 
[23:05:59.614] WARN: [coop:lobby] start failed: could not authenticate co-op identity (503)
[23:06:02.573] LOG: [coop:lobby] start announce name=HolyRedux2 protocol=p33
[23:06:02.634] WARN: Could not get co-op identity ticket! 503 
[23:06:02.634] WARN: [coop:lobby] start failed: could not authenticate co-op identity (503)
[23:06:05.573] LOG: [coop:lobby] start announce name=HolyRedux2 protocol=p33
[23:06:05.635] WARN: Could not get co-op identity ticket! 503 
[23:06:05.636] WARN: [coop:lobby] start failed: could not authenticate co-op identity (503)
[23:06:08.574] LOG: [coop:lobby] start announce name=HolyRedux2 protocol=p33
[23:06:08.685] WARN: Could not get co-op identity ticket! 503 
[23:06:08.685] WARN: [coop:lobby] start failed: could not authenticate co-op identity (503)
[23:06:11.572] LOG: [coop:lobby] start announce name=HolyRedux2 protocol=p33
[23:06:11.627] WARN: Could not get co-op identity ticket! 503 
[23:06:11.628] WARN: [coop:lobby] start failed: could not authenticate co-op identity (503)
[23:06:14.572] LOG: [coop:lobby] start announce name=HolyRedux2 protocol=p33
[23:06:14.621] WARN: Could not get co-op identity ticket! 503 
[23:06:14.622] WARN: [coop:lobby] start failed: could not authenticate co-op identity (503)
[23:06:17.572] LOG: [coop:lobby] start announce name=HolyRedux2 protocol=p33
[23:06:17.632] WARN: Could not get co-op identity ticket! 503 
[23:06:17.632] WARN: [coop:lobby] start failed: could not authenticate co-op identity (503)
[23:06:20.573] LOG: [coop:lobby] start announce name=HolyRedux2 protocol=p33
[23:06:20.655] WARN: Could not get co-op identity ticket! 503 
[23:06:20.655] WARN: [coop:lobby] start failed: could not authenticate co-op identity (503)
[23:06:23.573] LOG: [coop:lobby] start announce name=HolyRedux2 protocol=p33
[23:06:23.634] WARN: Could not get co-op identity ticket! 503 
[23:06:23.635] WARN: [coop:lobby] start failed: could not authenticate co-op identity (503)
[23:06:26.573] LOG: [coop:lobby] start announce name=HolyRedux2 protocol=p33
[23:06:26.666] WARN: Could not get co-op identity ticket! 503 
[23:06:26.666] WARN: [coop:lobby] start failed: could not authenticate co-op identity (503)
[23:06:29.573] LOG: [coop:lobby] start announce name=HolyRedux2 protocol=p33
[23:06:29.632] WARN: Could not get co-op identity ticket! 503 
[23:06:29.632] WARN: [coop:lobby] start failed: could not authenticate co-op identity (503)
[23:06:32.572] LOG: [coop:lobby] start announce name=HolyRedux2 protocol=p33
[23:06:32.635] WARN: Could not get co-op identity ticket! 503 
[23:06:32.635] WARN: [coop:lobby] start failed: could not authenticate co-op identity (503)
[23:06:35.573] LOG: [coop:lobby] start announce name=HolyRedux2 protocol=p33
[23:06:35.629] WARN: Could not get co-op identity ticket! 503 
[23:06:35.629] WARN: [coop:lobby] start failed: could not authenticate co-op identity (503)
[23:06:38.588] LOG: [coop:lobby] start announce name=HolyRedux2 protocol=p33
[23:06:38.649] WARN: Could not get co-op identity ticket! 503 
[23:06:38.650] WARN: [coop:lobby] start failed: could not authenticate co-op identity (503)
[23:06:41.588] LOG: [coop:lobby] start announce name=HolyRedux2 protocol=p33
[23:06:41.646] WARN: Could not get co-op identity ticket! 503 
[23:06:41.647] WARN: [coop:lobby] start failed: could not authenticate co-op identity (503)
[23:06:44.573] LOG: [coop:lobby] start announce name=HolyRedux2 protocol=p33
[23:06:44.668] WARN: Could not get co-op identity ticket! 503 
[23:06:44.668] WARN: [coop:lobby] start failed: could not authenticate co-op identity (503)
[23:06:47.572] LOG: [coop:lobby] start announce name=HolyRedux2 protocol=p33
[23:06:47.630] WARN: Could not get co-op identity ticket! 503 
[23:06:47.630] WARN: [coop:lobby] start failed: could not authenticate co-op identity (503)
[23:06:50.573] LOG: [coop:lobby] start announce name=HolyRedux2 protocol=p33
[23:06:50.629] WARN: Could not get co-op identity ticket! 503 
[23:06:50.629] WARN: [coop:lobby] start failed: could not authenticate co-op identity (503)
[23:06:53.573] LOG: [coop:lobby] start announce name=HolyRedux2 protocol=p33
[23:06:53.628] WARN: Could not get co-op identity ticket! 503 
[23:06:53.628] WARN: [coop:lobby] start failed: could not authenticate co-op identity (503)
[23:06:56.573] LOG: [coop:lobby] start announce name=HolyRedux2 protocol=p33
[23:06:56.627] WARN: Could not get co-op identity ticket! 503 
[23:06:56.628] WARN: [coop:lobby] start failed: could not authenticate co-op identity (503)
[23:06:59.575] LOG: [coop:lobby] start announce name=HolyRedux2 protocol=p33
[23:06:59.639] WARN: Could not get co-op identity ticket! 503 
[23:06:59.640] WARN: [coop:lobby] start failed: could not authenticate co-op identity (503)
[23:07:02.578] LOG: [coop:lobby] start announce name=HolyRedux2 protocol=p33
[23:07:02.649] WARN: Could not get co-op identity ticket! 503 
[23:07:02.649] WARN: [coop:lobby] start failed: could not authenticate co-op identity (503)
[23:07:05.572] LOG: [coop:lobby] start announce name=HolyRedux2 protocol=p33
[23:07:05.789] WARN: Could not get co-op identity ticket! 503 
[23:07:05.789] WARN: [coop:lobby] start failed: could not authenticate co-op identity (503)
[23:18:35.386] LOG: [coop:lobby] start announce name=HolyRedux2 protocol=p33
[23:18:37.324] WARN: Could not get co-op identity ticket! 503 
[23:18:37.324] WARN: [coop:lobby] start failed: could not authenticate co-op identity (503)
[23:18:39.573] LOG: [coop:lobby] start announce name=HolyRedux2 protocol=p33
[23:18:39.816] WARN: Could not get co-op identity ticket! 503 
[23:18:39.816] WARN: [coop:lobby] start failed: could not authenticate co-op identity (503)
[23:18:42.574] LOG: [coop:lobby] start announce name=HolyRedux2 protocol=p33
[23:18:42.611] WARN: Could not get co-op identity ticket! 503 
[23:18:42.611] WARN: [coop:lobby] start failed: could not authenticate co-op identity (503)
[23:18:45.573] LOG: [coop:lobby] start announce name=HolyRedux2 protocol=p33
[23:18:45.615] WARN: Could not get co-op identity ticket! 503 
[23:18:45.616] WARN: [coop:lobby] start failed: could not authenticate co-op identity (503)
[23:18:48.573] LOG: [coop:lobby] start announce name=HolyRedux2 protocol=p33
[23:18:48.621] WARN: Could not get co-op identity ticket! 503 
[23:18:48.621] WARN: [coop:lobby] start failed: could not authenticate co-op identity (503)
[23:18:51.574] LOG: [coop:lobby] start announce name=HolyRedux2 protocol=p33
[23:18:51.634] WARN: Could not get co-op identity ticket! 503 
[23:18:51.634] WARN: [coop:lobby] start failed: could not authenticate co-op identity (503)
[23:18:54.580] LOG: [coop:lobby] start announce name=HolyRedux2 protocol=p33
[23:18:54.656] WARN: Could not get co-op identity ticket! 503 
[23:18:54.657] WARN: [coop:lobby] start failed: could not authenticate co-op identity (503)
[23:18:57.585] LOG: [coop:lobby] start announce name=HolyRedux2 protocol=p33
[23:18:57.631] WARN: Could not get co-op identity ticket! 503 
[23:18:57.631] WARN: [coop:lobby] start failed: could not authenticate co-op identity (503)
[23:19:00.576] LOG: [coop:lobby] start announce name=HolyRedux2 protocol=p33
[23:19:00.640] WARN: Could not get co-op identity ticket! 503 
[23:19:00.640] WARN: [coop:lobby] start failed: could not authenticate co-op identity (503)
[23:19:03.575] LOG: [coop:lobby] start announce name=HolyRedux2 protocol=p33
[23:19:03.646] WARN: Could not get co-op identity ticket! 503 
[23:19:03.646] WARN: [coop:lobby] start failed: could not authenticate co-op identity (503)
[23:19:06.581] LOG: [coop:lobby] start announce name=HolyRedux2 protocol=p33
[23:19:06.646] WARN: Could not get co-op identity ticket! 503 
[23:19:06.646] WARN: [coop:lobby] start failed: could not authenticate co-op identity (503)
[23:19:09.581] LOG: [coop:lobby] start announce name=HolyRedux2 protocol=p33
[23:19:09.639] WARN: Could not get co-op identity ticket! 503 
[23:19:09.639] WARN: [coop:lobby] start failed: could not authenticate co-op identity (503)
[23:19:12.577] LOG: [coop:lobby] start announce name=HolyRedux2 protocol=p33
[23:19:12.645] WARN: Could not get co-op identity ticket! 503 
[23:19:12.645] WARN: [coop:lobby] start failed: could not authenticate co-op identity (503)
[23:19:15.576] LOG: [coop:lobby] start announce name=HolyRedux2 protocol=p33
[23:19:15.633] WARN: Could not get co-op identity ticket! 503 
[23:19:15.633] WARN: [coop:lobby] start failed: could not authenticate co-op identity (503)
[23:19:18.588] LOG: [coop:lobby] start announce name=HolyRedux2 protocol=p33
[23:19:18.637] WARN: Could not get co-op identity ticket! 503 
[23:19:18.638] WARN: [coop:lobby] start failed: could not authenticate co-op identity (503)
[23:19:21.574] LOG: [coop:lobby] start announce name=HolyRedux2 protocol=p33
[23:19:21.630] WARN: Could not get co-op identity ticket! 503 
[23:19:21.630] WARN: [coop:lobby] start failed: could not authenticate co-op identity (503)
[23:19:24.578] LOG: [coop:lobby] start announce name=HolyRedux2 protocol=p33
[23:19:24.635] WARN: Could not get co-op identity ticket! 503 
[23:19:24.635] WARN: [coop:lobby] start failed: could not authenticate co-op identity (503)
[23:19:27.585] LOG: [coop:lobby] start announce name=HolyRedux2 protocol=p33
[23:19:27.979] WARN: Could not get co-op identity ticket! 503 
[23:19:27.979] WARN: [coop:lobby] start failed: could not authenticate co-op identity (503)
[23:19:30.578] LOG: [coop:lobby] start announce name=HolyRedux2 protocol=p33
[23:19:30.648] WARN: Could not get co-op identity ticket! 503 
[23:19:30.648] WARN: [coop:lobby] start failed: could not authenticate co-op identity (503)
[23:19:33.586] LOG: [coop:lobby] start announce name=HolyRedux2 protocol=p33
[23:19:33.645] WARN: Could not get co-op identity ticket! 503 
[23:19:33.645] WARN: [coop:lobby] start failed: could not authenticate co-op identity (503)
[23:19:36.576] LOG: [coop:lobby] start announce name=HolyRedux2 protocol=p33
[23:19:36.648] WARN: Could not get co-op identity ticket! 503 
[23:19:36.648] WARN: [coop:lobby] start failed: could not authenticate co-op identity (503)
[23:19:39.573] LOG: [coop:lobby] start announce name=HolyRedux2 protocol=p33
[23:19:39.625] WARN: Could not get co-op identity ticket! 503 
[23:19:39.625] WARN: [coop:lobby] start failed: could not authenticate co-op identity (503)
[23:19:42.574] LOG: [coop:lobby] start announce name=HolyRedux2 protocol=p33
[23:19:42.638] WARN: Could not get co-op identity ticket! 503 
[23:19:42.639] WARN: [coop:lobby] start failed: could not authenticate co-op identity (503)
[23:19:45.572] LOG: [coop:lobby] start announce name=HolyRedux2 protocol=p33
[23:19:45.636] WARN: Could not get co-op identity ticket! 503 
[23:19:45.636] WARN: [coop:lobby] start failed: could not authenticate co-op identity (503)
[23:19:48.579] LOG: [coop:lobby] start announce name=HolyRedux2 protocol=p33
[23:19:48.645] WARN: Could not get co-op identity ticket! 503 
[23:19:48.645] WARN: [coop:lobby] start failed: could not authenticate co-op identity (503)
[23:19:51.580] LOG: [coop:lobby] start announce name=HolyRedux2 protocol=p33
[23:19:51.622] WARN: Could not get co-op identity ticket! 503 
[23:19:51.622] WARN: [coop:lobby] start failed: could not authenticate co-op identity (503)
[23:19:54.580] LOG: [coop:lobby] start announce name=HolyRedux2 protocol=p33
[23:19:54.655] WARN: Could not get co-op identity ticket! 503 
[23:19:54.655] WARN: [coop:lobby] start failed: could not authenticate co-op identity (503)
[23:19:57.585] LOG: [coop:lobby] start announce name=HolyRedux2 protocol=p33
[23:19:57.648] WARN: Could not get co-op identity ticket! 503 
[23:19:57.648] WARN: [coop:lobby] start failed: could not authenticate co-op identity (503)
[23:20:00.583] LOG: [coop:lobby] start announce name=HolyRedux2 protocol=p33
[23:20:00.644] WARN: Could not get co-op identity ticket! 503 
[23:20:00.644] WARN: [coop:lobby] start failed: could not authenticate co-op identity (503)
[23:20:03.582] LOG: [coop:lobby] start announce name=HolyRedux2 protocol=p33
[23:20:03.625] WARN: Could not get co-op identity ticket! 503 
[23:20:03.625] WARN: [coop:lobby] start failed: could not authenticate co-op identity (503)
[23:20:06.580] LOG: [coop:lobby] start announce name=HolyRedux2 protocol=p33
[23:20:06.643] WARN: Could not get co-op identity ticket! 503 
[23:20:06.643] WARN: [coop:lobby] start failed: could not authenticate co-op identity (503)
[23:20:09.581] LOG: [coop:lobby] start announce name=HolyRedux2 protocol=p33
[23:20:09.644] WARN: Could not get co-op identity ticket! 503 
[23:20:09.645] WARN: [coop:lobby] start failed: could not authenticate co-op identity (503)
[23:20:12.577] LOG: [coop:lobby] start announce name=HolyRedux2 protocol=p33
[23:20:12.639] WARN: Could not get co-op identity ticket! 503 
[23:20:12.639] WARN: [coop:lobby] start failed: could not authenticate co-op identity (503)
[23:20:15.574] LOG: [coop:lobby] start announce name=HolyRedux2 protocol=p33
[23:20:15.616] WARN: Could not get co-op identity ticket! 503 
[23:20:15.616] WARN: [coop:lobby] start failed: could not authenticate co-op identity (503)
[23:20:18.572] LOG: [coop:lobby] start announce name=HolyRedux2 protocol=p33
[23:20:18.615] WARN: Could not get co-op identity ticket! 503 
[23:20:18.616] WARN: [coop:lobby] start failed: could not authenticate co-op identity (503)
[23:20:21.579] LOG: [coop:lobby] start announce name=HolyRedux2 protocol=p33
[23:20:21.642] WARN: Could not get co-op identity ticket! 503 
[23:20:21.642] WARN: [coop:lobby] start failed: could not authenticate co-op identity (503)
[23:20:23.643] LOG: [coop:lobby] start announce name=HolyRedux2 protocol=p33
[23:20:23.686] WARN: Could not get co-op identity ticket! 503 
[23:20:23.686] WARN: [coop:lobby] start failed: could not authenticate co-op identity (503)
[23:20:25.312] LOG: %cStart Phase SwitchSummonPhase color:green;
[23:20:25.500] LOG: Applied Iron 
[23:20:25.500] LOG: Applied Zinc 
[23:20:25.501] LOG: Applied Zinc 
[23:20:25.501] LOG: Applied Soul Dew 
[23:20:25.501] LOG: Applied Soul Dew 
[23:20:25.503] LOG: Applied Calcium 
[23:20:25.686] LOG: [coop:lobby] start announce name=HolyRedux2 protocol=p33
[23:20:25.747] WARN: Could not get co-op identity ticket! 503 
[23:20:25.747] WARN: [coop:lobby] start failed: could not authenticate co-op identity (503)
[23:20:25.851] LOG: %cStart Phase ShinySparklePhase color:green;
[23:20:26.099] LOG: %cStart Phase PostSummonPhase color:green;
[23:20:26.099] LOG: Ran PSP for: Mega Meganium
[23:20:26.105] LOG: %cStart Phase PostSummonPhase color:green;
[23:20:26.125] LOG: %cStart Phase ShowAbilityPhase color:green;
[23:20:26.521] LOG: %cStart Phase CommonAnimPhase color:green;
[23:20:27.753] LOG: [coop:lobby] start announce name=HolyRedux2 protocol=p33
[23:20:27.798] LOG: %cStart Phase MessagePhase color:green;
[23:20:27.812] WARN: Could not get co-op identity ticket! 503 
[23:20:27.812] WARN: [coop:lobby] start failed: could not authenticate co-op identity (503)
[23:20:28.380] LOG: %cStart Phase HideAbilityPhase color:green;
[23:20:28.451] LOG: %cStart Phase TurnInitPhase color:green;
[23:20:28.452] LOG: %cStart Phase CommandPhase color:green;
[23:20:29.296] LOG: Seed: WaEKLai23EWt3vesmr3TiO9Z
[23:20:29.296] LOG: Wave Seed: WaEKLai23EWt3vesmr3TiO9Z 0
[23:20:29.298] LOG: Getting Session Slot id: %d 0
[23:20:29.337] LOG: Wave Seed: VJyUUAQVgmLfa5GE8v9cYjoF 0
[23:20:29.337] LOG: Seed: VJyUUAQVgmLfa5GE8v9cYjoF
[23:20:29.338] LOG: Wave Seed: Á¯µ®©}¾«¡²· 72
[23:20:29.340] LOG: Applied Calcium 
[23:20:29.341] LOG: Applied Zinc 
[23:20:29.341] LOG: Applied Soul Dew 
[23:20:29.341] LOG: Applied Soul Dew 
[23:20:29.341] LOG: Applied Iron 
[23:20:29.341] LOG: Applied Zinc 
[23:20:29.342] LOG: Applied Calcium 
[23:20:29.343] LOG: Applied Zinc 
[23:20:29.343] LOG: Applied Soul Dew 
[23:20:29.343] LOG: Applied Soul Dew 
[23:20:29.343] LOG: Applied Iron 
[23:20:29.343] LOG: Applied Zinc 
[23:20:29.345] LOG: Applied Calcium 
[23:20:29.345] LOG: Applied Zinc 
[23:20:29.345] LOG: Applied Soul Dew 
[23:20:29.345] LOG: Applied Soul Dew 
[23:20:29.346] LOG: Applied Iron 
[23:20:29.346] LOG: Applied Zinc 
[23:20:29.347] LOG: Applied Calcium (enemy)
[23:20:29.347] LOG: Applied HP Up (enemy)
[23:20:29.347] LOG: Applied Carbos (enemy)
[23:20:29.348] LOG: Applied Calcium (enemy)
[23:20:29.348] LOG: Applied HP Up (enemy)
[23:20:29.348] LOG: Applied Carbos (enemy)
[23:20:29.349] LOG: %cStart Phase EncounterPhase color:green;
[23:20:29.350] LOG: Pokemon: Foe Eiscue | Species ID: 875 | Level: 59 | Nature: Modest (+SpAtk/-Atk)
[23:20:29.350] LOG: Stats (IVs): HP: 197 (31), Atk: 126 (31), Def: 153 (31), Spatk: 135 (31), Spdef: 129 (31), Spd: 101 (31)
[23:20:29.350] LOG: Ability: Swift Swim | Passive Ability: Ice Face 
[23:20:29.350] LOG: Moveset: ["Triple Axel","Peck","Triple Dive","Hail"]
[23:20:29.350] LOG: Pokemon: Foe Sneasler | Species ID: 903 | Level: 59 | Nature: Gentle (+SpDef/-Def)
[23:20:29.350] LOG: Stats (IVs): HP: 191 (31), Atk: 176 (31), Def: 84 (31), Spatk: 84 (31), Spdef: 129 (31), Spd: 179 (31)
[23:20:29.350] LOG: Ability: Intoxicate | Passive Ability: Tough Claws 
[23:20:29.350] LOG: Moveset: ["Fling","Dire Claw","Acrobatics","Rock Smash"]
[23:20:29.408] LOG: Generated AI funcs
[23:20:29.408] LOG: Applied Calcium (enemy)
[23:20:29.408] LOG: Applied HP Up (enemy)
[23:20:29.408] LOG: Applied Carbos (enemy)
[23:20:29.408] LOG: Applied Calcium (enemy)
[23:20:29.409] LOG: Applied HP Up (enemy)
[23:20:29.409] LOG: Applied Carbos (enemy)
[23:20:29.409] LOG: Wave Seed: Á¯µ®©}¾«¡²· 72
[23:20:29.819] LOG: [coop:lobby] start announce name=HolyRedux2 protocol=p33
[23:20:29.880] WARN: Could not get co-op identity ticket! 503 
[23:20:29.880] WARN: [coop:lobby] start failed: could not authenticate co-op identity (503)
[23:20:29.913] LOG: Twins Day & Dani
[23:20:29.914] LOG: Dialogue dialogue:twins.encounter.3 skipped
[23:20:30.002] LOG: Twins Day & Dani
[23:20:30.601] LOG: %cStart Phase SummonPhase color:green;
[23:20:30.602] LOG: Day
[23:20:30.912] LOG: Applied Calcium (enemy)
[23:20:30.912] LOG: Applied HP Up (enemy)
[23:20:30.912] LOG: Applied Carbos (enemy)
[23:20:30.913] LOG: Applied Calcium (enemy)
[23:20:30.913] LOG: Applied HP Up (enemy)
[23:20:30.914] LOG: Applied Carbos (enemy)
[23:20:31.243] LOG: %cStart Phase SummonPhase color:green;
[23:20:31.243] LOG: Dani
[23:20:31.561] LOG: Applied Calcium (enemy)
[23:20:31.561] LOG: Applied HP Up (enemy)
[23:20:31.561] LOG: Applied Carbos (enemy)
[23:20:31.563] LOG: Applied Calcium (enemy)
[23:20:31.563] LOG: Applied HP Up (enemy)
[23:20:31.563] LOG: Applied Carbos (enemy)
[23:20:31.880] LOG: [coop:lobby] start announce name=HolyRedux2 protocol=p33
[23:20:31.894] LOG: %cStart Phase SummonPhase color:green;
[23:20:31.922] WARN: Could not get co-op identity ticket! 503 
[23:20:31.922] WARN: [coop:lobby] start failed: could not authenticate co-op identity (503)
[23:20:32.278] LOG: Applied Calcium 
[23:20:32.280] LOG: Applied Zinc 
[23:20:32.280] LOG: Applied Soul Dew 
[23:20:32.280] LOG: Applied Soul Dew 
[23:20:32.281] LOG: Applied Iron 
[23:20:32.281] LOG: Applied Zinc 
[23:20:32.315] WARN: Texture "%s" has no frame "%s" pokemon_icons_7v 741_3
[23:20:32.315] LOG: Oricorio's variant icon does not exist. Replacing with default.
[23:20:32.315] WARN: Texture "%s" has no frame "%s" pokemon_icons_7v 741_3
[23:20:32.315] LOG: Oricorio's variant icon does not exist. Replacing with default.
[23:20:32.316] WARN: Texture "%s" has no frame "%s" pokemon_icons_7v 741_3
[23:20:32.316] LOG: Oricorio's variant icon does not exist. Replacing with default.
[23:20:32.316] WARN: Texture "%s" has no frame "%s" pokemon_icons_7v 741_3
[23:20:32.316] LOG: Oricorio's variant icon does not exist. Replacing with default.
[23:20:32.593] LOG: %cStart Phase ShinySparklePhase color:green;
[23:20:32.893] LOG: %cStart Phase SummonPhase color:green;
[23:20:33.244] LOG: Applied Calcium 
[23:20:33.246] LOG: Applied Zinc 
[23:20:33.246] LOG: Applied Soul Dew 
[23:20:33.247] LOG: Applied Soul Dew 
[23:20:33.247] LOG: Applied Iron 
[23:20:33.247] LOG: Applied Zinc 
[23:20:33.261] WARN: Texture "%s" has no frame "%s" pokemon_icons_7v 741_3
[23:20:33.261] LOG: Oricorio's variant icon does not exist. Replacing with default.
[23:20:33.262] WARN: Texture "%s" has no frame "%s" pokemon_icons_7v 741_3
[23:20:33.262] LOG: Oricorio's variant icon does not exist. Replacing with default.
[23:20:33.262] WARN: Texture "%s" has no frame "%s" pokemon_icons_7v 741_3
[23:20:33.262] LOG: Oricorio's variant icon does not exist. Replacing with default.
[23:20:33.262] WARN: Texture "%s" has no frame "%s" pokemon_icons_7v 741_3
[23:20:33.262] LOG: Oricorio's variant icon does not exist. Replacing with default.
[23:20:33.575] LOG: %cStart Phase ShinySparklePhase color:green;
[23:20:33.841] LOG: %cStart Phase InitEncounterPhase color:green;
[23:20:33.849] LOG: %cStart Phase PostSummonPhase color:green;
[23:20:33.849] LOG: Ran PSP for: Sneasler
[23:20:33.860] LOG: %cStart Phase PostSummonPhase color:green;
[23:20:33.860] LOG: Ran PSP for: Oricorio
[23:20:33.866] LOG: %cStart Phase PostSummonPhase color:green;
[23:20:33.866] LOG: Ran PSP for: Eiscue
[23:20:33.870] LOG: %cStart Phase PostSummonPhase color:green;
[23:20:33.870] LOG: Ran PSP for: Mega Dragalge
[23:20:33.875] LOG: %cStart Phase PostSummonPhase color:green;
[23:20:33.875] LOG: %cStart Phase ShowAbilityPhase color:green;
[23:20:33.928] LOG: [coop:lobby] start announce name=HolyRedux2 protocol=p33
[23:20:34.013] WARN: Could not get co-op identity ticket! 503 
[23:20:34.014] WARN: [coop:lobby] start failed: could not authenticate co-op identity (503)
[23:20:34.263] LOG: %cStart Phase HideAbilityPhase color:green;
[23:20:34.331] LOG: %cStart Phase PostSummonPhase color:green;
[23:20:34.332] LOG: %cStart Phase TurnInitPhase color:green;
[23:20:34.332] LOG: %cStart Phase CommandPhase color:green;
[23:20:36.014] LOG: [coop:lobby] start announce name=HolyRedux2 protocol=p33
[23:20:36.065] WARN: Could not get co-op identity ticket! 503 
[23:20:36.065] WARN: [coop:lobby] start failed: could not authenticate co-op identity (503)
[23:20:38.067] LOG: [coop:lobby] start announce name=HolyRedux2 protocol=p33
[23:20:38.127] WARN: Could not get co-op identity ticket! 503 
[23:20:38.127] WARN: [coop:lobby] start failed: could not authenticate co-op identity (503)
[23:20:39.594] LOG: Move: QUIVER_DANCE Move targets: {"targets":[0],"multiple":false} 
Player Pokemon: Oricorio
[23:20:39.611] LOG: %cStart Phase CommandPhase color:green;
[23:20:40.128] LOG: [coop:lobby] start announce name=HolyRedux2 protocol=p33
[23:20:40.187] WARN: Could not get co-op identity ticket! 503 
[23:20:40.187] WARN: [coop:lobby] start failed: could not authenticate co-op identity (503)
[23:20:41.658] LOG: Move: DRACO_METEOR Move targets: {"targets":[2,3,0],"multiple":false} 
Player Pokemon: Mega Dragalge
[23:20:41.660] LOG: %cStart Phase SelectTargetPhase color:green;
[23:20:42.188] LOG: [coop:lobby] start announce name=HolyRedux2 protocol=p33
[23:20:42.245] WARN: Could not get co-op identity ticket! 503 
[23:20:42.245] WARN: [coop:lobby] start failed: could not authenticate co-op identity (503)
[23:20:43.025] LOG: %cStart Phase EnemyCommandPhase color:green;
[23:20:43.065] LOG: Battle Seed: FA0l34kZzOT5MKXp
[23:20:43.136] LOG: Move Pool: ["Triple Axel","Peck","Triple Dive","Hail"]
[23:20:43.136] LOG: Move Scores: [1.5893895348837208,0.48128342245989303,0.21657754010695188,0]
[23:20:43.136] LOG: Sorted Move Pool: ["Triple Axel","Peck","Triple Dive","Hail"]
[23:20:43.136] LOG: Chosen Move: Triple Axel
[23:20:43.136] LOG: ER AI: experimental brain (sharpness 1)
[23:20:43.137] LOG: %cStart Phase EnemyCommandPhase color:green;
[23:20:43.202] LOG: Move Pool: ["Dire Claw"]
[23:20:43.203] LOG: Move Scores: [1120.3488372093022]
[23:20:43.203] LOG: Sorted Move Pool: ["Dire Claw"]
[23:20:43.203] LOG: Chosen Move: Dire Claw
[23:20:43.203] LOG: ER AI: experimental brain (sharpness 1)
[23:20:43.203] LOG: %cStart Phase TurnStartPhase color:green;
[23:20:43.229] LOG: %cStart Phase MovePhase color:green;
[23:20:43.229] LOG: %cUser: Sneasler
Move: DIRE_CLAW
Use Mode: NORMAL color:orchid
[23:20:43.265] LOG: %cStart Phase MessagePhase color:green;
[23:20:43.531] LOG: %cStart Phase MoveEffectPhase color:green;
[23:20:44.233] LOG: crit stage: +0
[23:20:44.241] LOG: Move: Dire Claw | Base damage: 92.11200000000001 | Power: 104 | Source attack: 176 | Target defense: 104
[23:20:44.244] LOG: Move: Dire Claw | Attack damage: 237
[23:20:44.249] LOG: %cStart Phase DamageAnimPhase color:green;
[23:20:44.251] LOG: [coop:lobby] start announce name=HolyRedux2 protocol=p33
[23:20:44.268] LOG: %cStart Phase MessagePhase color:green;
[23:20:44.311] WARN: Could not get co-op identity ticket! 503 
[23:20:44.311] WARN: [coop:lobby] start failed: could not authenticate co-op identity (503)
[23:20:44.780] LOG: %cStart Phase FaintPhase color:green;
[23:20:44.944] LOG: %cStart Phase MessagePhase color:green;
[23:20:46.319] LOG: [coop:lobby] start announce name=HolyRedux2 protocol=p33
[23:20:46.391] WARN: Could not get co-op identity ticket! 503 
[23:20:46.391] WARN: [coop:lobby] start failed: could not authenticate co-op identity (503)
[23:20:48.102] LOG: %cStart Phase MoveEndPhase color:green;
[23:20:48.113] LOG: %cStart Phase MovePhase color:green;
[23:20:48.114] LOG: %cStart Phase MoveEndPhase color:green;
[23:20:48.116] LOG: %cStart Phase MovePhase color:green;
[23:20:48.117] LOG: %cUser: Eiscue
Move: TRIPLE_AXEL
Use Mode: NORMAL color:orchid
[23:20:48.129] LOG: %cStart Phase MessagePhase color:green;
[23:20:48.395] LOG: %cStart Phase MoveEffectPhase color:green;
[23:20:48.410] LOG: [coop:lobby] start announce name=HolyRedux2 protocol=p33
[23:20:48.485] WARN: Could not get co-op identity ticket! 503 
[23:20:48.485] WARN: [coop:lobby] start failed: could not authenticate co-op identity (503)
[23:20:48.747] LOG: crit stage: +0
[23:20:48.756] LOG: Move: Triple Axel | Base damage: 13.410285714285715 | Power: 26 | Source attack: 126 | Target defense: 147
[23:20:48.759] LOG: Move: Triple Axel | Attack damage: 18
[23:20:48.761] LOG: %cStart Phase DamageAnimPhase color:green;
[23:20:48.779] LOG: %cStart Phase ShowAbilityPhase color:green;
[23:20:49.195] LOG: %cStart Phase StatStageChangePhase color:green;
[23:20:49.646] LOG: %cStart Phase MessagePhase color:green;
[23:20:50.175] LOG: %cStart Phase HideAbilityPhase color:green;
[23:20:50.243] LOG: %cStart Phase MoveEffectPhase color:green;
[23:20:50.497] LOG: [coop:lobby] start announce name=HolyRedux2 protocol=p33
[23:20:50.561] WARN: Could not get co-op identity ticket! 503 
[23:20:50.561] WARN: [coop:lobby] start failed: could not authenticate co-op identity (503)
[23:20:50.593] LOG: crit stage: +0
[23:20:50.599] LOG: Move: Triple Axel | Base damage: 17.213714285714286 | Power: 52 | Source attack: 84 | Target defense: 147
[23:20:50.601] LOG: Move: Triple Axel | Attack damage: 49
[23:20:50.603] LOG: %cStart Phase DamageAnimPhase color:green;
[23:20:50.627] LOG: %cStart Phase MoveEffectPhase color:green;
[23:20:50.977] LOG: crit stage: +0
[23:20:50.990] LOG: Move: Triple Axel | Base damage: 24.82057142857143 | Power: 78 | Source attack: 84 | Target defense: 147
[23:20:50.993] LOG: Move: Triple Axel | Attack damage: 65
[23:20:50.995] LOG: %cStart Phase DamageAnimPhase color:green;
[23:20:51.010] LOG: %cStart Phase MessagePhase color:green;
[23:20:51.524] LOG: %cStart Phase MessagePhase color:green;
[23:20:52.007] LOG: %cStart Phase MoveEndPhase color:green;
[23:20:52.008] LOG: %cStart Phase MovePhase color:green;
[23:20:52.009] LOG: %cUser: Mega Dragalge
Move: DRACO_METEOR
Use Mode: NORMAL color:orchid
[23:20:52.028] LOG: %cStart Phase MessagePhase color:green;
[23:20:52.324] LOG: %cStart Phase MoveEffectPhase color:green;
[23:20:52.561] LOG: [coop:lobby] start announce name=HolyRedux2 protocol=p33
[23:20:52.626] WARN: Could not get co-op identity ticket! 503 
[23:20:52.626] WARN: [coop:lobby] start failed: could not authenticate co-op identity (503)
[23:20:53.677] LOG: crit stage: +0
[23:20:53.684] LOG: Move: Draco Meteor | Base damage: 110.35348837209301 | Power: 130 | Source attack: 210 | Target defense: 129
[23:20:53.688] LOG: Move: Draco Meteor | Attack damage: 205
[23:20:53.690] LOG: %cStart Phase DamageAnimPhase color:green;
[23:20:53.708] LOG: %cStart Phase StatStageChangePhase color:green;
[23:20:54.163] LOG: %cStart Phase MessagePhase color:green;
[23:20:54.629] LOG: [coop:lobby] start announce name=HolyRedux2 protocol=p33
[23:20:54.696] WARN: Could not get co-op identity ticket! 503 
[23:20:54.696] WARN: [coop:lobby] start failed: could not authenticate co-op identity (503)
[23:20:54.754] LOG: %cStart Phase FaintPhase color:green;
[23:20:54.890] LOG: %cStart Phase MessagePhase color:green;
[23:20:55.126] LOG: %cStart Phase VictoryPhase color:green;
[23:20:55.127] LOG: %cStart Phase ExpPhase color:green;
[23:20:55.127] LOG: Applied Super EXP. Charm 
[23:20:55.127] LOG: Applied EXP. Charm 
[23:20:55.789] LOG: %cStart Phase LevelUpPhase color:green;
[23:20:55.790] LOG: %cStart Phase ShowPartyExpBarPhase color:green;
[23:20:55.790] LOG: Applied Super EXP. Charm 
[23:20:55.790] LOG: Applied EXP. Charm 
[23:20:55.790] LOG: %cStart Phase LevelUpPhase color:green;
[23:20:55.791] LOG: Applied Zinc 
[23:20:55.791] LOG: Applied Soul Dew 
[23:20:55.791] LOG: Applied Soul Dew 
[23:20:55.791] LOG: %cStart Phase HidePartyExpBarPhase color:green;
[23:20:55.791] LOG: %cStart Phase ShowPartyExpBarPhase color:green;
[23:20:55.791] LOG: Applied Super EXP. Charm 
[23:20:55.791] LOG: Applied EXP. Charm 
[23:20:55.792] LOG: %cStart Phase LevelUpPhase color:green;
[23:20:55.792] LOG: %cStart Phase HidePartyExpBarPhase color:green;
[23:20:55.793] LOG: %cStart Phase ShowPartyExpBarPhase color:green;
[23:20:55.793] LOG: Applied Super EXP. Charm 
[23:20:55.793] LOG: Applied EXP. Charm 
[23:20:55.794] LOG: %cStart Phase LevelUpPhase color:green;
[23:20:55.794] LOG: Applied Iron 
[23:20:55.794] LOG: Applied Zinc 
[23:20:55.794] LOG: %cStart Phase HidePartyExpBarPhase color:green;
[23:20:55.794] LOG: %cStart Phase ShowPartyExpBarPhase color:green;
[23:20:55.794] LOG: Applied Super EXP. Charm 
[23:20:55.794] LOG: Applied EXP. Charm 
[23:20:55.795] LOG: %cStart Phase LevelUpPhase color:green;
[23:20:55.795] LOG: %cStart Phase HidePartyExpBarPhase color:green;
[23:20:55.795] LOG: %cStart Phase MoveEndPhase color:green;
[23:20:55.795] LOG: %cStart Phase CheckInterludePhase color:green;
[23:20:55.795] LOG: %cStart Phase WeatherEffectPhase color:green;
[23:20:55.795] LOG: %cStart Phase PositionalTagPhase color:green;
[23:20:55.795] LOG: %cStart Phase BerryPhase color:green;
[23:20:55.796] LOG: %cStart Phase CheckStatusEffectPhase color:green;
[23:20:55.797] LOG: %cStart Phase TurnEndPhase color:green;
[23:20:55.812] LOG: %cStart Phase SwitchPhase color:green;
[23:20:55.921] WARN: Texture "%s" has no frame "%s" pokemon_icons_7v 741_3
[23:20:55.921] LOG: Oricorio's variant icon does not exist. Replacing with default.
[23:20:55.950] WARN: Texture "%s" has no frame "%s" pokemon_icons_9v 964-zero_2
[23:20:55.950] LOG: Palafin's variant icon does not exist. Replacing with default.
[23:20:56.704] LOG: [coop:lobby] start announce name=HolyRedux2 protocol=p33
[23:20:56.747] WARN: Could not get co-op identity ticket! 503 
[23:20:56.747] WARN: [coop:lobby] start failed: could not authenticate co-op identity (503)
[23:20:58.630] LOG: %cStart Phase SwitchSummonPhase color:green;
[23:20:58.754] LOG: [coop:lobby] start announce name=HolyRedux2 protocol=p33
[23:20:58.813] WARN: Could not get co-op identity ticket! 503 
[23:20:58.813] WARN: [coop:lobby] start failed: could not authenticate co-op identity (503)
[23:20:58.817] LOG: Applied Zinc 
[23:20:58.817] LOG: Applied Soul Dew 
[23:20:58.817] LOG: Applied Soul Dew 
[23:20:58.818] LOG: Applied Calcium 
[23:20:58.819] LOG: Applied Iron 
[23:20:58.819] LOG: Applied Zinc 
[23:20:59.150] LOG: %cStart Phase PostSummonPhase color:green;
[23:20:59.150] LOG: Ran PSP for: Mega Xerneas
[23:20:59.152] LOG: %cStart Phase PostSummonPhase color:green;
[23:20:59.152] LOG: %cStart Phase PostSummonPhase color:green;
[23:20:59.152] LOG: %cStart Phase ShowAbilityPhase color:green;
[23:20:59.554] LOG: %cStart Phase MessagePhase color:green;
[23:21:00.149] LOG: %cStart Phase HideAbilityPhase color:green;
[23:21:00.220] LOG: %cStart Phase TurnInitPhase color:green;
[23:21:00.220] LOG: %cStart Phase CommandPhase color:green;
[23:21:00.819] LOG: [coop:lobby] start announce name=HolyRedux2 protocol=p33
[23:21:00.876] WARN: Could not get co-op identity ticket! 503 
[23:21:00.876] WARN: [coop:lobby] start failed: could not authenticate co-op identity (503)
[23:21:02.885] LOG: [coop:lobby] start announce name=HolyRedux2 protocol=p33
[23:21:02.942] WARN: Could not get co-op identity ticket! 503 
[23:21:02.942] WARN: [coop:lobby] start failed: could not authenticate co-op identity (503)
[23:21:04.950] LOG: [coop:lobby] start announce name=HolyRedux2 protocol=p33
[23:21:05.015] WARN: Could not get co-op identity ticket! 503 
[23:21:05.015] WARN: [coop:lobby] start failed: could not authenticate co-op identity (503)
[23:21:07.017] LOG: [coop:lobby] start announce name=HolyRedux2 protocol=p33
[23:21:07.072] WARN: Could not get co-op identity ticket! 503 
[23:21:07.072] WARN: [coop:lobby] start failed: could not authenticate co-op identity (503)
[23:21:09.078] LOG: [coop:lobby] start announce name=HolyRedux2 protocol=p33
[23:21:09.143] WARN: Could not get co-op identity ticket! 503 
[23:21:09.143] WARN: [coop:lobby] start failed: could not authenticate co-op identity (503)
[23:21:11.143] LOG: [coop:lobby] start announce name=HolyRedux2 protocol=p33
[23:21:11.190] WARN: Could not get co-op identity ticket! 503 
[23:21:11.190] WARN: [coop:lobby] start failed: could not authenticate co-op identity (503)
[23:21:13.191] LOG: [coop:lobby] start announce name=HolyRedux2 protocol=p33
[23:21:13.249] WARN: Could not get co-op identity ticket! 503 
[23:21:13.249] WARN: [coop:lobby] start failed: could not authenticate co-op identity (503)
[23:21:15.256] LOG: [coop:lobby] start announce name=HolyRedux2 protocol=p33
[23:21:15.320] WARN: Could not get co-op identity ticket! 503 
[23:21:15.320] WARN: [coop:lobby] start failed: could not authenticate co-op identity (503)
[23:21:17.321] LOG: [coop:lobby] start announce name=HolyRedux2 protocol=p33
[23:21:17.418] WARN: Could not get co-op identity ticket! 503 
[23:21:17.418] WARN: [coop:lobby] start failed: could not authenticate co-op identity (503)
[23:21:19.419] LOG: [coop:lobby] start announce name=HolyRedux2 protocol=p33
[23:21:19.477] WARN: Could not get co-op identity ticket! 503 
[23:21:19.477] WARN: [coop:lobby] start failed: could not authenticate co-op identity (503)
[23:21:21.500] LOG: [coop:lobby] start announce name=HolyRedux2 protocol=p33
[23:21:21.558] WARN: Could not get co-op identity ticket! 503 
[23:21:21.558] WARN: [coop:lobby] start failed: could not authenticate co-op identity (503)
[23:21:23.565] LOG: [coop:lobby] start announce name=HolyRedux2 protocol=p33
[23:21:23.629] WARN: Could not get co-op identity ticket! 503 
[23:21:23.629] WARN: [coop:lobby] start failed: could not authenticate co-op identity (503)
[23:21:25.632] LOG: [coop:lobby] start announce name=HolyRedux2 protocol=p33
[23:21:25.701] WARN: Could not get co-op identity ticket! 503 
[23:21:25.702] WARN: [coop:lobby] start failed: could not authenticate co-op identity (503)
[23:21:27.710] LOG: [coop:lobby] start announce name=HolyRedux2 protocol=p33
[23:21:27.781] WARN: Could not get co-op identity ticket! 503 
[23:21:27.781] WARN: [coop:lobby] start failed: could not authenticate co-op identity (503)
[23:21:29.784] LOG: [coop:lobby] start announce name=HolyRedux2 protocol=p33
[23:21:29.838] WARN: Could not get co-op identity ticket! 503 
[23:21:29.838] WARN: [coop:lobby] start failed: could not authenticate co-op identity (503)
[23:21:31.842] LOG: [coop:lobby] start announce name=HolyRedux2 protocol=p33
[23:21:31.899] WARN: Could not get co-op identity ticket! 503 
[23:21:31.900] WARN: [coop:lobby] start failed: could not authenticate co-op identity (503)
[23:21:33.903] LOG: [coop:lobby] start announce name=HolyRedux2 protocol=p33
[23:21:33.956] WARN: Could not get co-op identity ticket! 503 
[23:21:33.956] WARN: [coop:lobby] start failed: could not authenticate co-op identity (503)
[23:21:35.962] LOG: [coop:lobby] start announce name=HolyRedux2 protocol=p33
[23:21:36.036] WARN: Could not get co-op identity ticket! 503 
[23:21:36.036] WARN: [coop:lobby] start failed: could not authenticate co-op identity (503)
[23:21:38.043] LOG: [coop:lobby] start announce name=HolyRedux2 protocol=p33
[23:21:38.110] WARN: Could not get co-op identity ticket! 503 
[23:21:38.110] WARN: [coop:lobby] start failed: could not authenticate co-op identity (503)
[23:21:40.115] LOG: [coop:lobby] start announce name=HolyRedux2 protocol=p33
[23:21:40.164] WARN: Could not get co-op identity ticket! 503 
[23:21:40.165] WARN: [coop:lobby] start failed: could not authenticate co-op identity (503)
[23:21:42.166] LOG: [coop:lobby] start announce name=HolyRedux2 protocol=p33
[23:21:42.243] WARN: Could not get co-op identity ticket! 503 
[23:21:42.243] WARN: [coop:lobby] start failed: could not authenticate co-op identity (503)
[23:21:44.245] LOG: [coop:lobby] start announce name=HolyRedux2 protocol=p33
[23:21:44.301] WARN: Could not get co-op identity ticket! 503 
[23:21:44.301] WARN: [coop:lobby] start failed: could not authenticate co-op identity (503)
[23:21:46.309] LOG: [coop:lobby] start announce name=HolyRedux2 protocol=p33
[23:21:46.373] WARN: Could not get co-op identity ticket! 503 
[23:21:46.374] WARN: [coop:lobby] start failed: could not authenticate co-op identity (503)
[23:21:48.374] LOG: [coop:lobby] start announce name=HolyRedux2 protocol=p33
[23:21:48.437] WARN: Could not get co-op identity ticket! 503 
[23:21:48.437] WARN: [coop:lobby] start failed: could not authenticate co-op identity (503)
[23:21:50.440] LOG: [coop:lobby] start announce name=HolyRedux2 protocol=p33
[23:21:50.519] WARN: Could not get co-op identity ticket! 503 
[23:21:50.519] WARN: [coop:lobby] start failed: could not authenticate co-op identity (503)
[23:21:52.523] LOG: [coop:lobby] start announce name=HolyRedux2 protocol=p33
[23:21:52.582] WARN: Could not get co-op identity ticket! 503 
[23:21:52.582] WARN: [coop:lobby] start failed: could not authenticate co-op identity (503)

----- REPLAY TRACE (JSON) -----
{"version":2,"seed":"VJyUUAQVgmLfa5GE8v9cYjoF","gameModeId":0,"difficulty":"youngster","challenges":[],"roster":[{"id":4144918989,"player":true,"species":716,"formIndex":0,"abilityIndex":0,"passive":false,"shiny":false,"variant":0,"pokeball":0,"level":24,"exp":14947,"levelExp":0,"gender":-1,"hp":101,"stats":[132,78,75,98,89,93],"ivs":[31,31,31,31,31,30],"nature":10,"moveset":[{"moveId":831,"ppUsed":0,"ppUp":0},{"moveId":863,"ppUsed":0,"ppUp":0},{"moveId":414,"ppUsed":0,"ppUp":0},{"moveId":668,"ppUsed":0,"ppUp":0},{"moveId":500,"ppUsed":0,"ppUp":0}],"status":null,"friendship":191,"metLevel":5,"metBiome":-1,"metSpecies":716,"metWave":-1,"luck":0,"pauseEvolutions":false,"pokerus":true,"usedTMs":[],"teraType":17,"isTerastallized":false,"stellarTypesBoosted":[],"fusionSpecies":null,"fusionShiny":false,"fusionVariant":0,"fusionLuck":0,"fusionTeraType":0,"boss":false,"bossSegments":0,"summonData":{"statStages":[0,0,0,0,0,0,0],"moveQueue":[],"tags":[],"abilitySuppressed":false,"abilitiesApplied":[187],"erSuppressedInnateSlots":[false,false,false],"erTimedAbilitySuppressions":[],"erAbilityProvenance":[],"erImposterCopiedAttackBoost":false,"chuckusterReductionUsed":false,"forceAttackerOutUsed":false,"erCommandedUsedThisSwitchIn":false,"stats":[0,0,0,0,0,0],"types":[],"berriesEatenLast":[],"moveHistory":[]},"battleData":{"hitCount":0,"hasEatenBerry":false,"berriesEaten":[],"anticipationDodgeUsed":false,"rudeAwakeningTriggered":false,"cowardProtectUsed":false,"lostItems":[]},"customPokemonData":{"spriteScale":-1,"ability":-1,"passive":-1,"passive2":-1,"passive3":-1,"nature":-1,"bonusMoveSlots":1,"abilityOverridesForm":false,"types":[],"hitsRecCount":null,"erBlackShiny":false,"erGiftAbilities":[],"erGiftIndex":0,"erShinyLabSuppressLocal":false,"erInnateShrineUnlocked":false,"erCursedStat":-1,"erLockedAbilitySlots":[],"erRunUnlockedAbilitySlots":[]},"fusionCustomPokemonData":{"spriteScale":-1,"ability":-1,"passive":-1,"passive2":-1,"passive3":-1,"nature":-1,"bonusMoveSlots":0,"abilityOverridesForm":false,"types":[],"hitsRecCount":null,"erBlackShiny":false,"erGiftAbilities":[],"erGiftIndex":0,"erShinyLabSuppressLocal":false,"erInnateShrineUnlocked":false,"erCursedStat":-1,"erLockedAbilitySlots":[],"erRunUnlockedAbilitySlots":[]},"mysteryEncounterPokemonData":null,"fusionMysteryEncounterPokemonData":null},{"id":556144783,"player":true,"species":153,"formIndex":0,"abilityIndex":0,"passive":false,"shiny":true,"variant":1,"pokeball":0,"level":24,"exp":12648,"levelExp":0,"gender":1,"hp":75,"stats":[96,48,66,64,66,53],"ivs":[31,31,31,31,31,31],"nature":15,"moveset":[{"moveId":902,"ppUsed":0,"ppUp":0},{"moveId":577,"ppUsed":0,"ppUp":0},{"moveId":347,"ppUsed":0,"ppUp":0},{"moveId":414,"ppUsed":0,"ppUp":0}],"status":null,"friendship":106,"metLevel":5,"metBiome":-1,"metSpecies":152,"metWave":-1,"luck":2,"pauseEvolutions":false,"pokerus":true,"usedTMs":[],"teraType":11,"isTerastallized":false,"stellarTypesBoosted":[11],"fusionSpecies":null,"fusionShiny":false,"fusionVariant":0,"fusionLuck":2,"fusionTeraType":0,"boss":false,"bossSegments":0,"summonData":{"statStages":[0,0,0,0,0,0,0],"moveQueue":[],"tags":[],"abilitySuppressed":false,"abilitiesApplied":[],"erSuppressedInnateSlots":[false,false,false],"erTimedAbilitySuppressions":[],"erAbilityProvenance":[],"erImposterCopiedAttackBoost":false,"chuckusterReductionUsed":false,"forceAttackerOutUsed":false,"erCommandedUsedThisSwitchIn":false,"stats":[0,0,0,0,0,0],"types":[],"berriesEatenLast":[],"moveHistory":[]},"battleData":{"hitCount":0,"hasEatenBerry":false,"berriesEaten":[],"anticipationDodgeUsed":false,"rudeAwakeningTriggered":false,"cowardProtectUsed":false,"lostItems":[]},"customPokemonData":{"spriteScale":-1,"ability":-1,"passive":-1,"passive2":-1,"passive3":-1,"nature":-1,"bonusMoveSlots":0,"abilityOverridesForm":false,"types":[],"hitsRecCount":null,"erBlackShiny":false,"erGiftAbilities":[],"erGiftIndex":0,"erShinyLabSuppressLocal":false,"erInnateShrineUnlocked":false,"erCursedStat":-1,"erLockedAbilitySlots":[],"erRunUnlockedAbilitySlots":[]},"fusionCustomPokemonData":{"spriteScale":-1,"ability":-1,"passive":-1,"passive2":-1,"passive3":-1,"nature":-1,"bonusMoveSlots":0,"abilityOverridesForm":false,"types":[],"hitsRecCount":null,"erBlackShiny":false,"erGiftAbilities":[],"erGiftIndex":0,"erShinyLabSuppressLocal":false,"erInnateShrineUnlocked":false,"erCursedStat":-1,"erLockedAbilitySlots":[],"erRunUnlockedAbilitySlots":[]},"mysteryEncounterPokemonData":null,"fusionMysteryEncounterPokemonData":null},{"id":855974369,"player":true,"species":963,"formIndex":0,"abilityIndex":1,"passive":false,"shiny":true,"variant":1,"pokeball":0,"level":24,"exp":14947,"levelExp":0,"gender":0,"hp":75,"stats":[91,41,38,36,38,65],"ivs":[31,31,31,31,31,31],"nature":13,"moveset":[{"moveId":818,"ppUsed":0,"ppUp":0},{"moveId":838,"ppUsed":0,"ppUp":0},{"moveId":813,"ppUsed":0,"ppUp":0},{"moveId":409,"ppUsed":0,"ppUp":0}],"status":null,"friendship":71,"metLevel":5,"metBiome":-1,"metSpecies":963,"metWave":-1,"luck":2,"pauseEvolutions":false,"pokerus":true,"usedTMs":[],"teraType":10,"isTerastallized":false,"stellarTypesBoosted":[],"fusionSpecies":null,"fusionShiny":false,"fusionVariant":0,"fusionLuck":2,"fusionTeraType":0,"boss":false,"bossSegments":0,"summonData":{"statStages":[0,0,0,0,0,0,0],"moveQueue":[],"tags":[],"abilitySuppressed":false,"abilitiesApplied":[],"erSuppressedInnateSlots":[false,false,false],"erTimedAbilitySuppressions":[],"erAbilityProvenance":[],"erImposterCopiedAttackBoost":false,"chuckusterReductionUsed":false,"forceAttackerOutUsed":false,"erCommandedUsedThisSwitchIn":false,"stats":[0,0,0,0,0,0],"types":[],"berriesEatenLast":[],"moveHistory":[]},"battleData":{"hitCount":0,"hasEatenBerry":false,"berriesEaten":[],"anticipationDodgeUsed":false,"rudeAwakeningTriggered":false,"cowardProtectUsed":false,"lostItems":[]},"customPokemonData":{"spriteScale":-1,"ability":-1,"passive":-1,"passive2":-1,"passive3":-1,"nature":-1,"bonusMoveSlots":0,"abilityOverridesForm":false,"types":[],"hitsRecCount":null,"erBlackShiny":false,"erGiftAbilities":[],"erGiftIndex":0,"erShinyLabSuppressLocal":false,"erInnateShrineUnlocked":false,"erCursedStat":-1,"erLockedAbilitySlots":[],"erRunUnlockedAbilitySlots":[]},"fusionCustomPokemonData":{"spriteScale":-1,"ability":-1,"passive":-1,"passive2":-1,"passive3":-1,"nature":-1,"bonusMoveSlots":0,"abilityOverridesForm":false,"types":[],"hitsRecCount":null,"erBlackShiny":false,"erGiftAbilities":[],"erGiftIndex":0,"erShinyLabSuppressLocal":false,"erInnateShrineUnlocked":false,"erCursedStat":-1,"erLockedAbilitySlots":[],"erRunUnlockedAbilitySlots":[]},"mysteryEncounterPokemonData":null,"fusionMysteryEncounterPokemonData":null},{"id":3353306621,"player":true,"species":741,"formIndex":0,"abilityIndex":2,"passive":false,"shiny":true,"variant":2,"pokeball":0,"level":24,"exp":13824,"levelExp":0,"gender":1,"hp":77,"stats":[94,50,56,91,56,84],"ivs":[31,31,31,31,31,31],"nature":10,"moveset":[{"moveId":552,"ppUsed":0,"ppUp":0},{"moveId":613,"ppUsed":0,"ppUp":0},{"moveId":483,"ppUsed":0,"ppUp":0},{"moveId":466,"ppUsed":0,"ppUp":0}],"status":null,"friendship":143,"metLevel":5,"metBiome":-1,"metSpecies":741,"metWave":-1,"luck":3,"pauseEvolutions":false,"pokerus":true,"usedTMs":[],"teraType":9,"isTerastallized":false,"stellarTypesBoosted":[],"fusionSpecies":null,"fusionShiny":false,"fusionVariant":0,"fusionLuck":3,"fusionTeraType":0,"boss":false,"bossSegments":0,"summonData":{"statStages":[0,0,0,0,0,0,0],"moveQueue":[],"tags":[],"abilitySuppressed":false,"abilitiesApplied":[],"erSuppressedInnateSlots":[false,false,false],"erTimedAbilitySuppressions":[],"erAbilityProvenance":[],"erImposterCopiedAttackBoost":false,"chuckusterReductionUsed":false,"forceAttackerOutUsed":false,"erCommandedUsedThisSwitchIn":false,"stats":[0,0,0,0,0,0],"types":[],"berriesEatenLast":[],"moveHistory":[]},"battleData":{"hitCount":0,"hasEatenBerry":false,"berriesEaten":[],"anticipationDodgeUsed":false,"rudeAwakeningTriggered":false,"cowardProtectUsed":false,"lostItems":[]},"customPokemonData":{"spriteScale":-1,"ability":-1,"passive":-1,"passive2":-1,"passive3":-1,"nature":-1,"bonusMoveSlots":0,"abilityOverridesForm":false,"types":[],"hitsRecCount":null,"erBlackShiny":false,"erGiftAbilities":[],"erGiftIndex":0,"erShinyLabSuppressLocal":false,"erInnateShrineUnlocked":false,"erCursedStat":-1,"erLockedAbilitySlots":[],"erRunUnlockedAbilitySlots":[]},"fusionCustomPokemonData":{"spriteScale":-1,"ability":-1,"passive":-1,"passive2":-1,"passive3":-1,"nature":-1,"bonusMoveSlots":0,"abilityOverridesForm":false,"types":[],"hitsRecCount":null,"erBlackShiny":false,"erGiftAbilities":[],"erGiftIndex":0,"erShinyLabSuppressLocal":false,"erInnateShrineUnlocked":false,"erCursedStat":-1,"erLockedAbilitySlots":[],"erRunUnlockedAbilitySlots":[]},"mysteryEncounterPokemonData":null,"fusionMysteryEncounterPokemonData":null},{"id":2724516078,"player":true,"species":84,"formIndex":0,"abilityIndex":2,"passive":false,"shiny":true,"variant":1,"pokeball":0,"level":24,"exp":13824,"levelExp":0,"gender":0,"hp":72,"stats":[88,65,41,31,35,72],"ivs":[31,31,31,31,31,31],"nature":13,"moveset":[{"moveId":887,"ppUsed":0,"ppUp":0},{"moveId":731,"ppUsed":0,"ppUp":0},{"moveId":707,"ppUsed":0,"ppUp":0},{"moveId":843,"ppUsed":0,"ppUp":0}],"status":null,"friendship":76,"metLevel":5,"metBiome":-1,"metSpecies":84,"metWave":-1,"luck":2,"pauseEvolutions":false,"pokerus":true,"usedTMs":[],"teraType":0,"isTerastallized":false,"stellarTypesBoosted":[],"fusionSpecies":null,"fusionShiny":false,"fusionVariant":0,"fusionLuck":2,"fusionTeraType":0,"boss":false,"bossSegments":0,"summonData":{"statStages":[0,0,0,0,0,0,0],"moveQueue":[],"tags":[],"abilitySuppressed":false,"abilitiesApplied":[],"erSuppressedInnateSlots":[false,false,false],"erTimedAbilitySuppressions":[],"erAbilityProvenance":[],"erImposterCopiedAttackBoost":false,"chuckusterReductionUsed":false,"forceAttackerOutUsed":false,"erCommandedUsedThisSwitchIn":false,"stats":[0,0,0,0,0,0],"types":[],"berriesEatenLast":[],"moveHistory":[]},"battleData":{"hitCount":0,"hasEatenBerry":false,"berriesEaten":[],"anticipationDodgeUsed":false,"rudeAwakeningTriggered":false,"cowardProtectUsed":false,"lostItems":[]},"customPokemonData":{"spriteScale":-1,"ability":-1,"passive":-1,"passive2":-1,"passive3":-1,"nature":-1,"bonusMoveSlots":0,"abilityOverridesForm":false,"types":[],"hitsRecCount":null,"erBlackShiny":false,"erGiftAbilities":[],"erGiftIndex":0,"erShinyLabSuppressLocal":false,"erInnateShrineUnlocked":false,"erCursedStat":-1,"erLockedAbilitySlots":[],"erRunUnlockedAbilitySlots":[]},"fusionCustomPokemonData":{"spriteScale":-1,"ability":-1,"passive":-1,"passive2":-1,"passive3":-1,"nature":-1,"bonusMoveSlots":0,"abilityOverridesForm":false,"types":[],"hitsRecCount":null,"erBlackShiny":false,"erGiftAbilities":[],"erGiftIndex":0,"erShinyLabSuppressLocal":false,"erInnateShrineUnlocked":false,"erCursedStat":-1,"erLockedAbilitySlots":[],"erRunUnlockedAbilitySlots":[]},"mysteryEncounterPokemonData":null,"fusionMysteryEncounterPokemonData":null},{"id":2078660201,"player":true,"species":690,"formIndex":0,"abilityIndex":1,"passive":false,"shiny":true,"variant":1,"pokeball":0,"level":24,"exp":13824,"levelExp":0,"gender":1,"hp":72,"stats":[88,50,50,62,50,32],"ivs":[31,31,31,31,31,31],"nature":15,"moveset":[{"moveId":474,"ppUsed":0,"ppUp":0},{"moveId":406,"ppUsed":0,"ppUp":0},{"moveId":362,"ppUsed":0,"ppUp":0},{"moveId":668,"ppUsed":0,"ppUp":0}],"status":null,"friendship":50,"metLevel":5,"metBiome":-1,"metSpecies":690,"metWave":-1,"luck":2,"pauseEvolutions":false,"pokerus":true,"usedTMs":[406],"teraType":3,"isTerastallized":false,"stellarTypesBoosted":[],"fusionSpecies":null,"fusionShiny":false,"fusionVariant":0,"fusionLuck":2,"fusionTeraType":0,"boss":false,"bossSegments":0,"summonData":{"statStages":[0,0,0,0,0,0,0],"moveQueue":[],"tags":[],"abilitySuppressed":false,"abilitiesApplied":[],"erSuppressedInnateSlots":[false,false,false],"erTimedAbilitySuppressions":[],"erAbilityProvenance":[],"erImposterCopiedAttackBoost":false,"chuckusterReductionUsed":false,"forceAttackerOutUsed":false,"erCommandedUsedThisSwitchIn":false,"stats":[0,0,0,0,0,0],"types":[],"berriesEatenLast":[],"moveHistory":[]},"battleData":{"hitCount":0,"hasEatenBerry":false,"berriesEaten":[],"anticipationDodgeUsed":false,"rudeAwakeningTriggered":false,"cowardProtectUsed":false,"lostItems":[]},"customPokemonData":{"spriteScale":-1,"ability":-1,"passive":-1,"passive2":-1,"passive3":-1,"nature":-1,"bonusMoveSlots":0,"abilityOverridesForm":false,"types":[],"hitsRecCount":null,"erBlackShiny":false,"erGiftAbilities":[],"erGiftIndex":0,"erShinyLabSuppressLocal":false,"erInnateShrineUnlocked":false,"erCursedStat":-1,"erLockedAbilitySlots":[],"erRunUnlockedAbilitySlots":[]},"fusionCustomPokemonData":{"spriteScale":-1,"ability":-1,"passive":-1,"passive2":-1,"passive3":-1,"nature":-1,"bonusMoveSlots":0,"abilityOverridesForm":false,"types":[],"hitsRecCount":null,"erBlackShiny":false,"erGiftAbilities":[],"erGiftIndex":0,"erShinyLabSuppressLocal":false,"erInnateShrineUnlocked":false,"erCursedStat":-1,"erLockedAbilitySlots":[],"erRunUnlockedAbilitySlots":[]},"mysteryEncounterPokemonData":null,"fusionMysteryEncounterPokemonData":null}],"events":[{"type":"command","wave":63,"turn":1,"slotFieldIndex":0,"command":{"kind":"move","moveIndex":3,"target":0}},{"type":"command","wave":63,"turn":2,"slotFieldIndex":0,"command":{"kind":"move","moveIndex":4,"target":2}},{"type":"command","wave":63,"turn":3,"slotFieldIndex":0,"command":{"kind":"move","moveIndex":2,"target":2}},{"type":"interaction","seq":65,"kind":"learnMove","choice":4},{"type":"command","wave":63,"turn":4,"slotFieldIndex":0,"command":{"kind":"move","moveIndex":0,"target":2}},{"type":"command","wave":63,"turn":5,"slotFieldIndex":0,"command":{"kind":"move","moveIndex":4,"target":2}},{"type":"command","wave":63,"turn":6,"slotFieldIndex":0,"command":{"kind":"move","moveIndex":4,"target":2}},{"type":"command","wave":63,"turn":7,"slotFieldIndex":0,"command":{"kind":"move","moveIndex":4,"target":2}},{"type":"command","wave":63,"turn":8,"slotFieldIndex":0,"command":{"kind":"move","moveIndex":2,"target":2}},{"type":"command","wave":63,"turn":9,"slotFieldIndex":0,"command":{"kind":"move","moveIndex":3,"target":2}},{"type":"interaction","seq":66,"kind":"reward","choice":0},{"type":"command","wave":64,"turn":1,"slotFieldIndex":0,"command":{"kind":"move","moveIndex":1}},{"type":"command","wave":64,"turn":1,"slotFieldIndex":1,"command":{"kind":"move","moveIndex":2}},{"type":"command","wave":64,"turn":1,"slotFieldIndex":2,"command":{"kind":"move","moveIndex":0,"target":4}},{"type":"command","wave":64,"turn":1,"slotFieldIndex":2,"command":{"kind":"move","moveIndex":0,"target":4}},{"type":"command","wave":64,"turn":1,"slotFieldIndex":0,"command":{"kind":"move","moveIndex":1}},{"type":"command","wave":64,"turn":1,"slotFieldIndex":1,"command":{"kind":"move","moveIndex":1}},{"type":"command","wave":64,"turn":1,"slotFieldIndex":0,"command":{"kind":"move","moveIndex":1}},{"type":"command","wave":64,"turn":1,"slotFieldIndex":1,"command":{"kind":"move","moveIndex":1}},{"type":"command","wave":64,"turn":1,"slotFieldIndex":1,"command":{"kind":"move","moveIndex":1}},{"type":"command","wave":64,"turn":1,"slotFieldIndex":2,"command":{"kind":"move","moveIndex":1}},{"type":"command","wave":64,"turn":1,"slotFieldIndex":0,"command":{"kind":"move","moveIndex":1}},{"type":"command","wave":64,"turn":1,"slotFieldIndex":1,"command":{"kind":"move","moveIndex":2}},{"type":"command","wave":64,"turn":1,"slotFieldIndex":2,"command":{"kind":"switch","partyIndex":4}},{"type":"command","wave":64,"turn":2,"slotFieldIndex":0,"command":{"kind":"move","moveIndex":1,"target":0}},{"type":"command","wave":64,"turn":2,"slotFieldIndex":1,"command":{"kind":"move","moveIndex":0}},{"type":"command","wave":64,"turn":2,"slotFieldIndex":2,"command":{"kind":"move","moveIndex":1}},{"type":"command","wave":64,"turn":3,"slotFieldIndex":0,"command":{"kind":"move","moveIndex":2}},{"type":"command","wave":64,"turn":3,"slotFieldIndex":1,"command":{"kind":"move","moveIndex":3}},{"type":"command","wave":64,"turn":3,"slotFieldIndex":2,"command":{"kind":"move","moveIndex":2,"target":2}},{"type":"interaction","seq":67,"kind":"reward","choice":2},{"type":"interaction","seq":68,"kind":"crossroads","choice":1},{"type":"interaction","seq":69,"kind":"biome","choice":1},{"type":"command","wave":65,"turn":1,"slotFieldIndex":0,"command":{"kind":"move","moveIndex":0,"target":2}},{"type":"interaction","seq":70,"kind":"reward","choice":3},{"type":"command","wave":66,"turn":1,"slotFieldIndex":0,"command":{"kind":"move","moveIndex":3,"target":0}},{"type":"command","wave":66,"turn":2,"slotFieldIndex":0,"command":{"kind":"move","moveIndex":3,"target":0}},{"type":"command","wave":66,"turn":3,"slotFieldIndex":0,"command":{"kind":"move","moveIndex":2,"target":2}},{"type":"command","wave":66,"turn":4,"slotFieldIndex":0,"command":{"kind":"move","moveIndex":2,"target":2}},{"type":"command","wave":66,"turn":5,"slotFieldIndex":0,"command":{"kind":"move","moveIndex":4,"target":2}},{"type":"command","wave":66,"turn":6,"slotFieldIndex":0,"command":{"kind":"move","moveIndex":4,"target":2}},{"type":"command","wave":66,"turn":7,"slotFieldIndex":0,"command":{"kind":"move","moveIndex":4,"target":2}},{"type":"command","wave":66,"turn":8,"slotFieldIndex":0,"command":{"kind":"move","moveIndex":2,"target":2}},{"type":"command","wave":66,"turn":9,"slotFieldIndex":0,"command":{"kind":"move","moveIndex":0,"target":2}},{"type":"interaction","seq":71,"kind":"reward","choice":3},{"type":"command","wave":67,"turn":1,"slotFieldIndex":0,"command":{"kind":"move","moveIndex":0,"target":2}},{"type":"interaction","seq":72,"kind":"reward","choice":0},{"type":"interaction","seq":73,"kind":"reward","choice":2},{"type":"command","wave":68,"turn":1,"slotFieldIndex":0,"command":{"kind":"move","moveIndex":0,"target":2}},{"type":"command","wave":68,"turn":1,"slotFieldIndex":1,"command":{"kind":"move","moveIndex":2}},{"type":"command","wave":68,"turn":2,"slotFieldIndex":0,"command":{"kind":"move","moveIndex":0,"target":3}},{"type":"command","wave":68,"turn":2,"slotFieldIndex":1,"command":{"kind":"move","moveIndex":3}},{"type":"interaction","seq":74,"kind":"reward","choice":2},{"type":"command","wave":69,"turn":1,"slotFieldIndex":0,"command":{"kind":"switch","partyIndex":2}},{"type":"command","wave":69,"turn":2,"slotFieldIndex":0,"command":{"kind":"move","moveIndex":2,"target":0}},{"type":"command","wave":69,"turn":3,"slotFieldIndex":0,"command":{"kind":"move","moveIndex":2,"target":0}},{"type":"command","wave":69,"turn":4,"slotFieldIndex":0,"command":{"kind":"move","moveIndex":0,"target":2}},{"type":"command","wave":69,"turn":5,"slotFieldIndex":0,"command":{"kind":"move","moveIndex":1,"target":2}},{"type":"command","wave":69,"turn":6,"slotFieldIndex":0,"command":{"kind":"move","moveIndex":0,"target":2}},{"type":"command","wave":69,"turn":7,"slotFieldIndex":0,"command":{"kind":"move","moveIndex":0,"target":2}},{"type":"command","wave":69,"turn":8,"slotFieldIndex":0,"command":{"kind":"move","moveIndex":1,"target":2}},{"type":"command","wave":69,"turn":9,"slotFieldIndex":0,"command":{"kind":"move","moveIndex":3,"target":2}},{"type":"interaction","seq":75,"kind":"reward","choice":3},{"type":"interaction","seq":76,"kind":"reward","choice":3},{"type":"interaction","seq":77,"kind":"crossroads","choice":0},{"type":"command","wave":70,"turn":1,"slotFieldIndex":0,"command":{"kind":"move","moveIndex":0,"target":2}},{"type":"command","wave":71,"turn":1,"slotFieldIndex":0,"command":{"kind":"move","moveIndex":1,"target":2}},{"type":"interaction","seq":78,"kind":"reward","choice":3},{"type":"command","wave":72,"turn":1,"slotFieldIndex":0,"command":{"kind":"move","moveIndex":2,"target":0}},{"type":"command","wave":72,"turn":1,"slotFieldIndex":0,"command":{"kind":"move","moveIndex":0}},{"type":"command","wave":72,"turn":1,"slotFieldIndex":1,"command":{"kind":"move","moveIndex":2}},{"type":"command","wave":72,"turn":1,"slotFieldIndex":0,"command":{"kind":"switch","partyIndex":5}},{"type":"command","wave":72,"turn":1,"slotFieldIndex":1,"command":{"kind":"move","moveIndex":2}},{"type":"command","wave":72,"turn":1,"slotFieldIndex":0,"command":{"kind":"move","moveIndex":2,"target":0}},{"type":"command","wave":72,"turn":1,"slotFieldIndex":1,"command":{"kind":"move","moveIndex":1}}],"endState":{"waveIndex":72,"money":8422,"party":[{"species":716,"level":59,"hp":235,"maxHp":235},{"species":691,"level":60,"hp":58,"maxHp":190},{"species":741,"level":58,"hp":0,"maxHp":172},{"species":964,"level":59,"hp":205,"maxHp":205},{"species":154,"level":59,"hp":181,"maxHp":181},{"species":85,"level":59,"hp":193,"maxHp":193}]},"checkpoint":{"wave":63,"seed":"VJyUUAQVgmLfa5GE8v9cYjoF","party":[{"id":4144918989,"player":true,"species":716,"formIndex":2,"abilityIndex":0,"passive":false,"shiny":false,"variant":0,"pokeball":0,"level":56,"exp":189884,"levelExp":0,"gender":-1,"hp":209,"stats":[224,133,162,191,193,172],"ivs":[31,31,31,31,31,30],"nature":10,"moveset":[{"moveId":831,"ppUsed":1,"ppUp":3},{"moveId":863,"ppUsed":0,"ppUp":0},{"moveId":414,"ppUsed":4,"ppUp":0},{"moveId":601,"ppUsed":0,"ppUp":0},{"moveId":500,"ppUsed":0,"ppUp":0}],"status":null,"friendship":255,"metLevel":5,"metBiome":-1,"metSpecies":716,"metWave":-1,"luck":0,"pauseEvolutions":false,"pokerus":true,"usedTMs":[],"teraType":17,"isTerastallized":false,"stellarTypesBoosted":[13,4,17],"fusionSpecies":null,"fusionShiny":false,"fusionVariant":0,"fusionLuck":0,"fusionTeraType":0,"boss":false,"bossSegments":0,"summonData":{"statStages":[0,0,6,2,2,0,0],"moveQueue":[],"tags":[],"abilitySuppressed":false,"abilitiesApplied":[],"erSuppressedInnateSlots":[false,false,false],"erTimedAbilitySuppressions":[],"erAbilityProvenance":[],"erImposterCopiedAttackBoost":false,"chuckusterReductionUsed":false,"forceAttackerOutUsed":false,"erCommandedUsedThisSwitchIn":false,"stats":[0,0,0,0,0,0],"types":[],"berriesEatenLast":[],"moveHistory":[{"move":601,"targets":[0],"result":4,"useMode":2},{"move":601,"targets":[0],"result":1,"useMode":2},{"move":500,"targets":[2],"result":1,"useMode":1},{"move":414,"targets":[2],"result":1,"useMode":1},{"move":831,"targets":[2],"result":1,"useMode":1},{"move":500,"targets":[2],"result":1,"useMode":1},{"move":0,"targets":[2],"useMode":1,"result":2},{"move":500,"targets":[2],"result":1,"useMode":1}]},"battleData":{"hitCount":0,"hasEatenBerry":false,"berriesEaten":[],"anticipationDodgeUsed":false,"rudeAwakeningTriggered":false,"cowardProtectUsed":false,"lostItems":[]},"customPokemonData":{"spriteScale":-1,"ability":-1,"passive":-1,"passive2":-1,"passive3":-1,"nature":-1,"bonusMoveSlots":1,"abilityOverridesForm":false,"types":[],"hitsRecCount":null,"erBlackShiny":false,"erGiftAbilities":[],"erGiftIndex":0,"erShinyLabSuppressLocal":false,"erInnateShrineUnlocked":false,"erCursedStat":-1,"erLockedAbilitySlots":[],"erRunUnlockedAbilitySlots":[]},"fusionCustomPokemonData":{"spriteScale":-1,"ability":-1,"passive":-1,"passive2":-1,"passive3":-1,"nature":-1,"bonusMoveSlots":0,"abilityOverridesForm":false,"types":[],"hitsRecCount":null,"erBlackShiny":false,"erGiftAbilities":[],"erGiftIndex":0,"erShinyLabSuppressLocal":false,"erInnateShrineUnlocked":false,"erCursedStat":-1,"erLockedAbilitySlots":[],"erRunUnlockedAbilitySlots":[]},"mysteryEncounterPokemonData":null,"fusionMysteryEncounterPokemonData":null},{"id":2078660201,"player":true,"species":691,"formIndex":1,"abilityIndex":1,"passive":false,"shiny":true,"variant":1,"pokeball":0,"level":56,"exp":175616,"levelExp":0,"gender":1,"hp":178,"stats":[178,117,139,200,204,71],"ivs":[31,31,31,31,31,31],"nature":15,"moveset":[{"moveId":188,"ppUsed":0,"ppUp":0},{"moveId":434,"ppUsed":0,"ppUp":0},{"moveId":5182,"ppUsed":0,"ppUp":0},{"moveId":668,"ppUsed":0,"ppUp":0}],"status":null,"friendship":81,"metLevel":5,"metBiome":-1,"metSpecies":690,"metWave":-1,"luck":2,"pauseEvolutions":false,"pokerus":true,"usedTMs":[406,188],"teraType":3,"isTerastallized":false,"stellarTypesBoosted":[],"fusionSpecies":null,"fusionShiny":false,"fusionVariant":0,"fusionLuck":2,"fusionTeraType":0,"boss":false,"bossSegments":0,"summonData":{"statStages":[0,0,2,0,1,0,0],"moveQueue":[],"tags":[],"abilitySuppressed":false,"abilitiesApplied":[],"erSuppressedInnateSlots":[false,false,false],"erTimedAbilitySuppressions":[],"erAbilityProvenance":[],"erImposterCopiedAttackBoost":false,"chuckusterReductionUsed":false,"forceAttackerOutUsed":false,"erCommandedUsedThisSwitchIn":false,"stats":[0,0,0,0,0,0],"types":[],"berriesEatenLast":[],"moveHistory":[{"move":434,"targets":[5],"result":1,"useMode":1}]},"battleData":{"hitCount":0,"hasEatenBerry":false,"berriesEaten":[],"anticipationDodgeUsed":false,"rudeAwakeningTriggered":false,"cowardProtectUsed":false,"lostItems":[]},"customPokemonData":{"spriteScale":-1,"ability":-1,"passive":-1,"passive2":-1,"passive3":-1,"nature":-1,"bonusMoveSlots":0,"abilityOverridesForm":false,"types":[],"hitsRecCount":null,"erBlackShiny":false,"erGiftAbilities":[],"erGiftIndex":0,"erShinyLabSuppressLocal":false,"erInnateShrineUnlocked":false,"erCursedStat":-1,"erLockedAbilitySlots":[],"erRunUnlockedAbilitySlots":[]},"fusionCustomPokemonData":{"spriteScale":-1,"ability":-1,"passive":-1,"passive2":-1,"passive3":-1,"nature":-1,"bonusMoveSlots":0,"abilityOverridesForm":false,"types":[],"hitsRecCount":null,"erBlackShiny":false,"erGiftAbilities":[],"erGiftIndex":0,"erShinyLabSuppressLocal":false,"erInnateShrineUnlocked":false,"erCursedStat":-1,"erLockedAbilitySlots":[],"erRunUnlockedAbilitySlots":[]},"mysteryEncounterPokemonData":null,"fusionMysteryEncounterPokemonData":null},{"id":556144783,"player":true,"species":154,"formIndex":1,"abilityIndex":0,"passive":false,"shiny":true,"variant":1,"pokeball":0,"level":56,"exp":173517,"levelExp":0,"gender":1,"hp":172,"stats":[172,112,176,201,151,123],"ivs":[31,31,31,31,31,31],"nature":15,"moveset":[{"moveId":902,"ppUsed":0,"ppUp":3},{"moveId":577,"ppUsed":1,"ppUp":0},{"moveId":347,"ppUsed":0,"ppUp":0},{"moveId":414,"ppUsed":0,"ppUp":0}],"status":null,"friendship":197,"metLevel":5,"metBiome":-1,"metSpecies":152,"metWave":-1,"luck":2,"pauseEvolutions":false,"pokerus":true,"usedTMs":[],"teraType":11,"isTerastallized":false,"stellarTypesBoosted":[],"fusionSpecies":null,"fusionShiny":false,"fusionVariant":0,"fusionLuck":2,"fusionTeraType":0,"boss":false,"bossSegments":0,"summonData":{"statStages":[0,0,0,0,-1,0,0],"moveQueue":[],"tags":[],"abilitySuppressed":false,"abilitiesApplied":[],"erSuppressedInnateSlots":[false,false,false],"erTimedAbilitySuppressions":[],"erAbilityProvenance":[],"erImposterCopiedAttackBoost":false,"chuckusterReductionUsed":false,"forceAttackerOutUsed":false,"erCommandedUsedThisSwitchIn":false,"stats":[0,0,0,0,0,0],"types":[],"berriesEatenLast":[],"moveHistory":[{"move":577,"targets":[4],"result":1,"useMode":1}]},"battleData":{"hitCount":0,"hasEatenBerry":false,"berriesEaten":[],"anticipationDodgeUsed":false,"rudeAwakeningTriggered":false,"cowardProtectUsed":false,"lostItems":[]},"customPokemonData":{"spriteScale":-1,"ability":-1,"passive":-1,"passive2":-1,"passive3":-1,"nature":-1,"bonusMoveSlots":0,"abilityOverridesForm":false,"types":[],"hitsRecCount":null,"erBlackShiny":false,"erGiftAbilities":[],"erGiftIndex":0,"erShinyLabSuppressLocal":false,"erInnateShrineUnlocked":false,"erCursedStat":-1,"erLockedAbilitySlots":[],"erRunUnlockedAbilitySlots":[]},"fusionCustomPokemonData":{"spriteScale":-1,"ability":-1,"passive":-1,"passive2":-1,"passive3":-1,"nature":-1,"bonusMoveSlots":0,"abilityOverridesForm":false,"types":[],"hitsRecCount":null,"erBlackShiny":false,"erGiftAbilities":[],"erGiftIndex":0,"erShinyLabSuppressLocal":false,"erInnateShrineUnlocked":false,"erCursedStat":-1,"erLockedAbilitySlots":[],"erRunUnlockedAbilitySlots":[]},"mysteryEncounterPokemonData":null,"fusionMysteryEncounterPokemonData":null},{"id":855974369,"player":true,"species":964,"formIndex":0,"abilityIndex":1,"passive":false,"shiny":true,"variant":1,"pokeball":0,"level":55,"exp":184804,"levelExp":4912,"gender":0,"hp":192,"stats":[195,100,103,72,91,148],"ivs":[31,31,31,31,31,31],"nature":13,"moveset":[{"moveId":818,"ppUsed":0,"ppUp":0},{"moveId":838,"ppUsed":0,"ppUp":0},{"moveId":813,"ppUsed":0,"ppUp":0},{"moveId":409,"ppUsed":0,"ppUp":0}],"status":null,"friendship":104,"metLevel":5,"metBiome":-1,"metSpecies":963,"metWave":-1,"luck":2,"pauseEvolutions":false,"pokerus":true,"usedTMs":[],"teraType":10,"isTerastallized":false,"stellarTypesBoosted":[],"fusionSpecies":null,"fusionShiny":false,"fusionVariant":0,"fusionLuck":2,"fusionTeraType":0,"boss":false,"bossSegments":0,"summonData":{"statStages":[0,0,0,0,0,0,0],"moveQueue":[],"tags":[],"abilitySuppressed":false,"abilitiesApplied":[278,41],"erSuppressedInnateSlots":[false,false,false],"erTimedAbilitySuppressions":[],"erAbilityProvenance":[],"erImposterCopiedAttackBoost":false,"chuckusterReductionUsed":false,"forceAttackerOutUsed":false,"erCommandedUsedThisSwitchIn":false,"stats":[0,0,0,0,0,0],"types":[],"berriesEatenLast":[],"moveHistory":[]},"battleData":{"hitCount":0,"hasEatenBerry":false,"berriesEaten":[],"anticipationDodgeUsed":false,"rudeAwakeningTriggered":false,"cowardProtectUsed":false,"lostItems":[]},"customPokemonData":{"spriteScale":-1,"ability":-1,"passive":-1,"passive2":-1,"passive3":-1,"nature":-1,"bonusMoveSlots":0,"abilityOverridesForm":false,"types":[],"hitsRecCount":null,"erBlackShiny":false,"erGiftAbilities":[],"erGiftIndex":0,"erShinyLabSuppressLocal":false,"erInnateShrineUnlocked":false,"erCursedStat":-1,"erLockedAbilitySlots":[],"erRunUnlockedAbilitySlots":[]},"fusionCustomPokemonData":{"spriteScale":-1,"ability":-1,"passive":-1,"passive2":-1,"passive3":-1,"nature":-1,"bonusMoveSlots":0,"abilityOverridesForm":false,"types":[],"hitsRecCount":null,"erBlackShiny":false,"erGiftAbilities":[],"erGiftIndex":0,"erShinyLabSuppressLocal":false,"erInnateShrineUnlocked":false,"erCursedStat":-1,"erLockedAbilitySlots":[],"erRunUnlockedAbilitySlots":[]},"mysteryEncounterPokemonData":null,"fusionMysteryEncounterPokemonData":null},{"id":3353306621,"player":true,"species":741,"formIndex":0,"abilityIndex":2,"passive":false,"shiny":true,"variant":2,"pokeball":0,"level":56,"exp":175616,"levelExp":0,"gender":1,"hp":167,"stats":[167,90,100,166,100,151],"ivs":[31,31,31,31,31,31],"nature":10,"moveset":[{"moveId":552,"ppUsed":0,"ppUp":0},{"moveId":613,"ppUsed":0,"ppUp":0},{"moveId":483,"ppUsed":0,"ppUp":0},{"moveId":5139,"ppUsed":0,"ppUp":0}],"status":null,"friendship":179,"metLevel":5,"metBiome":-1,"metSpecies":741,"metWave":-1,"luck":3,"pauseEvolutions":false,"pokerus":true,"usedTMs":[],"teraType":9,"isTerastallized":false,"stellarTypesBoosted":[],"fusionSpecies":null,"fusionShiny":false,"fusionVariant":0,"fusionLuck":3,"fusionTeraType":0,"boss":false,"bossSegments":0,"summonData":{"statStages":[0,0,0,0,0,0,0],"moveQueue":[],"tags":[],"abilitySuppressed":false,"abilitiesApplied":[],"erSuppressedInnateSlots":[false,false,false],"erTimedAbilitySuppressions":[],"erAbilityProvenance":[],"erImposterCopiedAttackBoost":false,"chuckusterReductionUsed":false,"forceAttackerOutUsed":false,"erCommandedUsedThisSwitchIn":false,"stats":[0,0,0,0,0,0],"types":[],"berriesEatenLast":[],"moveHistory":[]},"battleData":{"hitCount":0,"hasEatenBerry":false,"berriesEaten":[],"anticipationDodgeUsed":false,"rudeAwakeningTriggered":false,"cowardProtectUsed":false,"lostItems":[]},"customPokemonData":{"spriteScale":-1,"ability":-1,"passive":-1,"passive2":-1,"passive3":-1,"nature":-1,"bonusMoveSlots":0,"abilityOverridesForm":false,"types":[],"hitsRecCount":null,"erBlackShiny":false,"erGiftAbilities":[],"erGiftIndex":0,"erShinyLabSuppressLocal":false,"erInnateShrineUnlocked":false,"erCursedStat":-1,"erLockedAbilitySlots":[],"erRunUnlockedAbilitySlots":[]},"fusionCustomPokemonData":{"spriteScale":-1,"ability":-1,"passive":-1,"passive2":-1,"passive3":-1,"nature":-1,"bonusMoveSlots":0,"abilityOverridesForm":false,"types":[],"hitsRecCount":null,"erBlackShiny":false,"erGiftAbilities":[],"erGiftIndex":0,"erShinyLabSuppressLocal":false,"erInnateShrineUnlocked":false,"erCursedStat":-1,"erLockedAbilitySlots":[],"erRunUnlockedAbilitySlots":[]},"mysteryEncounterPokemonData":null,"fusionMysteryEncounterPokemonData":null},{"id":2724516078,"player":true,"species":85,"formIndex":0,"abilityIndex":2,"passive":false,"shiny":true,"variant":1,"pokeball":0,"level":56,"exp":175616,"levelExp":0,"gender":0,"hp":100,"stats":[184,145,100,80,89,172],"ivs":[31,31,31,31,31,31],"nature":13,"moveset":[{"moveId":887,"ppUsed":0,"ppUp":0},{"moveId":731,"ppUsed":0,"ppUp":0},{"moveId":667,"ppUsed":0,"ppUp":0},{"moveId":843,"ppUsed":0,"ppUp":0}],"status":null,"friendship":111,"metLevel":5,"metBiome":-1,"metSpecies":84,"metWave":-1,"luck":2,"pauseEvolutions":false,"pokerus":true,"usedTMs":[],"teraType":0,"isTerastallized":false,"stellarTypesBoosted":[1],"fusionSpecies":null,"fusionShiny":false,"fusionVariant":0,"fusionLuck":2,"fusionTeraType":0,"boss":false,"bossSegments":0,"summonData":{"statStages":[0,0,0,0,0,0,0],"moveQueue":[],"tags":[],"abilitySuppressed":false,"abilitiesApplied":[],"erSuppressedInnateSlots":[false,false,false],"erTimedAbilitySuppressions":[],"erAbilityProvenance":[],"erImposterCopiedAttackBoost":false,"chuckusterReductionUsed":false,"forceAttackerOutUsed":false,"erCommandedUsedThisSwitchIn":false,"stats":[0,0,0,0,0,0],"types":[],"berriesEatenLast":[],"moveHistory":[]},"battleData":{"hitCount":0,"hasEatenBerry":false,"berriesEaten":[],"anticipationDodgeUsed":false,"rudeAwakeningTriggered":false,"cowardProtectUsed":false,"lostItems":[]},"customPokemonData":{"spriteScale":-1,"ability":-1,"passive":-1,"passive2":-1,"passive3":-1,"nature":-1,"bonusMoveSlots":0,"abilityOverridesForm":false,"types":[],"hitsRecCount":null,"erBlackShiny":false,"erGiftAbilities":[],"erGiftIndex":0,"erShinyLabSuppressLocal":false,"erInnateShrineUnlocked":false,"erCursedStat":-1,"erLockedAbilitySlots":[],"erRunUnlockedAbilitySlots":[]},"fusionCustomPokemonData":{"spriteScale":-1,"ability":-1,"passive":-1,"passive2":-1,"passive3":-1,"nature":-1,"bonusMoveSlots":0,"abilityOverridesForm":false,"types":[],"hitsRecCount":null,"erBlackShiny":false,"erGiftAbilities":[],"erGiftIndex":0,"erShinyLabSuppressLocal":false,"erInnateShrineUnlocked":false,"erCursedStat":-1,"erLockedAbilitySlots":[],"erRunUnlockedAbilitySlots":[]},"mysteryEncounterPokemonData":null,"fusionMysteryEncounterPokemonData":null}],"modifiers":[{"player":true,"typeId":"MAP","args":[],"stackCount":4,"className":"MapModifier"},{"player":true,"typeId":"SOUL_DEW","args":[4144918989],"stackCount":2,"className":"PokemonNatureWeightModifier"},{"player":true,"typeId":"SUPER_EXP_CHARM","args":[60],"stackCount":4,"className":"ExpBoosterModifier"},{"player":true,"typeId":"EXP_SHARE","args":[],"stackCount":4,"className":"ExpShareModifier"},{"player":true,"typeId":"EXP_CHARM","args":[25],"stackCount":5,"className":"ExpBoosterModifier"},{"player":true,"typeId":"SCOPE_LENS","args":[3353306621,1],"stackCount":1,"className":"CritBoosterModifier"},{"player":true,"typeId":"SOOTHE_BELL","args":[4144918989],"stackCount":3,"className":"PokemonFriendshipBoosterModifier"},{"player":true,"typeId":"BASE_STAT_BOOSTER","typePregenArgs":[3],"args":[3353306621,3],"stackCount":2,"className":"BaseStatModifier"},{"player":true,"typeId":"AMULET_COIN","args":[],"stackCount":3,"className":"MoneyMultiplierModifier"},{"player":true,"typeId":"MEGA_BRACELET","args":[],"stackCount":1,"className":"MegaEvolutionAccessModifier"},{"player":true,"typeId":"WIDE_LENS","args":[2724516078,5],"stackCount":1,"className":"PokemonMoveAccuracyBoosterModifier"},{"player":true,"typeId":"BASE_STAT_BOOSTER","typePregenArgs":[4],"args":[4144918989,4],"stackCount":2,"className":"BaseStatModifier"},{"player":true,"typeId":"ER_HEAVY_DUTY_BOOTS","args":[3353306621,"heavyDutyBoots",false,0],"stackCount":1,"className":"ErTacticalItemModifier"},{"player":true,"typeId":"ER_WISE_GLASSES","args":[4144918989,"wiseGlasses",false,0],"stackCount":1,"className":"ErTacticalItemModifier"},{"player":true,"typeId":"FORM_CHANGE_ITEM","typePregenArgs":[378],"args":[4144918989,378,true],"stackCount":1,"className":"PokemonFormChangeItemModifier"},{"player":true,"typeId":"ER_POWER_HERB","args":[4144918989,"powerHerb",1,5],"stackCount":1,"className":"ErCommunityItemModifier"},{"player":true,"typeId":"BASE_STAT_BOOSTER","typePregenArgs":[2],"args":[556144783,2],"stackCount":2,"className":"BaseStatModifier"},{"player":true,"typeId":"GOLDEN_POKEBALL","args":[],"stackCount":1,"className":"ExtraModifierModifier"},{"player":true,"typeId":"FORM_CHANGE_ITEM","typePregenArgs":[196],"args":[2078660201,196,true],"stackCount":1,"className":"PokemonFormChangeItemModifier"},{"player":true,"typeId":"ER_SAFETY_GOGGLES","args":[4144918989,"safetyGoggles",false,0],"stackCount":1,"className":"ErTacticalItemModifier"},{"player":true,"typeId":"GRIP_CLAW","args":[2724516078,10],"stackCount":1,"className":"ContactHeldItemTransferChanceModifier"},{"player":true,"typeId":"FORM_CHANGE_ITEM","typePregenArgs":[282],"args":[556144783,282,true],"stackCount":1,"className":"PokemonFormChangeItemModifier"},{"player":true,"typeId":"SHELL_BELL","args":[4144918989],"stackCount":1,"className":"HitHealModifier"},{"player":true,"typeId":"WIDE_LENS","args":[4144918989,5],"stackCount":1,"className":"PokemonMoveAccuracyBoosterModifier"}],"money":4149,"pokeballCounts":{"0":65,"1":25,"2":5,"3":0,"4":0}}}
