log] %cStart Phase: MessagePhase color:green
[log] %cStart Phase: MoveEndPhase color:green
[log] %cStart Phase: MovePhase color:green
[log] [coop:turn] host recorder: append turn=1 seq=5 k=moveUsed total=6 live=true
[log] %cStart Phase: MessagePhase color:green
[log] %cStart Phase: MoveEffectPhase color:green
[log] [coop:turn] host recorder: append turn=1 seq=6 k=moveAnim total=7 live=true
[log] [coop:turn] host recorder: append turn=1 seq=7 k=hp total=8 live=true
[log] [coop:turn] host recorder: append turn=1 seq=8 k=faint total=9 live=true
[log] %cStart Phase: DamageAnimPhase color:green
[log] %cStart Phase: FaintPhase color:green
[log] %cStart Phase: MessagePhase color:green
[log] %cStart Phase: VictoryPhase color:green
[log] [coop:progression] HOST progression capture begin wave=7
[log] [coop:progression] HOST applyPartyExp COMPUTE wave=7 expValue=49 koMon=Pawmi
[log] %cStart Phase: MoveEndPhase color:green
[log] [coop:turn] host recorder: append turn=1 seq=9 k=hp total=10 live=true
[log] [coop:turn] host recorder: append turn=1 seq=10 k=message total=11 live=true
[log] %cStart Phase: DamageAnimPhase color:green
[log] %cStart Phase: MessagePhase color:green
[log] %cStart Phase: CheckInterludePhase color:green
[log] %cStart Phase: WeatherEffectPhase color:green
[log] %cStart Phase: PositionalTagPhase color:green
[log] %cStart Phase: BerryPhase color:green
[log] %cStart Phase: CheckStatusEffectPhase color:green
[log] %cStart Phase: TurnEndPhase color:green
[log] %cStart Phase: PokemonHealPhase color:green
[log] [coop:turn] host recorder: append turn=1 seq=11 k=hp total=12 live=true
[log] [coop:turn] host recorder: append turn=1 seq=12 k=message total=13 live=true
[log] %cStart Phase: MessagePhase color:green
[log] %cStart Phase: CoopTurnCommitPhase color:green
[log] [coop:turn] host recorder: finalize turn=1 events=13 seq=13
[log] [coop:checkpoint] build field=4 weather=0/0 terrain=4/5 arenaTags=0 money=110 mons=[bi0:sp890/hp2065-2065/st0/fnt0 bi1:sp150/hp1725-1725/st0/fnt0 bi2:sp921/hp0-21/st7/fnt1 bi3:sp921/hp21-21/st0/fnt0]
[log] [coop:checkpoint] host capture field=4 weather=0 terrain=4 money=110 arenaTags=0 mons=[bi0:sp890/hp2065-2065/st0/fnt0 bi1:sp150/hp1725-1725/st0/fnt0 bi2:sp921/hp0-21/st7/fnt1 bi3:sp921/hp21-21/st0/fnt0]
[log] [coop:interaction] interactionCounter() read -> 7 (role=host)
[log] [coop:replay] host SEND turnResolution e=1828413413364172 wave=7 turn=1 rev=165 events=13 checksum=614571b495ee0af7
[log] [coop:transport] send host t=authorityEntry t=authorityEntry
[log] [coop:v2-shadow] PARITY kind=TURN_COMMIT rev=40 match=true field=- successor=owner-field
[log] [coop:transport] send host t=turnResolution e=1828413413364172 wave=7 turn=1 rev=165 events=13 checksum=614571b495ee0af7
[log] [coop:transport] recv guest t=authorityEntry t=authorityEntry handlers=1
[log] [coop:transport] recv guest t=turnResolution e=1828413413364172 wave=7 turn=1 rev=165 events=13 checksum=614571b495ee0af7 handlers=1
[log] [38;2;255;127;80mPhaseInterceptor.to: Stopping on completion of CoopTurnCommitPhase[39m
[log] [coop:v2-authority] receipt rev=40 op=TURN/e1828413413364172/w7/t1 stage=admitted sender=1 generation=0 advanced retired=false waiting=[1] subsumed=[]
[log] [coop:transport] send host t=authorityEntry t=authorityEntry
[log] [coop:v2-authority] receipt rev=40 op=TURN/e1828413413364172/w7/t1 stage=admitted sender=1 generation=0 duplicate highestStage=0
[log] [coop:transport] send host t=authorityEntry t=authorityEntry
[log] [coop:transport] recv guest t=authorityEntry t=authorityEntry handlers=1
[log] [coop:v2-authority] receipt rev=40 op=TURN/e1828413413364172/w7/t1 stage=admitted sender=1 generation=0 duplicate highestStage=0
[log] [coop:v2-authority] receipt rev=40 op=TURN/e1828413413364172/w7/t1 stage=admitted sender=1 generation=0 duplicate highestStage=0
[log] [coop:v2-authority] receipt rev=40 op=TURN/e1828413413364172/w7/t1 stage=materialApplied sender=1 generation=0 advanced retired=false waiting=[1] subsumed=[]
[log] %cStart Phase: TurnInitPhase color:green
[log] [coop:transport] recv host t=rendezvous point=cmd:7:2 handlers=1
[log] [coop:rendezvous] RECV arrival point=cmd:7:2 -> BUFFER (no waiter yet) role=host
[log] [coop:rendezvous] ARRIVE point=cmd:7:2 (send) role=host
[log] [coop:transport] send host t=rendezvous point=cmd:7:2
[log] [coop:rendezvous] next-command barrier cmd:7:2 SYNC pass (partner already arrived)
[log] [coop:transport] recv guest t=rendezvous point=cmd:7:2 handlers=1
[log] [coop:stream] host IGNORE cosmetic turn ACK stage=continuationReady key=1828413413364172:7:1:165 (v2 owns retirement)
[log] [coop:v2-authority] receipt rev=40 op=TURN/e1828413413364172/w7/t1 stage=materialApplied sender=1 generation=0 duplicate highestStage=1
[log] [coop:v2-authority] receipt rev=40 op=TURN/e1828413413364172/w7/t1 stage=controlInstalled sender=1 generation=0 advanced retired=true waiting=[] subsumed=[]
[log] [coop:relay] broadcastLocalCommand SEND fieldIndex=0 owner=host turn=2 command=2 cursor=2 moveId=- targets=[]
[log] [coop:transport] send host t=command fi=0 owner=host turn=2 cmd=2 cursor=2 move=-
[log] [coop:transport] recv guest t=command fi=0 owner=host turn=2 cmd=2 cursor=2 move=- handlers=1
[log] [coop:relay] recv command fieldIndex=0 turn=2 command=2 -> BUFFERED (no awaiter yet)
[log] %cStart Phase: CommandPhase color:green
[log] [coop:battle] CommandPhase slot=1 turn=2 owner=guest role=host -> partner path
[log] [coop:relay] host requestPartnerCommand SEND fieldIndex=1 turn=2 moveSlots=[0,1,2,3] (awaiting peer)
[log] [coop:transport] send host t=commandRequest fi=1 owner=guest turn=2 slots=4
[log] [coop:transport] recv guest t=commandRequest fi=1 owner=guest turn=2 slots=4 handlers=1
[log] [coop:relay] peer recv commandRequest fieldIndex=1 owner=guest turn=2 moveSlots=[0,1,2,3] -> reply command=0 cursor=0 moveId=34
[log] [coop:transport] send guest t=command fi=1 owner=guest turn=2 cmd=0 cursor=0 move=34
[log] [coop:transport] recv host t=command fi=1 owner=guest turn=2 cmd=0 cursor=0 move=34 handlers=1
[log] [coop:relay] recv command fieldIndex=1 turn=2 command=0 -> resolved awaiting request
[log] [coop:ai] applyWiredPartnerCommand partner=150 wiredMoveId=34 cursor=0 -> moveId=34 moveIndex=0 tera=false targets=[3] targetsFrom=wire-verbatim useMode=1
[log] %cStart Phase: EnemyCommandPhase color:green
[log] %cStart Phase: TurnStartPhase color:green
[log] [coop-diag] turn-start authoritative guard mode=authoritative role=host turn=2 diverts=false
[log] [coop:turn] host recorder: begin turn=2 scope=1828413413364172:7 (no prior open recording)
[log] %cStart Phase: SwitchSummonPhase color:green
[log] [coop:turn] host recorder: preserve recording scope=1828413413364172:7 turn=2 events=0 seq=0
[log] [coop:turn] host recorder: append turn=2 seq=0 k=switch total=1 live=true
[log] %cStart Phase: PostSummonPhase color:green
[log] %cStart Phase: MovePhase color:green
[log] [coop:turn] host recorder: append turn=2 seq=1 k=moveUsed total=2 live=true
[log] [coop:turn] host recorder: append turn=2 seq=2 k=message total=3 live=true
[log] %cStart Phase: MessagePhase color:green
[log] %cStart Phase: MessagePhase color:green
[log] %cStart Phase: MoveEndPhase color:green
[log] %cStart Phase: MovePhase color:green
[log] [coop:turn] host recorder: append turn=2 seq=3 k=moveUsed total=4 live=true
[log] %cStart Phase: MessagePhase color:green
[log] %cStart Phase: MoveEffectPhase color:green
[log] [coop:turn] host recorder: append turn=2 seq=4 k=moveAnim total=5 live=true
[log] [coop:turn] host recorder: append turn=2 seq=5 k=hp total=6 live=true
[log] [coop:turn] host recorder: append turn=2 seq=6 k=faint total=7 live=true
[log] %cStart Phase: DamageAnimPhase color:green
[log] %cStart Phase: FaintPhase color:green
[log] %cStart Phase: MessagePhase color:green
[log] %cStart Phase: VictoryPhase color:green
[log] [coop:progression] HOST applyPartyExp COMPUTE wave=7 expValue=49 koMon=Pawmi
[log] [coop:runtime] defer raw waveResolved wave=7 outcome=win until its material turnResolution is retained
[log] [coop-diag] VictoryPhase win-branch role=host battleType=WILD queuesTrainerVictory=false queuesSelectModifier=true wave=7
[log] [coop-diag] VictoryTail role=host wave=7 source=legacy-local trainer=false egg=true biomeShop=false biomeChange=false crossroads=false nextWave=8
[log] %cStart Phase: MoveEndPhase color:green
[log] %cStart Phase: CheckInterludePhase color:green
[log] %cStart Phase: WeatherEffectPhase color:green
[log] %cStart Phase: PositionalTagPhase color:green
[log] %cStart Phase: BerryPhase color:green
[log] %cStart Phase: CheckStatusEffectPhase color:green
[log] %cStart Phase: TurnEndPhase color:green
[log] %cStart Phase: CoopTurnCommitPhase color:green
[log] [coop:turn] host recorder: finalize turn=2 events=7 seq=7
[log] [coop:checkpoint] build field=4 weather=0/0 terrain=4/4 arenaTags=0 money=110 mons=[bi0:sp493/hp1865-1865/st0/fnt0 bi1:sp150/hp1725-1725/st0/fnt0 bi2:sp921/hp0-21/st7/fnt1 bi3:sp921/hp0-21/st7/fnt1]
[log] [coop:checkpoint] host capture field=4 weather=0 terrain=4 money=110 arenaTags=0 mons=[bi0:sp493/hp1865-1865/st0/fnt0 bi1:sp150/hp1725-1725/st0/fnt0 bi2:sp921/hp0-21/st7/fnt1 bi3:sp921/hp0-21/st7/fnt1]
[log] [coop:interaction] interactionCounter() read -> 7 (role=host)
[log] [coop:replay] host SEND turnResolution e=1828413413364172 wave=7 turn=2 rev=174 events=7 checksum=c6a0fe50c50d830d
[log] [coop:transport] send host t=authorityEntry t=authorityEntry
[log] [coop:v2-shadow] PARITY kind=TURN_COMMIT rev=41 match=true field=- successor=none-non-command-boundary
[log] [coop:transport] send host t=turnResolution e=1828413413364172 wave=7 turn=2 rev=174 events=7 checksum=c6a0fe50c50d830d
[log] [coop:runtime] send waveResolved wave=7 outcome=win (host)
[log] [coop:replay] host SEND waveResolved wave=7 outcome=win transition=WAVE_VICTORY/next8/biome0/egg1/wild
[log] [coop:transport] send host t=waveResolved wave=7 outcome=win captureParty=- cap=-
[log] [coop:transport] recv guest t=authorityEntry t=authorityEntry handlers=1
[log] [coop:transport] recv guest t=turnResolution e=1828413413364172 wave=7 turn=2 rev=174 events=7 checksum=c6a0fe50c50d830d handlers=1
[log] [coop:transport] recv guest t=waveResolved wave=7 outcome=win captureParty=- cap=- handlers=1
[log] [38;2;255;127;80mPhaseInterceptor.to: Stopping on completion of CoopTurnCommitPhase[39m
[log] %cStart Phase: BattleEndPhase color:green
[log] [coop:progression] HOST automatic victory settlement deferred wave=7 sourceTurn=2 settlementTurn=3
[log] [coop:v2-authority] receipt rev=41 op=TURN/e1828413413364172/w7/t2 stage=admitted sender=1 generation=0 advanced retired=false waiting=[1] subsumed=[]
[log] [coop:transport] send host t=authorityEntry t=authorityEntry
[log] [coop:v2-authority] receipt rev=41 op=TURN/e1828413413364172/w7/t2 stage=admitted sender=1 generation=0 duplicate highestStage=0
[log] [coop:v2-authority] receipt rev=41 op=TURN/e1828413413364172/w7/t2 stage=admitted sender=1 generation=0 duplicate highestStage=0
[log] [coop:v2-authority] receipt rev=41 op=TURN/e1828413413364172/w7/t2 stage=materialApplied sender=1 generation=0 advanced retired=false waiting=[1] subsumed=[]
[log] [coop:v2-authority] receipt rev=41 op=TURN/e1828413413364172/w7/t2 stage=controlInstalled sender=1 generation=0 advanced retired=true waiting=[] subsumed=[]
[log] [coop:interaction] interactionCounter() read -> 7 (role=host)
[log] %cStart Phase: EggLapsePhase color:green
[log] %cStart Phase: CoopVictorySealPhase color:green
[log] [coop:transport] send host t=authorityEntry t=authorityEntry
[log] [coop:v2-shadow] PARITY kind=WAVE_ADVANCE rev=42 match=true field=-
[log] [coop:runtime] settled WAVE_ADVANCE committed wave=7 tick=175 next=WAVE_VICTORY/wave8
[log] [coop:runtime] send waveEndState wave=7 tick=175 (host)
[log] [coop:replay] host SEND waveEndState wave=7 tick=175 party=6
[log] [coop:transport] send host t=waveEndState t=waveEndState
[log] [coop:progression] HOST automatic victory settlement sealed wave=7 sourceTurn=2 settlementTurn=3 tick=175
[log] [coop:transport] recv guest t=authorityEntry t=authorityEntry handlers=1
[log] [coop:transport] recv guest t=waveEndState t=waveEndState handlers=1
[log] [coop:interaction] interactionCounter() read -> 7 (role=host)
[log] [coop:owner] ownerOf(counter=7) seat=1 -> owner=guest
[log] [coop:owner] isLocalOwnerAtCounter(pinnedCounter=7) parity=1 owner=guest role=host -> false
[log] [coop:interaction] interactionCounter() read -> 7 (role=host)
[log] [coop:reward] owner/watcher decision: pinnedStart=7 liveCounter=7 parity=1 role=host pick=WATCHER option=ROLL spoof=false
[log] [coop:shop] serializeRewardOptions count=3 ids=[POKEBALL,TM_CASE,MEMORY_MUSHROOM] tiers=[0,0,1]
[log] [coop:reward] OWNER streams reward options (start=7 reroll=0 count=3 ids=[POKEBALL,TM_CASE,MEMORY_MUSHROOM])
[log] [coop:relay] SEND rewardOptions seq=7 reroll=0 count=3 ids=[POKEBALL,TM_CASE,MEMORY_MUSHROOM]
[log] [coop:transport] send host t=authorityEntry t=authorityEntry
[log] [coop:v2-shadow] PARITY kind=INTERACTION_COMMIT rev=43 match=true field=-
[log] [coop:reward] authoritative options retained surface=reward pin=7 reroll=0 count=3 rev=15 id=1828413413364172:1:REWARD_PRESENT:700000
[log] [coop:v2-interaction] suppressed raw rewardOptions key=7:0; immutable entry retained
[log] [coop:rendezvous] ARRIVE point=shop:7:7 (send) role=host
[log] [coop:transport] send host t=rendezvous point=shop:7:7
[log] [coop:reward] WATCHER waits for partner's reward picks (start=7 role=host wave=7)
[log] [coop:transport] recv guest t=authorityEntry t=authorityEntry handlers=1
[log] [coop:transport] recv guest t=rendezvous point=shop:7:7 handlers=1
[log] [coop:interaction] mirror begin role=watcher mirrorSeq=448 interactionStart=7 reroll=0
[log] [coop:interaction] uiMirror beginSession role=watcher mode=6 seq=448 early=0
[log] [coop:relay] AWAIT interactionChoice seq=7 timeoutMs=1200000 expected=[reward,shop,skip,reroll,check,transfer,lock] -> network-wait
[log] [coop:interaction] interactionCounter() read -> 7 (role=host)
[log] [coop:checksum] capture digest=28cd81d2fbd5fbfd field=4 biome=1 seed=coop-soak-20365530 weather=0 terrain=4 money=110 party=[493,150,890,384,382,888] partyLevels=[500,500,500,500,500,500] arenaTags=0 modifiers=3 heldItemsDigest=0 pokeballs=[0:5,1:0,2:0,3:0,4:0] mons=[bi0:sp493/hp1865-1865/st0/ab121/form0/tera0:0/boss0:0 bi1:sp150/hp1725-1725/st0/ab227/form0/tera0:13/boss0:0 bi2:sp921/hp0-21/st7/ab5185/form0/tera0:12/boss0:0 bi3:sp921/hp0-21/st7/ab5185/form0/tera0:12/boss0:0]
[log] [coop:transport] send host t=authorityEntry t=authorityEntry
[log] [coop:rendezvous] RECV arrival point=shop:7:7 -> BUFFER (no waiter yet) role=host
[log] [coop:stream] host IGNORE cosmetic turn ACK stage=continuationReady key=1828413413364172:7:2:174 (v2 owns retirement)
[log] [coop:relay] DELIVER interactionChoice seq=7 -> waiter kind=skip choice=-1 data=-
[log] [coop:relay] AWAIT interactionChoice seq=7 RESOLVE kind=skip choice=-1 data=-
[log] [coop:v2-authority] receipt rev=42 op=V2/WAVE/e1828413413364172/w7/tick175 stage=admitted sender=1 generation=0 advanced retired=false waiting=[1] subsumed=[]
[log] [coop:transport] send host t=authorityEntry t=authorityEntry
[log] [coop:transport] send host t=authorityEntry t=authorityEntry
[log] [coop:v2-authority] receipt rev=42 op=V2/WAVE/e1828413413364172/w7/tick175 stage=admitted sender=1 generation=0 duplicate highestStage=0
[log] [coop:v2-authority] receipt rev=42 op=V2/WAVE/e1828413413364172/w7/tick175 stage=materialApplied sender=1 generation=0 advanced retired=false waiting=[1] subsumed=[]
[log] [coop:transport] send host t=authorityEntry t=authorityEntry
[log] [coop:v2-authority] receipt rev=42 op=V2/WAVE/e1828413413364172/w7/tick175 stage=controlInstalled sender=1 generation=0 advanced retired=true waiting=[] subsumed=[]
[log] [coop:v2-authority] receipt rev=43 op=1828413413364172:1:REWARD_PRESENT:700000 stage=admitted sender=1 generation=0 advanced retired=false waiting=[1] subsumed=[]
[log] [coop:v2-authority] receipt rev=43 op=1828413413364172:1:REWARD_PRESENT:700000 stage=materialApplied sender=1 generation=0 advanced retired=false waiting=[1] subsumed=[]
[log] [coop:v2-authority] receipt rev=43 op=1828413413364172:1:REWARD_PRESENT:700000 stage=materialApplied sender=1 generation=0 duplicate highestStage=1
[log] [coop:v2-authority] receipt rev=43 op=1828413413364172:1:REWARD_PRESENT:700000 stage=controlInstalled sender=1 generation=0 advanced retired=true waiting=[] subsumed=[]
[log] [coop:v2-authority] receipt rev=42 op=V2/WAVE/e1828413413364172/w7/tick175 stage=controlInstalled sender=1 generation=0 rejected reason=unknown-revision
[log] [coop:reward] WATCHER applying relayed action seq=7 act=LEAVE choice=-1 data=-
[log] [coop:v2-interaction] terminal proof recorded op=1828413413364172:1:REWARD:700000 role=host seat=0 duplicate=0 ambient=1
[log] [coop:v2-interaction] phase terminal proof op=1828413413364172:1:REWARD:700000 route=constructor-fallback accepted=1
[log] [coop:shop] serializeRewardOptions count=3 ids=[POKEBALL,TM_CASE,MEMORY_MUSHROOM] tiers=[0,0,1]
[log] [coop:transport] send host t=authorityEntry t=authorityEntry
[log] [coop:v2-shadow] PARITY kind=INTERACTION_COMMIT rev=44 match=true field=-
[log] [coop:reward] reward authoritative RESULT retained rev=16 tick=177 id=1828413413364172:1:REWARD:700000
[log] [coop:transport] recv guest t=authorityEntry t=authorityEntry handlers=1
[log] [coop:transport] recv guest t=authorityEntry t=authorityEntry handlers=1
[log] [coop:transport] recv guest t=authorityEntry t=authorityEntry handlers=1
[log] [coop:transport] recv guest t=authorityEntry t=authorityEntry handlers=1
[log] [coop:interaction] interactionCounter() read -> 7 (role=host)
[log] [coop:interaction] interactionCounter() read -> 7 (role=host)
[log] [coop:v2-authority] receipt rev=42 op=V2/WAVE/e1828413413364172/w7/tick175 stage=controlInstalled sender=1 generation=0 rejected reason=unknown-revision
[log] [coop:v2-authority] receipt rev=43 op=1828413413364172:1:REWARD_PRESENT:700000 stage=controlInstalled sender=1 generation=0 rejected reason=unknown-revision
[log] [coop:v2-authority] receipt rev=43 op=1828413413364172:1:REWARD_PRESENT:700000 stage=controlInstalled sender=1 generation=0 rejected reason=unknown-revision
[log] [coop:v2-authority] receipt rev=44 op=1828413413364172:1:REWARD:700000 stage=admitted sender=1 generation=0 advanced retired=false waiting=[1] subsumed=[]
[log] [coop:v2-authority] receipt rev=44 op=1828413413364172:1:REWARD:700000 stage=admitted sender=1 generation=0 duplicate highestStage=0
[log] [coop:v2-authority] receipt rev=44 op=1828413413364172:1:REWARD:700000 stage=materialApplied sender=1 generation=0 advanced retired=false waiting=[1] subsumed=[]
[log] [coop:v2-authority] receipt rev=44 op=1828413413364172:1:REWARD:700000 stage=controlInstalled sender=1 generation=0 advanced retired=true waiting=[] subsumed=[]
[log] [coop:reward] OWNER peer material applied; release terminal engine barrier seq=7 id=1828413413364172:1:REWARD:700000
[log] [coop:interaction] interactionCounter() read -> 7 (role=host)
[log] [coop:interaction] CoopInteractionTurn.advance INCREMENT (fromCounter=7) counter 7 -> 8
[log] [coop:interaction] advanceInteraction ADVANCED+V2-LOCAL (fromCounter=7) counter 7 -> 8 role=host
[log] [coop:owner] ownerOf(counter=8) seat=0 -> owner=host
[log] [coop:owner] ownerOf(counter=8) seat=0 -> owner=host
[log] [coop:interaction] interactionCounter() read -> 8 (role=host)
[log] [coop:reward] advance interaction from V2 commit (role=host from=7 counter 7 -> 8); typed successor owns release
[log] [coop:interaction] interactionCounter() read -> 8 (role=host)
[log] [coop:interaction] interactionCounter() read -> 8 (role=guest)
[log] [coop-soak:wave-complete] {"seed":20365530,"wave":7,"wavesRequested":200,"wavesCompleted":7,"waveElapsedMs":4178,"elapsedMs":39510,"findings":0,"hostPhase":"NewBattlePhase","guestPhase":"NewBattlePhase"}
[log] %cStart Phase: NewBattlePhase color:green
[log] %cStart Phase: MessagePhase color:green
[log] %cStart Phase: ReturnPhase color:green
[log] [coop:turn] host recorder: begin turn=1 scope=1828413413364172:8 (no prior open recording)
[log] %cStart Phase: ReturnPhase color:green
[log] [coop:turn] host recorder: preserve recording scope=1828413413364172:8 turn=1 events=0 seq=0
[log] %cStart Phase: ShowTrainerPhase color:green
[log] %cStart Phase: NextEncounterPhase color:green
[log] [coop:interaction] interactionCounter() read -> 8 (role=host)
[log] [coop:replay] host SEND enemyPartySync wave=8 count=2 meType=-1 battleType=1 entryPresentation=-
[log] [coop:transport] send host t=enemyPartySync wave=8 enemies=2 battleType=1
[log] [coop:transport] recv guest t=enemyPartySync wave=8 enemies=2 battleType=1 handlers=1
[log] [coop:turn] host recorder: preserve recording scope=1828413413364172:8 turn=1 events=0 seq=0
[log] %cStart Phase: SummonPhase color:green
[log] [coop:turn] host recorder: preserve recording scope=1828413413364172:8 turn=1 events=0 seq=0
[log] %cStart Phase: SummonPhase color:green
[log] [coop:turn] host recorder: preserve recording scope=1828413413364172:8 turn=1 events=0 seq=0
[log] %cStart Phase: SummonPhase color:green
[log] [coop:turn] host recorder: preserve recording scope=1828413413364172:8 turn=1 events=0 seq=0
[log] %cStart Phase: ToggleDoublePositionPhase color:green
[log] %cStart Phase: SummonPhase color:green
[log] [coop:turn] host recorder: preserve recording scope=1828413413364172:8 turn=1 events=0 seq=0
[log] %cStart Phase: InitEncounterPhase color:green
[log] [coop:turn] host recorder: preserve recording scope=1828413413364172:8 turn=1 events=0 seq=0
[log] %cStart Phase: PostSummonPhase color:green
[log] %cStart Phase: PostSummonPhase color:green
[log] [coop:turn] host recorder: append turn=1 seq=0 k=terrain total=1 live=true
[log] [coop:turn] host recorder: append turn=1 seq=1 k=message total=2 live=true
[log] %cStart Phase: ShowAbilityPhase color:green
[log] [coop:turn] host recorder: append turn=1 seq=2 k=showAbility total=3 live=true
[log] %cStart Phase: CommonAnimPhase color:green
[log] %cStart Phase: MessagePhase color:green
[log] %cStart Phase: HideAbilityPhase color:green
[log] [coop:turn] host recorder: append turn=1 seq=3 k=hideAbility total=4 live=true
[log] %cStart Phase: PostSummonPhase color:green
[log] %cStart Phase: PostSummonPhase color:green
[log] %cStart Phase: PostSummonPhase color:green
[log] %cStart Phase: PostSummonPhase color:green
[log] %cStart Phase: ShowAbilityPhase color:green
[log] [coop:turn] host recorder: append turn=1 seq=4 k=showAbility total=5 live=true
[log] %cStart Phase: StatStageChangePhase color:green
[log] [coop:turn] host recorder: append turn=1 seq=5 k=message total=6 live=true
[log] [coop:turn] host recorder: append turn=1 seq=6 k=statStage total=7 live=true
[log] %cStart Phase: MessagePhase color:green
[log] %cStart Phase: StatStageChangePhase color:green
[log] [coop:turn] host recorder: append turn=1 seq=7 k=message total=8 live=true
[log] [coop:turn] host recorder: append turn=1 seq=8 k=statStage total=9 live=true
[log] %cStart Phase: MessagePhase color:green
[log] %cStart Phase: HideAbilityPhase color:green
[log] [coop:turn] host recorder: append turn=1 seq=9 k=hideAbility total=10 live=true
[log] %cStart Phase: PostSummonPhase color:green
[log] %cStart Phase: ShowAbilityPhase color:green
[log] [coop:turn] host recorder: append turn=1 seq=10 k=showAbility total=11 live=true
[log] %cStart Phase: MovePhase color:green
[log] [coop:turn] host recorder: append turn=1 seq=11 k=moveUsed total=12 live=true
[log] %cStart Phase: MessagePhase color:green
[log] %cStart Phase: MoveEffectPhase color:green
[log] [coop:turn] host recorder: append turn=1 seq=12 k=moveAnim total=13 live=true
[log] %cStart Phase: StatStageChangePhase color:green
[log] [coop:turn] host recorder: append turn=1 seq=13 k=message total=14 live=true
[log] [coop:turn] host recorder: append turn=1 seq=14 k=statStage total=15 live=true
[log] %cStart Phase: MessagePhase color:green
[log] %cStart Phase: MoveEndPhase color:green
[log] %cStart Phase: HideAbilityPhase color:green
[log] [coop:turn] host recorder: append turn=1 seq=15 k=hideAbility total=16 live=true
[log] %cStart Phase: TurnInitPhase color:green
[log] [coop:replay] host SEND enemyPartySync wave=8 count=2 meType=-1 battleType=1 entryPresentation=16
[log] [coop:transport] send host t=enemyPartySync wave=8 enemies=2 battleType=1
[log] [coop:replay] host RE-BROADCAST wave-start authority wave=8 after post-summon boundary stateChanged=true presentation=16 (#920)
[log] [coop:transport] send host t=authorityEntry t=authorityEntry
[log] [coop:v2-shadow] PARITY kind=CONTROL_COMMIT rev=45 match=true field=-
[log] [coop:rendezvous] next-command barrier ARRIVE+AWAIT cmd:8:1 slot=0
[log] [coop:rendezvous] ARRIVE point=cmd:8:1 (send) role=host
[log] [coop:transport] send host t=rendezvous point=cmd:8:1
[log] [coop:rendezvous] AWAIT point=cmd:8:1 timeoutMs=2000 -> network-wait role=host
[log] [coop:transport] recv guest t=enemyPartySync wave=8 enemies=2 battleType=1 handlers=1
[log] [coop:transport] recv guest t=authorityEntry t=authorityEntry handlers=1
[log] [coop:transport] recv guest t=rendezvous point=cmd:8:1 handlers=1
[log] [coop:v2-authority] receipt rev=45 op=V2/CONTROL/COMMAND/e1828413413364172/w8/t1/tick181 stage=admitted sender=1 generation=0 advanced retired=false waiting=[1] subsumed=[]
[log] [coop:transport] send host t=authorityEntry t=authorityEntry
[log] [coop:rendezvous] RECV arrival point=cmd:8:1 -> deliver-to-waiter role=host
[log] [coop:transport] send host t=rendezvous point=cmd:8:1
[log] [coop:rendezvous] AWAIT point=cmd:8:1 RESOLVE both-arrived role=host
[log] [coop:v2-authority] receipt rev=45 op=V2/CONTROL/COMMAND/e1828413413364172/w8/t1/tick181 stage=admitted sender=1 generation=0 duplicate highestStage=0
[log] [coop:v2-authority] receipt rev=45 op=V2/CONTROL/COMMAND/e1828413413364172/w8/t1/tick181 stage=materialApplied sender=1 generation=0 advanced retired=false waiting=[1] subsumed=[]
[log] [coop:v2-authority] receipt rev=45 op=V2/CONTROL/COMMAND/e1828413413364172/w8/t1/tick181 stage=materialApplied sender=1 generation=0 duplicate highestStage=1
[log] [coop:v2-authority] receipt rev=45 op=V2/CONTROL/COMMAND/e1828413413364172/w8/t1/tick181 stage=materialApplied sender=1 generation=0 duplicate highestStage=1
[log] [coop:v2-authority] receipt rev=45 op=V2/CONTROL/COMMAND/e1828413413364172/w8/t1/tick181 stage=materialApplied sender=1 generation=0 duplicate highestStage=1
[log] [coop:v2-authority] receipt rev=45 op=V2/CONTROL/COMMAND/e1828413413364172/w8/t1/tick181 stage=controlInstalled sender=1 generation=0 advanced retired=true waiting=[] subsumed=[]
[log] [coop:transport] recv guest t=rendezvous point=cmd:8:1 handlers=1
[log] [coop:transport] send host t=enemyPartySync wave=8 enemies=2 battleType=1
[log] [coop:replay] host RE-BROADCAST wave-start authority wave=8 after post-summon boundary stateChanged=false presentation=16 (#920)
[log] [coop:transport] recv guest t=enemyPartySync wave=8 enemies=2 battleType=1 handlers=1
[log] [coop-soak:wave-start] {"seed":20365530,"wave":8,"wavesRequested":200,"wavesCompleted":7,"elapsedMs":41596,"hostPhase":"CommandPhase","guestPhase":"CommandPhase"}
[log] [coop:interaction] interactionCounter() read -> 8 (role=host)
[log] [coop:interaction] interactionCounter() read -> 8 (role=guest)
[log] [coop:interaction] interactionCounter() read -> 8 (role=host)
[log] [coop:checksum] capture digest=62edbd16523c7ae5 field=4 biome=1 seed=coop-soak-20365530 weather=0 terrain=4 money=110 party=[493,150,890,384,382,888] partyLevels=[500,500,500,500,500,500] arenaTags=0 modifiers=3 heldItemsDigest=0 pokeballs=[0:5,1:0,2:0,3:0,4:0] mons=[bi0:sp493/hp1865-1865/st0/ab121/form0/tera0:0/boss0:0 bi1:sp150/hp1725-1725/st0/ab227/form0/tera0:13/boss0:0 bi2:sp498/hp29-29/st0/ab5031/form0/tera0:9/boss0:0 bi3:sp821/hp22-22/st0/ab5067/form0/tera0:2/boss0:0]
[log] [coop:interaction] interactionCounter() read -> 8 (role=host)
[log] %cStart Phase: SelectTargetPhase color:green
[log] [coop:owner] broadcast own-slot fi=0 turn=1 role=host cmd=0
[log] [coop:relay] broadcastLocalCommand SEND fieldIndex=0 owner=host turn=1 command=0 cursor=0 moveId=34 targets=[2]
[log] [coop:transport] send host t=command fi=0 owner=host turn=1 cmd=0 cursor=0 move=34
[log] [coop:transport] recv guest t=command fi=0 owner=host turn=1 cmd=0 cursor=0 move=34 handlers=1
[log] [coop:relay] recv command fieldIndex=0 turn=1 command=0 -> BUFFERED (no awaiter yet)
[log] %cStart Phase: CommandPhase color:green
[log] [coop:transport] send host t=enemyPartySync wave=8 enemies=2 battleType=1
[log] [coop:replay] host RE-BROADCAST wave-start authority wave=8 after post-summon boundary stateChanged=true presentation=16 (#920)
[log] [coop:battle] CommandPhase slot=1 turn=1 owner=guest role=host -> partner path
[log] [coop:relay] host requestPartnerCommand SEND fieldIndex=1 turn=1 moveSlots=[0,1,2,3] (awaiting peer)
[log] [coop:transport] send host t=commandRequest fi=1 owner=guest turn=1 slots=4
[log] [coop:transport] recv guest t=enemyPartySync wave=8 enemies=2 battleType=1 handlers=1
[log] [coop:transport] recv guest t=commandRequest fi=1 owner=guest turn=1 slots=4 handlers=1
[log] [coop:relay] peer recv commandRequest fieldIndex=1 owner=guest turn=1 moveSlots=[0,1,2,3] -> reply command=0 cursor=2 moveId=53
[log] [coop:transport] send guest t=command fi=1 owner=guest turn=1 cmd=0 cursor=2 move=53
[log] [coop:transport] recv host t=command fi=1 owner=guest turn=1 cmd=0 cursor=2 move=53 handlers=1
[log] [coop:relay] recv command fieldIndex=1 turn=1 command=0 -> resolved awaiting request
[log] [coop:ai] applyWiredPartnerCommand partner=150 wiredMoveId=53 cursor=2 -> moveId=53 moveIndex=2 tera=false targets=[3] targetsFrom=wire-verbatim useMode=1
[log] %cStart Phase: EnemyCommandPhase color:green
[log] %cStart Phase: EnemyCommandPhase color:green
[log] %cStart Phase: TurnStartPhase color:green
[log] [coop-diag] turn-start authoritative guard mode=authoritative role=host turn=1 diverts=false
[log] [coop:turn] host recorder: preserve recording scope=1828413413364172:8 turn=1 events=21 seq=21
[log] %cStart Phase: MovePhase color:green
[log] [coop:turn] host recorder: append turn=1 seq=21 k=moveUsed total=22 live=true
[log] %cStart Phase: MessagePhase color:green
[log] %cStart Phase: MoveEffectPhase color:green
[log] [coop:turn] host recorder: append turn=1 seq=22 k=moveAnim total=23 live=true
[log] [coop:turn] host recorder: append turn=1 seq=23 k=hp total=24 live=true
[log] [coop:turn] host recorder: append turn=1 seq=24 k=faint total=25 live=true
[log] %cStart Phase: DamageAnimPhase color:green
[log] %cStart Phase: FaintPhase color:green
[log] %cStart Phase: MessagePhase color:green
[log] %cStart Phase: VictoryPhase color:green
[log] [coop:progression] HOST progression capture begin wave=8
[log] [coop:progression] HOST applyPartyExp COMPUTE wave=8 expValue=59.8 koMon=Rookidee
[log] %cStart Phase: MoveEndPhase color:green
[log] %cStart Phase: MovePhase color:green
[log] [coop:turn] host recorder: append turn=1 seq=25 k=moveUsed total=26 live=true
[log] %cStart Phase: MessagePhase color:green
[log] %cStart Phase: MoveEffectPhase color:green
[log] [coop:turn] host recorder: append turn=1 seq=26 k=moveAnim total=27 live=true
[log] [coop:turn] host recorder: append turn=1 seq=27 k=hp total=28 live=true
[log] [coop:turn] host recorder: append turn=1 seq=28 k=faint total=29 live=true
[log] %cStart Phase: DamageAnimPhase color:green
[log] %cStart Phase: FaintPhase color:green
[log] %cStart Phase: MessagePhase color:green
[log] %cStart Phase: VictoryPhase color:green
[log] [coop:progression] HOST applyPartyExp COMPUTE wave=8 expValue=87.8 koMon=Tepig
[log] [coop:runtime] defer raw waveResolved wave=8 outcome=win until its material turnResolution is retained
[log] [coop-diag] VictoryPhase win-branch role=host battleType=TRAINER queuesTrainerVictory=true queuesSelectModifier=true wave=8
[log] [coop-diag] VictoryTail role=host wave=8 source=legacy-local trainer=true egg=true biomeShop=false biomeChange=false crossroads=false nextWave=9
[log] %cStart Phase: MoveEndPhase color:green
[log] %cStart Phase: MovePhase color:green
[log] %cStart Phase: MoveEndPhase color:green
[log] %cStart Phase: MovePhase color:green
[log] %cStart Phase: MoveEndPhase color:green
[log] %cStart Phase: CheckInterludePhase color:green
[log] %cStart Phase: WeatherEffectPhase color:green
[log] %cStart Phase: PositionalTagPhase color:green
[log] %cStart Phase: BerryPhase color:green
[log] %cStart Phase: CheckStatusEffectPhase color:green
[log] %cStart Phase: TurnEndPhase color:green
[log] %cStart Phase: CoopTurnCommitPhase color:green
[log] [coop:turn] host recorder: finalize turn=1 events=29 seq=29
[log] [coop:checkpoint] build field=4 weather=0/0 terrain=4/7 arenaTags=0 money=110 mons=[bi0:sp493/hp1865-1865/st0/fnt0 bi1:sp150/hp1725-1725/st0/fnt0 bi2:sp498/hp0-29/st7/fnt1 bi3:sp821/hp0-22/st7/fnt1]
[log] [coop:checkpoint] host capture field=4 weather=0 terrain=4 money=110 arenaTags=0 mons=[bi0:sp493/hp1865-1865/st0/fnt0 bi1:sp150/hp1725-1725/st0/fnt0 bi2:sp498/hp0-29/st7/fnt1 bi3:sp821/hp0-22/st7/fnt1]
[log] [coop:interaction] interactionCounter() read -> 8 (role=host)
[log] [coop:replay] host SEND turnResolution e=1828413413364172 wave=8 turn=1 rev=190 events=29 checksum=2d036df05f020ae3
[log] [coop:transport] send host t=authorityEntry t=authorityEntry
[log] [coop:v2-shadow] PARITY kind=TURN_COMMIT rev=46 match=true field=- successor=none-non-command-boundary
[log] [coop:transport] send host t=turnResolution e=1828413413364172 wave=8 turn=1 rev=190 events=29 checksum=2d036df05f020ae3
[log] [coop:runtime] send waveResolved wave=8 outcome=win (host)
[log] [coop:replay] host SEND waveResolved wave=8 outcome=win transition=WAVE_VICTORY/next9/biome0/egg1/trainer
[log] [coop:transport] send host t=waveResolved wave=8 outcome=win captureParty=- cap=-
[log] [coop:transport] recv guest t=authorityEntry t=authorityEntry handlers=1
[log] [coop:transport] recv guest t=turnResolution e=1828413413364172 wave=8 turn=1 rev=190 events=29 checksum=2d036df05f020ae3 handlers=1
[log] [coop:transport] recv guest t=waveResolved wave=8 outcome=win captureParty=- cap=- handlers=1
[log] [38;2;255;127;80mPhaseInterceptor.to: Stopping on completion of CoopTurnCommitPhase[39m
[log] %cStart Phase: BattleEndPhase color:green
[log] [coop:progression] HOST automatic victory settlement deferred wave=8 sourceTurn=1 settlementTurn=2
[log] [coop:v2-authority] receipt rev=46 op=TURN/e1828413413364172/w8/t1 stage=admitted sender=1 generation=0 advanced retired=false waiting=[1] subsumed=[]
[log] [coop:transport] send host t=authorityEntry t=authorityEntry
[log] [coop:v2-authority] receipt rev=46 op=TURN/e1828413413364172/w8/t1 stage=admitted sender=1 generation=0 duplicate highestStage=0
[log] [coop:transport] send host t=authorityEntry t=authorityEntry
[log] [coop:v2-authority] receipt rev=46 op=TURN/e1828413413364172/w8/t1 stage=admitted sender=1 generation=0 duplicate highestStage=0
[log] [coop:v2-authority] receipt rev=46 op=TURN/e1828413413364172/w8/t1 stage=admitted sender=1 generation=0 duplicate highestStage=0
[log] [coop:v2-authority] receipt rev=46 op=TURN/e1828413413364172/w8/t1 stage=materialApplied sender=1 generation=0 advanced retired=false waiting=[1] subsumed=[]
[log] [coop:v2-authority] receipt rev=46 op=TURN/e1828413413364172/w8/t1 stage=controlInstalled sender=1 generation=0 advanced retired=true waiting=[] subsumed=[]
[log] [coop:interaction] interactionCounter() read -> 8 (role=host)
[log] %cStart Phase: TrainerVictoryPhase color:green
[log] [coop:progression] coopVictoryDialogue DECISION isCoop=true -> SKIP (constant 0 awaits, lockstep-safe)
[log] %cStart Phase: MoneyRewardPhase color:green
[log] %cStart Phase: ModifierRewardPhase color:green
[log] %cStart Phase: ModifierRewardPhase color:green
[log] %cStart Phase: ModifierRewardPhase color:green
[log] %cStart Phase: EggLapsePhase color:green
[log] %cStart Phase: CoopVictorySealPhase color:green
[log] [coop:transport] send host t=authorityEntry t=authorityEntry
[log] [coop:v2-shadow] PARITY kind=WAVE_ADVANCE rev=47 match=true field=-
[log] [coop:runtime] settled WAVE_ADVANCE committed wave=8 tick=191 next=WAVE_VICTORY/wave9
[log] [coop:runtime] send waveEndState wave=8 tick=191 (host)
[log] [coop:replay] host SEND waveEndState wave=8 tick=191 party=6
[log] [coop:transport] send host t=waveEndState t=waveEndState
[log] [coop:progression] HOST automatic victory settlement sealed wave=8 sourceTurn=1 settlementTurn=2 tick=191
[log] [coop:transport] recv guest t=authorityEntry t=authorityEntry handlers=1
[log] [coop:transport] recv guest t=waveEndState t=waveEndState handlers=1
[log] [coop:interaction] interactionCounter() read -> 8 (role=host)
[log] [coop:owner] ownerOf(counter=8) seat=0 -> owner=host
[log] [coop:owner] isLocalOwnerAtCounter(pinnedCounter=8) parity=0 owner=host role=host -> true
[log] [coop:interaction] interactionCounter() read -> 8 (role=host)
[log] [coop:reward] owner/watcher decision: pinnedStart=8 liveCounter=8 parity=0 role=host pick=OWNER option=ROLL spoof=false
[log] [coop:shop] serializeRewardOptions count=3 ids=[BERRY,ER_LOADED_DICE,VOUCHER] tiers=[0,2,1]
[log] [coop:reward] OWNER streams reward options (start=8 reroll=0 count=3 ids=[BERRY,ER_LOADED_DICE,VOUCHER])
[log] [coop:relay] SEND rewardOptions seq=8 reroll=0 count=3 ids=[BERRY,ER_LOADED_DICE,VOUCHER]
[log] [coop:transport] send host t=authorityEntry t=authorityEntry
[log] [coop:v2-shadow] PARITY kind=INTERACTION_COMMIT rev=48 match=true field=-
[log] [coop:reward] authoritative options retained surface=reward pin=8 reroll=0 count=3 rev=17 id=1828413413364172:0:REWARD_PRESENT:800000
[log] [coop:v2-interaction] suppressed raw rewardOptions key=8:0; immutable entry retained
[log] [coop:rendezvous] ARRIVE point=shop:8:8 (send) role=host
[log] [coop:transport] send host t=rendezvous point=shop:8:8
[log] [coop:reward] OWNER drives reward screen (start=8 role=host spoof=false adoptsOptions=false wave=8)
[log] [coop:rendezvous] shop-pick-commit barrier AWAIT shop:8:8
[log] [coop:rendezvous] AWAIT point=shop:8:8 timeoutMs=2000 -> network-wait role=host
[log] [coop:transport] recv guest t=authorityEntry t=authorityEntry handlers=1
[log] [coop:transport] recv guest t=rendezvous point=shop:8:8 handlers=1
[log] [coop:interaction] interactionCounter() read -> 8 (role=host)
[log] [coop:checksum] capture digest=0473225d146a6c3d field=4 biome=1 seed=coop-soak-20365530 weather=0 terrain=4 money=360 party=[493,150,890,384,382,888] partyLevels=[500,500,500,500,500,500] arenaTags=0 modifiers=5 heldItemsDigest=0 pokeballs=[0:5,1:0,2:0,3:0,4:0] mons=[bi0:sp493/hp1865-1865/st0/ab121/form0/tera0:0/boss0:0 bi1:sp150/hp1725-1725/st0/ab227/form0/tera0:13/boss0:0 bi2:sp498/hp0-29/st7/ab5031/form0/tera0:9/boss0:0 bi3:sp821/hp0-22/st7/ab5067/form0/tera0:2/boss0:0]
[log] [coop:rendezvous] RECV arrival point=shop:8:8 -> deliver-to-waiter role=host
[log] [coop:transport] send host t=rendezvous point=shop:8:8
[log] [coop:rendezvous] AWAIT point=shop:8:8 RESOLVE both-arrived role=host
[log] [coop:stream] host IGNORE cosmetic turn ACK stage=continuationReady key=1828413413364172:8:1:190 (v2 owns retirement)
[log] [coop:v2-authority] receipt rev=47 op=V2/WAVE/e1828413413364172/w8/tick191 stage=admitted sender=1 generation=0 advanced retired=false waiting=[1] subsumed=[]
[log] [coop:transport] send host t=authorityEntry t=authorityEntry
[log] [coop:transport] send host t=authorityEntry t=authorityEntry
[log] [coop:v2-authority] receipt rev=47 op=V2/WAVE/e1828413413364172/w8/tick191 stage=admitted sender=1 generation=0 duplicate highestStage=0
[log] [coop:v2-authority] receipt rev=47 op=V2/WAVE/e1828413413364172/w8/tick191 stage=materialApplied sender=1 generation=0 advanced retired=false waiting=[1] subsumed=[]
[log] [coop:transport] send host t=authorityEntry t=authorityEntry
[log] [coop:v2-authority] receipt rev=47 op=V2/WAVE/e1828413413364172/w8/tick191 stage=controlInstalled sender=1 generation=0 advanced retired=true waiting=[] subsumed=[]
[log] [coop:v2-authority] receipt rev=48 op=1828413413364172:0:REWARD_PRESENT:800000 stage=admitted sender=1 generation=0 advanced retired=false waiting=[1] subsumed=[]
[log] [coop:v2-authority] receipt rev=48 op=1828413413364172:0:REWARD_PRESENT:800000 stage=materialApplied sender=1 generation=0 advanced retired=false waiting=[1] subsumed=[]
[log] [coop:v2-authority] receipt rev=48 op=1828413413364172:0:REWARD_PRESENT:800000 stage=materialApplied sender=1 generation=0 duplicate highestStage=1
[log] [coop:v2-authority] receipt rev=48 op=1828413413364172:0:REWARD_PRESENT:800000 stage=controlInstalled sender=1 generation=0 advanced retired=true waiting=[] subsumed=[]
[log] [coop:transport] recv guest t=rendezvous point=shop:8:8 handlers=1
[log] [coop:transport] recv guest t=authorityEntry t=authorityEntry handlers=1
[log] [coop:transport] recv guest t=authorityEntry t=authorityEntry handlers=1
[log] [coop:transport] recv guest t=authorityEntry t=authorityEntry handlers=1
[log] [coop:interaction] mirror begin role=owner mirrorSeq=512 interactionStart=8 reroll=0
[log] [coop:interaction] uiMirror beginSession role=owner mode=6 seq=512 early=0
[log] [coop:owner] ownerOf(counter=8) seat=0 -> owner=host
[log] [coop:owner] isLocalOwnerAtCounter(pinnedCounter=8) parity=0 owner=host role=host -> true
[log] [coop:relay] OWNER prepare seq=8 kind=skip choice=-1 data=[] role=host
[log] [coop:reward] reward op INTENT prepared label=skip id=1828413413364172:0:REWARD:800000
[log] [coop:v2-interaction] terminal proof recorded op=1828413413364172:0:REWARD:800000 role=host seat=0 duplicate=0 ambient=1
[log] [coop:v2-interaction] phase terminal proof op=1828413413364172:0:REWARD:800000 route=constructor-fallback accepted=1
[log] [coop:shop] serializeRewardOptions count=3 ids=[BERRY,ER_LOADED_DICE,VOUCHER] tiers=[0,2,1]
[log] [coop:transport] send host t=authorityEntry t=authorityEntry
[log] [coop:v2-shadow] PARITY kind=INTERACTION_COMMIT rev=49 match=true field=-
[log] [coop:reward] reward authoritative RESULT retained rev=18 tick=193 id=1828413413364172:0:REWARD:800000
[log] [coop:reward] OWNER retained terminal before continuation seq=8 id=1828413413364172:0:REWARD:800000
[log] [coop:transport] recv guest t=authorityEntry t=authorityEntry handlers=1
[log] [coop:v2-authority] receipt rev=47 op=V2/WAVE/e1828413413364172/w8/tick191 stage=controlInstalled sender=1 generation=0 rejected reason=unknown-revision
[log] [coop:v2-authority] receipt rev=48 op=1828413413364172:0:REWARD_PRESENT:800000 stage=controlInstalled sender=1 generation=0 rejected reason=unknown-revision
[log] [coop:v2-authority] receipt rev=48 op=1828413413364172:0:REWARD_PRESENT:800000 stage=controlInstalled sender=1 generation=0 rejected reason=unknown-revision
[log] [coop:v2-authority] receipt rev=49 op=1828413413364172:0:REWARD:800000 stage=admitted sender=1 generation=0 advanced retired=false waiting=[1] subsumed=[]
[log] [coop:v2-authority] receipt rev=49 op=1828413413364172:0:REWARD:800000 stage=admitted sender=1 generation=0 duplicate highestStage=0
[log] [coop:v2-authority] receipt rev=49 op=1828413413364172:0:REWARD:800000 stage=materialApplied sender=1 generation=0 advanced retired=false waiting=[1] subsumed=[]
[log] [coop:v2-authority] receipt rev=49 op=1828413413364172:0:REWARD:800000 stage=controlInstalled sender=1 generation=0 advanced retired=true waiting=[] subsumed=[]
[log] [coop:reward] OWNER peer material applied; release terminal engine barrier seq=8 id=1828413413364172:0:REWARD:800000
[log] [coop:interaction] interactionCounter() read -> 8 (role=host)
[log] [coop:interaction] CoopInteractionTurn.advance INCREMENT (fromCounter=8) counter 8 -> 9
[log] [coop:interaction] advanceInteraction ADVANCED+V2-LOCAL (fromCounter=8) counter 8 -> 9 role=host
[log] [coop:owner] ownerOf(counter=9) seat=1 -> owner=guest
[log] [coop:owner] ownerOf(counter=9) seat=1 -> owner=guest
[log] [coop:interaction] interactionCounter() read -> 9 (role=host)
[log] [coop:reward] advance interaction from V2 commit (role=host from=8 counter 8 -> 9); typed successor owns release
[log] [coop:interaction] interactionCounter() read -> 9 (role=host)
[log] [coop:interaction] interactionCounter() read -> 9 (role=guest)
[log] [coop-soak:wave-complete] {"seed":20365530,"wave":8,"wavesRequested":200,"wavesCompleted":8,"waveElapsedMs":2438,"elapsedMs":44034,"findings":0,"hostPhase":"NewBattlePhase","guestPhase":"NewBattlePhase"}
[log] %cStart Phase: NewBattlePhase color:green
[log] %cStart Phase: NextEncounterPhase color:green
[log] [coop:interaction] interactionCounter() read -> 9 (role=host)
[log] [coop:replay] host SEND enemyPartySync wave=9 count=2 meType=-1 battleType=0 entryPresentation=-
[log] [coop:transport] send host t=enemyPartySync wave=9 enemies=2 battleType=0
[log] [coop:turn] host recorder: begin turn=1 scope=1828413413364172:9 (no prior open recording)
[log] [coop:transport] recv guest t=enemyPartySync wave=9 enemies=2 battleType=0 handlers=1
[log] %cStart Phase: ToggleDoublePositionPhase color:green
[log] %cStart Phase: CheckSwitchPhase color:green
[log] %cStart Phase: CheckSwitchPhase color:green
[log] %cStart Phase: InitEncounterPhase color:green
[log] [coop:turn] host recorder: preserve recording scope=1828413413364172:9 turn=1 events=0 seq=0
[log] %cStart Phase: PostSummonPhase color:green
[log] %cStart Phase: PostSummonPhase color:green
[log] %cStart Phase: PostSummonPhase color:green
[log] %cStart Phase: PostSummonPhase color:green
[log] %cStart Phase: ShowAbilityPhase color:green
[log] [coop:turn] host recorder: append turn=1 seq=0 k=showAbility total=1 live=true
[log] %cStart Phase: HideAbilityPhase color:green
[log] [coop:turn] host recorder: append turn=1 seq=1 k=hideAbility total=2 live=true
[log] %cStart Phase: TurnInitPhase color:green
[log] [coop:replay] host SEND enemyPartySync wave=9 count=2 meType=-1 battleType=0 entryPresentation=2
[log] [coop:transport] send host t=enemyPartySync wave=9 enemies=2 battleType=0
[log] [coop:replay] host RE-BROADCAST wave-start authority wave=9 after post-summon boundary stateChanged=true presentation=2 (#920)
[log] [coop:transport] send host t=authorityEntry t=authorityEntry
[log] [coop:v2-shadow] PARITY kind=CONTROL_COMMIT rev=50 match=true field=-
[log] [coop:rendezvous] next-command barrier ARRIVE+AWAIT cmd:9:1 slot=0
[log] [coop:rendezvous] ARRIVE point=cmd:9:1 (send) role=host
[log] [coop:transport] send host t=rendezvous point=cmd:9:1
[log] [coop:rendezvous] AWAIT point=cmd:9:1 timeoutMs=2000 -> network-wait role=host
[log] [coop:transport] recv guest t=enemyPartySync wave=9 enemies=2 battleType=0 handlers=1
[log] [coop:transport] recv guest t=authorityEntry t=authorityEntry handlers=1
[log] [coop:transport] recv guest t=rendezvous point=cmd:9:1 handlers=1
[log] [coop:v2-authority] receipt rev=50 op=V2/CONTROL/COMMAND/e1828413413364172/w9/t1/tick197 stage=admitted sender=1 generation=0 advanced retired=false waiting=[1] subsumed=[]
[log] [coop:transport] send host t=authorityEntry t=authorityEntry
[log] [coop:rendezvous] RECV arrival point=cmd:9:1 -> deliver-to-waiter role=host
[log] [coop:transport] send host t=rendezvous point=cmd:9:1
[log] [coop:rendezvous] AWAIT point=cmd:9:1 RESOLVE both-arrived role=host
[log] [coop:v2-authority] receipt rev=50 op=V2/CONTROL/COMMAND/e1828413413364172/w9/t1/tick197 stage=admitted sender=1 generation=0 duplicate highestStage=0
[log] [coop:v2-authority] receipt rev=50 op=V2/CONTROL/COMMAND/e1828413413364172/w9/t1/tick197 stage=materialApplied sender=1 generation=0 advanced retired=false waiting=[1] subsumed=[]
[log] [coop:v2-authority] receipt rev=50 op=V2/CONTROL/COMMAND/e1828413413364172/w9/t1/tick197 stage=materialApplied sender=1 generation=0 duplicate highestStage=1
[log] [coop:v2-authority] receipt rev=50 op=V2/CONTROL/COMMAND/e1828413413364172/w9/t1/tick197 stage=materialApplied sender=1 generation=0 duplicate highestStage=1
[log] [coop:v2-authority] receipt rev=50 op=V2/CONTROL/COMMAND/e1828413413364172/w9/t1/tick197 stage=materialApplied sender=1 generation=0 duplicate highestStage=1
[log] [coop:v2-authority] receipt rev=50 op=V2/CONTROL/COMMAND/e1828413413364172/w9/t1/tick197 stage=controlInstalled sender=1 generation=0 advanced retired=true waiting=[] subsumed=[]
[log] [coop:transport] recv guest t=rendezvous point=cmd:9:1 handlers=1
[log] [coop:transport] send host t=enemyPartySync wave=9 enemies=2 battleType=0
[log] [coop:replay] host RE-BROADCAST wave-start authority wave=9 after post-summon boundary stateChanged=false presentation=2 (#920)
[log] [coop:transport] recv guest t=enemyPartySync wave=9 enemies=2 battleType=0 handlers=1
[log] [coop-soak:wave-start] {"seed":20365530,"wave":9,"wavesRequested":200,"wavesCompleted":8,"elapsedMs":44878,"hostPhase":"CommandPhase","guestPhase":"CommandPhase"}
[log] [coop:interaction] interactionCounter() read -> 9 (role=host)
[log] [coop:interaction] interactionCounter() read -> 9 (role=guest)
[log] [coop:interaction] interactionCounter() read -> 9 (role=host)
[log] [coop:checksum] capture digest=513044ea5df37ebe field=4 biome=1 seed=coop-soak-20365530 weather=0 terrain=4 money=360 party=[493,150,890,384,382,888] partyLevels=[500,500,500,500,500,500] arenaTags=0 modifiers=5 heldItemsDigest=0 pokeballs=[0:5,1:0,2:0,3:0,4:0] mons=[bi0:sp493/hp1865-1865/st0/ab121/form0/tera0:0/boss0:0 bi1:sp150/hp1725-1725/st0/ab227/form0/tera0:13/boss0:0 bi2:sp263/hp22-22/st0/ab113/form0/tera0:0/boss0:0 bi3:sp161/hp22-22/st0/ab157/form0/tera0:0/boss0:0]
[log] [coop:interaction] interactionCounter() read -> 9 (role=host)
[log] %cStart Phase: SelectTargetPhase color:green
[log] [coop:owner] broadcast own-slot fi=0 turn=1 role=host cmd=0
[log] [coop:relay] broadcastLocalCommand SEND fieldIndex=0 owner=host turn=1 command=0 cursor=0 moveId=34 targets=[2]
[log] [coop:transport] send host t=command fi=0 owner=host turn=1 cmd=0 cursor=0 move=34
[log] [coop:transport] recv guest t=command fi=0 owner=host turn=1 cmd=0 cursor=0 move=34 handlers=1
[log] [coop:relay] recv command fieldIndex=0 turn=1 command=0 -> BUFFERED (no awaiter yet)
[log] %cStart Phase: CommandPhase color:green
[log] [coop:transport] send host t=enemyPartySync wave=9 enemies=2 battleType=0
[log] [coop:replay] host RE-BROADCAST wave-start authority wave=9 after post-summon boundary stateChanged=true presentation=2 (#920)
[log] [coop:battle] CommandPhase slot=1 turn=1 owner=guest role=host -> partner path
[log] [coop:relay] host requestPartnerCommand SEND fieldIndex=1 turn=1 moveSlots=[0,1,2,3] (awaiting peer)
[log] [coop:transport] send host t=commandRequest fi=1 owner=guest turn=1 slots=4
[log] [coop:transport] recv guest t=enemyPartySync wave=9 enemies=2 battleType=0 handlers=1
[log] [coop:transport] recv guest t=commandRequest fi=1 owner=guest turn=1 slots=4 handlers=1
[log] [coop:relay] peer recv commandRequest fieldIndex=1 owner=guest turn=1 moveSlots=[0,1,2,3] -> reply command=0 cursor=2 moveId=53
[log] [coop:transport] send guest t=command fi=1 owner=guest turn=1 cmd=0 cursor=2 move=53
[log] [coop:transport] recv host t=command fi=1 owner=guest turn=1 cmd=0 cursor=2 move=53 handlers=1
[log] [coop:relay] recv command fieldIndex=1 turn=1 command=0 -> resolved awaiting request
[log] [coop:ai] applyWiredPartnerCommand partner=150 wiredMoveId=53 cursor=2 -> moveId=53 moveIndex=2 tera=false targets=[3] targetsFrom=wire-verbatim useMode=1
[log] %cStart Phase: EnemyCommandPhase color:green
[log] %cStart Phase: EnemyCommandPhase color:green
[log] %cStart Phase: TurnStartPhase color:green
[log] [coop-diag] turn-start authoritative guard mode=authoritative role=host turn=1 diverts=false
[log] [coop:turn] host recorder: preserve recording scope=1828413413364172:9 turn=1 events=2 seq=2
[log] %cStart Phase: MovePhase color:green
[log] [coop:turn] host recorder: append turn=1 seq=2 k=moveUsed total=3 live=true
[log] %cStart Phase: MessagePhase color:green
[log] %cStart Phase: MoveEffectPhase color:green
[log] [coop:turn] host recorder: append turn=1 seq=3 k=moveAnim total=4 live=true
[log] [coop:turn] host recorder: append turn=1 seq=4 k=hp total=5 live=true
[log] [coop:turn] host recorder: append turn=1 seq=5 k=faint total=6 live=true
[log] %cStart Phase: DamageAnimPhase color:green
[log] %cStart Phase: FaintPhase color:green
[log] %cStart Phase: MessagePhase color:green
[log] %cStart Phase: VictoryPhase color:green
[log] [coop:progression] HOST progression capture begin wave=9
[log] [coop:progression] HOST applyPartyExp COMPUTE wave=9 expValue=52.6 koMon=Sentret
[log] %cStart Phase: MoveEndPhase color:green
[log] %cStart Phase: MovePhase color:green
[log] [coop:turn] host recorder: append turn=1 seq=6 k=moveUsed total=7 live=true
[log] %cStart Phase: MessagePhase color:green
[log] %cStart Phase: MoveEffectPhase color:green
[log] [coop:turn] host recorder: append turn=1 seq=7 k=moveAnim total=8 live=true
[log] [coop:turn] host recorder: append turn=1 seq=8 k=hp total=9 live=true
[log] [coop:turn] host recorder: append turn=1 seq=9 k=faint total=10 live=true
[log] %cStart Phase: DamageAnimPhase color:green
[log] %cStart Phase: FaintPhase color:green
[log] %cStart Phase: MessagePhase color:green
[log] %cStart Phase: VictoryPhase color:green
[log] [coop:progression] HOST applyPartyExp COMPUTE wave=9 expValue=68.2 koMon=Zigzagoon
[log] [coop:runtime] defer raw waveResolved wave=9 outcome=win until its material turnResolution is retained
[log] [coop-diag] VictoryPhase win-branch role=host battleType=WILD queuesTrainerVictory=false queuesSelectModifier=true wave=9
[log] [coop-diag] VictoryTail role=host wave=9 source=legacy-local trainer=false egg=true biomeShop=false biomeChange=false crossroads=false nextWave=10
[log] %cStart Phase: MoveEndPhase color:green
[log] %cStart Phase: MovePhase color:green
[log] %cStart Phase: MoveEndPhase color:green
[log] %cStart Phase: MovePhase color:green
[log] %cStart Phase: MoveEndPhase color:green
[log] %cStart Phase: CheckInterludePhase color:green
[log] %cStart Phase: WeatherEffectPhase color:green
[log] %cStart Phase: PositionalTagPhase color:green
[log] %cStart Phase: BerryPhase color:green
[log] %cStart Phase: CheckStatusEffectPhase color:green
[log] %cStart Phase: TurnEndPhase color:green
[log] %cStart Phase: CoopTurnCommitPhase color:green
[log] [coop:turn] host recorder: finalize turn=1 events=10 seq=10
[log] [coop:checkpoint] build field=4 weather=0/0 terrain=4/6 arenaTags=0 money=360 mons=[bi0:sp493/hp1865-1865/st0/fnt0 bi1:sp150/hp1725-1725/st0/fnt0 bi2:sp263/hp0-22/st7/fnt1 bi3:sp161/hp0-22/st7/fnt1]
[log] [coop:checkpoint] host capture field=4 weather=0 terrain=4 money=360 arenaTags=0 mons=[bi0:sp493/hp1865-1865/st0/fnt0 bi1:sp150/hp1725-1725/st0/fnt0 bi2:sp263/hp0-22/st7/fnt1 bi3:sp161/hp0-22/st7/fnt1]
[log] [coop:interaction] interactionCounter() read -> 9 (role=host)
[log] [coop:replay] host SEND turnResolution e=1828413413364172 wave=9 turn=1 rev=206 events=10 checksum=31e726dbea263b6c
[log] [coop:transport] send host t=authorityEntry t=authorityEntry
[log] [coop:v2-shadow] PARITY kind=TURN_COMMIT rev=51 match=true field=- successor=none-non-command-boundary
[log] [coop:transport] send host t=turnResolution e=1828413413364172 wave=9 turn=1 rev=206 events=10 checksum=31e726dbea263b6c
[log] [coop:runtime] send waveResolved wave=9 outcome=win (host)
[log] [coop:replay] host SEND waveResolved wave=9 outcome=win transition=WAVE_VICTORY/next10/biome0/egg1/wild
[log] [coop:transport] send host t=waveResolved wave=9 outcome=win captureParty=- cap=-
[log] [coop:transport] recv guest t=authorityEntry t=authorityEntry handlers=1
[log] [coop:transport] recv guest t=turnResolution e=1828413413364172 wave=9 turn=1 rev=206 events=10 checksum=31e726dbea263b6c handlers=1
[log] [coop:transport] recv guest t=waveResolved wave=9 outcome=win captureParty=- cap=- handlers=1
[log] [38;2;255;127;80mPhaseInterceptor.to: Stopping on completion of CoopTurnCommitPhase[39m
[log] %cStart Phase: BattleEndPhase color:green
[log] [coop:progression] HOST automatic victory settlement deferred wave=9 sourceTurn=1 settlementTurn=2
[log] [coop:v2-authority] receipt rev=51 op=TURN/e1828413413364172/w9/t1 stage=admitted sender=1 generation=0 advanced retired=false waiting=[1] subsumed=[]
[log] [coop:transport] send host t=authorityEntry t=authorityEntry
[log] [coop:transport] recv guest t=authorityEntry t=authorityEntry handlers=1
[log] [coop:v2-authority] receipt rev=51 op=TURN/e1828413413364172/w9/t1 stage=admitted sender=1 generation=0 duplicate highestStage=0
[log] [coop:v2-authority] receipt rev=51 op=TURN/e1828413413364172/w9/t1 stage=admitted sender=1 generation=0 duplicate highestStage=0
[log] [coop:v2-authority] receipt rev=51 op=TURN/e1828413413364172/w9/t1 stage=materialApplied sender=1 generation=0 advanced retired=false waiting=[1] subsumed=[]
[log] [coop:v2-authority] receipt rev=51 op=TURN/e1828413413364172/w9/t1 stage=controlInstalled sender=1 generation=0 advanced retired=true waiting=[] subsumed=[]
[log] [coop:interaction] interactionCounter() read -> 9 (role=host)
[log] %cStart Phase: EggLapsePhase color:green
[log] %cStart Phase: CoopVictorySealPhase color:green
[log] [coop:transport] send host t=authorityEntry t=authorityEntry
[log] [coop:v2-shadow] PARITY kind=WAVE_ADVANCE rev=52 match=true field=-
[log] [coop:runtime] settled WAVE_ADVANCE committed wave=9 tick=207 next=WAVE_VICTORY/wave10
[log] [coop:runtime] send waveEndState wave=9 tick=207 (host)
[log] [coop:replay] host SEND waveEndState wave=9 tick=207 party=6
[log] [coop:transport] send host t=waveEndState t=waveEndState
[log] [coop:progression] HOST automatic victory settlement sealed wave=9 sourceTurn=1 settlementTurn=2 tick=207
[log] [coop:transport] recv guest t=authorityEntry t=authorityEntry handlers=1
[log] [coop:transport] recv guest t=waveEndState t=waveEndState handlers=1
[log] [coop:interaction] interactionCounter() read -> 9 (role=host)
[log] [coop:owner] ownerOf(counter=9) seat=1 -> owner=guest
[log] [coop:owner] isLocalOwnerAtCounter(pinnedCounter=9) parity=1 owner=guest role=host -> false
[log] [coop:interaction] interactionCounter() read -> 9 (role=host)
[log] [coop:reward] owner/watcher decision: pinnedStart=9 liveCounter=9 parity=1 role=host pick=WATCHER option=ROLL spoof=false
[log] [coop:shop] serializeRewardOptions count=3 ids=[POKEBALL,BERRY,TEMP_STAT_STAGE_BOOSTER] tiers=[0,0,0]
[log] [coop:reward] OWNER streams reward options (start=9 reroll=0 count=3 ids=[POKEBALL,BERRY,TEMP_STAT_STAGE_BOOSTER])
[log] [coop:relay] SEND rewardOptions seq=9 reroll=0 count=3 ids=[POKEBALL,BERRY,TEMP_STAT_STAGE_BOOSTER]
[log] [coop:transport] send host t=authorityEntry t=authorityEntry
[log] [coop:v2-shadow] PARITY kind=INTERACTION_COMMIT rev=53 match=true field=-
[log] [coop:reward] authoritative options retained surface=reward pin=9 reroll=0 count=3 rev=19 id=1828413413364172:1:REWARD_PRESENT:900000
[log] [coop:v2-interaction] suppressed raw rewardOptions key=9:0; immutable entry retained
[log] [coop:rendezvous] ARRIVE point=shop:9:9 (send) role=host
[log] [coop:transport] send host t=rendezvous point=shop:9:9
[log] [coop:reward] WATCHER waits for partner's reward picks (start=9 role=host wave=9)
[log] [coop:transport] recv guest t=authorityEntry t=authorityEntry handlers=1
[log] [coop:transport] recv guest t=rendezvous point=shop:9:9 handlers=1
[log] [coop:interaction] mirror begin role=watcher mirrorSeq=576 interactionStart=9 reroll=0
[log] [coop:interaction] uiMirror beginSession role=watcher mode=6 seq=576 early=0
[log] [coop:relay] AWAIT interactionChoice seq=9 timeoutMs=1200000 expected=[reward,shop,skip,reroll,check,transfer,lock] -> network-wait
[log] [coop:interaction] interactionCounter() read -> 9 (role=host)
[log] [coop:checksum] capture digest=03e9ab9d33633305 field=4 biome=1 seed=coop-soak-20365530 weather=0 terrain=4 money=360 party=[493,150,890,384,382,888] partyLevels=[500,500,500,500,500,500] arenaTags=0 modifiers=4 heldItemsDigest=0 pokeballs=[0:5,1:0,2:0,3:0,4:0] mons=[bi0:sp493/hp1865-1865/st0/ab121/form0/tera0:0/boss0:0 bi1:sp150/hp1725-1725/st0/ab227/form0/tera0:13/boss0:0 bi2:sp263/hp0-22/st7/ab113/form0/tera0:0/boss0:0 bi3:sp161/hp0-22/st7/ab157/form0/tera0:0/boss0:0]
[log] [coop:transport] send host t=authorityEntry t=authorityEntry
[log] [coop:rendezvous] RECV arrival point=shop:9:9 -> BUFFER (no waiter yet) role=host
[log] [coop:stream] host IGNORE cosmetic turn ACK stage=continuationReady key=1828413413364172:9:1:206 (v2 owns retirement)
[log] [coop:relay] DELIVER interactionChoice seq=9 -> waiter kind=skip choice=-1 data=-
[log] [coop:relay] AWAIT interactionChoice seq=9 RESOLVE kind=skip choice=-1 data=-
[log] [coop:v2-authority] receipt rev=52 op=V2/WAVE/e1828413413364172/w9/tick207 stage=admitted sender=1 generation=0 advanced retired=false waiting=[1] subsumed=[]
[log] [coop:transport] send host t=authorityEntry t=authorityEntry
[log] [coop:transport] send host t=authorityEntry t=authorityEntry
[log] [coop:v2-authority] receipt rev=52 op=V2/WAVE/e1828413413364172/w9/tick207 stage=admitted sender=1 generation=0 duplicate highestStage=0
[log] [coop:v2-authority] receipt rev=52 op=V2/WAVE/e1828413413364172/w9/tick207 stage=materialApplied sender=1 generation=0 advanced retired=false waiting=[1] subsumed=[]
[log] [coop:transport] send host t=authorityEntry t=authorityEntry
[log] [coop:v2-authority] receipt rev=52 op=V2/WAVE/e1828413413364172/w9/tick207 stage=controlInstalled sender=1 generation=0 advanced retired=true waiting=[] subsumed=[]
[log] [coop:v2-authority] receipt rev=53 op=1828413413364172:1:REWARD_PRESENT:900000 stage=admitted sender=1 generation=0 advanced retired=false waiting=[1] subsumed=[]
[log] [coop:v2-authority] receipt rev=53 op=1828413413364172:1:REWARD_PRESENT:900000 stage=materialApplied sender=1 generation=0 advanced retired=false waiting=[1] subsumed=[]
[log] [coop:v2-authority] receipt rev=53 op=1828413413364172:1:REWARD_PRESENT:900000 stage=materialApplied sender=1 generation=0 duplicate highestStage=1
[log] [coop:v2-authority] receipt rev=53 op=1828413413364172:1:REWARD_PRESENT:900000 stage=controlInstalled sender=1 generation=0 advanced retired=true waiting=[] subsumed=[]
[log] [coop:v2-authority] receipt rev=52 op=V2/WAVE/e1828413413364172/w9/tick207 stage=controlInstalled sender=1 generation=0 rejected reason=unknown-revision
[log] [coop:reward] WATCHER applying relayed action seq=9 act=LEAVE choice=-1 data=-
[log] [coop:v2-interaction] terminal proof recorded op=1828413413364172:1:REWARD:900000 role=host seat=0 duplicate=0 ambient=1
[log] [coop:v2-interaction] phase terminal proof op=1828413413364172:1:REWARD:900000 route=constructor-fallback accepted=1
[log] [coop:shop] serializeRewardOptions count=3 ids=[POKEBALL,BERRY,TEMP_STAT_STAGE_BOOSTER] tiers=[0,0,0]
[log] [coop:transport] send host t=authorityEntry t=authorityEntry
[log] [coop:v2-shadow] PARITY kind=INTERACTION_COMMIT rev=54 match=true field=-
[log] [coop:reward] reward authoritative RESULT retained rev=20 tick=209 id=1828413413364172:1:REWARD:900000
[log] [coop:transport] recv guest t=authorityEntry t=authorityEntry handlers=1
[log] [coop:transport] recv guest t=authorityEntry t=authorityEntry handlers=1
[log] [coop:transport] recv guest t=authorityEntry t=authorityEntry handlers=1
[log] [coop:transport] recv guest t=authorityEntry t=authorityEntry handlers=1
[log] [coop:interaction] interactionCounter() read -> 9 (role=host)
[log] [coop:interaction] interactionCounter() read -> 9 (role=host)
[log] [coop:v2-authority] receipt rev=52 op=V2/WAVE/e1828413413364172/w9/tick207 stage=controlInstalled sender=1 generation=0 rejected reason=unknown-revision
[log] [coop:v2-authority] receipt rev=53 op=1828413413364172:1:REWARD_PRESENT:900000 stage=controlInstalled sender=1 generation=0 rejected reason=unknown-revision
[log] [coop:v2-authority] receipt rev=53 op=1828413413364172:1:REWARD_PRESENT:900000 stage=controlInstalled sender=1 generation=0 rejected reason=unknown-revision
[log] [coop:v2-authority] receipt rev=54 op=1828413413364172:1:REWARD:900000 stage=admitted sender=1 generation=0 advanced retired=false waiting=[1] subsumed=[]
[log] [coop:v2-authority] receipt rev=54 op=1828413413364172:1:REWARD:900000 stage=admitted sender=1 generation=0 duplicate highestStage=0
[log] [coop:v2-authority] receipt rev=54 op=1828413413364172:1:REWARD:900000 stage=materialApplied sender=1 generation=0 advanced retired=false waiting=[1] subsumed=[]
[log] [coop:v2-authority] receipt rev=54 op=1828413413364172:1:REWARD:900000 stage=controlInstalled sender=1 generation=0 advanced retired=true waiting=[] subsumed=[]
[log] [coop:reward] OWNER peer material applied; release terminal engine barrier seq=9 id=1828413413364172:1:REWARD:900000
[log] [coop:interaction] interactionCounter() read -> 9 (role=host)
[log] [coop:interaction] CoopInteractionTurn.advance INCREMENT (fromCounter=9) counter 9 -> 10
[log] [coop:interaction] advanceInteraction ADVANCED+V2-LOCAL (fromCounter=9) counter 9 -> 10 role=host
[log] [coop:owner] ownerOf(counter=10) seat=0 -> owner=host
[log] [coop:owner] ownerOf(counter=10) seat=0 -> owner=host
[log] [coop:interaction] interactionCounter() read -> 10 (role=host)
[log] [coop:reward] advance interaction from V2 commit (role=host from=9 counter 9 -> 10); typed successor owns release
[log] [coop:interaction] interactionCounter() read -> 10 (role=host)
[log] [coop:interaction] interactionCounter() read -> 10 (role=guest)
[log] [coop-soak:wave-complete] {"seed":20365530,"wave":9,"wavesRequested":200,"wavesCompleted":9,"waveElapsedMs":1972,"elapsedMs":46850,"findings":0,"hostPhase":"NewBattlePhase","guestPhase":"NewBattlePhase"}
[log] %cStart Phase: NewBattlePhase color:green
[log] %cStart Phase: NextEncounterPhase color:green
[log] [coop:interaction] interactionCounter() read -> 10 (role=host)
[log] [coop:replay] host SEND enemyPartySync wave=10 count=2 meType=-1 battleType=0 entryPresentation=-
[log] [coop:transport] send host t=enemyPartySync wave=10 enemies=2 battleType=0
[log] [coop:turn] host recorder: begin turn=1 scope=1828413413364172:10 (no prior open recording)
[log] [coop:transport] recv guest t=enemyPartySync wave=10 enemies=2 battleType=0 handlers=1
[log] %cStart Phase: ToggleDoublePositionPhase color:green
[log] %cStart Phase: CheckSwitchPhase color:green
[log] %cStart Phase: CheckSwitchPhase color:green
[log] %cStart Phase: InitEncounterPhase color:green
[log] [coop:turn] host recorder: preserve recording scope=1828413413364172:10 turn=1 events=0 seq=0
[log] %cStart Phase: PostSummonPhase color:green
[log] %cStart Phase: PostSummonPhase color:green
[log] %cStart Phase: PostSummonPhase color:green
[log] %cStart Phase: TurnInitPhase color:green
[log] [coop:replay] host SEND enemyPartySync wave=10 count=2 meType=-1 battleType=0 entryPresentation=0
[log] [coop:transport] send host t=enemyPartySync wave=10 enemies=2 battleType=0
[log] [coop:replay] host RE-BROADCAST wave-start authority wave=10 after post-summon boundary stateChanged=false presentation=0 (#920)
[log] [coop:transport] send host t=authorityEntry t=authorityEntry
[log] [coop:v2-shadow] PARITY kind=CONTROL_COMMIT rev=55 match=true field=-
[log] [coop:rendezvous] next-command barrier ARRIVE+AWAIT cmd:10:1 slot=0
[log] [coop:rendezvous] ARRIVE point=cmd:10:1 (send) role=host
[log] [coop:transport] send host t=rendezvous point=cmd:10:1
[log] [coop:rendezvous] AWAIT point=cmd:10:1 timeoutMs=2000 -> network-wait role=host
[log] [coop:transport] recv guest t=enemyPartySync wave=10 enemies=2 battleType=0 handlers=1
[log] [coop:transport] recv guest t=authorityEntry t=authorityEntry handlers=1
[log] [coop:transport] recv guest t=rendezvous point=cmd:10:1 handlers=1
[log] [coop:v2-authority] receipt rev=55 op=V2/CONTROL/COMMAND/e1828413413364172/w10/t1/tick213 stage=admitted sender=1 generation=0 advanced retired=false waiting=[1] subsumed=[]
[log] [coop:transport] send host t=authorityEntry t=authorityEntry
[log] [coop:rendezvous] RECV arrival point=cmd:10:1 -> deliver-to-waiter role=host
[log] [coop:transport] send host t=rendezvous point=cmd:10:1
[log] [coop:rendezvous] AWAIT point=cmd:10:1 RESOLVE both-arrived role=host
[log] [coop:v2-authority] receipt rev=55 op=V2/CONTROL/COMMAND/e1828413413364172/w10/t1/tick213 stage=admitted sender=1 generation=0 duplicate highestStage=0
[log] [coop:v2-authority] receipt rev=55 op=V2/CONTROL/COMMAND/e1828413413364172/w10/t1/tick213 stage=materialApplied sender=1 generation=0 advanced retired=false waiting=[1] subsumed=[]
[log] [coop:v2-authority] receipt rev=55 op=V2/CONTROL/COMMAND/e1828413413364172/w10/t1/tick213 stage=materialApplied sender=1 generation=0 duplicate highestStage=1
[log] [coop:v2-authority] receipt rev=55 op=V2/CONTROL/COMMAND/e1828413413364172/w10/t1/tick213 stage=materialApplied sender=1 generation=0 duplicate highestStage=1
[log] [coop:v2-authority] receipt rev=55 op=V2/CONTROL/COMMAND/e1828413413364172/w10/t1/tick213 stage=materialApplied sender=1 generation=0 duplicate highestStage=1
[log] [coop:v2-authority] receipt rev=55 op=V2/CONTROL/COMMAND/e1828413413364172/w10/t1/tick213 stage=controlInstalled sender=1 generation=0 advanced retired=true waiting=[] subsumed=[]
[log] [coop:transport] recv guest t=rendezvous point=cmd:10:1 handlers=1
[log] [coop:transport] send host t=enemyPartySync wave=10 enemies=2 battleType=0
[log] [coop:replay] host RE-BROADCAST wave-start authority wave=10 after post-summon boundary stateChanged=false presentation=0 (#920)
[log] [coop:transport] recv guest t=enemyPartySync wave=10 enemies=2 battleType=0 handlers=1
[log] [coop-soak:wave-start] {"seed":20365530,"wave":10,"wavesRequested":200,"wavesCompleted":9,"elapsedMs":47521,"hostPhase":"CommandPhase","guestPhase":"CommandPhase"}
[log] [coop:interaction] interactionCounter() read -> 10 (role=host)
[log] [coop:interaction] interactionCounter() read -> 10 (role=guest)
[log] [coop:interaction] interactionCounter() read -> 10 (role=host)
[log] [coop:checksum] capture digest=3f1a2deeeee264c8 field=4 biome=1 seed=coop-soak-20365530 weather=0 terrain=4 money=360 party=[493,150,890,384,382,888] partyLevels=[500,500,500,500,500,500] arenaTags=0 modifiers=4 heldItemsDigest=1 pokeballs=[0:5,1:0,2:0,3:0,4:0] mons=[bi0:sp493/hp1865-1865/st0/ab121/form0/tera0:0/boss0:0 bi1:sp150/hp1725-1725/st0/ab227/form0/tera0:13/boss0:0 bi2:sp734/hp25-25/st0/ab5171/form0/tera0:0/boss1:0 bi3:sp263/hp24-24/st0/ab113/form0/tera0:0/boss2:1]
[log] [coop:interaction] interactionCounter() read -> 10 (role=host)
[log] %cStart Phase: SelectTargetPhase color:green
[log] [coop:owner] broadcast own-slot fi=0 turn=1 role=host cmd=0
[log] [coop:relay] broadcastLocalCommand SEND fieldIndex=0 owner=host turn=1 command=0 cursor=2 moveId=53 targets=[2]
[log] [coop:transport] send host t=command fi=0 owner=host turn=1 cmd=0 cursor=2 move=53
[log] [coop:transport] recv guest t=command fi=0 owner=host turn=1 cmd=0 cursor=2 move=53 handlers=1
[log] [coop:relay] recv command fieldIndex=0 turn=1 command=0 -> BUFFERED (no awaiter yet)
[log] %cStart Phase: CommandPhase color:green
[log] [coop:transport] send host t=enemyPartySync wave=10 enemies=2 battleType=0
[log] [coop:replay] host RE-BROADCAST wave-start authority wave=10 after post-summon boundary stateChanged=true presentation=0 (#920)
[log] [coop:battle] CommandPhase slot=1 turn=1 owner=guest role=host -> partner path
[log] [coop:relay] host requestPartnerCommand SEND fieldIndex=1 turn=1 moveSlots=[0,1,2,3] (awaiting peer)
[log] [coop:transport] send host t=commandRequest fi=1 owner=guest turn=1 slots=4
[log] [coop:transport] recv guest t=enemyPartySync wave=10 enemies=2 battleType=0 handlers=1
[log] [coop:transport] recv guest t=commandRequest fi=1 owner=guest turn=1 slots=4 handlers=1
[log] [coop:relay] peer recv commandRequest fieldIndex=1 owner=guest turn=1 moveSlots=[0,1,2,3] -> reply command=0 cursor=2 moveId=53
[log] [coop:transport] send guest t=command fi=1 owner=guest turn=1 cmd=0 cursor=2 move=53
[log] [coop:transport] recv host t=command fi=1 owner=guest turn=1 cmd=0 cursor=2 move=53 handlers=1
[log] [coop:relay] recv command fieldIndex=1 turn=1 command=0 -> resolved awaiting request
[log] [coop:ai] applyWiredPartnerCommand partner=150 wiredMoveId=53 cursor=2 -> moveId=53 moveIndex=2 tera=false targets=[3] targetsFrom=wire-verbatim useMode=1
[log] %cStart Phase: EnemyCommandPhase color:green
[log] %cStart Phase: EnemyCommandPhase color:green
[log] %cStart Phase: TurnStartPhase color:green
[log] [coop-diag] turn-start authoritative guard mode=authoritative role=host turn=1 diverts=false
[log] [coop:turn] host recorder: preserve recording scope=1828413413364172:10 turn=1 events=0 seq=0
[log] %cStart Phase: MovePhase color:green
[log] [coop:turn] host recorder: append turn=1 seq=0 k=moveUsed total=1 live=true
[log] %cStart Phase: MessagePhase color:green
[log] %cStart Phase: MoveEffectPhase color:green
[log] [coop:turn] host recorder: append turn=1 seq=1 k=moveAnim total=2 live=true
[log] [coop:turn] host recorder: append turn=1 seq=2 k=hp total=3 live=true
[log] [coop:turn] host recorder: append turn=1 seq=3 k=faint total=4 live=true
[log] %cStart Phase: DamageAnimPhase color:green
[log] %cStart Phase: StatStageChangePhase color:green
[log] %cStart Phase: FaintPhase color:green
[log] %cStart Phase: MessagePhase color:green
[log] %cStart Phase: VictoryPhase color:green
[log] [coop:progression] HOST progression capture begin wave=10
[log] [coop:progression] HOST applyPartyExp COMPUTE wave=10 expValue=79.4 koMon=Zigzagoon
[log] %cStart Phase: MoveEndPhase color:green
[log] %cStart Phase: MovePhase color:green
[log] [coop:turn] host recorder: append turn=1 seq=4 k=moveUsed total=5 live=true
[log] %cStart Phase: MessagePhase color:green
[log] %cStart Phase: MoveEffectPhase color:green
[log] [coop:turn] host recorder: append turn=1 seq=5 k=moveAnim total=6 live=true
[log] [coop:turn] host recorder: append turn=1 seq=6 k=hp total=7 live=true
[log] [coop:turn] host recorder: append turn=1 seq=7 k=faint total=8 live=true
[log] %cStart Phase: DamageAnimPhase color:green
[log] %cStart Phase: FaintPhase color:green
[log] %cStart Phase: MessagePhase color:green
[log] %cStart Phase: VictoryPhase color:green
[log] [coop:progression] HOST applyPartyExp COMPUTE wave=10 expValue=72.4 koMon=Yungoos
[log] [coop:account] account-write scope OPEN (achievement-egg-reward) depth=1
[log] [coop:runtime] defer raw waveResolved wave=10 outcome=win until its material turnResolution is retained
[log] [coop-diag] VictoryPhase win-branch role=host battleType=WILD queuesTrainerVictory=false queuesSelectModifier=false wave=10
[log] [coop-diag] VictoryTail role=host wave=10 source=legacy-local trainer=false egg=true biomeShop=true biomeChange=false crossroads=true nextWave=11
[log] %cStart Phase: MoveEndPhase color:green
[log] %cStart Phase: MovePhase color:green
[log] %cStart Phase: MoveEndPhase color:green
[log] %cStart Phase: MovePhase color:green
[log] %cStart Phase: MoveEndPhase color:green
[log] %cStart Phase: CheckInterludePhase color:green
[log] %cStart Phase: PositionalTagPhase color:green
[log] %cStart Phase: TurnEndPhase color:green
[log] %cStart Phase: CoopTurnCommitPhase color:green
[log] [coop:turn] host recorder: finalize turn=1 events=8 seq=8
[log] [coop:checkpoint] build field=4 weather=0/0 terrain=4/5 arenaTags=0 money=360 mons=[bi0:sp493/hp1865-1865/st0/fnt0 bi1:sp150/hp1725-1725/st0/fnt0 bi2:sp734/hp0-25/st7/fnt1 bi3:sp263/hp0-24/st7/fnt1]
[log] [coop:checkpoint] host capture field=4 weather=0 terrain=4 money=360 arenaTags=0 mons=[bi0:sp493/hp1865-1865/st0/fnt0 bi1:sp150/hp1725-1725/st0/fnt0 bi2:sp734/hp0-25/st7/fnt1 bi3:sp263/hp0-24/st7/fnt1]
[log] [coop:interaction] interactionCounter() read -> 10 (role=host)
[log] [coop:replay] host SEND turnResolution e=1828413413364172 wave=10 turn=1 rev=222 events=8 checksum=73d058018b111884
[log] [coop:transport] send host t=authorityEntry t=authorityEntry
[log] [coop:v2-shadow] PARITY kind=TURN_COMMIT rev=56 match=true field=- successor=none-non-command-boundary
[log] [coop:transport] send host t=turnResolution e=1828413413364172 wave=10 turn=1 rev=222 events=8 checksum=73d058018b111884
[log] [coop:runtime] send waveResolved wave=10 outcome=win (host)
[log] [coop:replay] host SEND waveResolved wave=10 outcome=win transition=WAVE_VICTORY/next11/biome0/egg1/wild
[log] [coop:transport] send host t=waveResolved wave=10 outcome=win captureParty=- cap=-
[log] [coop:transport] recv guest t=authorityEntry t=authorityEntry handlers=1
[log] [coop:transport] recv guest t=turnResolution e=1828413413364172 wave=10 turn=1 rev=222 events=8 checksum=73d058018b111884 handlers=1
[log] [coop:transport] recv guest t=waveResolved wave=10 outcome=win captureParty=- cap=- handlers=1
[log] [38;2;255;127;80mPhaseInterceptor.to: Stopping on completion of CoopTurnCommitPhase[39m
[log] %cStart Phase: BattleEndPhase color:green
[log] [coop:progression] HOST automatic victory settlement deferred wave=10 sourceTurn=1 settlementTurn=2
[log] [coop:v2-authority] receipt rev=56 op=TURN/e1828413413364172/w10/t1 stage=admitted sender=1 generation=0 advanced retired=false waiting=[1] subsumed=[]
[log] [coop:transport] send host t=authorityEntry t=authorityEntry
[log] [coop:v2-authority] receipt rev=56 op=TURN/e1828413413364172/w10/t1 stage=admitted sender=1 generation=0 duplicate highestStage=0
[log] [coop:v2-authority] receipt rev=56 op=TURN/e1828413413364172/w10/t1 stage=admitted sender=1 generation=0 duplicate highestStage=0
[log] [coop:v2-authority] receipt rev=56 op=TURN/e1828413413364172/w10/t1 stage=materialApplied sender=1 generation=0 advanced retired=false waiting=[1] subsumed=[]
[log] [coop:v2-authority] receipt rev=56 op=TURN/e1828413413364172/w10/t1 stage=controlInstalled sender=1 generation=0 advanced retired=true waiting=[] subsumed=[]
[log] [coop:interaction] interactionCounter() read -> 10 (role=host)
[log] %cStart Phase: EggLapsePhase color:green
[log] %cStart Phase: ModifierRewardPhase color:green
[log] %cStart Phase: ModifierRewardPhase color:green
[log] %cStart Phase: PartyHealPhase color:green
[log] %cStart Phase: ResetStatusPhase color:green
[log] %cStart Phase: ResetStatusPhase color:green
[log] %cStart Phase: ResetStatusPhase color:green
[log] %cStart Phase: ResetStatusPhase color:green
[log] %cStart Phase: ResetStatusPhase color:green
[log] %cStart Phase: ResetStatusPhase color:green
[log] %cStart Phase: CoopVictorySealPhase color:green
[log] [coop:transport] send host t=authorityEntry t=authorityEntry
[log] [coop:v2-shadow] PARITY kind=WAVE_ADVANCE rev=57 match=true field=-
[log] [coop:runtime] settled WAVE_ADVANCE committed wave=10 tick=223 next=WAVE_VICTORY/wave11
[log] [coop:runtime] send waveEndState wave=10 tick=223 (host)
[log] [coop:replay] host SEND waveEndState wave=10 tick=223 party=6
[log] [coop:transport] send host t=waveEndState t=waveEndState
[log] [coop:progression] HOST automatic victory settlement sealed wave=10 sourceTurn=1 settlementTurn=2 tick=223
[log] [coop:transport] recv guest t=authorityEntry t=authorityEntry handlers=1
[log] [coop:transport] recv guest t=waveEndState t=waveEndState handlers=1
[log] [coop:interaction] interactionCounter() read -> 10 (role=host)
[log] [coop:checksum] capture digest=b26d3f969ecf0440 field=4 biome=1 seed=coop-soak-20365530 weather=0 terrain=4 money=360 party=[493,150,890,384,382,888] partyLevels=[500,500,500,500,500,500] arenaTags=0 modifiers=5 heldItemsDigest=0 pokeballs=[0:5,1:0,2:0,3:0,4:0] mons=[bi0:sp493/hp1865-1865/st0/ab121/form0/tera0:0/boss0:0 bi1:sp150/hp1725-1725/st0/ab227/form0/tera0:13/boss0:0 bi2:sp734/hp0-25/st7/ab5171/form0/tera0:0/boss1:0 bi3:sp263/hp0-24/st7/ab113/form0/tera0:0/boss2:0]
[log] [coop:interaction] interactionCounter() read -> 10 (role=host)
[log] [coop:owner] ownerOf(counter=10) seat=0 -> owner=host
[log] [coop:owner] isLocalOwnerAtCounter(pinnedCounter=10) parity=0 owner=host role=host -> true
[log] [coop:reward] biome market roles: pinnedStart=10 inMe=false role=host spoof=false pick=OWNER option=ROLL+STREAM continuation=false
[log] [coop:shop] serializeRewardOptions count=16 ids=[BERRY,LURE,ROGUE_BALL,POKEBALL,ER_POWER_HERB,ER_LOADED_DICE,ER_CHILI_SAMPLE,ER_SPIKED_KNUCKLES,ULTRA_BALL,GREAT_BALL,FORM_CHANGE_ITEM,WIDE_LENS,ER_RUSTY_CLAW,ER_LUCKY_HEART,MINT,FOCUS_BAND] tiers=[0,0,3,0,2,2,2,2,2,1,4,2,2,2,2,3]
[log] [coop:relay] SEND rewardOptions seq=10 reroll=777 count=16 ids=[BERRY,LURE,ROGUE_BALL,POKEBALL,ER_POWER_HERB,ER_LOADED_DICE,ER_CHILI_SAMPLE,ER_SPIKED_KNUCKLES,ULTRA_BALL,GREAT_BALL,FORM_CHANGE_ITEM,WIDE_LENS,ER_RUSTY_CLAW,ER_LUCKY_HEART,MINT,FOCUS_BAND]
[log] [coop:transport] send host t=authorityEntry t=authorityEntry
[log] [coop:v2-shadow] PARITY kind=INTERACTION_COMMIT rev=58 match=true field=-
[log] [coop:reward] authoritative options retained surface=market pin=10 reroll=777 count=16 rev=21 id=1828413413364172:0:SHOP_PRESENT:1000777
[log] [coop:v2-interaction] suppressed raw rewardOptions key=10:777; immutable entry retained
[log] [coop:v2-authority] receipt rev=57 op=V2/WAVE/e1828413413364172/w10/tick223 stage=admitted sender=1 generation=0 advanced retired=false waiting=[1] subsumed=[]
[log] [coop:v2-authority] receipt rev=57 op=V2/WAVE/e1828413413364172/w10/tick223 stage=admitted sender=1 generation=0 duplicate highestStage=0
[log] [coop:v2-authority] receipt rev=57 op=V2/WAVE/e1828413413364172/w10/tick223 stage=materialApplied sender=1 generation=0 advanced retired=false waiting=[1] subsumed=[]
[log] [coop:transport] send host t=authorityEntry t=authorityEntry
[log] [coop:v2-authority] receipt rev=57 op=V2/WAVE/e1828413413364172/w10/tick223 stage=controlInstalled sender=1 generation=0 advanced retired=true waiting=[] subsumed=[]
[log] [coop:transport] recv guest t=authorityEntry t=authorityEntry handlers=1
[log] [coop:transport] recv guest t=authorityEntry t=authorityEntry handlers=1
[log] [coop:v2-authority] receipt rev=58 op=1828413413364172:0:SHOP_PRESENT:1000777 stage=admitted sender=1 generation=0 advanced retired=false waiting=[1] subsumed=[]
[log] [coop:v2-authority] receipt rev=58 op=1828413413364172:0:SHOP_PRESENT:1000777 stage=materialApplied sender=1 generation=0 advanced retired=false waiting=[1] subsumed=[]
[log] [coop:v2-authority] receipt rev=58 op=1828413413364172:0:SHOP_PRESENT:1000777 stage=materialApplied sender=1 generation=0 duplicate highestStage=1
[log] [coop:reward] market op INTENT prepared label=biomeShop id=1828413413364172:0:SHOP_BUY:1000000
[log] [coop:interaction] interactionCounter() read -> 10 (role=host)
[log] [coop:interaction] CoopInteractionTurn.advance INCREMENT (fromCounter=10) counter 10 -> 11
[log] [coop:interaction] advanceInteraction ADVANCED+BROADCAST (fromCounter=10) counter 10 -> 11 role=host; send interaction screen=__turn__ choice=11
[log] [coop:interaction] SEND counter snapshot reason=advance choice=11 role=host
[log] [coop:transport] send host t=interaction screen=__turn__
[log] [coop:owner] ownerOf(counter=11) seat=1 -> owner=guest
[log] [coop:owner] ownerOf(counter=11) seat=1 -> owner=guest
[log] [coop:interaction] interactionCounter() read -> 11 (role=host)
[log] [coop:reward] advance interaction from CONTINUATION commit (role=host from=10 counter 10 -> 11)
[log] [coop:interaction] interactionCounter() read -> 11 (role=host)
[log] [coop:v2-interaction] terminal proof recorded op=1828413413364172:0:SHOP_BUY:1000000 role=host seat=0 duplicate=0 ambient=1
[log] [coop:v2-interaction] phase terminal proof op=1828413413364172:0:SHOP_BUY:1000000 route=constructor-fallback accepted=1
[log] [coop:shop] serializeRewardOptions count=16 ids=[BERRY,LURE,ROGUE_BALL,POKEBALL,ER_POWER_HERB,ER_LOADED_DICE,ER_CHILI_SAMPLE,ER_SPIKED_KNUCKLES,ULTRA_BALL,GREAT_BALL,FORM_CHANGE_ITEM,WIDE_LENS,ER_RUSTY_CLAW,ER_LUCKY_HEART,MINT,FOCUS_BAND] tiers=[0,0,3,0,2,2,2,2,2,1,4,2,2,2,2,3]
[log] [coop:transport] send host t=authorityEntry t=authorityEntry
[log] [coop:v2-shadow] PARITY kind=INTERACTION_COMMIT rev=59 match=true field=-
[log] [coop:reward] market authoritative RESULT retained rev=22 tick=225 id=1828413413364172:0:SHOP_BUY:1000000
[log] [coop:relay] SEND interactionChoice seq=7000010 kind=biomeShop kind=? choice=-1 data=-
[log] [coop:v2-interaction] suppressed raw authority interactionChoice seq=7000010 kind=biomeShop
[log] [coop:transport] recv guest t=interaction screen=__turn__ handlers=1
[log] [coop:transport] recv guest t=authorityEntry t=authorityEntry handlers=1
[log] [coop:transport] send host t=authorityEntry t=authorityEntry
[log] [coop:transport] recv guest t=authorityEntry t=authorityEntry handlers=1
[log] [coop:interaction] RECV interaction broadcast (deferred catch-up net) received=11 localBefore=11 role=host -> no defer (local >= received)
[warn] [coop:interaction] CoopInteractionTurn.mergeRemote DEFER (remote=11, counter=11, pendingRemote=11) live counter UNCHANGED (folds in at next advance if still ahead)
[log] [coop:owner] ownerOf(counter=11) seat=1 -> owner=guest
[log] [coop:owner] ownerOf(counter=11) seat=1 -> owner=guest
[log] [coop:transport] send host t=authorityEntry t=authorityEntry
[log] [coop:transport] send host t=authorityEntry t=authorityEntry
[log] [coop:v2-authority] receipt rev=58 op=1828413413364172:0:SHOP_PRESENT:1000777 stage=materialApplied sender=1 generation=0 duplicate highestStage=1
[log] [coop:transport] send host t=authorityEntry t=authorityEntry
[log] [coop:v2-authority] receipt rev=58 op=1828413413364172:0:SHOP_PRESENT:1000777 stage=controlInstalled sender=1 generation=0 advanced retired=true waiting=[] subsumed=[]
[log] [coop:v2-authority] receipt rev=59 op=1828413413364172:0:SHOP_BUY:1000000 stage=admitted sender=1 generation=0 advanced retired=false waiting=[1] subsumed=[]
[log] [coop:v2-authority] receipt rev=59 op=1828413413364172:0:SHOP_BUY:1000000 stage=admitted sender=1 generation=0 duplicate highestStage=0
[log] [coop:v2-authority] receipt rev=59 op=1828413413364172:0:SHOP_BUY:1000000 stage=materialApplied sender=1 generation=0 advanced retired=false waiting=[1] subsumed=[]
[log] [coop:v2-authority] receipt rev=59 op=1828413413364172:0:SHOP_BUY:1000000 stage=controlInstalled sender=1 generation=0 advanced retired=true waiting=[] subsumed=[]
[log] [coop:transport] recv guest t=authorityEntry t=authorityEntry handlers=1
[log] [coop:transport] recv guest t=authorityEntry t=authorityEntry handlers=1
[log] [coop:transport] recv guest t=authorityEntry t=authorityEntry handlers=1
[log] [coop:interaction] interactionCounter() read -> 11 (role=host)
[log] [coop:interaction] interactionCounter() read -> 11 (role=guest)
[log] [coop:v2-authority] receipt rev=58 op=1828413413364172:0:SHOP_PRESENT:1000777 stage=controlInstalled sender=1 generation=0 rejected reason=unknown-revision
[log] [coop:v2-authority] receipt rev=59 op=1828413413364172:0:SHOP_BUY:1000000 stage=controlInstalled sender=1 generation=0 rejected reason=unknown-revision
[log] [coop:v2-authority] receipt rev=59 op=1828413413364172:0:SHOP_BUY:1000000 stage=controlInstalled sender=1 generation=0 rejected reason=unknown-revision
[log] [coop:interaction] interactionCounter() read -> 11 (role=host)
[log] [coop:owner] ownerOf(counter=11) seat=1 -> owner=guest
[log] [coop:owner] isLocalOwnerAtCounter(pinnedCounter=11) parity=1 owner=guest role=host -> false
[log] [coop:reward] crossroads owner/watcher decision: pinnedStart=11 role=host spoof=false -> WATCHER (#848)
[log] [coop:transport] send host t=authorityEntry t=authorityEntry
[log] [coop:v2-shadow] PARITY kind=CONTROL_COMMIT rev=60 match=true field=- surface=interaction-open
[log] [coop:transport] recv guest t=authorityEntry t=authorityEntry handlers=1
[log] [coop:interaction] uiMirror beginSession role=watcher mode=15 seq=9600011 early=0
[log] [coop:relay] AWAIT interactionChoice seq=9600011 timeoutMs=1200000 expected=[crossroads] -> network-wait
[log] [coop:interaction] interactionCounter() read -> 11 (role=host)
[log] [coop:owner] ownerOf(counter=11) seat=1 -> owner=guest
[log] [coop:owner] isLocalOwnerAtCounter(pinnedCounter=11) parity=1 owner=guest role=host -> false
[log] [coop:v2-authority] receipt rev=60 op=V2/CONTROL/INTERACTION/1828413413364172:1:CROSSROADS_PICK:9600011 stage=admitted sender=1 generation=0 advanced retired=false waiting=[1] subsumed=[]
[log] [coop:v2-authority] receipt rev=60 op=V2/CONTROL/INTERACTION/1828413413364172:1:CROSSROADS_PICK:9600011 stage=materialApplied sender=1 generation=0 advanced retired=false waiting=[1] subsumed=[]
[log] [coop:v2-authority] receipt rev=60 op=V2/CONTROL/INTERACTION/1828413413364172:1:CROSSROADS_PICK:9600011 stage=materialApplied sender=1 generation=0 duplicate highestStage=1
[log] [coop:v2-authority] receipt rev=60 op=V2/CONTROL/INTERACTION/1828413413364172:1:CROSSROADS_PICK:9600011 stage=controlInstalled sender=1 generation=0 advanced retired=true waiting=[] subsumed=[]
[log] [coop:interaction] interactionCounter() read -> 11 (role=host)
[log] [coop:interaction] interactionCounter() read -> 11 (role=guest)
[log] [coop-soak:wave-complete] {"seed":20365530,"wave":10,"wavesRequested":200,"wavesCompleted":10,"waveElapsedMs":2369,"elapsedMs":49890,"findings":0,"hostPhase":"ErCrossroadsPhase","guestPhase":"ErCrossroadsPhase"}
[log] [coop:interaction] interactionCounter() read -> 11 (role=host)
[log] [coop:owner] ownerOf(counter=11) seat=1 -> owner=guest
[log] [coop:owner] isLocalOwnerAtCounter(pinnedCounter=11) parity=1 owner=guest role=host -> false
[log] [coop:interaction] uiMirror WATCHER apply n=0 button=1 mode=15
[log] [coop:relay] DELIVER interactionChoice seq=9600011 -> waiter kind=crossroads choice=1 data=-
[log] [coop:relay] AWAIT interactionChoice seq=9600011 RESOLVE kind=crossroads choice=1 data=-
[log] [coop:reward] crossroads WATCHER: owner pick received moveOn=true pinnedStart=11 (#848)
[log] [coop:v2-interaction] terminal proof recorded op=1828413413364172:1:CROSSROADS_PICK:9600011 role=host seat=0 duplicate=0 ambient=1
[log] [coop:transport] send host t=authorityEntry t=authorityEntry
[log] [coop:v2-shadow] PARITY kind=INTERACTION_COMMIT rev=61 match=true field=-
[log] [coop:transport] recv guest t=authorityEntry t=authorityEntry handlers=1
[log] [coop:v2-authority] receipt rev=61 op=1828413413364172:1:CROSSROADS_PICK:9600011 stage=admitted sender=1 generation=0 advanced retired=false waiting=[1] subsumed=[]
[log] [coop:v2-authority] receipt rev=61 op=1828413413364172:1:CROSSROADS_PICK:9600011 stage=materialApplied sender=1 generation=0 advanced retired=false waiting=[1] subsumed=[]
[log] [coop:owner] ownerOf(counter=11) seat=1 -> owner=guest
[log] [coop:owner] isLocalOwnerAtCounter(pinnedCounter=11) parity=1 owner=guest role=host -> false
[log] [coop:owner] ownerOf(counter=11) seat=1 -> owner=guest
[log] [coop:owner] isLocalOwnerAtCounter(pinnedCounter=11) parity=1 owner=guest role=host -> false
[log] [coop:reward] biome pick owner/watcher decision: pinnedStart=11 role=host spoof=false chained=true -> WATCHER (#848)
[log] [coop:interaction] uiMirror beginSession role=watcher mode=54 seq=9700011 early=0
[log] [coop:relay] AWAIT interactionChoice seq=9700011 timeoutMs=1200000 expected=[biomePick] -> network-wait
[log] [coop:interaction] interactionCounter() read -> 11 (role=host)
[log] [coop:owner] ownerOf(counter=11) seat=1 -> owner=guest
[log] [coop:owner] isLocalOwnerAtCounter(pinnedCounter=11) parity=1 owner=guest role=host -> false
[log] [coop:relay] DELIVER interactionChoice seq=9700011 -> waiter kind=biomePick choice=0 data=[2]
[log] [coop:relay] AWAIT interactionChoice seq=9700011 RESOLVE kind=biomePick choice=0 data=[2]
[log] [coop:v2-authority] receipt rev=61 op=1828413413364172:1:CROSSROADS_PICK:9600011 stage=materialApplied sender=1 generation=0 duplicate highestStage=1
[log] [coop:v2-authority] receipt rev=61 op=1828413413364172:1:CROSSROADS_PICK:9600011 stage=controlInstalled sender=1 generation=0 advanced retired=true waiting=[] subsumed=[]
[log] [coop:reward] biome pick WATCHER: owner biome=undefined received pinnedStart=11 (#848)
[log] [coop:interaction] interactionCounter() read -> 11 (role=host)
[log] [coop:interaction] CoopInteractionTurn.advance INCREMENT (fromCounter=11) counter 11 -> 12
[log] [coop:interaction] advanceInteraction ADVANCED+BROADCAST (fromCounter=11) counter 11 -> 12 role=host; send interaction screen=__turn__ choice=12
[log] [coop:interaction] SEND counter snapshot reason=advance choice=12 role=host
[log] [coop:transport] send host t=interaction screen=__turn__
[log] [coop:owner] ownerOf(counter=12) seat=0 -> owner=host
[log] [coop:owner] ownerOf(counter=12) seat=0 -> owner=host
[log] [coop:interaction] interactionCounter() read -> 12 (role=host)
[log] [coop:reward] advance interaction from CONTINUATION commit (role=host from=11 counter 11 -> 12)
[log] [coop:interaction] interactionCounter() read -> 12 (role=host)
[log] [coop:v2-interaction] terminal proof recorded op=1828413413364172:1:BIOME_PICK:9700011 role=host seat=0 duplicate=0 ambient=1
[log] [coop:transport] send host t=authorityEntry t=authorityEntry
[log] [coop:v2-shadow] PARITY kind=INTERACTION_COMMIT rev=62 match=true field=-
[log] [coop:transport] recv guest t=interaction screen=__turn__ handlers=1
[log] [coop:transport] recv guest t=authorityEntry t=authorityEntry handlers=1
[log] [coop:interaction] RECV interaction broadcast (deferred catch-up net) received=12 localBefore=12 role=host -> no defer (local >= received)
[warn] [coop:interaction] CoopInteractionTurn.mergeRemote DEFER (remote=12, counter=12, pendingRemote=12) live counter UNCHANGED (folds in at next advance if still ahead)
[log] [coop:owner] ownerOf(counter=12) seat=0 -> owner=host
[log] [coop:owner] ownerOf(counter=12) seat=0 -> owner=host
[log] [coop:v2-authority] receipt rev=62 op=1828413413364172:1:BIOME_PICK:9700011 stage=admitted sender=1 generation=0 advanced retired=false waiting=[1] subsumed=[]
[log] [coop:v2-authority] receipt rev=62 op=1828413413364172:1:BIOME_PICK:9700011 stage=materialApplied sender=1 generation=0 advanced retired=false waiting=[1] subsumed=[]
[log] [coop:v2-authority] receipt rev=62 op=1828413413364172:1:BIOME_PICK:9700011 stage=controlInstalled sender=1 generation=0 advanced retired=true waiting=[] subsumed=[]
[log] [coop:interaction] interactionCounter() read -> 12 (role=host)
[log] %cStart Phase: PartyHealPhase color:green
[log] %cStart Phase: ResetStatusPhase color:green
[log] %cStart Phase: ResetStatusPhase color:green
[log] %cStart Phase: ResetStatusPhase color:green
[log] %cStart Phase: ResetStatusPhase color:green
[log] %cStart Phase: ResetStatusPhase color:green
[log] %cStart Phase: ResetStatusPhase color:green
[log] %cStart Phase: SwitchBiomePhase color:green
[log] %cStart Phase: NewBattlePhase color:green
[log] [coop:v2-control] NewBattlePhase installed committed host biome encounter wave=10->11
[log] %cStart Phase: ReturnPhase color:green
[log] [coop:turn] host recorder: begin turn=1 scope=1828413413364172:11 (no prior open recording)
[log] %cStart Phase: ReturnPhase color:green
[log] [coop:turn] host recorder: preserve recording scope=1828413413364172:11 turn=1 events=0 seq=0
[log] %cStart Phase: ShowTrainerPhase color:green
[log] %cStart Phase: NewBiomeEncounterPhase color:green
[log] [coop:turn] host recorder: append turn=1 seq=0 k=weather total=1 live=true
[log] [coop:turn] host recorder: append turn=1 seq=1 k=message total=2 live=true
[log] [coop:turn] host recorder: append turn=1 seq=2 k=terrain total=3 live=true
[log] [coop:turn] host recorder: append turn=1 seq=3 k=message total=4 live=true
[log] [coop:interaction] interactionCounter() read -> 12 (role=host)
[log] [coop:replay] host SEND enemyPartySync wave=11 count=2 meType=-1 battleType=0 entryPresentation=-
[log] [coop:transport] send host t=enemyPartySync wave=11 enemies=2 battleType=0
[log] [coop:turn] host recorder: preserve recording scope=1828413413364172:11 turn=1 events=4 seq=4
[log] [coop:transport] recv guest t=enemyPartySync wave=11 enemies=2 battleType=0 handlers=1
[log] %cStart Phase: CommonAnimPhase color:green
[log] %cStart Phase: MessagePhase color:green
[log] %cStart Phase: CommonAnimPhase color:green
[log] %cStart Phase: MessagePhase color:green
[log] %cStart Phase: LevelCapPhase color:green
[log] %cStart Phase: SummonPhase color:green
[log] [coop:turn] host recorder: preserve recording scope=1828413413364172:11 turn=1 events=4 seq=4
[log] %cStart Phase: ToggleDoublePositionPhase color:green
[log] %cStart Phase: SummonPhase color:green
[log] [coop:turn] host recorder: preserve recording scope=1828413413364172:11 turn=1 events=4 seq=4
[log] %cStart Phase: CheckSwitchPhase color:green
[log] %cStart Phase: CheckSwitchPhase color:green
[log] %cStart Phase: InitEncounterPhase color:green
[log] [coop:turn] host recorder: preserve recording scope=1828413413364172:11 turn=1 events=4 seq=4
[log] %cStart Phase: PostSummonPhase color:green
[log] %cStart Phase: PostSummonPhase color:green
[log] [coop:turn] host recorder: append turn=1 seq=4 k=terrain total=5 live=true
[log] [coop:turn] host recorder: append turn=1 seq=5 k=message total=6 live=true
[log] %cStart Phase: ShowAbilityPhase color:green
[log] [coop:turn] host recorder: append turn=1 seq=6 k=showAbility total=7 live=true
[log] %cStart Phase: CommonAnimPhase color:green
[log] %cStart Phase: MessagePhase color:green
[log] %cStart Phase: HideAbilityPhase color:green
[log] [coop:turn] host recorder: append turn=1 seq=7 k=hideAbility total=8 live=true
[log] %cStart Phase: PostSummonPhase color:green
[log] %cStart Phase: PostSummonPhase color:green
[log] %cStart Phase: PostSummonPhase color:green
[log] %cStart Phase: TurnInitPhase color:green
[log] [coop:replay] host SEND enemyPartySync wave=11 count=2 meType=-1 battleType=0 entryPresentation=8
[log] [coop:transport] send host t=enemyPartySync wave=11 enemies=2 battleType=0
[log] [coop:replay] host RE-BROADCAST wave-start authority wave=11 after post-summon boundary stateChanged=true presentation=8 (#920)
[log] [coop:transport] send host t=authorityEntry t=authorityEntry
[log] [coop:v2-shadow] PARITY kind=CONTROL_COMMIT rev=63 match=true field=-
[log] [coop:rendezvous] next-command barrier ARRIVE+AWAIT cmd:11:1 slot=0
[log] [coop:rendezvous] ARRIVE point=cmd:11:1 (send) role=host
[log] [coop:transport] send host t=rendezvous point=cmd:11:1
[log] [coop:rendezvous] AWAIT point=cmd:11:1 timeoutMs=2000 -> network-wait role=host
[log] [coop:transport] recv guest t=enemyPartySync wave=11 enemies=2 battleType=0 handlers=1
[log] [coop:transport] recv guest t=authorityEntry t=authorityEntry handlers=1
[log] [coop:transport] recv guest t=rendezvous point=cmd:11:1 handlers=1
[log] [coop:v2-authority] receipt rev=63 op=V2/CONTROL/COMMAND/e1828413413364172/w11/t1/tick232 stage=admitted sender=1 generation=0 advanced retired=false waiting=[1] subsumed=[]
[log] [coop:transport] send host t=authorityEntry t=authorityEntry
[log] [coop:rendezvous] RECV arrival point=cmd:11:1 -> deliver-to-waiter role=host
[log] [coop:transport] send host t=rendezvous point=cmd:11:1
[log] [coop:rendezvous] AWAIT point=cmd:11:1 RESOLVE both-arrived role=host
[log] [coop:stream] host IGNORE cosmetic turn ACK stage=continuationReady key=1828413413364172:10:1:222 (v2 owns retirement)
[log] [coop:v2-authority] receipt rev=63 op=V2/CONTROL/COMMAND/e1828413413364172/w11/t1/tick232 stage=admitted sender=1 generation=0 duplicate highestStage=0
[log] [coop:v2-authority] receipt rev=63 op=V2/CONTROL/COMMAND/e1828413413364172/w11/t1/tick232 stage=materialApplied sender=1 generation=0 advanced retired=false waiting=[1] subsumed=[]
[log] [coop:v2-authority] receipt rev=63 op=V2/CONTROL/COMMAND/e1828413413364172/w11/t1/tick232 stage=materialApplied sender=1 generation=0 duplicate highestStage=1
[log] [coop:v2-authority] receipt rev=63 op=V2/CONTROL/COMMAND/e1828413413364172/w11/t1/tick232 stage=materialApplied sender=1 generation=0 duplicate highestStage=1
[log] [coop:v2-authority] receipt rev=63 op=V2/CONTROL/COMMAND/e1828413413364172/w11/t1/tick232 stage=materialApplied sender=1 generation=0 duplicate highestStage=1
[log] [coop:v2-authority] receipt rev=63 op=V2/CONTROL/COMMAND/e1828413413364172/w11/t1/tick232 stage=controlInstalled sender=1 generation=0 advanced retired=true waiting=[] subsumed=[]
[log] [coop:transport] recv guest t=rendezvous point=cmd:11:1 handlers=1
[log] [coop:transport] send host t=enemyPartySync wave=11 enemies=2 battleType=0
[log] [coop:replay] host RE-BROADCAST wave-start authority wave=11 after post-summon boundary stateChanged=false presentation=8 (#920)
[log] [coop:transport] recv guest t=enemyPartySync wave=11 enemies=2 battleType=0 handlers=1
[log] [coop-soak:wave-start] {"seed":20365530,"wave":11,"wavesRequested":200,"wavesCompleted":10,"elapsedMs":51923,"hostPhase":"CommandPhase","guestPhase":"CommandPhase"}
[log] [coop:interaction] interactionCounter() read -> 12 (role=host)
[log] [coop:interaction] interactionCounter() read -> 12 (role=guest)
[log] [coop:interaction] interactionCounter() read -> 12 (role=host)
[log] [coop:checksum] capture digest=7f219ec82b5add81 field=4 biome=2 seed=coop-soak-20365530 weather=1 terrain=4 money=360 party=[493,150,890,384,382,888] partyLevels=[500,500,500,500,500,500] arenaTags=0 modifiers=5 heldItemsDigest=0 pokeballs=[0:5,1:0,2:0,3:0,4:0] mons=[bi0:sp493/hp1865-1865/st0/ab121/form0/tera0:0/boss0:0 bi1:sp150/hp1725-1725/st0/ab227/form0/tera0:13/boss0:0 bi2:sp546/hp24-24/st0/ab5280/form0/tera0:11/boss0:0 bi3:sp187/hp26-26/st0/ab151/form0/tera0:11/boss0:0]
[log] [coop:interaction] interactionCounter() read -> 12 (role=host)
[log] %cStart Phase: SelectTargetPhase color:green
[log] [coop:owner] broadcast own-slot fi=0 turn=1 role=host cmd=0
[log] [coop:relay] broadcastLocalCommand SEND fieldIndex=0 owner=host turn=1 command=0 cursor=3 moveId=85 targets=[2]
[log] [coop:transport] send host t=command fi=0 owner=host turn=1 cmd=0 cursor=3 move=85
[log] [coop:transport] recv guest t=command fi=0 owner=host turn=1 cmd=0 cursor=3 move=85 handlers=1
[log] [coop:relay] recv command fieldIndex=0 turn=1 command=0 -> BUFFERED (no awaiter yet)
[log] %cStart Phase: CommandPhase color:green
[log] [coop:transport] send host t=enemyPartySync wave=11 enemies=2 battleType=0
[log] [coop:replay] host RE-BROADCAST wave-start authority wave=11 after post-summon boundary stateChanged=false presentation=8 (#920)
[log] [coop:battle] CommandPhase slot=1 turn=1 owner=guest role=host -> partner path
[log] [coop:relay] host requestPartnerCommand SEND fieldIndex=1 turn=1 moveSlots=[0,1,2,3] (awaiting peer)
[log] [coop:transport] send host t=commandRequest fi=1 owner=guest turn=1 slots=4
[log] [coop:transport] recv guest t=enemyPartySync wave=11 enemies=2 battleType=0 handlers=1
[log] [coop:transport] recv guest t=commandRequest fi=1 owner=guest turn=1 slots=4 handlers=1
[log] [coop:relay] peer recv commandRequest fieldIndex=1 owner=guest turn=1 moveSlots=[0,1,2,3] -> reply command=2 cursor=3 moveId=-
[log] [coop:transport] send guest t=command fi=1 owner=guest turn=1 cmd=2 cursor=3 move=-
[log] [coop:transport] recv host t=command fi=1 owner=guest turn=1 cmd=2 cursor=3 move=- handlers=1
[log] [coop:relay] recv command fieldIndex=1 turn=1 command=2 -> resolved awaiting request
[log] %cStart Phase: EnemyCommandPhase color:green
[log] %cStart Phase: EnemyCommandPhase color:green
[log] %cStart Phase: TurnStartPhase color:green
[log] [coop-diag] turn-start authoritative guard mode=authoritative role=host turn=1 diverts=false
[log] [coop:turn] host recorder: preserve recording scope=1828413413364172:11 turn=1 events=15 seq=15
[log] %cStart Phase: SwitchSummonPhase color:green
[log] [coop:turn] host recorder: preserve recording scope=1828413413364172:11 turn=1 events=15 seq=15
[log] [coop:turn] host recorder: append turn=1 seq=15 k=switch total=16 live=true
[log] %cStart Phase: PostSummonPhase color:green
[log] %cStart Phase: MovePhase color:green
[log] [coop:turn] host recorder: append turn=1 seq=16 k=moveUsed total=17 live=true
[log] %cStart Phase: MessagePhase color:green
[log] %cStart Phase: MoveEffectPhase color:green
[log] [coop:turn] host recorder: append turn=1 seq=17 k=moveAnim total=18 live=true
[log] [coop:turn] host recorder: append turn=1 seq=18 k=hp total=19 live=true
[log] [coop:turn] host recorder: append turn=1 seq=19 k=faint total=20 live=true
[log] [coop:turn] host recorder: append turn=1 seq=20 k=message total=21 live=true
[log] %cStart Phase: DamageAnimPhase color:green
[log] %cStart Phase: MessagePhase color:green
[log] %cStart Phase: FaintPhase color:green
[log] %cStart Phase: MessagePhase color:green
[log] %cStart Phase: ShowAbilityPhase color:green
[log] [coop:turn] host recorder: append turn=1 seq=21 k=showAbility total=22 live=true
[log] %cStart Phase: StatStageChangePhase color:green
[log] [coop:turn] host recorder: append turn=1 seq=22 k=message total=23 live=true
[log] [coop:turn] host recorder: append turn=1 seq=23 k=statStage total=24 live=true
[log] %cStart Phase: MessagePhase color:green
[log] %cStart Phase: StatStageChangePhase color:green
[log] [coop:turn] host recorder: append turn=1 seq=24 k=message total=25 live=true
[log] [coop:turn] host recorder: append turn=1 seq=25 k=statStage total=26 live=true
[log] %cStart Phase: MessagePhase color:green
[log] %cStart Phase: StatStageChangePhase color:green
[log] [coop:turn] host recorder: append turn=1 seq=26 k=message total=27 live=true
[log] [coop:turn] host recorder: append turn=1 seq=27 k=statStage total=28 live=true
[log] %cStart Phase: MessagePhase color:green
[log] %cStart Phase: StatStageChangePhase color:green
[log] [coop:turn] host recorder: append turn=1 seq=28 k=message total=29 live=true
[log] [coop:turn] host recorder: append turn=1 seq=29 k=statStage total=30 live=true
[log] %cStart Phase: MessagePhase color:green
[log] %cStart Phase: HideAbilityPhase color:green
[log] [coop:turn] host recorder: append turn=1 seq=30 k=hideAbility total=31 live=true
[log] %cStart Phase: VictoryPhase color:green
[log] [coop:progression] HOST progression capture begin wave=11
[log] [coop:progression] HOST applyPartyExp COMPUTE wave=11 expValue=79.4 koMon=Cottonee
[log] %cStart Phase: MoveEndPhase color:green
[log] %cStart Phase: MovePhase color:green
[log] [coop:turn] host recorder: append turn=1 seq=31 k=moveUsed total=32 live=true
[log] [coop:turn] host recorder: append turn=1 seq=32 k=message total=33 live=true
[log] %cStart Phase: MessagePhase color:green
[log] %cStart Phase: MessagePhase color:green
[log] %cStart Phase: MoveEndPhase color:green
[log] %cStart Phase: MovePhase color:green
[log] %cStart Phase: MoveEndPhase color:green
[log] %cStart Phase: CheckInterludePhase color:green
[log] %cStart Phase: WeatherEffectPhase color:green
[log] %cStart Phase: PositionalTagPhase color:green
[log] %cStart Phase: BerryPhase color:green
[log] %cStart Phase: CheckStatusEffectPhase color:green
[log] %cStart Phase: TurnEndPhase color:green
[log] %cStart Phase: CoopTurnCommitPhase color:green
[log] [coop:turn] host recorder: finalize turn=1 events=33 seq=33
[log] [coop:checkpoint] build field=4 weather=1/0 terrain=4/7 arenaTags=0 money=360 mons=[bi0:sp493/hp1865-1865/st0/fnt0 bi1:sp384/hp1715-1715/st0/fnt0 bi2:sp546/hp0-24/st7/fnt1 bi3:sp187/hp26-26/st0/fnt0]
[log] [coop:checkpoint] host capture field=4 weather=1 terrain=4 money=360 arenaTags=0 mons=[bi0:sp493/hp1865-1865/st0/fnt0 bi1:sp384/hp1715-1715/st0/fnt0 bi2:sp546/hp0-24/st7/fnt1 bi3:sp187/hp26-26/st0/fnt0]
[log] [coop:interaction] interactionCounter() read -> 12 (role=host)
[log] [coop:replay] host SEND turnResolution e=1828413413364172 wave=11 turn=1 rev=241 events=33 checksum=41b3a231511916d5
[log] [coop:transport] send host t=authorityEntry t=authorityEntry
[log] [coop:v2-shadow] PARITY kind=TURN_COMMIT rev=64 match=true field=- successor=owner-field
[log] [coop:transport] send host t=turnResolution e=1828413413364172 wave=11 turn=1 rev=241 events=33 checksum=41b3a231511916d5
[log] [coop:transport] recv guest t=authorityEntry t=authorityEntry handlers=1
[log] [coop:transport] recv guest t=turnResolution e=1828413413364172 wave=11 turn=1 rev=241 events=33 checksum=41b3a231511916d5 handlers=1
[log] [38;2;255;127;80mPhaseInterceptor.to: Stopping on completion of CoopTurnCommitPhase[39m
[log] [coop:v2-authority] receipt rev=64 op=TURN/e1828413413364172/w11/t1 stage=admitted sender=1 generation=0 advanced retired=false waiting=[1] subsumed=[]
[log] [coop:transport] send host t=authorityEntry t=authorityEntry
[log] [coop:v2-authority] receipt rev=64 op=TURN/e1828413413364172/w11/t1 stage=admitted sender=1 generation=0 duplicate highestStage=0
[log] [coop:transport] send host t=authorityEntry t=authorityEntry
[log] [coop:transport] recv guest t=authorityEntry t=authorityEntry handlers=1
[log] [coop:v2-authority] receipt rev=64 op=TURN/e1828413413364172/w11/t1 stage=admitted sender=1 generation=0 duplicate highestStage=0
[log] [coop:v2-authority] receipt rev=64 op=TURN/e1828413413364172/w11/t1 stage=admitted sender=1 generation=0 duplicate highestStage=0
[log] [coop:v2-authority] receipt rev=64 op=TURN/e1828413413364172/w11/t1 stage=materialApplied sender=1 generation=0 advanced retired=false waiting=[1] subsumed=[]
[log] %cStart Phase: TurnInitPhase color:green
[log] [coop:transport] recv host t=rendezvous point=cmd:11:2 handlers=1
[log] [coop:rendezvous] RECV arrival point=cmd:11:2 -> BUFFER (no waiter yet) role=host
[log] [coop:rendezvous] ARRIVE point=cmd:11:2 (send) role=host
[log] [coop:transport] send host t=rendezvous point=cmd:11:2
[log] [coop:rendezvous] next-command barrier cmd:11:2 SYNC pass (partner already arrived)
[log] [coop:transport] recv guest t=rendezvous point=cmd:11:2 handlers=1
[log] [coop:stream] host IGNORE cosmetic turn ACK stage=continuationReady key=1828413413364172:11:1:241 (v2 owns retirement)
[log] [coop:v2-authority] receipt rev=64 op=TURN/e1828413413364172/w11/t1 stage=materialApplied sender=1 generation=0 duplicate highestStage=1
[log] [coop:v2-authority] receipt rev=64 op=TURN/e1828413413364172/w11/t1 stage=controlInstalled sender=1 generation=0 advanced retired=true waiting=[] subsumed=[]
[log] %cStart Phase: SelectTargetPhase color:green
[log] [coop:owner] broadcast own-slot fi=0 turn=2 role=host cmd=0
[log] [coop:relay] broadcastLocalCommand SEND fieldIndex=0 owner=host turn=2 command=0 cursor=3 moveId=85 targets=[3]
[log] [coop:transport] send host t=command fi=0 owner=host turn=2 cmd=0 cursor=3 move=85
[log] [coop:transport] recv guest t=command fi=0 owner=host turn=2 cmd=0 cursor=3 move=85 handlers=1
[log] [coop:relay] recv command fieldIndex=0 turn=2 command=0 -> BUFFERED (no awaiter yet)
[log] %cStart Phase: CommandPhase color:green
[log] [coop:battle] CommandPhase slot=1 turn=2 owner=guest role=host -> partner path
[log] [coop:relay] host requestPartnerCommand SEND fieldIndex=1 turn=2 moveSlots=[0,1,2,3] (awaiting peer)
[log] [coop:transport] send host t=commandRequest fi=1 owner=guest turn=2 slots=4
[log] [coop:transport] recv guest t=commandRequest fi=1 owner=guest turn=2 slots=4 handlers=1
[log] [coop:relay] peer recv commandRequest fieldIndex=1 owner=guest turn=2 moveSlots=[0,1,2,3] -> reply command=0 cursor=1 moveId=247
[log] [coop:transport] send guest t=command fi=1 owner=guest turn=2 cmd=0 cursor=1 move=247
[log] [coop:transport] recv host t=command fi=1 owner=guest turn=2 cmd=0 cursor=1 move=247 handlers=1
[log] [coop:relay] recv command fieldIndex=1 turn=2 command=0 -> resolved awaiting request
[log] [coop:ai] applyWiredPartnerCommand partner=384 wiredMoveId=247 cursor=1 -> moveId=247 moveIndex=1 tera=false targets=[3] targetsFrom=wire-verbatim useMode=1
[log] %cStart Phase: EnemyCommandPhase color:green
[log] %cStart Phase: TurnStartPhase color:green
[log] [coop-diag] turn-start authoritative guard mode=authoritative role=host turn=2 diverts=false
[log] [coop:turn] host recorder: begin turn=2 scope=1828413413364172:11 (no prior open recording)
[log] %cStart Phase: MovePhase color:green
[log] [coop:turn] host recorder: append turn=2 seq=0 k=moveUsed total=1 live=true
[log] %cStart Phase: MessagePhase color:green
[log] %cStart Phase: MoveEffectPhase color:green
[log] [coop:turn] host recorder: append turn=2 seq=1 k=moveAnim total=2 live=true
[log] [coop:turn] host recorder: append turn=2 seq=2 k=hp total=3 live=true
[log] [coop:turn] host recorder: append turn=2 seq=3 k=faint total=4 live=true
[log] %cStart Phase: DamageAnimPhase color:green
[log] %cStart Phase: FaintPhase color:green
[log] %cStart Phase: MessagePhase color:green
[log] %cStart Phase: VictoryPhase color:green
[log] [coop:progression] HOST applyPartyExp COMPUTE wave=11 expValue=81 koMon=Hoppip
[log] [coop:runtime] defer raw waveResolved wave=11 outcome=win until its material turnResolution is retained
[log] [coop-diag] VictoryPhase win-branch role=host battleType=WILD queuesTrainerVictory=false queuesSelectModifier=true wave=11
[log] [coop-diag] VictoryTail role=host wave=11 source=legacy-local trainer=false egg=true biomeShop=false biomeChange=false crossroads=false nextWave=12
[log] %cStart Phase: MoveEndPhase color:green
[log] %cStart Phase: MovePhase color:green
[log] [coop:turn] host recorder: append turn=2 seq=4 k=moveUsed total=5 live=true
[log] [coop:turn] host recorder: append turn=2 seq=5 k=message total=6 live=true
[log] %cStart Phase: MessagePhase color:green
[log] %cStart Phase: MessagePhase color:green
[log] %cStart Phase: MoveEndPhase color:green
[log] %cStart Phase: MovePhase color:green
[log] %cStart Phase: MoveEndPhase color:green
[log] %cStart Phase: CheckInterludePhase color:green
[log] %cStart Phase: WeatherEffectPhase color:green
[log] %cStart Phase: PositionalTagPhase color:green
[log] %cStart Phase: BerryPhase color:green
[log] %cStart Phase: CheckStatusEffectPhase color:green
[log] %cStart Phase: TurnEndPhase color:green
[log] %cStart Phase: CoopTurnCommitPhase color:green
[log] [coop:turn] host recorder: finalize turn=2 events=6 seq=6
[log] [coop:checkpoint] build field=4 weather=1/0 terrain=4/6 arenaTags=0 money=360 mons=[bi0:sp493/hp1865-1865/st0/fnt0 bi1:sp384/hp1715-1715/st0/fnt0 bi2:sp546/hp0-24/st7/fnt1 bi3:sp187/hp0-26/st7/fnt1]
[log] [coop:checkpoint] host capture field=4 weather=1 terrain=4 money=360 arenaTags=0 mons=[bi0:sp493/hp1865-1865/st0/fnt0 bi1:sp384/hp1715-1715/st0/fnt0 bi2:sp546/hp0-24/st7/fnt1 bi3:sp187/hp0-26/st7/fnt1]
[log] [coop:interaction] interactionCounter() read -> 12 (role=host)
[log] [coop:replay] host SEND turnResolution e=1828413413364172 wave=11 turn=2 rev=250 events=6 checksum=1754677005a5f9b7
[log] [coop:transport] send host t=authorityEntry t=authorityEntry
[log] [coop:v2-shadow] PARITY kind=TURN_COMMIT rev=65 match=true field=- successor=none-non-command-boundary
[log] [coop:transport] send host t=turnResolution e=1828413413364172 wave=11 turn=2 rev=250 events=6 checksum=1754677005a5f9b7
[log] [coop:runtime] send waveResolved wave=11 outcome=win (host)
[log] [coop:replay] host SEND waveResolved wave=11 outcome=win transition=WAVE_VICTORY/next12/biome0/egg1/wild
[log] [coop:transport] send host t=waveResolved wave=11 outcome=win captureParty=- cap=-
[log] [coop:transport] recv guest t=authorityEntry t=authorityEntry handlers=1
[log] [coop:transport] recv guest t=turnResolution e=1828413413364172 wave=11 turn=2 rev=250 events=6 checksum=1754677005a5f9b7 handlers=1
[log] [coop:transport] recv guest t=waveResolved wave=11 outcome=win captureParty=- cap=- handlers=1
[log] [38;2;255;127;80mPhaseInterceptor.to: Stopping on completion of CoopTurnCommitPhase[39m
[log] %cStart Phase: BattleEndPhase color:green
[log] [coop:progression] HOST automatic victory settlement deferred wave=11 sourceTurn=2 settlementTurn=3
[log] [coop:v2-authority] receipt rev=65 op=TURN/e1828413413364172/w11/t2 stage=admitted sender=1 generation=0 advanced retired=false waiting=[1] subsumed=[]
[log] [coop:transport] send host t=authorityEntry t=authorityEntry
[log] [coop:v2-authority] receipt rev=65 op=TURN/e1828413413364172/w11/t2 stage=admitted sender=1 generation=0 duplicate highestStage=0
[log] [coop:v2-authority] receipt rev=65 op=TURN/e1828413413364172/w11/t2 stage=admitted sender=1 generation=0 duplicate highestStage=0
[log] [coop:v2-authority] receipt rev=65 op=TURN/e1828413413364172/w11/t2 stage=materialApplied sender=1 generation=0 advanced retired=false waiting=[1] subsumed=[]
[log] [coop:v2-authority] receipt rev=65 op=TURN/e1828413413364172/w11/t2 stage=controlInstalled sender=1 generation=0 advanced retired=true waiting=[] subsumed=[]
[log] [coop:interaction] interactionCounter() read -> 12 (role=host)
[log] %cStart Phase: EggLapsePhase color:green
[log] %cStart Phase: CoopVictorySealPhase color:green
[log] [coop:transport] send host t=authorityEntry t=authorityEntry
[log] [coop:v2-shadow] PARITY kind=WAVE_ADVANCE rev=66 match=true field=-
[log] [coop:runtime] settled WAVE_ADVANCE committed wave=11 tick=251 next=WAVE_VICTORY/wave12
[log] [coop:runtime] send waveEndState wave=11 tick=251 (host)
[log] [coop:replay] host SEND waveEndState wave=11 tick=251 party=6
[log] [coop:transport] send host t=waveEndState t=waveEndState
[log] [coop:progression] HOST automatic victory settlement sealed wave=11 sourceTurn=2 settlementTurn=3 tick=251
[log] [coop:transport] recv guest t=authorityEntry t=authorityEntry handlers=1
[log] [coop:transport] recv guest t=waveEndState t=waveEndState handlers=1
[log] [coop:interaction] interactionCounter() read -> 12 (role=host)
[log] [coop:owner] ownerOf(counter=12) seat=0 -> owner=host
[log] [coop:owner] isLocalOwnerAtCounter(pinnedCounter=12) parity=0 owner=host role=host -> true
[log] [coop:interaction] interactionCounter() read -> 12 (role=host)
[log] [coop:reward] owner/watcher decision: pinnedStart=12 liveCounter=12 parity=0 role=host pick=OWNER option=ROLL spoof=false
[log] [coop:shop] serializeRewardOptions count=3 ids=[ER_ABILITY_CAPSULE,POKEBALL,BERRY] tiers=[1,0,0]
[log] [coop:reward] OWNER streams reward options (start=12 reroll=0 count=3 ids=[ER_ABILITY_CAPSULE,POKEBALL,BERRY])
[log] [coop:relay] SEND rewardOptions seq=12 reroll=0 count=3 ids=[ER_ABILITY_CAPSULE,POKEBALL,BERRY]
[log] [coop:transport] send host t=authorityEntry t=authorityEntry
[log] [coop:v2-shadow] PARITY kind=INTERACTION_COMMIT rev=67 match=true field=-
[log] [coop:reward] authoritative options retained surface=reward pin=12 reroll=0 count=3 rev=25 id=1828413413364172:0:REWARD_PRESENT:1200000
[log] [coop:v2-interaction] suppressed raw rewardOptions key=12:0; immutable entry retained
[log] [coop:rendezvous] ARRIVE point=shop:11:12 (send) role=host
[log] [coop:transport] send host t=rendezvous point=shop:11:12
[log] [coop:reward] OWNER drives reward screen (start=12 role=host spoof=false adoptsOptions=false wave=11)
[log] [coop:rendezvous] shop-pick-commit barrier AWAIT shop:11:12
[log] [coop:rendezvous] AWAIT point=shop:11:12 timeoutMs=2000 -> network-wait role=host
[log] [coop:transport] recv guest t=authorityEntry t=authorityEntry handlers=1
[log] [coop:transport] recv guest t=rendezvous point=shop:11:12 handlers=1
[log] [coop:interaction] interactionCounter() read -> 12 (role=host)
[log] [coop:checksum] capture digest=1754677005a5f9b7 field=4 biome=2 seed=coop-soak-20365530 weather=1 terrain=4 money=360 party=[493,384,890,150,382,888] partyLevels=[500,500,500,500,500,500] arenaTags=0 modifiers=5 heldItemsDigest=0 pokeballs=[0:5,1:0,2:0,3:0,4:0] mons=[bi0:sp493/hp1865-1865/st0/ab121/form0/tera0:0/boss0:0 bi1:sp384/hp1715-1715/st0/ab263/form0/tera0:15/boss0:0 bi2:sp546/hp0-24/st7/ab5280/form0/tera0:11/boss0:0 bi3:sp187/hp0-26/st7/ab151/form0/tera0:11/boss0:0]
[log] [coop:rendezvous] RECV arrival point=shop:11:12 -> deliver-to-waiter role=host
[log] [coop:transport] send host t=rendezvous point=shop:11:12
[log] [coop:rendezvous] AWAIT point=shop:11:12 RESOLVE both-arrived role=host
[log] [coop:stream] host IGNORE cosmetic turn ACK stage=continuationReady key=1828413413364172:11:2:250 (v2 owns retirement)
[log] [coop:v2-authority] receipt rev=66 op=V2/WAVE/e1828413413364172/w11/tick251 stage=admitted sender=1 generation=0 advanced retired=false waiting=[1] subsumed=[]
[log] [coop:transport] send host t=authorityEntry t=authorityEntry
[log] [coop:transport] send host t=authorityEntry t=authorityEntry
[log] [coop:v2-authority] receipt rev=66 op=V2/WAVE/e1828413413364172/w11/tick251 stage=admitted sender=1 generation=0 duplicate highestStage=0
[log] [coop:v2-authority] receipt rev=66 op=V2/WAVE/e1828413413364172/w11/tick251 stage=materialApplied sender=1 generation=0 advanced retired=false waiting=[1] subsumed=[]
[log] [coop:transport] send host t=authorityEntry t=authorityEntry
[log] [coop:v2-authority] receipt rev=66 op=V2/WAVE/e1828413413364172/w11/tick251 stage=controlInstalled sender=1 generation=0 advanced retired=true waiting=[] subsumed=[]
[log] [coop:v2-authority] receipt rev=67 op=1828413413364172:0:REWARD_PRESENT:1200000 stage=admitted sender=1 generation=0 advanced retired=false waiting=[1] subsumed=[]
[log] [coop:v2-authority] receipt rev=67 op=1828413413364172:0:REWARD_PRESENT:1200000 stage=materialApplied sender=1 generation=0 advanced retired=false waiting=[1] subsumed=[]
[log] [coop:v2-authority] receipt rev=67 op=1828413413364172:0:REWARD_PRESENT:1200000 stage=materialApplied sender=1 generation=0 duplicate highestStage=1
[log] [coop:v2-authority] receipt rev=67 op=1828413413364172:0:REWARD_PRESENT:1200000 stage=controlInstalled sender=1 generation=0 advanced retired=true waiting=[] subsumed=[]
[log] [coop:transport] recv guest t=rendezvous point=shop:11:12 handlers=1
[log] [coop:transport] recv guest t=authorityEntry t=authorityEntry handlers=1
[log] [coop:transport] recv guest t=authorityEntry t=authorityEntry handlers=1
[log] [coop:transport] recv guest t=authorityEntry t=authorityEntry handlers=1
[log] [coop:interaction] mirror begin role=owner mirrorSeq=768 interactionStart=12 reroll=0
[log] [coop:interaction] uiMirror beginSession role=owner mode=6 seq=768 early=0
[log] [coop:owner] ownerOf(counter=12) seat=0 -> owner=host
[log] [coop:owner] isLocalOwnerAtCounter(pinnedCounter=12) parity=0 owner=host role=host -> true
[log] [coop:owner] ownerOf(counter=12) seat=0 -> owner=host
[log] [coop:owner] isLocalOwnerAtCounter(pinnedCounter=12) parity=0 owner=host role=host -> true
[log] [coop:relay] OWNER prepare seq=12 kind=reward choice=1 data=[0] role=host
[log] [coop:reward] reward op INTENT prepared label=reward id=1828413413364172:0:REWARD:1200000
[log] [coop:relay] OWNER send raw seq=12 kind=reward choice=1 role=host
[log] [coop:relay] SEND interactionChoice seq=12 kind=reward kind=? choice=1 data=[0]
[log] [coop:v2-interaction] suppressed raw authority interactionChoice seq=12 kind=reward
[log] [coop:reward] APPLY_RESULT pin=12 side=owner type=POKEBALL class=AddPokeballModifier pregen=[] holderSlot=-1 holderId=-1 stack=-1 accepted=true cost=-1
[log] [coop:v2-interaction] terminal proof recorded op=1828413413364172:0:REWARD:1200000 role=host seat=0 duplicate=0 ambient=1
[log] [coop:v2-interaction] phase terminal proof op=1828413413364172:0:REWARD:1200000 route=constructor-fallback accepted=1
[log] [coop:shop] serializeRewardOptions count=3 ids=[ER_ABILITY_CAPSULE,POKEBALL,BERRY] tiers=[1,0,0]
[log] [coop:transport] send host t=authorityEntry t=authorityEntry
[log] [coop:v2-shadow] PARITY kind=INTERACTION_COMMIT rev=68 match=true field=-
[log] [coop:reward] reward authoritative RESULT retained rev=26 tick=253 id=1828413413364172:0:REWARD:1200000
[log] [coop:interaction] interactionCounter() read -> 12 (role=host)
[log] [coop:interaction] CoopInteractionTurn.advance INCREMENT (fromCounter=12) counter 12 -> 13
[log] [coop:interaction] advanceInteraction ADVANCED+V2-LOCAL (fromCounter=12) counter 12 -> 13 role=host
[log] [coop:owner] ownerOf(counter=13) seat=1 -> owner=guest
[log] [coop:owner] ownerOf(counter=13) seat=1 -> owner=guest
[log] [coop:interaction] interactionCounter() read -> 13 (role=host)
[log] [coop:reward] advance interaction from V2 commit (role=host from=12 counter 12 -> 13); typed successor owns release
[log] [coop:transport] recv guest t=authorityEntry t=authorityEntry handlers=1
[log] [coop:v2-authority] receipt rev=66 op=V2/WAVE/e1828413413364172/w11/tick251 stage=controlInstalled sender=1 generation=0 rejected reason=unknown-revision
[log] [coop:v2-authority] receipt rev=67 op=1828413413364172:0:REWARD_PRESENT:1200000 stage=controlInstalled sender=1 generation=0 rejected reason=unknown-revision
[log] [coop:v2-authority] receipt rev=67 op=1828413413364172:0:REWARD_PRESENT:1200000 stage=controlInstalled sender=1 generation=0 rejected reason=unknown-revision
[log] [coop:v2-authority] receipt rev=68 op=1828413413364172:0:REWARD:1200000 stage=admitted sender=1 generation=0 advanced retired=false waiting=[1] subsumed=[]
[log] [coop:v2-authority] receipt rev=68 op=1828413413364172:0:REWARD:1200000 stage=admitted sender=1 generation=0 duplicate highestStage=0
[log] [coop:v2-authority] receipt rev=68 op=1828413413364172:0:REWARD:1200000 stage=materialApplied sender=1 generation=0 advanced retired=false waiting=[1] subsumed=[]
[log] [coop:v2-authority] receipt rev=68 op=1828413413364172:0:REWARD:1200000 stage=controlInstalled sender=1 generation=0 advanced retired=true waiting=[] subsumed=[]
[log] [coop:interaction] interactionCounter() read -> 13 (role=host)
[log] [coop:interaction] interactionCounter() read -> 13 (role=guest)
[log] [coop-soak:wave-complete] {"seed":20365530,"wave":11,"wavesRequested":200,"wavesCompleted":11,"waveElapsedMs":4409,"elapsedMs":56332,"findings":0,"hostPhase":"NewBattlePhase","guestPhase":"NewBattlePhase"}
[log] %cStart Phase: NewBattlePhase color:green
[log] %cStart Phase: NextEncounterPhase color:green
[log] [coop:interaction] interactionCounter() read -> 13 (role=host)
[log] [coop:replay] host SEND enemyPartySync wave=12 count=2 meType=-1 battleType=0 entryPresentation=-
[log] [coop:transport] send host t=enemyPartySync wave=12 enemies=2 battleType=0
[log] [coop:turn] host recorder: begin turn=1 scope=1828413413364172:12 (no prior open recording)
[log] [coop:transport] recv guest t=enemyPartySync wave=12 enemies=2 battleType=0 handlers=1
[log] %cStart Phase: ToggleDoublePositionPhase color:green
[log] %cStart Phase: CheckSwitchPhase color:green
[log] %cStart Phase: CheckSwitchPhase color:green
[log] %cStart Phase: InitEncounterPhase color:green
[log] [coop:turn] host recorder: preserve recording scope=1828413413364172:12 turn=1 events=0 seq=0
[log] %cStart Phase: PostSummonPhase color:green
[log] %cStart Phase: PostSummonPhase color:green
[log] %cStart Phase: PostSummonPhase color:green
[log] %cStart Phase: ShowAbilityPhase color:green
[log] [coop:turn] host recorder: append turn=1 seq=0 k=showAbility total=1 live=true
[log] %cStart Phase: StatStageChangePhase color:green
[log] [coop:turn] host recorder: append turn=1 seq=1 k=message total=2 live=true
[log] [coop:turn] host recorder: append turn=1 seq=2 k=statStage total=3 live=true
[log] %cStart Phase: MessagePhase color:green
[log] %cStart Phase: StatStageChangePhase color:green
[log] [coop:turn] host recorder: append turn=1 seq=3 k=message total=4 live=true
[log] [coop:turn] host recorder: append turn=1 seq=4 k=statStage total=5 live=true
[log] %cStart Phase: MessagePhase color:green
[log] %cStart Phase: HideAbilityPhase color:green
[log] [coop:turn] host recorder: append turn=1 seq=5 k=hideAbility total=6 live=true
[log] %cStart Phase: TurnInitPhase color:green
[log] [coop:replay] host SEND enemyPartySync wave=12 count=2 meType=-1 battleType=0 entryPresentation=6
[log] [coop:transport] send host t=enemyPartySync wave=12 enemies=2 battleType=0
[log] [coop:replay] host RE-BROADCAST wave-start authority wave=12 after post-summon boundary stateChanged=true presentation=6 (#920)
[log] [coop:transport] send host t=authorityEntry t=authorityEntry
[log] [coop:v2-shadow] PARITY kind=CONTROL_COMMIT rev=69 match=true field=-
[log] [coop:rendezvous] next-command barrier ARRIVE+AWAIT cmd:12:1 slot=0
[log] [coop:rendezvous] ARRIVE point=cmd:12:1 (send) role=host
[log] [coop:transport] send host t=rendezvous point=cmd:12:1
[log] [coop:rendezvous] AWAIT point=cmd:12:1 timeoutMs=2000 -> network-wait role=host
[log] [coop:transport] recv guest t=enemyPartySync wave=12 enemies=2 battleType=0 handlers=1
[log] [coop:transport] recv guest t=authorityEntry t=authorityEntry handlers=1
[log] [coop:transport] recv guest t=rendezvous point=cmd:12:1 handlers=1
[log] [coop:v2-authority] receipt rev=69 op=V2/CONTROL/COMMAND/e1828413413364172/w12/t1/tick257 stage=admitted sender=1 generation=0 advanced retired=false waiting=[1] subsumed=[]
[log] [coop:transport] send host t=authorityEntry t=authorityEntry
[log] [coop:rendezvous] RECV arrival point=cmd:12:1 -> deliver-to-waiter role=host
[log] [coop:transport] send host t=rendezvous point=cmd:12:1
[log] [coop:rendezvous] AWAIT point=cmd:12:1 RESOLVE both-arrived role=host
[log] [coop:v2-authority] receipt rev=69 op=V2/CONTROL/COMMAND/e1828413413364172/w12/t1/tick257 stage=admitted sender=1 generation=0 duplicate highestStage=0
[log] [coop:v2-authority] receipt rev=69 op=V2/CONTROL/COMMAND/e1828413413364172/w12/t1/tick257 stage=materialApplied sender=1 generation=0 advanced retired=false waiting=[1] subsumed=[]
[log] [coop:v2-authority] receipt rev=69 op=V2/CONTROL/COMMAND/e1828413413364172/w12/t1/tick257 stage=materialApplied sender=1 generation=0 duplicate highestStage=1
[log] [coop:v2-authority] receipt rev=69 op=V2/CONTROL/COMMAND/e1828413413364172/w12/t1/tick257 stage=materialApplied sender=1 generation=0 duplicate highestStage=1
[log] [coop:v2-authority] receipt rev=69 op=V2/CONTROL/COMMAND/e1828413413364172/w12/t1/tick257 stage=materialApplied sender=1 generation=0 duplicate highestStage=1
[log] [coop:v2-authority] receipt rev=69 op=V2/CONTROL/COMMAND/e1828413413364172/w12/t1/tick257 stage=controlInstalled sender=1 generation=0 advanced retired=true waiting=[] subsumed=[]
[log] [coop:transport] recv guest t=rendezvous point=cmd:12:1 handlers=1
[log] [coop:transport] send host t=enemyPartySync wave=12 enemies=2 battleType=0
[log] [coop:replay] host RE-BROADCAST wave-start authority wave=12 after post-summon boundary stateChanged=false presentation=6 (#920)
[log] [coop:transport] recv guest t=enemyPartySync wave=12 enemies=2 battleType=0 handlers=1
[log] [coop-soak:wave-start] {"seed":20365530,"wave":12,"wavesRequested":200,"wavesCompleted":11,"elapsedMs":57350,"hostPhase":"CommandPhase","guestPhase":"CommandPhase"}
[log] [coop:interaction] interactionCounter() read -> 13 (role=host)
[log] [coop:interaction] interactionCounter() read -> 13 (role=guest)
[log] [coop:interaction] interactionCounter() read -> 13 (role=host)
[log] [coop:checksum] capture digest=7efcc319c9f5c942 field=4 biome=2 seed=coop-soak-20365530 weather=1 terrain=4 money=360 party=[493,384,890,150,382,888] partyLevels=[500,500,500,500,500,500] arenaTags=0 modifiers=5 heldItemsDigest=0 pokeballs=[0:10,1:0,2:0,3:0,4:0] mons=[bi0:sp493/hp1865-1865/st0/ab121/form0/tera0:0/boss0:0 bi1:sp384/hp1715-1715/st0/ab263/form0/tera0:15/boss0:0 bi2:sp58/hp26-26/st0/ab22/form0/tera0:9/boss0:0 bi3:sp543/hp25-25/st0/ab127/form0/tera0:3/boss0:0]
[log] [coop:interaction] interactionCounter() read -> 13 (role=host)
[log] %cStart Phase: SelectTargetPhase color:green
[log] [coop:owner] broadcast own-slot fi=0 turn=1 role=host cmd=0
[log] [coop:relay] broadcastLocalCommand SEND fieldIndex=0 owner=host turn=1 command=0 cursor=0 moveId=34 targets=[2]
[log] [coop:transport] send host t=command fi=0 owner=host turn=1 cmd=0 cursor=0 move=34
[log] [coop:transport] recv guest t=command fi=0 owner=host turn=1 cmd=0 cursor=0 move=34 handlers=1
[log] [coop:relay] recv command fieldIndex=0 turn=1 command=0 -> BUFFERED (no awaiter yet)
[log] %cStart Phase: CommandPhase color:green
[log] [coop:transport] send host t=enemyPartySync wave=12 enemies=2 battleType=0
[log] [coop:replay] host RE-BROADCAST wave-start authority wave=12 after post-summon boundary stateChanged=true presentation=6 (#920)
[log] [coop:battle] CommandPhase slot=1 turn=1 owner=guest role=host -> partner path
[log] [coop:relay] host requestPartnerCommand SEND fieldIndex=1 turn=1 moveSlots=[0,1,2,3] (awaiting peer)
[log] [coop:transport] send host t=commandRequest fi=1 owner=guest turn=1 slots=4
[log] [coop:transport] recv guest t=enemyPartySync wave=12 enemies=2 battleType=0 handlers=1
[log] [coop:transport] recv guest t=commandRequest fi=1 owner=guest turn=1 slots=4 handlers=1
[log] [coop:relay] peer recv commandRequest fieldIndex=1 owner=guest turn=1 moveSlots=[0,1,2,3] -> reply command=0 cursor=2 moveId=53
[log] [coop:transport] send guest t=command fi=1 owner=guest turn=1 cmd=0 cursor=2 move=53
[log] [coop:transport] recv host t=command fi=1 owner=guest turn=1 cmd=0 cursor=2 move=53 handlers=1
[log] [coop:relay] recv command fieldIndex=1 turn=1 command=0 -> resolved awaiting request
[log] [coop:ai] applyWiredPartnerCommand partner=384 wiredMoveId=53 cursor=2 -> moveId=53 moveIndex=2 tera=false targets=[3] targetsFrom=wire-verbatim useMode=1
[log] %cStart Phase: EnemyCommandPhase color:green
[log] %cStart Phase: EnemyCommandPhase color:green
[log] %cStart Phase: TurnStartPhase color:green
[log] [coop-diag] turn-start authoritative guard mode=authoritative role=host turn=1 diverts=false
[log] [coop:turn] host recorder: preserve recording scope=1828413413364172:12 turn=1 events=8 seq=8
[log] %cStart Phase: MovePhase color:green
[log] [coop:turn] host recorder: append turn=1 seq=8 k=moveUsed total=9 live=true
[log] %cStart Phase: MessagePhase color:green
[log] %cStart Phase: MoveEffectPhase color:green
[log] [coop:turn] host recorder: append turn=1 seq=9 k=moveAnim total=10 live=true
[log] [coop:turn] host recorder: append turn=1 seq=10 k=hp total=11 live=true
[log] [coop:turn] host recorder: append turn=1 seq=11 k=faint total=12 live=true
[log] %cStart Phase: DamageAnimPhase color:green
[log] %cStart Phase: FaintPhase color:green
[log] %cStart Phase: MessagePhase color:green
[log] %cStart Phase: VictoryPhase color:green
[log] [coop:progression] HOST progression capture begin wave=12
[log] [coop:progression] HOST applyPartyExp COMPUTE wave=12 expValue=99 koMon=Growlithe
[log] %cStart Phase: MoveEndPhase color:green
[log] %cStart Phase: MovePhase color:green
[log] [coop:turn] host recorder: append turn=1 seq=12 k=moveUsed total=13 live=true
[log] %cStart Phase: MessagePhase color:green
[log] %cStart Phase: MoveEffectPhase color:green
[log] [coop:turn] host recorder: append turn=1 seq=13 k=moveAnim total=14 live=true
[log] [coop:turn] host recorder: append turn=1 seq=14 k=hp total=15 live=true
[log] [coop:turn] host recorder: append turn=1 seq=15 k=faint total=16 live=true
[log] [coop:turn] host recorder: append turn=1 seq=16 k=message total=17 live=true
[log] %cStart Phase: DamageAnimPhase color:green
[log] %cStart Phase: MessagePhase color:green
[log] %cStart Phase: FaintPhase color:green
[log] %cStart Phase: MessagePhase color:green
[log] %cStart Phase: VictoryPhase color:green
[log] [coop:progression] HOST applyPartyExp COMPUTE wave=12 expValue=84.2 koMon=Venipede
[log] [coop:runtime] defer raw waveResolved wave=12 outcome=win until its material turnResolution is retained
[log] [coop-diag] VictoryPhase win-branch role=host battleType=WILD queuesTrainerVictory=false queuesSelectModifier=true wave=12
[log] [coop-diag] VictoryTail role=host wave=12 source=legacy-local trainer=false egg=true biomeShop=false biomeChange=false crossroads=false nextWave=13
[log] %cStart Phase: MoveEndPhase color:green
[log] %cStart Phase: MovePhase color:green
[log] %cStart Phase: MoveEndPhase color:green
[log] %cStart Phase: MovePhase color:green
[log] %cStart Phase: MoveEndPhase color:green
[log] %cStart Phase: CheckInterludePhase color:green
[log] %cStart Phase: WeatherEffectPhase color:green
[log] %cStart Phase: PositionalTagPhase color:green
[log] %cStart Phase: BerryPhase color:green
[log] %cStart Phase: CheckStatusEffectPhase color:green
[log] %cStart Phase: TurnEndPhase color:green
[log] %cStart Phase: CoopTurnCommitPhase color:green
[log] [coop:turn] host recorder: finalize turn=1 events=17 seq=17
[log] [coop:checkpoint] build field=4 weather=1/0 terrain=4/5 arenaTags=0 money=360 mons=[bi0:sp493/hp1865-1865/st0/fnt0 bi1:sp384/hp1715-1715/st0/fnt0 bi2:sp58/hp0-26/st7/fnt1 bi3:sp543/hp0-25/st7/fnt1]
[log] [coop:checkpoint] host capture field=4 weather=1 terrain=4 money=360 arenaTags=0 mons=[bi0:sp493/hp1865-1865/st0/fnt0 bi1:sp384/hp1715-1715/st0/fnt0 bi2:sp58/hp0-26/st7/fnt1 bi3:sp543/hp0-25/st7/fnt1]
[log] [coop:interaction] interactionCounter() read -> 13 (role=host)
[log] [coop:replay] host SEND turnResolution e=1828413413364172 wave=12 turn=1 rev=266 events=17 checksum=600f8af954c393ff
[log] [coop:transport] send host t=authorityEntry t=authorityEntry
[log] [coop:v2-shadow] PARITY kind=TURN_COMMIT rev=70 match=true field=- successor=none-non-command-boundary
[log] [coop:transport] send host t=turnResolution e=1828413413364172 wave=12 turn=1 rev=266 events=17 checksum=600f8af954c393ff
[log] [coop:runtime] send waveResolved wave=12 outcome=win (host)
[log] [coop:replay] host SEND waveResolved wave=12 outcome=win transition=WAVE_VICTORY/next13/biome0/egg1/wild
[log] [coop:transport] send host t=waveResolved wave=12 outcome=win captureParty=- cap=-
[log] [coop:transport] recv guest t=authorityEntry t=authorityEntry handlers=1
[log] [coop:transport] recv guest t=turnResolution e=1828413413364172 wave=12 turn=1 rev=266 events=17 checksum=600f8af954c393ff handlers=1
[log] [coop:transport] recv guest t=waveResolved wave=12 outcome=win captureParty=- cap=- handlers=1
[log] [38;2;255;127;80mPhaseInterceptor.to: Stopping on completion of CoopTurnCommitPhase[39m
[log] %cStart Phase: BattleEndPhase color:green
[log] [coop:progression] HOST automatic victory settlement deferred wave=12 sourceTurn=1 settlementTurn=2
[log] [coop:v2-authority] receipt rev=70 op=TURN/e1828413413364172/w12/t1 stage=admitted sender=1 generation=0 advanced retired=false waiting=[1] subsumed=[]
[log] [coop:transport] send host t=authorityEntry t=authorityEntry
[log] [coop:v2-authority] receipt rev=70 op=TURN/e1828413413364172/w12/t1 stage=admitted sender=1 generation=0 duplicate highestStage=0
[log] [coop:transport] send host t=authorityEntry t=authorityEntry
[log] [coop:v2-authority] receipt rev=70 op=TURN/e1828413413364172/w12/t1 stage=admitted sender=1 generation=0 duplicate highestStage=0
[log] [coop:v2-authority] receipt rev=70 op=TURN/e1828413413364172/w12/t1 stage=materialApplied sender=1 generation=0 advanced retired=false waiting=[1] subsumed=[]
[log] [coop:v2-authority] receipt rev=70 op=TURN/e1828413413364172/w12/t1 stage=controlInstalled sender=1 generation=0 advanced retired=true waiting=[] subsumed=[]
[log] [coop:v2-authority] receipt rev=70 op=TURN/e1828413413364172/w12/t1 stage=controlInstalled sender=1 generation=0 rejected reason=unknown-revision
[log] [coop:interaction] interactionCounter() read -> 13 (role=host)
[log] %cStart Phase: EggLapsePhase color:green
[log] %cStart Phase: CoopVictorySealPhase color:green
[log] [coop:transport] send host t=authorityEntry t=authorityEntry
[log] [coop:v2-shadow] PARITY kind=WAVE_ADVANCE rev=71 match=true field=-
[log] [coop:runtime] settled WAVE_ADVANCE committed wave=12 tick=267 next=WAVE_VICTORY/wave13
[log] [coop:runtime] send waveEndState wave=12 tick=267 (host)
[log] [coop:replay] host SEND waveEndState wave=12 tick=267 party=6
[log] [coop:transport] send host t=waveEndState t=waveEndState
[log] [coop:progression] HOST automatic victory settlement sealed wave=12 sourceTurn=1 settlementTurn=2 tick=267
[log] [coop:transport] recv guest t=authorityEntry t=authorityEntry handlers=1
[log] [coop:transport] recv guest t=waveEndState t=waveEndState handlers=1
[log] [coop:interaction] interactionCounter() read -> 13 (role=host)
[log] [coop:owner] ownerOf(counter=13) seat=1 -> owner=guest
[log] [coop:owner] isLocalOwnerAtCounter(pinnedCounter=13) parity=1 owner=guest role=host -> false
[log] [coop:interaction] interactionCounter() read -> 13 (role=host)
[log] [coop:reward] owner/watcher decision: pinnedStart=13 liveCounter=13 parity=1 role=host pick=WATCHER option=ROLL spoof=false
[log] [coop:shop] serializeRewardOptions count=3 ids=[BERRY,POKEBALL,MEMORY_MUSHROOM] tiers=[0,0,1]
[log] [coop:reward] OWNER streams reward options (start=13 reroll=0 count=3 ids=[BERRY,POKEBALL,MEMORY_MUSHROOM])
[log] [coop:relay] SEND rewardOptions seq=13 reroll=0 count=3 ids=[BERRY,POKEBALL,MEMORY_MUSHROOM]
[log] [coop:transport] send host t=authorityEntry t=authorityEntry
[log] [coop:v2-shadow] PARITY kind=INTERACTION_COMMIT rev=72 match=true field=-
[log] [coop:reward] authoritative options retained surface=reward pin=13 reroll=0 count=3 rev=27 id=1828413413364172:1:REWARD_PRESENT:1300000
[log] [coop:v2-interaction] suppressed raw rewardOptions key=13:0; immutable entry retained
[log] [coop:rendezvous] ARRIVE point=shop:12:13 (send) role=host
[log] [coop:transport] send host t=rendezvous point=shop:12:13
[log] [coop:reward] WATCHER waits for partner's reward picks (start=13 role=host wave=12)
[log] [coop:transport] recv guest t=authorityEntry t=authorityEntry handlers=1
[log] [coop:transport] recv guest t=rendezvous point=shop:12:13 handlers=1
[log] [coop:interaction] mirror begin role=watcher mirrorSeq=832 interactionStart=13 reroll=0
[log] [coop:interaction] uiMirror beginSession role=watcher mode=6 seq=832 early=0
[log] [coop:relay] AWAIT interactionChoice seq=13 timeoutMs=1200000 expected=[reward,shop,skip,reroll,check,transfer,lock] -> network-wait
[log] [coop:interaction] interactionCounter() read -> 13 (role=host)
[log] [coop:checksum] capture digest=600f8af954c393ff field=4 biome=2 seed=coop-soak-20365530 weather=1 terrain=4 money=360 party=[493,384,890,150,382,888] partyLevels=[500,500,500,500,500,500] arenaTags=0 modifiers=5 heldItemsDigest=0 pokeballs=[0:10,1:0,2:0,3:0,4:0] mons=[bi0:sp493/hp1865-1865/st0/ab121/form0/tera0:0/boss0:0 bi1:sp384/hp1715-1715/st0/ab263/form0/tera0:15/boss0:0 bi2:sp58/hp0-26/st7/ab22/form0/tera0:9/boss0:0 bi3:sp543/hp0-25/st7/ab127/form0/tera0:3/boss0:0]
[log] [coop:transport] send host t=authorityEntry t=authorityEntry
[log] [coop:rendezvous] RECV arrival point=shop:12:13 -> BUFFER (no waiter yet) role=host
[log] [coop:stream] host IGNORE cosmetic turn ACK stage=continuationReady key=1828413413364172:12:1:266 (v2 owns retirement)
[log] [coop:relay] DELIVER interactionChoice seq=13 -> waiter kind=reward choice=1 data=[0]
[log] [coop:relay] AWAIT interactionChoice seq=13 RESOLVE kind=reward choice=1 data=[0]
[log] [coop:v2-authority] receipt rev=71 op=V2/WAVE/e1828413413364172/w12/tick267 stage=admitted sender=1 generation=0 advanced retired=false waiting=[1] subsumed=[]
[log] [coop:transport] send host t=authorityEntry t=authorityEntry
[log] [coop:transport] send host t=authorityEntry t=authorityEntry
[log] [coop:v2-authority] receipt rev=71 op=V2/WAVE/e1828413413364172/w12/tick267 stage=admitted sender=1 generation=0 duplicate highestStage=0
[log] [coop:v2-authority] receipt rev=71 op=V2/WAVE/e1828413413364172/w12/tick267 stage=materialApplied sender=1 generation=0 advanced retired=false waiting=[1] subsumed=[]
[log] [coop:transport] send host t=authorityEntry t=authorityEntry
[log] [coop:v2-authority] receipt rev=71 op=V2/WAVE/e1828413413364172/w12/tick267 stage=controlInstalled sender=1 generation=0 advanced retired=true waiting=[] subsumed=[]
[log] [coop:v2-authority] receipt rev=72 op=1828413413364172:1:REWARD_PRESENT:1300000 stage=admitted sender=1 generation=0 advanced retired=false waiting=[1] subsumed=[]
[log] [coop:v2-authority] receipt rev=72 op=1828413413364172:1:REWARD_PRESENT:1300000 stage=materialApplied sender=1 generation=0 advanced retired=false waiting=[1] subsumed=[]
[log] [coop:v2-authority] receipt rev=72 op=1828413413364172:1:REWARD_PRESENT:1300000 stage=materialApplied sender=1 generation=0 duplicate highestStage=1
[log] [coop:v2-authority] receipt rev=72 op=1828413413364172:1:REWARD_PRESENT:1300000 stage=controlInstalled sender=1 generation=0 advanced retired=true waiting=[] subsumed=[]
[log] [coop:v2-authority] receipt rev=71 op=V2/WAVE/e1828413413364172/w12/tick267 stage=controlInstalled sender=1 generation=0 rejected reason=unknown-revision
[log] [coop:reward] WATCHER applying relayed action seq=13 act=REWARD choice=1 data=[0]
[log] [coop:owner] ownerOf(counter=13) seat=1 -> owner=guest
[log] [coop:owner] isLocalOwnerAtCounter(pinnedCounter=13) parity=1 owner=guest role=host -> false
[log] [coop:reward] APPLY_RESULT pin=13 side=watcher type=POKEBALL class=AddPokeballModifier pregen=[] holderSlot=-1 holderId=-1 stack=-1 accepted=true cost=-1
[log] [coop:transport] recv guest t=authorityEntry t=authorityEntry handlers=1
[log] [coop:transport] recv guest t=authorityEntry t=authorityEntry handlers=1
[log] [coop:transport] recv guest t=authorityEntry t=authorityEntry handlers=1
[log] [coop:v2-interaction] terminal proof recorded op=1828413413364172:1:REWARD:1300000 role=host seat=0 duplicate=0 ambient=1
[log] [coop:v2-interaction] phase terminal proof op=1828413413364172:1:REWARD:1300000 route=constructor-fallback accepted=1
[log] [coop:shop] serializeRewardOptions count=3 ids=[BERRY,POKEBALL,MEMORY_MUSHROOM] tiers=[0,0,1]
[log] [coop:transport] send host t=authorityEntry t=authorityEntry
[log] [coop:v2-shadow] PARITY kind=INTERACTION_COMMIT rev=73 match=true field=-
[log] [coop:reward] reward authoritative RESULT retained rev=28 tick=269 id=1828413413364172:1:REWARD:1300000
[log] [coop:interaction] interactionCounter() read -> 13 (role=host)
[log] [coop:interaction] CoopInteractionTurn.advance INCREMENT (fromCounter=13) counter 13 -> 14
[log] [coop:interaction] advanceInteraction ADVANCED+V2-LOCAL (fromCounter=13) counter 13 -> 14 role=host
[log] [coop:owner] ownerOf(counter=14) seat=0 -> owner=host
[log] [coop:owner] ownerOf(counter=14) seat=0 -> owner=host
[log] [coop:interaction] interactionCounter() read -> 14 (role=host)
[log] [coop:reward] advance interaction from V2 commit (role=host from=13 counter 13 -> 14); typed successor owns release
[log] [coop:transport] recv guest t=authorityEntry t=authorityEntry handlers=1
[log] [coop:interaction] interactionCounter() read -> 14 (role=host)
[log] [coop:interaction] interactionCounter() read -> 14 (role=host)
[log] [coop:v2-authority] receipt rev=71 op=V2/WAVE/e1828413413364172/w12/tick267 stage=controlInstalled sender=1 generation=0 rejected reason=unknown-revision
[log] [coop:v2-authority] receipt rev=72 op=1828413413364172:1:REWARD_PRESENT:1300000 stage=controlInstalled sender=1 generation=0 rejected reason=unknown-revision
[log] [coop:v2-authority] receipt rev=72 op=1828413413364172:1:REWARD_PRESENT:1300000 stage=controlInstalled sender=1 generation=0 rejected reason=unknown-revision
[log] [coop:v2-authority] receipt rev=73 op=1828413413364172:1:REWARD:1300000 stage=admitted sender=1 generation=0 advanced retired=false waiting=[1] subsumed=[]
[log] [coop:v2-authority] receipt rev=73 op=1828413413364172:1:REWARD:1300000 stage=admitted sender=1 generation=0 duplicate highestStage=0
[log] [coop:v2-authority] receipt rev=73 op=1828413413364172:1:REWARD:1300000 stage=materialApplied sender=1 generation=0 advanced retired=false waiting=[1] subsumed=[]
[log] [coop:v2-authority] receipt rev=73 op=1828413413364172:1:REWARD:1300000 stage=controlInstalled sender=1 generation=0 advanced retired=true waiting=[] subsumed=[]
[log] [coop:interaction] interactionCounter() read -> 14 (role=host)
[log] [coop:interaction] interactionCounter() read -> 14 (role=guest)
[log] [coop-soak:wave-complete] {"seed":20365530,"wave":12,"wavesRequested":200,"wavesCompleted":12,"waveElapsedMs":2399,"elapsedMs":59749,"findings":0,"hostPhase":"NewBattlePhase","guestPhase":"NewBattlePhase"}
[log] %cStart Phase: NewBattlePhase color:green
[log] %cStart Phase: NextEncounterPhase color:green
[log] [coop:interaction] interactionCounter() read -> 14 (role=host)
[log] [coop:replay] host SEND enemyPartySync wave=13 count=2 meType=-1 battleType=0 entryPresentation=-
[log] [coop:transport] send host t=enemyPartySync wave=13 enemies=2 battleType=0
[log] [coop:turn] host recorder: begin turn=1 scope=1828413413364172:13 (no prior open recording)
[log] [coop:transport] recv guest t=enemyPartySync wave=13 enemies=2 battleType=0 handlers=1
[log] %cStart Phase: ToggleDoublePositionPhase color:green
[log] %cStart Phase: CheckSwitchPhase color:green
[log] %cStart Phase: CheckSwitchPhase color:green
[log] %cStart Phase: InitEncounterPhase color:green
[log] [coop:turn] host recorder: preserve recording scope=1828413413364172:13 turn=1 events=0 seq=0
[log] %cStart Phase: PostSummonPhase color:green
[log] %cStart Phase: PostSummonPhase color:green
[log] %cStart Phase: TurnInitPhase color:green
[log] [coop:replay] host SEND enemyPartySync wave=13 count=2 meType=-1 battleType=0 entryPresentation=0
[log] [coop:transport] send host t=enemyPartySync wave=13 enemies=2 battleType=0
[log] [coop:replay] host RE-BROADCAST wave-start authority wave=13 after post-summon boundary stateChanged=false presentation=0 (#920)
[log] [coop:transport] send host t=authorityEntry t=authorityEntry
[log] [coop:v2-shadow] PARITY kind=CONTROL_COMMIT rev=74 match=true field=-
[log] [coop:rendezvous] next-command barrier ARRIVE+AWAIT cmd:13:1 slot=0
[log] [coop:rendezvous] ARRIVE point=cmd:13:1 (send) role=host
[log] [coop:transport] send host t=rendezvous point=cmd:13:1
[log] [coop:rendezvous] AWAIT point=cmd:13:1 timeoutMs=2000 -> network-wait role=host
[log] [coop:transport] recv guest t=enemyPartySync wave=13 enemies=2 battleType=0 handlers=1
[log] [coop:transport] recv guest t=authorityEntry t=authorityEntry handlers=1
[log] [coop:transport] recv guest t=rendezvous point=cmd:13:1 handlers=1
[log] [coop:v2-authority] receipt rev=74 op=V2/CONTROL/COMMAND/e1828413413364172/w13/t1/tick273 stage=admitted sender=1 generation=0 advanced retired=false waiting=[1] subsumed=[]
[log] [coop:transport] send host t=authorityEntry t=authorityEntry
[log] [coop:rendezvous] RECV arrival point=cmd:13:1 -> deliver-to-waiter role=host
[log] [coop:transport] send host t=rendezvous point=cmd:13:1
[log] [coop:rendezvous] AWAIT point=cmd:13:1 RESOLVE both-arrived role=host
[log] [coop:v2-authority] receipt rev=74 op=V2/CONTROL/COMMAND/e1828413413364172/w13/t1/tick273 stage=admitted sender=1 generation=0 duplicate highestStage=0
[log] [coop:v2-authority] receipt rev=74 op=V2/CONTROL/COMMAND/e1828413413364172/w13/t1/tick273 stage=materialApplied sender=1 generation=0 advanced retired=false waiting=[1] subsumed=[]
[log] [coop:v2-authority] receipt rev=74 op=V2/CONTROL/COMMAND/e1828413413364172/w13/t1/tick273 stage=materialApplied sender=1 generation=0 duplicate highestStage=1
[log] [coop:v2-authority] receipt rev=74 op=V2/CONTROL/COMMAND/e1828413413364172/w13/t1/tick273 stage=materialApplied sender=1 generation=0 duplicate highestStage=1
[log] [coop:v2-authority] receipt rev=74 op=V2/CONTROL/COMMAND/e1828413413364172/w13/t1/tick273 stage=materialApplied sender=1 generation=0 duplicate highestStage=1
[log] [coop:v2-authority] receipt rev=74 op=V2/CONTROL/COMMAND/e1828413413364172/w13/t1/tick273 stage=controlInstalled sender=1 generation=0 advanced retired=true waiting=[] subsumed=[]
[log] [coop:transport] recv guest t=rendezvous point=cmd:13:1 handlers=1
[log] [coop:transport] send host t=enemyPartySync wave=13 enemies=2 battleType=0
[log] [coop:replay] host RE-BROADCAST wave-start authority wave=13 after post-summon boundary stateChanged=false presentation=0 (#920)
[log] [coop:transport] recv guest t=enemyPartySync wave=13 enemies=2 battleType=0 handlers=1
[log] [coop-soak:wave-start] {"seed":20365530,"wave":13,"wavesRequested":200,"wavesCompleted":12,"elapsedMs":60410,"hostPhase":"CommandPhase","guestPhase":"CommandPhase"}
[log] [coop:interaction] interactionCounter() read -> 14 (role=host)
[log] [coop:interaction] interactionCounter() read -> 14 (role=guest)
[log] [coop:interaction] interactionCounter() read -> 14 (role=host)
[log] [coop:checksum] capture digest=883b3aa41a9c946b field=4 biome=2 seed=coop-soak-20365530 weather=1 terrain=4 money=360 party=[493,384,890,150,382,888] partyLevels=[500,500,500,500,500,500] arenaTags=0 modifiers=5 heldItemsDigest=0 pokeballs=[0:15,1:0,2:0,3:0,4:0] mons=[bi0:sp493/hp1865-1865/st0/ab121/form0/tera0:0/boss0:0 bi1:sp384/hp1715-1715/st0/ab263/form0/tera0:15/boss0:0 bi2:sp108/hp37-37/st0/ab144/form0/tera0:0/boss0:0 bi3:sp187/hp26-26/st0/ab102/form0/tera0:2/boss0:0]
[log] [coop:interaction] interactionCounter() read -> 14 (role=host)
[log] %cStart Phase: SelectTargetPhase color:green
[log] [coop:owner] broadcast own-slot fi=0 turn=1 role=host cmd=0
[log] [coop:relay] broadcastLocalCommand SEND fieldIndex=0 owner=host turn=1 command=0 cursor=2 moveId=53 targets=[2]
[log] [coop:transport] send host t=command fi=0 owner=host turn=1 cmd=0 cursor=2 move=53
[log] [coop:transport] recv guest t=command fi=0 owner=host turn=1 cmd=0 cursor=2 move=53 handlers=1
[log] [coop:relay] recv command fieldIndex=0 turn=1 command=0 -> BUFFERED (no awaiter yet)
[log] %cStart Phase: CommandPhase color:green
[log] [coop:transport] send host t=enemyPartySync wave=13 enemies=2 battleType=0
[log] [coop:replay] host RE-BROADCAST wave-start authority wave=13 after post-summon boundary stateChanged=true presentation=0 (#920)
[log] [coop:battle] CommandPhase slot=1 turn=1 owner=guest role=host -> partner path
[log] [coop:relay] host requestPartnerCommand SEND fieldIndex=1 turn=1 moveSlots=[0,1,2,3] (awaiting peer)
[log] [coop:transport] send host t=commandRequest fi=1 owner=guest turn=1 slots=4
[log] [coop:transport] recv guest t=enemyPartySync wave=13 enemies=2 battleType=0 handlers=1
[log] [coop:transport] recv guest t=commandRequest fi=1 owner=guest turn=1 slots=4 handlers=1
[log] [coop:relay] peer recv commandRequest fieldIndex=1 owner=guest turn=1 moveSlots=[0,1,2,3] -> reply command=0 cursor=3 moveId=85
[log] [coop:transport] send guest t=command fi=1 owner=guest turn=1 cmd=0 cursor=3 move=85
[log] [coop:transport] recv host t=command fi=1 owner=guest turn=1 cmd=0 cursor=3 move=85 handlers=1
[log] [coop:relay] recv command fieldIndex=1 turn=1 command=0 -> resolved awaiting request
[log] [coop:ai] applyWiredPartnerCommand partner=384 wiredMoveId=85 cursor=3 -> moveId=85 moveIndex=3 tera=false targets=[3] targetsFrom=wire-verbatim useMode=1
[log] %cStart Phase: EnemyCommandPhase color:green
[log] %cStart Phase: EnemyCommandPhase color:green
[log] %cStart Phase: TurnStartPhase color:green
[log] [coop-diag] turn-start authoritative guard mode=authoritative role=host turn=1 diverts=false
[log] [coop:turn] host recorder: preserve recording scope=1828413413364172:13 turn=1 events=0 seq=0
[log] %cStart Phase: MovePhase color:green
[log] [coop:turn] host recorder: append turn=1 seq=0 k=moveUsed total=1 live=true
[log] %cStart Phase: MessagePhase color:green
[log] %cStart Phase: MoveEffectPhase color:green
[log] [coop:turn] host recorder: append turn=1 seq=1 k=moveAnim total=2 live=true
[log] [coop:turn] host recorder: append turn=1 seq=2 k=hp total=3 live=true
[log] [coop:turn] host recorder: append turn=1 seq=3 k=faint total=4 live=true
[log] %cStart Phase: DamageAnimPhase color:green
[log] %cStart Phase: FaintPhase color:green
[log] %cStart Phase: MessagePhase color:green
[log] %cStart Phase: VictoryPhase color:green
[log] [coop:progression] HOST progression capture begin wave=13
[log] [coop:progression] HOST applyPartyExp COMPUTE wave=13 expValue=139.6 koMon=Lickitung
[log] %cStart Phase: MoveEndPhase color:green
[log] %cStart Phase: MovePhase color:green
[log] [coop:turn] host recorder: append turn=1 seq=4 k=moveUsed total=5 live=true
[log] %cStart Phase: MessagePhase color:green
[log] %cStart Phase: MoveEffectPhase color:green
[log] [coop:turn] host recorder: append turn=1 seq=5 k=moveAnim total=6 live=true
[log] [coop:turn] host recorder: append turn=1 seq=6 k=hp total=7 live=true
[log] [coop:turn] host recorder: append turn=1 seq=7 k=faint total=8 live=true
[log] %cStart Phase: DamageAnimPhase color:green
[log] %cStart Phase: FaintPhase color:green
[log] %cStart Phase: MessagePhase color:green
[log] %cStart Phase: VictoryPhase color:green
[log] [coop:progression] HOST applyPartyExp COMPUTE wave=13 expValue=81 koMon=Hoppip
[log] [coop:runtime] defer raw waveResolved wave=13 outcome=win until its material turnResolution is retained
[log] [coop-diag] VictoryPhase win-branch role=host battleType=WILD queuesTrainerVictory=false queuesSelectModifier=true wave=13
[log] [coop-diag] VictoryTail role=host wave=13 source=legacy-local trainer=false egg=true biomeShop=false biomeChange=false crossroads=false nextWave=14
[log] %cStart Phase: MoveEndPhase color:green
[log] %cStart Phase: MovePhase color:green
[log] %cStart Phase: MoveEndPhase color:green
[log] %cStart Phase: MovePhase color:green
[log] %cStart Phase: MoveEndPhase color:green
[log] %cStart Phase: CheckInterludePhase color:green
[log] %cStart Phase: WeatherEffectPhase color:green
[log] %cStart Phase: PositionalTagPhase color:green
[log] %cStart Phase: BerryPhase color:green
[log] %cStart Phase: CheckStatusEffectPhase color:green
[log] %cStart Phase: TurnEndPhase color:green
[log] %cStart Phase: CoopTurnCommitPhase color:green
[log] [coop:turn] host recorder: finalize turn=1 events=8 seq=8
[log] [coop:checkpoint] build field=4 weather=1/0 terrain=4/4 arenaTags=0 money=360 mons=[bi0:sp493/hp1865-1865/st0/fnt0 bi1:sp384/hp1715-1715/st0/fnt0 bi2:sp108/hp0-37/st7/fnt1 bi3:sp187/hp0-26/st7/fnt1]
[log] [coop:checkpoint] host capture field=4 weather=1 terrain=4 money=360 arenaTags=0 mons=[bi0:sp493/hp1865-1865/st0/fnt0 bi1:sp384/hp1715-1715/st0/fnt0 bi2:sp108/hp0-37/st7/fnt1 bi3:sp187/hp0-26/st7/fnt1]
[log] [coop:interaction] interactionCounter() read -> 14 (role=host)
[log] [coop:replay] host SEND turnResolution e=1828413413364172 wave=13 turn=1 rev=282 events=8 checksum=60150d4d8e4ae2cd
[log] [coop:transport] send host t=authorityEntry t=authorityEntry
[log] [coop:v2-shadow] PARITY kind=TURN_COMMIT rev=75 match=true field=- successor=none-non-command-boundary
[log] [coop:transport] send host t=turnResolution e=1828413413364172 wave=13 turn=1 rev=282 events=8 checksum=60150d4d8e4ae2cd
[log] [coop:runtime] send waveResolved wave=13 outcome=win (host)
[log] [coop:replay] host SEND waveResolved wave=13 outcome=win transition=WAVE_VICTORY/next14/biome0/egg1/wild
[log] [coop:transport] send host t=waveResolved wave=13 outcome=win captureParty=- cap=-
[log] [coop:transport] recv guest t=authorityEntry t=authorityEntry handlers=1
[log] [coop:transport] recv guest t=turnResolution e=1828413413364172 wave=13 turn=1 rev=282 events=8 checksum=60150d4d8e4ae2cd handlers=1
[log] [coop:transport] recv guest t=waveResolved wave=13 outcome=win captureParty=- cap=- handlers=1
[log] [38;2;255;127;80mPhaseInterceptor.to: Stopping on completion of CoopTurnCommitPhase[39m
[log] %cStart Phase: BattleEndPhase color:green
[log] [coop:progression] HOST automatic victory settlement deferred wave=13 sourceTurn=1 settlementTurn=2
[log] [coop:v2-authority] receipt rev=75 op=TURN/e1828413413364172/w13/t1 stage=admitted sender=1 generation=0 advanced retired=false waiting=[1] subsumed=[]
[log] [coop:transport] send host t=authorityEntry t=authorityEntry
[log] [coop:v2-authority] receipt rev=75 op=TURN/e1828413413364172/w13/t1 stage=admitted sender=1 generation=0 duplicate highestStage=0
[log] [coop:v2-authority] receipt rev=75 op=TURN/e1828413413364172/w13/t1 stage=admitted sender=1 generation=0 duplicate highestStage=0
[log] [coop:v2-authority] receipt rev=75 op=TURN/e1828413413364172/w13/t1 stage=materialApplied sender=1 generation=0 advanced retired=false waiting=[1] subsumed=[]
[log] [coop:v2-authority] receipt rev=75 op=TURN/e1828413413364172/w13/t1 stage=controlInstalled sender=1 generation=0 advanced retired=true waiting=[] subsumed=[]
[log] [coop:interaction] interactionCounter() read -> 14 (role=host)
[log] %cStart Phase: EggLapsePhase color:green
[log] %cStart Phase: CoopVictorySealPhase color:green
[log] [coop:transport] send host t=authorityEntry t=authorityEntry
[log] [coop:v2-shadow] PARITY kind=WAVE_ADVANCE rev=76 match=true field=-
[log] [coop:runtime] settled WAVE_ADVANCE committed wave=13 tick=283 next=WAVE_VICTORY/wave14
[log] [coop:runtime] send waveEndState wave=13 tick=283 (host)
[log] [coop:replay] host SEND waveEndState wave=13 tick=283 party=6
[log] [coop:transport] send host t=waveEndState t=waveEndState
[log] [coop:progression] HOST automatic victory settlement sealed wave=13 sourceTurn=1 settlementTurn=2 tick=283
[log] [coop:transport] recv guest t=authorityEntry t=authorityEntry handlers=1
[log] [coop:transport] recv guest t=waveEndState t=waveEndState handlers=1
[log] [coop:interaction] interactionCounter() read -> 14 (role=host)
[log] [coop:owner] ownerOf(counter=14) seat=0 -> owner=host
[log] [coop:owner] isLocalOwnerAtCounter(pinnedCounter=14) parity=0 owner=host role=host -> true
[log] [coop:interaction] interactionCounter() read -> 14 (role=host)
[log] [coop:reward] owner/watcher decision: pinnedStart=14 liveCounter=14 parity=0 role=host pick=OWNER option=ROLL spoof=false
[log] [coop:shop] serializeRewardOptions count=3 ids=[BERRY,RARE_CANDY,POKEBALL] tiers=[0,0,0]
[log] [coop:reward] OWNER streams reward options (start=14 reroll=0 count=3 ids=[BERRY,RARE_CANDY,POKEBALL])
[log] [coop:relay] SEND rewardOptions seq=14 reroll=0 count=3 ids=[BERRY,RARE_CANDY,POKEBALL]
[log] [coop:transport] send host t=authorityEntry t=authorityEntry
[log] [coop:v2-shadow] PARITY kind=INTERACTION_COMMIT rev=77 match=true field=-
[log] [coop:reward] authoritative options retained surface=reward pin=14 reroll=0 count=3 rev=29 id=1828413413364172:0:REWARD_PRESENT:1400000
[log] [coop:v2-interaction] suppressed raw rewardOptions key=14:0; immutable entry retained
[log] [coop:rendezvous] ARRIVE point=shop:13:14 (send) role=host
[log] [coop:transport] send host t=rendezvous point=shop:13:14
[log] [coop:reward] OWNER drives reward screen (start=14 role=host spoof=false adoptsOptions=false wave=13)
[log] [coop:rendezvous] shop-pick-commit barrier AWAIT shop:13:14
[log] [coop:rendezvous] AWAIT point=shop:13:14 timeoutMs=2000 -> network-wait role=host
[log] [coop:transport] recv guest t=authorityEntry t=authorityEntry handlers=1
[log] [coop:transport] recv guest t=rendezvous point=shop:13:14 handlers=1
[log] [coop:interaction] interactionCounter() read -> 14 (role=host)
[log] [coop:checksum] capture digest=60150d4d8e4ae2cd field=4 biome=2 seed=coop-soak-20365530 weather=1 terrain=4 money=360 party=[493,384,890,150,382,888] partyLevels=[500,500,500,500,500,500] arenaTags=0 modifiers=5 heldItemsDigest=0 pokeballs=[0:15,1:0,2:0,3:0,4:0] mons=[bi0:sp493/hp1865-1865/st0/ab121/form0/tera0:0/boss0:0 bi1:sp384/hp1715-1715/st0/ab263/form0/tera0:15/boss0:0 bi2:sp108/hp0-37/st7/ab144/form0/tera0:0/boss0:0 bi3:sp187/hp0-26/st7/ab102/form0/tera0:2/boss0:0]
[log] [coop:rendezvous] RECV arrival point=shop:13:14 -> deliver-to-waiter role=host
[log] [coop:transport] send host t=rendezvous point=shop:13:14
[log] [coop:rendezvous] AWAIT point=shop:13:14 RESOLVE both-arrived role=host
[log] [coop:stream] host IGNORE cosmetic turn ACK stage=continuationReady key=1828413413364172:13:1:282 (v2 owns retirement)
[log] [coop:v2-authority] receipt rev=76 op=V2/WAVE/e1828413413364172/w13/tick283 stage=admitted sender=1 generation=0 advanced retired=false waiting=[1] subsumed=[]
[log] [coop:transport] send host t=authorityEntry t=authorityEntry
[log] [coop:transport] send host t=authorityEntry t=authorityEntry
[log] [coop:v2-authority] receipt rev=76 op=V2/WAVE/e1828413413364172/w13/tick283 stage=admitted sender=1 generation=0 duplicate highestStage=0
[log] [coop:v2-authority] receipt rev=76 op=V2/WAVE/e1828413413364172/w13/tick283 stage=materialApplied sender=1 generation=0 advanced retired=false waiting=[1] subsumed=[]
[log] [coop:transport] send host t=authorityEntry t=authorityEntry
[log] [coop:v2-authority] receipt rev=76 op=V2/WAVE/e1828413413364172/w13/tick283 stage=controlInstalled sender=1 generation=0 advanced retired=true waiting=[] subsumed=[]
[log] [coop:v2-authority] receipt rev=77 op=1828413413364172:0:REWARD_PRESENT:1400000 stage=admitted sender=1 generation=0 advanced retired=false waiting=[1] subsumed=[]
[log] [coop:v2-authority] receipt rev=77 op=1828413413364172:0:REWARD_PRESENT:1400000 stage=materialApplied sender=1 generation=0 advanced retired=false waiting=[1] subsumed=[]
[log] [coop:v2-authority] receipt rev=77 op=1828413413364172:0:REWARD_PRESENT:1400000 stage=materialApplied sender=1 generation=0 duplicate highestStage=1
[log] [coop:v2-authority] receipt rev=77 op=1828413413364172:0:REWARD_PRESENT:1400000 stage=controlInstalled sender=1 generation=0 advanced retired=true waiting=[] subsumed=[]
[log] [coop:transport] recv guest t=rendezvous point=shop:13:14 handlers=1
[log] [coop:transport] recv guest t=authorityEntry t=authorityEntry handlers=1
[log] [coop:transport] recv guest t=authorityEntry t=authorityEntry handlers=1
[log] [coop:transport] recv guest t=authorityEntry t=authorityEntry handlers=1
[log] [coop:interaction] mirror begin role=owner mirrorSeq=896 interactionStart=14 reroll=0
[log] [coop:interaction] uiMirror beginSession role=owner mode=6 seq=896 early=0
[log] [coop:owner] ownerOf(counter=14) seat=0 -> owner=host
[log] [coop:owner] isLocalOwnerAtCounter(pinnedCounter=14) parity=0 owner=host role=host -> true
[log] [coop:owner] ownerOf(counter=14) seat=0 -> owner=host
[log] [coop:owner] isLocalOwnerAtCounter(pinnedCounter=14) parity=0 owner=host role=host -> true
[log] [coop:relay] OWNER prepare seq=14 kind=reward choice=2 data=[0] role=host
[log] [coop:reward] reward op INTENT prepared label=reward id=1828413413364172:0:REWARD:1400000
[log] [coop:relay] OWNER send raw seq=14 kind=reward choice=2 role=host
[log] [coop:relay] SEND interactionChoice seq=14 kind=reward kind=? choice=2 data=[0]
[log] [coop:v2-interaction] suppressed raw authority interactionChoice seq=14 kind=reward
[log] [coop:reward] APPLY_RESULT pin=14 side=owner type=POKEBALL class=AddPokeballModifier pregen=[] holderSlot=-1 holderId=-1 stack=-1 accepted=true cost=-1
[log] [coop:v2-interaction] terminal proof recorded op=1828413413364172:0:REWARD:1400000 role=host seat=0 duplicate=0 ambient=1
[log] [coop:v2-interaction] phase terminal proof op=1828413413364172:0:REWARD:1400000 route=constructor-fallback accepted=1
[log] [coop:shop] serializeRewardOptions count=3 ids=[BERRY,RARE_CANDY,POKEBALL] tiers=[0,0,0]
[log] [coop:transport] send host t=authorityEntry t=authorityEntry
[log] [coop:v2-shadow] PARITY kind=INTERACTION_COMMIT rev=78 match=true field=-
[log] [coop:reward] reward authoritative RESULT retained rev=30 tick=285 id=1828413413364172:0:REWARD:1400000
[log] [coop:interaction] interactionCounter() read -> 14 (role=host)
[log] [coop:interaction] CoopInteractionTurn.advance INCREMENT (fromCounter=14) counter 14 -> 15
[log] [coop:interaction] advanceInteraction ADVANCED+V2-LOCAL (fromCounter=14) counter 14 -> 15 role=host
[log] [coop:owner] ownerOf(counter=15) seat=1 -> owner=guest
[log] [coop:owner] ownerOf(counter=15) seat=1 -> owner=guest
[log] [coop:interaction] interactionCounter() read -> 15 (role=host)
[log] [coop:reward] advance interaction from V2 commit (role=host from=14 counter 14 -> 15); typed successor owns release
[log] [coop:transport] recv guest t=authorityEntry t=authorityEntry handlers=1
[log] [coop:v2-authority] receipt rev=76 op=V2/WAVE/e1828413413364172/w13/tick283 stage=controlInstalled sender=1 generation=0 rejected reason=unknown-revision
[log] [coop:v2-authority] receipt rev=77 op=1828413413364172:0:REWARD_PRESENT:1400000 stage=controlInstalled sender=1 generation=0 rejected reason=unknown-revision
[log] [coop:v2-authority] receipt rev=77 op=1828413413364172:0:REWARD_PRESENT:1400000 stage=controlInstalled sender=1 generation=0 rejected reason=unknown-revision
[log] [coop:v2-authority] receipt rev=78 op=1828413413364172:0:REWARD:1400000 stage=admitted sender=1 generation=0 advanced retired=false waiting=[1] subsumed=[]
[log] [coop:v2-authority] receipt rev=78 op=1828413413364172:0:REWARD:1400000 stage=admitted sender=1 generation=0 duplicate highestStage=0
[log] [coop:v2-authority] receipt rev=78 op=1828413413364172:0:REWARD:1400000 stage=materialApplied sender=1 generation=0 advanced retired=false waiting=[1] subsumed=[]
[log] [coop:v2-authority] receipt rev=78 op=1828413413364172:0:REWARD:1400000 stage=controlInstalled sender=1 generation=0 advanced retired=true waiting=[] subsumed=[]
[log] [coop:interaction] interactionCounter() read -> 15 (role=host)
[log] [coop:interaction] interactionCounter() read -> 15 (role=guest)
[log] [coop-soak:wave-complete] {"seed":20365530,"wave":13,"wavesRequested":200,"wavesCompleted":13,"waveElapsedMs":2336,"elapsedMs":62746,"findings":0,"hostPhase":"NewBattlePhase","guestPhase":"NewBattlePhase"}
[log] %cStart Phase: NewBattlePhase color:green
[log] %cStart Phase: NextEncounterPhase color:green
[log] [coop:interaction] interactionCounter() read -> 15 (role=host)
[log] [coop:replay] host SEND enemyPartySync wave=14 count=2 meType=-1 battleType=0 entryPresentation=-
[log] [coop:transport] send host t=enemyPartySync wave=14 enemies=2 battleType=0
[log] [coop:turn] host recorder: begin turn=1 scope=1828413413364172:14 (no prior open recording)
[log] [coop:transport] recv guest t=enemyPartySync wave=14 enemies=2 battleType=0 handlers=1
[log] %cStart Phase: ToggleDoublePositionPhase color:green
[log] %cStart Phase: CheckSwitchPhase color:green
[log] %cStart Phase: CheckSwitchPhase color:green
[log] %cStart Phase: InitEncounterPhase color:green
[log] [coop:turn] host recorder: preserve recording scope=1828413413364172:14 turn=1 events=0 seq=0
[log] %cStart Phase: PostSummonPhase color:green
[log] %cStart Phase: PostSummonPhase color:green
[log] %cStart Phase: TurnInitPhase color:green
[log] [coop:replay] host SEND enemyPartySync wave=14 count=2 meType=-1 battleType=0 entryPresentation=0
[log] [coop:transport] send host t=enemyPartySync wave=14 enemies=2 battleType=0
[log] [coop:replay] host RE-BROADCAST wave-start authority wave=14 after post-summon boundary stateChanged=false presentation=0 (#920)
[log] [coop:transport] send host t=authorityEntry t=authorityEntry
[log] [coop:v2-shadow] PARITY kind=CONTROL_COMMIT rev=79 match=true field=-
[log] [coop:rendezvous] next-command barrier ARRIVE+AWAIT cmd:14:1 slot=0
[log] [coop:rendezvous] ARRIVE point=cmd:14:1 (send) role=host
[log] [coop:transport] send host t=rendezvous point=cmd:14:1
[log] [coop:rendezvous] AWAIT point=cmd:14:1 timeoutMs=2000 -> network-wait role=host
[log] [coop:transport] recv guest t=enemyPartySync wave=14 enemies=2 battleType=0 handlers=1
[log] [coop:transport] recv guest t=authorityEntry t=authorityEntry handlers=1
[log] [coop:transport] recv guest t=rendezvous point=cmd:14:1 handlers=1
[log] [coop:v2-authority] receipt rev=79 op=V2/CONTROL/COMMAND/e1828413413364172/w14/t1/tick289 stage=admitted sender=1 generation=0 advanced retired=false waiting=[1] subsumed=[]
[log] [coop:transport] send host t=authorityEntry t=authorityEntry
[log] [coop:rendezvous] RECV arrival point=cmd:14:1 -> deliver-to-waiter role=host
[log] [coop:transport] send host t=rendezvous point=cmd:14:1
[log] [coop:rendezvous] AWAIT point=cmd:14:1 RESOLVE both-arrived role=host
[log] [coop:v2-authority] receipt rev=79 op=V2/CONTROL/COMMAND/e1828413413364172/w14/t1/tick289 stage=admitted sender=1 generation=0 duplicate highestStage=0
[log] [coop:v2-authority] receipt rev=79 op=V2/CONTROL/COMMAND/e1828413413364172/w14/t1/tick289 stage=materialApplied sender=1 generation=0 advanced retired=false waiting=[1] subsumed=[]
[log] [coop:v2-authority] receipt rev=79 op=V2/CONTROL/COMMAND/e1828413413364172/w14/t1/tick289 stage=materialApplied sender=1 generation=0 duplicate highestStage=1
[log] [coop:v2-authority] receipt rev=79 op=V2/CONTROL/COMMAND/e1828413413364172/w14/t1/tick289 stage=materialApplied sender=1 generation=0 duplicate highestStage=1
[log] [coop:v2-authority] receipt rev=79 op=V2/CONTROL/COMMAND/e1828413413364172/w14/t1/tick289 stage=materialApplied sender=1 generation=0 duplicate highestStage=1
[log] [coop:v2-authority] receipt rev=79 op=V2/CONTROL/COMMAND/e1828413413364172/w14/t1/tick289 stage=controlInstalled sender=1 generation=0 advanced retired=true waiting=[] subsumed=[]
[log] [coop:transport] recv guest t=rendezvous point=cmd:14:1 handlers=1
[log] [coop:transport] send host t=enemyPartySync wave=14 enemies=2 battleType=0
[log] [coop:replay] host RE-BROADCAST wave-start authority wave=14 after post-summon boundary stateChanged=false presentation=0 (#920)
[log] [coop:transport] recv guest t=enemyPartySync wave=14 enemies=2 battleType=0 handlers=1
[log] [coop-soak:wave-start] {"seed":20365530,"wave":14,"wavesRequested":200,"wavesCompleted":13,"elapsedMs":63403,"hostPhase":"CommandPhase","guestPhase":"CommandPhase"}
[log] [coop:interaction] interactionCounter() read -> 15 (role=host)
[log] [coop:interaction] interactionCounter() read -> 15 (role=guest)
[log] [coop:interaction] interactionCounter() read -> 15 (role=host)
[log] [coop:checksum] capture digest=845955624fb3644a field=4 biome=2 seed=coop-soak-20365530 weather=1 terrain=4 money=360 party=[493,384,890,150,382,888] partyLevels=[500,500,500,500,500,500] arenaTags=0 modifiers=5 heldItemsDigest=0 pokeballs=[0:20,1:0,2:0,3:0,4:0] mons=[bi0:sp493/hp1865-1865/st0/ab121/form0/tera0:0/boss0:0 bi1:sp384/hp1715-1715/st0/ab263/form0/tera0:15/boss0:0 bi2:sp415/hp28-28/st0/ab155/form0/tera0:6/boss0:0 bi3:sp108/hp37-37/st0/ab144/form0/tera0:0/boss0:0]
[log] [coop:interaction] interactionCounter() read -> 15 (role=host)
[log] %cStart Phase: SelectTargetPhase color:green
[log] [coop:owner] broadcast own-slot fi=0 turn=1 role=host cmd=0
[log] [coop:relay] broadcastLocalCommand SEND fieldIndex=0 owner=host turn=1 command=0 cursor=2 moveId=53 targets=[2]
[log] [coop:transport] send host t=command fi=0 owner=host turn=1 cmd=0 cursor=2 move=53
[log] [coop:transport] recv guest t=command fi=0 owner=host turn=1 cmd=0 cursor=2 move=53 handlers=1
[log] [coop:relay] recv command fieldIndex=0 turn=1 command=0 -> BUFFERED (no awaiter yet)
[log] %cStart Phase: CommandPhase color:green
[log] [coop:transport] send host t=enemyPartySync wave=14 enemies=2 battleType=0
[log] [coop:replay] host RE-BROADCAST wave-start authority wave=14 after post-summon boundary stateChanged=true presentation=0 (#920)
[log] [coop:battle] CommandPhase slot=1 turn=1 owner=guest role=host -> partner path
[log] [coop:relay] host requestPartnerCommand SEND fieldIndex=1 turn=1 moveSlots=[0,1,2,3] (awaiting peer)
[log] [coop:transport] send host t=commandRequest fi=1 owner=guest turn=1 slots=4
[log] [coop:transport] recv guest t=enemyPartySync wave=14 enemies=2 battleType=0 handlers=1
[log] [coop:transport] recv guest t=commandRequest fi=1 owner=guest turn=1 slots=4 handlers=1
[log] [coop:relay] peer recv commandRequest fieldIndex=1 owner=guest turn=1 moveSlots=[0,1,2,3] -> reply command=0 cursor=0 moveId=34
[log] [coop:transport] send guest t=command fi=1 owner=guest turn=1 cmd=0 cursor=0 move=34
[log] [coop:transport] recv host t=command fi=1 owner=guest turn=1 cmd=0 cursor=0 move=34 handlers=1
[log] [coop:relay] recv command fieldIndex=1 turn=1 command=0 -> resolved awaiting request
[log] [coop:ai] applyWiredPartnerCommand partner=384 wiredMoveId=34 cursor=0 -> moveId=34 moveIndex=0 tera=false targets=[3] targetsFrom=wire-verbatim useMode=1
[log] %cStart Phase: EnemyCommandPhase color:green
[log] %cStart Phase: EnemyCommandPhase color:green
[log] %cStart Phase: TurnStartPhase color:green
[log] [coop-diag] turn-start authoritative guard mode=authoritative role=host turn=1 diverts=false
[log] [coop:turn] host recorder: preserve recording scope=1828413413364172:14 turn=1 events=0 seq=0
[log] %cStart Phase: MovePhase color:green
[log] [coop:turn] host recorder: append turn=1 seq=0 k=moveUsed total=1 live=true
[log] %cStart Phase: MessagePhase color:green
[log] %cStart Phase: MoveEffectPhase color:green
[log] [coop:turn] host recorder: append turn=1 seq=1 k=moveAnim total=2 live=true
[log] [coop:turn] host recorder: append turn=1 seq=2 k=hp total=3 live=true
[log] [coop:turn] host recorder: append turn=1 seq=3 k=faint total=4 live=true
[log] [coop:turn] host recorder: append turn=1 seq=4 k=message total=5 live=true
[log] %cStart Phase: DamageAnimPhase color:green
[log] %cStart Phase: MessagePhase color:green
[log] %cStart Phase: FaintPhase color:green
[log] %cStart Phase: MessagePhase color:green
[log] %cStart Phase: VictoryPhase color:green
[log] [coop:progression] HOST progression capture begin wave=14
[log] [coop:progression] HOST applyPartyExp COMPUTE wave=14 expValue=89.2 koMon=Combee
[log] %cStart Phase: MoveEndPhase color:green
[log] %cStart Phase: MovePhase color:green
[log] [coop:turn] host recorder: append turn=1 seq=5 k=moveUsed total=6 live=true
[log] %cStart Phase: MessagePhase color:green
[log] %cStart Phase: MoveEffectPhase color:green
[log] [coop:turn] host recorder: append turn=1 seq=6 k=moveAnim total=7 live=true
[log] [coop:turn] host recorder: append turn=1 seq=7 k=hp total=8 live=true
[log] [coop:turn] host recorder: append turn=1 seq=8 k=faint total=9 live=true
[log] %cStart Phase: DamageAnimPhase color:green
[log] %cStart Phase: FaintPhase color:green
[log] %cStart Phase: MessagePhase color:green
[log] %cStart Phase: VictoryPhase color:green
[log] [coop:progression] HOST applyPartyExp COMPUTE wave=14 expValue=139.6 koMon=Lickitung
[log] [coop:runtime] defer raw waveResolved wave=14 outcome=win until its material turnResolution is retained
[log] [coop-diag] VictoryPhase win-branch role=host battleType=WILD queuesTrainerVictory=false queuesSelectModifier=true wave=14
[log] [coop-diag] VictoryTail role=host wave=14 source=legacy-local trainer=false egg=true biomeShop=false biomeChange=false crossroads=false nextWave=15
[log] %cStart Phase: MoveEndPhase color:green
[log] %cStart Phase: MovePhase color:green
[log] %cStart Phase: MoveEndPhase color:green
[log] %cStart Phase: MovePhase color:green
[log] %cStart Phase: MoveEndPhase color:green
[log] %cStart Phase: CheckInterludePhase color:green
[log] %cStart Phase: WeatherEffectPhase color:green
[log] %cStart Phase: PositionalTagPhase color:green
[log] %cStart Phase: BerryPhase color:green
[log] %cStart Phase: CheckStatusEffectPhase color:green
[log] %cStart Phase: TurnEndPhase color:green
[log] %cStart Phase: CoopTurnCommitPhase color:green
[log] [coop:turn] host recorder: finalize turn=1 events=9 seq=9
[log] [coop:checkpoint] build field=4 weather=1/0 terrain=4/3 arenaTags=0 money=360 mons=[bi0:sp493/hp1865-1865/st0/fnt0 bi1:sp384/hp1715-1715/st0/fnt0 bi2:sp415/hp0-28/st7/fnt1 bi3:sp108/hp0-37/st7/fnt1]
[log] [coop:checkpoint] host capture field=4 weather=1 terrain=4 money=360 arenaTags=0 mons=[bi0:sp493/hp1865-1865/st0/fnt0 bi1:sp384/hp1715-1715/st0/fnt0 bi2:sp415/hp0-28/st7/fnt1 bi3:sp108/hp0-37/st7/fnt1]
[log] [coop:interaction] interactionCounter() read -> 15 (role=host)
[log] [coop:replay] host SEND turnResolution e=1828413413364172 wave=14 turn=1 rev=298 events=9 checksum=6f3148f0cd40a30c
[log] [coop:transport] send host t=authorityEntry t=authorityEntry
[log] [coop:v2-shadow] PARITY kind=TURN_COMMIT rev=80 match=true field=- successor=none-non-command-boundary
[log] [coop:transport] send host t=turnResolution e=1828413413364172 wave=14 turn=1 rev=298 events=9 checksum=6f3148f0cd40a30c
[log] [coop:runtime] send waveResolved wave=14 outcome=win (host)
[log] [coop:replay] host SEND waveResolved wave=14 outcome=win transition=WAVE_VICTORY/next15/biome0/egg1/wild
[log] [coop:transport] send host t=waveResolved wave=14 outcome=win captureParty=- cap=-
[log] [coop:transport] recv guest t=authorityEntry t=authorityEntry handlers=1
[log] [coop:transport] recv guest t=turnResolution e=1828413413364172 wave=14 turn=1 rev=298 events=9 checksum=6f3148f0cd40a30c handlers=1
[log] [coop:transport] recv guest t=waveResolved wave=14 outcome=win captureParty=- cap=- handlers=1
[log] [38;2;255;127;80mPhaseInterceptor.to: Stopping on completion of CoopTurnCommitPhase[39m
[log] %cStart Phase: BattleEndPhase color:green
[log] [coop:progression] HOST automatic victory settlement deferred wave=14 sourceTurn=1 settlementTurn=2
[log] [coop:v2-authority] receipt rev=80 op=TURN/e1828413413364172/w14/t1 stage=admitted sender=1 generation=0 advanced retired=false waiting=[1] subsumed=[]
[log] [coop:transport] send host t=authorityEntry t=authorityEntry
[log] [coop:v2-authority] receipt rev=80 op=TURN/e1828413413364172/w14/t1 stage=admitted sender=1 generation=0 duplicate highestStage=0
[log] [coop:v2-authority] receipt rev=80 op=TURN/e1828413413364172/w14/t1 stage=admitted sender=1 generation=0 duplicate highestStage=0
[log] [coop:v2-authority] receipt rev=80 op=TURN/e1828413413364172/w14/t1 stage=materialApplied sender=1 generation=0 advanced retired=false waiting=[1] subsumed=[]
[log] [coop:v2-authority] receipt rev=80 op=TURN/e1828413413364172/w14/t1 stage=controlInstalled sender=1 generation=0 advanced retired=true waiting=[] subsumed=[]
[log] [coop:interaction] interactionCounter() read -> 15 (role=host)
[log] %cStart Phase: EggLapsePhase color:green
[log] %cStart Phase: CoopVictorySealPhase color:green
[log] [coop:transport] send host t=authorityEntry t=authorityEntry
[log] [coop:v2-shadow] PARITY kind=WAVE_ADVANCE rev=81 match=true field=-
[log] [coop:runtime] settled WAVE_ADVANCE committed wave=14 tick=299 next=WAVE_VICTORY/wave15
[log] [coop:runtime] send waveEndState wave=14 tick=299 (host)
[log] [coop:replay] host SEND waveEndState wave=14 tick=299 party=6
[log] [coop:transport] send host t=waveEndState t=waveEndState
[log] [coop:progression] HOST automatic victory settlement sealed wave=14 sourceTurn=1 settlementTurn=2 tick=299
[log] [coop:transport] recv guest t=authorityEntry t=authorityEntry handlers=1
[log] [coop:transport] recv guest t=waveEndState t=waveEndState handlers=1
[log] [coop:interaction] interactionCounter() read -> 15 (role=host)
[log] [coop:owner] ownerOf(counter=15) seat=1 -> owner=guest
[log] [coop:owner] isLocalOwnerAtCounter(pinnedCounter=15) parity=1 owner=guest role=host -> false
[log] [coop:interaction] interactionCounter() read -> 15 (role=host)
[log] [coop:reward] owner/watcher decision: pinnedStart=15 liveCounter=15 parity=1 role=host pick=WATCHER option=ROLL spoof=false
[log] [coop:shop] serializeRewardOptions count=3 ids=[GREAT_BALL,ABILITY_RANDOMIZER,TEMP_STAT_STAGE_BOOSTER] tiers=[1,2,0]
[log] [coop:reward] OWNER streams reward options (start=15 reroll=0 count=3 ids=[GREAT_BALL,ABILITY_RANDOMIZER,TEMP_STAT_STAGE_BOOSTER])
[log] [coop:relay] SEND rewardOptions seq=15 reroll=0 count=3 ids=[GREAT_BALL,ABILITY_RANDOMIZER,TEMP_STAT_STAGE_BOOSTER]
[log] [coop:transport] send host t=authorityEntry t=authorityEntry
[log] [coop:v2-shadow] PARITY kind=INTERACTION_COMMIT rev=82 match=true field=-
[log] [coop:reward] authoritative options retained surface=reward pin=15 reroll=0 count=3 rev=31 id=1828413413364172:1:REWARD_PRESENT:1500000
[log] [coop:v2-interaction] suppressed raw rewardOptions key=15:0; immutable entry retained
[log] [coop:rendezvous] ARRIVE point=shop:14:15 (send) role=host
[log] [coop:transport] send host t=rendezvous point=shop:14:15
[log] [coop:reward] WATCHER waits for partner's reward picks (start=15 role=host wave=14)
[log] [coop:transport] recv guest t=authorityEntry t=authorityEntry handlers=1
[log] [coop:transport] recv guest t=rendezvous point=shop:14:15 handlers=1
[log] [coop:interaction] mirror begin role=watcher mirrorSeq=960 interactionStart=15 reroll=0
[log] [coop:interaction] uiMirror beginSession role=watcher mode=6 seq=960 early=0
[log] [coop:relay] AWAIT interactionChoice seq=15 timeoutMs=1200000 expected=[reward,shop,skip,reroll,check,transfer,lock] -> network-wait
[log] [coop:interaction] interactionCounter() read -> 15 (role=host)
[log] [coop:checksum] capture digest=6f3148f0cd40a30c field=4 biome=2 seed=coop-soak-20365530 weather=1 terrain=4 money=360 party=[493,384,890,150,382,888] partyLevels=[500,500,500,500,500,500] arenaTags=0 modifiers=5 heldItemsDigest=0 pokeballs=[0:20,1:0,2:0,3:0,4:0] mons=[bi0:sp493/hp1865-1865/st0/ab121/form0/tera0:0/boss0:0 bi1:sp384/hp1715-1715/st0/ab263/form0/tera0:15/boss0:0 bi2:sp415/hp0-28/st7/ab155/form0/tera0:6/boss0:0 bi3:sp108/hp0-37/st7/ab144/form0/tera0:0/boss0:0]
[log] [coop:transport] send host t=authorityEntry t=authorityEntry
[log] [coop:rendezvous] RECV arrival point=shop:14:15 -> BUFFER (no waiter yet) role=host
[log] [coop:stream] host IGNORE cosmetic turn ACK stage=continuationReady key=1828413413364172:14:1:298 (v2 owns retirement)
[log] [coop:relay] DELIVER interactionChoice seq=15 -> waiter kind=reward choice=0 data=[0]
[log] [coop:relay] AWAIT interactionChoice seq=15 RESOLVE kind=reward choice=0 data=[0]
[log] [coop:v2-authority] receipt rev=81 op=V2/WAVE/e1828413413364172/w14/tick299 stage=admitted sender=1 generation=0 advanced retired=false waiting=[1] subsumed=[]
[log] [coop:transport] send host t=authorityEntry t=authorityEntry
[log] [coop:transport] send host t=authorityEntry t=authorityEntry
[log] [coop:v2-authority] receipt rev=81 op=V2/WAVE/e1828413413364172/w14/tick299 stage=admitted sender=1 generation=0 duplicate highestStage=0
[log] [coop:v2-authority] receipt rev=81 op=V2/WAVE/e1828413413364172/w14/tick299 stage=materialApplied sender=1 generation=0 advanced retired=false waiting=[1] subsumed=[]
[log] [coop:transport] send host t=authorityEntry t=authorityEntry
[log] [coop:v2-authority] receipt rev=81 op=V2/WAVE/e1828413413364172/w14/tick299 stage=controlInstalled sender=1 generation=0 advanced retired=true waiting=[] subsumed=[]
[log] [coop:v2-authority] receipt rev=82 op=1828413413364172:1:REWARD_PRESENT:1500000 stage=admitted sender=1 generation=0 advanced retired=false waiting=[1] subsumed=[]
[log] [coop:v2-authority] receipt rev=82 op=1828413413364172:1:REWARD_PRESENT:1500000 stage=materialApplied sender=1 generation=0 advanced retired=false waiting=[1] subsumed=[]
[log] [coop:v2-authority] receipt rev=82 op=1828413413364172:1:REWARD_PRESENT:1500000 stage=materialApplied sender=1 generation=0 duplicate highestStage=1
[log] [coop:v2-authority] receipt rev=82 op=1828413413364172:1:REWARD_PRESENT:1500000 stage=controlInstalled sender=1 generation=0 advanced retired=true waiting=[] subsumed=[]
[log] [coop:v2-authority] receipt rev=81 op=V2/WAVE/e1828413413364172/w14/tick299 stage=controlInstalled sender=1 generation=0 rejected reason=unknown-revision
[log] [coop:reward] WATCHER applying relayed action seq=15 act=REWARD choice=0 data=[0]
[log] [coop:owner] ownerOf(counter=15) seat=1 -> owner=guest
[log] [coop:owner] isLocalOwnerAtCounter(pinnedCounter=15) parity=1 owner=guest role=host -> false
[log] [coop:reward] APPLY_RESULT pin=15 side=watcher type=GREAT_BALL class=AddPokeballModifier pregen=[] holderSlot=-1 holderId=-1 stack=-1 accepted=true cost=-1
[log] [coop:transport] recv guest t=authorityEntry t=authorityEntry handlers=1
[log] [coop:transport] recv guest t=authorityEntry t=authorityEntry handlers=1
[log] [coop:transport] recv guest t=authorityEntry t=authorityEntry handlers=1
[log] [coop:v2-interaction] terminal proof recorded op=1828413413364172:1:REWARD:1500000 role=host seat=0 duplicate=0 ambient=1
[log] [coop:v2-interaction] phase terminal proof op=1828413413364172:1:REWARD:1500000 route=constructor-fallback accepted=1
[log] [coop:shop] serializeRewardOptions count=3 ids=[GREAT_BALL,ABILITY_RANDOMIZER,TEMP_STAT_STAGE_BOOSTER] tiers=[1,2,0]
[log] [coop:transport] send host t=authorityEntry t=authorityEntry
[log] [coop:v2-shadow] PARITY kind=INTERACTION_COMMIT rev=83 match=true field=-
[log] [coop:reward] reward authoritative RESULT retained rev=32 tick=301 id=1828413413364172:1:REWARD:1500000
[log] [coop:interaction] interactionCounter() read -> 15 (role=host)
[log] [coop:interaction] CoopInteractionTurn.advance INCREMENT (fromCounter=15) counter 15 -> 16
[log] [coop:interaction] advanceInteraction ADVANCED+V2-LOCAL (fromCounter=15) counter 15 -> 16 role=host
[log] [coop:owner] ownerOf(counter=16) seat=0 -> owner=host
[log] [coop:owner] ownerOf(counter=16) seat=0 -> owner=host
[log] [coop:interaction] interactionCounter() read -> 16 (role=host)
[log] [coop:reward] advance interaction from V2 commit (role=host from=15 counter 15 -> 16); typed successor owns release
[log] [coop:transport] recv guest t=authorityEntry t=authorityEntry handlers=1
[log] [coop:interaction] interactionCounter() read -> 16 (role=host)
[log] [coop:interaction] interactionCounter() read -> 16 (role=host)
[log] [coop:v2-authority] receipt rev=81 op=V2/WAVE/e1828413413364172/w14/tick299 stage=controlInstalled sender=1 generation=0 rejected reason=unknown-revision
[log] [coop:v2-authority] receipt rev=82 op=1828413413364172:1:REWARD_PRESENT:1500000 stage=controlInstalled sender=1 generation=0 rejected reason=unknown-revision
[log] [coop:v2-authority] receipt rev=82 op=1828413413364172:1:REWARD_PRESENT:1500000 stage=controlInstalled sender=1 generation=0 rejected reason=unknown-revision
[log] [coop:v2-authority] receipt rev=83 op=1828413413364172:1:REWARD:1500000 stage=admitted sender=1 generation=0 advanced retired=false waiting=[1] subsumed=[]
[log] [coop:v2-authority] receipt rev=83 op=1828413413364172:1:REWARD:1500000 stage=admitted sender=1 generation=0 duplicate highestStage=0
[log] [coop:v2-authority] receipt rev=83 op=1828413413364172:1:REWARD:1500000 stage=materialApplied sender=1 generation=0 advanced retired=false waiting=[1] subsumed=[]
[log] [coop:v2-authority] receipt rev=83 op=1828413413364172:1:REWARD:1500000 stage=controlInstalled sender=1 generation=0 advanced retired=true waiting=[] subsumed=[]
[log] [coop:interaction] interactionCounter() read -> 16 (role=host)
[log] [coop:interaction] interactionCounter() read -> 16 (role=guest)
[log] [coop-soak:wave-complete] {"seed":20365530,"wave":14,"wavesRequested":200,"wavesCompleted":14,"waveElapsedMs":2195,"elapsedMs":65598,"findings":0,"hostPhase":"NewBattlePhase","guestPhase":"NewBattlePhase"}
[log] %cStart Phase: NewBattlePhase color:green
[log] %cStart Phase: NextEncounterPhase color:green
[log] [coop:interaction] interactionCounter() read -> 16 (role=host)
[log] [coop:replay] host SEND enemyPartySync wave=15 count=2 meType=-1 battleType=0 entryPresentation=-
[log] [coop:transport] send host t=enemyPartySync wave=15 enemies=2 battleType=0
[log] [coop:turn] host recorder: begin turn=1 scope=1828413413364172:15 (no prior open recording)
[log] [coop:transport] recv guest t=enemyPartySync wave=15 enemies=2 battleType=0 handlers=1
[log] %cStart Phase: ToggleDoublePositionPhase color:green
[log] %cStart Phase: CheckSwitchPhase color:green
[log] %cStart Phase: CheckSwitchPhase color:green
[log] %cStart Phase: InitEncounterPhase color:green
[log] [coop:turn] host recorder: preserve recording scope=1828413413364172:15 turn=1 events=0 seq=0
[log] %cStart Phase: PostSummonPhase color:green
[log] %cStart Phase: PostSummonPhase color:green
[log] %cStart Phase: PostSummonPhase color:green
[log] [coop:turn] host recorder: append turn=1 seq=0 k=terrain total=1 live=true
[log] [coop:turn] host recorder: append turn=1 seq=1 k=message total=2 live=true
[log] %cStart Phase: ShowAbilityPhase color:green
[log] [coop:turn] host recorder: append turn=1 seq=2 k=showAbility total=3 live=true
[log] %cStart Phase: CommonAnimPhase color:green
[log] %cStart Phase: MessagePhase color:green
[log] %cStart Phase: HideAbilityPhase color:green
[log] [coop:turn] host recorder: append turn=1 seq=3 k=hideAbility total=4 live=true
[log] %cStart Phase: TurnInitPhase color:green
[log] [coop:replay] host SEND enemyPartySync wave=15 count=2 meType=-1 battleType=0 entryPresentation=4
[log] [coop:transport] send host t=enemyPartySync wave=15 enemies=2 battleType=0
[log] [coop:replay] host RE-BROADCAST wave-start authority wave=15 after post-summon boundary stateChanged=true presentation=4 (#920)
[log] [coop:transport] send host t=authorityEntry t=authorityEntry
[log] [coop:v2-shadow] PARITY kind=CONTROL_COMMIT rev=84 match=true field=-
[log] [coop:rendezvous] next-command barrier ARRIVE+AWAIT cmd:15:1 slot=0
[log] [coop:rendezvous] ARRIVE point=cmd:15:1 (send) role=host
[log] [coop:transport] send host t=rendezvous point=cmd:15:1
[log] [coop:rendezvous] AWAIT point=cmd:15:1 timeoutMs=2000 -> network-wait role=host
[log] [coop:transport] recv guest t=enemyPartySync wave=15 enemies=2 battleType=0 handlers=1
[log] [coop:transport] recv guest t=authorityEntry t=authorityEntry handlers=1
[log] [coop:transport] recv guest t=rendezvous point=cmd:15:1 handlers=1
[log] [coop:v2-authority] receipt rev=84 op=V2/CONTROL/COMMAND/e1828413413364172/w15/t1/tick305 stage=admitted sender=1 generation=0 advanced retired=false waiting=[1] subsumed=[]
[log] [coop:transport] send host t=authorityEntry t=authorityEntry
[log] [coop:rendezvous] RECV arrival point=cmd:15:1 -> deliver-to-waiter role=host
[log] [coop:transport] send host t=rendezvous point=cmd:15:1
[log] [coop:rendezvous] AWAIT point=cmd:15:1 RESOLVE both-arrived role=host
[log] [coop:v2-authority] receipt rev=84 op=V2/CONTROL/COMMAND/e1828413413364172/w15/t1/tick305 stage=admitted sender=1 generation=0 duplicate highestStage=0
[log] [coop:v2-authority] receipt rev=84 op=V2/CONTROL/COMMAND/e1828413413364172/w15/t1/tick305 stage=materialApplied sender=1 generation=0 advanced retired=false waiting=[1] subsumed=[]
[log] [coop:v2-authority] receipt rev=84 op=V2/CONTROL/COMMAND/e1828413413364172/w15/t1/tick305 stage=materialApplied sender=1 generation=0 duplicate highestStage=1
[log] [coop:v2-authority] receipt rev=84 op=V2/CONTROL/COMMAND/e1828413413364172/w15/t1/tick305 stage=materialApplied sender=1 generation=0 duplicate highestStage=1
[log] [coop:v2-authority] receipt rev=84 op=V2/CONTROL/COMMAND/e1828413413364172/w15/t1/tick305 stage=materialApplied sender=1 generation=0 duplicate highestStage=1
[log] [coop:v2-authority] receipt rev=84 op=V2/CONTROL/COMMAND/e1828413413364172/w15/t1/tick305 stage=controlInstalled sender=1 generation=0 advanced retired=true waiting=[] subsumed=[]
[log] [coop:transport] recv guest t=rendezvous point=cmd:15:1 handlers=1
[log] [coop:transport] send host t=enemyPartySync wave=15 enemies=2 battleType=0
[log] [coop:replay] host RE-BROADCAST wave-start authority wave=15 after post-summon boundary stateChanged=false presentation=4 (#920)
[log] [coop:transport] recv guest t=enemyPartySync wave=15 enemies=2 battleType=0 handlers=1
[log] [coop-soak:wave-start] {"seed":20365530,"wave":15,"wavesRequested":200,"wavesCompleted":14,"elapsedMs":66533,"hostPhase":"CommandPhase","guestPhase":"CommandPhase"}
[log] [coop:interaction] interactionCounter() read -> 16 (role=host)
[log] [coop:interaction] interactionCounter() read -> 16 (role=guest)
[log] [coop:interaction] interactionCounter() read -> 16 (role=host)
[log] [coop:checksum] capture digest=de55a7305622fb8b field=4 biome=2 seed=coop-soak-20365530 weather=1 terrain=3 money=360 party=[493,384,890,150,382,888] partyLevels=[500,500,500,500,500,500] arenaTags=0 modifiers=5 heldItemsDigest=0 pokeballs=[0:20,1:5,2:0,3:0,4:0] mons=[bi0:sp493/hp1865-1865/st0/ab121/form0/tera0:0/boss0:0 bi1:sp384/hp1715-1715/st0/ab263/form0/tera0:15/boss0:0 bi2:sp191/hp34-34/st0/ab229/form0/tera0:11/boss0:0 bi3:sp543/hp27-27/st0/ab5451/form0/tera0:3/boss0:0]
[log] [coop:interaction] interactionCounter() read -> 16 (role=host)
[log] %cStart Phase: SelectTargetPhase color:green
[log] [coop:owner] broadcast own-slot fi=0 turn=1 role=host cmd=0
[log] [coop:relay] broadcastLocalCommand SEND fieldIndex=0 owner=host turn=1 command=0 cursor=3 moveId=85 targets=[2]
[log] [coop:transport] send host t=command fi=0 owner=host turn=1 cmd=0 cursor=3 move=85
[log] [coop:transport] recv guest t=command fi=0 owner=host turn=1 cmd=0 cursor=3 move=85 handlers=1
[log] [coop:relay] recv command fieldIndex=0 turn=1 command=0 -> BUFFERED (no awaiter yet)
[log] %cStart Phase: CommandPhase color:green
[log] [coop:transport] send host t=enemyPartySync wave=15 enemies=2 battleType=0
[log] [coop:replay] host RE-BROADCAST wave-start authority wave=15 after post-summon boundary stateChanged=true presentation=4 (#920)
[log] [coop:battle] CommandPhase slot=1 turn=1 owner=guest role=host -> partner path
[log] [coop:relay] host requestPartnerCommand SEND fieldIndex=1 turn=1 moveSlots=[0,1,2,3] (awaiting peer)
[log] [coop:transport] send host t=commandRequest fi=1 owner=guest turn=1 slots=4
[log] [coop:transport] recv guest t=enemyPartySync wave=15 enemies=2 battleType=0 handlers=1
[log] [coop:transport] recv guest t=commandRequest fi=1 owner=guest turn=1 slots=4 handlers=1
[log] [coop:relay] peer recv commandRequest fieldIndex=1 owner=guest turn=1 moveSlots=[0,1,2,3] -> reply command=0 cursor=1 moveId=247
[log] [coop:transport] send guest t=command fi=1 owner=guest turn=1 cmd=0 cursor=1 move=247
[log] [coop:transport] recv host t=command fi=1 owner=guest turn=1 cmd=0 cursor=1 move=247 handlers=1
[log] [coop:relay] recv command fieldIndex=1 turn=1 command=0 -> resolved awaiting request
[log] [coop:ai] applyWiredPartnerCommand partner=384 wiredMoveId=247 cursor=1 -> moveId=247 moveIndex=1 tera=false targets=[3] targetsFrom=wire-verbatim useMode=1
[log] %cStart Phase: EnemyCommandPhase color:green
[log] %cStart Phase: EnemyCommandPhase color:green
[log] %cStart Phase: TurnStartPhase color:green
[log] [coop-diag] turn-start authoritative guard mode=authoritative role=host turn=1 diverts=false
[log] [coop:turn] host recorder: preserve recording scope=1828413413364172:15 turn=1 events=7 seq=7
[log] %cStart Phase: MovePhase color:green
[log] [coop:turn] host recorder: append turn=1 seq=7 k=moveUsed total=8 live=true
[log] %cStart Phase: MessagePhase color:green
[log] %cStart Phase: MoveEffectPhase color:green
[log] [coop:turn] host recorder: append turn=1 seq=8 k=moveAnim total=9 live=true
[log] [coop:turn] host recorder: append turn=1 seq=9 k=hp total=10 live=true
[log] [coop:turn] host recorder: append turn=1 seq=10 k=faint total=11 live=true
[log] [coop:turn] host recorder: append turn=1 seq=11 k=message total=12 live=true
[log] %cStart Phase: DamageAnimPhase color:green
[log] %cStart Phase: MessagePhase color:green
[log] %cStart Phase: FaintPhase color:green
[log] %cStart Phase: MessagePhase color:green
[log] %cStart Phase: ShowAbilityPhase color:green
[log] [coop:turn] host recorder: append turn=1 seq=12 k=showAbility total=13 live=true
[log] %cStart Phase: StatStageChangePhase color:green
[log] [coop:turn] host recorder: append turn=1 seq=13 k=message total=14 live=true
[log] [coop:turn] host recorder: append turn=1 seq=14 k=statStage total=15 live=true
[log] %cStart Phase: MessagePhase color:green
[log] %cStart Phase: StatStageChangePhase color:green
[log] [coop:turn] host recorder: append turn=1 seq=15 k=message total=16 live=true
[log] [coop:turn] host recorder: append turn=1 seq=16 k=statStage total=17 live=true
[log] %cStart Phase: MessagePhase color:green
[log] %cStart Phase: StatStageChangePhase color:green
[log] [coop:turn] host recorder: append turn=1 seq=17 k=message total=18 live=true
[log] [coop:turn] host recorder: append turn=1 seq=18 k=statStage total=19 live=true
[log] %cStart Phase: MessagePhase color:green
[log] %cStart Phase: StatStageChangePhase color:green
[log] [coop:turn] host recorder: append turn=1 seq=19 k=message total=20 live=true
[log] [coop:turn] host recorder: append turn=1 seq=20 k=statStage total=21 live=true
[log] %cStart Phase: MessagePhase color:green
[log] %cStart Phase: HideAbilityPhase color:green
[log] [coop:turn] host recorder: append turn=1 seq=21 k=hideAbility total=22 live=true
[log] %cStart Phase: VictoryPhase color:green
[log] [coop:progression] HOST progression capture begin wave=15
[log] [coop:progression] HOST applyPartyExp COMPUTE wave=15 expValue=73 koMon=Sunkern
[log] %cStart Phase: MoveEndPhase color:green
[log] %cStart Phase: MovePhase color:green
[log] [coop:turn] host recorder: append turn=1 seq=22 k=moveUsed total=23 live=true
[log] %cStart Phase: MessagePhase color:green
[log] %cStart Phase: MoveEffectPhase color:green
[log] [coop:turn] host recorder: append turn=1 seq=23 k=moveAnim total=24 live=true
[log] [coop:turn] host recorder: append turn=1 seq=24 k=hp total=25 live=true
[log] [coop:turn] host recorder: append turn=1 seq=25 k=faint total=26 live=true
[log] %cStart Phase: DamageAnimPhase color:green
[log] %cStart Phase: FaintPhase color:green
[log] %cStart Phase: MessagePhase color:green
[log] %cStart Phase: VictoryPhase color:green
[log] [coop:progression] HOST applyPartyExp COMPUTE wave=15 expValue=94.6 koMon=Venipede
[log] [coop:runtime] defer raw waveResolved wave=15 outcome=win until its material turnResolution is retained
[log] [coop-diag] VictoryPhase win-branch role=host battleType=WILD queuesTrainerVictory=false queuesSelectModifier=true wave=15
[log] [coop-diag] VictoryTail role=host wave=15 source=legacy-local trainer=false egg=true biomeShop=false biomeChange=false crossroads=true nextWave=16
[log] %cStart Phase: MoveEndPhase color:green
[log] %cStart Phase: MovePhase color:green
[log] %cStart Phase: MoveEndPhase color:green
[log] %cStart Phase: MovePhase color:green
[log] %cStart Phase: MoveEndPhase color:green
[log] %cStart Phase: CheckInterludePhase color:green
[log] %cStart Phase: WeatherEffectPhase color:green
[log] %cStart Phase: PositionalTagPhase color:green
[log] %cStart Phase: BerryPhase color:green
[log] %cStart Phase: CheckStatusEffectPhase color:green
[log] %cStart Phase: TurnEndPhase color:green
[log] %cStart Phase: PokemonHealPhase color:green
[log] [coop:turn] host recorder: append turn=1 seq=26 k=message total=27 live=true
[log] %cStart Phase: MessagePhase color:green
[log] %cStart Phase: CoopTurnCommitPhase color:green
[log] [coop:turn] host recorder: finalize turn=1 events=27 seq=27
[log] [coop:checkpoint] build field=4 weather=1/0 terrain=3/7 arenaTags=0 money=360 mons=[bi0:sp493/hp1865-1865/st0/fnt0 bi1:sp384/hp1715-1715/st0/fnt0 bi2:sp191/hp0-34/st7/fnt1 bi3:sp543/hp0-27/st7/fnt1]
[log] [coop:checkpoint] host capture field=4 weather=1 terrain=3 money=360 arenaTags=0 mons=[bi0:sp493/hp1865-1865/st0/fnt0 bi1:sp384/hp1715-1715/st0/fnt0 bi2:sp191/hp0-34/st7/fnt1 bi3:sp543/hp0-27/st7/fnt1]
[log] [coop:interaction] interactionCounter() read -> 16 (role=host)
[log] [coop:replay] host SEND turnResolution e=1828413413364172 wave=15 turn=1 rev=314 events=27 checksum=2f4b5603f8aa5e0f
[log] [coop:transport] send host t=authorityEntry t=authorityEntry
[log] [coop:v2-shadow] PARITY kind=TURN_COMMIT rev=85 match=true field=- successor=none-non-command-boundary
[log] [coop:transport] send host t=turnResolution e=1828413413364172 wave=15 turn=1 rev=314 events=27 checksum=2f4b5603f8aa5e0f
[log] [coop:runtime] send waveResolved wave=15 outcome=win (host)
[log] [coop:replay] host SEND waveResolved wave=15 outcome=win transition=WAVE_VICTORY/next16/biome0/egg1/wild
[log] [coop:transport] send host t=waveResolved wave=15 outcome=win captureParty=- cap=-
[log] [coop:transport] recv guest t=authorityEntry t=authorityEntry handlers=1
[log] [coop:transport] recv guest t=turnResolution e=1828413413364172 wave=15 turn=1 rev=314 events=27 checksum=2f4b5603f8aa5e0f handlers=1
[log] [coop:transport] recv guest t=waveResolved wave=15 outcome=win captureParty=- cap=- handlers=1
[log] [38;2;255;127;80mPhaseInterceptor.to: Stopping on completion of CoopTurnCommitPhase[39m
[log] %cStart Phase: BattleEndPhase color:green
[log] [coop:progression] HOST automatic victory settlement deferred wave=15 sourceTurn=1 settlementTurn=2
[log] [coop:v2-authority] receipt rev=85 op=TURN/e1828413413364172/w15/t1 stage=admitted sender=1 generation=0 advanced retired=false waiting=[1] subsumed=[]
[log] [coop:transport] send host t=authorityEntry t=authorityEntry
[log] [coop:transport] recv guest t=authorityEntry t=authorityEntry handlers=1
[log] [coop:v2-authority] receipt rev=85 op=TURN/e1828413413364172/w15/t1 stage=admitted sender=1 generation=0 duplicate highestStage=0
[log] [coop:transport] send host t=authorityEntry t=authorityEntry
[log] [coop:transport] recv guest t=authorityEntry t=authorityEntry handlers=1
[log] [coop:v2-authority] receipt rev=85 op=TURN/e1828413413364172/w15/t1 stage=admitted sender=1 generation=0 duplicate highestStage=0
[log] [coop:v2-authority] receipt rev=85 op=TURN/e1828413413364172/w15/t1 stage=admitted sender=1 generation=0 duplicate highestStage=0
[log] [coop:v2-authority] receipt rev=85 op=TURN/e1828413413364172/w15/t1 stage=materialApplied sender=1 generation=0 advanced retired=false waiting=[1] subsumed=[]
[log] [coop:v2-authority] receipt rev=85 op=TURN/e1828413413364172/w15/t1 stage=controlInstalled sender=1 generation=0 advanced retired=true waiting=[] subsumed=[]
[log] [coop:interaction] interactionCounter() read -> 16 (role=host)
[log] %cStart Phase: EggLapsePhase color:green
[log] %cStart Phase: CoopVictorySealPhase color:green
[log] [coop:transport] send host t=authorityEntry t=authorityEntry
[log] [coop:v2-shadow] PARITY kind=WAVE_ADVANCE rev=86 match=true field=-
[log] [coop:runtime] settled WAVE_ADVANCE committed wave=15 tick=315 next=WAVE_VICTORY/wave16
[log] [coop:runtime] send waveEndState wave=15 tick=315 (host)
[log] [coop:replay] host SEND waveEndState wave=15 tick=315 party=6
[log] [coop:transport] send host t=waveEndState t=waveEndState
[log] [coop:progression] HOST automatic victory settlement sealed wave=15 sourceTurn=1 settlementTurn=2 tick=315
[log] [coop:transport] recv guest t=authorityEntry t=authorityEntry handlers=1
[log] [coop:transport] recv guest t=waveEndState t=waveEndState handlers=1
[log] [coop:interaction] interactionCounter() read -> 16 (role=host)
[log] [coop:owner] ownerOf(counter=16) seat=0 -> owner=host
[log] [coop:owner] isLocalOwnerAtCounter(pinnedCounter=16) parity=0 owner=host role=host -> true
[log] [coop:interaction] interactionCounter() read -> 16 (role=host)
[log] [coop:reward] owner/watcher decision: pinnedStart=16 liveCounter=16 parity=0 role=host pick=OWNER option=ROLL spoof=false
[log] [coop:shop] serializeRewardOptions count=3 ids=[POKEBALL,BERRY,TEMP_STAT_STAGE_BOOSTER] tiers=[0,0,0]
[log] [coop:reward] OWNER streams reward options (start=16 reroll=0 count=3 ids=[POKEBALL,BERRY,TEMP_STAT_STAGE_BOOSTER])
[log] [coop:relay] SEND rewardOptions seq=16 reroll=0 count=3 ids=[POKEBALL,BERRY,TEMP_STAT_STAGE_BOOSTER]
[log] [coop:transport] send host t=authorityEntry t=authorityEntry
[log] [coop:v2-shadow] PARITY kind=INTERACTION_COMMIT rev=87 match=true field=-
[log] [coop:reward] authoritative options retained surface=reward pin=16 reroll=0 count=3 rev=33 id=1828413413364172:0:REWARD_PRESENT:1600000
[log] [coop:v2-interaction] suppressed raw rewardOptions key=16:0; immutable entry retained
[log] [coop:rendezvous] ARRIVE point=shop:15:16 (send) role=host
[log] [coop:transport] send host t=rendezvous point=shop:15:16
[log] [coop:reward] OWNER drives reward screen (start=16 role=host spoof=false adoptsOptions=false wave=15)
[log] [coop:rendezvous] shop-pick-commit barrier AWAIT shop:15:16
[log] [coop:rendezvous] AWAIT point=shop:15:16 timeoutMs=2000 -> network-wait role=host
[log] [coop:transport] recv guest t=authorityEntry t=authorityEntry handlers=1
[log] [coop:transport] recv guest t=rendezvous point=shop:15:16 handlers=1
[log] [coop:interaction] interactionCounter() read -> 16 (role=host)
[log] [coop:checksum] capture digest=2f4b5603f8aa5e0f field=4 biome=2 seed=coop-soak-20365530 weather=1 terrain=3 money=360 party=[493,384,890,150,382,888] partyLevels=[500,500,500,500,500,500] arenaTags=0 modifiers=5 heldItemsDigest=0 pokeballs=[0:20,1:5,2:0,3:0,4:0] mons=[bi0:sp493/hp1865-1865/st0/ab121/form0/tera0:0/boss0:0 bi1:sp384/hp1715-1715/st0/ab263/form0/tera0:15/boss0:0 bi2:sp191/hp0-34/st7/ab229/form0/tera0:11/boss0:0 bi3:sp543/hp0-27/st7/ab5451/form0/tera0:3/boss0:0]
[log] [coop:rendezvous] RECV arrival point=shop:15:16 -> deliver-to-waiter role=host
[log] [coop:transport] send host t=rendezvous point=shop:15:16
[log] [coop:rendezvous] AWAIT point=shop:15:16 RESOLVE both-arrived role=host
[log] [coop:stream] host IGNORE cosmetic turn ACK stage=continuationReady key=1828413413364172:15:1:314 (v2 owns retirement)
[log] [coop:v2-authority] receipt rev=86 op=V2/WAVE/e1828413413364172/w15/tick315 stage=admitted sender=1 generation=0 advanced retired=false waiting=[1] subsumed=[]
[log] [coop:transport] send host t=authorityEntry t=authorityEntry
[log] [coop:transport] send host t=authorityEntry t=authorityEntry
[log] [coop:v2-authority] receipt rev=86 op=V2/WAVE/e1828413413364172/w15/tick315 stage=admitted sender=1 generation=0 duplicate highestStage=0
[log] [coop:v2-authority] receipt rev=86 op=V2/WAVE/e1828413413364172/w15/tick315 stage=materialApplied sender=1 generation=0 advanced retired=false waiting=[1] subsumed=[]
[log] [coop:transport] send host t=authorityEntry t=authorityEntry
[log] [coop:v2-authority] receipt rev=86 op=V2/WAVE/e1828413413364172/w15/tick315 stage=controlInstalled sender=1 generation=0 advanced retired=true waiting=[] subsumed=[]
[log] [coop:v2-authority] receipt rev=87 op=1828413413364172:0:REWARD_PRESENT:1600000 stage=admitted sender=1 generation=0 advanced retired=false waiting=[1] subsumed=[]
[log] [coop:v2-authority] receipt rev=87 op=1828413413364172:0:REWARD_PRESENT:1600000 stage=materialApplied sender=1 generation=0 advanced retired=false waiting=[1] subsumed=[]
[log] [coop:v2-authority] receipt rev=87 op=1828413413364172:0:REWARD_PRESENT:1600000 stage=materialApplied sender=1 generation=0 duplicate highestStage=1
[log] [coop:v2-authority] receipt rev=87 op=1828413413364172:0:REWARD_PRESENT:1600000 stage=controlInstalled sender=1 generation=0 advanced retired=true waiting=[] subsumed=[]
[log] [coop:transport] recv guest t=rendezvous point=shop:15:16 handlers=1
[log] [coop:transport] recv guest t=authorityEntry t=authorityEntry handlers=1
[log] [coop:transport] recv guest t=authorityEntry t=authorityEntry handlers=1
[log] [coop:transport] recv guest t=authorityEntry t=authorityEntry handlers=1
[log] [coop:interaction] mirror begin role=owner mirrorSeq=1024 interactionStart=16 reroll=0
[log] [coop:interaction] uiMirror beginSession role=owner mode=6 seq=1024 early=0
[log] [coop:owner] ownerOf(counter=16) seat=0 -> owner=host
[log] [coop:owner] isLocalOwnerAtCounter(pinnedCounter=16) parity=0 owner=host role=host -> true
[log] [coop:owner] ownerOf(counter=16) seat=0 -> owner=host
[log] [coop:owner] isLocalOwnerAtCounter(pinnedCounter=16) parity=0 owner=host role=host -> true
[log] [coop:relay] OWNER prepare seq=16 kind=reward choice=0 data=[0] role=host
[log] [coop:reward] reward op INTENT prepared label=reward id=1828413413364172:0:REWARD:1600000
[log] [coop:relay] OWNER send raw seq=16 kind=reward choice=0 role=host
[log] [coop:relay] SEND interactionChoice seq=16 kind=reward kind=? choice=0 data=[0]
[log] [coop:v2-interaction] suppressed raw authority interactionChoice seq=16 kind=reward
[log] [coop:reward] APPLY_RESULT pin=16 side=owner type=POKEBALL class=AddPokeballModifier pregen=[] holderSlot=-1 holderId=-1 stack=-1 accepted=true cost=-1
[log] [coop:v2-interaction] terminal proof recorded op=1828413413364172:0:REWARD:1600000 role=host seat=0 duplicate=0 ambient=1
[log] [coop:v2-interaction] phase terminal proof op=1828413413364172:0:REWARD:1600000 route=constructor-fallback accepted=1
[log] [coop:shop] serializeRewardOptions count=3 ids=[POKEBALL,BERRY,TEMP_STAT_STAGE_BOOSTER] tiers=[0,0,0]
[log] [coop:transport] send host t=authorityEntry t=authorityEntry
[log] [coop:v2-shadow] PARITY kind=INTERACTION_COMMIT rev=88 match=true field=-
[log] [coop:reward] reward authoritative RESULT retained rev=34 tick=317 id=1828413413364172:0:REWARD:1600000
[log] [coop:interaction] interactionCounter() read -> 16 (role=host)
[log] [coop:interaction] CoopInteractionTurn.advance INCREMENT (fromCounter=16) counter 16 -> 17
[log] [coop:interaction] advanceInteraction ADVANCED+V2-LOCAL (fromCounter=16) counter 16 -> 17 role=host
[log] [coop:owner] ownerOf(counter=17) seat=1 -> owner=guest
[log] [coop:owner] ownerOf(counter=17) seat=1 -> owner=guest
[log] [coop:interaction] interactionCounter() read -> 17 (role=host)
[log] [coop:reward] advance interaction from V2 commit (role=host from=16 counter 16 -> 17); typed successor owns release
[log] [coop:transport] recv guest t=authorityEntry t=authorityEntry handlers=1
[log] [coop:v2-authority] receipt rev=86 op=V2/WAVE/e1828413413364172/w15/tick315 stage=controlInstalled sender=1 generation=0 rejected reason=unknown-revision
[log] [coop:v2-authority] receipt rev=87 op=1828413413364172:0:REWARD_PRESENT:1600000 stage=controlInstalled sender=1 generation=0 rejected reason=unknown-revision
[log] [coop:v2-authority] receipt rev=87 op=1828413413364172:0:REWARD_PRESENT:1600000 stage=controlInstalled sender=1 generation=0 rejected reason=unknown-revision
[log] [coop:v2-authority] receipt rev=88 op=1828413413364172:0:REWARD:1600000 stage=admitted sender=1 generation=0 advanced retired=false waiting=[1] subsumed=[]
[log] [coop:v2-authority] receipt rev=88 op=1828413413364172:0:REWARD:1600000 stage=admitted sender=1 generation=0 duplicate highestStage=0
[log] [coop:v2-authority] receipt rev=88 op=1828413413364172:0:REWARD:1600000 stage=materialApplied sender=1 generation=0 advanced retired=false waiting=[1] subsumed=[]
[log] [coop:v2-authority] receipt rev=88 op=1828413413364172:0:REWARD:1600000 stage=controlInstalled sender=1 generation=0 advanced retired=true waiting=[] subsumed=[]
[log] [coop:interaction] interactionCounter() read -> 17 (role=host)
[log] [coop:interaction] interactionCounter() read -> 17 (role=guest)
[log] [coop-soak:wave-complete] {"seed":20365530,"wave":15,"wavesRequested":200,"wavesCompleted":15,"waveElapsedMs":3020,"elapsedMs":69553,"findings":0,"hostPhase":"ErCrossroadsPhase","guestPhase":"NewBattlePhase"}
[log] [coop:interaction] interactionCounter() read -> 17 (role=host)
[log] [coop:owner] ownerOf(counter=17) seat=1 -> owner=guest
[log] [coop:owner] isLocalOwnerAtCounter(pinnedCounter=17) parity=1 owner=guest role=host -> false
[log] [coop:reward] crossroads owner/watcher decision: pinnedStart=17 role=host spoof=false -> WATCHER (#848)
[log] [coop:transport] send host t=authorityEntry t=authorityEntry
[log] [coop:v2-shadow] PARITY kind=CONTROL_COMMIT rev=89 match=true field=- surface=interaction-open
[log] [coop:transport] recv guest t=authorityEntry t=authorityEntry handlers=1
[log] [coop:interaction] uiMirror beginSession role=watcher mode=15 seq=9600017 early=0
[log] [coop:relay] AWAIT interactionChoice seq=9600017 timeoutMs=1200000 expected=[crossroads] -> network-wait
[log] [coop:interaction] interactionCounter() read -> 17 (role=host)
[log] [coop:owner] ownerOf(counter=17) seat=1 -> owner=guest
[log] [coop:owner] isLocalOwnerAtCounter(pinnedCounter=17) parity=1 owner=guest role=host -> false
[log] [coop:v2-authority] receipt rev=89 op=V2/CONTROL/INTERACTION/1828413413364172:1:CROSSROADS_PICK:9600017 stage=admitted sender=1 generation=0 advanced retired=false waiting=[1] subsumed=[]
[log] [coop:v2-authority] receipt rev=89 op=V2/CONTROL/INTERACTION/1828413413364172:1:CROSSROADS_PICK:9600017 stage=materialApplied sender=1 generation=0 advanced retired=false waiting=[1] subsumed=[]
[log] [coop:v2-authority] receipt rev=89 op=V2/CONTROL/INTERACTION/1828413413364172:1:CROSSROADS_PICK:9600017 stage=materialApplied sender=1 generation=0 duplicate highestStage=1
[log] [coop:v2-authority] receipt rev=89 op=V2/CONTROL/INTERACTION/1828413413364172:1:CROSSROADS_PICK:9600017 stage=controlInstalled sender=1 generation=0 advanced retired=true waiting=[] subsumed=[]
[log] [coop:interaction] uiMirror WATCHER apply n=0 button=1 mode=15
[log] [coop:relay] DELIVER interactionChoice seq=9600017 -> waiter kind=crossroads choice=1 data=-
[log] [coop:relay] AWAIT interactionChoice seq=9600017 RESOLVE kind=crossroads choice=1 data=-
[log] [coop:reward] crossroads WATCHER: owner pick received moveOn=true pinnedStart=17 (#848)
[log] [coop:v2-interaction] terminal proof recorded op=1828413413364172:1:CROSSROADS_PICK:9600017 role=host seat=0 duplicate=0 ambient=1
[log] [coop:transport] send host t=authorityEntry t=authorityEntry
[log] [coop:v2-shadow] PARITY kind=INTERACTION_COMMIT rev=90 match=true field=-
[log] [coop:transport] recv guest t=authorityEntry t=authorityEntry handlers=1
[log] [coop:v2-authority] receipt rev=90 op=1828413413364172:1:CROSSROADS_PICK:9600017 stage=admitted sender=1 generation=0 advanced retired=false waiting=[1] subsumed=[]
[log] [coop:v2-authority] receipt rev=90 op=1828413413364172:1:CROSSROADS_PICK:9600017 stage=materialApplied sender=1 generation=0 advanced retired=false waiting=[1] subsumed=[]
[log] [coop:owner] ownerOf(counter=17) seat=1 -> owner=guest
[log] [coop:owner] isLocalOwnerAtCounter(pinnedCounter=17) parity=1 owner=guest role=host -> false
[log] [coop:owner] ownerOf(counter=17) seat=1 -> owner=guest
[log] [coop:owner] isLocalOwnerAtCounter(pinnedCounter=17) parity=1 owner=guest role=host -> false
[log] [coop:reward] biome pick owner/watcher decision: pinnedStart=17 role=host spoof=false chained=true -> WATCHER (#848)
[log] [coop:interaction] uiMirror beginSession role=watcher mode=54 seq=9700017 early=0
[log] [coop:relay] AWAIT interactionChoice seq=9700017 timeoutMs=1200000 expected=[biomePick] -> network-wait
[log] [coop:interaction] interactionCounter() read -> 17 (role=host)
[log] [coop:owner] ownerOf(counter=17) seat=1 -> owner=guest
[log] [coop:owner] isLocalOwnerAtCounter(pinnedCounter=17) parity=1 owner=guest role=host -> false
[log] [coop:relay] DELIVER interactionChoice seq=9700017 -> waiter kind=biomePick choice=0 data=[3]
[log] [coop:relay] AWAIT interactionChoice seq=9700017 RESOLVE kind=biomePick choice=0 data=[3]
[log] [coop:v2-authority] receipt rev=90 op=1828413413364172:1:CROSSROADS_PICK:9600017 stage=materialApplied sender=1 generation=0 duplicate highestStage=1
[log] [coop:v2-authority] receipt rev=90 op=1828413413364172:1:CROSSROADS_PICK:9600017 stage=controlInstalled sender=1 generation=0 advanced retired=true waiting=[] subsumed=[]
[log] [coop:reward] biome pick WATCHER: owner biome=undefined received pinnedStart=17 (#848)
[log] [coop:interaction] interactionCounter() read -> 17 (role=host)
[log] [coop:interaction] CoopInteractionTurn.advance INCREMENT (fromCounter=17) counter 17 -> 18
[log] [coop:interaction] advanceInteraction ADVANCED+BROADCAST (fromCounter=17) counter 17 -> 18 role=host; send interaction screen=__turn__ choice=18
[log] [coop:interaction] SEND counter snapshot reason=advance choice=18 role=host
[log] [coop:transport] send host t=interaction screen=__turn__
[log] [coop:owner] ownerOf(counter=18) seat=0 -> owner=host
[log] [coop:owner] ownerOf(counter=18) seat=0 -> owner=host
[log] [coop:interaction] interactionCounter() read -> 18 (role=host)
[log] [coop:reward] advance interaction from CONTINUATION commit (role=host from=17 counter 17 -> 18)
[log] [coop:interaction] interactionCounter() read -> 18 (role=host)
[log] [coop:v2-interaction] terminal proof recorded op=1828413413364172:1:BIOME_PICK:9700017 role=host seat=0 duplicate=0 ambient=1
[log] [coop:transport] send host t=authorityEntry t=authorityEntry
[log] [coop:v2-shadow] PARITY kind=INTERACTION_COMMIT rev=91 match=true field=-
[log] [coop:transport] recv guest t=interaction screen=__turn__ handlers=1
[log] [coop:transport] recv guest t=authorityEntry t=authorityEntry handlers=1
[log] [coop:interaction] RECV interaction broadcast (deferred catch-up net) received=18 localBefore=18 role=host -> no defer (local >= received)
[warn] [coop:interaction] CoopInteractionTurn.mergeRemote DEFER (remote=18, counter=18, pendingRemote=18) live counter UNCHANGED (folds in at next advance if still ahead)
[log] [coop:owner] ownerOf(counter=18) seat=0 -> owner=host
[log] [coop:owner] ownerOf(counter=18) seat=0 -> owner=host
[log] [coop:v2-authority] receipt rev=91 op=1828413413364172:1:BIOME_PICK:9700017 stage=admitted sender=1 generation=0 advanced retired=false waiting=[1] subsumed=[]
[log] [coop:v2-authority] receipt rev=91 op=1828413413364172:1:BIOME_PICK:9700017 stage=materialApplied sender=1 generation=0 advanced retired=false waiting=[1] subsumed=[]
[log] [coop:v2-authority] receipt rev=91 op=1828413413364172:1:BIOME_PICK:9700017 stage=controlInstalled sender=1 generation=0 advanced retired=true waiting=[] subsumed=[]
[log] [coop:interaction] interactionCounter() read -> 18 (role=host)
[log] %cStart Phase: SwitchBiomePhase color:green
[log] %cStart Phase: NewBattlePhase color:green
[log] [coop:v2-control] NewBattlePhase installed committed host biome encounter wave=15->16
[log] %cStart Phase: ReturnPhase color:green
[log] [coop:turn] host recorder: begin turn=1 scope=1828413413364172:16 (no prior open recording)
[log] %cStart Phase: ReturnPhase color:green
[log] [coop:turn] host recorder: preserve recording scope=1828413413364172:16 turn=1 events=0 seq=0
[log] %cStart Phase: ShowTrainerPhase color:green
[log] %cStart Phase: NewBiomeEncounterPhase color:green
[log] [coop:turn] host recorder: append turn=1 seq=0 k=terrain total=1 live=true
[log] [coop:turn] host recorder: append turn=1 seq=1 k=message total=2 live=true
[log] [coop:interaction] interactionCounter() read -> 18 (role=host)
[log] [coop:replay] host SEND enemyPartySync wave=16 count=2 meType=-1 battleType=0 entryPresentation=-
[log] [coop:transport] send host t=enemyPartySync wave=16 enemies=2 battleType=0
[log] [coop:turn] host recorder: preserve recording scope=1828413413364172:16 turn=1 events=2 seq=2
[log] [coop:transport] recv guest t=enemyPartySync wave=16 enemies=2 battleType=0 handlers=1
[log] %cStart Phase: CommonAnimPhase color:green
[log] %cStart Phase: MessagePhase color:green
[log] %cStart Phase: SummonPhase color:green
[log] [coop:turn] host recorder: preserve recording scope=1828413413364172:16 turn=1 events=2 seq=2
[log] %cStart Phase: ToggleDoublePositionPhase color:green
[log] %cStart Phase: SummonPhase color:green
[log] [coop:turn] host recorder: preserve recording scope=1828413413364172:16 turn=1 events=2 seq=2
[log] %cStart Phase: CheckSwitchPhase color:green
[log] %cStart Phase: CheckSwitchPhase color:green
[log] %cStart Phase: InitEncounterPhase color:green
[log] [coop:turn] host recorder: preserve recording scope=1828413413364172:16 turn=1 events=2 seq=2
[log] %cStart Phase: PostSummonPhase color:green
[log] %cStart Phase: PostSummonPhase color:green
[log] %cStart Phase: PostSummonPhase color:green
[log] %cStart Phase: PostSummonPhase color:green
[log] %cStart Phase: TurnInitPhase color:green
[log] [coop:replay] host SEND enemyPartySync wave=16 count=2 meType=-1 battleType=0 entryPresentation=2
[log] [coop:transport] send host t=enemyPartySync wave=16 enemies=2 battleType=0
[log] [coop:replay] host RE-BROADCAST wave-start authority wave=16 after post-summon boundary stateChanged=true presentation=2 (#920)
[log] [coop:transport] send host t=authorityEntry t=authorityEntry
[log] [coop:v2-shadow] PARITY kind=CONTROL_COMMIT rev=92 match=true field=-
[log] [coop:rendezvous] next-command barrier ARRIVE+AWAIT cmd:16:1 slot=0
[log] [coop:rendezvous] ARRIVE point=cmd:16:1 (send) role=host
[log] [coop:transport] send host t=rendezvous point=cmd:16:1
[log] [coop:rendezvous] AWAIT point=cmd:16:1 timeoutMs=2000 -> network-wait role=host
[log] [coop:transport] recv guest t=enemyPartySync wave=16 enemies=2 battleType=0 handlers=1
[log] [coop:transport] recv guest t=authorityEntry t=authorityEntry handlers=1
[log] [coop:transport] recv guest t=rendezvous point=cmd:16:1 handlers=1
[log] [coop:v2-authority] receipt rev=92 op=V2/CONTROL/COMMAND/e1828413413364172/w16/t1/tick324 stage=admitted sender=1 generation=0 advanced retired=false waiting=[1] subsumed=[]
[log] [coop:transport] send host t=authorityEntry t=authorityEntry
[log] [coop:rendezvous] RECV arrival point=cmd:16:1 -> deliver-to-waiter role=host
[log] [coop:transport] send host t=rendezvous point=cmd:16:1
[log] [coop:rendezvous] AWAIT point=cmd:16:1 RESOLVE both-arrived role=host
[log] [coop:v2-authority] receipt rev=92 op=V2/CONTROL/COMMAND/e1828413413364172/w16/t1/tick324 stage=admitted sender=1 generation=0 duplicate highestStage=0
[log] [coop:v2-authority] receipt rev=92 op=V2/CONTROL/COMMAND/e1828413413364172/w16/t1/tick324 stage=materialApplied sender=1 generation=0 advanced retired=false waiting=[1] subsumed=[]
[log] [coop:v2-authority] receipt rev=92 op=V2/CONTROL/COMMAND/e1828413413364172/w16/t1/tick324 stage=materialApplied sender=1 generation=0 duplicate highestStage=1
[log] [coop:v2-authority] receipt rev=92 op=V2/CONTROL/COMMAND/e1828413413364172/w16/t1/tick324 stage=materialApplied sender=1 generation=0 duplicate highestStage=1
[log] [coop:v2-authority] receipt rev=92 op=V2/CONTROL/COMMAND/e1828413413364172/w16/t1/tick324 stage=materialApplied sender=1 generation=0 duplicate highestStage=1
[log] [coop:v2-authority] receipt rev=92 op=V2/CONTROL/COMMAND/e1828413413364172/w16/t1/tick324 stage=controlInstalled sender=1 generation=0 advanced retired=true waiting=[] subsumed=[]
[log] [coop:transport] recv guest t=rendezvous point=cmd:16:1 handlers=1
[log] [coop:transport] send host t=enemyPartySync wave=16 enemies=2 battleType=0
[log] [coop:replay] host RE-BROADCAST wave-start authority wave=16 after post-summon boundary stateChanged=false presentation=2 (#920)
[log] [coop:transport] recv guest t=enemyPartySync wave=16 enemies=2 battleType=0 handlers=1
[log] [coop-soak:wave-start] {"seed":20365530,"wave":16,"wavesRequested":200,"wavesCompleted":15,"elapsedMs":71166,"hostPhase":"CommandPhase","guestPhase":"CommandPhase"}
[log] [coop:interaction] interactionCounter() read -> 18 (role=host)
[log] [coop:interaction] interactionCounter() read -> 18 (role=guest)
[log] [coop:interaction] interactionCounter() read -> 18 (role=host)
[log] [coop:checksum] capture digest=3a55b2e4c5f22aeb field=4 biome=3 seed=coop-soak-20365530 weather=0 terrain=3 money=360 party=[493,384,890,150,382,888] partyLevels=[500,500,500,500,500,500] arenaTags=0 modifiers=5 heldItemsDigest=0 pokeballs=[0:25,1:5,2:0,3:0,4:0] mons=[bi0:sp493/hp1865-1865/st0/ab121/form0/tera0:0/boss0:0 bi1:sp384/hp1715-1715/st0/ab263/form0/tera0:15/boss0:0 bi2:sp919/hp29-29/st0/ab154/form0/tera0:6/boss0:0 bi3:sp303/hp34-34/st0/ab91/form0/tera0:3/boss0:0]
[log] [coop:interaction] interactionCounter() read -> 18 (role=host)
[log] %cStart Phase: SelectTargetPhase color:green
[log] [coop:owner] broadcast own-slot fi=0 turn=1 role=host cmd=0
[log] [coop:relay] broadcastLocalCommand SEND fieldIndex=0 owner=host turn=1 command=0 cursor=0 moveId=34 targets=[2]
[log] [coop:transport] send host t=command fi=0 owner=host turn=1 cmd=0 cursor=0 move=34
[log] [coop:transport] recv guest t=command fi=0 owner=host turn=1 cmd=0 cursor=0 move=34 handlers=1
[log] [coop:relay] recv command fieldIndex=0 turn=1 command=0 -> BUFFERED (no awaiter yet)
[log] %cStart Phase: CommandPhase color:green
[log] [coop:transport] send host t=enemyPartySync wave=16 enemies=2 battleType=0
[log] [coop:replay] host RE-BROADCAST wave-start authority wave=16 after post-summon boundary stateChanged=true presentation=2 (#920)
[log] [coop:battle] CommandPhase slot=1 turn=1 owner=guest role=host -> partner path
[log] [coop:relay] host requestPartnerCommand SEND fieldIndex=1 turn=1 moveSlots=[0,1,2,3] (awaiting peer)
[log] [coop:transport] send host t=commandRequest fi=1 owner=guest turn=1 slots=4
[log] [coop:transport] recv guest t=enemyPartySync wave=16 enemies=2 battleType=0 handlers=1
[log] [coop:transport] recv guest t=commandRequest fi=1 owner=guest turn=1 slots=4 handlers=1
[log] [coop:relay] peer recv commandRequest fieldIndex=1 owner=guest turn=1 moveSlots=[0,1,2,3] -> reply command=0 cursor=2 moveId=53
[log] [coop:transport] send guest t=command fi=1 owner=guest turn=1 cmd=0 cursor=2 move=53
[log] [coop:transport] recv host t=command fi=1 owner=guest turn=1 cmd=0 cursor=2 move=53 handlers=1
[log] [coop:relay] recv command fieldIndex=1 turn=1 command=0 -> resolved awaiting request
[log] [coop:ai] applyWiredPartnerCommand partner=384 wiredMoveId=53 cursor=2 -> moveId=53 moveIndex=2 tera=false targets=[3] targetsFrom=wire-verbatim useMode=1
[log] %cStart Phase: EnemyCommandPhase color:green
[log] %cStart Phase: EnemyCommandPhase color:green
[log] %cStart Phase: TurnStartPhase color:green
[log] [coop-diag] turn-start authoritative guard mode=authoritative role=host turn=1 diverts=false
[log] [coop:turn] host recorder: preserve recording scope=1828413413364172:16 turn=1 events=5 seq=5
[log] %cStart Phase: MovePhase color:green
[log] [coop:turn] host recorder: append turn=1 seq=5 k=moveUsed total=6 live=true
[log] %cStart Phase: MessagePhase color:green
[log] %cStart Phase: MoveEffectPhase color:green
[log] [coop:turn] host recorder: append turn=1 seq=6 k=moveAnim total=7 live=true
[log] [coop:turn] host recorder: append turn=1 seq=7 k=message total=8 live=true
[log] %cStart Phase: MessagePhase color:green
[log] %cStart Phase: MoveEndPhase color:green
[log] %cStart Phase: MovePhase color:green
[log] [coop:turn] host recorder: append turn=1 seq=8 k=moveUsed total=9 live=true
[log] %cStart Phase: MessagePhase color:green
[log] %cStart Phase: MoveEffectPhase color:green
[log] [coop:turn] host recorder: append turn=1 seq=9 k=message total=10 live=true
[log] %cStart Phase: MessagePhase color:green
[log] %cStart Phase: MoveEndPhase color:green
[log] %cStart Phase: MovePhase color:green
[log] [coop:turn] host recorder: append turn=1 seq=10 k=moveUsed total=11 live=true
[log] %cStart Phase: MessagePhase color:green
[log] %cStart Phase: MoveEffectPhase color:green
[log] [coop:turn] host recorder: append turn=1 seq=11 k=commonAnim total=12 live=true
[log] [coop:turn] host recorder: append turn=1 seq=12 k=message total=13 live=true
[log] %cStart Phase: MessagePhase color:green
[log] %cStart Phase: MoveEndPhase color:green
[log] %cStart Phase: MovePhase color:green
[log] [coop:turn] host recorder: append turn=1 seq=13 k=moveUsed total=14 live=true
[log] %cStart Phase: MessagePhase color:green
[log] %cStart Phase: MoveEffectPhase color:green
[log] [coop:turn] host recorder: append turn=1 seq=14 k=moveAnim total=15 live=true
[log] [coop:turn] host recorder: append turn=1 seq=15 k=hp total=16 live=true
[log] [coop:turn] host recorder: append turn=1 seq=16 k=faint total=17 live=true
[log] [coop:turn] host recorder: append turn=1 seq=17 k=message total=18 live=true
[log] %cStart Phase: DamageAnimPhase color:green
[log] %cStart Phase: MessagePhase color:green
[log] %cStart Phase: FaintPhase color:green
[log] %cStart Phase: MessagePhase color:green
[log] %cStart Phase: VictoryPhase color:green
[log] [coop:progression] HOST progression capture begin wave=16
[log] [coop:progression] HOST applyPartyExp COMPUTE wave=16 expValue=240.4 koMon=Mawile
[log] %cStart Phase: MoveEndPhase color:green
[log] %cStart Phase: CheckInterludePhase color:green
[log] %cStart Phase: WeatherEffectPhase color:green
[log] %cStart Phase: PositionalTagPhase color:green
[log] %cStart Phase: BerryPhase color:green
[log] %cStart Phase: CheckStatusEffectPhase color:green
[log] %cStart Phase: TurnEndPhase color:green
[log] %cStart Phase: PokemonHealPhase color:green
[log] [coop:turn] host recorder: append turn=1 seq=18 k=message total=19 live=true
[log] %cStart Phase: MessagePhase color:green
[log] %cStart Phase: PokemonHealPhase color:green
[log] [coop:turn] host recorder: append turn=1 seq=19 k=message total=20 live=true
[log] %cStart Phase: MessagePhase color:green
[log] %cStart Phase: CoopTurnCommitPhase color:green
[log] [coop:turn] host recorder: finalize turn=1 events=20 seq=20
[log] [coop:checkpoint] build field=4 weather=0/0 terrain=3/0 arenaTags=0 money=360 mons=[bi0:sp493/hp1865-1865/st0/fnt0 bi1:sp384/hp1715-1715/st0/fnt0 bi2:sp919/hp29-29/st0/fnt0 bi3:sp303/hp0-34/st7/fnt1]
[log] [coop:checkpoint] host capture field=4 weather=0 terrain=3 money=360 arenaTags=0 mons=[bi0:sp493/hp1865-1865/st0/fnt0 bi1:sp384/hp1715-1715/st0/fnt0 bi2:sp919/hp29-29/st0/fnt0 bi3:sp303/hp0-34/st7/fnt1]
[log] [coop:interaction] interactionCounter() read -> 18 (role=host)
[log] [coop:replay] host SEND turnResolution e=1828413413364172 wave=16 turn=1 rev=333 events=20 checksum=a7c17f8ea2141b94
[log] [coop:transport] send host t=authorityEntry t=authorityEntry
[log] [coop:v2-shadow] PARITY kind=TURN_COMMIT rev=93 match=true field=- successor=owner-field
[log] [coop:transport] send host t=turnResolution e=1828413413364172 wave=16 turn=1 rev=333 events=20 checksum=a7c17f8ea2141b94
[log] [coop:transport] recv guest t=authorityEntry t=authorityEntry handlers=1
[log] [coop:transport] recv guest t=turnResolution e=1828413413364172 wave=16 turn=1 rev=333 events=20 checksum=a7c17f8ea2141b94 handlers=1
[log] [38;2;255;127;80mPhaseInterceptor.to: Stopping on completion of CoopTurnCommitPhase[39m
[log] [coop:v2-authority] receipt rev=93 op=TURN/e1828413413364172/w16/t1 stage=admitted sender=1 generation=0 advanced retired=false waiting=[1] subsumed=[]
[log] [coop:transport] send host t=authorityEntry t=authorityEntry
[log] [coop:v2-authority] receipt rev=93 op=TURN/e1828413413364172/w16/t1 stage=admitted sender=1 generation=0 duplicate highestStage=0
[log] [coop:transport] send host t=authorityEntry t=authorityEntry
[log] [coop:v2-authority] receipt rev=93 op=TURN/e1828413413364172/w16/t1 stage=admitted sender=1 generation=0 duplicate highestStage=0
[log] [coop:v2-authority] receipt rev=93 op=TURN/e1828413413364172/w16/t1 stage=admitted sender=1 generation=0 duplicate highestStage=0
[log] [coop:v2-authority] receipt rev=93 op=TURN/e1828413413364172/w16/t1 stage=materialApplied sender=1 generation=0 advanced retired=false waiting=[1] subsumed=[]
[log] %cStart Phase: TurnInitPhase color:green
[log] [coop:transport] recv host t=rendezvous point=cmd:16:2 handlers=1
[log] [coop:rendezvous] RECV arrival point=cmd:16:2 -> BUFFER (no waiter yet) role=host
[log] [coop:rendezvous] ARRIVE point=cmd:16:2 (send) role=host
[log] [coop:transport] send host t=rendezvous point=cmd:16:2
[log] [coop:rendezvous] next-command barrier cmd:16:2 SYNC pass (partner already arrived)
[log] [coop:transport] recv guest t=rendezvous point=cmd:16:2 handlers=1
[log] [coop:stream] host IGNORE cosmetic turn ACK stage=continuationReady key=1828413413364172:16:1:333 (v2 owns retirement)
[log] [coop:v2-authority] receipt rev=93 op=TURN/e1828413413364172/w16/t1 stage=materialApplied sender=1 generation=0 duplicate highestStage=1
[log] [coop:v2-authority] receipt rev=93 op=TURN/e1828413413364172/w16/t1 stage=controlInstalled sender=1 generation=0 advanced retired=true waiting=[] subsumed=[]
[log] %cStart Phase: SelectTargetPhase color:green
[log] [coop:owner] broadcast own-slot fi=0 turn=2 role=host cmd=0
[log] [coop:relay] broadcastLocalCommand SEND fieldIndex=0 owner=host turn=2 command=0 cursor=0 moveId=34 targets=[2]
[log] [coop:transport] send host t=command fi=0 owner=host turn=2 cmd=0 cursor=0 move=34
[log] [coop:transport] recv guest t=command fi=0 owner=host turn=2 cmd=0 cursor=0 move=34 handlers=1
[log] [coop:relay] recv command fieldIndex=0 turn=2 command=0 -> BUFFERED (no awaiter yet)
[log] %cStart Phase: CommandPhase color:green
[log] [coop:battle] CommandPhase slot=1 turn=2 owner=guest role=host -> partner path
[log] [coop:relay] host requestPartnerCommand SEND fieldIndex=1 turn=2 moveSlots=[0,1,2,3] (awaiting peer)
[log] [coop:transport] send host t=commandRequest fi=1 owner=guest turn=2 slots=4
[log] [coop:transport] recv guest t=commandRequest fi=1 owner=guest turn=2 slots=4 handlers=1
[log] [coop:relay] peer recv commandRequest fieldIndex=1 owner=guest turn=2 moveSlots=[0,1,2,3] -> reply command=0 cursor=2 moveId=53
[log] [coop:transport] send guest t=command fi=1 owner=guest turn=2 cmd=0 cursor=2 move=53
[log] [coop:transport] recv host t=command fi=1 owner=guest turn=2 cmd=0 cursor=2 move=53 handlers=1
[log] [coop:relay] recv command fieldIndex=1 turn=2 command=0 -> resolved awaiting request
[log] [coop:ai] applyWiredPartnerCommand partner=384 wiredMoveId=53 cursor=2 -> moveId=53 moveIndex=2 tera=false targets=[2] targetsFrom=wire-verbatim useMode=1
[log] %cStart Phase: EnemyCommandPhase color:green
[log] %cStart Phase: TurnStartPhase color:green
[log] [coop-diag] turn-start authoritative guard mode=authoritative role=host turn=2 diverts=false
[log] [coop:turn] host recorder: begin turn=2 scope=1828413413364172:16 (no prior open recording)
[log] %cStart Phase: MovePhase color:green
[log] [coop:turn] host recorder: append turn=2 seq=0 k=moveUsed total=1 live=true
[log] [coop:turn] host recorder: append turn=2 seq=1 k=message total=2 live=true
[log] %cStart Phase: MessagePhase color:green
[log] %cStart Phase: MessagePhase color:green
[log] %cStart Phase: MoveEndPhase color:green
[log] %cStart Phase: MovePhase color:green
[log] [coop:turn] host recorder: append turn=2 seq=2 k=moveUsed total=3 live=true
[log] %cStart Phase: MessagePhase color:green
[log] %cStart Phase: MoveEffectPhase color:green
[log] [coop:turn] host recorder: append turn=2 seq=3 k=moveAnim total=4 live=true
[log] [coop:turn] host recorder: append turn=2 seq=4 k=hp total=5 live=true
[log] [coop:turn] host recorder: append turn=2 seq=5 k=faint total=6 live=true
[log] %cStart Phase: DamageAnimPhase color:green
[log] %cStart Phase: FaintPhase color:green
[log] %cStart Phase: MessagePhase color:green
[log] %cStart Phase: VictoryPhase color:green
[log] [coop:progression] HOST applyPartyExp COMPUTE wave=16 expValue=85 koMon=Nymble
[log] [coop:runtime] defer raw waveResolved wave=16 outcome=win until its material turnResolution is retained
[log] [coop-diag] VictoryPhase win-branch role=host battleType=WILD queuesTrainerVictory=false queuesSelectModifier=true wave=16
[log] [coop-diag] VictoryTail role=host wave=16 source=legacy-local trainer=false egg=true biomeShop=false biomeChange=false crossroads=false nextWave=17
[log] %cStart Phase: MoveEndPhase color:green
[log] %cStart Phase: MovePhase color:green
[log] [coop:turn] host recorder: append turn=2 seq=6 k=moveUsed total=7 live=true
[log] [coop:turn] host recorder: append turn=2 seq=7 k=message total=8 live=true
[log] %cStart Phase: MessagePhase color:green
[log] %cStart Phase: MessagePhase color:green
[log] %cStart Phase: MoveEndPhase color:green
[log] %cStart Phase: CheckInterludePhase color:green
[log] %cStart Phase: WeatherEffectPhase color:green
[log] %cStart Phase: PositionalTagPhase color:green
[log] %cStart Phase: BerryPhase color:green
[log] %cStart Phase: CheckStatusEffectPhase color:green
[log] %cStart Phase: TurnEndPhase color:green
[log] %cStart Phase: PokemonHealPhase color:green
[log] [coop:turn] host recorder: append turn=2 seq=8 k=message total=9 live=true
[log] %cStart Phase: MessagePhase color:green
[log] %cStart Phase: CoopTurnCommitPhase color:green
[log] [coop:turn] host recorder: finalize turn=2 events=9 seq=9
[log] [coop:checkpoint] build field=4 weather=0/0 terrain=3/0 arenaTags=0 money=360 mons=[bi0:sp493/hp1865-1865/st0/fnt0 bi1:sp384/hp1715-1715/st0/fnt0 bi2:sp919/hp0-29/st7/fnt1 bi3:sp303/hp0-34/st7/fnt1]
[log] [coop:checkpoint] host capture field=4 weather=0 terrain=3 money=360 arenaTags=0 mons=[bi0:sp493/hp1865-1865/st0/fnt0 bi1:sp384/hp1715-1715/st0/fnt0 bi2:sp919/hp0-29/st7/fnt1 bi3:sp303/hp0-34/st7/fnt1]
[log] [coop:interaction] interactionCounter() read -> 18 (role=host)
[log] [coop:replay] host SEND turnResolution e=1828413413364172 wave=16 turn=2 rev=342 events=9 checksum=591d0d36b1965c78
[log] [coop:transport] send host t=authorityEntry t=authorityEntry
[log] [coop:v2-shadow] PARITY kind=TURN_COMMIT rev=94 match=true field=- successor=none-non-command-boundary
[log] [coop:transport] send host t=turnResolution e=1828413413364172 wave=16 turn=2 rev=342 events=9 checksum=591d0d36b1965c78
[log] [coop:runtime] send waveResolved wave=16 outcome=win (host)
[log] [coop:replay] host SEND waveResolved wave=16 outcome=win transition=WAVE_VICTORY/next17/biome0/egg1/wild
[log] [coop:transport] send host t=waveResolved wave=16 outcome=win captureParty=- cap=-
[log] [coop:transport] recv guest t=authorityEntry t=authorityEntry handlers=1
[log] [coop:transport] recv guest t=turnResolution e=1828413413364172 wave=16 turn=2 rev=342 events=9 checksum=591d0d36b1965c78 handlers=1
[log] [coop:transport] recv guest t=waveResolved wave=16 outcome=win captureParty=- cap=- handlers=1
[log] [38;2;255;127;80mPhaseInterceptor.to: Stopping on completion of CoopTurnCommitPhase[39m
[log] %cStart Phase: BattleEndPhase color:green
[log] [coop:progression] HOST automatic victory settlement deferred wave=16 sourceTurn=2 settlementTurn=3
[log] [coop:v2-authority] receipt rev=94 op=TURN/e1828413413364172/w16/t2 stage=admitted sender=1 generation=0 advanced retired=false waiting=[1] subsumed=[]
[log] [coop:transport] send host t=authorityEntry t=authorityEntry
[log] [coop:transport] recv guest t=authorityEntry t=authorityEntry handlers=1
[log] [coop:v2-authority] receipt rev=94 op=TURN/e1828413413364172/w16/t2 stage=admitted sender=1 generation=0 duplicate highestStage=0
[log] [coop:v2-authority] receipt rev=94 op=TURN/e1828413413364172/w16/t2 stage=admitted sender=1 generation=0 duplicate highestStage=0
[log] [coop:v2-authority] receipt rev=94 op=TURN/e1828413413364172/w16/t2 stage=materialApplied sender=1 generation=0 advanced retired=false waiting=[1] subsumed=[]
[log] [coop:v2-authority] receipt rev=94 op=TURN/e1828413413364172/w16/t2 stage=controlInstalled sender=1 generation=0 advanced retired=true waiting=[] subsumed=[]
[log] [coop:interaction] interactionCounter() read -> 18 (role=host)
[log] %cStart Phase: EggLapsePhase color:green
[log] %cStart Phase: CoopVictorySealPhase color:green
[log] [coop:transport] send host t=authorityEntry t=authorityEntry
[log] [coop:v2-shadow] PARITY kind=WAVE_ADVANCE rev=95 match=true field=-
[log] [coop:runtime] settled WAVE_ADVANCE committed wave=16 tick=343 next=WAVE_VICTORY/wave17
[log] [coop:runtime] send waveEndState wave=16 tick=343 (host)
[log] [coop:replay] host SEND waveEndState wave=16 tick=343 party=6
[log] [coop:transport] send host t=waveEndState t=waveEndState
[log] [coop:progression] HOST automatic victory settlement sealed wave=16 sourceTurn=2 settlementTurn=3 tick=343
[log] [coop:transport] recv guest t=authorityEntry t=authorityEntry handlers=1
[log] [coop:transport] recv guest t=waveEndState t=waveEndState handlers=1
[log] [coop:interaction] interactionCounter() read -> 18 (role=host)
[log] [coop:owner] ownerOf(counter=18) seat=0 -> owner=host
[log] [coop:owner] isLocalOwnerAtCounter(pinnedCounter=18) parity=0 owner=host role=host -> true
[log] [coop:interaction] interactionCounter() read -> 18 (role=host)
[log] [coop:reward] owner/watcher decision: pinnedStart=18 liveCounter=18 parity=0 role=host pick=OWNER option=ROLL spoof=false
[log] [coop:shop] serializeRewardOptions count=3 ids=[DIRE_HIT,BERRY,POKEBALL] tiers=[1,0,0]
[log] [coop:reward] OWNER streams reward options (start=18 reroll=0 count=3 ids=[DIRE_HIT,BERRY,POKEBALL])
[log] [coop:relay] SEND rewardOptions seq=18 reroll=0 count=3 ids=[DIRE_HIT,BERRY,POKEBALL]
[log] [coop:transport] send host t=authorityEntry t=authorityEntry
[log] [coop:v2-shadow] PARITY kind=INTERACTION_COMMIT rev=96 match=true field=-
[log] [coop:reward] authoritative options retained surface=reward pin=18 reroll=0 count=3 rev=37 id=1828413413364172:0:REWARD_PRESENT:1800000
[log] [coop:v2-interaction] suppressed raw rewardOptions key=18:0; immutable entry retained
[log] [coop:rendezvous] ARRIVE point=shop:16:18 (send) role=host
[log] [coop:transport] send host t=rendezvous point=shop:16:18
[log] [coop:reward] OWNER drives reward screen (start=18 role=host spoof=false adoptsOptions=false wave=16)
[log] [coop:rendezvous] shop-pick-commit barrier AWAIT shop:16:18
[log] [coop:rendezvous] AWAIT point=shop:16:18 timeoutMs=2000 -> network-wait role=host
[log] [coop:transport] recv guest t=authorityEntry t=authorityEntry handlers=1
[log] [coop:transport] recv guest t=rendezvous point=shop:16:18 handlers=1
[log] [coop:interaction] interactionCounter() read -> 18 (role=host)
[log] [coop:checksum] capture digest=591d0d36b1965c78 field=4 biome=3 seed=coop-soak-20365530 weather=0 terrain=3 money=360 party=[493,384,890,150,382,888] partyLevels=[500,500,500,500,500,500] arenaTags=0 modifiers=5 heldItemsDigest=0 pokeballs=[0:25,1:5,2:0,3:0,4:0] mons=[bi0:sp493/hp1865-1865/st0/ab121/form0/tera0:0/boss0:0 bi1:sp384/hp1715-1715/st0/ab263/form0/tera0:15/boss0:0 bi2:sp919/hp0-29/st7/ab154/form0/tera0:6/boss0:0 bi3:sp303/hp0-34/st7/ab91/form0/tera0:3/boss0:0]
[log] [coop:rendezvous] RECV arrival point=shop:16:18 -> deliver-to-waiter role=host
[log] [coop:transport] send host t=rendezvous point=shop:16:18
[log] [coop:rendezvous] AWAIT point=shop:16:18 RESOLVE both-arrived role=host
[log] [coop:stream] host IGNORE cosmetic turn ACK stage=continuationReady key=1828413413364172:16:2:342 (v2 owns retirement)
[log] [coop:v2-authority] receipt rev=95 op=V2/WAVE/e1828413413364172/w16/tick343 stage=admitted sender=1 generation=0 advanced retired=false waiting=[1] subsumed=[]
[log] [coop:transport] send host t=authorityEntry t=authorityEntry
[log] [coop:transport] send host t=authorityEntry t=authorityEntry
[log] [coop:v2-authority] receipt rev=95 op=V2/WAVE/e1828413413364172/w16/tick343 stage=admitted sender=1 generation=0 duplicate highestStage=0
[log] [coop:v2-authority] receipt rev=95 op=V2/WAVE/e1828413413364172/w16/tick343 stage=materialApplied sender=1 generation=0 advanced retired=false waiting=[1] subsumed=[]
[log] [coop:transport] send host t=authorityEntry t=authorityEntry
[log] [coop:v2-authority] receipt rev=95 op=V2/WAVE/e1828413413364172/w16/tick343 stage=controlInstalled sender=1 generation=0 advanced retired=true waiting=[] subsumed=[]
[log] [coop:v2-authority] receipt rev=96 op=1828413413364172:0:REWARD_PRESENT:1800000 stage=admitted sender=1 generation=0 advanced retired=false waiting=[1] subsumed=[]
[log] [coop:v2-authority] receipt rev=96 op=1828413413364172:0:REWARD_PRESENT:1800000 stage=materialApplied sender=1 generation=0 advanced retired=false waiting=[1] subsumed=[]
[log] [coop:v2-authority] receipt rev=96 op=1828413413364172:0:REWARD_PRESENT:1800000 stage=materialApplied sender=1 generation=0 duplicate highestStage=1
[log] [coop:v2-authority] receipt rev=96 op=1828413413364172:0:REWARD_PRESENT:1800000 stage=controlInstalled sender=1 generation=0 advanced retired=true waiting=[] subsumed=[]
[log] [coop:transport] recv guest t=rendezvous point=shop:16:18 handlers=1
[log] [coop:transport] recv guest t=authorityEntry t=authorityEntry handlers=1
[log] [coop:transport] recv guest t=authorityEntry t=authorityEntry handlers=1
[log] [coop:transport] recv guest t=authorityEntry t=authorityEntry handlers=1
[log] [coop:interaction] mirror begin role=owner mirrorSeq=1152 interactionStart=18 reroll=0
[log] [coop:interaction] uiMirror beginSession role=owner mode=6 seq=1152 early=0
[log] [coop:owner] ownerOf(counter=18) seat=0 -> owner=host
[log] [coop:owner] isLocalOwnerAtCounter(pinnedCounter=18) parity=0 owner=host role=host -> true
[log] [coop:relay] OWNER prepare seq=18 kind=skip choice=-1 data=[] role=host
[log] [coop:reward] reward op INTENT prepared label=skip id=1828413413364172:0:REWARD:1800000
[log] [coop:v2-interaction] terminal proof recorded op=1828413413364172:0:REWARD:1800000 role=host seat=0 duplicate=0 ambient=1
[log] [coop:v2-interaction] phase terminal proof op=1828413413364172:0:REWARD:1800000 route=constructor-fallback accepted=1
[log] [coop:shop] serializeRewardOptions count=3 ids=[DIRE_HIT,BERRY,POKEBALL] tiers=[1,0,0]
[log] [coop:transport] send host t=authorityEntry t=authorityEntry
[log] [coop:v2-shadow] PARITY kind=INTERACTION_COMMIT rev=97 match=true field=-
[log] [coop:reward] reward authoritative RESULT retained rev=38 tick=345 id=1828413413364172:0:REWARD:1800000
[log] [coop:reward] OWNER retained terminal before continuation seq=18 id=1828413413364172:0:REWARD:1800000
[log] [coop:transport] recv guest t=authorityEntry t=authorityEntry handlers=1
[log] [coop:v2-authority] receipt rev=95 op=V2/WAVE/e1828413413364172/w16/tick343 stage=controlInstalled sender=1 generation=0 rejected reason=unknown-revision
[log] [coop:v2-authority] receipt rev=96 op=1828413413364172:0:REWARD_PRESENT:1800000 stage=controlInstalled sender=1 generation=0 rejected reason=unknown-revision
[log] [coop:v2-authority] receipt rev=96 op=1828413413364172:0:REWARD_PRESENT:1800000 stage=controlInstalled sender=1 generation=0 rejected reason=unknown-revision
[log] [coop:v2-authority] receipt rev=97 op=1828413413364172:0:REWARD:1800000 stage=admitted sender=1 generation=0 advanced retired=false waiting=[1] subsumed=[]
[log] [coop:v2-authority] receipt rev=97 op=1828413413364172:0:REWARD:1800000 stage=admitted sender=1 generation=0 duplicate highestStage=0
[log] [coop:v2-authority] receipt rev=97 op=1828413413364172:0:REWARD:1800000 stage=materialApplied sender=1 generation=0 advanced retired=false waiting=[1] subsumed=[]
[log] [coop:v2-authority] receipt rev=97 op=1828413413364172:0:REWARD:1800000 stage=controlInstalled sender=1 generation=0 advanced retired=true waiting=[] subsumed=[]
[log] [coop:reward] OWNER peer material applied; release terminal engine barrier seq=18 id=1828413413364172:0:REWARD:1800000
[log] [coop:interaction] interactionCounter() read -> 18 (role=host)
[log] [coop:interaction] CoopInteractionTurn.advance INCREMENT (fromCounter=18) counter 18 -> 19
[log] [coop:interaction] advanceInteraction ADVANCED+V2-LOCAL (fromCounter=18) counter 18 -> 19 role=host
[log] [coop:owner] ownerOf(counter=19) seat=1 -> owner=guest
[log] [coop:owner] ownerOf(counter=19) seat=1 -> owner=guest
[log] [coop:interaction] interactionCounter() read -> 19 (role=host)
[log] [coop:reward] advance interaction from V2 commit (role=host from=18 counter 18 -> 19); typed successor owns release
[log] [coop:interaction] interactionCounter() read -> 19 (role=host)
[log] [coop:interaction] interactionCounter() read -> 19 (role=guest)
[log] [coop-soak:wave-complete] {"seed":20365530,"wave":16,"wavesRequested":200,"wavesCompleted":16,"waveElapsedMs":3882,"elapsedMs":75048,"findings":0,"hostPhase":"NewBattlePhase","guestPhase":"NewBattlePhase"}
[log] %cStart Phase: NewBattlePhase color:green
[log] %cStart Phase: NextEncounterPhase color:green
[log] [coop:interaction] interactionCounter() read -> 19 (role=host)
[log] [coop:replay] host SEND enemyPartySync wave=17 count=2 meType=-1 battleType=0 entryPresentation=-
[log] [coop:transport] send host t=enemyPartySync wave=17 enemies=2 battleType=0
[log] [coop:turn] host recorder: begin turn=1 scope=1828413413364172:17 (no prior open recording)
[log] [coop:transport] recv guest t=enemyPartySync wave=17 enemies=2 battleType=0 handlers=1
[log] %cStart Phase: ToggleDoublePositionPhase color:green
[log] %cStart Phase: CheckSwitchPhase color:green
[log] %cStart Phase: CheckSwitchPhase color:green
[log] %cStart Phase: InitEncounterPhase color:green
[log] [coop:turn] host recorder: preserve recording scope=1828413413364172:17 turn=1 events=0 seq=0
[log] %cStart Phase: PostSummonPhase color:green
[log] %cStart Phase: PostSummonPhase color:green
[log] %cStart Phase: PostSummonPhase color:green
[log] %cStart Phase: ShowAbilityPhase color:green
[log] [coop:turn] host recorder: append turn=1 seq=0 k=showAbility total=1 live=true
[log] %cStart Phase: MovePhase color:green
[log] [coop:turn] host recorder: append turn=1 seq=1 k=moveUsed total=2 live=true
[log] %cStart Phase: MessagePhase color:green
[log] %cStart Phase: MoveEffectPhase color:green
[log] [coop:turn] host recorder: append turn=1 seq=2 k=moveAnim total=3 live=true
[log] [coop:turn] host recorder: append turn=1 seq=3 k=message total=4 live=true
[log] %cStart Phase: PokemonHealPhase color:green
[log] [coop:turn] host recorder: append turn=1 seq=4 k=message total=5 live=true
[log] %cStart Phase: MessagePhase color:green
[log] %cStart Phase: ResetStatusPhase color:green
[log] %cStart Phase: ResetStatusPhase color:green
[log] %cStart Phase: MessagePhase color:green
[log] %cStart Phase: MoveEndPhase color:green
[log] %cStart Phase: HideAbilityPhase color:green
[log] [coop:turn] host recorder: append turn=1 seq=5 k=hideAbility total=6 live=true
[log] %cStart Phase: TurnInitPhase color:green
[log] [coop:replay] host SEND enemyPartySync wave=17 count=2 meType=-1 battleType=0 entryPresentation=6
[log] [coop:transport] send host t=enemyPartySync wave=17 enemies=2 battleType=0
[log] [coop:replay] host RE-BROADCAST wave-start authority wave=17 after post-summon boundary stateChanged=true presentation=6 (#920)
[log] [coop:transport] send host t=authorityEntry t=authorityEntry
[log] [coop:v2-shadow] PARITY kind=CONTROL_COMMIT rev=98 match=true field=-
[log] [coop:rendezvous] next-command barrier ARRIVE+AWAIT cmd:17:1 slot=0
[log] [coop:rendezvous] ARRIVE point=cmd:17:1 (send) role=host
[log] [coop:transport] send host t=rendezvous point=cmd:17:1
[log] [coop:rendezvous] AWAIT point=cmd:17:1 timeoutMs=2000 -> network-wait role=host
[log] [coop:transport] recv guest t=enemyPartySync wave=17 enemies=2 battleType=0 handlers=1
[log] [coop:transport] recv guest t=authorityEntry t=authorityEntry handlers=1
[log] [coop:transport] recv guest t=rendezvous point=cmd:17:1 handlers=1
[log] [coop:v2-authority] receipt rev=98 op=V2/CONTROL/COMMAND/e1828413413364172/w17/t1/tick349 stage=admitted sender=1 generation=0 advanced retired=false waiting=[1] subsumed=[]
[log] [coop:transport] send host t=authorityEntry t=authorityEntry
[log] [coop:rendezvous] RECV arrival point=cmd:17:1 -> deliver-to-waiter role=host
[log] [coop:transport] send host t=rendezvous point=cmd:17:1
[log] [coop:rendezvous] AWAIT point=cmd:17:1 RESOLVE both-arrived role=host
[log] [coop:v2-authority] receipt rev=98 op=V2/CONTROL/COMMAND/e1828413413364172/w17/t1/tick349 stage=admitted sender=1 generation=0 duplicate highestStage=0
[log] [coop:v2-authority] receipt rev=98 op=V2/CONTROL/COMMAND/e1828413413364172/w17/t1/tick349 stage=materialApplied sender=1 generation=0 advanced retired=false waiting=[1] subsumed=[]
[log] [coop:v2-authority] receipt rev=98 op=V2/CONTROL/COMMAND/e1828413413364172/w17/t1/tick349 stage=materialApplied sender=1 generation=0 duplicate highestStage=1
[log] [coop:v2-authority] receipt rev=98 op=V2/CONTROL/COMMAND/e1828413413364172/w17/t1/tick349 stage=materialApplied sender=1 generation=0 duplicate highestStage=1
[log] [coop:v2-authority] receipt rev=98 op=V2/CONTROL/COMMAND/e1828413413364172/w17/t1/tick349 stage=materialApplied sender=1 generation=0 duplicate highestStage=1
[log] [coop:v2-authority] receipt rev=98 op=V2/CONTROL/COMMAND/e1828413413364172/w17/t1/tick349 stage=controlInstalled sender=1 generation=0 advanced retired=true waiting=[] subsumed=[]
[log] [coop:transport] recv guest t=rendezvous point=cmd:17:1 handlers=1
[log] [coop:transport] send host t=enemyPartySync wave=17 enemies=2 battleType=0
[log] [coop:replay] host RE-BROADCAST wave-start authority wave=17 after post-summon boundary stateChanged=false presentation=6 (#920)
[log] [coop:transport] recv guest t=enemyPartySync wave=17 enemies=2 battleType=0 handlers=1
[log] [coop-soak:wave-start] {"seed":20365530,"wave":17,"wavesRequested":200,"wavesCompleted":16,"elapsedMs":76015,"hostPhase":"CommandPhase","guestPhase":"CommandPhase"}
[log] [coop:interaction] interactionCounter() read -> 19 (role=host)
[log] [coop:interaction] interactionCounter() read -> 19 (role=guest)
[log] [coop:interaction] interactionCounter() read -> 19 (role=host)
[log] [coop:checksum] capture digest=1e15abc8dbe9ba79 field=4 biome=3 seed=coop-soak-20365530 weather=0 terrain=3 money=360 party=[493,384,890,150,382,888] partyLevels=[500,500,500,500,500,500] arenaTags=0 modifiers=5 heldItemsDigest=0 pokeballs=[0:25,1:5,2:0,3:0,4:0] mons=[bi0:sp493/hp1865-1865/st0/ab121/form0/tera0:0/boss0:0 bi1:sp384/hp1715-1715/st0/ab263/form0/tera0:15/boss0:0 bi2:sp753/hp31-31/st0/ab5006/form0/tera0:11/boss0:0 bi3:sp919/hp31-31/st0/ab154/form0/tera0:6/boss0:0]
[log] [coop:interaction] interactionCounter() read -> 19 (role=host)
[log] %cStart Phase: SelectTargetPhase color:green
[log] [coop:owner] broadcast own-slot fi=0 turn=1 role=host cmd=0
[log] [coop:relay] broadcastLocalCommand SEND fieldIndex=0 owner=host turn=1 command=0 cursor=1 moveId=247 targets=[2]
[log] [coop:transport] send host t=command fi=0 owner=host turn=1 cmd=0 cursor=1 move=247
[log] [coop:transport] recv guest t=command fi=0 owner=host turn=1 cmd=0 cursor=1 move=247 handlers=1
[log] [coop:relay] recv command fieldIndex=0 turn=1 command=0 -> BUFFERED (no awaiter yet)
[log] %cStart Phase: CommandPhase color:green
[log] [coop:transport] send host t=enemyPartySync wave=17 enemies=2 battleType=0
[log] [coop:replay] host RE-BROADCAST wave-start authority wave=17 after post-summon boundary stateChanged=true presentation=6 (#920)
[log] [coop:battle] CommandPhase slot=1 turn=1 owner=guest role=host -> partner path
[log] [coop:relay] host requestPartnerCommand SEND fieldIndex=1 turn=1 moveSlots=[0,1,2,3] (awaiting peer)
[log] [coop:transport] send host t=commandRequest fi=1 owner=guest turn=1 slots=4
[log] [coop:transport] recv guest t=enemyPartySync wave=17 enemies=2 battleType=0 handlers=1
[log] [coop:transport] recv guest t=commandRequest fi=1 owner=guest turn=1 slots=4 handlers=1
[log] [coop:relay] peer recv commandRequest fieldIndex=1 owner=guest turn=1 moveSlots=[0,1,2,3] -> reply command=0 cursor=3 moveId=85
[log] [coop:transport] send guest t=command fi=1 owner=guest turn=1 cmd=0 cursor=3 move=85
[log] [coop:transport] recv host t=command fi=1 owner=guest turn=1 cmd=0 cursor=3 move=85 handlers=1
[log] [coop:relay] recv command fieldIndex=1 turn=1 command=0 -> resolved awaiting request
[log] [coop:ai] applyWiredPartnerCommand partner=384 wiredMoveId=85 cursor=3 -> moveId=85 moveIndex=3 tera=false targets=[3] targetsFrom=wire-verbatim useMode=1
[log] %cStart Phase: EnemyCommandPhase color:green
[log] %cStart Phase: EnemyCommandPhase color:green
[log] %cStart Phase: TurnStartPhase color:green
[log] [coop-diag] turn-start authoritative guard mode=authoritative role=host turn=1 diverts=false
[log] [coop:turn] host recorder: preserve recording scope=1828413413364172:17 turn=1 events=9 seq=9
[log] %cStart Phase: MovePhase color:green
[log] [coop:turn] host recorder: append turn=1 seq=9 k=moveUsed total=10 live=true
[log] %cStart Phase: MessagePhase color:green
[log] %cStart Phase: MoveEffectPhase color:green
[log] [coop:turn] host recorder: append turn=1 seq=10 k=moveAnim total=11 live=true
[log] [coop:turn] host recorder: append turn=1 seq=11 k=message total=12 live=true
[log] %cStart Phase: MessagePhase color:green
[log] %cStart Phase: MoveEndPhase color:green
[log] %cStart Phase: MovePhase color:green
[log] [coop:turn] host recorder: append turn=1 seq=12 k=moveUsed total=13 live=true
[log] %cStart Phase: MessagePhase color:green
[log] %cStart Phase: MoveEffectPhase color:green
[log] [coop:turn] host recorder: append turn=1 seq=13 k=message total=14 live=true
[log] %cStart Phase: MessagePhase color:green
[log] %cStart Phase: MoveEndPhase color:green
[log] %cStart Phase: MovePhase color:green
[log] [coop:turn] host recorder: append turn=1 seq=14 k=moveUsed total=15 live=true
[log] %cStart Phase: MessagePhase color:green
[log] %cStart Phase: MoveEffectPhase color:green
[log] [coop:turn] host recorder: append turn=1 seq=15 k=moveAnim total=16 live=true
[log] [coop:turn] host recorder: append turn=1 seq=16 k=hp total=17 live=true
[log] [coop:turn] host recorder: append turn=1 seq=17 k=faint total=18 live=true
[log] %cStart Phase: DamageAnimPhase color:green
[log] %cStart Phase: FaintPhase color:green
[log] %cStart Phase: MessagePhase color:green
[log] %cStart Phase: VictoryPhase color:green
[log] [coop:progression] HOST progression capture begin wave=17
[log] [coop:progression] HOST applyPartyExp COMPUTE wave=17 expValue=101 koMon=Fomantis
[log] %cStart Phase: MoveEndPhase color:green
[log] %cStart Phase: MovePhase color:green
[log] [coop:turn] host recorder: append turn=1 seq=18 k=moveUsed total=19 live=true
[log] %cStart Phase: MessagePhase color:green
[log] %cStart Phase: MoveEffectPhase color:green
[log] [coop:turn] host recorder: append turn=1 seq=19 k=moveAnim total=20 live=true
[log] [coop:turn] host recorder: append turn=1 seq=20 k=hp total=21 live=true
[log] [coop:turn] host recorder: append turn=1 seq=21 k=faint total=22 live=true
[log] %cStart Phase: DamageAnimPhase color:green
[log] %cStart Phase: FaintPhase color:green
[log] %cStart Phase: MessagePhase color:green
[log] %cStart Phase: VictoryPhase color:green
[log] [coop:progression] HOST applyPartyExp COMPUTE wave=17 expValue=93.4 koMon=Nymble
[log] [coop:runtime] defer raw waveResolved wave=17 outcome=win until its material turnResolution is retained
[log] [coop-diag] VictoryPhase win-branch role=host battleType=WILD queuesTrainerVictory=false queuesSelectModifier=true wave=17
[log] [coop-diag] VictoryTail role=host wave=17 source=legacy-local trainer=false egg=true biomeShop=false biomeChange=false crossroads=false nextWave=18
[log] %cStart Phase: MoveEndPhase color:green
[log] %cStart Phase: CheckInterludePhase color:green
[log] %cStart Phase: WeatherEffectPhase color:green
[log] %cStart Phase: PositionalTagPhase color:green
[log] %cStart Phase: BerryPhase color:green
[log] %cStart Phase: CheckStatusEffectPhase color:green
[log] %cStart Phase: TurnEndPhase color:green
[log] %cStart Phase: PokemonHealPhase color:green
[log] [coop:turn] host recorder: append turn=1 seq=22 k=message total=23 live=true
[log] %cStart Phase: MessagePhase color:green
[log] %cStart Phase: CoopTurnCommitPhase color:green
[log] [coop:turn] host recorder: finalize turn=1 events=23 seq=23
[log] [coop:checkpoint] build field=4 weather=0/0 terrain=3/0 arenaTags=0 money=360 mons=[bi0:sp493/hp1865-1865/st0/fnt0 bi1:sp384/hp1715-1715/st0/fnt0 bi2:sp753/hp0-31/st7/fnt1 bi3:sp919/hp0-31/st7/fnt1]
[log] [coop:checkpoint] host capture field=4 weather=0 terrain=3 money=360 arenaTags=0 mons=[bi0:sp493/hp1865-1865/st0/fnt0 bi1:sp384/hp1715-1715/st0/fnt0 bi2:sp753/hp0-31/st7/fnt1 bi3:sp919/hp0-31/st7/fnt1]
[log] [coop:interaction] interactionCounter() read -> 19 (role=host)
[log] [coop:replay] host SEND turnResolution e=1828413413364172 wave=17 turn=1 rev=358 events=23 checksum=0ca86ebd833654f1
[log] [coop:transport] send host t=authorityEntry t=authorityEntry
[log] [coop:v2-shadow] PARITY kind=TURN_COMMIT rev=99 match=true field=- successor=none-non-command-boundary
[log] [coop:transport] send host t=turnResolution e=1828413413364172 wave=17 turn=1 rev=358 events=23 checksum=0ca86ebd833654f1
[log] [coop:runtime] send waveResolved wave=17 outcome=win (host)
[log] [coop:replay] host SEND waveResolved wave=17 outcome=win transition=WAVE_VICTORY/next18/biome0/egg1/wild
[log] [coop:transport] send host t=waveResolved wave=17 outcome=win captureParty=- cap=-
[log] [coop:transport] recv guest t=authorityEntry t=authorityEntry handlers=1
[log] [coop:transport] recv guest t=turnResolution e=1828413413364172 wave=17 turn=1 rev=358 events=23 checksum=0ca86ebd833654f1 handlers=1
[log] [coop:transport] recv guest t=waveResolved wave=17 outcome=win captureParty=- cap=- handlers=1
[log] [38;2;255;127;80mPhaseInterceptor.to: Stopping on completion of CoopTurnCommitPhase[39m
[log] %cStart Phase: BattleEndPhase color:green
[log] [coop:progression] HOST automatic victory settlement deferred wave=17 sourceTurn=1 settlementTurn=2
[log] [coop:v2-authority] receipt rev=99 op=TURN/e1828413413364172/w17/t1 stage=admitted sender=1 generation=0 advanced retired=false waiting=[1] subsumed=[]
[log] [coop:transport] send host t=authorityEntry t=authorityEntry
[log] [coop:transport] recv guest t=authorityEntry t=authorityEntry handlers=1
[log] [coop:v2-authority] receipt rev=99 op=TURN/e1828413413364172/w17/t1 stage=admitted sender=1 generation=0 duplicate highestStage=0
[log] [coop:transport] send host t=authorityEntry t=authorityEntry
[log] [coop:transport] recv guest t=authorityEntry t=authorityEntry handlers=1
[log] [coop:v2-authority] receipt rev=99 op=TURN/e1828413413364172/w17/t1 stage=admitted sender=1 generation=0 duplicate highestStage=0
[log] [coop:v2-authority] receipt rev=99 op=TURN/e1828413413364172/w17/t1 stage=admitted sender=1 generation=0 duplicate highestStage=0
[log] [coop:v2-authority] receipt rev=99 op=TURN/e1828413413364172/w17/t1 stage=materialApplied sender=1 generation=0 advanced retired=false waiting=[1] subsumed=[]
[log] [coop:v2-authority] receipt rev=99 op=TURN/e1828413413364172/w17/t1 stage=controlInstalled sender=1 generation=0 advanced retired=true waiting=[] subsumed=[]
[log] [coop:interaction] interactionCounter() read -> 19 (role=host)
[log] %cStart Phase: EggLapsePhase color:green
[log] %cStart Phase: CoopVictorySealPhase color:green
[log] [coop:transport] send host t=authorityEntry t=authorityEntry
[log] [coop:v2-shadow] PARITY kind=WAVE_ADVANCE rev=100 match=true field=-
[log] [coop:runtime] settled WAVE_ADVANCE committed wave=17 tick=359 next=WAVE_VICTORY/wave18
[log] [coop:runtime] send waveEndState wave=17 tick=359 (host)
[log] [coop:replay] host SEND waveEndState wave=17 tick=359 party=6
[log] [coop:transport] send host t=waveEndState t=waveEndState
[log] [coop:progression] HOST automatic victory settlement sealed wave=17 sourceTurn=1 settlementTurn=2 tick=359
[log] [coop:transport] recv guest t=authorityEntry t=authorityEntry handlers=1
[log] [coop:transport] recv guest t=waveEndState t=waveEndState handlers=1
[log] [coop:interaction] interactionCounter() read -> 19 (role=host)
[log] [coop:owner] ownerOf(counter=19) seat=1 -> owner=guest
[log] [coop:owner] isLocalOwnerAtCounter(pinnedCounter=19) parity=1 owner=guest role=host -> false
[log] [coop:interaction] interactionCounter() read -> 19 (role=host)
[log] [coop:reward] owner/watcher decision: pinnedStart=19 liveCounter=19 parity=1 role=host pick=WATCHER option=ROLL spoof=false
[log] [coop:shop] serializeRewardOptions count=3 ids=[ER_MENTAL_HERB,PP_UP,GREAT_BALL] tiers=[1,1,1]
[log] [coop:reward] OWNER streams reward options (start=19 reroll=0 count=3 ids=[ER_MENTAL_HERB,PP_UP,GREAT_BALL])
[log] [coop:relay] SEND rewardOptions seq=19 reroll=0 count=3 ids=[ER_MENTAL_HERB,PP_UP,GREAT_BALL]
[log] [coop:transport] send host t=authorityEntry t=authorityEntry
[log] [coop:v2-shadow] PARITY kind=INTERACTION_COMMIT rev=101 match=true field=-
[log] [coop:reward] authoritative options retained surface=reward pin=19 reroll=0 count=3 rev=39 id=1828413413364172:1:REWARD_PRESENT:1900000
[log] [coop:v2-interaction] suppressed raw rewardOptions key=19:0; immutable entry retained
[log] [coop:rendezvous] ARRIVE point=shop:17:19 (send) role=host
[log] [coop:transport] send host t=rendezvous point=shop:17:19
[log] [coop:reward] WATCHER waits for partner's reward picks (start=19 role=host wave=17)
[log] [coop:transport] recv guest t=authorityEntry t=authorityEntry handlers=1
[log] [coop:transport] recv guest t=rendezvous point=shop:17:19 handlers=1
[log] [coop:interaction] mirror begin role=watcher mirrorSeq=1216 interactionStart=19 reroll=0
[log] [coop:interaction] uiMirror beginSession role=watcher mode=6 seq=1216 early=0
[log] [coop:relay] AWAIT interactionChoice seq=19 timeoutMs=1200000 expected=[reward,shop,skip,reroll,check,transfer,lock] -> network-wait
[log] [coop:interaction] interactionCounter() read -> 19 (role=host)
[log] [coop:checksum] capture digest=0ca86ebd833654f1 field=4 biome=3 seed=coop-soak-20365530 weather=0 terrain=3 money=360 party=[493,384,890,150,382,888] partyLevels=[500,500,500,500,500,500] arenaTags=0 modifiers=5 heldItemsDigest=0 pokeballs=[0:25,1:5,2:0,3:0,4:0] mons=[bi0:sp493/hp1865-1865/st0/ab121/form0/tera0:0/boss0:0 bi1:sp384/hp1715-1715/st0/ab263/form0/tera0:15/boss0:0 bi2:sp753/hp0-31/st7/ab5006/form0/tera0:11/boss0:0 bi3:sp919/hp0-31/st7/ab154/form0/tera0:6/boss0:0]
[log] [coop:transport] send host t=authorityEntry t=authorityEntry
[log] [coop:rendezvous] RECV arrival point=shop:17:19 -> BUFFER (no waiter yet) role=host
[log] [coop:stream] host IGNORE cosmetic turn ACK stage=continuationReady key=1828413413364172:17:1:358 (v2 owns retirement)
[log] [coop:relay] DELIVER interactionChoice seq=19 -> waiter kind=reward choice=2 data=[0]
[log] [coop:relay] AWAIT interactionChoice seq=19 RESOLVE kind=reward choice=2 data=[0]
[log] [coop:v2-authority] receipt rev=100 op=V2/WAVE/e1828413413364172/w17/tick359 stage=admitted sender=1 generation=0 advanced retired=false waiting=[1] subsumed=[]
[log] [coop:transport] send host t=authorityEntry t=authorityEntry
[log] [coop:transport] send host t=authorityEntry t=authorityEntry
[log] [coop:v2-authority] receipt rev=100 op=V2/WAVE/e1828413413364172/w17/tick359 stage=admitted sender=1 generation=0 duplicate highestStage=0
[log] [coop:v2-authority] receipt rev=100 op=V2/WAVE/e1828413413364172/w17/tick359 stage=materialApplied sender=1 generation=0 advanced retired=false waiting=[1] subsumed=[]
[log] [coop:transport] send host t=authorityEntry t=authorityEntry
[log] [coop:v2-authority] receipt rev=100 op=V2/WAVE/e1828413413364172/w17/tick359 stage=controlInstalled sender=1 generation=0 advanced retired=true waiting=[] subsumed=[]
[log] [coop:v2-authority] receipt rev=101 op=1828413413364172:1:REWARD_PRESENT:1900000 stage=admitted sender=1 generation=0 advanced retired=false waiting=[1] subsumed=[]
[log] [coop:v2-authority] receipt rev=101 op=1828413413364172:1:REWARD_PRESENT:1900000 stage=materialApplied sender=1 generation=0 advanced retired=false waiting=[1] subsumed=[]
[log] [coop:v2-authority] receipt rev=101 op=1828413413364172:1:REWARD_PRESENT:1900000 stage=materialApplied sender=1 generation=0 duplicate highestStage=1
[log] [coop:v2-authority] receipt rev=101 op=1828413413364172:1:REWARD_PRESENT:1900000 stage=controlInstalled sender=1 generation=0 advanced retired=true waiting=[] subsumed=[]
[log] [coop:v2-authority] receipt rev=100 op=V2/WAVE/e1828413413364172/w17/tick359 stage=controlInstalled sender=1 generation=0 rejected reason=unknown-revision
[log] [coop:reward] WATCHER applying relayed action seq=19 act=REWARD choice=2 data=[0]
[log] [coop:owner] ownerOf(counter=19) seat=1 -> owner=guest
[log] [coop:owner] isLocalOwnerAtCounter(pinnedCounter=19) parity=1 owner=guest role=host -> false
[log] [coop:reward] APPLY_RESULT pin=19 side=watcher type=GREAT_BALL class=AddPokeballModifier pregen=[] holderSlot=-1 holderId=-1 stack=-1 accepted=true cost=-1
[log] [coop:transport] recv guest t=authorityEntry t=authorityEntry handlers=1
[log] [coop:transport] recv guest t=authorityEntry t=authorityEntry handlers=1
[log] [coop:transport] recv guest t=authorityEntry t=authorityEntry handlers=1
[log] [coop:v2-interaction] terminal proof recorded op=1828413413364172:1:REWARD:1900000 role=host seat=0 duplicate=0 ambient=1
[log] [coop:v2-interaction] phase terminal proof op=1828413413364172:1:REWARD:1900000 route=constructor-fallback accepted=1
[log] [coop:shop] serializeRewardOptions count=3 ids=[ER_MENTAL_HERB,PP_UP,GREAT_BALL] tiers=[1,1,1]
[log] [coop:transport] send host t=authorityEntry t=authorityEntry
[log] [coop:v2-shadow] PARITY kind=INTERACTION_COMMIT rev=102 match=true field=-
[log] [coop:reward] reward authoritative RESULT retained rev=40 tick=361 id=1828413413364172:1:REWARD:1900000
[log] [coop:interaction] interactionCounter() read -> 19 (role=host)
[log] [coop:interaction] CoopInteractionTurn.advance INCREMENT (fromCounter=19) counter 19 -> 20
[log] [coop:interaction] advanceInteraction ADVANCED+V2-LOCAL (fromCounter=19) counter 19 -> 20 role=host
[log] [coop:owner] ownerOf(counter=20) seat=0 -> owner=host
[log] [coop:owner] ownerOf(counter=20) seat=0 -> owner=host
[log] [coop:interaction] interactionCounter() read -> 20 (role=host)
[log] [coop:reward] advance interaction from V2 commit (role=host from=19 counter 19 -> 20); typed successor owns release
[log] [coop:transport] recv guest t=authorityEntry t=authorityEntry handlers=1
[log] [coop:interaction] interactionCounter() read -> 20 (role=host)
[log] [coop:interaction] interactionCounter() read -> 20 (role=host)
[log] [coop:v2-authority] receipt rev=100 op=V2/WAVE/e1828413413364172/w17/tick359 stage=controlInstalled sender=1 generation=0 rejected reason=unknown-revision
[log] [coop:v2-authority] receipt rev=101 op=1828413413364172:1:REWARD_PRESENT:1900000 stage=controlInstalled sender=1 generation=0 rejected reason=unknown-revision
[log] [coop:v2-authority] receipt rev=101 op=1828413413364172:1:REWARD_PRESENT:1900000 stage=controlInstalled sender=1 generation=0 rejected reason=unknown-revision
[log] [coop:v2-authority] receipt rev=102 op=1828413413364172:1:REWARD:1900000 stage=admitted sender=1 generation=0 advanced retired=false waiting=[1] subsumed=[]
[log] [coop:v2-authority] receipt rev=102 op=1828413413364172:1:REWARD:1900000 stage=admitted sender=1 generation=0 duplicate highestStage=0
[log] [coop:v2-authority] receipt rev=102 op=1828413413364172:1:REWARD:1900000 stage=materialApplied sender=1 generation=0 advanced retired=false waiting=[1] subsumed=[]
[log] [coop:v2-authority] receipt rev=102 op=1828413413364172:1:REWARD:1900000 stage=controlInstalled sender=1 generation=0 advanced retired=true waiting=[] subsumed=[]
[log] [coop:interaction] interactionCounter() read -> 20 (role=host)
[log] [coop:interaction] interactionCounter() read -> 20 (role=guest)
[log] [coop-soak:wave-complete] {"seed":20365530,"wave":17,"wavesRequested":200,"wavesCompleted":17,"waveElapsedMs":2525,"elapsedMs":78540,"findings":0,"hostPhase":"NewBattlePhase","guestPhase":"NewBattlePhase"}
[log] %cStart Phase: NewBattlePhase color:green
[log] %cStart Phase: NextEncounterPhase color:green
[log] [coop:interaction] interactionCounter() read -> 20 (role=host)
[log] [coop:replay] host SEND enemyPartySync wave=18 count=2 meType=-1 battleType=0 entryPresentation=-
[log] [coop:transport] send host t=enemyPartySync wave=18 enemies=2 battleType=0
[log] [coop:turn] host recorder: begin turn=1 scope=1828413413364172:18 (no prior open recording)
[log] [coop:transport] recv guest t=enemyPartySync wave=18 enemies=2 battleType=0 handlers=1
[log] %cStart Phase: ToggleDoublePositionPhase color:green
[log] %cStart Phase: CheckSwitchPhase color:green
[log] %cStart Phase: CheckSwitchPhase color:green
[log] %cStart Phase: InitEncounterPhase color:green
[log] [coop:turn] host recorder: preserve recording scope=1828413413364172:18 turn=1 events=0 seq=0
[log] %cStart Phase: PostSummonPhase color:green
[log] %cStart Phase: PostSummonPhase color:green
[log] %cStart Phase: TurnInitPhase color:green
[log] [coop:replay] host SEND enemyPartySync wave=18 count=2 meType=-1 battleType=0 entryPresentation=0
[log] [coop:transport] send host t=enemyPartySync wave=18 enemies=2 battleType=0
[log] [coop:replay] host RE-BROADCAST wave-start authority wave=18 after post-summon boundary stateChanged=false presentation=0 (#920)
[log] [coop:transport] send host t=authorityEntry t=authorityEntry
[log] [coop:v2-shadow] PARITY kind=CONTROL_COMMIT rev=103 match=true field=-
[log] [coop:rendezvous] next-command barrier ARRIVE+AWAIT cmd:18:1 slot=0
[log] [coop:rendezvous] ARRIVE point=cmd:18:1 (send) role=host
[log] [coop:transport] send host t=rendezvous point=cmd:18:1
[log] [coop:rendezvous] AWAIT point=cmd:18:1 timeoutMs=2000 -> network-wait role=host
[log] [coop:transport] recv guest t=enemyPartySync wave=18 enemies=2 battleType=0 handlers=1
[log] [coop:transport] recv guest t=authorityEntry t=authorityEntry handlers=1
[log] [coop:transport] recv guest t=rendezvous point=cmd:18:1 handlers=1
[log] [coop:v2-authority] receipt rev=103 op=V2/CONTROL/COMMAND/e1828413413364172/w18/t1/tick365 stage=admitted sender=1 generation=0 advanced retired=false waiting=[1] subsumed=[]
[log] [coop:transport] send host t=authorityEntry t=authorityEntry
[log] [coop:rendezvous] RECV arrival point=cmd:18:1 -> deliver-to-waiter role=host
[log] [coop:transport] send host t=rendezvous point=cmd:18:1
[log] [coop:rendezvous] AWAIT point=cmd:18:1 RESOLVE both-arrived role=host
[log] [coop:v2-authority] receipt rev=103 op=V2/CONTROL/COMMAND/e1828413413364172/w18/t1/tick365 stage=admitted sender=1 generation=0 duplicate highestStage=0
[log] [coop:v2-authority] receipt rev=103 op=V2/CONTROL/COMMAND/e1828413413364172/w18/t1/tick365 stage=materialApplied sender=1 generation=0 advanced retired=false waiting=[1] subsumed=[]
[log] [coop:v2-authority] receipt rev=103 op=V2/CONTROL/COMMAND/e1828413413364172/w18/t1/tick365 stage=materialApplied sender=1 generation=0 duplicate highestStage=1
[log] [coop:v2-authority] receipt rev=103 op=V2/CONTROL/COMMAND/e1828413413364172/w18/t1/tick365 stage=materialApplied sender=1 generation=0 duplicate highestStage=1
[log] [coop:v2-authority] receipt rev=103 op=V2/CONTROL/COMMAND/e1828413413364172/w18/t1/tick365 stage=materialApplied sender=1 generation=0 duplicate highestStage=1
[log] [coop:v2-authority] receipt rev=103 op=V2/CONTROL/COMMAND/e1828413413364172/w18/t1/tick365 stage=controlInstalled sender=1 generation=0 advanced retired=true waiting=[] subsumed=[]
[log] [coop:transport] recv guest t=rendezvous point=cmd:18:1 handlers=1
[log] [coop:transport] send host t=enemyPartySync wave=18 enemies=2 battleType=0
[log] [coop:replay] host RE-BROADCAST wave-start authority wave=18 after post-summon boundary stateChanged=false presentation=0 (#920)
[log] [coop:transport] recv guest t=enemyPartySync wave=18 enemies=2 battleType=0 handlers=1
[log] [coop-soak:wave-start] {"seed":20365530,"wave":18,"wavesRequested":200,"wavesCompleted":17,"elapsedMs":79216,"hostPhase":"CommandPhase","guestPhase":"CommandPhase"}
[log] [coop:interaction] interactionCounter() read -> 20 (role=host)
[log] [coop:interaction] interactionCounter() read -> 20 (role=guest)
[log] [coop:interaction] interactionCounter() read -> 20 (role=host)
[log] [coop:checksum] capture digest=59bd7d9f5306da26 field=4 biome=3 seed=coop-soak-20365530 weather=0 terrain=3 money=360 party=[493,384,890,150,382,888] partyLevels=[500,500,500,500,500,500] arenaTags=0 modifiers=5 heldItemsDigest=0 pokeballs=[0:25,1:10,2:0,3:0,4:0] mons=[bi0:sp493/hp1865-1865/st0/ab121/form0/tera0:0/boss0:0 bi1:sp384/hp1715-1715/st0/ab263/form0/tera0:15/boss0:0 bi2:sp665/hp36-36/st0/ab218/form0/tera0:6/boss0:0 bi3:sp32/hp34-34/st0/ab55/form0/tera0:3/boss0:0]
[log] [coop:interaction] interactionCounter() read -> 20 (role=host)
[log] %cStart Phase: SelectTargetPhase color:green
[log] [coop:owner] broadcast own-slot fi=0 turn=1 role=host cmd=0
[log] [coop:relay] broadcastLocalCommand SEND fieldIndex=0 owner=host turn=1 command=0 cursor=2 moveId=53 targets=[2]
[log] [coop:transport] send host t=command fi=0 owner=host turn=1 cmd=0 cursor=2 move=53
[log] [coop:transport] recv guest t=command fi=0 owner=host turn=1 cmd=0 cursor=2 move=53 handlers=1
[log] [coop:relay] recv command fieldIndex=0 turn=1 command=0 -> BUFFERED (no awaiter yet)
[log] %cStart Phase: CommandPhase color:green
[log] [coop:transport] send host t=enemyPartySync wave=18 enemies=2 battleType=0
[log] [coop:replay] host RE-BROADCAST wave-start authority wave=18 after post-summon boundary stateChanged=true presentation=0 (#920)
[log] [coop:battle] CommandPhase slot=1 turn=1 owner=guest role=host -> partner path
[log] [coop:relay] host requestPartnerCommand SEND fieldIndex=1 turn=1 moveSlots=[0,1,2,3] (awaiting peer)
[log] [coop:transport] send host t=commandRequest fi=1 owner=guest turn=1 slots=4
[log] [coop:transport] recv guest t=enemyPartySync wave=18 enemies=2 battleType=0 handlers=1
[log] [coop:transport] recv guest t=commandRequest fi=1 owner=guest turn=1 slots=4 handlers=1
[log] [coop:relay] peer recv commandRequest fieldIndex=1 owner=guest turn=1 moveSlots=[0,1,2,3] -> reply command=0 cursor=0 moveId=34
[log] [coop:transport] send guest t=command fi=1 owner=guest turn=1 cmd=0 cursor=0 move=34
[log] [coop:transport] recv host t=command fi=1 owner=guest turn=1 cmd=0 cursor=0 move=34 handlers=1
[log] [coop:relay] recv command fieldIndex=1 turn=1 command=0 -> resolved awaiting request
[log] [coop:ai] applyWiredPartnerCommand partner=384 wiredMoveId=34 cursor=0 -> moveId=34 moveIndex=0 tera=false targets=[3] targetsFrom=wire-verbatim useMode=1
[log] %cStart Phase: EnemyCommandPhase color:green
[log] %cStart Phase: EnemyCommandPhase color:green
[log] %cStart Phase: TurnStartPhase color:green
[log] [coop-diag] turn-start authoritative guard mode=authoritative role=host turn=1 diverts=false
[log] [coop:turn] host recorder: preserve recording scope=1828413413364172:18 turn=1 events=0 seq=0
[log] %cStart Phase: MovePhase color:green
[log] [coop:turn] host recorder: append turn=1 seq=0 k=moveUsed total=1 live=true
[log] %cStart Phase: MessagePhase color:green
[log] %cStart Phase: MoveEffectPhase color:green
[log] [coop:turn] host recorder: append turn=1 seq=1 k=moveAnim total=2 live=true
[log] [coop:turn] host recorder: append turn=1 seq=2 k=hp total=3 live=true
[log] [coop:turn] host recorder: append turn=1 seq=3 k=faint total=4 live=true
[log] [coop:turn] host recorder: append turn=1 seq=4 k=message total=5 live=true
[log] %cStart Phase: DamageAnimPhase color:green
[log] %cStart Phase: MessagePhase color:green
[log] %cStart Phase: FaintPhase color:green
[log] %cStart Phase: MessagePhase color:green
[log] %cStart Phase: VictoryPhase color:green
[log] [coop:progression] HOST progression capture begin wave=18
[log] [coop:progression] HOST applyPartyExp COMPUTE wave=18 expValue=181 koMon=Spewpa
[log] %cStart Phase: MoveEndPhase color:green
[log] %cStart Phase: MovePhase color:green
[log] [coop:turn] host recorder: append turn=1 seq=5 k=moveUsed total=6 live=true
[log] %cStart Phase: MessagePhase color:green
[log] %cStart Phase: MoveEffectPhase color:green
[log] [coop:turn] host recorder: append turn=1 seq=6 k=moveAnim total=7 live=true
[log] [coop:turn] host recorder: append turn=1 seq=7 k=hp total=8 live=true
[log] [coop:turn] host recorder: append turn=1 seq=8 k=faint total=9 live=true
[log] %cStart Phase: DamageAnimPhase color:green
[log] %cStart Phase: FaintPhase color:green
[log] %cStart Phase: MessagePhase color:green
[log] %cStart Phase: VictoryPhase color:green
[log] [coop:progression] HOST applyPartyExp COMPUTE wave=18 expValue=122 koMon=Nidoran♂
[log] [coop:runtime] defer raw waveResolved wave=18 outcome=win until its material turnResolution is retained
[log] [coop-diag] VictoryPhase win-branch role=host battleType=WILD queuesTrainerVictory=false queuesSelectModifier=true wave=18
[log] [coop-diag] VictoryTail role=host wave=18 source=legacy-local trainer=false egg=true biomeShop=false biomeChange=false crossroads=false nextWave=19
[log] %cStart Phase: MoveEndPhase color:green
[log] %cStart Phase: MovePhase color:green
[log] %cStart Phase: MoveEndPhase color:green
[log] %cStart Phase: MovePhase color:green
[log] %cStart Phase: MoveEndPhase color:green
[log] %cStart Phase: CheckInterludePhase color:green
[log] %cStart Phase: WeatherEffectPhase color:green
[log] %cStart Phase: PositionalTagPhase color:green
[log] %cStart Phase: BerryPhase color:green
[log] %cStart Phase: CheckStatusEffectPhase color:green
[log] %cStart Phase: TurnEndPhase color:green
[log] %cStart Phase: PokemonHealPhase color:green
[log] [coop:turn] host recorder: append turn=1 seq=9 k=message total=10 live=true
[log] %cStart Phase: MessagePhase color:green
[log] %cStart Phase: CoopTurnCommitPhase color:green
[log] [coop:turn] host recorder: finalize turn=1 events=10 seq=10
[log] [coop:checkpoint] build field=4 weather=0/0 terrain=3/0 arenaTags=0 money=360 mons=[bi0:sp493/hp1865-1865/st0/fnt0 bi1:sp384/hp1715-1715/st0/fnt0 bi2:sp665/hp0-36/st7/fnt1 bi3:sp32/hp0-34/st7/fnt1]
[log] [coop:checkpoint] host capture field=4 weather=0 terrain=3 money=360 arenaTags=0 mons=[bi0:sp493/hp1865-1865/st0/fnt0 bi1:sp384/hp1715-1715/st0/fnt0 bi2:sp665/hp0-36/st7/fnt1 bi3:sp32/hp0-34/st7/fnt1]
[log] [coop:interaction] interactionCounter() read -> 20 (role=host)
[log] [coop:replay] host SEND turnResolution e=1828413413364172 wave=18 turn=1 rev=374 events=10 checksum=ca178e3a420c0420
[log] [coop:transport] send host t=authorityEntry t=authorityEntry
[log] [coop:v2-shadow] PARITY kind=TURN_COMMIT rev=104 match=true field=- successor=none-non-command-boundary
[log] [coop:transport] send host t=turnResolution e=1828413413364172 wave=18 turn=1 rev=374 events=10 checksum=ca178e3a420c0420
[log] [coop:runtime] send waveResolved wave=18 outcome=win (host)
[log] [coop:replay] host SEND waveResolved wave=18 outcome=win transition=WAVE_VICTORY/next19/biome0/egg1/wild
[log] [coop:transport] send host t=waveResolved wave=18 outcome=win captureParty=- cap=-
[log] [coop:transport] recv guest t=authorityEntry t=authorityEntry handlers=1
[log] [coop:transport] recv guest t=turnResolution e=1828413413364172 wave=18 turn=1 rev=374 events=10 checksum=ca178e3a420c0420 handlers=1
[log] [coop:transport] recv guest t=waveResolved wave=18 outcome=win captureParty=- cap=- handlers=1
[log] [38;2;255;127;80mPhaseInterceptor.to: Stopping on completion of CoopTurnCommitPhase[39m
[log] %cStart Phase: BattleEndPhase color:green
[log] [coop:progression] HOST automatic victory settlement deferred wave=18 sourceTurn=1 settlementTurn=2
[log] [coop:v2-authority] receipt rev=104 op=TURN/e1828413413364172/w18/t1 stage=admitted sender=1 generation=0 advanced retired=false waiting=[1] subsumed=[]
[log] [coop:transport] send host t=authorityEntry t=authorityEntry
[log] [coop:v2-authority] receipt rev=104 op=TURN/e1828413413364172/w18/t1 stage=admitted sender=1 generation=0 duplicate highestStage=0
[log] [coop:v2-authority] receipt rev=104 op=TURN/e1828413413364172/w18/t1 stage=admitted sender=1 generation=0 duplicate highestStage=0
[log] [coop:v2-authority] receipt rev=104 op=TURN/e1828413413364172/w18/t1 stage=materialApplied sender=1 generation=0 advanced retired=false waiting=[1] subsumed=[]
[log] [coop:v2-authority] receipt rev=104 op=TURN/e1828413413364172/w18/t1 stage=controlInstalled sender=1 generation=0 advanced retired=true waiting=[] subsumed=[]
[log] [coop:interaction] interactionCounter() read -> 20 (role=host)
[log] %cStart Phase: EggLapsePhase color:green
[log] %cStart Phase: CoopVictorySealPhase color:green
[log] [coop:transport] send host t=authorityEntry t=authorityEntry
[log] [coop:v2-shadow] PARITY kind=WAVE_ADVANCE rev=105 match=true field=-
[log] [coop:runtime] settled WAVE_ADVANCE committed wave=18 tick=375 next=WAVE_VICTORY/wave19
[log] [coop:runtime] send waveEndState wave=18 tick=375 (host)
[log] [coop:replay] host SEND waveEndState wave=18 tick=375 party=6
[log] [coop:transport] send host t=waveEndState t=waveEndState
[log] [coop:progression] HOST automatic victory settlement sealed wave=18 sourceTurn=1 settlementTurn=2 tick=375
[log] [coop:transport] recv guest t=authorityEntry t=authorityEntry handlers=1
[log] [coop:transport] recv guest t=waveEndState t=waveEndState handlers=1
[log] [coop:interaction] interactionCounter() read -> 20 (role=host)
[log] [coop:owner] ownerOf(counter=20) seat=0 -> owner=host
[log] [coop:owner] isLocalOwnerAtCounter(pinnedCounter=20) parity=0 owner=host role=host -> true
[log] [coop:interaction] interactionCounter() read -> 20 (role=host)
[log] [coop:reward] owner/watcher decision: pinnedStart=20 liveCounter=20 parity=0 role=host pick=OWNER option=ROLL spoof=false
[log] [coop:shop] serializeRewardOptions count=3 ids=[POKEBALL,RARE_CANDY,BERRY] tiers=[0,0,0]
[log] [coop:reward] OWNER streams reward options (start=20 reroll=0 count=3 ids=[POKEBALL,RARE_CANDY,BERRY])
[log] [coop:relay] SEND rewardOptions seq=20 reroll=0 count=3 ids=[POKEBALL,RARE_CANDY,BERRY]
[log] [coop:transport] send host t=authorityEntry t=authorityEntry
[log] [coop:v2-shadow] PARITY kind=INTERACTION_COMMIT rev=106 match=true field=-
[log] [coop:reward] authoritative options retained surface=reward pin=20 reroll=0 count=3 rev=41 id=1828413413364172:0:REWARD_PRESENT:2000000
[log] [coop:v2-interaction] suppressed raw rewardOptions key=20:0; immutable entry retained
[log] [coop:rendezvous] ARRIVE point=shop:18:20 (send) role=host
[log] [coop:transport] send host t=rendezvous point=shop:18:20
[log] [coop:reward] OWNER drives reward screen (start=20 role=host spoof=false adoptsOptions=false wave=18)
[log] [coop:rendezvous] shop-pick-commit barrier AWAIT shop:18:20
[log] [coop:rendezvous] AWAIT point=shop:18:20 timeoutMs=2000 -> network-wait role=host
[log] [coop:transport] recv guest t=authorityEntry t=authorityEntry handlers=1
[log] [coop:transport] recv guest t=rendezvous point=shop:18:20 handlers=1
[log] [coop:interaction] interactionCounter() read -> 20 (role=host)
[log] [coop:checksum] capture digest=ca178e3a420c0420 field=4 biome=3 seed=coop-soak-20365530 weather=0 terrain=3 money=360 party=[493,384,890,150,382,888] partyLevels=[500,500,500,500,500,500] arenaTags=0 modifiers=5 heldItemsDigest=0 pokeballs=[0:25,1:10,2:0,3:0,4:0] mons=[bi0:sp493/hp1865-1865/st0/ab121/form0/tera0:0/boss0:0 bi1:sp384/hp1715-1715/st0/ab263/form0/tera0:15/boss0:0 bi2:sp665/hp0-36/st7/ab218/form0/tera0:6/boss0:0 bi3:sp32/hp0-34/st7/ab55/form0/tera0:3/boss0:0]
[log] [coop:rendezvous] RECV arrival point=shop:18:20 -> deliver-to-waiter role=host
[log] [coop:transport] send host t=rendezvous point=shop:18:20
[log] [coop:rendezvous] AWAIT point=shop:18:20 RESOLVE both-arrived role=host
[log] [coop:stream] host IGNORE cosmetic turn ACK stage=continuationReady key=1828413413364172:18:1:374 (v2 owns retirement)
[log] [coop:v2-authority] receipt rev=105 op=V2/WAVE/e1828413413364172/w18/tick375 stage=admitted sender=1 generation=0 advanced retired=false waiting=[1] subsumed=[]
[log] [coop:transport] send host t=authorityEntry t=authorityEntry
[log] [coop:transport] send host t=authorityEntry t=authorityEntry
[log] [coop:v2-authority] receipt rev=105 op=V2/WAVE/e1828413413364172/w18/tick375 stage=admitted sender=1 generation=0 duplicate highestStage=0
[log] [coop:v2-authority] receipt rev=105 op=V2/WAVE/e1828413413364172/w18/tick375 stage=materialApplied sender=1 generation=0 advanced retired=false waiting=[1] subsumed=[]
[log] [coop:transport] send host t=authorityEntry t=authorityEntry
[log] [coop:v2-authority] receipt rev=105 op=V2/WAVE/e1828413413364172/w18/tick375 stage=controlInstalled sender=1 generation=0 advanced retired=true waiting=[] subsumed=[]
[log] [coop:v2-authority] receipt rev=106 op=1828413413364172:0:REWARD_PRESENT:2000000 stage=admitted sender=1 generation=0 advanced retired=false waiting=[1] subsumed=[]
[log] [coop:v2-authority] receipt rev=106 op=1828413413364172:0:REWARD_PRESENT:2000000 stage=materialApplied sender=1 generation=0 advanced retired=false waiting=[1] subsumed=[]
[log] [coop:v2-authority] receipt rev=106 op=1828413413364172:0:REWARD_PRESENT:2000000 stage=materialApplied sender=1 generation=0 duplicate highestStage=1
[log] [coop:v2-authority] receipt rev=106 op=1828413413364172:0:REWARD_PRESENT:2000000 stage=controlInstalled sender=1 generation=0 advanced retired=true waiting=[] subsumed=[]
[log] [coop:transport] recv guest t=rendezvous point=shop:18:20 handlers=1
[log] [coop:transport] recv guest t=authorityEntry t=authorityEntry handlers=1
[log] [coop:transport] recv guest t=authorityEntry t=authorityEntry handlers=1
[log] [coop:transport] recv guest t=authorityEntry t=authorityEntry handlers=1
[log] [coop:interaction] mirror begin role=owner mirrorSeq=1280 interactionStart=20 reroll=0
[log] [coop:interaction] uiMirror beginSession role=owner mode=6 seq=1280 early=0
[log] [coop:owner] ownerOf(counter=20) seat=0 -> owner=host
[log] [coop:owner] isLocalOwnerAtCounter(pinnedCounter=20) parity=0 owner=host role=host -> true
[log] [coop:owner] ownerOf(counter=20) seat=0 -> owner=host
[log] [coop:owner] isLocalOwnerAtCounter(pinnedCounter=20) parity=0 owner=host role=host -> true
[log] [coop:relay] OWNER prepare seq=20 kind=reward choice=0 data=[0] role=host
[log] [coop:reward] reward op INTENT prepared label=reward id=1828413413364172:0:REWARD:2000000
[log] [coop:relay] OWNER send raw seq=20 kind=reward choice=0 role=host
[log] [coop:relay] SEND interactionChoice seq=20 kind=reward kind=? choice=0 data=[0]
[log] [coop:v2-interaction] suppressed raw authority interactionChoice seq=20 kind=reward
[log] [coop:reward] APPLY_RESULT pin=20 side=owner type=POKEBALL class=AddPokeballModifier pregen=[] holderSlot=-1 holderId=-1 stack=-1 accepted=true cost=-1
[log] [coop:v2-interaction] terminal proof recorded op=1828413413364172:0:REWARD:2000000 role=host seat=0 duplicate=0 ambient=1
[log] [coop:v2-interaction] phase terminal proof op=1828413413364172:0:REWARD:2000000 route=constructor-fallback accepted=1
[log] [coop:shop] serializeRewardOptions count=3 ids=[POKEBALL,RARE_CANDY,BERRY] tiers=[0,0,0]
[log] [coop:transport] send host t=authorityEntry t=authorityEntry
[log] [coop:v2-shadow] PARITY kind=INTERACTION_COMMIT rev=107 match=true field=-
[log] [coop:reward] reward authoritative RESULT retained rev=42 tick=377 id=1828413413364172:0:REWARD:2000000
[log] [coop:interaction] interactionCounter() read -> 20 (role=host)
[log] [coop:interaction] CoopInteractionTurn.advance INCREMENT (fromCounter=20) counter 20 -> 21
[log] [coop:interaction] advanceInteraction ADVANCED+V2-LOCAL (fromCounter=20) counter 20 -> 21 role=host
[log] [coop:owner] ownerOf(counter=21) seat=1 -> owner=guest
[log] [coop:owner] ownerOf(counter=21) seat=1 -> owner=guest
[log] [coop:interaction] interactionCounter() read -> 21 (role=host)
[log] [coop:reward] advance interaction from V2 commit (role=host from=20 counter 20 -> 21); typed successor owns release
[log] [coop:transport] recv guest t=authorityEntry t=authorityEntry handlers=1
[log] [coop:v2-authority] receipt rev=105 op=V2/WAVE/e1828413413364172/w18/tick375 stage=controlInstalled sender=1 generation=0 rejected reason=unknown-revision
[log] [coop:v2-authority] receipt rev=106 op=1828413413364172:0:REWARD_PRESENT:2000000 stage=controlInstalled sender=1 generation=0 rejected reason=unknown-revision
[log] [coop:v2-authority] receipt rev=106 op=1828413413364172:0:REWARD_PRESENT:2000000 stage=controlInstalled sender=1 generation=0 rejected reason=unknown-revision
[log] [coop:v2-authority] receipt rev=107 op=1828413413364172:0:REWARD:2000000 stage=admitted sender=1 generation=0 advanced retired=false waiting=[1] subsumed=[]
[log] [coop:v2-authority] receipt rev=107 op=1828413413364172:0:REWARD:2000000 stage=admitted sender=1 generation=0 duplicate highestStage=0
[log] [coop:v2-authority] receipt rev=107 op=1828413413364172:0:REWARD:2000000 stage=materialApplied sender=1 generation=0 advanced retired=false waiting=[1] subsumed=[]
[log] [coop:v2-authority] receipt rev=107 op=1828413413364172:0:REWARD:2000000 stage=controlInstalled sender=1 generation=0 advanced retired=true waiting=[] subsumed=[]
[log] [coop:interaction] interactionCounter() read -> 21 (role=host)
[log] [coop:interaction] interactionCounter() read -> 21 (role=guest)
[log] [coop-soak:wave-complete] {"seed":20365530,"wave":18,"wavesRequested":200,"wavesCompleted":18,"waveElapsedMs":2244,"elapsedMs":81460,"findings":0,"hostPhase":"NewBattlePhase","guestPhase":"NewBattlePhase"}
[log] %cStart Phase: NewBattlePhase color:green
[log] %cStart Phase: NextEncounterPhase color:green
[log] [coop:interaction] interactionCounter() read -> 21 (role=host)
[log] [coop:replay] host SEND enemyPartySync wave=19 count=2 meType=-1 battleType=0 entryPresentation=-
[log] [coop:transport] send host t=enemyPartySync wave=19 enemies=2 battleType=0
[log] [coop:turn] host recorder: begin turn=1 scope=1828413413364172:19 (no prior open recording)
[log] [coop:transport] recv guest t=enemyPartySync wave=19 enemies=2 battleType=0 handlers=1
[log] %cStart Phase: ToggleDoublePositionPhase color:green
[log] %cStart Phase: CheckSwitchPhase color:green
[log] %cStart Phase: CheckSwitchPhase color:green
[log] %cStart Phase: InitEncounterPhase color:green
[log] [coop:turn] host recorder: preserve recording scope=1828413413364172:19 turn=1 events=0 seq=0
[log] %cStart Phase: PostSummonPhase color:green
[log] %cStart Phase: PostSummonPhase color:green
[log] %cStart Phase: TurnInitPhase color:green
[log] [coop:replay] host SEND enemyPartySync wave=19 count=2 meType=-1 battleType=0 entryPresentation=0
[log] [coop:transport] send host t=enemyPartySync wave=19 enemies=2 battleType=0
[log] [coop:replay] host RE-BROADCAST wave-start authority wave=19 after post-summon boundary stateChanged=false presentation=0 (#920)
[log] [coop:transport] send host t=authorityEntry t=authorityEntry
[log] [coop:v2-shadow] PARITY kind=CONTROL_COMMIT rev=108 match=true field=-
[log] [coop:rendezvous] next-command barrier ARRIVE+AWAIT cmd:19:1 slot=0
[log] [coop:rendezvous] ARRIVE point=cmd:19:1 (send) role=host
[log] [coop:transport] send host t=rendezvous point=cmd:19:1
[log] [coop:rendezvous] AWAIT point=cmd:19:1 timeoutMs=2000 -> network-wait role=host
[log] [coop:transport] recv guest t=enemyPartySync wave=19 enemies=2 battleType=0 handlers=1
[log] [coop:transport] recv guest t=authorityEntry t=authorityEntry handlers=1
[log] [coop:transport] recv guest t=rendezvous point=cmd:19:1 handlers=1
[log] [coop:v2-authority] receipt rev=108 op=V2/CONTROL/COMMAND/e1828413413364172/w19/t1/tick381 stage=admitted sender=1 generation=0 advanced retired=false waiting=[1] subsumed=[]
[log] [coop:transport] send host t=authorityEntry t=authorityEntry
[log] [coop:rendezvous] RECV arrival point=cmd:19:1 -> deliver-to-waiter role=host
[log] [coop:transport] send host t=rendezvous point=cmd:19:1
[log] [coop:rendezvous] AWAIT point=cmd:19:1 RESOLVE both-arrived role=host
[log] [coop:v2-authority] receipt rev=108 op=V2/CONTROL/COMMAND/e1828413413364172/w19/t1/tick381 stage=admitted sender=1 generation=0 duplicate highestStage=0
[log] [coop:v2-authority] receipt rev=108 op=V2/CONTROL/COMMAND/e1828413413364172/w19/t1/tick381 stage=materialApplied sender=1 generation=0 advanced retired=false waiting=[1] subsumed=[]
[log] [coop:v2-authority] receipt rev=108 op=V2/CONTROL/COMMAND/e1828413413364172/w19/t1/tick381 stage=materialApplied sender=1 generation=0 duplicate highestStage=1
[log] [coop:v2-authority] receipt rev=108 op=V2/CONTROL/COMMAND/e1828413413364172/w19/t1/tick381 stage=materialApplied sender=1 generation=0 duplicate highestStage=1
[log] [coop:v2-authority] receipt rev=108 op=V2/CONTROL/COMMAND/e1828413413364172/w19/t1/tick381 stage=materialApplied sender=1 generation=0 duplicate highestStage=1
[log] [coop:v2-authority] receipt rev=108 op=V2/CONTROL/COMMAND/e1828413413364172/w19/t1/tick381 stage=controlInstalled sender=1 generation=0 advanced retired=true waiting=[] subsumed=[]
[log] [coop:transport] recv guest t=rendezvous point=cmd:19:1 handlers=1
[log] [coop:transport] send host t=enemyPartySync wave=19 enemies=2 battleType=0
[log] [coop:replay] host RE-BROADCAST wave-start authority wave=19 after post-summon boundary stateChanged=false presentation=0 (#920)
[log] [coop:transport] recv guest t=enemyPartySync wave=19 enemies=2 battleType=0 handlers=1
[log] [coop-soak:wave-start] {"seed":20365530,"wave":19,"wavesRequested":200,"wavesCompleted":18,"elapsedMs":82126,"hostPhase":"CommandPhase","guestPhase":"CommandPhase"}
[log] [coop:interaction] interactionCounter() read -> 21 (role=host)
[log] [coop:interaction] interactionCounter() read -> 21 (role=guest)
[log] [coop:interaction] interactionCounter() read -> 21 (role=host)
[log] [coop:checksum] capture digest=e91890d831e6f7e9 field=4 biome=3 seed=coop-soak-20365530 weather=0 terrain=3 money=360 party=[493,384,890,150,382,888] partyLevels=[500,500,500,500,500,500] arenaTags=0 modifiers=5 heldItemsDigest=0 pokeballs=[0:30,1:10,2:0,3:0,4:0] mons=[bi0:sp493/hp1865-1865/st0/ab121/form0/tera0:0/boss0:0 bi1:sp384/hp1715-1715/st0/ab263/form0/tera0:15/boss0:0 bi2:sp761/hp35-35/st0/ab158/form0/tera0:11/boss0:0 bi3:sp919/hp33-33/st0/ab154/form0/tera0:6/boss0:0]
[log] [coop:interaction] interactionCounter() read -> 21 (role=host)
[log] %cStart Phase: SelectTargetPhase color:green
[log] [coop:owner] broadcast own-slot fi=0 turn=1 role=host cmd=0
[log] [coop:relay] broadcastLocalCommand SEND fieldIndex=0 owner=host turn=1 command=0 cursor=3 moveId=85 targets=[2]
[log] [coop:transport] send host t=command fi=0 owner=host turn=1 cmd=0 cursor=3 move=85
[log] [coop:transport] recv guest t=command fi=0 owner=host turn=1 cmd=0 cursor=3 move=85 handlers=1
[log] [coop:relay] recv command fieldIndex=0 turn=1 command=0 -> BUFFERED (no awaiter yet)
[log] %cStart Phase: CommandPhase color:green
[log] [coop:transport] send host t=enemyPartySync wave=19 enemies=2 battleType=0
[log] [coop:replay] host RE-BROADCAST wave-start authority wave=19 after post-summon boundary stateChanged=true presentation=0 (#920)
[log] [coop:battle] CommandPhase slot=1 turn=1 owner=guest role=host -> partner path
[log] [coop:relay] host requestPartnerCommand SEND fieldIndex=1 turn=1 moveSlots=[0,1,2,3] (awaiting peer)
[log] [coop:transport] send host t=commandRequest fi=1 owner=guest turn=1 slots=4
[log] [coop:transport] recv guest t=enemyPartySync wave=19 enemies=2 battleType=0 handlers=1
[log] [coop:transport] recv guest t=commandRequest fi=1 owner=guest turn=1 slots=4 handlers=1
[log] [coop:relay] peer recv commandRequest fieldIndex=1 owner=guest turn=1 moveSlots=[0,1,2,3] -> reply command=2 cursor=3 moveId=-
[log] [coop:transport] send guest t=command fi=1 owner=guest turn=1 cmd=2 cursor=3 move=-
[log] [coop:transport] recv host t=command fi=1 owner=guest turn=1 cmd=2 cursor=3 move=- handlers=1
[log] [coop:relay] recv command fieldIndex=1 turn=1 command=2 -> resolved awaiting request
[log] %cStart Phase: EnemyCommandPhase color:green
[log] %cStart Phase: EnemyCommandPhase color:green
[log] %cStart Phase: TurnStartPhase color:green
[log] [coop-diag] turn-start authoritative guard mode=authoritative role=host turn=1 diverts=false
[log] [coop:turn] host recorder: preserve recording scope=1828413413364172:19 turn=1 events=0 seq=0
[log] %cStart Phase: SwitchSummonPhase color:green
[log] [coop:turn] host recorder: preserve recording scope=1828413413364172:19 turn=1 events=0 seq=0
[log] [coop:turn] host recorder: append turn=1 seq=0 k=switch total=1 live=true
[log] %cStart Phase: PostSummonPhase color:green
[log] %cStart Phase: PostSummonPhase color:green
[log] [coop:turn] host recorder: append turn=1 seq=1 k=terrain total=2 live=true
[log] [coop:turn] host recorder: append turn=1 seq=2 k=message total=3 live=true
[log] %cStart Phase: ShowAbilityPhase color:green
[log] [coop:turn] host recorder: append turn=1 seq=3 k=showAbility total=4 live=true
[log] %cStart Phase: CommonAnimPhase color:green
[log] %cStart Phase: MessagePhase color:green
[log] %cStart Phase: HideAbilityPhase color:green
[log] [coop:turn] host recorder: append turn=1 seq=4 k=hideAbility total=5 live=true
[log] %cStart Phase: MovePhase color:green
[log] [coop:turn] host recorder: append turn=1 seq=5 k=moveUsed total=6 live=true
[log] %cStart Phase: MessagePhase color:green
[log] %cStart Phase: MoveEffectPhase color:green
[log] [coop:turn] host recorder: append turn=1 seq=6 k=moveAnim total=7 live=true
[log] [coop:turn] host recorder: append turn=1 seq=7 k=message total=8 live=true
[log] %cStart Phase: MessagePhase color:green
[log] %cStart Phase: MoveEndPhase color:green
[log] %cStart Phase: MovePhase color:green
[log] [coop:turn] host recorder: append turn=1 seq=8 k=moveUsed total=9 live=true
[log] %cStart Phase: MessagePhase color:green
[log] %cStart Phase: MoveEffectPhase color:green
[log] [coop:turn] host recorder: append turn=1 seq=9 k=moveAnim total=10 live=true
[log] [coop:turn] host recorder: append turn=1 seq=10 k=hp total=11 live=true
[log] [coop:turn] host recorder: append turn=1 seq=11 k=faint total=12 live=true
[log] [coop:turn] host recorder: append turn=1 seq=12 k=message total=13 live=true
[log] %cStart Phase: DamageAnimPhase color:green
[log] %cStart Phase: MessagePhase color:green
[log] %cStart Phase: FaintPhase color:green
[log] %cStart Phase: MessagePhase color:green
[log] %cStart Phase: ShowAbilityPhase color:green
[log] [coop:turn] host recorder: append turn=1 seq=13 k=showAbility total=14 live=true
[log] %cStart Phase: StatStageChangePhase color:green
[log] [coop:turn] host recorder: append turn=1 seq=14 k=message total=15 live=true
[log] [coop:turn] host recorder: append turn=1 seq=15 k=statStage total=16 live=true
[log] %cStart Phase: MessagePhase color:green
[log] %cStart Phase: StatStageChangePhase color:green
[log] [coop:turn] host recorder: append turn=1 seq=16 k=message total=17 live=true
[log] [coop:turn] host recorder: append turn=1 seq=17 k=statStage total=18 live=true
[log] %cStart Phase: MessagePhase color:green
[log] %cStart Phase: StatStageChangePhase color:green
[log] [coop:turn] host recorder: append turn=1 seq=18 k=message total=19 live=true
[log] [coop:turn] host recorder: append turn=1 seq=19 k=statStage total=20 live=true
[log] %cStart Phase: MessagePhase color:green
[log] %cStart Phase: StatStageChangePhase color:green
[log] [coop:turn] host recorder: append turn=1 seq=20 k=message total=21 live=true
[log] [coop:turn] host recorder: append turn=1 seq=21 k=statStage total=22 live=true
[log] %cStart Phase: MessagePhase color:green
[log] %cStart Phase: HideAbilityPhase color:green
[log] [coop:turn] host recorder: append turn=1 seq=22 k=hideAbility total=23 live=true
[log] %cStart Phase: VictoryPhase color:green
[log] [coop:progression] HOST progression capture begin wave=19
[log] [coop:progression] HOST applyPartyExp COMPUTE wave=19 expValue=101.8 koMon=Bounsweet
[log] %cStart Phase: MoveEndPhase color:green
[log] %cStart Phase: MovePhase color:green
[log] %cStart Phase: MoveEndPhase color:green
[log] %cStart Phase: CheckInterludePhase color:green
[log] %cStart Phase: WeatherEffectPhase color:green
[log] %cStart Phase: PositionalTagPhase color:green
[log] %cStart Phase: BerryPhase color:green
[log] %cStart Phase: CheckStatusEffectPhase color:green
[log] %cStart Phase: TurnEndPhase color:green
[log] %cStart Phase: CoopTurnCommitPhase color:green
[log] [coop:turn] host recorder: finalize turn=1 events=23 seq=23
[log] [coop:checkpoint] build field=4 weather=0/0 terrain=4/7 arenaTags=0 money=360 mons=[bi0:sp493/hp1865-1865/st0/fnt0 bi1:sp150/hp1725-1725/st0/fnt0 bi2:sp761/hp0-35/st7/fnt1 bi3:sp919/hp33-33/st0/fnt0]
[log] [coop:checkpoint] host capture field=4 weather=0 terrain=4 money=360 arenaTags=0 mons=[bi0:sp493/hp1865-1865/st0/fnt0 bi1:sp150/hp1725-1725/st0/fnt0 bi2:sp761/hp0-35/st7/fnt1 bi3:sp919/hp33-33/st0/fnt0]
[log] [coop:interaction] interactionCounter() read -> 21 (role=host)
[log] [coop:replay] host SEND turnResolution e=1828413413364172 wave=19 turn=1 rev=390 events=23 checksum=d40579f26b045bc4
[log] [coop:transport] send host t=authorityEntry t=authorityEntry
[log] [coop:v2-shadow] PARITY kind=TURN_COMMIT rev=109 match=true field=- successor=owner-field
[log] [coop:transport] send host t=turnResolution e=1828413413364172 wave=19 turn=1 rev=390 events=23 checksum=d40579f26b045bc4
[log] [coop:transport] recv guest t=authorityEntry t=authorityEntry handlers=1
[log] [coop:transport] recv guest t=turnResolution e=1828413413364172 wave=19 turn=1 rev=390 events=23 checksum=d40579f26b045bc4 handlers=1
[log] [38;2;255;127;80mPhaseInterceptor.to: Stopping on completion of CoopTurnCommitPhase[39m
[log] [coop:v2-authority] receipt rev=109 op=TURN/e1828413413364172/w19/t1 stage=admitted sender=1 generation=0 advanced retired=false waiting=[1] subsumed=[]
[log] [coop:transport] send host t=authorityEntry t=authorityEntry
[log] [coop:transport] recv guest t=authorityEntry t=authorityEntry handlers=1
[log] [coop:v2-authority] receipt rev=109 op=TURN/e1828413413364172/w19/t1 stage=admitted sender=1 generation=0 duplicate highestStage=0
[log] [coop:transport] send host t=authorityEntry t=authorityEntry
[log] [coop:v2-authority] receipt rev=109 op=TURN/e1828413413364172/w19/t1 stage=admitted sender=1 generation=0 duplicate highestStage=0
[log] [coop:v2-authority] receipt rev=109 op=TURN/e1828413413364172/w19/t1 stage=admitted sender=1 generation=0 duplicate highestStage=0
[log] [coop:v2-authority] receipt rev=109 op=TURN/e1828413413364172/w19/t1 stage=materialApplied sender=1 generation=0 advanced retired=false waiting=[1] subsumed=[]
[log] %cStart Phase: TurnInitPhase color:green
[log] [coop:transport] recv host t=rendezvous point=cmd:19:2 handlers=1
[log] [coop:rendezvous] RECV arrival point=cmd:19:2 -> BUFFER (no waiter yet) role=host
[log] [coop:rendezvous] ARRIVE point=cmd:19:2 (send) role=host
[log] [coop:transport] send host t=rendezvous point=cmd:19:2
[log] [coop:rendezvous] next-command barrier cmd:19:2 SYNC pass (partner already arrived)
[log] [coop:transport] recv guest t=rendezvous point=cmd:19:2 handlers=1
[log] [coop:stream] host IGNORE cosmetic turn ACK stage=continuationReady key=1828413413364172:19:1:390 (v2 owns retirement)
[log] [coop:v2-authority] receipt rev=109 op=TURN/e1828413413364172/w19/t1 stage=materialApplied sender=1 generation=0 duplicate highestStage=1
[log] [coop:v2-authority] receipt rev=109 op=TURN/e1828413413364172/w19/t1 stage=controlInstalled sender=1 generation=0 advanced retired=true waiting=[] subsumed=[]
[log] %cStart Phase: SelectTargetPhase color:green
[log] [coop:owner] broadcast own-slot fi=0 turn=2 role=host cmd=0
[log] [coop:relay] broadcastLocalCommand SEND fieldIndex=0 owner=host turn=2 command=0 cursor=3 moveId=85 targets=[3]
[log] [coop:transport] send host t=command fi=0 owner=host turn=2 cmd=0 cursor=3 move=85
[log] [coop:transport] recv guest t=command fi=0 owner=host turn=2 cmd=0 cursor=3 move=85 handlers=1
[log] [coop:relay] recv command fieldIndex=0 turn=2 command=0 -> BUFFERED (no awaiter yet)
[log] %cStart Phase: CommandPhase color:green
[log] [coop:battle] CommandPhase slot=1 turn=2 owner=guest role=host -> partner path
[log] [coop:relay] host requestPartnerCommand SEND fieldIndex=1 turn=2 moveSlots=[0,1,2,3] (awaiting peer)
[log] [coop:transport] send host t=commandRequest fi=1 owner=guest turn=2 slots=4
[log] [coop:transport] recv guest t=commandRequest fi=1 owner=guest turn=2 slots=4 handlers=1
[log] [coop:relay] peer recv commandRequest fieldIndex=1 owner=guest turn=2 moveSlots=[0,1,2,3] -> reply command=0 cursor=1 moveId=247
[log] [coop:transport] send guest t=command fi=1 owner=guest turn=2 cmd=0 cursor=1 move=247
[log] [coop:transport] recv host t=command fi=1 owner=guest turn=2 cmd=0 cursor=1 move=247 handlers=1
[log] [coop:relay] recv command fieldIndex=1 turn=2 command=0 -> resolved awaiting request
[log] [coop:ai] applyWiredPartnerCommand partner=150 wiredMoveId=247 cursor=1 -> moveId=247 moveIndex=1 tera=false targets=[3] targetsFrom=wire-verbatim useMode=1
[log] %cStart Phase: EnemyCommandPhase color:green
[log] %cStart Phase: TurnStartPhase color:green
[log] [coop-diag] turn-start authoritative guard mode=authoritative role=host turn=2 diverts=false
[log] [coop:turn] host recorder: begin turn=2 scope=1828413413364172:19 (no prior open recording)
[log] %cStart Phase: MovePhase color:green
[log] [coop:turn] host recorder: append turn=2 seq=0 k=moveUsed total=1 live=true
[log] [coop:turn] host recorder: append turn=2 seq=1 k=message total=2 live=true
[log] %cStart Phase: MessagePhase color:green
[log] %cStart Phase: MessagePhase color:green
[log] %cStart Phase: MoveEndPhase color:green
[log] %cStart Phase: MovePhase color:green
[log] [coop:turn] host recorder: append turn=2 seq=2 k=moveUsed total=3 live=true
[log] %cStart Phase: MessagePhase color:green
[log] %cStart Phase: MoveEffectPhase color:green
[log] [coop:turn] host recorder: append turn=2 seq=3 k=moveAnim total=4 live=true
[log] [coop:turn] host recorder: append turn=2 seq=4 k=hp total=5 live=true
[log] [coop:turn] host recorder: append turn=2 seq=5 k=faint total=6 live=true
[log] %cStart Phase: DamageAnimPhase color:green
[log] %cStart Phase: FaintPhase color:green
[log] %cStart Phase: MessagePhase color:green
[log] %cStart Phase: VictoryPhase color:green
[log] [coop:progression] HOST applyPartyExp COMPUTE wave=19 expValue=101.8 koMon=Nymble
[log] [coop:runtime] defer raw waveResolved wave=19 outcome=win until its material turnResolution is retained
[log] [coop-diag] VictoryPhase win-branch role=host battleType=WILD queuesTrainerVictory=false queuesSelectModifier=true wave=19
[log] [coop-diag] VictoryTail role=host wave=19 source=legacy-local trainer=false egg=true biomeShop=false biomeChange=false crossroads=false nextWave=20
[log] %cStart Phase: MoveEndPhase color:green
[log] %cStart Phase: MovePhase color:green
[log] [coop:turn] host recorder: append turn=2 seq=6 k=moveUsed total=7 live=true
[log] [coop:turn] host recorder: append turn=2 seq=7 k=message total=8 live=true
[log] %cStart Phase: MessagePhase color:green
[log] %cStart Phase: MessagePhase color:green
[log] %cStart Phase: MoveEndPhase color:green
[log] %cStart Phase: CheckInterludePhase color:green
[log] %cStart Phase: WeatherEffectPhase color:green
[log] %cStart Phase: PositionalTagPhase color:green
[log] %cStart Phase: BerryPhase color:green
[log] %cStart Phase: CheckStatusEffectPhase color:green
[log] %cStart Phase: TurnEndPhase color:green
[log] %cStart Phase: CoopTurnCommitPhase color:green
[log] [coop:turn] host recorder: finalize turn=2 events=8 seq=8
[log] [coop:checkpoint] build field=4 weather=0/0 terrain=4/6 arenaTags=0 money=360 mons=[bi0:sp493/hp1865-1865/st0/fnt0 bi1:sp150/hp1725-1725/st0/fnt0 bi2:sp761/hp0-35/st7/fnt1 bi3:sp919/hp0-33/st7/fnt1]
[log] [coop:checkpoint] host capture field=4 weather=0 terrain=4 money=360 arenaTags=0 mons=[bi0:sp493/hp1865-1865/st0/fnt0 bi1:sp150/hp1725-1725/st0/fnt0 bi2:sp761/hp0-35/st7/fnt1 bi3:sp919/hp0-33/st7/fnt1]
[log] [coop:interaction] interactionCounter() read -> 21 (role=host)
[log] [coop:replay] host SEND turnResolution e=1828413413364172 wave=19 turn=2 rev=399 events=8 checksum=e57aa502561d5d3b
[log] [coop:transport] send host t=authorityEntry t=authorityEntry
[log] [coop:v2-shadow] PARITY kind=TURN_COMMIT rev=110 match=true field=- successor=none-non-command-boundary
[log] [coop:transport] send host t=turnResolution e=1828413413364172 wave=19 turn=2 rev=399 events=8 checksum=e57aa502561d5d3b
[log] [coop:runtime] send waveResolved wave=19 outcome=win (host)
[log] [coop:replay] host SEND waveResolved wave=19 outcome=win transition=WAVE_VICTORY/next20/biome0/egg1/wild
[log] [coop:transport] send host t=waveResolved wave=19 outcome=win captureParty=- cap=-
[log] [coop:transport] recv guest t=authorityEntry t=authorityEntry handlers=1
[log] [coop:transport] recv guest t=turnResolution e=1828413413364172 wave=19 turn=2 rev=399 events=8 checksum=e57aa502561d5d3b handlers=1
[log] [coop:transport] recv guest t=waveResolved wave=19 outcome=win captureParty=- cap=- handlers=1
[log] [38;2;255;127;80mPhaseInterceptor.to: Stopping on completion of CoopTurnCommitPhase[39m
[log] %cStart Phase: BattleEndPhase color:green
[log] [coop:progression] HOST automatic victory settlement deferred wave=19 sourceTurn=2 settlementTurn=3
[log] [coop:v2-authority] receipt rev=110 op=TURN/e1828413413364172/w19/t2 stage=admitted sender=1 generation=0 advanced retired=false waiting=[1] subsumed=[]
[log] [coop:transport] send host t=authorityEntry t=authorityEntry
[log] [coop:transport] recv guest t=authorityEntry t=authorityEntry handlers=1
[log] [coop:v2-authority] receipt rev=110 op=TURN/e1828413413364172/w19/t2 stage=admitted sender=1 generation=0 duplicate highestStage=0
[log] [coop:v2-authority] receipt rev=110 op=TURN/e1828413413364172/w19/t2 stage=admitted sender=1 generation=0 duplicate highestStage=0
[log] [coop:v2-authority] receipt rev=110 op=TURN/e1828413413364172/w19/t2 stage=materialApplied sender=1 generation=0 advanced retired=false waiting=[1] subsumed=[]
[log] [coop:v2-authority] receipt rev=110 op=TURN/e1828413413364172/w19/t2 stage=controlInstalled sender=1 generation=0 advanced retired=true waiting=[] subsumed=[]
[log] [coop:interaction] interactionCounter() read -> 21 (role=host)
[log] %cStart Phase: EggLapsePhase color:green
[log] %cStart Phase: CoopVictorySealPhase color:green
[log] [coop:transport] send host t=authorityEntry t=authorityEntry
[log] [coop:v2-shadow] PARITY kind=WAVE_ADVANCE rev=111 match=true field=-
[log] [coop:runtime] settled WAVE_ADVANCE committed wave=19 tick=400 next=WAVE_VICTORY/wave20
[log] [coop:runtime] send waveEndState wave=19 tick=400 (host)
[log] [coop:replay] host SEND waveEndState wave=19 tick=400 party=6
[log] [coop:transport] send host t=waveEndState t=waveEndState
[log] [coop:progression] HOST automatic victory settlement sealed wave=19 sourceTurn=2 settlementTurn=3 tick=400
[log] [coop:transport] recv guest t=authorityEntry t=authorityEntry handlers=1
[log] [coop:transport] recv guest t=waveEndState t=waveEndState handlers=1
[log] [coop:interaction] interactionCounter() read -> 21 (role=host)
[log] [coop:owner] ownerOf(counter=21) seat=1 -> owner=guest
[log] [coop:owner] isLocalOwnerAtCounter(pinnedCounter=21) parity=1 owner=guest role=host -> false
[log] [coop:interaction] interactionCounter() read -> 21 (role=host)
[log] [coop:reward] owner/watcher decision: pinnedStart=21 liveCounter=21 parity=1 role=host pick=WATCHER option=ROLL spoof=false
[log] [coop:shop] serializeRewardOptions count=3 ids=[POKEBALL,BERRY,DIRE_HIT] tiers=[0,0,1]
[log] [coop:reward] OWNER streams reward options (start=21 reroll=0 count=3 ids=[POKEBALL,BERRY,DIRE_HIT])
[log] [coop:relay] SEND rewardOptions seq=21 reroll=0 count=3 ids=[POKEBALL,BERRY,DIRE_HIT]
[log] [coop:transport] send host t=authorityEntry t=authorityEntry
[log] [coop:v2-shadow] PARITY kind=INTERACTION_COMMIT rev=112 match=true field=-
[log] [coop:reward] authoritative options retained surface=reward pin=21 reroll=0 count=3 rev=43 id=1828413413364172:1:REWARD_PRESENT:2100000
[log] [coop:v2-interaction] suppressed raw rewardOptions key=21:0; immutable entry retained
[log] [coop:rendezvous] ARRIVE point=shop:19:21 (send) role=host
[log] [coop:transport] send host t=rendezvous point=shop:19:21
[log] [coop:reward] WATCHER waits for partner's reward picks (start=21 role=host wave=19)
[log] [coop:transport] recv guest t=authorityEntry t=authorityEntry handlers=1
[log] [coop:transport] recv guest t=rendezvous point=shop:19:21 handlers=1
[log] [coop:interaction] mirror begin role=watcher mirrorSeq=1344 interactionStart=21 reroll=0
[log] [coop:interaction] uiMirror beginSession role=watcher mode=6 seq=1344 early=0
[log] [coop:relay] AWAIT interactionChoice seq=21 timeoutMs=1200000 expected=[reward,shop,skip,reroll,check,transfer,lock] -> network-wait
[log] [coop:interaction] interactionCounter() read -> 21 (role=host)
[log] [coop:checksum] capture digest=e57aa502561d5d3b field=4 biome=3 seed=coop-soak-20365530 weather=0 terrain=4 money=360 party=[493,150,890,384,382,888] partyLevels=[500,500,500,500,500,500] arenaTags=0 modifiers=5 heldItemsDigest=0 pokeballs=[0:30,1:10,2:0,3:0,4:0] mons=[bi0:sp493/hp1865-1865/st0/ab121/form0/tera0:0/boss0:0 bi1:sp150/hp1725-1725/st0/ab227/form0/tera0:13/boss0:0 bi2:sp761/hp0-35/st7/ab158/form0/tera0:11/boss0:0 bi3:sp919/hp0-33/st7/ab154/form0/tera0:6/boss0:0]
[log] [coop:transport] send host t=authorityEntry t=authorityEntry
[log] [coop:rendezvous] RECV arrival point=shop:19:21 -> BUFFER (no waiter yet) role=host
[log] [coop:stream] host IGNORE cosmetic turn ACK stage=continuationReady key=1828413413364172:19:2:399 (v2 owns retirement)
[log] [coop:relay] DELIVER interactionChoice seq=21 -> waiter kind=skip choice=-1 data=-
[log] [coop:relay] AWAIT interactionChoice seq=21 RESOLVE kind=skip choice=-1 data=-
[log] [coop:v2-authority] receipt rev=111 op=V2/WAVE/e1828413413364172/w19/tick400 stage=admitted sender=1 generation=0 advanced retired=false waiting=[1] subsumed=[]
[log] [coop:transport] send host t=authorityEntry t=authorityEntry
[log] [coop:transport] send host t=authorityEntry t=authorityEntry
[log] [coop:v2-authority] receipt rev=111 op=V2/WAVE/e1828413413364172/w19/tick400 stage=admitted sender=1 generation=0 duplicate highestStage=0
[log] [coop:v2-authority] receipt rev=111 op=V2/WAVE/e1828413413364172/w19/tick400 stage=materialApplied sender=1 generation=0 advanced retired=false waiting=[1] subsumed=[]
[log] [coop:transport] send host t=authorityEntry t=authorityEntry
[log] [coop:v2-authority] receipt rev=111 op=V2/WAVE/e1828413413364172/w19/tick400 stage=controlInstalled sender=1 generation=0 advanced retired=true waiting=[] subsumed=[]
[log] [coop:v2-authority] receipt rev=112 op=1828413413364172:1:REWARD_PRESENT:2100000 stage=admitted sender=1 generation=0 advanced retired=false waiting=[1] subsumed=[]
[log] [coop:v2-authority] receipt rev=112 op=1828413413364172:1:REWARD_PRESENT:2100000 stage=materialApplied sender=1 generation=0 advanced retired=false waiting=[1] subsumed=[]
[log] [coop:v2-authority] receipt rev=112 op=1828413413364172:1:REWARD_PRESENT:2100000 stage=materialApplied sender=1 generation=0 duplicate highestStage=1
[log] [coop:v2-authority] receipt rev=112 op=1828413413364172:1:REWARD_PRESENT:2100000 stage=controlInstalled sender=1 generation=0 advanced retired=true waiting=[] subsumed=[]
[log] [coop:v2-authority] receipt rev=111 op=V2/WAVE/e1828413413364172/w19/tick400 stage=controlInstalled sender=1 generation=0 rejected reason=unknown-revision
[log] [coop:reward] WATCHER applying relayed action seq=21 act=LEAVE choice=-1 data=-
[log] [coop:v2-interaction] terminal proof recorded op=1828413413364172:1:REWARD:2100000 role=host seat=0 duplicate=0 ambient=1
[log] [coop:v2-interaction] phase terminal proof op=1828413413364172:1:REWARD:2100000 route=constructor-fallback accepted=1
[log] [coop:shop] serializeRewardOptions count=3 ids=[POKEBALL,BERRY,DIRE_HIT] tiers=[0,0,1]
[log] [coop:transport] send host t=authorityEntry t=authorityEntry
[log] [coop:v2-shadow] PARITY kind=INTERACTION_COMMIT rev=113 match=true field=-
[log] [coop:reward] reward authoritative RESULT retained rev=44 tick=402 id=1828413413364172:1:REWARD:2100000
[log] [coop:transport] recv guest t=authorityEntry t=authorityEntry handlers=1
[log] [coop:transport] recv guest t=authorityEntry t=authorityEntry handlers=1
[log] [coop:transport] recv guest t=authorityEntry t=authorityEntry handlers=1
[log] [coop:transport] recv guest t=authorityEntry t=authorityEntry handlers=1
[log] [coop:interaction] interactionCounter() read -> 21 (role=host)
[log] [coop:interaction] interactionCounter() read -> 21 (role=host)
[log] [coop:v2-authority] receipt rev=111 op=V2/WAVE/e1828413413364172/w19/tick400 stage=controlInstalled sender=1 generation=0 rejected reason=unknown-revision
[log] [coop:v2-authority] receipt rev=112 op=1828413413364172:1:REWARD_PRESENT:2100000 stage=controlInstalled sender=1 generation=0 rejected reason=unknown-revision
[log] [coop:v2-authority] receipt rev=112 op=1828413413364172:1:REWARD_PRESENT:2100000 stage=controlInstalled sender=1 generation=0 rejected reason=unknown-revision
[log] [coop:v2-authority] receipt rev=113 op=1828413413364172:1:REWARD:2100000 stage=admitted sender=1 generation=0 advanced retired=false waiting=[1] subsumed=[]
[log] [coop:v2-authority] receipt rev=113 op=1828413413364172:1:REWARD:2100000 stage=admitted sender=1 generation=0 duplicate highestStage=0
[log] [coop:v2-authority] receipt rev=113 op=1828413413364172:1:REWARD:2100000 stage=materialApplied sender=1 generation=0 advanced retired=false waiting=[1] subsumed=[]
[log] [coop:v2-authority] receipt rev=113 op=1828413413364172:1:REWARD:2100000 stage=controlInstalled sender=1 generation=0 advanced retired=true waiting=[] subsumed=[]
[log] [coop:reward] OWNER peer material applied; release terminal engine barrier seq=21 id=1828413413364172:1:REWARD:2100000
[log] [coop:interaction] interactionCounter() read -> 21 (role=host)
[log] [coop:interaction] CoopInteractionTurn.advance INCREMENT (fromCounter=21) counter 21 -> 22
[log] [coop:interaction] advanceInteraction ADVANCED+V2-LOCAL (fromCounter=21) counter 21 -> 22 role=host
[log] [coop:owner] ownerOf(counter=22) seat=0 -> owner=host
[log] [coop:owner] ownerOf(counter=22) seat=0 -> owner=host
[log] [coop:interaction] interactionCounter() read -> 22 (role=host)
[log] [coop:reward] advance interaction from V2 commit (role=host from=21 counter 21 -> 22); typed successor owns release
[log] [coop:interaction] interactionCounter() read -> 22 (role=host)
[log] [coop:interaction] interactionCounter() read -> 22 (role=guest)
[log] [coop-soak:wave-complete] {"seed":20365530,"wave":19,"wavesRequested":200,"wavesCompleted":19,"waveElapsedMs":4562,"elapsedMs":86688,"findings":0,"hostPhase":"NewBattlePhase","guestPhase":"NewBattlePhase"}
[log] %cStart Phase: NewBattlePhase color:green
[log] %cStart Phase: MessagePhase color:green
[log] %cStart Phase: ReturnPhase color:green
[log] [coop:turn] host recorder: begin turn=1 scope=1828413413364172:20 (no prior open recording)
[log] %cStart Phase: ReturnPhase color:green
[log] [coop:turn] host recorder: preserve recording scope=1828413413364172:20 turn=1 events=0 seq=0
[log] %cStart Phase: ShowTrainerPhase color:green
[log] %cStart Phase: NextEncounterPhase color:green
[log] [coop:interaction] interactionCounter() read -> 22 (role=host)
[log] [coop:replay] host SEND enemyPartySync wave=20 count=2 meType=-1 battleType=1 entryPresentation=-
[log] [coop:transport] send host t=enemyPartySync wave=20 enemies=2 battleType=1
[log] [coop:transport] recv guest t=enemyPartySync wave=20 enemies=2 battleType=1 handlers=1
[log] [coop:turn] host recorder: preserve recording scope=1828413413364172:20 turn=1 events=0 seq=0
[log] %cStart Phase: SummonPhase color:green
[log] [coop:turn] host recorder: preserve recording scope=1828413413364172:20 turn=1 events=0 seq=0
[log] %cStart Phase: SummonPhase color:green
[log] [coop:turn] host recorder: preserve recording scope=1828413413364172:20 turn=1 events=0 seq=0
[log] %cStart Phase: SummonPhase color:green
[log] [coop:turn] host recorder: preserve recording scope=1828413413364172:20 turn=1 events=0 seq=0
[log] %cStart Phase: ToggleDoublePositionPhase color:green
[log] %cStart Phase: SummonPhase color:green
[log] [coop:turn] host recorder: preserve recording scope=1828413413364172:20 turn=1 events=0 seq=0
[log] %cStart Phase: InitEncounterPhase color:green
[log] [coop:turn] host recorder: preserve recording scope=1828413413364172:20 turn=1 events=0 seq=0
[log] %cStart Phase: PostSummonPhase color:green
[log] %cStart Phase: PostSummonPhase color:green
[log] [coop:turn] host recorder: append turn=1 seq=0 k=terrain total=1 live=true
[log] [coop:turn] host recorder: append turn=1 seq=1 k=message total=2 live=true
[log] %cStart Phase: ShowAbilityPhase color:green
[log] [coop:turn] host recorder: append turn=1 seq=2 k=showAbility total=3 live=true
[log] %cStart Phase: CommonAnimPhase color:green
[log] %cStart Phase: MessagePhase color:green
[log] %cStart Phase: HideAbilityPhase color:green
[log] [coop:turn] host recorder: append turn=1 seq=3 k=hideAbility total=4 live=true
[log] %cStart Phase: PostSummonPhase color:green
[log] %cStart Phase: PostSummonPhase color:green
[log] %cStart Phase: PostSummonPhase color:green
[log] %cStart Phase: TurnInitPhase color:green
[log] [coop:replay] host SEND enemyPartySync wave=20 count=2 meType=-1 battleType=1 entryPresentation=4
[log] [coop:transport] send host t=enemyPartySync wave=20 enemies=2 battleType=1
[log] [coop:replay] host RE-BROADCAST wave-start authority wave=20 after post-summon boundary stateChanged=true presentation=4 (#920)
[log] [coop:transport] send host t=authorityEntry t=authorityEntry
[log] [coop:v2-shadow] PARITY kind=CONTROL_COMMIT rev=114 match=true field=-
[log] [coop:rendezvous] next-command barrier ARRIVE+AWAIT cmd:20:1 slot=0
[log] [coop:rendezvous] ARRIVE point=cmd:20:1 (send) role=host
[log] [coop:transport] send host t=rendezvous point=cmd:20:1
[log] [coop:rendezvous] AWAIT point=cmd:20:1 timeoutMs=2000 -> network-wait role=host
[log] [coop:transport] recv guest t=enemyPartySync wave=20 enemies=2 battleType=1 handlers=1
[log] [coop:transport] recv guest t=authorityEntry t=authorityEntry handlers=1
[log] [coop:transport] recv guest t=rendezvous point=cmd:20:1 handlers=1
[log] [coop:v2-authority] receipt rev=114 op=V2/CONTROL/COMMAND/e1828413413364172/w20/t1/tick406 stage=admitted sender=1 generation=0 advanced retired=false waiting=[1] subsumed=[]
[log] [coop:transport] send host t=authorityEntry t=authorityEntry
[log] [coop:rendezvous] RECV arrival point=cmd:20:1 -> deliver-to-waiter role=host
[log] [coop:transport] send host t=rendezvous point=cmd:20:1
[log] [coop:rendezvous] AWAIT point=cmd:20:1 RESOLVE both-arrived role=host
[log] [coop:v2-authority] receipt rev=114 op=V2/CONTROL/COMMAND/e1828413413364172/w20/t1/tick406 stage=admitted sender=1 generation=0 duplicate highestStage=0
[log] [coop:v2-authority] receipt rev=114 op=V2/CONTROL/COMMAND/e1828413413364172/w20/t1/tick406 stage=materialApplied sender=1 generation=0 advanced retired=false waiting=[1] subsumed=[]
[log] [coop:v2-authority] receipt rev=114 op=V2/CONTROL/COMMAND/e1828413413364172/w20/t1/tick406 stage=materialApplied sender=1 generation=0 duplicate highestStage=1
[log] [coop:v2-authority] receipt rev=114 op=V2/CONTROL/COMMAND/e1828413413364172/w20/t1/tick406 stage=materialApplied sender=1 generation=0 duplicate highestStage=1
[log] [coop:v2-authority] receipt rev=114 op=V2/CONTROL/COMMAND/e1828413413364172/w20/t1/tick406 stage=materialApplied sender=1 generation=0 duplicate highestStage=1
[log] [coop:v2-authority] receipt rev=114 op=V2/CONTROL/COMMAND/e1828413413364172/w20/t1/tick406 stage=controlInstalled sender=1 generation=0 advanced retired=true waiting=[] subsumed=[]
[log] [coop:transport] recv guest t=rendezvous point=cmd:20:1 handlers=1
[log] [coop:transport] send host t=enemyPartySync wave=20 enemies=2 battleType=1
[log] [coop:replay] host RE-BROADCAST wave-start authority wave=20 after post-summon boundary stateChanged=false presentation=4 (#920)
[log] [coop:transport] recv guest t=enemyPartySync wave=20 enemies=2 battleType=1 handlers=1
[log] [coop-soak:wave-start] {"seed":20365530,"wave":20,"wavesRequested":200,"wavesCompleted":19,"elapsedMs":88173,"hostPhase":"CommandPhase","guestPhase":"CommandPhase"}
[log] [coop:interaction] interactionCounter() read -> 22 (role=host)
[log] [coop:interaction] interactionCounter() read -> 22 (role=guest)
[log] [coop:interaction] interactionCounter() read -> 22 (role=host)
[log] [coop:checksum] capture digest=4924278057ec7fe4 field=4 biome=3 seed=coop-soak-20365530 weather=0 terrain=4 money=360 party=[493,150,890,384,382,888] partyLevels=[500,500,500,500,500,500] arenaTags=0 modifiers=5 heldItemsDigest=2 pokeballs=[0:30,1:10,2:0,3:0,4:0] mons=[bi0:sp493/hp1865-1865/st0/ab121/form0/tera0:0/boss0:0 bi1:sp150/hp1725-1725/st0/ab227/form0/tera0:13/boss0:0 bi2:sp283/hp37-37/st0/ab165/form0/tera0:10/boss0:0 bi3:sp664/hp39-39/st0/ab68/form17/tera0:6/boss0:0]
[log] [coop:interaction] interactionCounter() read -> 22 (role=host)
[log] %cStart Phase: SelectTargetPhase color:green
[log] [coop:owner] broadcast own-slot fi=0 turn=1 role=host cmd=0
[log] [coop:relay] broadcastLocalCommand SEND fieldIndex=0 owner=host turn=1 command=0 cursor=0 moveId=34 targets=[2]
[log] [coop:transport] send host t=command fi=0 owner=host turn=1 cmd=0 cursor=0 move=34
[log] [coop:transport] recv guest t=command fi=0 owner=host turn=1 cmd=0 cursor=0 move=34 handlers=1
[log] [coop:relay] recv command fieldIndex=0 turn=1 command=0 -> BUFFERED (no awaiter yet)
[log] %cStart Phase: CommandPhase color:green
[log] [coop:transport] send host t=enemyPartySync wave=20 enemies=2 battleType=1
[log] [coop:replay] host RE-BROADCAST wave-start authority wave=20 after post-summon boundary stateChanged=true presentation=4 (#920)
[log] [coop:battle] CommandPhase slot=1 turn=1 owner=guest role=host -> partner path
[log] [coop:relay] host requestPartnerCommand SEND fieldIndex=1 turn=1 moveSlots=[0,1,2,3] (awaiting peer)
[log] [coop:transport] send host t=commandRequest fi=1 owner=guest turn=1 slots=4
[log] [coop:transport] recv guest t=enemyPartySync wave=20 enemies=2 battleType=1 handlers=1
[log] [coop:transport] recv guest t=commandRequest fi=1 owner=guest turn=1 slots=4 handlers=1
[log] [coop:relay] peer recv commandRequest fieldIndex=1 owner=guest turn=1 moveSlots=[0,1,2,3] -> reply command=0 cursor=2 moveId=53
[log] [coop:transport] send guest t=command fi=1 owner=guest turn=1 cmd=0 cursor=2 move=53
[log] [coop:transport] recv host t=command fi=1 owner=guest turn=1 cmd=0 cursor=2 move=53 handlers=1
[log] [coop:relay] recv command fieldIndex=1 turn=1 command=0 -> resolved awaiting request
[log] [coop:ai] applyWiredPartnerCommand partner=150 wiredMoveId=53 cursor=2 -> moveId=53 moveIndex=2 tera=false targets=[3] targetsFrom=wire-verbatim useMode=1
[log] %cStart Phase: EnemyCommandPhase color:green
[log] %cStart Phase: EnemyCommandPhase color:green
[log] %cStart Phase: TurnStartPhase color:green
[log] [coop-diag] turn-start authoritative guard mode=authoritative role=host turn=1 diverts=false
[log] [coop:turn] host recorder: preserve recording scope=1828413413364172:20 turn=1 events=5 seq=5
[log] %cStart Phase: MovePhase color:green
[log] [coop:turn] host recorder: append turn=1 seq=5 k=moveUsed total=6 live=true
[log] %cStart Phase: MessagePhase color:green
[log] %cStart Phase: MoveEffectPhase color:green
[log] [coop:turn] host recorder: append turn=1 seq=6 k=moveAnim total=7 live=true
[log] [coop:turn] host recorder: append turn=1 seq=7 k=hp total=8 live=true
[log] [coop:turn] host recorder: append turn=1 seq=8 k=faint total=9 live=true
[log] [coop:turn] host recorder: append turn=1 seq=9 k=message total=10 live=true
[log] %cStart Phase: DamageAnimPhase color:green
[log] %cStart Phase: MessagePhase color:green
[log] %cStart Phase: ShowAbilityPhase color:green
[log] [coop:turn] host recorder: append turn=1 seq=10 k=showAbility total=11 live=true
[log] %cStart Phase: HideAbilityPhase color:green
[log] [coop:turn] host recorder: append turn=1 seq=11 k=hideAbility total=12 live=true
[log] %cStart Phase: FaintPhase color:green
[log] %cStart Phase: MessagePhase color:green
[log] %cStart Phase: VictoryPhase color:green
[log] [coop:progression] HOST progression capture begin wave=20
[log] [coop:progression] HOST applyPartyExp COMPUTE wave=20 expValue=113 koMon=Scatterbug
[log] %cStart Phase: MoveEndPhase color:green
[log] %cStart Phase: MovePhase color:green
[log] [coop:turn] host recorder: append turn=1 seq=12 k=moveUsed total=13 live=true
[log] %cStart Phase: MessagePhase color:green
[log] %cStart Phase: MoveEffectPhase color:green
[log] [coop:turn] host recorder: append turn=1 seq=13 k=moveAnim total=14 live=true
[log] [coop:turn] host recorder: append turn=1 seq=14 k=hp total=15 live=true
[log] [coop:turn] host recorder: append turn=1 seq=15 k=faint total=16 live=true
[log] %cStart Phase: DamageAnimPhase color:green
[log] %cStart Phase: FaintPhase color:green
[log] %cStart Phase: MessagePhase color:green
[log] %cStart Phase: VictoryPhase color:green
[log] [coop:progression] HOST applyPartyExp COMPUTE wave=20 expValue=141.4 koMon=Surskit
[log] [coop:runtime] defer raw waveResolved wave=20 outcome=win until its material turnResolution is retained
[log] [coop-diag] VictoryPhase win-branch role=host battleType=TRAINER queuesTrainerVictory=true queuesSelectModifier=false wave=20
[log] [coop-diag] VictoryTail role=host wave=20 source=legacy-local trainer=true egg=true biomeShop=true biomeChange=false crossroads=true nextWave=21
[log] %cStart Phase: MoveEndPhase color:green
[log] %cStart Phase: MovePhase color:green
[log] %cStart Phase: MoveEndPhase color:green
[log] %cStart Phase: MovePhase color:green
[log] %cStart Phase: MoveEndPhase color:green
[log] %cStart Phase: CheckInterludePhase color:green
[log] %cStart Phase: PositionalTagPhase color:green
[log] %cStart Phase: TurnEndPhase color:green
[log] %cStart Phase: CoopTurnCommitPhase color:green
[log] [coop:turn] host recorder: finalize turn=1 events=16 seq=16
[log] [coop:checkpoint] build field=4 weather=0/0 terrain=4/7 arenaTags=0 money=360 mons=[bi0:sp493/hp1865-1865/st0/fnt0 bi1:sp150/hp1725-1725/st0/fnt0 bi2:sp283/hp0-37/st7/fnt1 bi3:sp664/hp0-39/st7/fnt1]
[log] [coop:checkpoint] host capture field=4 weather=0 terrain=4 money=360 arenaTags=0 mons=[bi0:sp493/hp1865-1865/st0/fnt0 bi1:sp150/hp1725-1725/st0/fnt0 bi2:sp283/hp0-37/st7/fnt1 bi3:sp664/hp0-39/st7/fnt1]
[log] [coop:interaction] interactionCounter() read -> 22 (role=host)
[log] [coop:replay] host SEND turnResolution e=1828413413364172 wave=20 turn=1 rev=415 events=16 checksum=14ecae547c7ef908
[log] [coop:transport] send host t=authorityEntry t=authorityEntry
[log] [coop:v2-shadow] PARITY kind=TURN_COMMIT rev=115 match=true field=- successor=none-non-command-boundary
[log] [coop:transport] send host t=turnResolution e=1828413413364172 wave=20 turn=1 rev=415 events=16 checksum=14ecae547c7ef908
[log] [coop:runtime] send waveResolved wave=20 outcome=win (host)
[log] [coop:replay] host SEND waveResolved wave=20 outcome=win transition=WAVE_VICTORY/next21/biome0/egg1/trainer
[log] [coop:transport] send host t=waveResolved wave=20 outcome=win captureParty=- cap=-
[log] [coop:transport] recv guest t=authorityEntry t=authorityEntry handlers=1
[log] [coop:transport] recv guest t=turnResolution e=1828413413364172 wave=20 turn=1 rev=415 events=16 checksum=14ecae547c7ef908 handlers=1
[log] [coop:transport] recv guest t=waveResolved wave=20 outcome=win captureParty=- cap=- handlers=1
[log] [38;2;255;127;80mPhaseInterceptor.to: Stopping on completion of CoopTurnCommitPhase[39m
[log] %cStart Phase: BattleEndPhase color:green
[log] [coop:progression] HOST automatic victory settlement deferred wave=20 sourceTurn=1 settlementTurn=2
[log] [coop:v2-authority] receipt rev=115 op=TURN/e1828413413364172/w20/t1 stage=admitted sender=1 generation=0 advanced retired=false waiting=[1] subsumed=[]
[log] [coop:transport] send host t=authorityEntry t=authorityEntry
[log] [coop:transport] recv guest t=authorityEntry t=authorityEntry handlers=1
[log] [coop:v2-authority] receipt rev=115 op=TURN/e1828413413364172/w20/t1 stage=admitted sender=1 generation=0 duplicate highestStage=0
[log] [coop:transport] send host t=authorityEntry t=authorityEntry
[log] [coop:v2-authority] receipt rev=115 op=TURN/e1828413413364172/w20/t1 stage=admitted sender=1 generation=0 duplicate highestStage=0
[log] [coop:v2-authority] receipt rev=115 op=TURN/e1828413413364172/w20/t1 stage=admitted sender=1 generation=0 duplicate highestStage=0
[log] [coop:v2-authority] receipt rev=115 op=TURN/e1828413413364172/w20/t1 stage=materialApplied sender=1 generation=0 advanced retired=false waiting=[1] subsumed=[]
[log] [coop:v2-authority] receipt rev=115 op=TURN/e1828413413364172/w20/t1 stage=controlInstalled sender=1 generation=0 advanced retired=true waiting=[] subsumed=[]
[log] [coop:interaction] interactionCounter() read -> 22 (role=host)
[log] %cStart Phase: TrainerVictoryPhase color:green
[log] [coop:progression] coopBossVoucherReward DECISION isCoop=true creditedFirstTime=true -> NO-QUEUE (lockstep queue-len parity)
[log] [coop:progression] coopVictoryDialogue DECISION isCoop=true -> SKIP (constant 0 awaits, lockstep-safe)
[log] %cStart Phase: MoneyRewardPhase color:green
[log] %cStart Phase: ModifierRewardPhase color:green
[log] %cStart Phase: EggLapsePhase color:green
[log] %cStart Phase: ModifierRewardPhase color:green
[log] %cStart Phase: PartyHealPhase color:green
[log] %cStart Phase: ResetStatusPhase color:green
[log] %cStart Phase: ResetStatusPhase color:green
[log] %cStart Phase: ResetStatusPhase color:green
[log] %cStart Phase: ResetStatusPhase color:green
[log] %cStart Phase: ResetStatusPhase color:green
[log] %cStart Phase: ResetStatusPhase color:green
[log] %cStart Phase: CoopVictorySealPhase color:green
[log] [coop:transport] send host t=authorityEntry t=authorityEntry
[log] [coop:v2-shadow] PARITY kind=WAVE_ADVANCE rev=116 match=true field=-
[log] [coop:runtime] settled WAVE_ADVANCE committed wave=20 tick=416 next=WAVE_VICTORY/wave21
[log] [coop:runtime] send waveEndState wave=20 tick=416 (host)
[log] [coop:replay] host SEND waveEndState wave=20 tick=416 party=6
[log] [coop:transport] send host t=waveEndState t=waveEndState
[log] [coop:progression] HOST automatic victory settlement sealed wave=20 sourceTurn=1 settlementTurn=2 tick=416
[log] [coop:transport] recv guest t=authorityEntry t=authorityEntry handlers=1
[log] [coop:transport] recv guest t=waveEndState t=waveEndState handlers=1
[log] [coop:interaction] interactionCounter() read -> 22 (role=host)
[log] [coop:checksum] capture digest=cfaef20ee1dea045 field=4 biome=3 seed=coop-soak-20365530 weather=0 terrain=4 money=1320 party=[493,150,890,384,382,888] partyLevels=[500,500,500,500,500,500] arenaTags=0 modifiers=5 heldItemsDigest=0 pokeballs=[0:30,1:10,2:0,3:0,4:0] mons=[bi0:sp493/hp1865-1865/st0/ab121/form0/tera0:0/boss0:0 bi1:sp150/hp1725-1725/st0/ab227/form0/tera0:13/boss0:0 bi2:sp283/hp0-37/st7/ab165/form0/tera0:10/boss0:0 bi3:sp664/hp0-38/st7/ab68/form17/tera0:6/boss0:0]
[log] [coop:interaction] interactionCounter() read -> 22 (role=host)
[log] [coop:owner] ownerOf(counter=22) seat=0 -> owner=host
[log] [coop:owner] isLocalOwnerAtCounter(pinnedCounter=22) parity=0 owner=host role=host -> true
[log] [coop:reward] biome market roles: pinnedStart=22 inMe=false role=host spoof=false pick=OWNER option=ROLL+STREAM continuation=false
[log] [coop:shop] serializeRewardOptions count=16 ids=[MAX_LURE,BERRY,ER_GRASSY_SEED,POKEBALL,GREAT_BALL,ER_SPIKED_KNUCKLES,ER_POWER_HERB,ULTRA_BALL,TEMP_STAT_STAGE_BOOSTER,ROGUE_BALL,DIRE_HIT,ER_LUCKY_HEART,MINT,ER_RUSTY_CLAW,ER_LOADED_DICE,BASE_STAT_BOOSTER] tiers=[2,0,1,0,1,2,2,2,0,3,1,2,2,2,2,2]
[log] [coop:relay] SEND rewardOptions seq=22 reroll=777 count=16 ids=[MAX_LURE,BERRY,ER_GRASSY_SEED,POKEBALL,GREAT_BALL,ER_SPIKED_KNUCKLES,ER_POWER_HERB,ULTRA_BALL,TEMP_STAT_STAGE_BOOSTER,ROGUE_BALL,DIRE_HIT,ER_LUCKY_HEART,MINT,ER_RUSTY_CLAW,ER_LOADED_DICE,BASE_STAT_BOOSTER]
[log] [coop:transport] send host t=authorityEntry t=authorityEntry
[log] [coop:v2-shadow] PARITY kind=INTERACTION_COMMIT rev=117 match=true field=-
[log] [coop:reward] authoritative options retained surface=market pin=22 reroll=777 count=16 rev=45 id=1828413413364172:0:SHOP_PRESENT:2200777
[log] [coop:v2-interaction] suppressed raw rewardOptions key=22:777; immutable entry retained
[log] [coop:v2-authority] receipt rev=116 op=V2/WAVE/e1828413413364172/w20/tick416 stage=admitted sender=1 generation=0 advanced retired=false waiting=[1] subsumed=[]
[log] [coop:v2-authority] receipt rev=116 op=V2/WAVE/e1828413413364172/w20/tick416 stage=admitted sender=1 generation=0 duplicate highestStage=0
[log] [coop:v2-authority] receipt rev=116 op=V2/WAVE/e1828413413364172/w20/tick416 stage=materialApplied sender=1 generation=0 advanced retired=false waiting=[1] subsumed=[]
[log] [coop:transport] send host t=authorityEntry t=authorityEntry
[log] [coop:v2-authority] receipt rev=116 op=V2/WAVE/e1828413413364172/w20/tick416 stage=controlInstalled sender=1 generation=0 advanced retired=true waiting=[] subsumed=[]
[log] [coop:transport] recv guest t=authorityEntry t=authorityEntry handlers=1
[log] [coop:transport] recv guest t=authorityEntry t=authorityEntry handlers=1
[log] [coop:v2-authority] receipt rev=117 op=1828413413364172:0:SHOP_PRESENT:2200777 stage=admitted sender=1 generation=0 advanced retired=false waiting=[1] subsumed=[]
[log] [coop:v2-authority] receipt rev=117 op=1828413413364172:0:SHOP_PRESENT:2200777 stage=materialApplied sender=1 generation=0 advanced retired=false waiting=[1] subsumed=[]
[log] [coop:v2-authority] receipt rev=117 op=1828413413364172:0:SHOP_PRESENT:2200777 stage=materialApplied sender=1 generation=0 duplicate highestStage=1
[log] [coop:reward] market op INTENT prepared label=biomeShop id=1828413413364172:0:SHOP_BUY:2200000
[log] [coop:interaction] interactionCounter() read -> 22 (role=host)
[log] [coop:interaction] CoopInteractionTurn.advance INCREMENT (fromCounter=22) counter 22 -> 23
[log] [coop:interaction] advanceInteraction ADVANCED+BROADCAST (fromCounter=22) counter 22 -> 23 role=host; send interaction screen=__turn__ choice=23
[log] [coop:interaction] SEND counter snapshot reason=advance choice=23 role=host
[log] [coop:transport] send host t=interaction screen=__turn__
[log] [coop:owner] ownerOf(counter=23) seat=1 -> owner=guest
[log] [coop:owner] ownerOf(counter=23) seat=1 -> owner=guest
[log] [coop:interaction] interactionCounter() read -> 23 (role=host)
[log] [coop:reward] advance interaction from CONTINUATION commit (role=host from=22 counter 22 -> 23)
[log] [coop:interaction] interactionCounter() read -> 23 (role=host)
[log] [coop:v2-interaction] terminal proof recorded op=1828413413364172:0:SHOP_BUY:2200000 role=host seat=0 duplicate=0 ambient=1
[log] [coop:v2-interaction] phase terminal proof op=1828413413364172:0:SHOP_BUY:2200000 route=constructor-fallback accepted=1
[log] [coop:shop] serializeRewardOptions count=16 ids=[MAX_LURE,BERRY,ER_GRASSY_SEED,POKEBALL,GREAT_BALL,ER_SPIKED_KNUCKLES,ER_POWER_HERB,ULTRA_BALL,TEMP_STAT_STAGE_BOOSTER,ROGUE_BALL,DIRE_HIT,ER_LUCKY_HEART,MINT,ER_RUSTY_CLAW,ER_LOADED_DICE,BASE_STAT_BOOSTER] tiers=[2,0,1,0,1,2,2,2,0,3,1,2,2,2,2,2]
[log] [coop:transport] send host t=authorityEntry t=authorityEntry
[log] [coop:v2-shadow] PARITY kind=INTERACTION_COMMIT rev=118 match=true field=-
[log] [coop:reward] market authoritative RESULT retained rev=46 tick=418 id=1828413413364172:0:SHOP_BUY:2200000
[log] [coop:relay] SEND interactionChoice seq=7000022 kind=biomeShop kind=? choice=-1 data=-
[log] [coop:v2-interaction] suppressed raw authority interactionChoice seq=7000022 kind=biomeShop
[log] [coop:transport] recv guest t=interaction screen=__turn__ handlers=1
[log] [coop:transport] recv guest t=authorityEntry t=authorityEntry handlers=1
[log] [coop:transport] send host t=authorityEntry t=authorityEntry
[log] [coop:transport] recv guest t=authorityEntry t=authorityEntry handlers=1
[log] [coop:interaction] RECV interaction broadcast (deferred catch-up net) received=23 localBefore=23 role=host -> no defer (local >= received)
[warn] [coop:interaction] CoopInteractionTurn.mergeRemote DEFER (remote=23, counter=23, pendingRemote=23) live counter UNCHANGED (folds in at next advance if still ahead)
[log] [coop:owner] ownerOf(counter=23) seat=1 -> owner=guest
[log] [coop:owner] ownerOf(counter=23) seat=1 -> owner=guest
[log] [coop:transport] send host t=authorityEntry t=authorityEntry
[log] [coop:transport] send host t=authorityEntry t=authorityEntry
[log] [coop:v2-authority] receipt rev=117 op=1828413413364172:0:SHOP_PRESENT:2200777 stage=materialApplied sender=1 generation=0 duplicate highestStage=1
[log] [coop:transport] send host t=authorityEntry t=authorityEntry
[log] [coop:v2-authority] receipt rev=117 op=1828413413364172:0:SHOP_PRESENT:2200777 stage=controlInstalled sender=1 generation=0 advanced retired=true waiting=[] subsumed=[]
[log] [coop:v2-authority] receipt rev=118 op=1828413413364172:0:SHOP_BUY:2200000 stage=admitted sender=1 generation=0 advanced retired=false waiting=[1] subsumed=[]
[log] [coop:v2-authority] receipt rev=118 op=1828413413364172:0:SHOP_BUY:2200000 stage=admitted sender=1 generation=0 duplicate highestStage=0
[log] [coop:v2-authority] receipt rev=118 op=1828413413364172:0:SHOP_BUY:2200000 stage=materialApplied sender=1 generation=0 advanced retired=false waiting=[1] subsumed=[]
[log] [coop:v2-authority] receipt rev=118 op=1828413413364172:0:SHOP_BUY:2200000 stage=controlInstalled sender=1 generation=0 advanced retired=true waiting=[] subsumed=[]
[log] [coop:transport] recv guest t=authorityEntry t=authorityEntry handlers=1
[log] [coop:transport] recv guest t=authorityEntry t=authorityEntry handlers=1
[log] [coop:transport] recv guest t=authorityEntry t=authorityEntry handlers=1
[log] [coop:interaction] interactionCounter() read -> 23 (role=host)
[log] [coop:interaction] interactionCounter() read -> 23 (role=guest)
[log] [coop:v2-authority] receipt rev=117 op=1828413413364172:0:SHOP_PRESENT:2200777 stage=controlInstalled sender=1 generation=0 rejected reason=unknown-revision
[log] [coop:v2-authority] receipt rev=118 op=1828413413364172:0:SHOP_BUY:2200000 stage=controlInstalled sender=1 generation=0 rejected reason=unknown-revision
[log] [coop:v2-authority] receipt rev=118 op=1828413413364172:0:SHOP_BUY:2200000 stage=controlInstalled sender=1 generation=0 rejected reason=unknown-revision
[log] [coop:interaction] interactionCounter() read -> 23 (role=host)
[log] [coop:owner] ownerOf(counter=23) seat=1 -> owner=guest
[log] [coop:owner] isLocalOwnerAtCounter(pinnedCounter=23) parity=1 owner=guest role=host -> false
[log] [coop:reward] crossroads owner/watcher decision: pinnedStart=23 role=host spoof=false -> WATCHER (#848)
[log] [coop:transport] send host t=authorityEntry t=authorityEntry
[log] [coop:v2-shadow] PARITY kind=CONTROL_COMMIT rev=119 match=true field=- surface=interaction-open
[log] [coop:transport] recv guest t=authorityEntry t=authorityEntry handlers=1
[log] [coop:interaction] uiMirror beginSession role=watcher mode=15 seq=9600023 early=0
[log] [coop:relay] AWAIT interactionChoice seq=9600023 timeoutMs=1200000 expected=[crossroads] -> network-wait
[log] [coop:interaction] interactionCounter() read -> 23 (role=host)
[log] [coop:owner] ownerOf(counter=23) seat=1 -> owner=guest
[log] [coop:owner] isLocalOwnerAtCounter(pinnedCounter=23) parity=1 owner=guest role=host -> false
[log] [coop:v2-authority] receipt rev=119 op=V2/CONTROL/INTERACTION/1828413413364172:1:CROSSROADS_PICK:9600023 stage=admitted sender=1 generation=0 advanced retired=false waiting=[1] subsumed=[]
[log] [coop:v2-authority] receipt rev=119 op=V2/CONTROL/INTERACTION/1828413413364172:1:CROSSROADS_PICK:9600023 stage=materialApplied sender=1 generation=0 advanced retired=false waiting=[1] subsumed=[]
[log] [coop:v2-authority] receipt rev=119 op=V2/CONTROL/INTERACTION/1828413413364172:1:CROSSROADS_PICK:9600023 stage=materialApplied sender=1 generation=0 duplicate highestStage=1
[log] [coop:v2-authority] receipt rev=119 op=V2/CONTROL/INTERACTION/1828413413364172:1:CROSSROADS_PICK:9600023 stage=controlInstalled sender=1 generation=0 advanced retired=true waiting=[] subsumed=[]
[log] [coop:interaction] interactionCounter() read -> 23 (role=host)
[log] [coop:interaction] interactionCounter() read -> 23 (role=guest)
[log] [coop-soak:wave-complete] {"seed":20365530,"wave":20,"wavesRequested":200,"wavesCompleted":20,"waveElapsedMs":2960,"elapsedMs":91133,"findings":0,"hostPhase":"ErCrossroadsPhase","guestPhase":"ErCrossroadsPhase"}
[log] [coop:interaction] interactionCounter() read -> 23 (role=host)
[log] [coop:owner] ownerOf(counter=23) seat=1 -> owner=guest
[log] [coop:owner] isLocalOwnerAtCounter(pinnedCounter=23) parity=1 owner=guest role=host -> false
[log] [coop:interaction] uiMirror WATCHER apply n=0 button=1 mode=15
[log] [coop:relay] DELIVER interactionChoice seq=9600023 -> waiter kind=crossroads choice=1 data=-
[log] [coop:relay] AWAIT interactionChoice seq=9600023 RESOLVE kind=crossroads choice=1 data=-
[log] [coop:reward] crossroads WATCHER: owner pick received moveOn=true pinnedStart=23 (#848)
[log] [coop:v2-interaction] terminal proof recorded op=1828413413364172:1:CROSSROADS_PICK:9600023 role=host seat=0 duplicate=0 ambient=1
[log] [coop:transport] send host t=authorityEntry t=authorityEntry
[log] [coop:v2-shadow] PARITY kind=INTERACTION_COMMIT rev=120 match=true field=-
[log] [coop:transport] recv guest t=authorityEntry t=authorityEntry handlers=1
[log] [coop:v2-authority] receipt rev=120 op=1828413413364172:1:CROSSROADS_PICK:9600023 stage=admitted sender=1 generation=0 advanced retired=false waiting=[1] subsumed=[]
[log] [coop:v2-authority] receipt rev=120 op=1828413413364172:1:CROSSROADS_PICK:9600023 stage=materialApplied sender=1 generation=0 advanced retired=false waiting=[1] subsumed=[]
[log] [coop:owner] ownerOf(counter=23) seat=1 -> owner=guest
[log] [coop:owner] isLocalOwnerAtCounter(pinnedCounter=23) parity=1 owner=guest role=host -> false
[log] [coop:owner] ownerOf(counter=23) seat=1 -> owner=guest
[log] [coop:owner] isLocalOwnerAtCounter(pinnedCounter=23) parity=1 owner=guest role=host -> false
[log] [coop:reward] biome pick owner/watcher decision: pinnedStart=23 role=host spoof=false chained=true -> WATCHER (#848)
[log] [coop:interaction] uiMirror beginSession role=watcher mode=54 seq=9700023 early=0
[log] [coop:relay] AWAIT interactionChoice seq=9700023 timeoutMs=1200000 expected=[biomePick] -> network-wait
[log] [coop:interaction] interactionCounter() read -> 23 (role=host)
[log] [coop:owner] ownerOf(counter=23) seat=1 -> owner=guest
[log] [coop:owner] isLocalOwnerAtCounter(pinnedCounter=23) parity=1 owner=guest role=host -> false
[log] [coop:relay] DELIVER interactionChoice seq=9700023 -> waiter kind=biomePick choice=0 data=[5]
[log] [coop:relay] AWAIT interactionChoice seq=9700023 RESOLVE kind=biomePick choice=0 data=[5]
[log] [coop:v2-authority] receipt rev=120 op=1828413413364172:1:CROSSROADS_PICK:9600023 stage=materialApplied sender=1 generation=0 duplicate highestStage=1
[log] [coop:v2-authority] receipt rev=120 op=1828413413364172:1:CROSSROADS_PICK:9600023 stage=controlInstalled sender=1 generation=0 advanced retired=true waiting=[] subsumed=[]
[log] [coop:reward] biome pick WATCHER: owner biome=undefined received pinnedStart=23 (#848)
[log] [coop:interaction] interactionCounter() read -> 23 (role=host)
[log] [coop:interaction] CoopInteractionTurn.advance INCREMENT (fromCounter=23) counter 23 -> 24
[log] [coop:interaction] advanceInteraction ADVANCED+BROADCAST (fromCounter=23) counter 23 -> 24 role=host; send interaction screen=__turn__ choice=24
[log] [coop:interaction] SEND counter snapshot reason=advance choice=24 role=host
[log] [coop:transport] send host t=interaction screen=__turn__
[log] [coop:owner] ownerOf(counter=24) seat=0 -> owner=host
[log] [coop:owner] ownerOf(counter=24) seat=0 -> owner=host
[log] [coop:interaction] interactionCounter() read -> 24 (role=host)
[log] [coop:reward] advance interaction from CONTINUATION commit (role=host from=23 counter 23 -> 24)
[log] [coop:interaction] interactionCounter() read -> 24 (role=host)
[log] [coop:v2-interaction] terminal proof recorded op=1828413413364172:1:BIOME_PICK:9700023 role=host seat=0 duplicate=0 ambient=1
[log] [coop:transport] send host t=authorityEntry t=authorityEntry
[log] [coop:v2-shadow] PARITY kind=INTERACTION_COMMIT rev=121 match=true field=-
[log] [coop:transport] recv guest t=interaction screen=__turn__ handlers=1
[log] [coop:transport] recv guest t=authorityEntry t=authorityEntry handlers=1
[log] [coop:interaction] RECV interaction broadcast (deferred catch-up net) received=24 localBefore=24 role=host -> no defer (local >= received)
[warn] [coop:interaction] CoopInteractionTurn.mergeRemote DEFER (remote=24, counter=24, pendingRemote=24) live counter UNCHANGED (folds in at next advance if still ahead)
[log] [coop:owner] ownerOf(counter=24) seat=0 -> owner=host
[log] [coop:owner] ownerOf(counter=24) seat=0 -> owner=host
[log] [coop:v2-authority] receipt rev=121 op=1828413413364172:1:BIOME_PICK:9700023 stage=admitted sender=1 generation=0 advanced retired=false waiting=[1] subsumed=[]
[log] [coop:v2-authority] receipt rev=121 op=1828413413364172:1:BIOME_PICK:9700023 stage=materialApplied sender=1 generation=0 advanced retired=false waiting=[1] subsumed=[]
[log] [coop:v2-authority] receipt rev=121 op=1828413413364172:1:BIOME_PICK:9700023 stage=controlInstalled sender=1 generation=0 advanced retired=true waiting=[] subsumed=[]
[log] [coop:interaction] interactionCounter() read -> 24 (role=host)
[log] %cStart Phase: PartyHealPhase color:green
[log] %cStart Phase: ResetStatusPhase color:green
[log] %cStart Phase: ResetStatusPhase color:green
[log] %cStart Phase: ResetStatusPhase color:green
[log] %cStart Phase: ResetStatusPhase color:green
[log] %cStart Phase: ResetStatusPhase color:green
[log] %cStart Phase: ResetStatusPhase color:green
[log] %cStart Phase: SwitchBiomePhase color:green
[log] %cStart Phase: NewBattlePhase color:green
[log] [coop:v2-control] NewBattlePhase installed committed host biome encounter wave=20->21
[log] %cStart Phase: ReturnPhase color:green
[log] [coop:turn] host recorder: begin turn=1 scope=1828413413364172:21 (no prior open recording)
[log] %cStart Phase: ReturnPhase color:green
[log] [coop:turn] host recorder: preserve recording scope=1828413413364172:21 turn=1 events=0 seq=0
[log] %cStart Phase: ShowTrainerPhase color:green
[log] %cStart Phase: NewBiomeEncounterPhase color:green
[log] [coop:turn] host recorder: append turn=1 seq=0 k=weather total=1 live=true
[log] [coop:turn] host recorder: append turn=1 seq=1 k=message total=2 live=true
[log] [coop:interaction] interactionCounter() read -> 24 (role=host)
[log] [coop:replay] host SEND enemyPartySync wave=21 count=2 meType=-1 battleType=0 entryPresentation=-
[log] [coop:transport] send host t=enemyPartySync wave=21 enemies=2 battleType=0
[log] [coop:turn] host recorder: preserve recording scope=1828413413364172:21 turn=1 events=2 seq=2
[log] %cStart Phase: CommonAnimPhase color:green
[log] %cStart Phase: MessagePhase color:green
[log] %cStart Phase: LevelCapPhase color:green
[log] %cStart Phase: SummonPhase color:green
[log] [coop:turn] host recorder: preserve recording scope=1828413413364172:21 turn=1 events=2 seq=2
[log] %cStart Phase: ToggleDoublePositionPhase color:green
[log] %cStart Phase: SummonPhase color:green
[log] [coop:turn] host recorder: preserve recording scope=1828413413364172:21 turn=1 events=2 seq=2
[log] %cStart Phase: CheckSwitchPhase color:green
[log] %cStart Phase: CheckSwitchPhase color:green
[log] %cStart Phase: InitEncounterPhase color:green
[log] [coop:turn] host recorder: preserve recording scope=1828413413364172:21 turn=1 events=2 seq=2
[log] %cStart Phase: PostSummonPhase color:green
[log] %cStart Phase: PostSummonPhase color:green
[log] [coop:turn] host recorder: append turn=1 seq=2 k=terrain total=3 live=true
[log] [coop:turn] host recorder: append turn=1 seq=3 k=message total=4 live=true
[log] %cStart Phase: ShowAbilityPhase color:green
[log] [coop:turn] host recorder: append turn=1 seq=4 k=showAbility total=5 live=true
[log] %cStart Phase: CommonAnimPhase color:green
[log] %cStart Phase: MessagePhase color:green
[log] %cStart Phase: HideAbilityPhase color:green
[log] [coop:turn] host recorder: append turn=1 seq=5 k=hideAbility total=6 live=true
[log] %cStart Phase: PostSummonPhase color:green
[log] %cStart Phase: PostSummonPhase color:green
[log] %cStart Phase: PostSummonPhase color:green
[log] %cStart Phase: PostSummonPhase color:green
[log] %cStart Phase: ShowAbilityPhase color:green
[log] [coop:turn] host recorder: append turn=1 seq=6 k=showAbility total=7 live=true
[log] %cStart Phase: MovePhase color:green
[log] [coop:turn] host recorder: append turn=1 seq=7 k=moveUsed total=8 live=true
[log] %cStart Phase: MessagePhase color:green
[log] %cStart Phase: MoveEffectPhase color:green
[log] [coop:turn] host recorder: append turn=1 seq=8 k=moveAnim total=9 live=true
[log] %cStart Phase: StatStageChangePhase color:green
[log] [coop:turn] host recorder: append turn=1 seq=9 k=message total=10 live=true
[log] [coop:turn] host recorder: append turn=1 seq=10 k=statStage total=11 live=true
[log] %cStart Phase: MessagePhase color:green
[log] %cStart Phase: StatStageChangePhase color:green
[log] [coop:turn] host recorder: append turn=1 seq=11 k=message total=12 live=true
[log] [coop:turn] host recorder: append turn=1 seq=12 k=statStage total=13 live=true
[log] %cStart Phase: MessagePhase color:green
[log] %cStart Phase: MoveEndPhase color:green
[log] %cStart Phase: HideAbilityPhase color:green
[log] [coop:turn] host recorder: append turn=1 seq=13 k=hideAbility total=14 live=true
[log] %cStart Phase: PostSummonPhase color:green
[log] %cStart Phase: ShowAbilityPhase color:green
[log] [coop:turn] host recorder: append turn=1 seq=14 k=showAbility total=15 live=true
[log] %cStart Phase: MovePhase color:green
[log] [coop:turn] host recorder: append turn=1 seq=15 k=moveUsed total=16 live=true
[log] %cStart Phase: MessagePhase color:green
[log] %cStart Phase: MoveEffectPhase color:green
[log] [coop:turn] host recorder: append turn=1 seq=16 k=moveAnim total=17 live=true
[log] %cStart Phase: StatStageChangePhase color:green
[log] [coop:turn] host recorder: append turn=1 seq=17 k=message total=18 live=true
[log] [coop:turn] host recorder: append turn=1 seq=18 k=statStage total=19 live=true
[log] %cStart Phase: MessagePhase color:green
[log] %cStart Phase: MoveEndPhase color:green
[log] %cStart Phase: HideAbilityPhase color:green
[log] [coop:turn] host recorder: append turn=1 seq=19 k=hideAbility total=20 live=true
[log] %cStart Phase: TurnInitPhase color:green
[log] [coop:replay] host SEND enemyPartySync wave=21 count=2 meType=-1 battleType=0 entryPresentation=20
[log] [coop:transport] send host t=enemyPartySync wave=21 enemies=2 battleType=0
[log] [coop:replay] host RE-BROADCAST wave-start authority wave=21 after post-summon boundary stateChanged=true presentation=20 (#920)
[log] [coop:transport] send host t=authorityEntry t=authorityEntry
[log] [coop:v2-shadow] PARITY kind=CONTROL_COMMIT rev=122 match=true field=-
[log] [coop:rendezvous] next-command barrier ARRIVE+AWAIT cmd:21:1 slot=0
[log] [coop:rendezvous] ARRIVE point=cmd:21:1 (send) role=host
[log] [coop:transport] send host t=rendezvous point=cmd:21:1
[log] [coop:rendezvous] AWAIT point=cmd:21:1 timeoutMs=2000 -> network-wait role=host
[log] [coop:transport] recv guest t=enemyPartySync wave=21 enemies=2 battleType=0 handlers=1
[log] [coop:transport] recv guest t=authorityEntry t=authorityEntry handlers=1
[log] [coop:transport] recv guest t=rendezvous point=cmd:21:1 handlers=1
[log] [coop:v2-authority] receipt rev=122 op=V2/CONTROL/COMMAND/e1828413413364172/w21/t1/tick425 stage=admitted sender=1 generation=0 advanced retired=false waiting=[1] subsumed=[]
[log] [coop:transport] send host t=authorityEntry t=authorityEntry
[log] [coop:transport] send host t=authorityEntry t=authorityEntry
[log] [coop:rendezvous] RECV arrival point=cmd:21:1 -> deliver-to-waiter role=host
[log] [coop:transport] send host t=rendezvous point=cmd:21:1
[log] [coop:rendezvous] AWAIT point=cmd:21:1 RESOLVE both-arrived role=host
[log] [coop:stream] host IGNORE cosmetic turn ACK stage=continuationReady key=1828413413364172:20:1:415 (v2 owns retirement)
[log] [coop:v2-authority] receipt rev=122 op=V2/CONTROL/COMMAND/e1828413413364172/w21/t1/tick425 stage=admitted sender=1 generation=0 duplicate highestStage=0
[log] [coop:v2-authority] receipt rev=122 op=V2/CONTROL/COMMAND/e1828413413364172/w21/t1/tick425 stage=materialApplied sender=1 generation=0 advanced retired=false waiting=[1] subsumed=[]
[log] [coop:v2-authority] receipt rev=122 op=V2/CONTROL/COMMAND/e1828413413364172/w21/t1/tick425 stage=materialApplied sender=1 generation=0 duplicate highestStage=1
[log] [coop:v2-authority] receipt rev=122 op=V2/CONTROL/COMMAND/e1828413413364172/w21/t1/tick425 stage=materialApplied sender=1 generation=0 duplicate highestStage=1
[log] [coop:v2-authority] receipt rev=122 op=V2/CONTROL/COMMAND/e1828413413364172/w21/t1/tick425 stage=materialApplied sender=1 generation=0 duplicate highestStage=1
[log] [coop:v2-authority] receipt rev=122 op=V2/CONTROL/COMMAND/e1828413413364172/w21/t1/tick425 stage=controlInstalled sender=1 generation=0 advanced retired=true waiting=[] subsumed=[]
[log] [coop:transport] recv guest t=rendezvous point=cmd:21:1 handlers=1
[log] [coop:transport] send host t=enemyPartySync wave=21 enemies=2 battleType=0
[log] [coop:replay] host RE-BROADCAST wave-start authority wave=21 after post-summon boundary stateChanged=false presentation=20 (#920)
[log] [coop:transport] recv guest t=enemyPartySync wave=21 enemies=2 battleType=0 handlers=1
[log] [coop:v2-authority] receipt rev=122 op=V2/CONTROL/COMMAND/e1828413413364172/w21/t1/tick425 stage=controlInstalled sender=1 generation=0 rejected reason=unknown-revision
[log] [coop-soak:wave-start] {"seed":20365530,"wave":21,"wavesRequested":200,"wavesCompleted":20,"elapsedMs":93916,"hostPhase":"CommandPhase","guestPhase":"CommandPhase"}
[log] [coop:interaction] interactionCounter() read -> 24 (role=host)
[log] [coop:interaction] interactionCounter() read -> 24 (role=guest)
[log] [coop:interaction] interactionCounter() read -> 24 (role=host)
[log] [coop:checksum] capture digest=d023e201ab0305fb field=4 biome=5 seed=coop-soak-20365530 weather=2 terrain=4 money=1320 party=[493,150,890,384,382,888] partyLevels=[500,500,500,500,500,500] arenaTags=0 modifiers=5 heldItemsDigest=0 pokeballs=[0:30,1:10,2:0,3:0,4:0] mons=[bi0:sp493/hp1865-1865/st0/ab121/form0/tera0:0/boss0:0 bi1:sp150/hp1725-1725/st0/ab227/form0/tera0:13/boss0:0 bi2:sp917/hp34-34/st0/ab5269/form0/tera0:6/boss0:0 bi3:sp665/hp38-38/st0/ab218/form0/tera0:2/boss0:0]
[log] [coop:interaction] interactionCounter() read -> 24 (role=host)
[log] [coop:relay] broadcastLocalCommand SEND fieldIndex=0 owner=host turn=1 command=2 cursor=2 moveId=- targets=[]
[log] [coop:transport] send host t=command fi=0 owner=host turn=1 cmd=2 cursor=2 move=-
[log] [coop:transport] recv guest t=command fi=0 owner=host turn=1 cmd=2 cursor=2 move=- handlers=1
[log] [coop:relay] recv command fieldIndex=0 turn=1 command=2 -> BUFFERED (no awaiter yet)
[log] %cStart Phase: CommandPhase color:green
[log] [coop:transport] send host t=enemyPartySync wave=21 enemies=2 battleType=0
[log] [coop:replay] host RE-BROADCAST wave-start authority wave=21 after post-summon boundary stateChanged=false presentation=20 (#920)
[log] [coop:battle] CommandPhase slot=1 turn=1 owner=guest role=host -> partner path
[log] [coop:relay] host requestPartnerCommand SEND fieldIndex=1 turn=1 moveSlots=[0,1,2,3] (awaiting peer)
[log] [coop:transport] send host t=commandRequest fi=1 owner=guest turn=1 slots=4
[log] [coop:transport] recv guest t=enemyPartySync wave=21 enemies=2 battleType=0 handlers=1
[log] [coop:transport] recv guest t=commandRequest fi=1 owner=guest turn=1 slots=4 handlers=1
[log] [coop:relay] peer recv commandRequest fieldIndex=1 owner=guest turn=1 moveSlots=[0,1,2,3] -> reply command=0 cursor=3 moveId=85
[log] [coop:transport] send guest t=command fi=1 owner=guest turn=1 cmd=0 cursor=3 move=85
[log] [coop:transport] recv host t=command fi=1 owner=guest turn=1 cmd=0 cursor=3 move=85 handlers=1
[log] [coop:relay] recv command fieldIndex=1 turn=1 command=0 -> resolved awaiting request
[log] [coop:ai] applyWiredPartnerCommand partner=150 wiredMoveId=85 cursor=3 -> moveId=85 moveIndex=3 tera=false targets=[3] targetsFrom=wire-verbatim useMode=1
[log] %cStart Phase: EnemyCommandPhase color:green
[log] %cStart Phase: EnemyCommandPhase color:green
[log] %cStart Phase: TurnStartPhase color:green
[log] [coop-diag] turn-start authoritative guard mode=authoritative role=host turn=1 diverts=false
[log] [coop:turn] host recorder: preserve recording scope=1828413413364172:21 turn=1 events=31 seq=31
[log] %cStart Phase: SwitchSummonPhase color:green
[log] [coop:turn] host recorder: preserve recording scope=1828413413364172:21 turn=1 events=31 seq=31
[log] [coop:turn] host recorder: append turn=1 seq=31 k=switch total=32 live=true
[log] %cStart Phase: PostSummonPhase color:green
[log] %cStart Phase: PostSummonPhase color:green
[log] [coop:turn] host recorder: append turn=1 seq=32 k=message total=33 live=true
[log] %cStart Phase: ShowAbilityPhase color:green
[log] [coop:turn] host recorder: append turn=1 seq=33 k=showAbility total=34 live=true
[log] %cStart Phase: StatStageChangePhase color:green
[log] [coop:turn] host recorder: append turn=1 seq=34 k=message total=35 live=true
[log] [coop:turn] host recorder: append turn=1 seq=35 k=statStage total=36 live=true
[log] %cStart Phase: MessagePhase color:green
[log] %cStart Phase: HideAbilityPhase color:green
[log] [coop:turn] host recorder: append turn=1 seq=36 k=hideAbility total=37 live=true
[log] %cStart Phase: ShowAbilityPhase color:green
[log] [coop:turn] host recorder: append turn=1 seq=37 k=showAbility total=38 live=true
[log] %cStart Phase: MessagePhase color:green
[log] %cStart Phase: HideAbilityPhase color:green
[log] [coop:turn] host recorder: append turn=1 seq=38 k=hideAbility total=39 live=true
[log] %cStart Phase: MovePhase color:green
[log] [coop:turn] host recorder: append turn=1 seq=39 k=moveUsed total=40 live=true
[log] %cStart Phase: MessagePhase color:green
[log] %cStart Phase: MoveEffectPhase color:green
[log] [coop:turn] host recorder: append turn=1 seq=40 k=moveAnim total=41 live=true
[log] [coop:turn] host recorder: append turn=1 seq=41 k=hp total=42 live=true
[log] [coop:turn] host recorder: append turn=1 seq=42 k=faint total=43 live=true
[log] %cStart Phase: DamageAnimPhase color:green
[log] %cStart Phase: FaintPhase color:green
[log] %cStart Phase: MessagePhase color:green
[log] %cStart Phase: VictoryPhase color:green
[log] [coop:progression] HOST progression capture begin wave=21
[log] [coop:progression] HOST applyPartyExp COMPUTE wave=21 expValue=196 koMon=Spewpa
[log] %cStart Phase: MoveEndPhase color:green
[log] %cStart Phase: MovePhase color:green
[log] %cStart Phase: MoveEndPhase color:green
[log] %cStart Phase: MovePhase color:green
[log] [coop:turn] host recorder: append turn=1 seq=43 k=moveUsed total=44 live=true
[log] %cStart Phase: MessagePhase color:green
[log] %cStart Phase: MoveEffectPhase color:green
[log] [coop:turn] host recorder: append turn=1 seq=44 k=moveAnim total=45 live=true
[log] [coop:turn] host recorder: append turn=1 seq=45 k=message total=46 live=true
[log] %cStart Phase: MessagePhase color:green
[log] %cStart Phase: MoveEndPhase color:green
[log] %cStart Phase: CheckInterludePhase color:green
[log] %cStart Phase: WeatherEffectPhase color:green
[log] %cStart Phase: PositionalTagPhase color:green
[log] %cStart Phase: BerryPhase color:green
[log] %cStart Phase: CheckStatusEffectPhase color:green
[log] %cStart Phase: TurnEndPhase color:green
[log] %cStart Phase: CoopTurnCommitPhase color:green
[log] [coop:turn] host recorder: finalize turn=1 events=46 seq=46
[log] [coop:checkpoint] build field=4 weather=2/0 terrain=4/7 arenaTags=1 money=1320 mons=[bi0:sp890/hp2065-2065/st0/fnt0 bi1:sp150/hp1725-1725/st0/fnt0 bi2:sp917/hp34-34/st0/fnt0 bi3:sp665/hp0-38/st7/fnt1]
[log] [coop:checkpoint] host capture field=4 weather=2 terrain=4 money=1320 arenaTags=1 mons=[bi0:sp890/hp2065-2065/st0/fnt0 bi1:sp150/hp1725-1725/st0/fnt0 bi2:sp917/hp34-34/st0/fnt0 bi3:sp665/hp0-38/st7/fnt1]
[log] [coop:interaction] interactionCounter() read -> 24 (role=host)
[log] [coop:replay] host SEND turnResolution e=1828413413364172 wave=21 turn=1 rev=434 events=46 checksum=f96f2f9bc97b8070
[log] [coop:transport] send host t=authorityEntry t=authorityEntry
[log] [coop:v2-shadow] PARITY kind=TURN_COMMIT rev=123 match=true field=- successor=owner-field
[log] [coop:transport] send host t=turnResolution e=1828413413364172 wave=21 turn=1 rev=434 events=46 checksum=f96f2f9bc97b8070
[log] [coop:transport] recv guest t=authorityEntry t=authorityEntry handlers=1
[log] [coop:transport] recv guest t=turnResolution e=1828413413364172 wave=21 turn=1 rev=434 events=46 checksum=f96f2f9bc97b8070 handlers=1
[log] [38;2;255;127;80mPhaseInterceptor.to: Stopping on completion of CoopTurnCommitPhase[39m
[log] [coop:v2-authority] receipt rev=123 op=TURN/e1828413413364172/w21/t1 stage=admitted sender=1 generation=0 advanced retired=false waiting=[1] subsumed=[]
[log] [coop:interaction] interactionCounter() read -> 24 (role=host)
[log] [coop:health] tick=0g turn=2 wave=21 counter=24 assertions=0 wait=-1ms machineWaits=- peerBeat=- lastRx=0s transport=connected journal=0/0 queue=0
[log] [coop:interaction] interactionCounter() read -> 24 (role=guest)
[log] [coop:health] tick=0g turn=2 wave=21 counter=24 assertions=0 wait=-1ms machineWaits=- peerBeat=- lastRx=0s transport=connected journal=0/0 queue=0
[log] [coop:transport] send host t=authorityEntry t=authorityEntry
[log] [coop:v2-authority] receipt rev=123 op=TURN/e1828413413364172/w21/t1 stage=admitted sender=1 generation=0 duplicate highestStage=0
[log] [coop:transport] send host t=authorityEntry t=authorityEntry
[log] [coop:transport] recv guest t=authorityEntry t=authorityEntry handlers=1
[log] [coop:v2-authority] receipt rev=123 op=TURN/e1828413413364172/w21/t1 stage=admitted sender=1 generation=0 duplicate highestStage=0
[log] [coop:v2-authority] receipt rev=123 op=TURN/e1828413413364172/w21/t1 stage=admitted sender=1 generation=0 duplicate highestStage=0
[log] [coop:v2-authority] receipt rev=123 op=TURN/e1828413413364172/w21/t1 stage=materialApplied sender=1 generation=0 advanced retired=false waiting=[1] subsumed=[]
[log] %cStart Phase: TurnInitPhase color:green
[log] [coop:transport] recv host t=rendezvous point=cmd:21:2 handlers=1
[log] [coop:rendezvous] RECV arrival point=cmd:21:2 -> BUFFER (no waiter yet) role=host
[log] [coop:rendezvous] ARRIVE point=cmd:21:2 (send) role=host
[log] [coop:transport] send host t=rendezvous point=cmd:21:2
[log] [coop:rendezvous] next-command barrier cmd:21:2 SYNC pass (partner already arrived)
[log] [coop:transport] recv guest t=rendezvous point=cmd:21:2 handlers=1
[log] [coop:transport] send host t=authorityEntry t=authorityEntry
[log] [coop:stream] host IGNORE cosmetic turn ACK stage=continuationReady key=1828413413364172:21:1:434 (v2 owns retirement)
[log] [coop:v2-authority] receipt rev=123 op=TURN/e1828413413364172/w21/t1 stage=materialApplied sender=1 generation=0 duplicate highestStage=1
[log] [coop:v2-authority] receipt rev=123 op=TURN/e1828413413364172/w21/t1 stage=materialApplied sender=1 generation=0 duplicate highestStage=1
[log] [coop:v2-authority] receipt rev=123 op=TURN/e1828413413364172/w21/t1 stage=controlInstalled sender=1 generation=0 advanced retired=true waiting=[] subsumed=[]
[log] %cStart Phase: SelectTargetPhase color:green
[log] [coop:owner] broadcast own-slot fi=0 turn=2 role=host cmd=0
[log] [coop:relay] broadcastLocalCommand SEND fieldIndex=0 owner=host turn=2 command=0 cursor=1 moveId=247 targets=[2]
[log] [coop:transport] send host t=command fi=0 owner=host turn=2 cmd=0 cursor=1 move=247
[log] [coop:transport] recv guest t=command fi=0 owner=host turn=2 cmd=0 cursor=1 move=247 handlers=1
[log] [coop:relay] recv command fieldIndex=0 turn=2 command=0 -> BUFFERED (no awaiter yet)
[log] %cStart Phase: CommandPhase color:green
[log] [coop:battle] CommandPhase slot=1 turn=2 owner=guest role=host -> partner path
[log] [coop:relay] host requestPartnerCommand SEND fieldIndex=1 turn=2 moveSlots=[0,1,2,3] (awaiting peer)
[log] [coop:transport] send host t=commandRequest fi=1 owner=guest turn=2 slots=4
[log] [coop:transport] recv guest t=commandRequest fi=1 owner=guest turn=2 slots=4 handlers=1
[log] [coop:relay] peer recv commandRequest fieldIndex=1 owner=guest turn=2 moveSlots=[0,1,2,3] -> reply command=0 cursor=3 moveId=85
[log] [coop:transport] send guest t=command fi=1 owner=guest turn=2 cmd=0 cursor=3 move=85
[log] [coop:transport] recv host t=command fi=1 owner=guest turn=2 cmd=0 cursor=3 move=85 handlers=1
[log] [coop:relay] recv command fieldIndex=1 turn=2 command=0 -> resolved awaiting request
[log] [coop:ai] applyWiredPartnerCommand partner=150 wiredMoveId=85 cursor=3 -> moveId=85 moveIndex=3 tera=false targets=[2] targetsFrom=wire-verbatim useMode=1
[log] %cStart Phase: EnemyCommandPhase color:green
[log] %cStart Phase: TurnStartPhase color:green
[log] [coop-diag] turn-start authoritative guard mode=authoritative role=host turn=2 diverts=false
[log] [coop:turn] host recorder: begin turn=2 scope=1828413413364172:21 (no prior open recording)
[log] %cStart Phase: MovePhase color:green
[log] [coop:turn] host recorder: append turn=2 seq=0 k=moveUsed total=1 live=true
[log] %cStart Phase: MessagePhase color:green
[log] %cStart Phase: MoveEffectPhase color:green
[log] [coop:turn] host recorder: append turn=2 seq=1 k=moveAnim total=2 live=true
[log] [coop:turn] host recorder: append turn=2 seq=2 k=hp total=3 live=true
[log] [coop:turn] host recorder: append turn=2 seq=3 k=faint total=4 live=true
[log] %cStart Phase: DamageAnimPhase color:green
[log] %cStart Phase: FaintPhase color:green
[log] %cStart Phase: MessagePhase color:green
[log] %cStart Phase: VictoryPhase color:green
[log] [coop:progression] HOST applyPartyExp COMPUTE wave=21 expValue=101.8 koMon=Tarountula
[log] [coop:runtime] defer raw waveResolved wave=21 outcome=win until its material turnResolution is retained
[log] [coop-diag] VictoryPhase win-branch role=host battleType=WILD queuesTrainerVictory=false queuesSelectModifier=true wave=21
[log] [coop-diag] VictoryTail role=host wave=21 source=legacy-local trainer=false egg=true biomeShop=false biomeChange=false crossroads=false nextWave=22
[log] %cStart Phase: MoveEndPhase color:green
[log] [coop:turn] host recorder: append turn=2 seq=4 k=hp total=5 live=true
[log] [coop:turn] host recorder: append turn=2 seq=5 k=message total=6 live=true
[log] %cStart Phase: DamageAnimPhase color:green
[log] %cStart Phase: MessagePhase color:green
[log] %cStart Phase: MovePhase color:green
[log] [coop:turn] host recorder: append turn=2 seq=6 k=moveUsed total=7 live=true
[log] [coop:turn] host recorder: append turn=2 seq=7 k=message total=8 live=true
[log] %cStart Phase: MessagePhase color:green
[log] %cStart Phase: MessagePhase color:green
[log] %cStart Phase: MoveEndPhase color:green
[log] %cStart Phase: MovePhase color:green
[log] %cStart Phase: MoveEndPhase color:green
[log] %cStart Phase: CheckInterludePhase color:green
[log] %cStart Phase: WeatherEffectPhase color:green
[log] %cStart Phase: PositionalTagPhase color:green
[log] %cStart Phase: BerryPhase color:green
[log] %cStart Phase: CheckStatusEffectPhase color:green
[log] %cStart Phase: TurnEndPhase color:green
[log] %cStart Phase: PokemonHealPhase color:green
[log] [coop:turn] host recorder: append turn=2 seq=8 k=hp total=9 live=true
[log] [coop:turn] host recorder: append turn=2 seq=9 k=message total=10 live=true
[log] %cStart Phase: MessagePhase color:green
[log] %cStart Phase: CoopTurnCommitPhase color:green
[log] [coop:turn] host recorder: finalize turn=2 events=10 seq=10
[log] [coop:checkpoint] build field=4 weather=2/0 terrain=4/6 arenaTags=1 money=1320 mons=[bi0:sp890/hp2065-2065/st0/fnt0 bi1:sp150/hp1725-1725/st0/fnt0 bi2:sp917/hp0-34/st7/fnt1 bi3:sp665/hp0-38/st7/fnt1]
[log] [coop:checkpoint] host capture field=4 weather=2 terrain=4 money=1320 arenaTags=1 mons=[bi0:sp890/hp2065-2065/st0/fnt0 bi1:sp150/hp1725-1725/st0/fnt0 bi2:sp917/hp0-34/st7/fnt1 bi3:sp665/hp0-38/st7/fnt1]
[log] [coop:interaction] interactionCounter() read -> 24 (role=host)
[log] [coop:replay] host SEND turnResolution e=1828413413364172 wave=21 turn=2 rev=443 events=10 checksum=bbf76a82e14f13d0
[log] [coop:transport] send host t=authorityEntry t=authorityEntry
[log] [coop:v2-shadow] PARITY kind=TURN_COMMIT rev=124 match=true field=- successor=none-non-command-boundary
[log] [coop:transport] send host t=turnResolution e=1828413413364172 wave=21 turn=2 rev=443 events=10 checksum=bbf76a82e14f13d0
[log] [coop:runtime] send waveResolved wave=21 outcome=win (host)
[log] [coop:replay] host SEND waveResolved wave=21 outcome=win transition=WAVE_VICTORY/next22/biome0/egg1/wild
[log] [coop:transport] send host t=waveResolved wave=21 outcome=win captureParty=- cap=-
[log] [coop:transport] recv guest t=authorityEntry t=authorityEntry handlers=1
[log] [coop:transport] recv guest t=turnResolution e=1828413413364172 wave=21 turn=2 rev=443 events=10 checksum=bbf76a82e14f13d0 handlers=1
[log] [coop:transport] recv guest t=waveResolved wave=21 outcome=win captureParty=- cap=- handlers=1
[log] [38;2;255;127;80mPhaseInterceptor.to: Stopping on completion of CoopTurnCommitPhase[39m
[log] %cStart Phase: BattleEndPhase color:green
[log] [coop:progression] HOST automatic victory settlement deferred wave=21 sourceTurn=2 settlementTurn=3
[log] [coop:v2-authority] receipt rev=124 op=TURN/e1828413413364172/w21/t2 stage=admitted sender=1 generation=0 advanced retired=false waiting=[1] subsumed=[]
[log] [coop:transport] send host t=authorityEntry t=authorityEntry
[log] [coop:transport] recv guest t=authorityEntry t=authorityEntry handlers=1
[log] [coop:v2-authority] receipt rev=124 op=TURN/e1828413413364172/w21/t2 stage=admitted sender=1 generation=0 duplicate highestStage=0
[log] [coop:v2-authority] receipt rev=124 op=TURN/e1828413413364172/w21/t2 stage=admitted sender=1 generation=0 duplicate highestStage=0
[log] [coop:v2-authority] receipt rev=124 op=TURN/e1828413413364172/w21/t2 stage=materialApplied sender=1 generation=0 advanced retired=false waiting=[1] subsumed=[]
[log] [coop:v2-authority] receipt rev=124 op=TURN/e1828413413364172/w21/t2 stage=controlInstalled sender=1 generation=0 advanced retired=true waiting=[] subsumed=[]
[log] [coop:interaction] interactionCounter() read -> 24 (role=host)
[log] %cStart Phase: EggLapsePhase color:green
[log] %cStart Phase: CoopVictorySealPhase color:green
[log] [coop:transport] send host t=authorityEntry t=authorityEntry
[log] [coop:v2-shadow] PARITY kind=WAVE_ADVANCE rev=125 match=true field=-
[log] [coop:runtime] settled WAVE_ADVANCE committed wave=21 tick=444 next=WAVE_VICTORY/wave22
[log] [coop:runtime] send waveEndState wave=21 tick=444 (host)
[log] [coop:replay] host SEND waveEndState wave=21 tick=444 party=6
[log] [coop:transport] send host t=waveEndState t=waveEndState
[log] [coop:progression] HOST automatic victory settlement sealed wave=21 sourceTurn=2 settlementTurn=3 tick=444
[log] [coop:transport] recv guest t=authorityEntry t=authorityEntry handlers=1
[log] [coop:transport] recv guest t=waveEndState t=waveEndState handlers=1
[log] [coop:interaction] interactionCounter() read -> 24 (role=host)
[log] [coop:owner] ownerOf(counter=24) seat=0 -> owner=host
[log] [coop:owner] isLocalOwnerAtCounter(pinnedCounter=24) parity=0 owner=host role=host -> true
[log] [coop:interaction] interactionCounter() read -> 24 (role=host)
[log] [coop:reward] owner/watcher decision: pinnedStart=24 liveCounter=24 parity=0 role=host pick=OWNER option=ROLL spoof=false
[log] [coop:shop] serializeRewardOptions count=3 ids=[POKEBALL,TEMP_STAT_STAGE_BOOSTER,BERRY] tiers=[0,0,0]
[log] [coop:reward] OWNER streams reward options (start=24 reroll=0 count=3 ids=[POKEBALL,TEMP_STAT_STAGE_BOOSTER,BERRY])
[log] [coop:relay] SEND rewardOptions seq=24 reroll=0 count=3 ids=[POKEBALL,TEMP_STAT_STAGE_BOOSTER,BERRY]
[log] [coop:transport] send host t=authorityEntry t=authorityEntry
[log] [coop:v2-shadow] PARITY kind=INTERACTION_COMMIT rev=126 match=true field=-
[log] [coop:reward] authoritative options retained surface=reward pin=24 reroll=0 count=3 rev=49 id=1828413413364172:0:REWARD_PRESENT:2400000
[log] [coop:v2-interaction] suppressed raw rewardOptions key=24:0; immutable entry retained
[log] [coop:rendezvous] ARRIVE point=shop:21:24 (send) role=host
[log] [coop:transport] send host t=rendezvous point=shop:21:24
[log] [coop:reward] OWNER drives reward screen (start=24 role=host spoof=false adoptsOptions=false wave=21)
[log] [coop:rendezvous] shop-pick-commit barrier AWAIT shop:21:24
[log] [coop:rendezvous] AWAIT point=shop:21:24 timeoutMs=2000 -> network-wait role=host
[log] [coop:transport] recv guest t=authorityEntry t=authorityEntry handlers=1
[log] [coop:transport] recv guest t=rendezvous point=shop:21:24 handlers=1
[log] [coop:interaction] interactionCounter() read -> 24 (role=host)
[log] [coop:checksum] capture digest=bbf76a82e14f13d0 field=4 biome=5 seed=coop-soak-20365530 weather=2 terrain=4 money=1320 party=[890,150,493,384,382,888] partyLevels=[500,500,500,500,500,500] arenaTags=1 modifiers=5 heldItemsDigest=1 pokeballs=[0:30,1:10,2:0,3:0,4:0] mons=[bi0:sp890/hp2065-2065/st0/ab5258/form0/tera0:3/boss0:0 bi1:sp150/hp1725-1725/st0/ab227/form0/tera0:13/boss0:0 bi2:sp917/hp0-34/st7/ab5269/form0/tera0:6/boss0:0 bi3:sp665/hp0-38/st7/ab218/form0/tera0:2/boss0:0]
[log] [coop:transport] send host t=authorityEntry t=authorityEntry
[log] [coop:rendezvous] RECV arrival point=shop:21:24 -> deliver-to-waiter role=host
[log] [coop:transport] send host t=rendezvous point=shop:21:24
[log] [coop:rendezvous] AWAIT point=shop:21:24 RESOLVE both-arrived role=host
[log] [coop:stream] host IGNORE cosmetic turn ACK stage=continuationReady key=1828413413364172:21:2:443 (v2 owns retirement)
[log] [coop:v2-authority] receipt rev=125 op=V2/WAVE/e1828413413364172/w21/tick444 stage=admitted sender=1 generation=0 advanced retired=false waiting=[1] subsumed=[]
[log] [coop:transport] send host t=authorityEntry t=authorityEntry
[log] [coop:transport] send host t=authorityEntry t=authorityEntry
[log] [coop:v2-authority] receipt rev=125 op=V2/WAVE/e1828413413364172/w21/tick444 stage=admitted sender=1 generation=0 duplicate highestStage=0
[log] [coop:v2-authority] receipt rev=125 op=V2/WAVE/e1828413413364172/w21/tick444 stage=materialApplied sender=1 generation=0 advanced retired=false waiting=[1] subsumed=[]
[log] [coop:transport] send host t=authorityEntry t=authorityEntry
[log] [coop:v2-authority] receipt rev=125 op=V2/WAVE/e1828413413364172/w21/tick444 stage=controlInstalled sender=1 generation=0 advanced retired=true waiting=[] subsumed=[]
[log] [coop:v2-authority] receipt rev=126 op=1828413413364172:0:REWARD_PRESENT:2400000 stage=admitted sender=1 generation=0 advanced retired=false waiting=[1] subsumed=[]
[log] [coop:v2-authority] receipt rev=126 op=1828413413364172:0:REWARD_PRESENT:2400000 stage=materialApplied sender=1 generation=0 advanced retired=false waiting=[1] subsumed=[]
[log] [coop:v2-authority] receipt rev=126 op=1828413413364172:0:REWARD_PRESENT:2400000 stage=materialApplied sender=1 generation=0 duplicate highestStage=1
[log] [coop:v2-authority] receipt rev=126 op=1828413413364172:0:REWARD_PRESENT:2400000 stage=controlInstalled sender=1 generation=0 advanced retired=true waiting=[] subsumed=[]
[log] [coop:v2-authority] receipt rev=125 op=V2/WAVE/e1828413413364172/w21/tick444 stage=controlInstalled sender=1 generation=0 rejected reason=unknown-revision
[log] [coop:transport] recv guest t=rendezvous point=shop:21:24 handlers=1
[log] [coop:transport] recv guest t=authorityEntry t=authorityEntry handlers=1
[log] [coop:transport] recv guest t=authorityEntry t=authorityEntry handlers=1
[log] [coop:transport] recv guest t=authorityEntry t=authorityEntry handlers=1
[log] [coop:interaction] mirror begin role=owner mirrorSeq=1536 interactionStart=24 reroll=0
[log] [coop:interaction] uiMirror beginSession role=owner mode=6 seq=1536 early=0
[log] [coop:owner] ownerOf(counter=24) seat=0 -> owner=host
[log] [coop:owner] isLocalOwnerAtCounter(pinnedCounter=24) parity=0 owner=host role=host -> true
[log] [coop:owner] ownerOf(counter=24) seat=0 -> owner=host
[log] [coop:owner] isLocalOwnerAtCounter(pinnedCounter=24) parity=0 owner=host role=host -> true
[log] [coop:relay] OWNER prepare seq=24 kind=reward choice=0 data=[0] role=host
[log] [coop:reward] reward op INTENT prepared label=reward id=1828413413364172:0:REWARD:2400000
[log] [coop:relay] OWNER send raw seq=24 kind=reward choice=0 role=host
[log] [coop:relay] SEND interactionChoice seq=24 kind=reward kind=? choice=0 data=[0]
[log] [coop:v2-interaction] suppressed raw authority interactionChoice seq=24 kind=reward
[log] [coop:reward] APPLY_RESULT pin=24 side=owner type=POKEBALL class=AddPokeballModifier pregen=[] holderSlot=-1 holderId=-1 stack=-1 accepted=true cost=-1
[log] [coop:v2-interaction] terminal proof recorded op=1828413413364172:0:REWARD:2400000 role=host seat=0 duplicate=0 ambient=1
[log] [coop:v2-interaction] phase terminal proof op=1828413413364172:0:REWARD:2400000 route=constructor-fallback accepted=1
[log] [coop:shop] serializeRewardOptions count=3 ids=[POKEBALL,TEMP_STAT_STAGE_BOOSTER,BERRY] tiers=[0,0,0]
[log] [coop:transport] send host t=authorityEntry t=authorityEntry
[log] [coop:v2-shadow] PARITY kind=INTERACTION_COMMIT rev=127 match=true field=-
[log] [coop:reward] reward authoritative RESULT retained rev=50 tick=446 id=1828413413364172:0:REWARD:2400000
[log] [coop:interaction] interactionCounter() read -> 24 (role=host)
[log] [coop:interaction] CoopInteractionTurn.advance INCREMENT (fromCounter=24) counter 24 -> 25
[log] [coop:interaction] advanceInteraction ADVANCED+V2-LOCAL (fromCounter=24) counter 24 -> 25 role=host
[log] [coop:owner] ownerOf(counter=25) seat=1 -> owner=guest
[log] [coop:owner] ownerOf(counter=25) seat=1 -> owner=guest
[log] [coop:interaction] interactionCounter() read -> 25 (role=host)
[log] [coop:reward] advance interaction from V2 commit (role=host from=24 counter 24 -> 25); typed successor owns release
[log] [coop:transport] recv guest t=authorityEntry t=authorityEntry handlers=1
[log] [coop:v2-authority] receipt rev=125 op=V2/WAVE/e1828413413364172/w21/tick444 stage=controlInstalled sender=1 generation=0 rejected reason=unknown-revision
[log] [coop:v2-authority] receipt rev=126 op=1828413413364172:0:REWARD_PRESENT:2400000 stage=controlInstalled sender=1 generation=0 rejected reason=unknown-revision
[log] [coop:v2-authority] receipt rev=126 op=1828413413364172:0:REWARD_PRESENT:2400000 stage=controlInstalled sender=1 generation=0 rejected reason=unknown-revision
[log] [coop:v2-authority] receipt rev=127 op=1828413413364172:0:REWARD:2400000 stage=admitted sender=1 generation=0 advanced retired=false waiting=[1] subsumed=[]
[log] [coop:v2-authority] receipt rev=127 op=1828413413364172:0:REWARD:2400000 stage=admitted sender=1 generation=0 duplicate highestStage=0
[log] [coop:v2-authority] receipt rev=127 op=1828413413364172:0:REWARD:2400000 stage=materialApplied sender=1 generation=0 advanced retired=false waiting=[1] subsumed=[]
[log] [coop:v2-authority] receipt rev=127 op=1828413413364172:0:REWARD:2400000 stage=controlInstalled sender=1 generation=0 advanced retired=true waiting=[] subsumed=[]
[log] [coop:interaction] interactionCounter() read -> 25 (role=host)
[log] [coop:interaction] interactionCounter() read -> 25 (role=guest)
[log] [coop-soak:wave-complete] {"seed":20365530,"wave":21,"wavesRequested":200,"wavesCompleted":21,"waveElapsedMs":5301,"elapsedMs":99217,"findings":0,"hostPhase":"NewBattlePhase","guestPhase":"NewBattlePhase"}
[log] %cStart Phase: NewBattlePhase color:green
[log] %cStart Phase: NextEncounterPhase color:green
[log] [coop:interaction] interactionCounter() read -> 25 (role=host)
[log] [coop:replay] host SEND enemyPartySync wave=22 count=2 meType=-1 battleType=0 entryPresentation=-
[log] [coop:transport] send host t=enemyPartySync wave=22 enemies=2 battleType=0
[log] [coop:turn] host recorder: begin turn=1 scope=1828413413364172:22 (no prior open recording)
[log] [coop:transport] recv guest t=enemyPartySync wave=22 enemies=2 battleType=0 handlers=1
[log] %cStart Phase: ToggleDoublePositionPhase color:green
[log] %cStart Phase: CheckSwitchPhase color:green
[log] %cStart Phase: CheckSwitchPhase color:green
[log] %cStart Phase: InitEncounterPhase color:green
[log] [coop:turn] host recorder: preserve recording scope=1828413413364172:22 turn=1 events=0 seq=0
[log] %cStart Phase: PostSummonPhase color:green
[log] %cStart Phase: PostSummonPhase color:green
[log] %cStart Phase: TurnInitPhase color:green
[log] [coop:replay] host SEND enemyPartySync wave=22 count=2 meType=-1 battleType=0 entryPresentation=0
[log] [coop:transport] send host t=enemyPartySync wave=22 enemies=2 battleType=0
[log] [coop:replay] host RE-BROADCAST wave-start authority wave=22 after post-summon boundary stateChanged=false presentation=0 (#920)
[log] [coop:transport] send host t=authorityEntry t=authorityEntry
[log] [coop:v2-shadow] PARITY kind=CONTROL_COMMIT rev=128 match=true field=-
[log] [coop:rendezvous] next-command barrier ARRIVE+AWAIT cmd:22:1 slot=0
[log] [coop:rendezvous] ARRIVE point=cmd:22:1 (send) role=host
[log] [coop:transport] send host t=rendezvous point=cmd:22:1
[log] [coop:rendezvous] AWAIT point=cmd:22:1 timeoutMs=2000 -> network-wait role=host
[log] [coop:transport] recv guest t=enemyPartySync wave=22 enemies=2 battleType=0 handlers=1
[log] [coop:transport] recv guest t=authorityEntry t=authorityEntry handlers=1
[log] [coop:transport] recv guest t=rendezvous point=cmd:22:1 handlers=1
[log] [coop:v2-authority] receipt rev=128 op=V2/CONTROL/COMMAND/e1828413413364172/w22/t1/tick450 stage=admitted sender=1 generation=0 advanced retired=false waiting=[1] subsumed=[]
[log] [coop:transport] send host t=authorityEntry t=authorityEntry
[log] [coop:rendezvous] RECV arrival point=cmd:22:1 -> deliver-to-waiter role=host
[log] [coop:transport] send host t=rendezvous point=cmd:22:1
[log] [coop:rendezvous] AWAIT point=cmd:22:1 RESOLVE both-arrived role=host
[log] [coop:v2-authority] receipt rev=128 op=V2/CONTROL/COMMAND/e1828413413364172/w22/t1/tick450 stage=admitted sender=1 generation=0 duplicate highestStage=0
[log] [coop:v2-authority] receipt rev=128 op=V2/CONTROL/COMMAND/e1828413413364172/w22/t1/tick450 stage=materialApplied sender=1 generation=0 advanced retired=false waiting=[1] subsumed=[]
[log] [coop:v2-authority] receipt rev=128 op=V2/CONTROL/COMMAND/e1828413413364172/w22/t1/tick450 stage=materialApplied sender=1 generation=0 duplicate highestStage=1
[log] [coop:v2-authority] receipt rev=128 op=V2/CONTROL/COMMAND/e1828413413364172/w22/t1/tick450 stage=materialApplied sender=1 generation=0 duplicate highestStage=1
[log] [coop:v2-authority] receipt rev=128 op=V2/CONTROL/COMMAND/e1828413413364172/w22/t1/tick450 stage=materialApplied sender=1 generation=0 duplicate highestStage=1
[log] [coop:v2-authority] receipt rev=128 op=V2/CONTROL/COMMAND/e1828413413364172/w22/t1/tick450 stage=controlInstalled sender=1 generation=0 advanced retired=true waiting=[] subsumed=[]
[log] [coop:transport] recv guest t=rendezvous point=cmd:22:1 handlers=1
[log] [coop:transport] send host t=enemyPartySync wave=22 enemies=2 battleType=0
[log] [coop:replay] host RE-BROADCAST wave-start authority wave=22 after post-summon boundary stateChanged=false presentation=0 (#920)
[log] [coop:transport] recv guest t=enemyPartySync wave=22 enemies=2 battleType=0 handlers=1
[log] [coop-soak:wave-start] {"seed":20365530,"wave":22,"wavesRequested":200,"wavesCompleted":21,"elapsedMs":99972,"hostPhase":"CommandPhase","guestPhase":"CommandPhase"}
[log] [coop:interaction] interactionCounter() read -> 25 (role=host)
[log] [coop:interaction] interactionCounter() read -> 25 (role=guest)
[log] [coop:interaction] interactionCounter() read -> 25 (role=host)
[log] [coop:checksum] capture digest=521a50831ec62c8f field=4 biome=5 seed=coop-soak-20365530 weather=2 terrain=4 money=1320 party=[890,150,493,384,382,888] partyLevels=[500,500,500,500,500,500] arenaTags=1 modifiers=5 heldItemsDigest=1 pokeballs=[0:35,1:10,2:0,3:0,4:0] mons=[bi0:sp890/hp2065-2065/st0/ab5258/form0/tera0:3/boss0:0 bi1:sp150/hp1725-1725/st0/ab227/form0/tera0:13/boss0:0 bi2:sp69/hp47-47/st0/ab5006/form0/tera0:11/boss0:0 bi3:sp944/hp37-37/st0/ab5027/form0/tera0:0/boss0:0]
[log] [coop:interaction] interactionCounter() read -> 25 (role=host)
[log] %cStart Phase: SelectTargetPhase color:green
[log] [coop:owner] broadcast own-slot fi=0 turn=1 role=host cmd=0
[log] [coop:relay] broadcastLocalCommand SEND fieldIndex=0 owner=host turn=1 command=0 cursor=2 moveId=53 targets=[2]
[log] [coop:transport] send host t=command fi=0 owner=host turn=1 cmd=0 cursor=2 move=53
[log] [coop:transport] recv guest t=command fi=0 owner=host turn=1 cmd=0 cursor=2 move=53 handlers=1
[log] [coop:relay] recv command fieldIndex=0 turn=1 command=0 -> BUFFERED (no awaiter yet)
[log] %cStart Phase: CommandPhase color:green
[log] [coop:transport] send host t=enemyPartySync wave=22 enemies=2 battleType=0
[log] [coop:replay] host RE-BROADCAST wave-start authority wave=22 after post-summon boundary stateChanged=true presentation=0 (#920)
[log] [coop:battle] CommandPhase slot=1 turn=1 owner=guest role=host -> partner path
[log] [coop:relay] host requestPartnerCommand SEND fieldIndex=1 turn=1 moveSlots=[0,1,2,3] (awaiting peer)
[log] [coop:transport] send host t=commandRequest fi=1 owner=guest turn=1 slots=4
[log] [coop:transport] recv guest t=enemyPartySync wave=22 enemies=2 battleType=0 handlers=1
[log] [coop:transport] recv guest t=commandRequest fi=1 owner=guest turn=1 slots=4 handlers=1
[log] [coop:relay] peer recv commandRequest fieldIndex=1 owner=guest turn=1 moveSlots=[0,1,2,3] -> reply command=0 cursor=0 moveId=34
[log] [coop:transport] send guest t=command fi=1 owner=guest turn=1 cmd=0 cursor=0 move=34
[log] [coop:transport] recv host t=command fi=1 owner=guest turn=1 cmd=0 cursor=0 move=34 handlers=1
[log] [coop:relay] recv command fieldIndex=1 turn=1 command=0 -> resolved awaiting request
[log] [coop:ai] applyWiredPartnerCommand partner=150 wiredMoveId=34 cursor=0 -> moveId=34 moveIndex=0 tera=false targets=[3] targetsFrom=wire-verbatim useMode=1
[log] %cStart Phase: EnemyCommandPhase color:green
[log] %cStart Phase: EnemyCommandPhase color:green
[log] %cStart Phase: TurnStartPhase color:green
[log] [coop-diag] turn-start authoritative guard mode=authoritative role=host turn=1 diverts=false
[log] [coop:turn] host recorder: preserve recording scope=1828413413364172:22 turn=1 events=0 seq=0
[log] %cStart Phase: MovePhase color:green
[log] [coop:turn] host recorder: append turn=1 seq=0 k=moveUsed total=1 live=true
[log] %cStart Phase: MessagePhase color:green
[log] %cStart Phase: MoveEffectPhase color:green
[log] [coop:turn] host recorder: append turn=1 seq=1 k=moveAnim total=2 live=true
[log] [coop:turn] host recorder: append turn=1 seq=2 k=hp total=3 live=true
[log] [coop:turn] host recorder: append turn=1 seq=3 k=faint total=4 live=true
[log] [coop:turn] host recorder: append turn=1 seq=4 k=message total=5 live=true
[log] %cStart Phase: DamageAnimPhase color:green
[log] %cStart Phase: MessagePhase color:green
[log] %cStart Phase: FaintPhase color:green
[log] %cStart Phase: MessagePhase color:green
[log] %cStart Phase: VictoryPhase color:green
[log] [coop:progression] HOST progression capture begin wave=22
[log] [coop:progression] HOST applyPartyExp COMPUTE wave=22 expValue=169 koMon=Bellsprout
[log] %cStart Phase: MoveEndPhase color:green
[log] [coop:turn] host recorder: append turn=1 seq=5 k=hp total=6 live=true
[log] [coop:turn] host recorder: append turn=1 seq=6 k=message total=7 live=true
[log] %cStart Phase: DamageAnimPhase color:green
[log] %cStart Phase: MessagePhase color:green
[log] %cStart Phase: MovePhase color:green
[log] [coop:turn] host recorder: append turn=1 seq=7 k=moveUsed total=8 live=true
[log] %cStart Phase: MessagePhase color:green
[log] %cStart Phase: MoveEffectPhase color:green
[log] [coop:turn] host recorder: append turn=1 seq=8 k=moveAnim total=9 live=true
[log] [coop:turn] host recorder: append turn=1 seq=9 k=hp total=10 live=true
[log] [coop:turn] host recorder: append turn=1 seq=10 k=faint total=11 live=true
[log] %cStart Phase: DamageAnimPhase color:green
[log] %cStart Phase: FaintPhase color:green
[log] %cStart Phase: MessagePhase color:green
[log] %cStart Phase: VictoryPhase color:green
[log] [coop:progression] HOST applyPartyExp COMPUTE wave=22 expValue=151.8 koMon=Shroodle
[log] [coop:runtime] defer raw waveResolved wave=22 outcome=win until its material turnResolution is retained
[log] [coop-diag] VictoryPhase win-branch role=host battleType=WILD queuesTrainerVictory=false queuesSelectModifier=true wave=22
[log] [coop-diag] VictoryTail role=host wave=22 source=legacy-local trainer=false egg=true biomeShop=false biomeChange=false crossroads=false nextWave=23
[log] %cStart Phase: MoveEndPhase color:green
[log] %cStart Phase: MovePhase color:green
[log] %cStart Phase: MoveEndPhase color:green
[log] %cStart Phase: MovePhase color:green
[log] %cStart Phase: MoveEndPhase color:green
[log] %cStart Phase: CheckInterludePhase color:green
[log] %cStart Phase: WeatherEffectPhase color:green
[log] %cStart Phase: PositionalTagPhase color:green
[log] %cStart Phase: BerryPhase color:green
[log] %cStart Phase: CheckStatusEffectPhase color:green
[log] %cStart Phase: TurnEndPhase color:green
[log] %cStart Phase: PokemonHealPhase color:green
[log] [coop:turn] host recorder: append turn=1 seq=11 k=hp total=12 live=true
[log] [coop:turn] host recorder: append turn=1 seq=12 k=message total=13 live=true
[log] %cStart Phase: MessagePhase color:green
[log] %cStart Phase: CoopTurnCommitPhase color:green
[log] [coop:turn] host recorder: finalize turn=1 events=13 seq=13
[log] [coop:checkpoint] build field=4 weather=2/0 terrain=4/5 arenaTags=1 money=1320 mons=[bi0:sp890/hp2065-2065/st0/fnt0 bi1:sp150/hp1725-1725/st0/fnt0 bi2:sp69/hp0-47/st7/fnt1 bi3:sp944/hp0-37/st7/fnt1]
[log] [coop:checkpoint] host capture field=4 weather=2 terrain=4 money=1320 arenaTags=1 mons=[bi0:sp890/hp2065-2065/st0/fnt0 bi1:sp150/hp1725-1725/st0/fnt0 bi2:sp69/hp0-47/st7/fnt1 bi3:sp944/hp0-37/st7/fnt1]
[log] [coop:interaction] interactionCounter() read -> 25 (role=host)
[log] [coop:replay] host SEND turnResolution e=1828413413364172 wave=22 turn=1 rev=459 events=13 checksum=887c41f63b368cca
[log] [coop:transport] send host t=authorityEntry t=authorityEntry
[log] [coop:v2-shadow] PARITY kind=TURN_COMMIT rev=129 match=true field=- successor=none-non-command-boundary
[log] [coop:transport] send host t=turnResolution e=1828413413364172 wave=22 turn=1 rev=459 events=13 checksum=887c41f63b368cca
[log] [coop:runtime] send waveResolved wave=22 outcome=win (host)
[log] [coop:replay] host SEND waveResolved wave=22 outcome=win transition=WAVE_VICTORY/next23/biome0/egg1/wild
[log] [coop:transport] send host t=waveResolved wave=22 outcome=win captureParty=- cap=-
[log] [coop:transport] recv guest t=authorityEntry t=authorityEntry handlers=1
[log] [coop:transport] recv guest t=turnResolution e=1828413413364172 wave=22 turn=1 rev=459 events=13 checksum=887c41f63b368cca handlers=1
[log] [coop:transport] recv guest t=waveResolved wave=22 outcome=win captureParty=- cap=- handlers=1
[log] [38;2;255;127;80mPhaseInterceptor.to: Stopping on completion of CoopTurnCommitPhase[39m
[log] %cStart Phase: BattleEndPhase color:green
[log] [coop:progression] HOST automatic victory settlement deferred wave=22 sourceTurn=1 settlementTurn=2
[log] [coop:v2-authority] receipt rev=129 op=TURN/e1828413413364172/w22/t1 stage=admitted sender=1 generation=0 advanced retired=false waiting=[1] subsumed=[]
[log] [coop:transport] send host t=authorityEntry t=authorityEntry
[log] [coop:transport] recv guest t=authorityEntry t=authorityEntry handlers=1
[log] [coop:v2-authority] receipt rev=129 op=TURN/e1828413413364172/w22/t1 stage=admitted sender=1 generation=0 duplicate highestStage=0
[log] [coop:transport] send host t=authorityEntry t=authorityEntry
[log] [coop:v2-authority] receipt rev=129 op=TURN/e1828413413364172/w22/t1 stage=admitted sender=1 generation=0 duplicate highestStage=0
[log] [coop:v2-authority] receipt rev=129 op=TURN/e1828413413364172/w22/t1 stage=admitted sender=1 generation=0 duplicate highestStage=0
[log] [coop:v2-authority] receipt rev=129 op=TURN/e1828413413364172/w22/t1 stage=materialApplied sender=1 generation=0 advanced retired=false waiting=[1] subsumed=[]
[log] [coop:v2-authority] receipt rev=129 op=TURN/e1828413413364172/w22/t1 stage=controlInstalled sender=1 generation=0 advanced retired=true waiting=[] subsumed=[]
[log] [coop:interaction] interactionCounter() read -> 25 (role=host)
[log] %cStart Phase: EggLapsePhase color:green
[log] %cStart Phase: CoopVictorySealPhase color:green
[log] [coop:transport] send host t=authorityEntry t=authorityEntry
[log] [coop:v2-shadow] PARITY kind=WAVE_ADVANCE rev=130 match=true field=-
[log] [coop:runtime] settled WAVE_ADVANCE committed wave=22 tick=460 next=WAVE_VICTORY/wave23
[log] [coop:runtime] send waveEndState wave=22 tick=460 (host)
[log] [coop:replay] host SEND waveEndState wave=22 tick=460 party=6
[log] [coop:transport] send host t=waveEndState t=waveEndState
[log] [coop:progression] HOST automatic victory settlement sealed wave=22 sourceTurn=1 settlementTurn=2 tick=460
[log] [coop:transport] recv guest t=authorityEntry t=authorityEntry handlers=1
[log] [coop:transport] recv guest t=waveEndState t=waveEndState handlers=1
[log] [coop:interaction] interactionCounter() read -> 25 (role=host)
[log] [coop:owner] ownerOf(counter=25) seat=1 -> owner=guest
[log] [coop:owner] isLocalOwnerAtCounter(pinnedCounter=25) parity=1 owner=guest role=host -> false
[log] [coop:interaction] interactionCounter() read -> 25 (role=host)
[log] [coop:reward] owner/watcher decision: pinnedStart=25 liveCounter=25 parity=1 role=host pick=WATCHER option=ROLL spoof=false
[log] [coop:shop] serializeRewardOptions count=3 ids=[POKEBALL,MEMORY_MUSHROOM,BERRY] tiers=[0,1,0]
[log] [coop:reward] OWNER streams reward options (start=25 reroll=0 count=3 ids=[POKEBALL,MEMORY_MUSHROOM,BERRY])
[log] [coop:relay] SEND rewardOptions seq=25 reroll=0 count=3 ids=[POKEBALL,MEMORY_MUSHROOM,BERRY]
[log] [coop:transport] send host t=authorityEntry t=authorityEntry
[log] [coop:v2-shadow] PARITY kind=INTERACTION_COMMIT rev=131 match=true field=-
[log] [coop:reward] authoritative options retained surface=reward pin=25 reroll=0 count=3 rev=51 id=1828413413364172:1:REWARD_PRESENT:2500000
[log] [coop:v2-interaction] suppressed raw rewardOptions key=25:0; immutable entry retained
[log] [coop:rendezvous] ARRIVE point=shop:22:25 (send) role=host
[log] [coop:transport] send host t=rendezvous point=shop:22:25
[log] [coop:reward] WATCHER waits for partner's reward picks (start=25 role=host wave=22)
[log] [coop:transport] recv guest t=authorityEntry t=authorityEntry handlers=1
[log] [coop:transport] recv guest t=rendezvous point=shop:22:25 handlers=1
[log] [coop:interaction] mirror begin role=watcher mirrorSeq=1600 interactionStart=25 reroll=0
[log] [coop:interaction] uiMirror beginSession role=watcher mode=6 seq=1600 early=0
[log] [coop:relay] AWAIT interactionChoice seq=25 timeoutMs=1200000 expected=[reward,shop,skip,reroll,check,transfer,lock] -> network-wait
[log] [coop:interaction] interactionCounter() read -> 25 (role=host)
[log] [coop:checksum] capture digest=887c41f63b368cca field=4 biome=5 seed=coop-soak-20365530 weather=2 terrain=4 money=1320 party=[890,150,493,384,382,888] partyLevels=[500,500,500,500,500,500] arenaTags=1 modifiers=5 heldItemsDigest=1 pokeballs=[0:35,1:10,2:0,3:0,4:0] mons=[bi0:sp890/hp2065-2065/st0/ab5258/form0/tera0:3/boss0:0 bi1:sp150/hp1725-1725/st0/ab227/form0/tera0:13/boss0:0 bi2:sp69/hp0-47/st7/ab5006/form0/tera0:11/boss0:0 bi3:sp944/hp0-37/st7/ab5027/form0/tera0:0/boss0:0]
[log] [coop:transport] send host t=authorityEntry t=authorityEntry
[log] [coop:transport] send host t=authorityEntry t=authorityEntry
[log] [coop:rendezvous] RECV arrival point=shop:22:25 -> BUFFER (no waiter yet) role=host
[log] [coop:stream] host IGNORE cosmetic turn ACK stage=continuationReady key=1828413413364172:22:1:459 (v2 owns retirement)
[log] [coop:relay] DELIVER interactionChoice seq=25 -> waiter kind=reward choice=0 data=[0]
[log] [coop:relay] AWAIT interactionChoice seq=25 RESOLVE kind=reward choice=0 data=[0]
[log] [coop:v2-authority] receipt rev=130 op=V2/WAVE/e1828413413364172/w22/tick460 stage=admitted sender=1 generation=0 advanced retired=false waiting=[1] subsumed=[]
[log] [coop:transport] send host t=authorityEntry t=authorityEntry
[log] [coop:transport] send host t=authorityEntry t=authorityEntry
[log] [coop:v2-authority] receipt rev=130 op=V2/WAVE/e1828413413364172/w22/tick460 stage=admitted sender=1 generation=0 duplicate highestStage=0
[log] [coop:v2-authority] receipt rev=130 op=V2/WAVE/e1828413413364172/w22/tick460 stage=materialApplied sender=1 generation=0 advanced retired=false waiting=[1] subsumed=[]
[log] [coop:transport] send host t=authorityEntry t=authorityEntry
[log] [coop:v2-authority] receipt rev=130 op=V2/WAVE/e1828413413364172/w22/tick460 stage=controlInstalled sender=1 generation=0 advanced retired=true waiting=[] subsumed=[]
[log] [coop:v2-authority] receipt rev=131 op=1828413413364172:1:REWARD_PRESENT:2500000 stage=admitted sender=1 generation=0 advanced retired=false waiting=[1] subsumed=[]
[log] [coop:v2-authority] receipt rev=131 op=1828413413364172:1:REWARD_PRESENT:2500000 stage=materialApplied sender=1 generation=0 advanced retired=false waiting=[1] subsumed=[]
[log] [coop:v2-authority] receipt rev=131 op=1828413413364172:1:REWARD_PRESENT:2500000 stage=materialApplied sender=1 generation=0 duplicate highestStage=1
[log] [coop:v2-authority] receipt rev=131 op=1828413413364172:1:REWARD_PRESENT:2500000 stage=controlInstalled sender=1 generation=0 advanced retired=true waiting=[] subsumed=[]
[log] [coop:v2-authority] receipt rev=130 op=V2/WAVE/e1828413413364172/w22/tick460 stage=controlInstalled sender=1 generation=0 rejected reason=unknown-revision
[log] [coop:v2-authority] receipt rev=131 op=1828413413364172:1:REWARD_PRESENT:2500000 stage=controlInstalled sender=1 generation=0 rejected reason=unknown-revision
[log] [coop:reward] WATCHER applying relayed action seq=25 act=REWARD choice=0 data=[0]
[log] [coop:owner] ownerOf(counter=25) seat=1 -> owner=guest
[log] [coop:owner] isLocalOwnerAtCounter(pinnedCounter=25) parity=1 owner=guest role=host -> false
[log] [coop:reward] APPLY_RESULT pin=25 side=watcher type=POKEBALL class=AddPokeballModifier pregen=[] holderSlot=-1 holderId=-1 stack=-1 accepted=true cost=-1
[log] [coop:transport] recv guest t=authorityEntry t=authorityEntry handlers=1
[log] [coop:transport] recv guest t=authorityEntry t=authorityEntry handlers=1
[log] [coop:transport] recv guest t=authorityEntry t=authorityEntry handlers=1
[log] [coop:v2-interaction] terminal proof recorded op=1828413413364172:1:REWARD:2500000 role=host seat=0 duplicate=0 ambient=1
[log] [coop:v2-interaction] phase terminal proof op=1828413413364172:1:REWARD:2500000 route=constructor-fallback accepted=1
[log] [coop:shop] serializeRewardOptions count=3 ids=[POKEBALL,MEMORY_MUSHROOM,BERRY] tiers=[0,1,0]
[log] [coop:transport] send host t=authorityEntry t=authorityEntry
[log] [coop:v2-shadow] PARITY kind=INTERACTION_COMMIT rev=132 match=true field=-
[log] [coop:reward] reward authoritative RESULT retained rev=52 tick=462 id=1828413413364172:1:REWARD:2500000
[log] [coop:interaction] interactionCounter() read -> 25 (role=host)
[log] [coop:interaction] CoopInteractionTurn.advance INCREMENT (fromCounter=25) counter 25 -> 26
[log] [coop:interaction] advanceInteraction ADVANCED+V2-LOCAL (fromCounter=25) counter 25 -> 26 role=host
[log] [coop:owner] ownerOf(counter=26) seat=0 -> owner=host
[log] [coop:owner] ownerOf(counter=26) seat=0 -> owner=host
[log] [coop:interaction] interactionCounter() read -> 26 (role=host)
[log] [coop:reward] advance interaction from V2 commit (role=host from=25 counter 25 -> 26); typed successor owns release
[log] [coop:transport] recv guest t=authorityEntry t=authorityEntry handlers=1
[log] [coop:interaction] interactionCounter() read -> 26 (role=host)
[log] [coop:interaction] interactionCounter() read -> 26 (role=host)
[log] [coop:v2-authority] receipt rev=130 op=V2/WAVE/e1828413413364172/w22/tick460 stage=controlInstalled sender=1 generation=0 rejected reason=unknown-revision
[log] [coop:v2-authority] receipt rev=131 op=1828413413364172:1:REWARD_PRESENT:2500000 stage=controlInstalled sender=1 generation=0 rejected reason=unknown-revision
[log] [coop:v2-authority] receipt rev=131 op=1828413413364172:1:REWARD_PRESENT:2500000 stage=controlInstalled sender=1 generation=0 rejected reason=unknown-revision
[log] [coop:v2-authority] receipt rev=132 op=1828413413364172:1:REWARD:2500000 stage=admitted sender=1 generation=0 advanced retired=false waiting=[1] subsumed=[]
[log] [coop:v2-authority] receipt rev=132 op=1828413413364172:1:REWARD:2500000 stage=admitted sender=1 generation=0 duplicate highestStage=0
[log] [coop:v2-authority] receipt rev=132 op=1828413413364172:1:REWARD:2500000 stage=materialApplied sender=1 generation=0 advanced retired=false waiting=[1] subsumed=[]
[log] [coop:v2-authority] receipt rev=132 op=1828413413364172:1:REWARD:2500000 stage=controlInstalled sender=1 generation=0 advanced retired=true waiting=[] subsumed=[]
[log] [coop:interaction] interactionCounter() read -> 26 (role=host)
[log] [coop:interaction] interactionCounter() read -> 26 (role=guest)
[log] [coop-soak:wave-complete] {"seed":20365530,"wave":22,"wavesRequested":200,"wavesCompleted":22,"waveElapsedMs":3063,"elapsedMs":103035,"findings":0,"hostPhase":"NewBattlePhase","guestPhase":"NewBattlePhase"}
[log] %cStart Phase: NewBattlePhase color:green
[log] %cStart Phase: NextEncounterPhase color:green
[log] [coop:interaction] interactionCounter() read -> 26 (role=host)
[log] [coop:replay] host SEND enemyPartySync wave=23 count=2 meType=-1 battleType=0 entryPresentation=-
[log] [coop:transport] send host t=enemyPartySync wave=23 enemies=2 battleType=0
[log] [coop:turn] host recorder: begin turn=1 scope=1828413413364172:23 (no prior open recording)
[log] [coop:transport] recv guest t=enemyPartySync wave=23 enemies=2 battleType=0 handlers=1
[log] %cStart Phase: ToggleDoublePositionPhase color:green
[log] %cStart Phase: CheckSwitchPhase color:green
[log] %cStart Phase: CheckSwitchPhase color:green
[log] %cStart Phase: InitEncounterPhase color:green
[log] [coop:turn] host recorder: preserve recording scope=1828413413364172:23 turn=1 events=0 seq=0
[log] %cStart Phase: PostSummonPhase color:green
[log] %cStart Phase: PostSummonPhase color:green
[log] %cStart Phase: ShowAbilityPhase color:green
[log] [coop:turn] host recorder: append turn=1 seq=0 k=showAbility total=1 live=true
[log] %cStart Phase: StatStageChangePhase color:green
[log] [coop:turn] host recorder: append turn=1 seq=1 k=message total=2 live=true
[log] [coop:turn] host recorder: append turn=1 seq=2 k=statStage total=3 live=true
[log] %cStart Phase: MessagePhase color:green
[log] %cStart Phase: HideAbilityPhase color:green
[log] [coop:turn] host recorder: append turn=1 seq=3 k=hideAbility total=4 live=true
[log] %cStart Phase: PostSummonPhase color:green
[log] %cStart Phase: PostSummonPhase color:green
[log] %cStart Phase: ShowAbilityPhase color:green
[log] [coop:turn] host recorder: append turn=1 seq=4 k=showAbility total=5 live=true
[log] %cStart Phase: HideAbilityPhase color:green
[log] [coop:turn] host recorder: append turn=1 seq=5 k=hideAbility total=6 live=true
[log] %cStart Phase: PostSummonPhase color:green
[log] %cStart Phase: ShowAbilityPhase color:green
[log] [coop:turn] host recorder: append turn=1 seq=6 k=showAbility total=7 live=true
[log] %cStart Phase: MovePhase color:green
[log] [coop:turn] host recorder: append turn=1 seq=7 k=moveUsed total=8 live=true
[log] %cStart Phase: MessagePhase color:green
[log] %cStart Phase: MoveEffectPhase color:green
[log] [coop:turn] host recorder: append turn=1 seq=8 k=moveAnim total=9 live=true
[log] %cStart Phase: StatStageChangePhase color:green
[log] [coop:turn] host recorder: append turn=1 seq=9 k=message total=10 live=true
[log] [coop:turn] host recorder: append turn=1 seq=10 k=statStage total=11 live=true
[log] %cStart Phase: MessagePhase color:green
[log] %cStart Phase: MoveEndPhase color:green
[log] %cStart Phase: HideAbilityPhase color:green
[log] [coop:turn] host recorder: append turn=1 seq=11 k=hideAbility total=12 live=true
[log] %cStart Phase: PostSummonPhase color:green
[log] %cStart Phase: ShowAbilityPhase color:green
[log] [coop:turn] host recorder: append turn=1 seq=12 k=showAbility total=13 live=true
[log] %cStart Phase: MovePhase color:green
[log] [coop:turn] host recorder: append turn=1 seq=13 k=moveUsed total=14 live=true
[log] %cStart Phase: MessagePhase color:green
[log] %cStart Phase: MoveEffectPhase color:green
[log] [coop:turn] host recorder: append turn=1 seq=14 k=moveAnim total=15 live=true
[log] [coop:turn] host recorder: append turn=1 seq=15 k=message total=16 live=true
[log] %cStart Phase: MessagePhase color:green
[log] %cStart Phase: MoveEndPhase color:green
[log] %cStart Phase: HideAbilityPhase color:green
[log] [coop:turn] host recorder: append turn=1 seq=16 k=hideAbility total=17 live=true
[log] %cStart Phase: TurnInitPhase color:green
[log] [coop:replay] host SEND enemyPartySync wave=23 count=2 meType=-1 battleType=0 entryPresentation=17
[log] [coop:transport] send host t=enemyPartySync wave=23 enemies=2 battleType=0
[log] [coop:replay] host RE-BROADCAST wave-start authority wave=23 after post-summon boundary stateChanged=true presentation=17 (#920)
[log] [coop:transport] send host t=authorityEntry t=authorityEntry
[log] [coop:v2-shadow] PARITY kind=CONTROL_COMMIT rev=133 match=true field=-
[log] [coop:rendezvous] next-command barrier ARRIVE+AWAIT cmd:23:1 slot=0
[log] [coop:rendezvous] ARRIVE point=cmd:23:1 (send) role=host
[log] [coop:transport] send host t=rendezvous point=cmd:23:1
[log] [coop:rendezvous] AWAIT point=cmd:23:1 timeoutMs=2000 -> network-wait role=host
[log] [coop:transport] recv guest t=enemyPartySync wave=23 enemies=2 battleType=0 handlers=1
[log] [coop:transport] recv guest t=authorityEntry t=authorityEntry handlers=1
[log] [coop:transport] recv guest t=rendezvous point=cmd:23:1 handlers=1
[log] [coop:v2-authority] receipt rev=133 op=V2/CONTROL/COMMAND/e1828413413364172/w23/t1/tick466 stage=admitted sender=1 generation=0 advanced retired=false waiting=[1] subsumed=[]
[log] [coop:transport] send host t=authorityEntry t=authorityEntry
[log] [coop:transport] send host t=authorityEntry t=authorityEntry
[log] [coop:rendezvous] RECV arrival point=cmd:23:1 -> deliver-to-waiter role=host
[log] [coop:transport] send host t=rendezvous point=cmd:23:1
[log] [coop:rendezvous] AWAIT point=cmd:23:1 RESOLVE both-arrived role=host
[log] [coop:v2-authority] receipt rev=133 op=V2/CONTROL/COMMAND/e1828413413364172/w23/t1/tick466 stage=admitted sender=1 generation=0 duplicate highestStage=0
[log] [coop:v2-authority] receipt rev=133 op=V2/CONTROL/COMMAND/e1828413413364172/w23/t1/tick466 stage=materialApplied sender=1 generation=0 advanced retired=false waiting=[1] subsumed=[]
[log] [coop:v2-authority] receipt rev=133 op=V2/CONTROL/COMMAND/e1828413413364172/w23/t1/tick466 stage=materialApplied sender=1 generation=0 duplicate highestStage=1
[log] [coop:v2-authority] receipt rev=133 op=V2/CONTROL/COMMAND/e1828413413364172/w23/t1/tick466 stage=materialApplied sender=1 generation=0 duplicate highestStage=1
[log] [coop:v2-authority] receipt rev=133 op=V2/CONTROL/COMMAND/e1828413413364172/w23/t1/tick466 stage=materialApplied sender=1 generation=0 duplicate highestStage=1
[log] [coop:v2-authority] receipt rev=133 op=V2/CONTROL/COMMAND/e1828413413364172/w23/t1/tick466 stage=controlInstalled sender=1 generation=0 advanced retired=true waiting=[] subsumed=[]
[log] [coop:transport] recv guest t=rendezvous point=cmd:23:1 handlers=1
[log] [coop:transport] send host t=enemyPartySync wave=23 enemies=2 battleType=0
[log] [coop:replay] host RE-BROADCAST wave-start authority wave=23 after post-summon boundary stateChanged=false presentation=17 (#920)
[log] [coop:transport] recv guest t=enemyPartySync wave=23 enemies=2 battleType=0 handlers=1
[log] [coop-soak:wave-start] {"seed":20365530,"wave":23,"wavesRequested":200,"wavesCompleted":22,"elapsedMs":105206,"hostPhase":"CommandPhase","guestPhase":"CommandPhase"}
[log] [coop:interaction] interactionCounter() read -> 26 (role=host)
[log] [coop:interaction] interactionCounter() read -> 26 (role=guest)
[log] [coop:interaction] interactionCounter() read -> 26 (role=host)
[log] [coop:checksum] capture digest=7e401fbdf1fa16e0 field=4 biome=5 seed=coop-soak-20365530 weather=2 terrain=4 money=1320 party=[890,150,493,384,382,888] partyLevels=[500,500,500,500,500,500] arenaTags=1 modifiers=5 heldItemsDigest=1 pokeballs=[0:40,1:10,2:0,3:0,4:0] mons=[bi0:sp890/hp2065-2065/st0/ab5258/form0/tera0:3/boss0:0 bi1:sp150/hp1725-1725/st0/ab227/form0/tera0:13/boss0:0 bi2:sp12/hp52-52/st0/ab19/form0/tera0:13/boss0:0 bi3:sp917/hp40-40/st0/ab5077/form0/tera0:6/boss0:0]
[log] [coop:interaction] interactionCounter() read -> 26 (role=host)
[log] [coop:relay] broadcastLocalCommand SEND fieldIndex=0 owner=host turn=1 command=2 cursor=2 moveId=- targets=[]
[log] [coop:transport] send host t=command fi=0 owner=host turn=1 cmd=2 cursor=2 move=-
[log] [coop:transport] recv guest t=command fi=0 owner=host turn=1 cmd=2 cursor=2 move=- handlers=1
[log] [coop:relay] recv command fieldIndex=0 turn=1 command=2 -> BUFFERED (no awaiter yet)
[log] %cStart Phase: CommandPhase color:green
[log] [coop:transport] send host t=enemyPartySync wave=23 enemies=2 battleType=0
[log] [coop:replay] host RE-BROADCAST wave-start authority wave=23 after post-summon boundary stateChanged=true presentation=17 (#920)
[log] [coop:battle] CommandPhase slot=1 turn=1 owner=guest role=host -> partner path
[log] [coop:relay] host requestPartnerCommand SEND fieldIndex=1 turn=1 moveSlots=[0,1,2,3] (awaiting peer)
[log] [coop:transport] send host t=commandRequest fi=1 owner=guest turn=1 slots=4
[log] [coop:transport] recv guest t=enemyPartySync wave=23 enemies=2 battleType=0 handlers=1
[log] [coop:transport] recv guest t=commandRequest fi=1 owner=guest turn=1 slots=4 handlers=1
[log] [coop:relay] peer recv commandRequest fieldIndex=1 owner=guest turn=1 moveSlots=[0,1,2,3] -> reply command=2 cursor=3 moveId=-
[log] [coop:transport] send guest t=command fi=1 owner=guest turn=1 cmd=2 cursor=3 move=-
[log] [coop:transport] recv host t=command fi=1 owner=guest turn=1 cmd=2 cursor=3 move=- handlers=1
[log] [coop:relay] recv command fieldIndex=1 turn=1 command=2 -> resolved awaiting request
[log] %cStart Phase: EnemyCommandPhase color:green
[log] %cStart Phase: EnemyCommandPhase color:green
[log] %cStart Phase: TurnStartPhase color:green
[log] [coop-diag] turn-start authoritative guard mode=authoritative role=host turn=1 diverts=false
[log] [coop:turn] host recorder: preserve recording scope=1828413413364172:23 turn=1 events=22 seq=22
[log] %cStart Phase: SwitchSummonPhase color:green
[log] [coop:turn] host recorder: preserve recording scope=1828413413364172:23 turn=1 events=22 seq=22
[log] [coop:turn] host recorder: append turn=1 seq=22 k=switch total=23 live=true
[log] %cStart Phase: PostSummonPhase color:green
[log] [coop:turn] host recorder: append turn=1 seq=23 k=message total=24 live=true
[log] %cStart Phase: MessagePhase color:green
[log] %cStart Phase: StatStageChangePhase color:green
[log] [coop:turn] host recorder: append turn=1 seq=24 k=message total=25 live=true
[log] [coop:turn] host recorder: append turn=1 seq=25 k=statStage total=26 live=true
[log] %cStart Phase: MessagePhase color:green
[log] %cStart Phase: SwitchSummonPhase color:green
[log] [coop:turn] host recorder: preserve recording scope=1828413413364172:23 turn=1 events=26 seq=26
[log] [coop:turn] host recorder: append turn=1 seq=26 k=switch total=27 live=true
[log] %cStart Phase: PostSummonPhase color:green
[log] %cStart Phase: MovePhase color:green
[log] [coop:turn] host recorder: append turn=1 seq=27 k=moveUsed total=28 live=true
[log] %cStart Phase: MessagePhase color:green
[log] %cStart Phase: MoveEffectPhase color:green
[log] [coop:turn] host recorder: append turn=1 seq=28 k=moveAnim total=29 live=true
[log] [coop:turn] host recorder: append turn=1 seq=29 k=hp total=30 live=true
[log] %cStart Phase: DamageAnimPhase color:green
[log] %cStart Phase: MoveEndPhase color:green
[log] %cStart Phase: MovePhase color:green
[log] [coop:turn] host recorder: append turn=1 seq=30 k=moveUsed total=31 live=true
[log] [coop:turn] host recorder: append turn=1 seq=31 k=message total=32 live=true
[log] %cStart Phase: MessagePhase color:green
[log] %cStart Phase: MessagePhase color:green
[log] %cStart Phase: MoveEndPhase color:green
[log] %cStart Phase: CheckInterludePhase color:green
[log] %cStart Phase: WeatherEffectPhase color:green
[log] %cStart Phase: PositionalTagPhase color:green
[log] %cStart Phase: BerryPhase color:green
[log] %cStart Phase: CheckStatusEffectPhase color:green
[log] %cStart Phase: TurnEndPhase color:green
[log] %cStart Phase: CoopTurnCommitPhase color:green
[log] [coop:turn] host recorder: finalize turn=1 events=32 seq=32
[log] [coop:checkpoint] build field=4 weather=2/0 terrain=4/4 arenaTags=1 money=1320 mons=[bi0:sp493/hp1865-1865/st0/fnt0 bi1:sp384/hp1713-1715/st0/fnt0 bi2:sp12/hp52-52/st0/fnt0 bi3:sp917/hp40-40/st0/fnt0]
[log] [coop:checkpoint] host capture field=4 weather=2 terrain=4 money=1320 arenaTags=1 mons=[bi0:sp493/hp1865-1865/st0/fnt0 bi1:sp384/hp1713-1715/st0/fnt0 bi2:sp12/hp52-52/st0/fnt0 bi3:sp917/hp40-40/st0/fnt0]
[log] [coop:interaction] interactionCounter() read -> 26 (role=host)
[log] [coop:replay] host SEND turnResolution e=1828413413364172 wave=23 turn=1 rev=475 events=32 checksum=f83cf6b956c04fdc
[log] [coop:transport] send host t=authorityEntry t=authorityEntry
[log] [coop:v2-shadow] PARITY kind=TURN_COMMIT rev=134 match=true field=- successor=owner-field
[log] [coop:transport] send host t=turnResolution e=1828413413364172 wave=23 turn=1 rev=475 events=32 checksum=f83cf6b956c04fdc
[log] [coop:transport] recv guest t=authorityEntry t=authorityEntry handlers=1
[log] [coop:transport] recv guest t=turnResolution e=1828413413364172 wave=23 turn=1 rev=475 events=32 checksum=f83cf6b956c04fdc handlers=1
[log] [38;2;255;127;80mPhaseInterceptor.to: Stopping on completion of CoopTurnCommitPhase[39m
[log] [coop:v2-authority] receipt rev=134 op=TURN/e1828413413364172/w23/t1 stage=admitted sender=1 generation=0 advanced retired=false waiting=[1] subsumed=[]
[log] [coop:transport] send host t=authorityEntry t=authorityEntry
[log] [coop:v2-authority] receipt rev=134 op=TURN/e1828413413364172/w23/t1 stage=admitted sender=1 generation=0 duplicate highestStage=0
[log] [coop:transport] send host t=authorityEntry t=authorityEntry
[log] [coop:v2-authority] receipt rev=134 op=TURN/e1828413413364172/w23/t1 stage=admitted sender=1 generation=0 duplicate highestStage=0
[log] [coop:v2-authority] receipt rev=134 op=TURN/e1828413413364172/w23/t1 stage=admitted sender=1 generation=0 duplicate highestStage=0
[log] [coop:v2-authority] receipt rev=134 op=TURN/e1828413413364172/w23/t1 stage=materialApplied sender=1 generation=0 advanced retired=false waiting=[1] subsumed=[]
[log] %cStart Phase: TurnInitPhase color:green
[log] [coop:transport] recv host t=rendezvous point=cmd:23:2 handlers=1
[log] [coop:rendezvous] RECV arrival point=cmd:23:2 -> BUFFER (no waiter yet) role=host
[log] [coop:rendezvous] ARRIVE point=cmd:23:2 (send) role=host
[log] [coop:transport] send host t=rendezvous point=cmd:23:2
[log] [coop:rendezvous] next-command barrier cmd:23:2 SYNC pass (partner already arrived)
[log] [coop:transport] recv guest t=rendezvous point=cmd:23:2 handlers=1
[log] [coop:stream] host IGNORE cosmetic turn ACK stage=continuationReady key=1828413413364172:23:1:475 (v2 owns retirement)
[log] [coop:v2-authority] receipt rev=134 op=TURN/e1828413413364172/w23/t1 stage=materialApplied sender=1 generation=0 duplicate highestStage=1
[log] [coop:v2-authority] receipt rev=134 op=TURN/e1828413413364172/w23/t1 stage=controlInstalled sender=1 generation=0 advanced retired=true waiting=[] subsumed=[]
[log] %cStart Phase: SelectTargetPhase color:green
[log] [coop:owner] broadcast own-slot fi=0 turn=2 role=host cmd=0
[log] [coop:relay] broadcastLocalCommand SEND fieldIndex=0 owner=host turn=2 command=0 cursor=3 moveId=85 targets=[2]
[log] [coop:transport] send host t=command fi=0 owner=host turn=2 cmd=0 cursor=3 move=85
[log] [coop:transport] recv guest t=command fi=0 owner=host turn=2 cmd=0 cursor=3 move=85 handlers=1
[log] [coop:relay] recv command fieldIndex=0 turn=2 command=0 -> BUFFERED (no awaiter yet)
[log] %cStart Phase: CommandPhase color:green
[log] [coop:battle] CommandPhase slot=1 turn=2 owner=guest role=host -> partner path
[log] [coop:relay] host requestPartnerCommand SEND fieldIndex=1 turn=2 moveSlots=[0,1,2,3] (awaiting peer)
[log] [coop:transport] send host t=commandRequest fi=1 owner=guest turn=2 slots=4
[log] [coop:transport] recv guest t=commandRequest fi=1 owner=guest turn=2 slots=4 handlers=1
[log] [coop:relay] peer recv commandRequest fieldIndex=1 owner=guest turn=2 moveSlots=[0,1,2,3] -> reply command=0 cursor=1 moveId=247
[log] [coop:transport] send guest t=command fi=1 owner=guest turn=2 cmd=0 cursor=1 move=247
[log] [coop:transport] recv host t=command fi=1 owner=guest turn=2 cmd=0 cursor=1 move=247 handlers=1
[log] [coop:relay] recv command fieldIndex=1 turn=2 command=0 -> resolved awaiting request
[log] [coop:ai] applyWiredPartnerCommand partner=384 wiredMoveId=247 cursor=1 -> moveId=247 moveIndex=1 tera=false targets=[3] targetsFrom=wire-verbatim useMode=1
[log] %cStart Phase: EnemyCommandPhase color:green
[log] %cStart Phase: EnemyCommandPhase color:green
[log] %cStart Phase: TurnStartPhase color:green
[log] [coop-diag] turn-start authoritative guard mode=authoritative role=host turn=2 diverts=false
[log] [coop:turn] host recorder: begin turn=2 scope=1828413413364172:23 (no prior open recording)
[log] %cStart Phase: MovePhase color:green
[log] [coop:turn] host recorder: append turn=2 seq=0 k=moveUsed total=1 live=true
[log] %cStart Phase: MessagePhase color:green
[log] %cStart Phase: MoveEffectPhase color:green
[log] [coop:turn] host recorder: append turn=2 seq=1 k=moveAnim total=2 live=true
[log] [coop:turn] host recorder: append turn=2 seq=2 k=hp total=3 live=true
[log] [coop:turn] host recorder: append turn=2 seq=3 k=faint total=4 live=true
[log] %cStart Phase: DamageAnimPhase color:green
[log] %cStart Phase: FaintPhase color:green
[log] %cStart Phase: MessagePhase color:green
[log] %cStart Phase: VictoryPhase color:green
[log] [coop:progression] HOST progression capture begin wave=23
[log] [coop:progression] HOST applyPartyExp COMPUTE wave=23 expValue=127 koMon=Tarountula
[log] %cStart Phase: MoveEndPhase color:green
[log] %cStart Phase: MovePhase color:green
[log] [coop:turn] host recorder: append turn=2 seq=4 k=moveUsed total=5 live=true
[log] %cStart Phase: MessagePhase color:green
[log] %cStart Phase: MoveEffectPhase color:green
[log] [coop:turn] host recorder: append turn=2 seq=5 k=moveAnim total=6 live=true
[log] [coop:turn] host recorder: append turn=2 seq=6 k=hp total=7 live=true
[log] [coop:turn] host recorder: append turn=2 seq=7 k=faint total=8 live=true
[log] %cStart Phase: DamageAnimPhase color:green
[log] %cStart Phase: FaintPhase color:green
[log] %cStart Phase: MessagePhase color:green
[log] %cStart Phase: VictoryPhase color:green
[log] [coop:progression] HOST applyPartyExp COMPUTE wave=23 expValue=595 koMon=Butterfree
[log] [coop:runtime] defer raw waveResolved wave=23 outcome=win until its material turnResolution is retained
[log] [coop-diag] VictoryPhase win-branch role=host battleType=WILD queuesTrainerVictory=false queuesSelectModifier=true wave=23
[log] [coop-diag] VictoryTail role=host wave=23 source=legacy-local trainer=false egg=true biomeShop=false biomeChange=false crossroads=false nextWave=24
[log] %cStart Phase: MoveEndPhase color:green
[log] %cStart Phase: MovePhase color:green
[log] %cStart Phase: MoveEndPhase color:green
[log] %cStart Phase: MovePhase color:green
[log] %cStart Phase: MoveEndPhase color:green
[log] %cStart Phase: CheckInterludePhase color:green
[log] %cStart Phase: WeatherEffectPhase color:green
[log] %cStart Phase: PositionalTagPhase color:green
[log] %cStart Phase: BerryPhase color:green
[log] %cStart Phase: CheckStatusEffectPhase color:green
[log] %cStart Phase: TurnEndPhase color:green
[log] %cStart Phase: CoopTurnCommitPhase color:green
[log] [coop:turn] host recorder: finalize turn=2 events=8 seq=8
[log] [coop:checkpoint] build field=4 weather=2/0 terrain=4/3 arenaTags=1 money=1320 mons=[bi0:sp493/hp1865-1865/st0/fnt0 bi1:sp384/hp1713-1715/st0/fnt0 bi2:sp12/hp0-52/st7/fnt1 bi3:sp917/hp0-40/st7/fnt1]
[log] [coop:checkpoint] host capture field=4 weather=2 terrain=4 money=1320 arenaTags=1 mons=[bi0:sp493/hp1865-1865/st0/fnt0 bi1:sp384/hp1713-1715/st0/fnt0 bi2:sp12/hp0-52/st7/fnt1 bi3:sp917/hp0-40/st7/fnt1]
[log] [coop:interaction] interactionCounter() read -> 26 (role=host)
[log] [coop:replay] host SEND turnResolution e=1828413413364172 wave=23 turn=2 rev=484 events=8 checksum=d6ad1269c3a5dcc7
[log] [coop:transport] send host t=authorityEntry t=authorityEntry
[log] [coop:v2-shadow] PARITY kind=TURN_COMMIT rev=135 match=true field=- successor=none-non-command-boundary
[log] [coop:transport] send host t=turnResolution e=1828413413364172 wave=23 turn=2 rev=484 events=8 checksum=d6ad1269c3a5dcc7
[log] [coop:runtime] send waveResolved wave=23 outcome=win (host)
[log] [coop:replay] host SEND waveResolved wave=23 outcome=win transition=WAVE_VICTORY/next24/biome0/egg1/wild
[log] [coop:transport] send host t=waveResolved wave=23 outcome=win captureParty=- cap=-
[log] [coop:transport] recv guest t=authorityEntry t=authorityEntry handlers=1
[log] [coop:transport] recv guest t=turnResolution e=1828413413364172 wave=23 turn=2 rev=484 events=8 checksum=d6ad1269c3a5dcc7 handlers=1
[log] [coop:transport] recv guest t=waveResolved wave=23 outcome=win captureParty=- cap=- handlers=1
[log] [38;2;255;127;80mPhaseInterceptor.to: Stopping on completion of CoopTurnCommitPhase[39m
[log] %cStart Phase: BattleEndPhase color:green
[log] [coop:progression] HOST automatic victory settlement deferred wave=23 sourceTurn=2 settlementTurn=3
[log] [coop:v2-authority] receipt rev=135 op=TURN/e1828413413364172/w23/t2 stage=admitted sender=1 generation=0 advanced retired=false waiting=[1] subsumed=[]
[log] [coop:transport] send host t=authorityEntry t=authorityEntry
[log] [coop:v2-authority] receipt rev=135 op=TURN/e1828413413364172/w23/t2 stage=admitted sender=1 generation=0 duplicate highestStage=0
[log] [coop:v2-authority] receipt rev=135 op=TURN/e1828413413364172/w23/t2 stage=admitted sender=1 generation=0 duplicate highestStage=0
[log] [coop:v2-authority] receipt rev=135 op=TURN/e1828413413364172/w23/t2 stage=materialApplied sender=1 generation=0 advanced retired=false waiting=[1] subsumed=[]
[log] [coop:v2-authority] receipt rev=135 op=TURN/e1828413413364172/w23/t2 stage=controlInstalled sender=1 generation=0 advanced retired=true waiting=[] subsumed=[]
[log] [coop:interaction] interactionCounter() read -> 26 (role=host)
[log] %cStart Phase: EggLapsePhase color:green
[log] %cStart Phase: CoopVictorySealPhase color:green
[log] [coop:transport] send host t=authorityEntry t=authorityEntry
[log] [coop:v2-shadow] PARITY kind=WAVE_ADVANCE rev=136 match=true field=-
[log] [coop:runtime] settled WAVE_ADVANCE committed wave=23 tick=485 next=WAVE_VICTORY/wave24
[log] [coop:runtime] send waveEndState wave=23 tick=485 (host)
[log] [coop:replay] host SEND waveEndState wave=23 tick=485 party=6
[log] [coop:transport] send host t=waveEndState t=waveEndState
[log] [coop:progression] HOST automatic victory settlement sealed wave=23 sourceTurn=2 settlementTurn=3 tick=485
[log] [coop:transport] recv guest t=authorityEntry t=authorityEntry handlers=1
[log] [coop:transport] recv guest t=waveEndState t=waveEndState handlers=1
[log] [coop:interaction] interactionCounter() read -> 26 (role=host)
[log] [coop:owner] ownerOf(counter=26) seat=0 -> owner=host
[log] [coop:owner] isLocalOwnerAtCounter(pinnedCounter=26) parity=0 owner=host role=host -> true
[log] [coop:interaction] interactionCounter() read -> 26 (role=host)
[log] [coop:reward] owner/watcher decision: pinnedStart=26 liveCounter=26 parity=0 role=host pick=OWNER option=ROLL spoof=false
[log] [coop:shop] serializeRewardOptions count=3 ids=[POKEBALL,TM_CASE,BERRY] tiers=[0,0,0]
[log] [coop:reward] OWNER streams reward options (start=26 reroll=0 count=3 ids=[POKEBALL,TM_CASE,BERRY])
[log] [coop:relay] SEND rewardOptions seq=26 reroll=0 count=3 ids=[POKEBALL,TM_CASE,BERRY]
[log] [coop:transport] send host t=authorityEntry t=authorityEntry
[log] [coop:v2-shadow] PARITY kind=INTERACTION_COMMIT rev=137 match=true field=-
[log] [coop:reward] authoritative options retained surface=reward pin=26 reroll=0 count=3 rev=53 id=1828413413364172:0:REWARD_PRESENT:2600000
[log] [coop:v2-interaction] suppressed raw rewardOptions key=26:0; immutable entry retained
[log] [coop:rendezvous] ARRIVE point=shop:23:26 (send) role=host
[log] [coop:transport] send host t=rendezvous point=shop:23:26
[log] [coop:reward] OWNER drives reward screen (start=26 role=host spoof=false adoptsOptions=false wave=23)
[log] [coop:rendezvous] shop-pick-commit barrier AWAIT shop:23:26
[log] [coop:rendezvous] AWAIT point=shop:23:26 timeoutMs=2000 -> network-wait role=host
[log] [coop:transport] recv guest t=authorityEntry t=authorityEntry handlers=1
[log] [coop:transport] recv guest t=rendezvous point=shop:23:26 handlers=1
[log] [coop:interaction] interactionCounter() read -> 26 (role=host)
[log] [coop:checksum] capture digest=d6ad1269c3a5dcc7 field=4 biome=5 seed=coop-soak-20365530 weather=2 terrain=4 money=1320 party=[493,384,890,150,382,888] partyLevels=[500,500,500,500,500,500] arenaTags=1 modifiers=5 heldItemsDigest=0 pokeballs=[0:40,1:10,2:0,3:0,4:0] mons=[bi0:sp493/hp1865-1865/st0/ab121/form0/tera0:0/boss0:0 bi1:sp384/hp1713-1715/st0/ab263/form0/tera0:15/boss0:0 bi2:sp12/hp0-52/st7/ab19/form0/tera0:13/boss0:0 bi3:sp917/hp0-40/st7/ab5077/form0/tera0:6/boss0:0]
[log] [coop:rendezvous] RECV arrival point=shop:23:26 -> deliver-to-waiter role=host
[log] [coop:transport] send host t=rendezvous point=shop:23:26
[log] [coop:rendezvous] AWAIT point=shop:23:26 RESOLVE both-arrived role=host
[log] [coop:stream] host IGNORE cosmetic turn ACK stage=continuationReady key=1828413413364172:23:2:484 (v2 owns retirement)
[log] [coop:v2-authority] receipt rev=136 op=V2/WAVE/e1828413413364172/w23/tick485 stage=admitted sender=1 generation=0 advanced retired=false waiting=[1] subsumed=[]
[log] [coop:transport] send host t=authorityEntry t=authorityEntry
[log] [coop:transport] send host t=authorityEntry t=authorityEntry
[log] [coop:v2-authority] receipt rev=136 op=V2/WAVE/e1828413413364172/w23/tick485 stage=admitted sender=1 generation=0 duplicate highestStage=0
[log] [coop:v2-authority] receipt rev=136 op=V2/WAVE/e1828413413364172/w23/tick485 stage=materialApplied sender=1 generation=0 advanced retired=false waiting=[1] subsumed=[]
[log] [coop:transport] send host t=authorityEntry t=authorityEntry
[log] [coop:v2-authority] receipt rev=136 op=V2/WAVE/e1828413413364172/w23/tick485 stage=controlInstalled sender=1 generation=0 advanced retired=true waiting=[] subsumed=[]
[log] [coop:v2-authority] receipt rev=137 op=1828413413364172:0:REWARD_PRESENT:2600000 stage=admitted sender=1 generation=0 advanced retired=false waiting=[1] subsumed=[]
[log] [coop:v2-authority] receipt rev=137 op=1828413413364172:0:REWARD_PRESENT:2600000 stage=materialApplied sender=1 generation=0 advanced retired=false waiting=[1] subsumed=[]
[log] [coop:v2-authority] receipt rev=137 op=1828413413364172:0:REWARD_PRESENT:2600000 stage=materialApplied sender=1 generation=0 duplicate highestStage=1
[log] [coop:v2-authority] receipt rev=137 op=1828413413364172:0:REWARD_PRESENT:2600000 stage=controlInstalled sender=1 generation=0 advanced retired=true waiting=[] subsumed=[]
[log] [coop:transport] recv guest t=rendezvous point=shop:23:26 handlers=1
[log] [coop:transport] recv guest t=authorityEntry t=authorityEntry handlers=1
[log] [coop:transport] recv guest t=authorityEntry t=authorityEntry handlers=1
[log] [coop:transport] recv guest t=authorityEntry t=authorityEntry handlers=1
[log] [coop:interaction] mirror begin role=owner mirrorSeq=1664 interactionStart=26 reroll=0
[log] [coop:interaction] uiMirror beginSession role=owner mode=6 seq=1664 early=0
[log] [coop:owner] ownerOf(counter=26) seat=0 -> owner=host
[log] [coop:owner] isLocalOwnerAtCounter(pinnedCounter=26) parity=0 owner=host role=host -> true
[log] [coop:owner] ownerOf(counter=26) seat=0 -> owner=host
[log] [coop:owner] isLocalOwnerAtCounter(pinnedCounter=26) parity=0 owner=host role=host -> true
[log] [coop:relay] OWNER prepare seq=26 kind=reward choice=0 data=[0] role=host
[log] [coop:reward] reward op INTENT prepared label=reward id=1828413413364172:0:REWARD:2600000
[log] [coop:relay] OWNER send raw seq=26 kind=reward choice=0 role=host
[log] [coop:relay] SEND interactionChoice seq=26 kind=reward kind=? choice=0 data=[0]
[log] [coop:v2-interaction] suppressed raw authority interactionChoice seq=26 kind=reward
[log] [coop:reward] APPLY_RESULT pin=26 side=owner type=POKEBALL class=AddPokeballModifier pregen=[] holderSlot=-1 holderId=-1 stack=-1 accepted=true cost=-1
[log] [coop:v2-interaction] terminal proof recorded op=1828413413364172:0:REWARD:2600000 role=host seat=0 duplicate=0 ambient=1
[log] [coop:v2-interaction] phase terminal proof op=1828413413364172:0:REWARD:2600000 route=constructor-fallback accepted=1
[log] [coop:shop] serializeRewardOptions count=3 ids=[POKEBALL,TM_CASE,BERRY] tiers=[0,0,0]
[log] [coop:transport] send host t=authorityEntry t=authorityEntry
[log] [coop:v2-shadow] PARITY kind=INTERACTION_COMMIT rev=138 match=true field=-
[log] [coop:reward] reward authoritative RESULT retained rev=54 tick=487 id=1828413413364172:0:REWARD:2600000
[log] [coop:interaction] interactionCounter() read -> 26 (role=host)
[log] [coop:interaction] CoopInteractionTurn.advance INCREMENT (fromCounter=26) counter 26 -> 27
[log] [coop:interaction] advanceInteraction ADVANCED+V2-LOCAL (fromCounter=26) counter 26 -> 27 role=host
[log] [coop:owner] ownerOf(counter=27) seat=1 -> owner=guest
[log] [coop:owner] ownerOf(counter=27) seat=1 -> owner=guest
[log] [coop:interaction] interactionCounter() read -> 27 (role=host)
[log] [coop:reward] advance interaction from V2 commit (role=host from=26 counter 26 -> 27); typed successor owns release
[log] [coop:transport] recv guest t=authorityEntry t=authorityEntry handlers=1
[log] [coop:v2-authority] receipt rev=136 op=V2/WAVE/e1828413413364172/w23/tick485 stage=controlInstalled sender=1 generation=0 rejected reason=unknown-revision
[log] [coop:v2-authority] receipt rev=137 op=1828413413364172:0:REWARD_PRESENT:2600000 stage=controlInstalled sender=1 generation=0 rejected reason=unknown-revision
[log] [coop:v2-authority] receipt rev=137 op=1828413413364172:0:REWARD_PRESENT:2600000 stage=controlInstalled sender=1 generation=0 rejected reason=unknown-revision
[log] [coop:v2-authority] receipt rev=138 op=1828413413364172:0:REWARD:2600000 stage=admitted sender=1 generation=0 advanced retired=false waiting=[1] subsumed=[]
[log] [coop:v2-authority] receipt rev=138 op=1828413413364172:0:REWARD:2600000 stage=admitted sender=1 generation=0 duplicate highestStage=0
[log] [coop:v2-authority] receipt rev=138 op=1828413413364172:0:REWARD:2600000 stage=materialApplied sender=1 generation=0 advanced retired=false waiting=[1] subsumed=[]
[log] [coop:v2-authority] receipt rev=138 op=1828413413364172:0:REWARD:2600000 stage=controlInstalled sender=1 generation=0 advanced retired=true waiting=[] subsumed=[]
[log] [coop:interaction] interactionCounter() read -> 27 (role=host)
[log] [coop:interaction] interactionCounter() read -> 27 (role=guest)
[log] [coop-soak:wave-complete] {"seed":20365530,"wave":23,"wavesRequested":200,"wavesCompleted":23,"waveElapsedMs":5145,"elapsedMs":110351,"findings":0,"hostPhase":"NewBattlePhase","guestPhase":"NewBattlePhase"}
[log] %cStart Phase: NewBattlePhase color:green
[log] %cStart Phase: NextEncounterPhase color:green
[log] [coop:interaction] interactionCounter() read -> 27 (role=host)
[log] [coop:replay] host SEND enemyPartySync wave=24 count=2 meType=-1 battleType=0 entryPresentation=-
[log] [coop:transport] send host t=enemyPartySync wave=24 enemies=2 battleType=0
[log] [coop:turn] host recorder: begin turn=1 scope=1828413413364172:24 (no prior open recording)
[log] [coop:transport] recv guest t=enemyPartySync wave=24 enemies=2 battleType=0 handlers=1
[log] %cStart Phase: ToggleDoublePositionPhase color:green
[log] %cStart Phase: CheckSwitchPhase color:green
[log] %cStart Phase: CheckSwitchPhase color:green
[log] %cStart Phase: InitEncounterPhase color:green
[log] [coop:turn] host recorder: preserve recording scope=1828413413364172:24 turn=1 events=0 seq=0
[log] %cStart Phase: PostSummonPhase color:green
[log] %cStart Phase: PostSummonPhase color:green
[log] %cStart Phase: ShowAbilityPhase color:green
[log] [coop:turn] host recorder: append turn=1 seq=0 k=showAbility total=1 live=true
[log] %cStart Phase: StatStageChangePhase color:green
[log] [coop:turn] host recorder: append turn=1 seq=1 k=message total=2 live=true
[log] [coop:turn] host recorder: append turn=1 seq=2 k=statStage total=3 live=true
[log] %cStart Phase: MessagePhase color:green
[log] %cStart Phase: HideAbilityPhase color:green
[log] [coop:turn] host recorder: append turn=1 seq=3 k=hideAbility total=4 live=true
[log] %cStart Phase: PostSummonPhase color:green
[log] %cStart Phase: TurnInitPhase color:green
[log] [coop:replay] host SEND enemyPartySync wave=24 count=2 meType=-1 battleType=0 entryPresentation=4
[log] [coop:transport] send host t=enemyPartySync wave=24 enemies=2 battleType=0
[log] [coop:replay] host RE-BROADCAST wave-start authority wave=24 after post-summon boundary stateChanged=true presentation=4 (#920)
[log] [coop:transport] send host t=authorityEntry t=authorityEntry
[log] [coop:v2-shadow] PARITY kind=CONTROL_COMMIT rev=139 match=true field=-
[log] [coop:rendezvous] next-command barrier ARRIVE+AWAIT cmd:24:1 slot=0
[log] [coop:rendezvous] ARRIVE point=cmd:24:1 (send) role=host
[log] [coop:transport] send host t=rendezvous point=cmd:24:1
[log] [coop:rendezvous] AWAIT point=cmd:24:1 timeoutMs=2000 -> network-wait role=host
[log] [coop:transport] recv guest t=enemyPartySync wave=24 enemies=2 battleType=0 handlers=1
[log] [coop:transport] recv guest t=authorityEntry t=authorityEntry handlers=1
[log] [coop:transport] recv guest t=rendezvous point=cmd:24:1 handlers=1
[log] [coop:v2-authority] receipt rev=139 op=V2/CONTROL/COMMAND/e1828413413364172/w24/t1/tick491 stage=admitted sender=1 generation=0 advanced retired=false waiting=[1] subsumed=[]
[log] [coop:transport] send host t=authorityEntry t=authorityEntry
[log] [coop:rendezvous] RECV arrival point=cmd:24:1 -> deliver-to-waiter role=host
[log] [coop:transport] send host t=rendezvous point=cmd:24:1
[log] [coop:rendezvous] AWAIT point=cmd:24:1 RESOLVE both-arrived role=host
[log] [coop:v2-authority] receipt rev=139 op=V2/CONTROL/COMMAND/e1828413413364172/w24/t1/tick491 stage=admitted sender=1 generation=0 duplicate highestStage=0
[log] [coop:v2-authority] receipt rev=139 op=V2/CONTROL/COMMAND/e1828413413364172/w24/t1/tick491 stage=materialApplied sender=1 generation=0 advanced retired=false waiting=[1] subsumed=[]
[log] [coop:v2-authority] receipt rev=139 op=V2/CONTROL/COMMAND/e1828413413364172/w24/t1/tick491 stage=materialApplied sender=1 generation=0 duplicate highestStage=1
[log] [coop:v2-authority] receipt rev=139 op=V2/CONTROL/COMMAND/e1828413413364172/w24/t1/tick491 stage=materialApplied sender=1 generation=0 duplicate highestStage=1
[log] [coop:v2-authority] receipt rev=139 op=V2/CONTROL/COMMAND/e1828413413364172/w24/t1/tick491 stage=materialApplied sender=1 generation=0 duplicate highestStage=1
[log] [coop:v2-authority] receipt rev=139 op=V2/CONTROL/COMMAND/e1828413413364172/w24/t1/tick491 stage=controlInstalled sender=1 generation=0 advanced retired=true waiting=[] subsumed=[]
[log] [coop:transport] recv guest t=rendezvous point=cmd:24:1 handlers=1
[log] [coop:transport] send host t=enemyPartySync wave=24 enemies=2 battleType=0
[log] [coop:replay] host RE-BROADCAST wave-start authority wave=24 after post-summon boundary stateChanged=false presentation=4 (#920)
[log] [coop:transport] recv guest t=enemyPartySync wave=24 enemies=2 battleType=0 handlers=1
[log] [coop-soak:wave-start] {"seed":20365530,"wave":24,"wavesRequested":200,"wavesCompleted":23,"elapsedMs":111333,"hostPhase":"CommandPhase","guestPhase":"CommandPhase"}
[log] [coop:interaction] interactionCounter() read -> 27 (role=host)
[log] [coop:interaction] interactionCounter() read -> 27 (role=guest)
[log] [coop:interaction] interactionCounter() read -> 27 (role=host)
[log] [coop:checksum] capture digest=d26b769a938a52b5 field=4 biome=5 seed=coop-soak-20365530 weather=2 terrain=4 money=1320 party=[493,384,890,150,382,888] partyLevels=[500,500,500,500,500,500] arenaTags=1 modifiers=5 heldItemsDigest=1 pokeballs=[0:45,1:10,2:0,3:0,4:0] mons=[bi0:sp493/hp1865-1865/st0/ab121/form0/tera0:0/boss0:0 bi1:sp384/hp1713-1715/st0/ab263/form0/tera0:15/boss0:0 bi2:sp267/hp51-51/st0/ab5108/form0/tera0:6/boss0:0 bi3:sp69/hp53-53/st0/ab94/form0/tera0:11/boss0:0]
[log] [coop:interaction] interactionCounter() read -> 27 (role=host)
[log] %cStart Phase: SelectTargetPhase color:green
[log] [coop:owner] broadcast own-slot fi=0 turn=1 role=host cmd=0
[log] [coop:relay] broadcastLocalCommand SEND fieldIndex=0 owner=host turn=1 command=0 cursor=0 moveId=34 targets=[2]
[log] [coop:transport] send host t=command fi=0 owner=host turn=1 cmd=0 cursor=0 move=34
[log] [coop:transport] recv guest t=command fi=0 owner=host turn=1 cmd=0 cursor=0 move=34 handlers=1
[log] [coop:relay] recv command fieldIndex=0 turn=1 command=0 -> BUFFERED (no awaiter yet)
[log] %cStart Phase: CommandPhase color:green
[log] [coop:transport] send host t=enemyPartySync wave=24 enemies=2 battleType=0
[log] [coop:replay] host RE-BROADCAST wave-start authority wave=24 after post-summon boundary stateChanged=true presentation=4 (#920)
[log] [coop:battle] CommandPhase slot=1 turn=1 owner=guest role=host -> partner path
[log] [coop:relay] host requestPartnerCommand SEND fieldIndex=1 turn=1 moveSlots=[0,1,2,3] (awaiting peer)
[log] [coop:transport] send host t=commandRequest fi=1 owner=guest turn=1 slots=4
[log] [coop:transport] recv guest t=enemyPartySync wave=24 enemies=2 battleType=0 handlers=1
[log] [coop:transport] recv guest t=commandRequest fi=1 owner=guest turn=1 slots=4 handlers=1
[log] [coop:relay] peer recv commandRequest fieldIndex=1 owner=guest turn=1 moveSlots=[0,1,2,3] -> reply command=0 cursor=2 moveId=53
[log] [coop:transport] send guest t=command fi=1 owner=guest turn=1 cmd=0 cursor=2 move=53
[log] [coop:transport] recv host t=command fi=1 owner=guest turn=1 cmd=0 cursor=2 move=53 handlers=1
[log] [coop:relay] recv command fieldIndex=1 turn=1 command=0 -> resolved awaiting request
[log] [coop:ai] applyWiredPartnerCommand partner=384 wiredMoveId=53 cursor=2 -> moveId=53 moveIndex=2 tera=false targets=[3] targetsFrom=wire-verbatim useMode=1
[log] %cStart Phase: EnemyCommandPhase color:green
[log] %cStart Phase: EnemyCommandPhase color:green
[log] %cStart Phase: TurnStartPhase color:green
[log] [coop-diag] turn-start authoritative guard mode=authoritative role=host turn=1 diverts=false
[log] [coop:turn] host recorder: preserve recording scope=1828413413364172:24 turn=1 events=5 seq=5
[log] %cStart Phase: MovePhase color:green
[log] [coop:turn] host recorder: append turn=1 seq=5 k=moveUsed total=6 live=true
[log] %cStart Phase: MessagePhase color:green
[log] %cStart Phase: MoveEffectPhase color:green
[log] [coop:turn] host recorder: append turn=1 seq=6 k=moveAnim total=7 live=true
[log] [coop:turn] host recorder: append turn=1 seq=7 k=hp total=8 live=true
[log] [coop:turn] host recorder: append turn=1 seq=8 k=faint total=9 live=true
[log] [coop:turn] host recorder: append turn=1 seq=9 k=message total=10 live=true
[log] %cStart Phase: DamageAnimPhase color:green
[log] %cStart Phase: MessagePhase color:green
[log] %cStart Phase: FaintPhase color:green
[log] %cStart Phase: MessagePhase color:green
[log] %cStart Phase: VictoryPhase color:green
[log] [coop:progression] HOST progression capture begin wave=24
[log] [coop:progression] HOST applyPartyExp COMPUTE wave=24 expValue=193 koMon=Bellsprout
[log] %cStart Phase: MoveEndPhase color:green
[log] %cStart Phase: MovePhase color:green
[log] [coop:turn] host recorder: append turn=1 seq=10 k=moveUsed total=11 live=true
[log] %cStart Phase: MessagePhase color:green
[log] %cStart Phase: MoveEffectPhase color:green
[log] [coop:turn] host recorder: append turn=1 seq=11 k=moveAnim total=12 live=true
[log] [coop:turn] host recorder: append turn=1 seq=12 k=hp total=13 live=true
[log] [coop:turn] host recorder: append turn=1 seq=13 k=faint total=14 live=true
[log] %cStart Phase: DamageAnimPhase color:green
[log] %cStart Phase: FaintPhase color:green
[log] %cStart Phase: MessagePhase color:green
[log] %cStart Phase: VictoryPhase color:green
[log] [coop:progression] HOST applyPartyExp COMPUTE wave=24 expValue=634.6 koMon=Beautifly
[log] [coop:runtime] defer raw waveResolved wave=24 outcome=win until its material turnResolution is retained
[log] [coop-diag] VictoryPhase win-branch role=host battleType=WILD queuesTrainerVictory=false queuesSelectModifier=true wave=24
[log] [coop-diag] VictoryTail role=host wave=24 source=legacy-local trainer=false egg=true biomeShop=false biomeChange=false crossroads=false nextWave=25
[log] %cStart Phase: MoveEndPhase color:green
[log] %cStart Phase: MovePhase color:green
[log] %cStart Phase: MoveEndPhase color:green
[log] %cStart Phase: MovePhase color:green
[log] %cStart Phase: MoveEndPhase color:green
[log] %cStart Phase: CheckInterludePhase color:green
[log] %cStart Phase: WeatherEffectPhase color:green
[log] %cStart Phase: PositionalTagPhase color:green
[log] %cStart Phase: BerryPhase color:green
[log] %cStart Phase: CheckStatusEffectPhase color:green
[log] %cStart Phase: TurnEndPhase color:green
[log] %cStart Phase: CoopTurnCommitPhase color:green
[log] [coop:turn] host recorder: finalize turn=1 events=14 seq=14
[log] [coop:checkpoint] build field=4 weather=2/0 terrain=4/2 arenaTags=1 money=1320 mons=[bi0:sp493/hp1865-1865/st0/fnt0 bi1:sp384/hp1713-1715/st0/fnt0 bi2:sp267/hp0-51/st7/fnt1 bi3:sp69/hp0-53/st7/fnt1]
[log] [coop:checkpoint] host capture field=4 weather=2 terrain=4 money=1320 arenaTags=1 mons=[bi0:sp493/hp1865-1865/st0/fnt0 bi1:sp384/hp1713-1715/st0/fnt0 bi2:sp267/hp0-51/st7/fnt1 bi3:sp69/hp0-53/st7/fnt1]
[log] [coop:interaction] interactionCounter() read -> 27 (role=host)
[log] [coop:replay] host SEND turnResolution e=1828413413364172 wave=24 turn=1 rev=500 events=14 checksum=40079523a02ba317
[log] [coop:transport] send host t=authorityEntry t=authorityEntry
[log] [coop:v2-shadow] PARITY kind=TURN_COMMIT rev=140 match=true field=- successor=none-non-command-boundary
[log] [coop:transport] send host t=turnResolution e=1828413413364172 wave=24 turn=1 rev=500 events=14 checksum=40079523a02ba317
[log] [coop:runtime] send waveResolved wave=24 outcome=win (host)
[log] [coop:replay] host SEND waveResolved wave=24 outcome=win transition=WAVE_VICTORY/next25/biome0/egg1/wild
[log] [coop:transport] send host t=waveResolved wave=24 outcome=win captureParty=- cap=-
[log] [coop:transport] recv guest t=authorityEntry t=authorityEntry handlers=1
[log] [coop:transport] recv guest t=turnResolution e=1828413413364172 wave=24 turn=1 rev=500 events=14 checksum=40079523a02ba317 handlers=1
[log] [coop:transport] recv guest t=waveResolved wave=24 outcome=win captureParty=- cap=- handlers=1
[log] [38;2;255;127;80mPhaseInterceptor.to: Stopping on completion of CoopTurnCommitPhase[39m
[log] %cStart Phase: BattleEndPhase color:green
[log] [coop:progression] HOST automatic victory settlement deferred wave=24 sourceTurn=1 settlementTurn=2
[log] [coop:v2-authority] receipt rev=140 op=TURN/e1828413413364172/w24/t1 stage=admitted sender=1 generation=0 advanced retired=false waiting=[1] subsumed=[]
[log] [coop:transport] send host t=authorityEntry t=authorityEntry
[log] [coop:v2-authority] receipt rev=140 op=TURN/e1828413413364172/w24/t1 stage=admitted sender=1 generation=0 duplicate highestStage=0
[log] [coop:v2-authority] receipt rev=140 op=TURN/e1828413413364172/w24/t1 stage=admitted sender=1 generation=0 duplicate highestStage=0
[log] [coop:v2-authority] receipt rev=140 op=TURN/e1828413413364172/w24/t1 stage=materialApplied sender=1 generation=0 advanced retired=false waiting=[1] subsumed=[]
[log] [coop:v2-authority] receipt rev=140 op=TURN/e1828413413364172/w24/t1 stage=controlInstalled sender=1 generation=0 advanced retired=true waiting=[] subsumed=[]
[log] [coop:interaction] interactionCounter() read -> 27 (role=host)
[log] %cStart Phase: EggLapsePhase color:green
[log] %cStart Phase: CoopVictorySealPhase color:green
[log] [coop:transport] send host t=authorityEntry t=authorityEntry
[log] [coop:v2-shadow] PARITY kind=WAVE_ADVANCE rev=141 match=true field=-
[log] [coop:runtime] settled WAVE_ADVANCE committed wave=24 tick=501 next=WAVE_VICTORY/wave25
[log] [coop:runtime] send waveEndState wave=24 tick=501 (host)
[log] [coop:replay] host SEND waveEndState wave=24 tick=501 party=6
[log] [coop:transport] send host t=waveEndState t=waveEndState
[log] [coop:progression] HOST automatic victory settlement sealed wave=24 sourceTurn=1 settlementTurn=2 tick=501
[log] [coop:transport] recv guest t=authorityEntry t=authorityEntry handlers=1
[log] [coop:transport] recv guest t=waveEndState t=waveEndState handlers=1
[log] [coop:interaction] interactionCounter() read -> 27 (role=host)
[log] [coop:owner] ownerOf(counter=27) seat=1 -> owner=guest
[log] [coop:owner] isLocalOwnerAtCounter(pinnedCounter=27) parity=1 owner=guest role=host -> false
[log] [coop:interaction] interactionCounter() read -> 27 (role=host)
[log] [coop:reward] owner/watcher decision: pinnedStart=27 liveCounter=27 parity=1 role=host pick=WATCHER option=ROLL spoof=false
[log] [coop:shop] serializeRewardOptions count=3 ids=[GREAT_BALL,DIRE_HIT,GREAT_BALL] tiers=[1,1,1]
[log] [coop:reward] OWNER streams reward options (start=27 reroll=0 count=3 ids=[GREAT_BALL,DIRE_HIT,GREAT_BALL])
[log] [coop:relay] SEND rewardOptions seq=27 reroll=0 count=3 ids=[GREAT_BALL,DIRE_HIT,GREAT_BALL]
[log] [coop:transport] send host t=authorityEntry t=authorityEntry
[log] [coop:v2-shadow] PARITY kind=INTERACTION_COMMIT rev=142 match=true field=-
[log] [coop:reward] authoritative options retained surface=reward pin=27 reroll=0 count=3 rev=55 id=1828413413364172:1:REWARD_PRESENT:2700000
[log] [coop:v2-interaction] suppressed raw rewardOptions key=27:0; immutable entry retained
[log] [coop:rendezvous] ARRIVE point=shop:24:27 (send) role=host
[log] [coop:transport] send host t=rendezvous point=shop:24:27
[log] [coop:reward] WATCHER waits for partner's reward picks (start=27 role=host wave=24)
[log] [coop:transport] recv guest t=authorityEntry t=authorityEntry handlers=1
[log] [coop:transport] recv guest t=rendezvous point=shop:24:27 handlers=1
[log] [coop:interaction] mirror begin role=watcher mirrorSeq=1728 interactionStart=27 reroll=0
[log] [coop:interaction] uiMirror beginSession role=watcher mode=6 seq=1728 early=0
[log] [coop:relay] AWAIT interactionChoice seq=27 timeoutMs=1200000 expected=[reward,shop,skip,reroll,check,transfer,lock] -> network-wait
[log] [coop:interaction] interactionCounter() read -> 27 (role=host)
[log] [coop:checksum] capture digest=40079523a02ba317 field=4 biome=5 seed=coop-soak-20365530 weather=2 terrain=4 money=1320 party=[493,384,890,150,382,888] partyLevels=[500,500,500,500,500,500] arenaTags=1 modifiers=5 heldItemsDigest=0 pokeballs=[0:45,1:10,2:0,3:0,4:0] mons=[bi0:sp493/hp1865-1865/st0/ab121/form0/tera0:0/boss0:0 bi1:sp384/hp1713-1715/st0/ab263/form0/tera0:15/boss0:0 bi2:sp267/hp0-51/st7/ab5108/form0/tera0:6/boss0:0 bi3:sp69/hp0-53/st7/ab94/form0/tera0:11/boss0:0]
[log] [coop:transport] send host t=authorityEntry t=authorityEntry
[log] [coop:rendezvous] RECV arrival point=shop:24:27 -> BUFFER (no waiter yet) role=host
[log] [coop:stream] host IGNORE cosmetic turn ACK stage=continuationReady key=1828413413364172:24:1:500 (v2 owns retirement)
[log] [coop:relay] DELIVER interactionChoice seq=27 -> waiter kind=reward choice=0 data=[0]
[log] [coop:relay] AWAIT interactionChoice seq=27 RESOLVE kind=reward choice=0 data=[0]
[log] [coop:v2-authority] receipt rev=141 op=V2/WAVE/e1828413413364172/w24/tick501 stage=admitted sender=1 generation=0 advanced retired=false waiting=[1] subsumed=[]
[log] [coop:transport] send host t=authorityEntry t=authorityEntry
[log] [coop:transport] send host t=authorityEntry t=authorityEntry
[log] [coop:v2-authority] receipt rev=141 op=V2/WAVE/e1828413413364172/w24/tick501 stage=admitted sender=1 generation=0 duplicate highestStage=0
[log] [coop:v2-authority] receipt rev=141 op=V2/WAVE/e1828413413364172/w24/tick501 stage=materialApplied sender=1 generation=0 advanced retired=false waiting=[1] subsumed=[]
[log] [coop:transport] send host t=authorityEntry t=authorityEntry
[log] [coop:v2-authority] receipt rev=141 op=V2/WAVE/e1828413413364172/w24/tick501 stage=controlInstalled sender=1 generation=0 advanced retired=true waiting=[] subsumed=[]
[log] [coop:v2-authority] receipt rev=142 op=1828413413364172:1:REWARD_PRESENT:2700000 stage=admitted sender=1 generation=0 advanced retired=false waiting=[1] subsumed=[]
[log] [coop:v2-authority] receipt rev=142 op=1828413413364172:1:REWARD_PRESENT:2700000 stage=materialApplied sender=1 generation=0 advanced retired=false waiting=[1] subsumed=[]
[log] [coop:v2-authority] receipt rev=142 op=1828413413364172:1:REWARD_PRESENT:2700000 stage=materialApplied sender=1 generation=0 duplicate highestStage=1
[log] [coop:v2-authority] receipt rev=142 op=1828413413364172:1:REWARD_PRESENT:2700000 stage=controlInstalled sender=1 generation=0 advanced retired=true waiting=[] subsumed=[]
[log] [coop:v2-authority] receipt rev=141 op=V2/WAVE/e1828413413364172/w24/tick501 stage=controlInstalled sender=1 generation=0 rejected reason=unknown-revision
[log] [coop:reward] WATCHER applying relayed action seq=27 act=REWARD choice=0 data=[0]
[log] [coop:owner] ownerOf(counter=27) seat=1 -> owner=guest
[log] [coop:owner] isLocalOwnerAtCounter(pinnedCounter=27) parity=1 owner=guest role=host -> false
[log] [coop:reward] APPLY_RESULT pin=27 side=watcher type=GREAT_BALL class=AddPokeballModifier pregen=[] holderSlot=-1 holderId=-1 stack=-1 accepted=true cost=-1
[log] [coop:transport] recv guest t=authorityEntry t=authorityEntry handlers=1
[log] [coop:transport] recv guest t=authorityEntry t=authorityEntry handlers=1
[log] [coop:transport] recv guest t=authorityEntry t=authorityEntry handlers=1
[log] [coop:v2-interaction] terminal proof recorded op=1828413413364172:1:REWARD:2700000 role=host seat=0 duplicate=0 ambient=1
[log] [coop:v2-interaction] phase terminal proof op=1828413413364172:1:REWARD:2700000 route=constructor-fallback accepted=1
[log] [coop:shop] serializeRewardOptions count=3 ids=[GREAT_BALL,DIRE_HIT,GREAT_BALL] tiers=[1,1,1]
[log] [coop:transport] send host t=authorityEntry t=authorityEntry
[log] [coop:v2-shadow] PARITY kind=INTERACTION_COMMIT rev=143 match=true field=-
[log] [coop:reward] reward authoritative RESULT retained rev=56 tick=503 id=1828413413364172:1:REWARD:2700000
[log] [coop:interaction] interactionCounter() read -> 27 (role=host)
[log] [coop:interaction] CoopInteractionTurn.advance INCREMENT (fromCounter=27) counter 27 -> 28
[log] [coop:interaction] advanceInteraction ADVANCED+V2-LOCAL (fromCounter=27) counter 27 -> 28 role=host
[log] [coop:owner] ownerOf(counter=28) seat=0 -> owner=host
[log] [coop:owner] ownerOf(counter=28) seat=0 -> owner=host
[log] [coop:interaction] interactionCounter() read -> 28 (role=host)
[log] [coop:reward] advance interaction from V2 commit (role=host from=27 counter 27 -> 28); typed successor owns release
[log] [coop:transport] recv guest t=authorityEntry t=authorityEntry handlers=1
[log] [coop:interaction] interactionCounter() read -> 28 (role=host)
[log] [coop:interaction] interactionCounter() read -> 28 (role=host)
[log] [coop:v2-authority] receipt rev=141 op=V2/WAVE/e1828413413364172/w24/tick501 stage=controlInstalled sender=1 generation=0 rejected reason=unknown-revision
[log] [coop:v2-authority] receipt rev=142 op=1828413413364172:1:REWARD_PRESENT:2700000 stage=controlInstalled sender=1 generation=0 rejected reason=unknown-revision
[log] [coop:v2-authority] receipt rev=142 op=1828413413364172:1:REWARD_PRESENT:2700000 stage=controlInstalled sender=1 generation=0 rejected reason=unknown-revision
[log] [coop:v2-authority] receipt rev=143 op=1828413413364172:1:REWARD:2700000 stage=admitted sender=1 generation=0 advanced retired=false waiting=[1] subsumed=[]
[log] [coop:v2-authority] receipt rev=143 op=1828413413364172:1:REWARD:2700000 stage=admitted sender=1 generation=0 duplicate highestStage=0
[log] [coop:v2-authority] receipt rev=143 op=1828413413364172:1:REWARD:2700000 stage=materialApplied sender=1 generation=0 advanced retired=false waiting=[1] subsumed=[]
[log] [coop:v2-authority] receipt rev=143 op=1828413413364172:1:REWARD:2700000 stage=controlInstalled sender=1 generation=0 advanced retired=true waiting=[] subsumed=[]
[log] [coop:interaction] interactionCounter() read -> 28 (role=host)
[log] [coop:interaction] interactionCounter() read -> 28 (role=guest)
[log] [coop-soak:wave-complete] {"seed":20365530,"wave":24,"wavesRequested":200,"wavesCompleted":24,"waveElapsedMs":2691,"elapsedMs":114024,"findings":0,"hostPhase":"NewBattlePhase","guestPhase":"NewBattlePhase"}
[log] %cStart Phase: NewBattlePhase color:green
[log] %cStart Phase: MessagePhase color:green
[log] %cStart Phase: MessagePhase color:green
[log] %cStart Phase: ReturnPhase color:green
[log] [coop:turn] host recorder: begin turn=1 scope=1828413413364172:25 (no prior open recording)
[log] %cStart Phase: ReturnPhase color:green
[log] [coop:turn] host recorder: preserve recording scope=1828413413364172:25 turn=1 events=0 seq=0
[log] %cStart Phase: ShowTrainerPhase color:green
[log] %cStart Phase: NextEncounterPhase color:green
[log] [coop:interaction] interactionCounter() read -> 28 (role=host)
[log] [coop:replay] host SEND enemyPartySync wave=25 count=3 meType=-1 battleType=1 entryPresentation=-
[log] [coop:transport] send host t=enemyPartySync wave=25 enemies=3 battleType=1
[log] [coop:transport] recv guest t=enemyPartySync wave=25 enemies=3 battleType=1 handlers=1
[log] [coop:turn] host recorder: preserve recording scope=1828413413364172:25 turn=1 events=0 seq=0
[log] %cStart Phase: SummonPhase color:green
[log] [coop:turn] host recorder: preserve recording scope=1828413413364172:25 turn=1 events=0 seq=0
[log] %cStart Phase: SummonPhase color:green
[log] [coop:turn] host recorder: preserve recording scope=1828413413364172:25 turn=1 events=0 seq=0
[log] %cStart Phase: SummonPhase color:green
[log] [coop:turn] host recorder: preserve recording scope=1828413413364172:25 turn=1 events=0 seq=0
[log] %cStart Phase: ToggleDoublePositionPhase color:green
[log] %cStart Phase: SummonPhase color:green
[log] [coop:turn] host recorder: preserve recording scope=1828413413364172:25 turn=1 events=0 seq=0
[log] %cStart Phase: InitEncounterPhase color:green
[log] [coop:turn] host recorder: preserve recording scope=1828413413364172:25 turn=1 events=0 seq=0
[log] %cStart Phase: PostSummonPhase color:green
[log] %cStart Phase: PostSummonPhase color:green
[log] %cStart Phase: PostSummonPhase color:green
[log] %cStart Phase: PostSummonPhase color:green
[log] %cStart Phase: ShowAbilityPhase color:green
[log] [coop:turn] host recorder: append turn=1 seq=0 k=showAbility total=1 live=true
[log] %cStart Phase: StatStageChangePhase color:green
[log] [coop:turn] host recorder: append turn=1 seq=1 k=message total=2 live=true
[log] [coop:turn] host recorder: append turn=1 seq=2 k=statStage total=3 live=true
[log] %cStart Phase: MessagePhase color:green
[log] %cStart Phase: StatStageChangePhase color:green
[log] [coop:turn] host recorder: append turn=1 seq=3 k=message total=4 live=true
[log] [coop:turn] host recorder: append turn=1 seq=4 k=statStage total=5 live=true
[log] %cStart Phase: MessagePhase color:green
[log] %cStart Phase: HideAbilityPhase color:green
[log] [coop:turn] host recorder: append turn=1 seq=5 k=hideAbility total=6 live=true
[log] %cStart Phase: PostSummonPhase color:green
[log] %cStart Phase: PostSummonPhase color:green
[log] %cStart Phase: ShowAbilityPhase color:green
[log] [coop:turn] host recorder: append turn=1 seq=6 k=showAbility total=7 live=true
[log] %cStart Phase: MovePhase color:green
[log] [coop:turn] host recorder: append turn=1 seq=7 k=moveUsed total=8 live=true
[log] %cStart Phase: MessagePhase color:green
[log] %cStart Phase: MoveEffectPhase color:green
[log] [coop:turn] host recorder: append turn=1 seq=8 k=moveAnim total=9 live=true
[log] %cStart Phase: StatStageChangePhase color:green
[log] [coop:turn] host recorder: append turn=1 seq=9 k=message total=10 live=true
[log] [coop:turn] host recorder: append turn=1 seq=10 k=statStage total=11 live=true
[log] %cStart Phase: MessagePhase color:green
[log] %cStart Phase: MoveEndPhase color:green
[log] %cStart Phase: HideAbilityPhase color:green
[log] [coop:turn] host recorder: append turn=1 seq=11 k=hideAbility total=12 live=true
[log] %cStart Phase: TurnInitPhase color:green
[log] [coop:replay] host SEND enemyPartySync wave=25 count=3 meType=-1 battleType=1 entryPresentation=12
[log] [coop:transport] send host t=enemyPartySync wave=25 enemies=3 battleType=1
[log] [coop:replay] host RE-BROADCAST wave-start authority wave=25 after post-summon boundary stateChanged=true presentation=12 (#920)
[log] [coop:transport] send host t=authorityEntry t=authorityEntry
[log] [coop:v2-shadow] PARITY kind=CONTROL_COMMIT rev=144 match=true field=-
[log] [coop:rendezvous] next-command barrier ARRIVE+AWAIT cmd:25:1 slot=0
[log] [coop:rendezvous] ARRIVE point=cmd:25:1 (send) role=host
[log] [coop:transport] send host t=rendezvous point=cmd:25:1
[log] [coop:rendezvous] AWAIT point=cmd:25:1 timeoutMs=2000 -> network-wait role=host
[log] [coop:transport] recv guest t=enemyPartySync wave=25 enemies=3 battleType=1 handlers=1
[log] [coop:transport] recv guest t=authorityEntry t=authorityEntry handlers=1
[log] [coop:transport] recv guest t=rendezvous point=cmd:25:1 handlers=1
[log] [coop:v2-authority] receipt rev=144 op=V2/CONTROL/COMMAND/e1828413413364172/w25/t1/tick507 stage=admitted sender=1 generation=0 advanced retired=false waiting=[1] subsumed=[]
[log] [coop:transport] send host t=authorityEntry t=authorityEntry
[log] [coop:rendezvous] RECV arrival point=cmd:25:1 -> deliver-to-waiter role=host
[log] [coop:transport] send host t=rendezvous point=cmd:25:1
[log] [coop:rendezvous] AWAIT point=cmd:25:1 RESOLVE both-arrived role=host
[log] [coop:v2-authority] receipt rev=144 op=V2/CONTROL/COMMAND/e1828413413364172/w25/t1/tick507 stage=admitted sender=1 generation=0 duplicate highestStage=0
[log] [coop:v2-authority] receipt rev=144 op=V2/CONTROL/COMMAND/e1828413413364172/w25/t1/tick507 stage=materialApplied sender=1 generation=0 advanced retired=false waiting=[1] subsumed=[]
[log] [coop:v2-authority] receipt rev=144 op=V2/CONTROL/COMMAND/e1828413413364172/w25/t1/tick507 stage=materialApplied sender=1 generation=0 duplicate highestStage=1
[log] [coop:v2-authority] receipt rev=144 op=V2/CONTROL/COMMAND/e1828413413364172/w25/t1/tick507 stage=materialApplied sender=1 generation=0 duplicate highestStage=1
[log] [coop:v2-authority] receipt rev=144 op=V2/CONTROL/COMMAND/e1828413413364172/w25/t1/tick507 stage=materialApplied sender=1 generation=0 duplicate highestStage=1
[log] [coop:v2-authority] receipt rev=144 op=V2/CONTROL/COMMAND/e1828413413364172/w25/t1/tick507 stage=controlInstalled sender=1 generation=0 advanced retired=true waiting=[] subsumed=[]
[log] [coop:transport] recv guest t=rendezvous point=cmd:25:1 handlers=1
[log] [coop:transport] send host t=enemyPartySync wave=25 enemies=3 battleType=1
[log] [coop:replay] host RE-BROADCAST wave-start authority wave=25 after post-summon boundary stateChanged=false presentation=12 (#920)
[log] [coop:transport] recv guest t=enemyPartySync wave=25 enemies=3 battleType=1 handlers=1
[log] [coop-soak:wave-start] {"seed":20365530,"wave":25,"wavesRequested":200,"wavesCompleted":24,"elapsedMs":116129,"hostPhase":"CommandPhase","guestPhase":"CommandPhase"}
[log] [coop:interaction] interactionCounter() read -> 28 (role=host)
[log] [coop:interaction] interactionCounter() read -> 28 (role=guest)
[log] [coop:interaction] interactionCounter() read -> 28 (role=host)
[log] [coop:checksum] capture digest=94fca20177acecda field=4 biome=5 seed=coop-soak-20365530 weather=2 terrain=0 money=1320 party=[493,384,890,150,382,888] partyLevels=[500,500,500,500,500,500] arenaTags=0 modifiers=5 heldItemsDigest=0 pokeballs=[0:45,1:15,2:0,3:0,4:0] mons=[bi0:sp493/hp1865-1865/st0/ab121/form0/tera0:0/boss0:0 bi1:sp384/hp1713-1715/st0/ab263/form0/tera0:15/boss0:0 bi2:sp499/hp66-66/st0/ab5031/form0/tera0:9/boss0:0 bi3:sp822/hp55-55/st0/ab5067/form0/tera0:2/boss0:0]
[log] [coop:interaction] interactionCounter() read -> 28 (role=host)
[log] %cStart Phase: SelectTargetPhase color:green
[log] [coop:owner] broadcast own-slot fi=0 turn=1 role=host cmd=0
[log] [coop:relay] broadcastLocalCommand SEND fieldIndex=0 owner=host turn=1 command=0 cursor=1 moveId=247 targets=[2]
[log] [coop:transport] send host t=command fi=0 owner=host turn=1 cmd=0 cursor=1 move=247
[log] [coop:transport] recv guest t=command fi=0 owner=host turn=1 cmd=0 cursor=1 move=247 handlers=1
[log] [coop:relay] recv command fieldIndex=0 turn=1 command=0 -> BUFFERED (no awaiter yet)
[log] %cStart Phase: CommandPhase color:green
[log] [coop:transport] send host t=enemyPartySync wave=25 enemies=3 battleType=1
[log] [coop:replay] host RE-BROADCAST wave-start authority wave=25 after post-summon boundary stateChanged=true presentation=12 (#920)
[log] [coop:battle] CommandPhase slot=1 turn=1 owner=guest role=host -> partner path
[log] [coop:relay] host requestPartnerCommand SEND fieldIndex=1 turn=1 moveSlots=[0,1,2,3] (awaiting peer)
[log] [coop:transport] send host t=commandRequest fi=1 owner=guest turn=1 slots=4
[log] [coop:transport] recv guest t=enemyPartySync wave=25 enemies=3 battleType=1 handlers=1
[log] [coop:transport] recv guest t=commandRequest fi=1 owner=guest turn=1 slots=4 handlers=1
[log] [coop:relay] peer recv commandRequest fieldIndex=1 owner=guest turn=1 moveSlots=[0,1,2,3] -> reply command=0 cursor=3 moveId=85
[log] [coop:transport] send guest t=command fi=1 owner=guest turn=1 cmd=0 cursor=3 move=85
[log] [coop:transport] recv host t=command fi=1 owner=guest turn=1 cmd=0 cursor=3 move=85 handlers=1
[log] [coop:relay] recv command fieldIndex=1 turn=1 command=0 -> resolved awaiting request
[log] [coop:ai] applyWiredPartnerCommand partner=384 wiredMoveId=85 cursor=3 -> moveId=85 moveIndex=3 tera=false targets=[3] targetsFrom=wire-verbatim useMode=1
[log] %cStart Phase: EnemyCommandPhase color:green
[log] %cStart Phase: EnemyCommandPhase color:green
[log] %cStart Phase: TurnStartPhase color:green
[log] [coop-diag] turn-start authoritative guard mode=authoritative role=host turn=1 diverts=false
[log] [coop:turn] host recorder: preserve recording scope=1828413413364172:25 turn=1 events=18 seq=18
[log] %cStart Phase: MovePhase color:green
[log] [coop:turn] host recorder: append turn=1 seq=18 k=moveUsed total=19 live=true
[log] %cStart Phase: MessagePhase color:green
[log] %cStart Phase: MoveEffectPhase color:green
[log] [coop:turn] host recorder: append turn=1 seq=19 k=moveAnim total=20 live=true
[log] [coop:turn] host recorder: append turn=1 seq=20 k=hp total=21 live=true
[log] [coop:turn] host recorder: append turn=1 seq=21 k=faint total=22 live=true
[log] %cStart Phase: DamageAnimPhase color:green
[log] %cStart Phase: FaintPhase color:green
[log] %cStart Phase: MessagePhase color:green
[log] %cStart Phase: VictoryPhase color:green
[log] [coop:progression] HOST progression capture begin wave=25
[log] [coop:progression] HOST applyPartyExp COMPUTE wave=25 expValue=526.6 koMon=Pignite
[log] %cStart Phase: MoveEndPhase color:green
[log] %cStart Phase: MovePhase color:green
[log] [coop:turn] host recorder: append turn=1 seq=22 k=moveUsed total=23 live=true
[log] %cStart Phase: MessagePhase color:green
[log] %cStart Phase: MoveEffectPhase color:green
[log] [coop:turn] host recorder: append turn=1 seq=23 k=moveAnim total=24 live=true
[log] [coop:turn] host recorder: append turn=1 seq=24 k=hp total=25 live=true
[log] [coop:turn] host recorder: append turn=1 seq=25 k=faint total=26 live=true
[log] [coop:turn] host recorder: append turn=1 seq=26 k=message total=27 live=true
[log] %cStart Phase: DamageAnimPhase color:green
[log] %cStart Phase: MessagePhase color:green
[log] %cStart Phase: FaintPhase color:green
[log] %cStart Phase: MessagePhase color:green
[log] %cStart Phase: VictoryPhase color:green
[log] [coop:progression] HOST applyPartyExp COMPUTE wave=25 expValue=436.2 koMon=Corvisquire
[log] %cStart Phase: MoveEndPhase color:green
[log] %cStart Phase: MovePhase color:green
[log] %cStart Phase: MoveEndPhase color:green
[log] %cStart Phase: MovePhase color:green
[log] %cStart Phase: MoveEndPhase color:green
[log] %cStart Phase: CheckInterludePhase color:green
[log] %cStart Phase: WeatherEffectPhase color:green
[log] %cStart Phase: PositionalTagPhase color:green
[log] %cStart Phase: BerryPhase color:green
[log] %cStart Phase: CheckStatusEffectPhase color:green
[log] %cStart Phase: TurnEndPhase color:green
[log] %cStart Phase: CoopTurnCommitPhase color:green
[log] [coop:turn] host recorder: finalize turn=1 events=27 seq=27
[log] [coop:checkpoint] build field=4 weather=2/0 terrain=0/0 arenaTags=0 money=1320 mons=[bi0:sp493/hp1865-1865/st0/fnt0 bi1:sp384/hp1713-1715/st0/fnt0 bi2:sp499/hp0-66/st7/fnt1 bi3:sp822/hp0-55/st7/fnt1]
[log] [coop:checkpoint] host capture field=4 weather=2 terrain=0 money=1320 arenaTags=0 mons=[bi0:sp493/hp1865-1865/st0/fnt0 bi1:sp384/hp1713-1715/st0/fnt0 bi2:sp499/hp0-66/st7/fnt1 bi3:sp822/hp0-55/st7/fnt1]
[log] [coop:interaction] interactionCounter() read -> 28 (role=host)
[log] [coop:replay] host SEND turnResolution e=1828413413364172 wave=25 turn=1 rev=516 events=27 checksum=02e22c3cfe2c1885
[log] [coop:transport] send host t=authorityEntry t=authorityEntry
[log] [coop:v2-shadow] PARITY kind=TURN_COMMIT rev=145 match=true field=- successor=none-non-command-boundary
[log] [coop:transport] send host t=turnResolution e=1828413413364172 wave=25 turn=1 rev=516 events=27 checksum=02e22c3cfe2c1885
[log] [coop:transport] recv guest t=authorityEntry t=authorityEntry handlers=1
[log] [coop:transport] recv guest t=turnResolution e=1828413413364172 wave=25 turn=1 rev=516 events=27 checksum=02e22c3cfe2c1885 handlers=1
[log] [38;2;255;127;80mPhaseInterceptor.to: Stopping on completion of CoopTurnCommitPhase[39m
[log] [coop:v2-authority] receipt rev=145 op=TURN/e1828413413364172/w25/t1 stage=admitted sender=1 generation=0 advanced retired=false waiting=[1] subsumed=[]
[log] [coop:transport] send host t=authorityEntry t=authorityEntry
[log] [coop:transport] recv guest t=authorityEntry t=authorityEntry handlers=1
[log] [coop:v2-authority] receipt rev=145 op=TURN/e1828413413364172/w25/t1 stage=admitted sender=1 generation=0 duplicate highestStage=0
[log] [coop:transport] send host t=authorityEntry t=authorityEntry
[log] [coop:transport] recv guest t=authorityEntry t=authorityEntry handlers=1
[log] [coop:v2-authority] receipt rev=145 op=TURN/e1828413413364172/w25/t1 stage=admitted sender=1 generation=0 duplicate highestStage=0
[log] [coop:v2-authority] receipt rev=145 op=TURN/e1828413413364172/w25/t1 stage=admitted sender=1 generation=0 duplicate highestStage=0
[log] [coop:v2-authority] receipt rev=145 op=TURN/e1828413413364172/w25/t1 stage=materialApplied sender=1 generation=0 advanced retired=false waiting=[1] subsumed=[]
[log] [coop:v2-authority] receipt rev=145 op=TURN/e1828413413364172/w25/t1 stage=controlInstalled sender=1 generation=0 advanced retired=true waiting=[] subsumed=[]
[log] %cStart Phase: SwitchSummonPhase color:green
[log] [coop:turn] host recorder: begin turn=2 scope=1828413413364172:25 (no prior open recording)
[log] [coop:turn] host recorder: append turn=2 seq=0 k=switch total=1 live=true
[log] %cStart Phase: PostSummonPhase color:green
[log] %cStart Phase: PostSummonPhase color:green
[log] %cStart Phase: ShowAbilityPhase color:green
[log] [coop:turn] host recorder: append turn=2 seq=1 k=showAbility total=2 live=true
[log] %cStart Phase: StatStageChangePhase color:green
[log] [coop:turn] host recorder: append turn=2 seq=2 k=message total=3 live=true
[log] [coop:turn] host recorder: append turn=2 seq=3 k=statStage total=4 live=true
[log] %cStart Phase: MessagePhase color:green
[log] %cStart Phase: StatStageChangePhase color:green
[log] [coop:turn] host recorder: append turn=2 seq=4 k=message total=5 live=true
[log] [coop:turn] host recorder: append turn=2 seq=5 k=statStage total=6 live=true
[log] %cStart Phase: MessagePhase color:green
[log] %cStart Phase: HideAbilityPhase color:green
[log] [coop:turn] host recorder: append turn=2 seq=6 k=hideAbility total=7 live=true
[log] %cStart Phase: PostSummonPhase color:green
[log] %cStart Phase: ShowAbilityPhase color:green
[log] [coop:turn] host recorder: append turn=2 seq=7 k=showAbility total=8 live=true
[log] %cStart Phase: StatStageChangePhase color:green
[log] [coop:turn] host recorder: append turn=2 seq=8 k=message total=9 live=true
[log] [coop:turn] host recorder: append turn=2 seq=9 k=statStage total=10 live=true
[log] %cStart Phase: MessagePhase color:green
[log] %cStart Phase: StatStageChangePhase color:green
[log] [coop:turn] host recorder: append turn=2 seq=10 k=message total=11 live=true
[log] [coop:turn] host recorder: append turn=2 seq=11 k=statStage total=12 live=true
[log] %cStart Phase: MessagePhase color:green
[log] %cStart Phase: HideAbilityPhase color:green
[log] [coop:turn] host recorder: append turn=2 seq=12 k=hideAbility total=13 live=true
[log] %cStart Phase: SwitchSummonPhase color:green
[log] [coop:turn] host recorder: preserve recording scope=1828413413364172:25 turn=2 events=13 seq=13
[log] %cStart Phase: PostSummonPhase color:green
[log] %cStart Phase: TurnInitPhase color:green
[log] [coop:transport] recv host t=rendezvous point=cmd:25:2 handlers=1
[log] [coop:rendezvous] RECV arrival point=cmd:25:2 -> BUFFER (no waiter yet) role=host
[log] [coop:transport] send host t=authorityEntry t=authorityEntry
[log] [coop:v2-shadow] PARITY kind=CONTROL_COMMIT rev=146 match=true field=-
[log] [coop:rendezvous] ARRIVE point=cmd:25:2 (send) role=host
[log] [coop:transport] send host t=rendezvous point=cmd:25:2
[log] [coop:rendezvous] next-command barrier cmd:25:2 SYNC pass (partner already arrived)
[log] [coop:transport] recv guest t=authorityEntry t=authorityEntry handlers=1
[log] [coop:transport] recv guest t=rendezvous point=cmd:25:2 handlers=1
[log] [coop:v2-authority] receipt rev=146 op=V2/CONTROL/COMMAND/e1828413413364172/w25/t2/tick518 stage=admitted sender=1 generation=0 advanced retired=false waiting=[1] subsumed=[]
[log] [coop:v2-authority] receipt rev=146 op=V2/CONTROL/COMMAND/e1828413413364172/w25/t2/tick518 stage=materialApplied sender=1 generation=0 advanced retired=false waiting=[1] subsumed=[]
[log] [coop:transport] send host t=authorityEntry t=authorityEntry
[log] [coop:stream] host IGNORE cosmetic turn ACK stage=continuationReady key=1828413413364172:25:1:516 (v2 owns retirement)
[log] [coop:v2-authority] receipt rev=146 op=V2/CONTROL/COMMAND/e1828413413364172/w25/t2/tick518 stage=materialApplied sender=1 generation=0 duplicate highestStage=1
[log] [coop:v2-authority] receipt rev=146 op=V2/CONTROL/COMMAND/e1828413413364172/w25/t2/tick518 stage=materialApplied sender=1 generation=0 duplicate highestStage=1
[log] [coop:v2-authority] receipt rev=146 op=V2/CONTROL/COMMAND/e1828413413364172/w25/t2/tick518 stage=materialApplied sender=1 generation=0 duplicate highestStage=1
[log] [coop:v2-authority] receipt rev=146 op=V2/CONTROL/COMMAND/e1828413413364172/w25/t2/tick518 stage=controlInstalled sender=1 generation=0 advanced retired=true waiting=[] subsumed=[]
[log] %cStart Phase: SelectTargetPhase color:green
[log] [coop:owner] broadcast own-slot fi=0 turn=2 role=host cmd=0
[log] [coop:relay] broadcastLocalCommand SEND fieldIndex=0 owner=host turn=2 command=0 cursor=1 moveId=247 targets=[3]
[log] [coop:transport] send host t=command fi=0 owner=host turn=2 cmd=0 cursor=1 move=247
[log] [coop:transport] recv guest t=command fi=0 owner=host turn=2 cmd=0 cursor=1 move=247 handlers=1
[log] [coop:relay] recv command fieldIndex=0 turn=2 command=0 -> BUFFERED (no awaiter yet)
[log] %cStart Phase: CommandPhase color:green
[log] [coop:battle] CommandPhase slot=1 turn=2 owner=guest role=host -> partner path
[log] [coop:relay] host requestPartnerCommand SEND fieldIndex=1 turn=2 moveSlots=[0,1,2,3] (awaiting peer)
[log] [coop:transport] send host t=commandRequest fi=1 owner=guest turn=2 slots=4
[log] [coop:transport] recv guest t=commandRequest fi=1 owner=guest turn=2 slots=4 handlers=1
[log] [coop:relay] peer recv commandRequest fieldIndex=1 owner=guest turn=2 moveSlots=[0,1,2,3] -> reply command=2 cursor=3 moveId=-
[log] [coop:transport] send guest t=command fi=1 owner=guest turn=2 cmd=2 cursor=3 move=-
[log] [coop:transport] recv host t=command fi=1 owner=guest turn=2 cmd=2 cursor=3 move=- handlers=1
[log] [coop:relay] recv command fieldIndex=1 turn=2 command=2 -> resolved awaiting request
[log] %cStart Phase: EnemyCommandPhase color:green
[log] %cStart Phase: TurnStartPhase color:green
[log] [coop-diag] turn-start authoritative guard mode=authoritative role=host turn=2 diverts=false
[log] [coop:turn] host recorder: preserve recording scope=1828413413364172:25 turn=2 events=17 seq=17
[log] %cStart Phase: SwitchSummonPhase color:green
[log] [coop:turn] host recorder: preserve recording scope=1828413413364172:25 turn=2 events=17 seq=17
[log] [coop:turn] host recorder: append turn=2 seq=17 k=switch total=18 live=true
[log] %cStart Phase: PostSummonPhase color:green
[log] %cStart Phase: PostSummonPhase color:green
[log] [coop:turn] host recorder: append turn=2 seq=18 k=terrain total=19 live=true
[log] [coop:turn] host recorder: append turn=2 seq=19 k=message total=20 live=true
[log] %cStart Phase: ShowAbilityPhase color:green
[log] [coop:turn] host recorder: append turn=2 seq=20 k=showAbility total=21 live=true
[log] %cStart Phase: CommonAnimPhase color:green
[log] %cStart Phase: MessagePhase color:green
[log] %cStart Phase: HideAbilityPhase color:green
[log] [coop:turn] host recorder: append turn=2 seq=21 k=hideAbility total=22 live=true
[log] %cStart Phase: MovePhase color:green
[log] [coop:turn] host recorder: append turn=2 seq=22 k=moveUsed total=23 live=true
[log] [coop:turn] host recorder: append turn=2 seq=23 k=message total=24 live=true
[log] %cStart Phase: MessagePhase color:green
[log] %cStart Phase: MessagePhase color:green
[log] %cStart Phase: MoveEndPhase color:green
[log] %cStart Phase: MovePhase color:green
[log] [coop:turn] host recorder: append turn=2 seq=24 k=moveUsed total=25 live=true
[log] %cStart Phase: MessagePhase color:green
[log] %cStart Phase: MoveEffectPhase color:green
[log] [coop:turn] host recorder: append turn=2 seq=25 k=moveAnim total=26 live=true
[log] [coop:turn] host recorder: append turn=2 seq=26 k=hp total=27 live=true
[log] [coop:turn] host recorder: append turn=2 seq=27 k=faint total=28 live=true
[log] [coop:turn] host recorder: append turn=2 seq=28 k=message total=29 live=true
[log] %cStart Phase: DamageAnimPhase color:green
[log] %cStart Phase: MessagePhase color:green
[log] %cStart Phase: FaintPhase color:green
[log] %cStart Phase: MessagePhase color:green
[log] %cStart Phase: VictoryPhase color:green
[log] [coop:progression] HOST applyPartyExp COMPUTE wave=25 expValue=170.6 koMon=Impidimp
[log] [coop:runtime] defer raw waveResolved wave=25 outcome=win until its material turnResolution is retained
[log] [coop-diag] VictoryPhase win-branch role=host battleType=TRAINER queuesTrainerVictory=true queuesSelectModifier=true wave=25
[log] [coop-diag] VictoryTail role=host wave=25 source=legacy-local trainer=true egg=true biomeShop=false biomeChange=false crossroads=true nextWave=26
[log] %cStart Phase: MoveEndPhase color:green
[log] %cStart Phase: CheckInterludePhase color:green
[log] %cStart Phase: WeatherEffectPhase color:green
[log] %cStart Phase: PositionalTagPhase color:green
[log] %cStart Phase: BerryPhase color:green
[log] %cStart Phase: CheckStatusEffectPhase color:green
[log] %cStart Phase: TurnEndPhase color:green
[log] %cStart Phase: CoopTurnCommitPhase color:green
[log] [coop:turn] host recorder: finalize turn=2 events=29 seq=29
[log] [coop:checkpoint] build field=4 weather=2/0 terrain=4/7 arenaTags=0 money=1320 mons=[bi0:sp493/hp1865-1865/st0/fnt0 bi1:sp150/hp1725-1725/st0/fnt0 bi2:sp499/hp0-66/st7/fnt1 bi3:sp859/hp0-45/st7/fnt1]
[log] [coop:checkpoint] host capture field=4 weather=2 terrain=4 money=1320 arenaTags=0 mons=[bi0:sp493/hp1865-1865/st0/fnt0 bi1:sp150/hp1725-1725/st0/fnt0 bi2:sp499/hp0-66/st7/fnt1 bi3:sp859/hp0-45/st7/fnt1]
[log] [coop:interaction] interactionCounter() read -> 28 (role=host)
[log] [coop:replay] host SEND turnResolution e=1828413413364172 wave=25 turn=2 rev=525 events=29 checksum=3173b72abe6d5a9d
[log] [coop:transport] send host t=authorityEntry t=authorityEntry
[log] [coop:v2-shadow] PARITY kind=TURN_COMMIT rev=147 match=true field=- successor=none-non-command-boundary
[log] [coop:transport] send host t=turnResolution e=1828413413364172 wave=25 turn=2 rev=525 events=29 checksum=3173b72abe6d5a9d
[log] [coop:runtime] send waveResolved wave=25 outcome=win (host)
[log] [coop:replay] host SEND waveResolved wave=25 outcome=win transition=WAVE_VICTORY/next26/biome0/egg1/trainer
[log] [coop:transport] send host t=waveResolved wave=25 outcome=win captureParty=- cap=-
[log] [coop:transport] recv guest t=authorityEntry t=authorityEntry handlers=1
[log] [coop:transport] recv guest t=turnResolution e=1828413413364172 wave=25 turn=2 rev=525 events=29 checksum=3173b72abe6d5a9d handlers=1
[log] [coop:transport] recv guest t=waveResolved wave=25 outcome=win captureParty=- cap=- handlers=1
[log] [38;2;255;127;80mPhaseInterceptor.to: Stopping on completion of CoopTurnCommitPhase[39m
[log] %cStart Phase: BattleEndPhase color:green
[log] [coop:progression] HOST automatic victory settlement deferred wave=25 sourceTurn=2 settlementTurn=3
[log] [coop:v2-authority] receipt rev=147 op=TURN/e1828413413364172/w25/t2 stage=admitted sender=1 generation=0 advanced retired=false waiting=[1] subsumed=[]
[log] [coop:transport] send host t=authorityEntry t=authorityEntry
[log] [coop:v2-authority] receipt rev=147 op=TURN/e1828413413364172/w25/t2 stage=admitted sender=1 generation=0 duplicate highestStage=0
[log] [coop:transport] send host t=authorityEntry t=authorityEntry
[log] [coop:transport] recv guest t=authorityEntry t=authorityEntry handlers=1
[log] [coop:v2-authority] receipt rev=147 op=TURN/e1828413413364172/w25/t2 stage=admitted sender=1 generation=0 duplicate highestStage=0
[log] [coop:v2-authority] receipt rev=147 op=TURN/e1828413413364172/w25/t2 stage=admitted sender=1 generation=0 duplicate highestStage=0
[log] [coop:v2-authority] receipt rev=147 op=TURN/e1828413413364172/w25/t2 stage=materialApplied sender=1 generation=0 advanced retired=false waiting=[1] subsumed=[]
[log] [coop:v2-authority] receipt rev=147 op=TURN/e1828413413364172/w25/t2 stage=controlInstalled sender=1 generation=0 advanced retired=true waiting=[] subsumed=[]
[log] [coop:interaction] interactionCounter() read -> 28 (role=host)
[log] %cStart Phase: TrainerVictoryPhase color:green
[log] [coop:progression] coopVictoryDialogue DECISION isCoop=true -> SKIP (constant 0 awaits, lockstep-safe)
[log] %cStart Phase: MoneyRewardPhase color:green
[log] %cStart Phase: ModifierRewardPhase color:green
[log] %cStart Phase: ModifierRewardPhase color:green
[log] %cStart Phase: EggLapsePhase color:green
[log] %cStart Phase: CoopVictorySealPhase color:green
[log] [coop:transport] send host t=authorityEntry t=authorityEntry
[log] [coop:v2-shadow] PARITY kind=WAVE_ADVANCE rev=148 match=true field=-
[log] [coop:runtime] settled WAVE_ADVANCE committed wave=25 tick=526 next=WAVE_VICTORY/wave26
[log] [coop:runtime] send waveEndState wave=25 tick=526 (host)
[log] [coop:replay] host SEND waveEndState wave=25 tick=526 party=6
[log] [coop:transport] send host t=waveEndState t=waveEndState
[log] [coop:progression] HOST automatic victory settlement sealed wave=25 sourceTurn=2 settlementTurn=3 tick=526
[log] [coop:transport] recv guest t=authorityEntry t=authorityEntry handlers=1
[log] [coop:transport] recv guest t=waveEndState t=waveEndState handlers=1
[log] [coop:interaction] interactionCounter() read -> 28 (role=host)
[log] [coop:owner] ownerOf(counter=28) seat=0 -> owner=host
[log] [coop:owner] isLocalOwnerAtCounter(pinnedCounter=28) parity=0 owner=host role=host -> true
[log] [coop:interaction] interactionCounter() read -> 28 (role=host)
[log] [coop:reward] owner/watcher decision: pinnedStart=28 liveCounter=28 parity=0 role=host pick=OWNER option=ROLL spoof=false
[log] [coop:shop] serializeRewardOptions count=3 ids=[ER_PUNCHING_GLOVE,PP_UP,GREAT_BALL] tiers=[2,1,1]
[log] [coop:reward] OWNER streams reward options (start=28 reroll=0 count=3 ids=[ER_PUNCHING_GLOVE,PP_UP,GREAT_BALL])
[log] [coop:relay] SEND rewardOptions seq=28 reroll=0 count=3 ids=[ER_PUNCHING_GLOVE,PP_UP,GREAT_BALL]
[log] [coop:transport] send host t=authorityEntry t=authorityEntry
[log] [coop:v2-shadow] PARITY kind=INTERACTION_COMMIT rev=149 match=true field=-
[log] [coop:reward] authoritative options retained surface=reward pin=28 reroll=0 count=3 rev=57 id=1828413413364172:0:REWARD_PRESENT:2800000
[log] [coop:v2-interaction] suppressed raw rewardOptions key=28:0; immutable entry retained
[log] [coop:rendezvous] ARRIVE point=shop:25:28 (send) role=host
[log] [coop:transport] send host t=rendezvous point=shop:25:28
[log] [coop:reward] OWNER drives reward screen (start=28 role=host spoof=false adoptsOptions=false wave=25)
[log] [coop:rendezvous] shop-pick-commit barrier AWAIT shop:25:28
[log] [coop:rendezvous] AWAIT point=shop:25:28 timeoutMs=2000 -> network-wait role=host
[log] [coop:transport] recv guest t=authorityEntry t=authorityEntry handlers=1
[log] [coop:transport] recv guest t=rendezvous point=shop:25:28 handlers=1
[log] [coop:interaction] interactionCounter() read -> 28 (role=host)
[log] [coop:checksum] capture digest=6280684e89178acb field=4 biome=5 seed=coop-soak-20365530 weather=2 terrain=4 money=1880 party=[493,150,890,384,382,888] partyLevels=[500,500,500,500,500,500] arenaTags=0 modifiers=5 heldItemsDigest=0 pokeballs=[0:45,1:15,2:0,3:0,4:0] mons=[bi0:sp493/hp1865-1865/st0/ab121/form0/tera0:0/boss0:0 bi1:sp150/hp1725-1725/st0/ab227/form0/tera0:13/boss0:0 bi2:sp499/hp0-66/st7/ab5031/form0/tera0:9/boss0:0 bi3:sp859/hp0-45/st7/ab124/form0/tera0:17/boss0:0]
[log] [coop:transport] send host t=authorityEntry t=authorityEntry
[log] [coop:rendezvous] RECV arrival point=shop:25:28 -> deliver-to-waiter role=host
[log] [coop:transport] send host t=rendezvous point=shop:25:28
[log] [coop:rendezvous] AWAIT point=shop:25:28 RESOLVE both-arrived role=host
[log] [coop:stream] host IGNORE cosmetic turn ACK stage=continuationReady key=1828413413364172:25:2:525 (v2 owns retirement)
[log] [coop:v2-authority] receipt rev=148 op=V2/WAVE/e1828413413364172/w25/tick526 stage=admitted sender=1 generation=0 advanced retired=false waiting=[1] subsumed=[]
[log] [coop:transport] send host t=authorityEntry t=authorityEntry
[log] [coop:transport] send host t=authorityEntry t=authorityEntry
[log] [coop:v2-authority] receipt rev=148 op=V2/WAVE/e1828413413364172/w25/tick526 stage=admitted sender=1 generation=0 duplicate highestStage=0
[log] [coop:v2-authority] receipt rev=148 op=V2/WAVE/e1828413413364172/w25/tick526 stage=materialApplied sender=1 generation=0 advanced retired=false waiting=[1] subsumed=[]
[log] [coop:transport] send host t=authorityEntry t=authorityEntry
[log] [coop:v2-authority] receipt rev=148 op=V2/WAVE/e1828413413364172/w25/tick526 stage=controlInstalled sender=1 generation=0 advanced retired=true waiting=[] subsumed=[]
[log] [coop:v2-authority] receipt rev=149 op=1828413413364172:0:REWARD_PRESENT:2800000 stage=admitted sender=1 generation=0 advanced retired=false waiting=[1] subsumed=[]
[log] [coop:v2-authority] receipt rev=149 op=1828413413364172:0:REWARD_PRESENT:2800000 stage=materialApplied sender=1 generation=0 advanced retired=false waiting=[1] subsumed=[]
[log] [coop:v2-authority] receipt rev=149 op=1828413413364172:0:REWARD_PRESENT:2800000 stage=materialApplied sender=1 generation=0 duplicate highestStage=1
[log] [coop:v2-authority] receipt rev=149 op=1828413413364172:0:REWARD_PRESENT:2800000 stage=controlInstalled sender=1 generation=0 advanced retired=true waiting=[] subsumed=[]
[log] [coop:v2-authority] receipt rev=148 op=V2/WAVE/e1828413413364172/w25/tick526 stage=controlInstalled sender=1 generation=0 rejected reason=unknown-revision
[log] [coop:transport] recv guest t=rendezvous point=shop:25:28 handlers=1
[log] [coop:transport] recv guest t=authorityEntry t=authorityEntry handlers=1
[log] [coop:transport] recv guest t=authorityEntry t=authorityEntry handlers=1
[log] [coop:transport] recv guest t=authorityEntry t=authorityEntry handlers=1
[log] [coop:interaction] mirror begin role=owner mirrorSeq=1792 interactionStart=28 reroll=0
[log] [coop:interaction] uiMirror beginSession role=owner mode=6 seq=1792 early=0
[log] [coop:owner] ownerOf(counter=28) seat=0 -> owner=host
[log] [coop:owner] isLocalOwnerAtCounter(pinnedCounter=28) parity=0 owner=host role=host -> true
[log] [coop:owner] ownerOf(counter=28) seat=0 -> owner=host
[log] [coop:owner] isLocalOwnerAtCounter(pinnedCounter=28) parity=0 owner=host role=host -> true
[log] [coop:relay] OWNER prepare seq=28 kind=reward choice=2 data=[0] role=host
[log] [coop:reward] reward op INTENT prepared label=reward id=1828413413364172:0:REWARD:2800000
[log] [coop:relay] OWNER send raw seq=28 kind=reward choice=2 role=host
[log] [coop:relay] SEND interactionChoice seq=28 kind=reward kind=? choice=2 data=[0]
[log] [coop:v2-interaction] suppressed raw authority interactionChoice seq=28 kind=reward
[log] [coop:reward] APPLY_RESULT pin=28 side=owner type=GREAT_BALL class=AddPokeballModifier pregen=[] holderSlot=-1 holderId=-1 stack=-1 accepted=true cost=-1
[log] [coop:v2-interaction] terminal proof recorded op=1828413413364172:0:REWARD:2800000 role=host seat=0 duplicate=0 ambient=1
[log] [coop:v2-interaction] phase terminal proof op=1828413413364172:0:REWARD:2800000 route=constructor-fallback accepted=1
[log] [coop:shop] serializeRewardOptions count=3 ids=[ER_PUNCHING_GLOVE,PP_UP,GREAT_BALL] tiers=[2,1,1]
[log] [coop:transport] send host t=authorityEntry t=authorityEntry
[log] [coop:v2-shadow] PARITY kind=INTERACTION_COMMIT rev=150 match=true field=-
[log] [coop:reward] reward authoritative RESULT retained rev=58 tick=528 id=1828413413364172:0:REWARD:2800000
[log] [coop:interaction] interactionCounter() read -> 28 (role=host)
[log] [coop:interaction] CoopInteractionTurn.advance INCREMENT (fromCounter=28) counter 28 -> 29
[log] [coop:interaction] advanceInteraction ADVANCED+V2-LOCAL (fromCounter=28) counter 28 -> 29 role=host
[log] [coop:owner] ownerOf(counter=29) seat=1 -> owner=guest
[log] [coop:owner] ownerOf(counter=29) seat=1 -> owner=guest
[log] [coop:interaction] interactionCounter() read -> 29 (role=host)
[log] [coop:reward] advance interaction from V2 commit (role=host from=28 counter 28 -> 29); typed successor owns release
[log] [coop:transport] recv guest t=authorityEntry t=authorityEntry handlers=1
[log] [coop:v2-authority] receipt rev=148 op=V2/WAVE/e1828413413364172/w25/tick526 stage=controlInstalled sender=1 generation=0 rejected reason=unknown-revision
[log] [coop:v2-authority] receipt rev=149 op=1828413413364172:0:REWARD_PRESENT:2800000 stage=controlInstalled sender=1 generation=0 rejected reason=unknown-revision
[log] [coop:v2-authority] receipt rev=149 op=1828413413364172:0:REWARD_PRESENT:2800000 stage=controlInstalled sender=1 generation=0 rejected reason=unknown-revision
[log] [coop:v2-authority] receipt rev=150 op=1828413413364172:0:REWARD:2800000 stage=admitted sender=1 generation=0 advanced retired=false waiting=[1] subsumed=[]
[log] [coop:v2-authority] receipt rev=150 op=1828413413364172:0:REWARD:2800000 stage=admitted sender=1 generation=0 duplicate highestStage=0
[log] [coop:v2-authority] receipt rev=150 op=1828413413364172:0:REWARD:2800000 stage=materialApplied sender=1 generation=0 advanced retired=false waiting=[1] subsumed=[]
[log] [coop:v2-authority] receipt rev=150 op=1828413413364172:0:REWARD:2800000 stage=controlInstalled sender=1 generation=0 advanced retired=true waiting=[] subsumed=[]
[log] [coop:interaction] interactionCounter() read -> 29 (role=host)
[log] [coop:interaction] interactionCounter() read -> 29 (role=guest)
[log] [coop-soak:wave-complete] {"seed":20365530,"wave":25,"wavesRequested":200,"wavesCompleted":25,"waveElapsedMs":6012,"elapsedMs":122141,"findings":0,"hostPhase":"ErCrossroadsPhase","guestPhase":"NewBattlePhase"}
[log] [coop:interaction] interactionCounter() read -> 29 (role=host)
[log] [coop:owner] ownerOf(counter=29) seat=1 -> owner=guest
[log] [coop:owner] isLocalOwnerAtCounter(pinnedCounter=29) parity=1 owner=guest role=host -> false
[log] [coop:reward] crossroads owner/watcher decision: pinnedStart=29 role=host spoof=false -> WATCHER (#848)
[log] [coop:transport] send host t=authorityEntry t=authorityEntry
[log] [coop:v2-shadow] PARITY kind=CONTROL_COMMIT rev=151 match=true field=- surface=interaction-open
[log] [coop:transport] recv guest t=authorityEntry t=authorityEntry handlers=1
[log] [coop:interaction] uiMirror beginSession role=watcher mode=15 seq=9600029 early=0
[log] [coop:relay] AWAIT interactionChoice seq=9600029 timeoutMs=1200000 expected=[crossroads] -> network-wait
[log] [coop:interaction] interactionCounter() read -> 29 (role=host)
[log] [coop:owner] ownerOf(counter=29) seat=1 -> owner=guest
[log] [coop:owner] isLocalOwnerAtCounter(pinnedCounter=29) parity=1 owner=guest role=host -> false
[log] [coop:v2-authority] receipt rev=151 op=V2/CONTROL/INTERACTION/1828413413364172:1:CROSSROADS_PICK:9600029 stage=admitted sender=1 generation=0 advanced retired=false waiting=[1] subsumed=[]
[log] [coop:v2-authority] receipt rev=151 op=V2/CONTROL/INTERACTION/1828413413364172:1:CROSSROADS_PICK:9600029 stage=materialApplied sender=1 generation=0 advanced retired=false waiting=[1] subsumed=[]
[log] [coop:v2-authority] receipt rev=151 op=V2/CONTROL/INTERACTION/1828413413364172:1:CROSSROADS_PICK:9600029 stage=materialApplied sender=1 generation=0 duplicate highestStage=1
[log] [coop:v2-authority] receipt rev=151 op=V2/CONTROL/INTERACTION/1828413413364172:1:CROSSROADS_PICK:9600029 stage=controlInstalled sender=1 generation=0 advanced retired=true waiting=[] subsumed=[]
[log] [coop:interaction] uiMirror WATCHER apply n=0 button=1 mode=15
[log] [coop:relay] DELIVER interactionChoice seq=9600029 -> waiter kind=crossroads choice=1 data=-
[log] [coop:relay] AWAIT interactionChoice seq=9600029 RESOLVE kind=crossroads choice=1 data=-
[log] [coop:reward] crossroads WATCHER: owner pick received moveOn=true pinnedStart=29 (#848)
[log] [coop:v2-interaction] terminal proof recorded op=1828413413364172:1:CROSSROADS_PICK:9600029 role=host seat=0 duplicate=0 ambient=1
[log] [coop:transport] send host t=authorityEntry t=authorityEntry
[log] [coop:v2-shadow] PARITY kind=INTERACTION_COMMIT rev=152 match=true field=-
[log] [coop:transport] recv guest t=authorityEntry t=authorityEntry handlers=1
[log] [coop:v2-authority] receipt rev=152 op=1828413413364172:1:CROSSROADS_PICK:9600029 stage=admitted sender=1 generation=0 advanced retired=false waiting=[1] subsumed=[]
[log] [coop:v2-authority] receipt rev=152 op=1828413413364172:1:CROSSROADS_PICK:9600029 stage=materialApplied sender=1 generation=0 advanced retired=false waiting=[1] subsumed=[]
[log] [coop:owner] ownerOf(counter=29) seat=1 -> owner=guest
[log] [coop:owner] isLocalOwnerAtCounter(pinnedCounter=29) parity=1 owner=guest role=host -> false
[log] [coop:owner] ownerOf(counter=29) seat=1 -> owner=guest
[log] [coop:owner] isLocalOwnerAtCounter(pinnedCounter=29) parity=1 owner=guest role=host -> false
[log] [coop:reward] biome pick owner/watcher decision: pinnedStart=29 role=host spoof=false chained=true -> WATCHER (#848)
[log] [coop:interaction] uiMirror beginSession role=watcher mode=54 seq=9700029 early=0
[log] [coop:relay] AWAIT interactionChoice seq=9700029 timeoutMs=1200000 expected=[biomePick] -> network-wait
[log] [coop:interaction] interactionCounter() read -> 29 (role=host)
[log] [coop:owner] ownerOf(counter=29) seat=1 -> owner=guest
[log] [coop:owner] isLocalOwnerAtCounter(pinnedCounter=29) parity=1 owner=guest role=host -> false
[log] [coop:relay] DELIVER interactionChoice seq=9700029 -> waiter kind=biomePick choice=0 data=[27]
[log] [coop:relay] AWAIT interactionChoice seq=9700029 RESOLVE kind=biomePick choice=0 data=[27]
[log] [coop:v2-authority] receipt rev=152 op=1828413413364172:1:CROSSROADS_PICK:9600029 stage=materialApplied sender=1 generation=0 duplicate highestStage=1
[log] [coop:v2-authority] receipt rev=152 op=1828413413364172:1:CROSSROADS_PICK:9600029 stage=controlInstalled sender=1 generation=0 advanced retired=true waiting=[] subsumed=[]
[log] [coop:reward] biome pick WATCHER: owner biome=undefined received pinnedStart=29 (#848)
[log] [coop:interaction] interactionCounter() read -> 29 (role=host)
[log] [coop:interaction] CoopInteractionTurn.advance INCREMENT (fromCounter=29) counter 29 -> 30
[log] [coop:interaction] advanceInteraction ADVANCED+BROADCAST (fromCounter=29) counter 29 -> 30 role=host; send interaction screen=__turn__ choice=30
[log] [coop:interaction] SEND counter snapshot reason=advance choice=30 role=host
[log] [coop:transport] send host t=interaction screen=__turn__
[log] [coop:owner] ownerOf(counter=30) seat=0 -> owner=host
[log] [coop:owner] ownerOf(counter=30) seat=0 -> owner=host
[log] [coop:interaction] interactionCounter() read -> 30 (role=host)
[log] [coop:reward] advance interaction from CONTINUATION commit (role=host from=29 counter 29 -> 30)
[log] [coop:interaction] interactionCounter() read -> 30 (role=host)
[log] [coop:v2-interaction] terminal proof recorded op=1828413413364172:1:BIOME_PICK:9700029 role=host seat=0 duplicate=0 ambient=1
[log] [coop:transport] send host t=authorityEntry t=authorityEntry
[log] [coop:v2-shadow] PARITY kind=INTERACTION_COMMIT rev=153 match=true field=-
[log] [coop:transport] recv guest t=interaction screen=__turn__ handlers=1
[log] [coop:transport] recv guest t=authorityEntry t=authorityEntry handlers=1
[log] [coop:interaction] RECV interaction broadcast (deferred catch-up net) received=30 localBefore=30 role=host -> no defer (local >= received)
[warn] [coop:interaction] CoopInteractionTurn.mergeRemote DEFER (remote=30, counter=30, pendingRemote=30) live counter UNCHANGED (folds in at next advance if still ahead)
[log] [coop:owner] ownerOf(counter=30) seat=0 -> owner=host
[log] [coop:owner] ownerOf(counter=30) seat=0 -> owner=host
[log] [coop:v2-authority] receipt rev=153 op=1828413413364172:1:BIOME_PICK:9700029 stage=admitted sender=1 generation=0 advanced retired=false waiting=[1] subsumed=[]
[log] [coop:v2-authority] receipt rev=153 op=1828413413364172:1:BIOME_PICK:9700029 stage=materialApplied sender=1 generation=0 advanced retired=false waiting=[1] subsumed=[]
[log] [coop:v2-authority] receipt rev=153 op=1828413413364172:1:BIOME_PICK:9700029 stage=controlInstalled sender=1 generation=0 advanced retired=true waiting=[] subsumed=[]
[log] [coop:interaction] interactionCounter() read -> 30 (role=host)
[log] %cStart Phase: SwitchBiomePhase color:green
[log] %cStart Phase: NewBattlePhase color:green
[log] [coop:v2-control] NewBattlePhase installed committed host biome encounter wave=25->26
[log] %cStart Phase: ReturnPhase color:green
[log] [coop:turn] host recorder: begin turn=1 scope=1828413413364172:26 (no prior open recording)
[log] %cStart Phase: ReturnPhase color:green
[log] [coop:turn] host recorder: preserve recording scope=1828413413364172:26 turn=1 events=0 seq=0
[log] %cStart Phase: ShowTrainerPhase color:green
[log] %cStart Phase: NewBiomeEncounterPhase color:green
[log] [coop:turn] host recorder: append turn=1 seq=0 k=terrain total=1 live=true
[log] [coop:turn] host recorder: append turn=1 seq=1 k=message total=2 live=true
[log] [coop:interaction] interactionCounter() read -> 30 (role=host)
[log] [coop:replay] host SEND enemyPartySync wave=26 count=2 meType=-1 battleType=0 entryPresentation=-
[log] [coop:transport] send host t=enemyPartySync wave=26 enemies=2 battleType=0
[log] [coop:turn] host recorder: preserve recording scope=1828413413364172:26 turn=1 events=2 seq=2
[log] [coop:transport] recv guest t=enemyPartySync wave=26 enemies=2 battleType=0 handlers=1
[log] %cStart Phase: CommonAnimPhase color:green
[log] %cStart Phase: MessagePhase color:green
[log] %cStart Phase: SummonPhase color:green
[log] [coop:turn] host recorder: preserve recording scope=1828413413364172:26 turn=1 events=2 seq=2
[log] %cStart Phase: ToggleDoublePositionPhase color:green
[log] %cStart Phase: SummonPhase color:green
[log] [coop:turn] host recorder: preserve recording scope=1828413413364172:26 turn=1 events=2 seq=2
[log] %cStart Phase: CheckSwitchPhase color:green
[log] %cStart Phase: CheckSwitchPhase color:green
[log] %cStart Phase: InitEncounterPhase color:green
[log] [coop:turn] host recorder: preserve recording scope=1828413413364172:26 turn=1 events=2 seq=2
[log] %cStart Phase: PostSummonPhase color:green
[log] %cStart Phase: PostSummonPhase color:green
[log] [coop:turn] host recorder: append turn=1 seq=2 k=terrain total=3 live=true
[log] [coop:turn] host recorder: append turn=1 seq=3 k=message total=4 live=true
[log] %cStart Phase: ShowAbilityPhase color:green
[log] [coop:turn] host recorder: append turn=1 seq=4 k=showAbility total=5 live=true
[log] %cStart Phase: CommonAnimPhase color:green
[log] %cStart Phase: MessagePhase color:green
[log] %cStart Phase: HideAbilityPhase color:green
[log] [coop:turn] host recorder: append turn=1 seq=5 k=hideAbility total=6 live=true
[log] %cStart Phase: PostSummonPhase color:green
[log] %cStart Phase: PostSummonPhase color:green
[log] %cStart Phase: PostSummonPhase color:green
[log] %cStart Phase: PostSummonPhase color:green
[log] [coop:turn] host recorder: append turn=1 seq=6 k=message total=7 live=true
[log] %cStart Phase: ShowAbilityPhase color:green
[log] [coop:turn] host recorder: append turn=1 seq=7 k=showAbility total=8 live=true
[log] %cStart Phase: MessagePhase color:green
[log] %cStart Phase: HideAbilityPhase color:green
[log] [coop:turn] host recorder: append turn=1 seq=8 k=hideAbility total=9 live=true
[log] %cStart Phase: TurnInitPhase color:green
[log] [coop:replay] host SEND enemyPartySync wave=26 count=2 meType=-1 battleType=0 entryPresentation=9
[log] [coop:transport] send host t=enemyPartySync wave=26 enemies=2 battleType=0
[log] [coop:replay] host RE-BROADCAST wave-start authority wave=26 after post-summon boundary stateChanged=true presentation=9 (#920)
[log] [coop:transport] send host t=authorityEntry t=authorityEntry
[log] [coop:v2-shadow] PARITY kind=CONTROL_COMMIT rev=154 match=true field=-
[log] [coop:rendezvous] next-command barrier ARRIVE+AWAIT cmd:26:1 slot=0
[log] [coop:rendezvous] ARRIVE point=cmd:26:1 (send) role=host
[log] [coop:transport] send host t=rendezvous point=cmd:26:1
[log] [coop:rendezvous] AWAIT point=cmd:26:1 timeoutMs=2000 -> network-wait role=host
[log] [coop:transport] recv guest t=enemyPartySync wave=26 enemies=2 battleType=0 handlers=1
[log] [coop:transport] recv guest t=authorityEntry t=authorityEntry handlers=1
[log] [coop:transport] recv guest t=rendezvous point=cmd:26:1 handlers=1
[log] [coop:v2-authority] receipt rev=154 op=V2/CONTROL/COMMAND/e1828413413364172/w26/t1/tick535 stage=admitted sender=1 generation=0 advanced retired=false waiting=[1] subsumed=[]
[log] [coop:transport] send host t=authorityEntry t=authorityEntry
[log] [coop:rendezvous] RECV arrival point=cmd:26:1 -> deliver-to-waiter role=host
[log] [coop:transport] send host t=rendezvous point=cmd:26:1
[log] [coop:rendezvous] AWAIT point=cmd:26:1 RESOLVE both-arrived role=host
[log] [coop:v2-authority] receipt rev=154 op=V2/CONTROL/COMMAND/e1828413413364172/w26/t1/tick535 stage=admitted sender=1 generation=0 duplicate highestStage=0
[log] [coop:v2-authority] receipt rev=154 op=V2/CONTROL/COMMAND/e1828413413364172/w26/t1/tick535 stage=materialApplied sender=1 generation=0 advanced retired=false waiting=[1] subsumed=[]
[log] [coop:v2-authority] receipt rev=154 op=V2/CONTROL/COMMAND/e1828413413364172/w26/t1/tick535 stage=materialApplied sender=1 generation=0 duplicate highestStage=1
[log] [coop:v2-authority] receipt rev=154 op=V2/CONTROL/COMMAND/e1828413413364172/w26/t1/tick535 stage=materialApplied sender=1 generation=0 duplicate highestStage=1
[log] [coop:v2-authority] receipt rev=154 op=V2/CONTROL/COMMAND/e1828413413364172/w26/t1/tick535 stage=materialApplied sender=1 generation=0 duplicate highestStage=1
[log] [coop:v2-authority] receipt rev=154 op=V2/CONTROL/COMMAND/e1828413413364172/w26/t1/tick535 stage=controlInstalled sender=1 generation=0 advanced retired=true waiting=[] subsumed=[]
[log] [coop:transport] recv guest t=rendezvous point=cmd:26:1 handlers=1
[log] [coop:transport] send host t=enemyPartySync wave=26 enemies=2 battleType=0
[log] [coop:replay] host RE-BROADCAST wave-start authority wave=26 after post-summon boundary stateChanged=false presentation=9 (#920)
[log] [coop:transport] recv guest t=enemyPartySync wave=26 enemies=2 battleType=0 handlers=1
[log] [coop-soak:wave-start] {"seed":20365530,"wave":26,"wavesRequested":200,"wavesCompleted":25,"elapsedMs":124345,"hostPhase":"CommandPhase","guestPhase":"CommandPhase"}
[log] [coop:interaction] interactionCounter() read -> 30 (role=host)
[log] [coop:interaction] interactionCounter() read -> 30 (role=guest)
[log] [coop:interaction] interactionCounter() read -> 30 (role=host)
[log] [coop:checksum] capture digest=aa2e11bece5cf957 field=4 biome=27 seed=coop-soak-20365530 weather=0 terrain=4 money=1880 party=[493,150,890,384,382,888] partyLevels=[500,500,500,500,500,500] arenaTags=1 modifiers=5 heldItemsDigest=0 pokeballs=[0:45,1:20,2:0,3:0,4:0] mons=[bi0:sp493/hp1865-1865/st0/ab121/form0/tera0:0/boss0:0 bi1:sp150/hp1725-1725/st0/ab227/form0/tera0:13/boss0:0 bi2:sp168/hp58-58/st0/ab5077/form0/tera0:3/boss0:0 bi3:sp870/hp59-59/st0/ab55/form0/tera0:8/boss0:0]
[log] [coop:interaction] interactionCounter() read -> 30 (role=host)
[log] %cStart Phase: SelectTargetPhase color:green
[log] [coop:owner] broadcast own-slot fi=0 turn=1 role=host cmd=0
[log] [coop:relay] broadcastLocalCommand SEND fieldIndex=0 owner=host turn=1 command=0 cursor=2 moveId=53 targets=[2]
[log] [coop:transport] send host t=command fi=0 owner=host turn=1 cmd=0 cursor=2 move=53
[log] [coop:transport] recv guest t=command fi=0 owner=host turn=1 cmd=0 cursor=2 move=53 handlers=1
[log] [coop:relay] recv command fieldIndex=0 turn=1 command=0 -> BUFFERED (no awaiter yet)
[log] %cStart Phase: CommandPhase color:green
[log] [coop:transport] send host t=enemyPartySync wave=26 enemies=2 battleType=0
[log] [coop:replay] host RE-BROADCAST wave-start authority wave=26 after post-summon boundary stateChanged=true presentation=9 (#920)
[log] [coop:battle] CommandPhase slot=1 turn=1 owner=guest role=host -> partner path
[log] [coop:relay] host requestPartnerCommand SEND fieldIndex=1 turn=1 moveSlots=[0,1,2,3] (awaiting peer)
[log] [coop:transport] send host t=commandRequest fi=1 owner=guest turn=1 slots=4
[log] [coop:transport] recv guest t=enemyPartySync wave=26 enemies=2 battleType=0 handlers=1
[log] [coop:transport] recv guest t=commandRequest fi=1 owner=guest turn=1 slots=4 handlers=1
[log] [coop:relay] peer recv commandRequest fieldIndex=1 owner=guest turn=1 moveSlots=[0,1,2,3] -> reply command=0 cursor=0 moveId=34
[log] [coop:transport] send guest t=command fi=1 owner=guest turn=1 cmd=0 cursor=0 move=34
[log] [coop:transport] recv host t=command fi=1 owner=guest turn=1 cmd=0 cursor=0 move=34 handlers=1
[log] [coop:relay] recv command fieldIndex=1 turn=1 command=0 -> resolved awaiting request
[log] [coop:ai] applyWiredPartnerCommand partner=150 wiredMoveId=34 cursor=0 -> moveId=34 moveIndex=0 tera=false targets=[3] targetsFrom=wire-verbatim useMode=1
[log] %cStart Phase: EnemyCommandPhase color:green
[log] %cStart Phase: EnemyCommandPhase color:green
[log] %cStart Phase: TurnStartPhase color:green
[log] [coop-diag] turn-start authoritative guard mode=authoritative role=host turn=1 diverts=false
[log] [coop:turn] host recorder: preserve recording scope=1828413413364172:26 turn=1 events=14 seq=14
[log] %cStart Phase: MovePhase color:green
[log] [coop:turn] host recorder: append turn=1 seq=14 k=moveUsed total=15 live=true
[log] %cStart Phase: MessagePhase color:green
[log] %cStart Phase: MoveEffectPhase color:green
[log] [coop:turn] host recorder: append turn=1 seq=15 k=moveAnim total=16 live=true
[log] [coop:turn] host recorder: append turn=1 seq=16 k=hp total=17 live=true
[log] [coop:turn] host recorder: append turn=1 seq=17 k=faint total=18 live=true
[log] [coop:turn] host recorder: append turn=1 seq=18 k=message total=19 live=true
[log] %cStart Phase: DamageAnimPhase color:green
[log] %cStart Phase: MessagePhase color:green
[log] %cStart Phase: FaintPhase color:green
[log] %cStart Phase: MessagePhase color:green
[log] %cStart Phase: VictoryPhase color:green
[log] [coop:progression] HOST progression capture begin wave=26
[log] [coop:progression] HOST applyPartyExp COMPUTE wave=26 expValue=628 koMon=Falinks
[log] %cStart Phase: MoveEndPhase color:green
[log] %cStart Phase: MovePhase color:green
[log] [coop:turn] host recorder: append turn=1 seq=19 k=moveUsed total=20 live=true
[log] %cStart Phase: MessagePhase color:green
[log] %cStart Phase: MoveEffectPhase color:green
[log] [coop:turn] host recorder: append turn=1 seq=20 k=moveAnim total=21 live=true
[log] [coop:turn] host recorder: append turn=1 seq=21 k=hp total=22 live=true
[log] [coop:turn] host recorder: append turn=1 seq=22 k=faint total=23 live=true
[log] [coop:turn] host recorder: append turn=1 seq=23 k=message total=24 live=true
[log] %cStart Phase: DamageAnimPhase color:green
[log] %cStart Phase: MessagePhase color:green
[log] %cStart Phase: FaintPhase color:green
[log] %cStart Phase: MessagePhase color:green
[log] %cStart Phase: VictoryPhase color:green
[log] [coop:progression] HOST applyPartyExp COMPUTE wave=26 expValue=505 koMon=Ariados
[log] [coop:runtime] defer raw waveResolved wave=26 outcome=win until its material turnResolution is retained
[log] [coop-diag] VictoryPhase win-branch role=host battleType=WILD queuesTrainerVictory=false queuesSelectModifier=true wave=26
[log] [coop-diag] VictoryTail role=host wave=26 source=legacy-local trainer=false egg=true biomeShop=false biomeChange=false crossroads=false nextWave=27
[log] %cStart Phase: MoveEndPhase color:green
[log] %cStart Phase: MovePhase color:green
[log] %cStart Phase: MoveEndPhase color:green
[log] %cStart Phase: MovePhase color:green
[log] %cStart Phase: MoveEndPhase color:green
[log] %cStart Phase: CheckInterludePhase color:green
[log] %cStart Phase: WeatherEffectPhase color:green
[log] %cStart Phase: PositionalTagPhase color:green
[log] %cStart Phase: BerryPhase color:green
[log] %cStart Phase: CheckStatusEffectPhase color:green
[log] %cStart Phase: TurnEndPhase color:green
[log] %cStart Phase: CoopTurnCommitPhase color:green
[log] [coop:turn] host recorder: finalize turn=1 events=24 seq=24
[log] [coop:checkpoint] build field=4 weather=0/0 terrain=4/7 arenaTags=1 money=1880 mons=[bi0:sp493/hp1865-1865/st0/fnt0 bi1:sp150/hp1725-1725/st0/fnt0 bi2:sp168/hp0-58/st7/fnt1 bi3:sp870/hp0-59/st7/fnt1]
[log] [coop:checkpoint] host capture field=4 weather=0 terrain=4 money=1880 arenaTags=1 mons=[bi0:sp493/hp1865-1865/st0/fnt0 bi1:sp150/hp1725-1725/st0/fnt0 bi2:sp168/hp0-58/st7/fnt1 bi3:sp870/hp0-59/st7/fnt1]
[log] [coop:interaction] interactionCounter() read -> 30 (role=host)
[log] [coop:replay] host SEND turnResolution e=1828413413364172 wave=26 turn=1 rev=544 events=24 checksum=ec6ef5a410d061f0
[log] [coop:transport] send host t=authorityEntry t=authorityEntry
[log] [coop:v2-shadow] PARITY kind=TURN_COMMIT rev=155 match=true field=- successor=none-non-command-boundary
[log] [coop:transport] send host t=turnResolution e=1828413413364172 wave=26 turn=1 rev=544 events=24 checksum=ec6ef5a410d061f0
[log] [coop:runtime] send waveResolved wave=26 outcome=win (host)
[log] [coop:replay] host SEND waveResolved wave=26 outcome=win transition=WAVE_VICTORY/next27/biome0/egg1/wild
[log] [coop:transport] send host t=waveResolved wave=26 outcome=win captureParty=- cap=-
[log] [coop:transport] recv guest t=authorityEntry t=authorityEntry handlers=1
[log] [coop:transport] recv guest t=turnResolution e=1828413413364172 wave=26 turn=1 rev=544 events=24 checksum=ec6ef5a410d061f0 handlers=1
[log] [coop:transport] recv guest t=waveResolved wave=26 outcome=win captureParty=- cap=- handlers=1
[log] [38;2;255;127;80mPhaseInterceptor.to: Stopping on completion of CoopTurnCommitPhase[39m
[log] %cStart Phase: BattleEndPhase color:green
[log] [coop:progression] HOST automatic victory settlement deferred wave=26 sourceTurn=1 settlementTurn=2
[log] [coop:v2-authority] receipt rev=155 op=TURN/e1828413413364172/w26/t1 stage=admitted sender=1 generation=0 advanced retired=false waiting=[1] subsumed=[]
[log] [coop:transport] send host t=authorityEntry t=authorityEntry
[log] [coop:v2-authority] receipt rev=155 op=TURN/e1828413413364172/w26/t1 stage=admitted sender=1 generation=0 duplicate highestStage=0
[log] [coop:transport] send host t=authorityEntry t=authorityEntry
[log] [coop:v2-authority] receipt rev=155 op=TURN/e1828413413364172/w26/t1 stage=admitted sender=1 generation=0 duplicate highestStage=0
[log] [coop:v2-authority] receipt rev=155 op=TURN/e1828413413364172/w26/t1 stage=admitted sender=1 generation=0 duplicate highestStage=0
[log] [coop:v2-authority] receipt rev=155 op=TURN/e1828413413364172/w26/t1 stage=materialApplied sender=1 generation=0 advanced retired=false waiting=[1] subsumed=[]
[log] [coop:v2-authority] receipt rev=155 op=TURN/e1828413413364172/w26/t1 stage=controlInstalled sender=1 generation=0 advanced retired=true waiting=[] subsumed=[]
[log] [coop:interaction] interactionCounter() read -> 30 (role=host)
[log] %cStart Phase: EggLapsePhase color:green
[log] %cStart Phase: CoopVictorySealPhase color:green
[log] [coop:transport] send host t=authorityEntry t=authorityEntry
[log] [coop:v2-shadow] PARITY kind=WAVE_ADVANCE rev=156 match=true field=-
[log] [coop:runtime] settled WAVE_ADVANCE committed wave=26 tick=545 next=WAVE_VICTORY/wave27
[log] [coop:runtime] send waveEndState wave=26 tick=545 (host)
[log] [coop:replay] host SEND waveEndState wave=26 tick=545 party=6
[log] [coop:transport] send host t=waveEndState t=waveEndState
[log] [coop:progression] HOST automatic victory settlement sealed wave=26 sourceTurn=1 settlementTurn=2 tick=545
[log] [coop:transport] recv guest t=authorityEntry t=authorityEntry handlers=1
[log] [coop:transport] recv guest t=waveEndState t=waveEndState handlers=1
[log] [coop:interaction] interactionCounter() read -> 30 (role=host)
[log] [coop:owner] ownerOf(counter=30) seat=0 -> owner=host
[log] [coop:owner] isLocalOwnerAtCounter(pinnedCounter=30) parity=0 owner=host role=host -> true
[log] [coop:interaction] interactionCounter() read -> 30 (role=host)
[log] [coop:reward] owner/watcher decision: pinnedStart=30 liveCounter=30 parity=0 role=host pick=OWNER option=ROLL spoof=false
[log] [coop:shop] serializeRewardOptions count=3 ids=[ER_ABILITY_CAPSULE,ULTRA_BALL,BERRY] tiers=[1,2,0]
[log] [coop:reward] OWNER streams reward options (start=30 reroll=0 count=3 ids=[ER_ABILITY_CAPSULE,ULTRA_BALL,BERRY])
[log] [coop:relay] SEND rewardOptions seq=30 reroll=0 count=3 ids=[ER_ABILITY_CAPSULE,ULTRA_BALL,BERRY]
[log] [coop:transport] send host t=authorityEntry t=authorityEntry
[log] [coop:v2-shadow] PARITY kind=INTERACTION_COMMIT rev=157 match=true field=-
[log] [coop:reward] authoritative options retained surface=reward pin=30 reroll=0 count=3 rev=61 id=1828413413364172:0:REWARD_PRESENT:3000000
[log] [coop:v2-interaction] suppressed raw rewardOptions key=30:0; immutable entry retained
[log] [coop:rendezvous] ARRIVE point=shop:26:30 (send) role=host
[log] [coop:transport] send host t=rendezvous point=shop:26:30
[log] [coop:reward] OWNER drives reward screen (start=30 role=host spoof=false adoptsOptions=false wave=26)
[log] [coop:rendezvous] shop-pick-commit barrier AWAIT shop:26:30
[log] [coop:rendezvous] AWAIT point=shop:26:30 timeoutMs=2000 -> network-wait role=host
[log] [coop:transport] recv guest t=authorityEntry t=authorityEntry handlers=1
[log] [coop:transport] recv guest t=rendezvous point=shop:26:30 handlers=1
[log] [coop:interaction] interactionCounter() read -> 30 (role=host)
[log] [coop:checksum] capture digest=ec6ef5a410d061f0 field=4 biome=27 seed=coop-soak-20365530 weather=0 terrain=4 money=1880 party=[493,150,890,384,382,888] partyLevels=[500,500,500,500,500,500] arenaTags=1 modifiers=5 heldItemsDigest=0 pokeballs=[0:45,1:20,2:0,3:0,4:0] mons=[bi0:sp493/hp1865-1865/st0/ab121/form0/tera0:0/boss0:0 bi1:sp150/hp1725-1725/st0/ab227/form0/tera0:13/boss0:0 bi2:sp168/hp0-58/st7/ab5077/form0/tera0:3/boss0:0 bi3:sp870/hp0-59/st7/ab55/form0/tera0:8/boss0:0]
[log] [coop:transport] send host t=authorityEntry t=authorityEntry
[log] [coop:rendezvous] RECV arrival point=shop:26:30 -> deliver-to-waiter role=host
[log] [coop:transport] send host t=rendezvous point=shop:26:30
[log] [coop:rendezvous] AWAIT point=shop:26:30 RESOLVE both-arrived role=host
[log] [coop:stream] host IGNORE cosmetic turn ACK stage=continuationReady key=1828413413364172:26:1:544 (v2 owns retirement)
[log] [coop:v2-authority] receipt rev=156 op=V2/WAVE/e1828413413364172/w26/tick545 stage=admitted sender=1 generation=0 advanced retired=false waiting=[1] subsumed=[]
[log] [coop:transport] send host t=authorityEntry t=authorityEntry
[log] [coop:transport] send host t=authorityEntry t=authorityEntry
[log] [coop:v2-authority] receipt rev=156 op=V2/WAVE/e1828413413364172/w26/tick545 stage=admitted sender=1 generation=0 duplicate highestStage=0
[log] [coop:v2-authority] receipt rev=156 op=V2/WAVE/e1828413413364172/w26/tick545 stage=materialApplied sender=1 generation=0 advanced retired=false waiting=[1] subsumed=[]
[log] [coop:transport] send host t=authorityEntry t=authorityEntry
[log] [coop:v2-authority] receipt rev=156 op=V2/WAVE/e1828413413364172/w26/tick545 stage=controlInstalled sender=1 generation=0 advanced retired=true waiting=[] subsumed=[]
[log] [coop:v2-authority] receipt rev=157 op=1828413413364172:0:REWARD_PRESENT:3000000 stage=admitted sender=1 generation=0 advanced retired=false waiting=[1] subsumed=[]
[log] [coop:v2-authority] receipt rev=157 op=1828413413364172:0:REWARD_PRESENT:3000000 stage=materialApplied sender=1 generation=0 advanced retired=false waiting=[1] subsumed=[]
[log] [coop:v2-authority] receipt rev=157 op=1828413413364172:0:REWARD_PRESENT:3000000 stage=materialApplied sender=1 generation=0 duplicate highestStage=1
[log] [coop:v2-authority] receipt rev=157 op=1828413413364172:0:REWARD_PRESENT:3000000 stage=controlInstalled sender=1 generation=0 advanced retired=true waiting=[] subsumed=[]
[log] [coop:transport] recv guest t=rendezvous point=shop:26:30 handlers=1
[log] [coop:transport] recv guest t=authorityEntry t=authorityEntry handlers=1
[log] [coop:transport] recv guest t=authorityEntry t=authorityEntry handlers=1
[log] [coop:transport] recv guest t=authorityEntry t=authorityEntry handlers=1
[log] [coop:interaction] mirror begin role=owner mirrorSeq=1920 interactionStart=30 reroll=0
[log] [coop:interaction] uiMirror beginSession role=owner mode=6 seq=1920 early=0
[log] [coop:owner] ownerOf(counter=30) seat=0 -> owner=host
[log] [coop:owner] isLocalOwnerAtCounter(pinnedCounter=30) parity=0 owner=host role=host -> true
[log] [coop:relay] OWNER prepare seq=30 kind=skip choice=-1 data=[] role=host
[log] [coop:reward] reward op INTENT prepared label=skip id=1828413413364172:0:REWARD:3000000
[log] [coop:v2-interaction] terminal proof recorded op=1828413413364172:0:REWARD:3000000 role=host seat=0 duplicate=0 ambient=1
[log] [coop:v2-interaction] phase terminal proof op=1828413413364172:0:REWARD:3000000 route=constructor-fallback accepted=1
[log] [coop:shop] serializeRewardOptions count=3 ids=[ER_ABILITY_CAPSULE,ULTRA_BALL,BERRY] tiers=[1,2,0]
[log] [coop:transport] send host t=authorityEntry t=authorityEntry
[log] [coop:v2-shadow] PARITY kind=INTERACTION_COMMIT rev=158 match=true field=-
[log] [coop:reward] reward authoritative RESULT retained rev=62 tick=547 id=1828413413364172:0:REWARD:3000000
[log] [coop:reward] OWNER retained terminal before continuation seq=30 id=1828413413364172:0:REWARD:3000000
[log] [coop:transport] recv guest t=authorityEntry t=authorityEntry handlers=1
[log] [coop:v2-authority] receipt rev=156 op=V2/WAVE/e1828413413364172/w26/tick545 stage=controlInstalled sender=1 generation=0 rejected reason=unknown-revision
[log] [coop:v2-authority] receipt rev=156 op=V2/WAVE/e1828413413364172/w26/tick545 stage=controlInstalled sender=1 generation=0 rejected reason=unknown-revision
[log] [coop:v2-authority] receipt rev=157 op=1828413413364172:0:REWARD_PRESENT:3000000 stage=controlInstalled sender=1 generation=0 rejected reason=unknown-revision
[log] [coop:v2-authority] receipt rev=157 op=1828413413364172:0:REWARD_PRESENT:3000000 stage=controlInstalled sender=1 generation=0 rejected reason=unknown-revision
[log] [coop:v2-authority] receipt rev=158 op=1828413413364172:0:REWARD:3000000 stage=admitted sender=1 generation=0 advanced retired=false waiting=[1] subsumed=[]
[log] [coop:v2-authority] receipt rev=158 op=1828413413364172:0:REWARD:3000000 stage=admitted sender=1 generation=0 duplicate highestStage=0
[log] [coop:v2-authority] receipt rev=158 op=1828413413364172:0:REWARD:3000000 stage=materialApplied sender=1 generation=0 advanced retired=false waiting=[1] subsumed=[]
[log] [coop:v2-authority] receipt rev=158 op=1828413413364172:0:REWARD:3000000 stage=controlInstalled sender=1 generation=0 advanced retired=true waiting=[] subsumed=[]
[log] [coop:reward] OWNER peer material applied; release terminal engine barrier seq=30 id=1828413413364172:0:REWARD:3000000
[log] [coop:interaction] interactionCounter() read -> 30 (role=host)
[log] [coop:interaction] CoopInteractionTurn.advance INCREMENT (fromCounter=30) counter 30 -> 31
[log] [coop:interaction] advanceInteraction ADVANCED+V2-LOCAL (fromCounter=30) counter 30 -> 31 role=host
[log] [coop:owner] ownerOf(counter=31) seat=1 -> owner=guest
[log] [coop:owner] ownerOf(counter=31) seat=1 -> owner=guest
[log] [coop:interaction] interactionCounter() read -> 31 (role=host)
[log] [coop:reward] advance interaction from V2 commit (role=host from=30 counter 30 -> 31); typed successor owns release
[log] [coop:interaction] interactionCounter() read -> 31 (role=host)
[log] [coop:interaction] interactionCounter() read -> 31 (role=guest)
[log] [coop-soak:wave-complete] {"seed":20365530,"wave":26,"wavesRequested":200,"wavesCompleted":26,"waveElapsedMs":2852,"elapsedMs":127197,"findings":0,"hostPhase":"NewBattlePhase","guestPhase":"NewBattlePhase"}
[log] %cStart Phase: NewBattlePhase color:green
[log] %cStart Phase: NextEncounterPhase color:green
[log] [coop:interaction] interactionCounter() read -> 31 (role=host)
[log] [coop:replay] host SEND enemyPartySync wave=27 count=2 meType=-1 battleType=0 entryPresentation=-
[log] [coop:transport] send host t=enemyPartySync wave=27 enemies=2 battleType=0
[log] [coop:turn] host recorder: begin turn=1 scope=1828413413364172:27 (no prior open recording)
[log] [coop:transport] recv guest t=enemyPartySync wave=27 enemies=2 battleType=0 handlers=1
[log] %cStart Phase: ToggleDoublePositionPhase color:green
[log] %cStart Phase: CheckSwitchPhase color:green
[log] %cStart Phase: CheckSwitchPhase color:green
[log] %cStart Phase: InitEncounterPhase color:green
[log] [coop:turn] host recorder: preserve recording scope=1828413413364172:27 turn=1 events=0 seq=0
[log] %cStart Phase: PostSummonPhase color:green
[log] %cStart Phase: PostSummonPhase color:green
[log] %cStart Phase: PostSummonPhase color:green
[log] %cStart Phase: ShowAbilityPhase color:green
[log] [coop:turn] host recorder: append turn=1 seq=0 k=showAbility total=1 live=true
[log] %cStart Phase: HideAbilityPhase color:green
[log] [coop:turn] host recorder: append turn=1 seq=1 k=hideAbility total=2 live=true
[log] %cStart Phase: TurnInitPhase color:green
[log] [coop:replay] host SEND enemyPartySync wave=27 count=2 meType=-1 battleType=0 entryPresentation=2
[log] [coop:transport] send host t=enemyPartySync wave=27 enemies=2 battleType=0
[log] [coop:replay] host RE-BROADCAST wave-start authority wave=27 after post-summon boundary stateChanged=true presentation=2 (#920)
[log] [coop:transport] send host t=authorityEntry t=authorityEntry
[log] [coop:v2-shadow] PARITY kind=CONTROL_COMMIT rev=159 match=true field=-
[log] [coop:rendezvous] next-command barrier ARRIVE+AWAIT cmd:27:1 slot=0
[log] [coop:rendezvous] ARRIVE point=cmd:27:1 (send) role=host
[log] [coop:transport] send host t=rendezvous point=cmd:27:1
[log] [coop:rendezvous] AWAIT point=cmd:27:1 timeoutMs=2000 -> network-wait role=host
[log] [coop:transport] recv guest t=enemyPartySync wave=27 enemies=2 battleType=0 handlers=1
[log] [coop:transport] recv guest t=authorityEntry t=authorityEntry handlers=1
[log] [coop:transport] recv guest t=rendezvous point=cmd:27:1 handlers=1
[log] [coop:v2-authority] receipt rev=159 op=V2/CONTROL/COMMAND/e1828413413364172/w27/t1/tick551 stage=admitted sender=1 generation=0 advanced retired=false waiting=[1] subsumed=[]
[log] [coop:transport] send host t=authorityEntry t=authorityEntry
[log] [coop:rendezvous] RECV arrival point=cmd:27:1 -> deliver-to-waiter role=host
[log] [coop:transport] send host t=rendezvous point=cmd:27:1
[log] [coop:rendezvous] AWAIT point=cmd:27:1 RESOLVE both-arrived role=host
[log] [coop:v2-authority] receipt rev=159 op=V2/CONTROL/COMMAND/e1828413413364172/w27/t1/tick551 stage=admitted sender=1 generation=0 duplicate highestStage=0
[log] [coop:v2-authority] receipt rev=159 op=V2/CONTROL/COMMAND/e1828413413364172/w27/t1/tick551 stage=materialApplied sender=1 generation=0 advanced retired=false waiting=[1] subsumed=[]
[log] [coop:v2-authority] receipt rev=159 op=V2/CONTROL/COMMAND/e1828413413364172/w27/t1/tick551 stage=materialApplied sender=1 generation=0 duplicate highestStage=1
[log] [coop:v2-authority] receipt rev=159 op=V2/CONTROL/COMMAND/e1828413413364172/w27/t1/tick551 stage=materialApplied sender=1 generation=0 duplicate highestStage=1
[log] [coop:v2-authority] receipt rev=159 op=V2/CONTROL/COMMAND/e1828413413364172/w27/t1/tick551 stage=materialApplied sender=1 generation=0 duplicate highestStage=1
[log] [coop:v2-authority] receipt rev=159 op=V2/CONTROL/COMMAND/e1828413413364172/w27/t1/tick551 stage=controlInstalled sender=1 generation=0 advanced retired=true waiting=[] subsumed=[]
[log] [coop:transport] recv guest t=rendezvous point=cmd:27:1 handlers=1
[log] [coop:transport] send host t=enemyPartySync wave=27 enemies=2 battleType=0
[log] [coop:replay] host RE-BROADCAST wave-start authority wave=27 after post-summon boundary stateChanged=false presentation=2 (#920)
[log] [coop:transport] recv guest t=enemyPartySync wave=27 enemies=2 battleType=0 handlers=1
[log] [coop-soak:wave-start] {"seed":20365530,"wave":27,"wavesRequested":200,"wavesCompleted":26,"elapsedMs":128077,"hostPhase":"CommandPhase","guestPhase":"CommandPhase"}
[log] [coop:interaction] interactionCounter() read -> 31 (role=host)
[log] [coop:interaction] interactionCounter() read -> 31 (role=guest)
[log] [coop:interaction] interactionCounter() read -> 31 (role=host)
[log] [coop:checksum] capture digest=d2d6f104ebd9b7e5 field=4 biome=27 seed=coop-soak-20365530 weather=0 terrain=4 money=1880 party=[493,150,890,384,382,888] partyLevels=[500,500,500,500,500,500] arenaTags=1 modifiers=5 heldItemsDigest=1 pokeballs=[0:45,1:20,2:0,3:0,4:0] mons=[bi0:sp493/hp1865-1865/st0/ab121/form0/tera0:0/boss0:0 bi1:sp150/hp1725-1725/st0/ab227/form0/tera0:13/boss0:0 bi2:sp285/hp57-57/st0/ab90/form0/tera0:11/boss0:0 bi3:sp190/hp55-55/st0/ab105/form0/tera0:0/boss0:0]
[log] [coop:interaction] interactionCounter() read -> 31 (role=host)
[log] %cStart Phase: SelectTargetPhase color:green
[log] [coop:owner] broadcast own-slot fi=0 turn=1 role=host cmd=0
[log] [coop:relay] broadcastLocalCommand SEND fieldIndex=0 owner=host turn=1 command=0 cursor=3 moveId=85 targets=[2]
[log] [coop:transport] send host t=command fi=0 owner=host turn=1 cmd=0 cursor=3 move=85
[log] [coop:transport] recv guest t=command fi=0 owner=host turn=1 cmd=0 cursor=3 move=85 handlers=1
[log] [coop:relay] recv command fieldIndex=0 turn=1 command=0 -> BUFFERED (no awaiter yet)
[log] %cStart Phase: CommandPhase color:green
[log] [coop:transport] send host t=enemyPartySync wave=27 enemies=2 battleType=0
[log] [coop:replay] host RE-BROADCAST wave-start authority wave=27 after post-summon boundary stateChanged=true presentation=2 (#920)
[log] [coop:battle] CommandPhase slot=1 turn=1 owner=guest role=host -> partner path
[log] [coop:relay] host requestPartnerCommand SEND fieldIndex=1 turn=1 moveSlots=[0,1,2,3] (awaiting peer)
[log] [coop:transport] send host t=commandRequest fi=1 owner=guest turn=1 slots=4
[log] [coop:transport] recv guest t=enemyPartySync wave=27 enemies=2 battleType=0 handlers=1
[log] [coop:transport] recv guest t=commandRequest fi=1 owner=guest turn=1 slots=4 handlers=1
[log] [coop:relay] peer recv commandRequest fieldIndex=1 owner=guest turn=1 moveSlots=[0,1,2,3] -> reply command=0 cursor=2 moveId=53
[log] [coop:transport] send guest t=command fi=1 owner=guest turn=1 cmd=0 cursor=2 move=53
[log] [coop:transport] recv host t=command fi=1 owner=guest turn=1 cmd=0 cursor=2 move=53 handlers=1
[log] [coop:relay] recv command fieldIndex=1 turn=1 command=0 -> resolved awaiting request
[log] [coop:ai] applyWiredPartnerCommand partner=150 wiredMoveId=53 cursor=2 -> moveId=53 moveIndex=2 tera=false targets=[3] targetsFrom=wire-verbatim useMode=1
[log] %cStart Phase: EnemyCommandPhase color:green
[log] %cStart Phase: EnemyCommandPhase color:green
[log] %cStart Phase: TurnStartPhase color:green
[log] [coop-diag] turn-start authoritative guard mode=authoritative role=host turn=1 diverts=false
[log] [coop:turn] host recorder: preserve recording scope=1828413413364172:27 turn=1 events=2 seq=2
[log] %cStart Phase: MovePhase color:green
[log] [coop:turn] host recorder: append turn=1 seq=2 k=moveUsed total=3 live=true
[log] %cStart Phase: MessagePhase color:green
[log] %cStart Phase: MoveEffectPhase color:green
[log] [coop:turn] host recorder: append turn=1 seq=3 k=moveAnim total=4 live=true
[log] [coop:turn] host recorder: append turn=1 seq=4 k=message total=5 live=true
[log] %cStart Phase: MessagePhase color:green
[log] %cStart Phase: MoveEndPhase color:green
[log] %cStart Phase: MovePhase color:green
[log] [coop:turn] host recorder: append turn=1 seq=5 k=moveUsed total=6 live=true
[log] %cStart Phase: MessagePhase color:green
[log] %cStart Phase: MoveEffectPhase color:green
[log] [coop:turn] host recorder: append turn=1 seq=6 k=moveAnim total=7 live=true
[log] [coop:turn] host recorder: append turn=1 seq=7 k=hp total=8 live=true
[log] [coop:turn] host recorder: append turn=1 seq=8 k=faint total=9 live=true
[log] %cStart Phase: DamageAnimPhase color:green
[log] %cStart Phase: FaintPhase color:green
[log] %cStart Phase: MessagePhase color:green
[log] %cStart Phase: VictoryPhase color:green
[log] [coop:progression] HOST progression capture begin wave=27
[log] [coop:progression] HOST applyPartyExp COMPUTE wave=27 expValue=274.6 koMon=Aipom
[log] %cStart Phase: MoveEndPhase color:green
[log] %cStart Phase: MovePhase color:green
[log] [coop:turn] host recorder: append turn=1 seq=9 k=moveUsed total=10 live=true
[log] %cStart Phase: MessagePhase color:green
[log] %cStart Phase: MoveEffectPhase color:green
[log] [coop:turn] host recorder: append turn=1 seq=10 k=moveAnim total=11 live=true
[log] [coop:turn] host recorder: append turn=1 seq=11 k=hp total=12 live=true
[log] [coop:turn] host recorder: append turn=1 seq=12 k=faint total=13 live=true
[log] [coop:turn] host recorder: append turn=1 seq=13 k=message total=14 live=true
[log] %cStart Phase: DamageAnimPhase color:green
[log] %cStart Phase: MessagePhase color:green
[log] %cStart Phase: FaintPhase color:green
[log] %cStart Phase: MessagePhase color:green
[log] %cStart Phase: VictoryPhase color:green
[log] [coop:progression] HOST applyPartyExp COMPUTE wave=27 expValue=225.2 koMon=Shroomish
[log] [coop:runtime] defer raw waveResolved wave=27 outcome=win until its material turnResolution is retained
[log] [coop-diag] VictoryPhase win-branch role=host battleType=WILD queuesTrainerVictory=false queuesSelectModifier=true wave=27
[log] [coop-diag] VictoryTail role=host wave=27 source=legacy-local trainer=false egg=true biomeShop=false biomeChange=false crossroads=false nextWave=28
[log] %cStart Phase: MoveEndPhase color:green
[log] %cStart Phase: MovePhase color:green
[log] %cStart Phase: MoveEndPhase color:green
[log] %cStart Phase: CheckInterludePhase color:green
[log] %cStart Phase: WeatherEffectPhase color:green
[log] %cStart Phase: PositionalTagPhase color:green
[log] %cStart Phase: BerryPhase color:green
[log] %cStart Phase: CheckStatusEffectPhase color:green
[log] %cStart Phase: TurnEndPhase color:green
[log] %cStart Phase: CoopTurnCommitPhase color:green
[log] [coop:turn] host recorder: finalize turn=1 events=14 seq=14
[log] [coop:checkpoint] build field=4 weather=0/0 terrain=4/6 arenaTags=1 money=1880 mons=[bi0:sp493/hp1865-1865/st0/fnt0 bi1:sp150/hp1725-1725/st0/fnt0 bi2:sp285/hp0-57/st7/fnt1 bi3:sp190/hp0-55/st7/fnt1]
[log] [coop:checkpoint] host capture field=4 weather=0 terrain=4 money=1880 arenaTags=1 mons=[bi0:sp493/hp1865-1865/st0/fnt0 bi1:sp150/hp1725-1725/st0/fnt0 bi2:sp285/hp0-57/st7/fnt1 bi3:sp190/hp0-55/st7/fnt1]
[log] [coop:interaction] interactionCounter() read -> 31 (role=host)
[log] [coop:replay] host SEND turnResolution e=1828413413364172 wave=27 turn=1 rev=560 events=14 checksum=f8231d0756763754
[log] [coop:transport] send host t=authorityEntry t=authorityEntry
[log] [coop:v2-shadow] PARITY kind=TURN_COMMIT rev=160 match=true field=- successor=none-non-command-boundary
[log] [coop:transport] send host t=turnResolution e=1828413413364172 wave=27 turn=1 rev=560 events=14 checksum=f8231d0756763754
[log] [coop:runtime] send waveResolved wave=27 outcome=win (host)
[log] [coop:replay] host SEND waveResolved wave=27 outcome=win transition=WAVE_VICTORY/next28/biome0/egg1/wild
[log] [coop:transport] send host t=waveResolved wave=27 outcome=win captureParty=- cap=-
[log] [coop:transport] recv guest t=authorityEntry t=authorityEntry handlers=1
[log] [coop:transport] recv guest t=turnResolution e=1828413413364172 wave=27 turn=1 rev=560 events=14 checksum=f8231d0756763754 handlers=1
[log] [coop:transport] recv guest t=waveResolved wave=27 outcome=win captureParty=- cap=- handlers=1
[log] [38;2;255;127;80mPhaseInterceptor.to: Stopping on completion of CoopTurnCommitPhase[39m
[log] %cStart Phase: BattleEndPhase color:green
[log] [coop:progression] HOST automatic victory settlement deferred wave=27 sourceTurn=1 settlementTurn=2
[log] [coop:v2-authority] receipt rev=160 op=TURN/e1828413413364172/w27/t1 stage=admitted sender=1 generation=0 advanced retired=false waiting=[1] subsumed=[]
[log] [coop:transport] send host t=authorityEntry t=authorityEntry
[log] [coop:v2-authority] receipt rev=160 op=TURN/e1828413413364172/w27/t1 stage=admitted sender=1 generation=0 duplicate highestStage=0
[log] [coop:transport] send host t=authorityEntry t=authorityEntry
[log] [coop:v2-authority] receipt rev=160 op=TURN/e1828413413364172/w27/t1 stage=admitted sender=1 generation=0 duplicate highestStage=0
[log] [coop:v2-authority] receipt rev=160 op=TURN/e1828413413364172/w27/t1 stage=admitted sender=1 generation=0 duplicate highestStage=0
[log] [coop:v2-authority] receipt rev=160 op=TURN/e1828413413364172/w27/t1 stage=materialApplied sender=1 generation=0 advanced retired=false waiting=[1] subsumed=[]
[log] [coop:v2-authority] receipt rev=160 op=TURN/e1828413413364172/w27/t1 stage=controlInstalled sender=1 generation=0 advanced retired=true waiting=[] subsumed=[]
[log] [coop:interaction] interactionCounter() read -> 31 (role=host)
[log] %cStart Phase: EggLapsePhase color:green
[log] %cStart Phase: CoopVictorySealPhase color:green
[log] [coop:transport] send host t=authorityEntry t=authorityEntry
[log] [coop:v2-shadow] PARITY kind=WAVE_ADVANCE rev=161 match=true field=-
[log] [coop:runtime] settled WAVE_ADVANCE committed wave=27 tick=561 next=WAVE_VICTORY/wave28
[log] [coop:runtime] send waveEndState wave=27 tick=561 (host)
[log] [coop:replay] host SEND waveEndState wave=27 tick=561 party=6
[log] [coop:transport] send host t=waveEndState t=waveEndState
[log] [coop:progression] HOST automatic victory settlement sealed wave=27 sourceTurn=1 settlementTurn=2 tick=561
[log] [coop:transport] recv guest t=authorityEntry t=authorityEntry handlers=1
[log] [coop:transport] recv guest t=waveEndState t=waveEndState handlers=1
[log] [coop:interaction] interactionCounter() read -> 31 (role=host)
[log] [coop:owner] ownerOf(counter=31) seat=1 -> owner=guest
[log] [coop:owner] isLocalOwnerAtCounter(pinnedCounter=31) parity=1 owner=guest role=host -> false
[log] [coop:interaction] interactionCounter() read -> 31 (role=host)
[log] [coop:reward] owner/watcher decision: pinnedStart=31 liveCounter=31 parity=1 role=host pick=WATCHER option=ROLL spoof=false
[log] [coop:shop] serializeRewardOptions count=3 ids=[BERRY,RARE_CANDY,POKEBALL] tiers=[0,0,0]
[log] [coop:reward] OWNER streams reward options (start=31 reroll=0 count=3 ids=[BERRY,RARE_CANDY,POKEBALL])
[log] [coop:relay] SEND rewardOptions seq=31 reroll=0 count=3 ids=[BERRY,RARE_CANDY,POKEBALL]
[log] [coop:transport] send host t=authorityEntry t=authorityEntry
[log] [coop:v2-shadow] PARITY kind=INTERACTION_COMMIT rev=162 match=true field=-
[log] [coop:reward] authoritative options retained surface=reward pin=31 reroll=0 count=3 rev=63 id=1828413413364172:1:REWARD_PRESENT:3100000
[log] [coop:v2-interaction] suppressed raw rewardOptions key=31:0; immutable entry retained
[log] [coop:rendezvous] ARRIVE point=shop:27:31 (send) role=host
[log] [coop:transport] send host t=rendezvous point=shop:27:31
[log] [coop:reward] WATCHER waits for partner's reward picks (start=31 role=host wave=27)
[log] [coop:transport] recv guest t=authorityEntry t=authorityEntry handlers=1
[log] [coop:transport] recv guest t=rendezvous point=shop:27:31 handlers=1
[log] [coop:interaction] mirror begin role=watcher mirrorSeq=1984 interactionStart=31 reroll=0
[log] [coop:interaction] uiMirror beginSession role=watcher mode=6 seq=1984 early=0
[log] [coop:relay] AWAIT interactionChoice seq=31 timeoutMs=1200000 expected=[reward,shop,skip,reroll,check,transfer,lock] -> network-wait
[log] [coop:interaction] interactionCounter() read -> 31 (role=host)
[log] [coop:checksum] capture digest=f8231d0756763754 field=4 biome=27 seed=coop-soak-20365530 weather=0 terrain=4 money=1880 party=[493,150,890,384,382,888] partyLevels=[500,500,500,500,500,500] arenaTags=1 modifiers=5 heldItemsDigest=0 pokeballs=[0:45,1:20,2:0,3:0,4:0] mons=[bi0:sp493/hp1865-1865/st0/ab121/form0/tera0:0/boss0:0 bi1:sp150/hp1725-1725/st0/ab227/form0/tera0:13/boss0:0 bi2:sp285/hp0-57/st7/ab90/form0/tera0:11/boss0:0 bi3:sp190/hp0-55/st7/ab105/form0/tera0:0/boss0:0]
[log] [coop:transport] send host t=authorityEntry t=authorityEntry
[log] [coop:rendezvous] RECV arrival point=shop:27:31 -> BUFFER (no waiter yet) role=host
[log] [coop:stream] host IGNORE cosmetic turn ACK stage=continuationReady key=1828413413364172:27:1:560 (v2 owns retirement)
[log] [coop:relay] DELIVER interactionChoice seq=31 -> waiter kind=reward choice=2 data=[0]
[log] [coop:relay] AWAIT interactionChoice seq=31 RESOLVE kind=reward choice=2 data=[0]
[log] [coop:v2-authority] receipt rev=161 op=V2/WAVE/e1828413413364172/w27/tick561 stage=admitted sender=1 generation=0 advanced retired=false waiting=[1] subsumed=[]
[log] [coop:transport] send host t=authorityEntry t=authorityEntry
[log] [coop:transport] send host t=authorityEntry t=authorityEntry
[log] [coop:v2-authority] receipt rev=161 op=V2/WAVE/e1828413413364172/w27/tick561 stage=admitted sender=1 generation=0 duplicate highestStage=0
[log] [coop:v2-authority] receipt rev=161 op=V2/WAVE/e1828413413364172/w27/tick561 stage=materialApplied sender=1 generation=0 advanced retired=false waiting=[1] subsumed=[]
[log] [coop:transport] send host t=authorityEntry t=authorityEntry
[log] [coop:v2-authority] receipt rev=161 op=V2/WAVE/e1828413413364172/w27/tick561 stage=controlInstalled sender=1 generation=0 advanced retired=true waiting=[] subsumed=[]
[log] [coop:v2-authority] receipt rev=162 op=1828413413364172:1:REWARD_PRESENT:3100000 stage=admitted sender=1 generation=0 advanced retired=false waiting=[1] subsumed=[]
[log] [coop:v2-authority] receipt rev=162 op=1828413413364172:1:REWARD_PRESENT:3100000 stage=materialApplied sender=1 generation=0 advanced retired=false waiting=[1] subsumed=[]
[log] [coop:v2-authority] receipt rev=162 op=1828413413364172:1:REWARD_PRESENT:3100000 stage=materialApplied sender=1 generation=0 duplicate highestStage=1
[log] [coop:v2-authority] receipt rev=162 op=1828413413364172:1:REWARD_PRESENT:3100000 stage=controlInstalled sender=1 generation=0 advanced retired=true waiting=[] subsumed=[]
[log] [coop:v2-authority] receipt rev=161 op=V2/WAVE/e1828413413364172/w27/tick561 stage=controlInstalled sender=1 generation=0 rejected reason=unknown-revision
[log] [coop:reward] WATCHER applying relayed action seq=31 act=REWARD choice=2 data=[0]
[log] [coop:owner] ownerOf(counter=31) seat=1 -> owner=guest
[log] [coop:owner] isLocalOwnerAtCounter(pinnedCounter=31) parity=1 owner=guest role=host -> false
[log] [coop:reward] APPLY_RESULT pin=31 side=watcher type=POKEBALL class=AddPokeballModifier pregen=[] holderSlot=-1 holderId=-1 stack=-1 accepted=true cost=-1
[log] [coop:transport] recv guest t=authorityEntry t=authorityEntry handlers=1
[log] [coop:transport] recv guest t=authorityEntry t=authorityEntry handlers=1
[log] [coop:transport] recv guest t=authorityEntry t=authorityEntry handlers=1
[log] [coop:v2-interaction] terminal proof recorded op=1828413413364172:1:REWARD:3100000 role=host seat=0 duplicate=0 ambient=1
[log] [coop:v2-interaction] phase terminal proof op=1828413413364172:1:REWARD:3100000 route=constructor-fallback accepted=1
[log] [coop:shop] serializeRewardOptions count=3 ids=[BERRY,RARE_CANDY,POKEBALL] tiers=[0,0,0]
[log] [coop:transport] send host t=authorityEntry t=authorityEntry
[log] [coop:v2-shadow] PARITY kind=INTERACTION_COMMIT rev=163 match=true field=-
[log] [coop:reward] reward authoritative RESULT retained rev=64 tick=563 id=1828413413364172:1:REWARD:3100000
[log] [coop:interaction] interactionCounter() read -> 31 (role=host)
[log] [coop:interaction] CoopInteractionTurn.advance INCREMENT (fromCounter=31) counter 31 -> 32
[log] [coop:interaction] advanceInteraction ADVANCED+V2-LOCAL (fromCounter=31) counter 31 -> 32 role=host
[log] [coop:owner] ownerOf(counter=32) seat=0 -> owner=host
[log] [coop:owner] ownerOf(counter=32) seat=0 -> owner=host
[log] [coop:interaction] interactionCounter() read -> 32 (role=host)
[log] [coop:reward] advance interaction from V2 commit (role=host from=31 counter 31 -> 32); typed successor owns release
[log] [coop:transport] recv guest t=authorityEntry t=authorityEntry handlers=1
[log] [coop:interaction] interactionCounter() read -> 32 (role=host)
[log] [coop:interaction] interactionCounter() read -> 32 (role=host)
[log] [coop:v2-authority] receipt rev=161 op=V2/WAVE/e1828413413364172/w27/tick561 stage=controlInstalled sender=1 generation=0 rejected reason=unknown-revision
[log] [coop:v2-authority] receipt rev=162 op=1828413413364172:1:REWARD_PRESENT:3100000 stage=controlInstalled sender=1 generation=0 rejected reason=unknown-revision
[log] [coop:v2-authority] receipt rev=162 op=1828413413364172:1:REWARD_PRESENT:3100000 stage=controlInstalled sender=1 generation=0 rejected reason=unknown-revision
[log] [coop:v2-authority] receipt rev=163 op=1828413413364172:1:REWARD:3100000 stage=admitted sender=1 generation=0 advanced retired=false waiting=[1] subsumed=[]
[log] [coop:v2-authority] receipt rev=163 op=1828413413364172:1:REWARD:3100000 stage=admitted sender=1 generation=0 duplicate highestStage=0
[log] [coop:v2-authority] receipt rev=163 op=1828413413364172:1:REWARD:3100000 stage=materialApplied sender=1 generation=0 advanced retired=false waiting=[1] subsumed=[]
[log] [coop:v2-authority] receipt rev=163 op=1828413413364172:1:REWARD:3100000 stage=controlInstalled sender=1 generation=0 advanced retired=true waiting=[] subsumed=[]
[log] [coop:interaction] interactionCounter() read -> 32 (role=host)
[log] [coop:interaction] interactionCounter() read -> 32 (role=guest)
[log] [coop-soak:wave-complete] {"seed":20365530,"wave":27,"wavesRequested":200,"wavesCompleted":27,"waveElapsedMs":2991,"elapsedMs":131068,"findings":0,"hostPhase":"NewBattlePhase","guestPhase":"NewBattlePhase"}
[log] %cStart Phase: NewBattlePhase color:green
[log] %cStart Phase: NextEncounterPhase color:green
[log] [coop:interaction] interactionCounter() read -> 32 (role=host)
[log] [coop:replay] host SEND enemyPartySync wave=28 count=2 meType=-1 battleType=0 entryPresentation=-
[log] [coop:transport] send host t=enemyPartySync wave=28 enemies=2 battleType=0
[log] [coop:turn] host recorder: begin turn=1 scope=1828413413364172:28 (no prior open recording)
[log] [coop:transport] recv guest t=enemyPartySync wave=28 enemies=2 battleType=0 handlers=1
[log] %cStart Phase: ToggleDoublePositionPhase color:green
[log] %cStart Phase: CheckSwitchPhase color:green
[log] %cStart Phase: CheckSwitchPhase color:green
[log] %cStart Phase: InitEncounterPhase color:green
[log] [coop:turn] host recorder: preserve recording scope=1828413413364172:28 turn=1 events=0 seq=0
[log] %cStart Phase: PostSummonPhase color:green
[log] %cStart Phase: PostSummonPhase color:green
[log] %cStart Phase: PostSummonPhase color:green
[log] %cStart Phase: ShowAbilityPhase color:green
[log] [coop:turn] host recorder: append turn=1 seq=0 k=showAbility total=1 live=true
[log] %cStart Phase: MovePhase color:green
[log] [coop:turn] host recorder: append turn=1 seq=1 k=moveUsed total=2 live=true
[log] %cStart Phase: MessagePhase color:green
[log] %cStart Phase: MoveEffectPhase color:green
[log] [coop:turn] host recorder: append turn=1 seq=2 k=moveAnim total=3 live=true
[log] [coop:turn] host recorder: append turn=1 seq=3 k=message total=4 live=true
[log] %cStart Phase: PokemonHealPhase color:green
[log] [coop:turn] host recorder: append turn=1 seq=4 k=message total=5 live=true
[log] %cStart Phase: MessagePhase color:green
[log] %cStart Phase: ResetStatusPhase color:green
[log] %cStart Phase: ResetStatusPhase color:green
[log] %cStart Phase: MessagePhase color:green
[log] %cStart Phase: MoveEndPhase color:green
[log] %cStart Phase: HideAbilityPhase color:green
[log] [coop:turn] host recorder: append turn=1 seq=5 k=hideAbility total=6 live=true
[log] %cStart Phase: TurnInitPhase color:green
[log] [coop:replay] host SEND enemyPartySync wave=28 count=2 meType=-1 battleType=0 entryPresentation=6
[log] [coop:transport] send host t=enemyPartySync wave=28 enemies=2 battleType=0
[log] [coop:replay] host RE-BROADCAST wave-start authority wave=28 after post-summon boundary stateChanged=true presentation=6 (#920)
[log] [coop:transport] send host t=authorityEntry t=authorityEntry
[log] [coop:v2-shadow] PARITY kind=CONTROL_COMMIT rev=164 match=true field=-
[log] [coop:rendezvous] next-command barrier ARRIVE+AWAIT cmd:28:1 slot=0
[log] [coop:rendezvous] ARRIVE point=cmd:28:1 (send) role=host
[log] [coop:transport] send host t=rendezvous point=cmd:28:1
[log] [coop:rendezvous] AWAIT point=cmd:28:1 timeoutMs=2000 -> network-wait role=host
[log] [coop:transport] recv guest t=enemyPartySync wave=28 enemies=2 battleType=0 handlers=1
[log] [coop:transport] recv guest t=authorityEntry t=authorityEntry handlers=1
[log] [coop:transport] recv guest t=rendezvous point=cmd:28:1 handlers=1
[log] [coop:v2-authority] receipt rev=164 op=V2/CONTROL/COMMAND/e1828413413364172/w28/t1/tick567 stage=admitted sender=1 generation=0 advanced retired=false waiting=[1] subsumed=[]
[log] [coop:transport] send host t=authorityEntry t=authorityEntry
[log] [coop:rendezvous] RECV arrival point=cmd:28:1 -> deliver-to-waiter role=host
[log] [coop:transport] send host t=rendezvous point=cmd:28:1
[log] [coop:rendezvous] AWAIT point=cmd:28:1 RESOLVE both-arrived role=host
[log] [coop:v2-authority] receipt rev=164 op=V2/CONTROL/COMMAND/e1828413413364172/w28/t1/tick567 stage=admitted sender=1 generation=0 duplicate highestStage=0
[log] [coop:v2-authority] receipt rev=164 op=V2/CONTROL/COMMAND/e1828413413364172/w28/t1/tick567 stage=materialApplied sender=1 generation=0 advanced retired=false waiting=[1] subsumed=[]
[log] [coop:v2-authority] receipt rev=164 op=V2/CONTROL/COMMAND/e1828413413364172/w28/t1/tick567 stage=materialApplied sender=1 generation=0 duplicate highestStage=1
[log] [coop:v2-authority] receipt rev=164 op=V2/CONTROL/COMMAND/e1828413413364172/w28/t1/tick567 stage=materialApplied sender=1 generation=0 duplicate highestStage=1
[log] [coop:v2-authority] receipt rev=164 op=V2/CONTROL/COMMAND/e1828413413364172/w28/t1/tick567 stage=materialApplied sender=1 generation=0 duplicate highestStage=1
[log] [coop:v2-authority] receipt rev=164 op=V2/CONTROL/COMMAND/e1828413413364172/w28/t1/tick567 stage=controlInstalled sender=1 generation=0 advanced retired=true waiting=[] subsumed=[]
[log] [coop:transport] recv guest t=rendezvous point=cmd:28:1 handlers=1
[log] [coop:transport] send host t=enemyPartySync wave=28 enemies=2 battleType=0
[log] [coop:replay] host RE-BROADCAST wave-start authority wave=28 after post-summon boundary stateChanged=false presentation=6 (#920)
[log] [coop:transport] recv guest t=enemyPartySync wave=28 enemies=2 battleType=0 handlers=1
[log] [coop-soak:wave-start] {"seed":20365530,"wave":28,"wavesRequested":200,"wavesCompleted":27,"elapsedMs":132094,"hostPhase":"CommandPhase","guestPhase":"CommandPhase"}
[log] [coop:interaction] interactionCounter() read -> 32 (role=host)
[log] [coop:interaction] interactionCounter() read -> 32 (role=guest)
[log] [coop:interaction] interactionCounter() read -> 32 (role=host)
[log] [coop:checksum] capture digest=9f9c9b255aec766b field=4 biome=27 seed=coop-soak-20365530 weather=0 terrain=4 money=1880 party=[493,150,890,384,382,888] partyLevels=[500,500,500,500,500,500] arenaTags=1 modifiers=5 heldItemsDigest=0 pokeballs=[0:50,1:20,2:0,3:0,4:0] mons=[bi0:sp493/hp1865-1865/st0/ab121/form0/tera0:0/boss0:0 bi1:sp150/hp1725-1725/st0/ab227/form0/tera0:13/boss0:0 bi2:sp167/hp47-47/st0/ab158/form0/tera0:3/boss0:0 bi3:sp753/hp50-50/st0/ab5006/form0/tera0:11/boss0:0]
[log] [coop:interaction] interactionCounter() read -> 32 (role=host)
[log] %cStart Phase: SelectTargetPhase color:green
[log] [coop:owner] broadcast own-slot fi=0 turn=1 role=host cmd=0
[log] [coop:relay] broadcastLocalCommand SEND fieldIndex=0 owner=host turn=1 command=0 cursor=0 moveId=34 targets=[2]
[log] [coop:transport] send host t=command fi=0 owner=host turn=1 cmd=0 cursor=0 move=34
[log] [coop:transport] recv guest t=command fi=0 owner=host turn=1 cmd=0 cursor=0 move=34 handlers=1
[log] [coop:relay] recv command fieldIndex=0 turn=1 command=0 -> BUFFERED (no awaiter yet)
[log] %cStart Phase: CommandPhase color:green
[log] [coop:transport] send host t=enemyPartySync wave=28 enemies=2 battleType=0
[log] [coop:replay] host RE-BROADCAST wave-start authority wave=28 after post-summon boundary stateChanged=true presentation=6 (#920)
[log] [coop:battle] CommandPhase slot=1 turn=1 owner=guest role=host -> partner path
[log] [coop:relay] host requestPartnerCommand SEND fieldIndex=1 turn=1 moveSlots=[0,1,2,3] (awaiting peer)
[log] [coop:transport] send host t=commandRequest fi=1 owner=guest turn=1 slots=4
[log] [coop:transport] recv guest t=enemyPartySync wave=28 enemies=2 battleType=0 handlers=1
[log] [coop:transport] recv guest t=commandRequest fi=1 owner=guest turn=1 slots=4 handlers=1
[log] [coop:relay] peer recv commandRequest fieldIndex=1 owner=guest turn=1 moveSlots=[0,1,2,3] -> reply command=0 cursor=2 moveId=53
[log] [coop:transport] send guest t=command fi=1 owner=guest turn=1 cmd=0 cursor=2 move=53
[log] [coop:transport] recv host t=command fi=1 owner=guest turn=1 cmd=0 cursor=2 move=53 handlers=1
[log] [coop:relay] recv command fieldIndex=1 turn=1 command=0 -> resolved awaiting request
[log] [coop:ai] applyWiredPartnerCommand partner=150 wiredMoveId=53 cursor=2 -> moveId=53 moveIndex=2 tera=false targets=[3] targetsFrom=wire-verbatim useMode=1
[log] %cStart Phase: EnemyCommandPhase color:green
[log] %cStart Phase: EnemyCommandPhase color:green
[log] %cStart Phase: TurnStartPhase color:green
[log] [coop-diag] turn-start authoritative guard mode=authoritative role=host turn=1 diverts=false
[log] [coop:turn] host recorder: preserve recording scope=1828413413364172:28 turn=1 events=9 seq=9
[log] %cStart Phase: MovePhase color:green
[log] [coop:turn] host recorder: append turn=1 seq=9 k=moveUsed total=10 live=true
[log] %cStart Phase: MessagePhase color:green
[log] %cStart Phase: MoveEffectPhase color:green
[log] [coop:turn] host recorder: append turn=1 seq=10 k=moveAnim total=11 live=true
[log] [coop:turn] host recorder: append turn=1 seq=11 k=message total=12 live=true
[log] %cStart Phase: MessagePhase color:green
[log] %cStart Phase: MoveEndPhase color:green
[log] %cStart Phase: MovePhase color:green
[log] [coop:turn] host recorder: append turn=1 seq=12 k=moveUsed total=13 live=true
[log] [coop:turn] host recorder: append turn=1 seq=13 k=message total=14 live=true
[log] %cStart Phase: MessagePhase color:green
[log] %cStart Phase: MessagePhase color:green
[log] %cStart Phase: MoveEndPhase color:green
[log] %cStart Phase: MovePhase color:green
[log] [coop:turn] host recorder: append turn=1 seq=14 k=moveUsed total=15 live=true
[log] %cStart Phase: MessagePhase color:green
[log] %cStart Phase: MoveEffectPhase color:green
[log] [coop:turn] host recorder: append turn=1 seq=15 k=moveAnim total=16 live=true
[log] [coop:turn] host recorder: append turn=1 seq=16 k=hp total=17 live=true
[log] [coop:turn] host recorder: append turn=1 seq=17 k=faint total=18 live=true
[log] %cStart Phase: DamageAnimPhase color:green
[log] %cStart Phase: FaintPhase color:green
[log] %cStart Phase: MessagePhase color:green
[log] %cStart Phase: VictoryPhase color:green
[log] [coop:progression] HOST progression capture begin wave=28
[log] [coop:progression] HOST applyPartyExp COMPUTE wave=28 expValue=191 koMon=Fomantis
[log] %cStart Phase: MoveEndPhase color:green
[log] %cStart Phase: MovePhase color:green
[log] [coop:turn] host recorder: append turn=1 seq=18 k=moveUsed total=19 live=true
[log] %cStart Phase: MessagePhase color:green
[log] %cStart Phase: MoveEffectPhase color:green
[log] [coop:turn] host recorder: append turn=1 seq=19 k=moveAnim total=20 live=true
[log] [coop:turn] host recorder: append turn=1 seq=20 k=hp total=21 live=true
[log] [coop:turn] host recorder: append turn=1 seq=21 k=faint total=22 live=true
[log] %cStart Phase: DamageAnimPhase color:green
[log] %cStart Phase: FaintPhase color:green
[log] %cStart Phase: MessagePhase color:green
[log] %cStart Phase: VictoryPhase color:green
[log] [coop:progression] HOST applyPartyExp COMPUTE wave=28 expValue=181 koMon=Spinarak
[log] [coop:runtime] defer raw waveResolved wave=28 outcome=win until its material turnResolution is retained
[log] [coop-diag] VictoryPhase win-branch role=host battleType=WILD queuesTrainerVictory=false queuesSelectModifier=true wave=28
[log] [coop-diag] VictoryTail role=host wave=28 source=legacy-local trainer=false egg=true biomeShop=false biomeChange=false crossroads=false nextWave=29
[log] %cStart Phase: MoveEndPhase color:green
[log] %cStart Phase: CheckInterludePhase color:green
[log] %cStart Phase: WeatherEffectPhase color:green
[log] %cStart Phase: PositionalTagPhase color:green
[log] %cStart Phase: BerryPhase color:green
[log] %cStart Phase: CheckStatusEffectPhase color:green
[log] %cStart Phase: TurnEndPhase color:green
[log] %cStart Phase: CoopTurnCommitPhase color:green
[log] [coop:turn] host recorder: finalize turn=1 events=22 seq=22
[log] [coop:checkpoint] build field=4 weather=0/0 terrain=4/5 arenaTags=1 money=1880 mons=[bi0:sp493/hp1865-1865/st0/fnt0 bi1:sp150/hp1725-1725/st0/fnt0 bi2:sp167/hp0-47/st7/fnt1 bi3:sp753/hp0-50/st7/fnt1]
[log] [coop:checkpoint] host capture field=4 weather=0 terrain=4 money=1880 arenaTags=1 mons=[bi0:sp493/hp1865-1865/st0/fnt0 bi1:sp150/hp1725-1725/st0/fnt0 bi2:sp167/hp0-47/st7/fnt1 bi3:sp753/hp0-50/st7/fnt1]
[log] [coop:interaction] interactionCounter() read -> 32 (role=host)
[log] [coop:replay] host SEND turnResolution e=1828413413364172 wave=28 turn=1 rev=576 events=22 checksum=701700284b7ea813
[log] [coop:transport] send host t=authorityEntry t=authorityEntry
[log] [coop:v2-shadow] PARITY kind=TURN_COMMIT rev=165 match=true field=- successor=none-non-command-boundary
[log] [coop:transport] send host t=turnResolution e=1828413413364172 wave=28 turn=1 rev=576 events=22 checksum=701700284b7ea813
[log] [coop:runtime] send waveResolved wave=28 outcome=win (host)
[log] [coop:replay] host SEND waveResolved wave=28 outcome=win transition=WAVE_VICTORY/next29/biome0/egg1/wild
[log] [coop:transport] send host t=waveResolved wave=28 outcome=win captureParty=- cap=-
[log] [coop:transport] recv guest t=authorityEntry t=authorityEntry handlers=1
[log] [coop:transport] recv guest t=turnResolution e=1828413413364172 wave=28 turn=1 rev=576 events=22 checksum=701700284b7ea813 handlers=1
[log] [coop:transport] recv guest t=waveResolved wave=28 outcome=win captureParty=- cap=- handlers=1
[log] [38;2;255;127;80mPhaseInterceptor.to: Stopping on completion of CoopTurnCommitPhase[39m
[log] %cStart Phase: BattleEndPhase color:green
[log] [coop:progression] HOST automatic victory settlement deferred wave=28 sourceTurn=1 settlementTurn=2
[log] [coop:v2-authority] receipt rev=165 op=TURN/e1828413413364172/w28/t1 stage=admitted sender=1 generation=0 advanced retired=false waiting=[1] subsumed=[]
[log] [coop:transport] send host t=authorityEntry t=authorityEntry
[log] [coop:v2-authority] receipt rev=165 op=TURN/e1828413413364172/w28/t1 stage=admitted sender=1 generation=0 duplicate highestStage=0
[log] [coop:transport] send host t=authorityEntry t=authorityEntry
[log] [coop:v2-authority] receipt rev=165 op=TURN/e1828413413364172/w28/t1 stage=admitted sender=1 generation=0 duplicate highestStage=0
[log] [coop:v2-authority] receipt rev=165 op=TURN/e1828413413364172/w28/t1 stage=admitted sender=1 generation=0 duplicate highestStage=0
[log] [coop:v2-authority] receipt rev=165 op=TURN/e1828413413364172/w28/t1 stage=materialApplied sender=1 generation=0 advanced retired=false waiting=[1] subsumed=[]
[log] [coop:v2-authority] receipt rev=165 op=TURN/e1828413413364172/w28/t1 stage=controlInstalled sender=1 generation=0 advanced retired=true waiting=[] subsumed=[]
[log] [coop:interaction] interactionCounter() read -> 32 (role=host)
[log] %cStart Phase: EggLapsePhase color:green
[log] %cStart Phase: CoopVictorySealPhase color:green
[log] [coop:transport] send host t=authorityEntry t=authorityEntry
[log] [coop:v2-shadow] PARITY kind=WAVE_ADVANCE rev=166 match=true field=-
[log] [coop:runtime] settled WAVE_ADVANCE committed wave=28 tick=577 next=WAVE_VICTORY/wave29
[log] [coop:runtime] send waveEndState wave=28 tick=577 (host)
[log] [coop:replay] host SEND waveEndState wave=28 tick=577 party=6
[log] [coop:transport] send host t=waveEndState t=waveEndState
[log] [coop:progression] HOST automatic victory settlement sealed wave=28 sourceTurn=1 settlementTurn=2 tick=577
[log] [coop:transport] recv guest t=authorityEntry t=authorityEntry handlers=1
[log] [coop:transport] recv guest t=waveEndState t=waveEndState handlers=1
[log] [coop:interaction] interactionCounter() read -> 32 (role=host)
[log] [coop:owner] ownerOf(counter=32) seat=0 -> owner=host
[log] [coop:owner] isLocalOwnerAtCounter(pinnedCounter=32) parity=0 owner=host role=host -> true
[log] [coop:interaction] interactionCounter() read -> 32 (role=host)
[log] [coop:reward] owner/watcher decision: pinnedStart=32 liveCounter=32 parity=0 role=host pick=OWNER option=ROLL spoof=false
[log] [coop:shop] serializeRewardOptions count=3 ids=[TM_CASE,MINT,POKEBALL] tiers=[0,2,0]
[log] [coop:reward] OWNER streams reward options (start=32 reroll=0 count=3 ids=[TM_CASE,MINT,POKEBALL])
[log] [coop:relay] SEND rewardOptions seq=32 reroll=0 count=3 ids=[TM_CASE,MINT,POKEBALL]
[log] [coop:transport] send host t=authorityEntry t=authorityEntry
[log] [coop:v2-shadow] PARITY kind=INTERACTION_COMMIT rev=167 match=true field=-
[log] [coop:reward] authoritative options retained surface=reward pin=32 reroll=0 count=3 rev=65 id=1828413413364172:0:REWARD_PRESENT:3200000
[log] [coop:v2-interaction] suppressed raw rewardOptions key=32:0; immutable entry retained
[log] [coop:rendezvous] ARRIVE point=shop:28:32 (send) role=host
[log] [coop:transport] send host t=rendezvous point=shop:28:32
[log] [coop:reward] OWNER drives reward screen (start=32 role=host spoof=false adoptsOptions=false wave=28)
[log] [coop:rendezvous] shop-pick-commit barrier AWAIT shop:28:32
[log] [coop:rendezvous] AWAIT point=shop:28:32 timeoutMs=2000 -> network-wait role=host
[log] [coop:transport] recv guest t=authorityEntry t=authorityEntry handlers=1
[log] [coop:transport] recv guest t=rendezvous point=shop:28:32 handlers=1
[log] [coop:interaction] interactionCounter() read -> 32 (role=host)
[log] [coop:checksum] capture digest=701700284b7ea813 field=4 biome=27 seed=coop-soak-20365530 weather=0 terrain=4 money=1880 party=[493,150,890,384,382,888] partyLevels=[500,500,500,500,500,500] arenaTags=1 modifiers=5 heldItemsDigest=0 pokeballs=[0:50,1:20,2:0,3:0,4:0] mons=[bi0:sp493/hp1865-1865/st0/ab121/form0/tera0:0/boss0:0 bi1:sp150/hp1725-1725/st0/ab227/form0/tera0:13/boss0:0 bi2:sp167/hp0-47/st7/ab158/form0/tera0:3/boss0:0 bi3:sp753/hp0-50/st7/ab5006/form0/tera0:11/boss0:0]
[log] [coop:rendezvous] RECV arrival point=shop:28:32 -> deliver-to-waiter role=host
[log] [coop:transport] send host t=rendezvous point=shop:28:32
[log] [coop:rendezvous] AWAIT point=shop:28:32 RESOLVE both-arrived role=host
[log] [coop:stream] host IGNORE cosmetic turn ACK stage=continuationReady key=1828413413364172:28:1:576 (v2 owns retirement)
[log] [coop:v2-authority] receipt rev=166 op=V2/WAVE/e1828413413364172/w28/tick577 stage=admitted sender=1 generation=0 advanced retired=false waiting=[1] subsumed=[]
[log] [coop:transport] send host t=authorityEntry t=authorityEntry
[log] [coop:transport] send host t=authorityEntry t=authorityEntry
[log] [coop:v2-authority] receipt rev=166 op=V2/WAVE/e1828413413364172/w28/tick577 stage=admitted sender=1 generation=0 duplicate highestStage=0
[log] [coop:v2-authority] receipt rev=166 op=V2/WAVE/e1828413413364172/w28/tick577 stage=materialApplied sender=1 generation=0 advanced retired=false waiting=[1] subsumed=[]
[log] [coop:transport] send host t=authorityEntry t=authorityEntry
[log] [coop:v2-authority] receipt rev=166 op=V2/WAVE/e1828413413364172/w28/tick577 stage=controlInstalled sender=1 generation=0 advanced retired=true waiting=[] subsumed=[]
[log] [coop:v2-authority] receipt rev=167 op=1828413413364172:0:REWARD_PRESENT:3200000 stage=admitted sender=1 generation=0 advanced retired=false waiting=[1] subsumed=[]
[log] [coop:v2-authority] receipt rev=167 op=1828413413364172:0:REWARD_PRESENT:3200000 stage=materialApplied sender=1 generation=0 advanced retired=false waiting=[1] subsumed=[]
[log] [coop:v2-authority] receipt rev=167 op=1828413413364172:0:REWARD_PRESENT:3200000 stage=materialApplied sender=1 generation=0 duplicate highestStage=1
[log] [coop:v2-authority] receipt rev=167 op=1828413413364172:0:REWARD_PRESENT:3200000 stage=controlInstalled sender=1 generation=0 advanced retired=true waiting=[] subsumed=[]
[log] [coop:transport] recv guest t=rendezvous point=shop:28:32 handlers=1
[log] [coop:transport] recv guest t=authorityEntry t=authorityEntry handlers=1
[log] [coop:transport] recv guest t=authorityEntry t=authorityEntry handlers=1
[log] [coop:transport] recv guest t=authorityEntry t=authorityEntry handlers=1
[log] [coop:interaction] mirror begin role=owner mirrorSeq=2048 interactionStart=32 reroll=0
[log] [coop:interaction] uiMirror beginSession role=owner mode=6 seq=2048 early=0
[log] [coop:owner] ownerOf(counter=32) seat=0 -> owner=host
[log] [coop:owner] isLocalOwnerAtCounter(pinnedCounter=32) parity=0 owner=host role=host -> true
[log] [coop:owner] ownerOf(counter=32) seat=0 -> owner=host
[log] [coop:owner] isLocalOwnerAtCounter(pinnedCounter=32) parity=0 owner=host role=host -> true
[log] [coop:relay] OWNER prepare seq=32 kind=reward choice=2 data=[0] role=host
[log] [coop:reward] reward op INTENT prepared label=reward id=1828413413364172:0:REWARD:3200000
[log] [coop:relay] OWNER send raw seq=32 kind=reward choice=2 role=host
[log] [coop:relay] SEND interactionChoice seq=32 kind=reward kind=? choice=2 data=[0]
[log] [coop:v2-interaction] suppressed raw authority interactionChoice seq=32 kind=reward
[log] [coop:reward] APPLY_RESULT pin=32 side=owner type=POKEBALL class=AddPokeballModifier pregen=[] holderSlot=-1 holderId=-1 stack=-1 accepted=true cost=-1
[log] [coop:v2-interaction] terminal proof recorded op=1828413413364172:0:REWARD:3200000 role=host seat=0 duplicate=0 ambient=1
[log] [coop:v2-interaction] phase terminal proof op=1828413413364172:0:REWARD:3200000 route=constructor-fallback accepted=1
[log] [coop:shop] serializeRewardOptions count=3 ids=[TM_CASE,MINT,POKEBALL] tiers=[0,2,0]
[log] [coop:transport] send host t=authorityEntry t=authorityEntry
[log] [coop:v2-shadow] PARITY kind=INTERACTION_COMMIT rev=168 match=true field=-
[log] [coop:reward] reward authoritative RESULT retained rev=66 tick=579 id=1828413413364172:0:REWARD:3200000
[log] [coop:interaction] interactionCounter() read -> 32 (role=host)
[log] [coop:interaction] CoopInteractionTurn.advance INCREMENT (fromCounter=32) counter 32 -> 33
[log] [coop:interaction] advanceInteraction ADVANCED+V2-LOCAL (fromCounter=32) counter 32 -> 33 role=host
[log] [coop:owner] ownerOf(counter=33) seat=1 -> owner=guest
[log] [coop:owner] ownerOf(counter=33) seat=1 -> owner=guest
[log] [coop:interaction] interactionCounter() read -> 33 (role=host)
[log] [coop:reward] advance interaction from V2 commit (role=host from=32 counter 32 -> 33); typed successor owns release
[log] [coop:transport] recv guest t=authorityEntry t=authorityEntry handlers=1
[log] [coop:v2-authority] receipt rev=166 op=V2/WAVE/e1828413413364172/w28/tick577 stage=controlInstalled sender=1 generation=0 rejected reason=unknown-revision
[log] [coop:v2-authority] receipt rev=167 op=1828413413364172:0:REWARD_PRESENT:3200000 stage=controlInstalled sender=1 generation=0 rejected reason=unknown-revision
[log] [coop:v2-authority] receipt rev=167 op=1828413413364172:0:REWARD_PRESENT:3200000 stage=controlInstalled sender=1 generation=0 rejected reason=unknown-revision
[log] [coop:v2-authority] receipt rev=168 op=1828413413364172:0:REWARD:3200000 stage=admitted sender=1 generation=0 advanced retired=false waiting=[1] subsumed=[]
[log] [coop:v2-authority] receipt rev=168 op=1828413413364172:0:REWARD:3200000 stage=admitted sender=1 generation=0 duplicate highestStage=0
[log] [coop:v2-authority] receipt rev=168 op=1828413413364172:0:REWARD:3200000 stage=materialApplied sender=1 generation=0 advanced retired=false waiting=[1] subsumed=[]
[log] [coop:v2-authority] receipt rev=168 op=1828413413364172:0:REWARD:3200000 stage=controlInstalled sender=1 generation=0 advanced retired=true waiting=[] subsumed=[]
[log] [coop:interaction] interactionCounter() read -> 33 (role=host)
[log] [coop:interaction] interactionCounter() read -> 33 (role=guest)
[log] [coop-soak:wave-complete] {"seed":20365530,"wave":28,"wavesRequested":200,"wavesCompleted":28,"waveElapsedMs":2946,"elapsedMs":135040,"findings":0,"hostPhase":"NewBattlePhase","guestPhase":"NewBattlePhase"}
[log] %cStart Phase: NewBattlePhase color:green
[log] %cStart Phase: NextEncounterPhase color:green
[log] [coop:interaction] interactionCounter() read -> 33 (role=host)
[log] [coop:replay] host SEND enemyPartySync wave=29 count=2 meType=-1 battleType=0 entryPresentation=-
[log] [coop:transport] send host t=enemyPartySync wave=29 enemies=2 battleType=0
[log] [coop:turn] host recorder: begin turn=1 scope=1828413413364172:29 (no prior open recording)
[log] [coop:transport] recv guest t=enemyPartySync wave=29 enemies=2 battleType=0 handlers=1
[log] %cStart Phase: ToggleDoublePositionPhase color:green
[log] %cStart Phase: CheckSwitchPhase color:green
[log] %cStart Phase: CheckSwitchPhase color:green
[log] %cStart Phase: InitEncounterPhase color:green
[log] [coop:turn] host recorder: preserve recording scope=1828413413364172:29 turn=1 events=0 seq=0
[log] %cStart Phase: PostSummonPhase color:green
[log] %cStart Phase: PostSummonPhase color:green
[log] %cStart Phase: PostSummonPhase color:green
[log] %cStart Phase: TurnInitPhase color:green
[log] [coop:replay] host SEND enemyPartySync wave=29 count=2 meType=-1 battleType=0 entryPresentation=0
[log] [coop:transport] send host t=enemyPartySync wave=29 enemies=2 battleType=0
[log] [coop:replay] host RE-BROADCAST wave-start authority wave=29 after post-summon boundary stateChanged=false presentation=0 (#920)
[log] [coop:transport] send host t=authorityEntry t=authorityEntry
[log] [coop:v2-shadow] PARITY kind=CONTROL_COMMIT rev=169 match=true field=-
[log] [coop:rendezvous] next-command barrier ARRIVE+AWAIT cmd:29:1 slot=0
[log] [coop:rendezvous] ARRIVE point=cmd:29:1 (send) role=host
[log] [coop:transport] send host t=rendezvous point=cmd:29:1
[log] [coop:rendezvous] AWAIT point=cmd:29:1 timeoutMs=2000 -> network-wait role=host
[log] [coop:transport] recv guest t=enemyPartySync wave=29 enemies=2 battleType=0 handlers=1
[log] [coop:transport] recv guest t=authorityEntry t=authorityEntry handlers=1
[log] [coop:transport] recv guest t=rendezvous point=cmd:29:1 handlers=1
[log] [coop:v2-authority] receipt rev=169 op=V2/CONTROL/COMMAND/e1828413413364172/w29/t1/tick583 stage=admitted sender=1 generation=0 advanced retired=false waiting=[1] subsumed=[]
[log] [coop:transport] send host t=authorityEntry t=authorityEntry
[log] [coop:rendezvous] RECV arrival point=cmd:29:1 -> deliver-to-waiter role=host
[log] [coop:transport] send host t=rendezvous point=cmd:29:1
[log] [coop:rendezvous] AWAIT point=cmd:29:1 RESOLVE both-arrived role=host
[log] [coop:v2-authority] receipt rev=169 op=V2/CONTROL/COMMAND/e1828413413364172/w29/t1/tick583 stage=admitted sender=1 generation=0 duplicate highestStage=0
[log] [coop:v2-authority] receipt rev=169 op=V2/CONTROL/COMMAND/e1828413413364172/w29/t1/tick583 stage=materialApplied sender=1 generation=0 advanced retired=false waiting=[1] subsumed=[]
[log] [coop:v2-authority] receipt rev=169 op=V2/CONTROL/COMMAND/e1828413413364172/w29/t1/tick583 stage=materialApplied sender=1 generation=0 duplicate highestStage=1
[log] [coop:v2-authority] receipt rev=169 op=V2/CONTROL/COMMAND/e1828413413364172/w29/t1/tick583 stage=materialApplied sender=1 generation=0 duplicate highestStage=1
[log] [coop:v2-authority] receipt rev=169 op=V2/CONTROL/COMMAND/e1828413413364172/w29/t1/tick583 stage=materialApplied sender=1 generation=0 duplicate highestStage=1
[log] [coop:v2-authority] receipt rev=169 op=V2/CONTROL/COMMAND/e1828413413364172/w29/t1/tick583 stage=controlInstalled sender=1 generation=0 advanced retired=true waiting=[] subsumed=[]
[log] [coop:transport] recv guest t=rendezvous point=cmd:29:1 handlers=1
[log] [coop:transport] send host t=enemyPartySync wave=29 enemies=2 battleType=0
[log] [coop:replay] host RE-BROADCAST wave-start authority wave=29 after post-summon boundary stateChanged=false presentation=0 (#920)
[log] [coop:transport] recv guest t=enemyPartySync wave=29 enemies=2 battleType=0 handlers=1
[log] [coop-soak:wave-start] {"seed":20365530,"wave":29,"wavesRequested":200,"wavesCompleted":28,"elapsedMs":135731,"hostPhase":"CommandPhase","guestPhase":"CommandPhase"}
[log] [coop:interaction] interactionCounter() read -> 33 (role=host)
[log] [coop:interaction] interactionCounter() read -> 33 (role=guest)
[log] [coop:interaction] interactionCounter() read -> 33 (role=host)
[log] [coop:checksum] capture digest=e9c9a21d38156611 field=4 biome=27 seed=coop-soak-20365530 weather=0 terrain=4 money=1880 party=[493,150,890,384,382,888] partyLevels=[500,500,500,500,500,500] arenaTags=1 modifiers=5 heldItemsDigest=0 pokeballs=[0:55,1:20,2:0,3:0,4:0] mons=[bi0:sp493/hp1865-1865/st0/ab121/form0/tera0:0/boss0:0 bi1:sp150/hp1725-1725/st0/ab227/form0/tera0:13/boss0:0 bi2:sp522/hp58-58/st0/ab5275/form0/tera0:12/boss0:0 bi3:sp509/hp50-50/st0/ab84/form0/tera0:16/boss0:0]
[log] [coop:interaction] interactionCounter() read -> 33 (role=host)
[log] %cStart Phase: SelectTargetPhase color:green
[log] [coop:owner] broadcast own-slot fi=0 turn=1 role=host cmd=0
[log] [coop:relay] broadcastLocalCommand SEND fieldIndex=0 owner=host turn=1 command=0 cursor=1 moveId=247 targets=[2]
[log] [coop:transport] send host t=command fi=0 owner=host turn=1 cmd=0 cursor=1 move=247
[log] [coop:transport] recv guest t=command fi=0 owner=host turn=1 cmd=0 cursor=1 move=247 handlers=1
[log] [coop:relay] recv command fieldIndex=0 turn=1 command=0 -> BUFFERED (no awaiter yet)
[log] %cStart Phase: CommandPhase color:green
[log] [coop:transport] send host t=enemyPartySync wave=29 enemies=2 battleType=0
[log] [coop:replay] host RE-BROADCAST wave-start authority wave=29 after post-summon boundary stateChanged=true presentation=0 (#920)
[log] [coop:battle] CommandPhase slot=1 turn=1 owner=guest role=host -> partner path
[log] [coop:relay] host requestPartnerCommand SEND fieldIndex=1 turn=1 moveSlots=[0,1,2,3] (awaiting peer)
[log] [coop:transport] send host t=commandRequest fi=1 owner=guest turn=1 slots=4
[log] [coop:transport] recv guest t=enemyPartySync wave=29 enemies=2 battleType=0 handlers=1
[log] [coop:transport] recv guest t=commandRequest fi=1 owner=guest turn=1 slots=4 handlers=1
[log] [coop:relay] peer recv commandRequest fieldIndex=1 owner=guest turn=1 moveSlots=[0,1,2,3] -> reply command=0 cursor=3 moveId=85
[log] [coop:transport] send guest t=command fi=1 owner=guest turn=1 cmd=0 cursor=3 move=85
[log] [coop:transport] recv host t=command fi=1 owner=guest turn=1 cmd=0 cursor=3 move=85 handlers=1
[log] [coop:relay] recv command fieldIndex=1 turn=1 command=0 -> resolved awaiting request
[log] [coop:ai] applyWiredPartnerCommand partner=150 wiredMoveId=85 cursor=3 -> moveId=85 moveIndex=3 tera=false targets=[3] targetsFrom=wire-verbatim useMode=1
[log] %cStart Phase: EnemyCommandPhase color:green
[log] %cStart Phase: EnemyCommandPhase color:green
[log] %cStart Phase: TurnStartPhase color:green
[log] [coop-diag] turn-start authoritative guard mode=authoritative role=host turn=1 diverts=false
[log] [coop:turn] host recorder: preserve recording scope=1828413413364172:29 turn=1 events=0 seq=0
[log] %cStart Phase: MovePhase color:green
[log] [coop:turn] host recorder: append turn=1 seq=0 k=moveUsed total=1 live=true
[log] %cStart Phase: MessagePhase color:green
[log] %cStart Phase: MoveEffectPhase color:green
[log] [coop:turn] host recorder: append turn=1 seq=1 k=moveAnim total=2 live=true
[log] [coop:turn] host recorder: append turn=1 seq=2 k=hp total=3 live=true
[log] [coop:turn] host recorder: append turn=1 seq=3 k=faint total=4 live=true
[log] %cStart Phase: DamageAnimPhase color:green
[log] %cStart Phase: FaintPhase color:green
[log] %cStart Phase: MessagePhase color:green
[log] %cStart Phase: VictoryPhase color:green
[log] [coop:progression] HOST progression capture begin wave=29
[log] [coop:progression] HOST applyPartyExp COMPUTE wave=29 expValue=213.8 koMon=Purrloin
[log] %cStart Phase: MoveEndPhase color:green
[log] %cStart Phase: MovePhase color:green
[log] [coop:turn] host recorder: append turn=1 seq=4 k=moveUsed total=5 live=true
[log] %cStart Phase: MessagePhase color:green
[log] %cStart Phase: MoveEffectPhase color:green
[log] [coop:turn] host recorder: append turn=1 seq=5 k=moveAnim total=6 live=true
[log] [coop:turn] host recorder: append turn=1 seq=6 k=hp total=7 live=true
[log] [coop:turn] host recorder: append turn=1 seq=7 k=faint total=8 live=true
[log] %cStart Phase: DamageAnimPhase color:green
[log] %cStart Phase: FaintPhase color:green
[log] %cStart Phase: MessagePhase color:green
[log] %cStart Phase: VictoryPhase color:green
[log] [coop:progression] HOST applyPartyExp COMPUTE wave=29 expValue=237 koMon=Blitzle
[log] [coop:runtime] defer raw waveResolved wave=29 outcome=win until its material turnResolution is retained
[log] [coop-diag] VictoryPhase win-branch role=host battleType=WILD queuesTrainerVictory=false queuesSelectModifier=true wave=29
[log] [coop-diag] VictoryTail role=host wave=29 source=legacy-local trainer=false egg=true biomeShop=false biomeChange=false crossroads=false nextWave=30
[log] %cStart Phase: MoveEndPhase color:green
[log] %cStart Phase: MovePhase color:green
[log] %cStart Phase: MoveEndPhase color:green
[log] %cStart Phase: MovePhase color:green
[log] %cStart Phase: MoveEndPhase color:green
[log] %cStart Phase: CheckInterludePhase color:green
[log] %cStart Phase: WeatherEffectPhase color:green
[log] %cStart Phase: PositionalTagPhase color:green
[log] %cStart Phase: BerryPhase color:green
[log] %cStart Phase: CheckStatusEffectPhase color:green
[log] %cStart Phase: TurnEndPhase color:green
[log] %cStart Phase: CoopTurnCommitPhase color:green
[log] [coop:turn] host recorder: finalize turn=1 events=8 seq=8
[log] [coop:checkpoint] build field=4 weather=0/0 terrain=4/4 arenaTags=1 money=1880 mons=[bi0:sp493/hp1865-1865/st0/fnt0 bi1:sp150/hp1725-1725/st0/fnt0 bi2:sp522/hp0-58/st7/fnt1 bi3:sp509/hp0-50/st7/fnt1]
[log] [coop:checkpoint] host capture field=4 weather=0 terrain=4 money=1880 arenaTags=1 mons=[bi0:sp493/hp1865-1865/st0/fnt0 bi1:sp150/hp1725-1725/st0/fnt0 bi2:sp522/hp0-58/st7/fnt1 bi3:sp509/hp0-50/st7/fnt1]
[log] [coop:interaction] interactionCounter() read -> 33 (role=host)
[log] [coop:replay] host SEND turnResolution e=1828413413364172 wave=29 turn=1 rev=592 events=8 checksum=ce7cf56dc8e17c15
[log] [coop:transport] send host t=authorityEntry t=authorityEntry
[log] [coop:v2-shadow] PARITY kind=TURN_COMMIT rev=170 match=true field=- successor=none-non-command-boundary
[log] [coop:transport] send host t=turnResolution e=1828413413364172 wave=29 turn=1 rev=592 events=8 checksum=ce7cf56dc8e17c15
[log] [coop:runtime] send waveResolved wave=29 outcome=win (host)
[log] [coop:replay] host SEND waveResolved wave=29 outcome=win transition=WAVE_VICTORY/next30/biome0/egg1/wild
[log] [coop:transport] send host t=waveResolved wave=29 outcome=win captureParty=- cap=-
[log] [coop:transport] recv guest t=authorityEntry t=authorityEntry handlers=1
[log] [coop:transport] recv guest t=turnResolution e=1828413413364172 wave=29 turn=1 rev=592 events=8 checksum=ce7cf56dc8e17c15 handlers=1
[log] [coop:transport] recv guest t=waveResolved wave=29 outcome=win captureParty=- cap=- handlers=1
[log] [38;2;255;127;80mPhaseInterceptor.to: Stopping on completion of CoopTurnCommitPhase[39m
[log] %cStart Phase: BattleEndPhase color:green
[log] [coop:progression] HOST automatic victory settlement deferred wave=29 sourceTurn=1 settlementTurn=2
[log] [coop:v2-authority] receipt rev=170 op=TURN/e1828413413364172/w29/t1 stage=admitted sender=1 generation=0 advanced retired=false waiting=[1] subsumed=[]
[log] [coop:transport] send host t=authorityEntry t=authorityEntry
[log] [coop:v2-authority] receipt rev=170 op=TURN/e1828413413364172/w29/t1 stage=admitted sender=1 generation=0 duplicate highestStage=0
[log] [coop:v2-authority] receipt rev=170 op=TURN/e1828413413364172/w29/t1 stage=admitted sender=1 generation=0 duplicate highestStage=0
[log] [coop:v2-authority] receipt rev=170 op=TURN/e1828413413364172/w29/t1 stage=materialApplied sender=1 generation=0 advanced retired=false waiting=[1] subsumed=[]
[log] [coop:v2-authority] receipt rev=170 op=TURN/e1828413413364172/w29/t1 stage=controlInstalled sender=1 generation=0 advanced retired=true waiting=[] subsumed=[]
[log] [coop:interaction] interactionCounter() read -> 33 (role=host)
[log] %cStart Phase: EggLapsePhase color:green
[log] %cStart Phase: CoopVictorySealPhase color:green
[log] [coop:transport] send host t=authorityEntry t=authorityEntry
[log] [coop:v2-shadow] PARITY kind=WAVE_ADVANCE rev=171 match=true field=-
[log] [coop:runtime] settled WAVE_ADVANCE committed wave=29 tick=593 next=WAVE_VICTORY/wave30
[log] [coop:runtime] send waveEndState wave=29 tick=593 (host)
[log] [coop:replay] host SEND waveEndState wave=29 tick=593 party=6
[log] [coop:transport] send host t=waveEndState t=waveEndState
[log] [coop:progression] HOST automatic victory settlement sealed wave=29 sourceTurn=1 settlementTurn=2 tick=593
[log] [coop:transport] recv guest t=authorityEntry t=authorityEntry handlers=1
[log] [coop:transport] recv guest t=waveEndState t=waveEndState handlers=1
[log] [coop:interaction] interactionCounter() read -> 33 (role=host)
[log] [coop:owner] ownerOf(counter=33) seat=1 -> owner=guest
[log] [coop:owner] isLocalOwnerAtCounter(pinnedCounter=33) parity=1 owner=guest role=host -> false
[log] [coop:interaction] interactionCounter() read -> 33 (role=host)
[log] [coop:reward] owner/watcher decision: pinnedStart=33 liveCounter=33 parity=1 role=host pick=WATCHER option=ROLL spoof=false
[log] [coop:shop] serializeRewardOptions count=3 ids=[TEMP_STAT_STAGE_BOOSTER,ULTRA_BALL,BERRY] tiers=[0,2,0]
[log] [coop:reward] OWNER streams reward options (start=33 reroll=0 count=3 ids=[TEMP_STAT_STAGE_BOOSTER,ULTRA_BALL,BERRY])
[log] [coop:relay] SEND rewardOptions seq=33 reroll=0 count=3 ids=[TEMP_STAT_STAGE_BOOSTER,ULTRA_BALL,BERRY]
[log] [coop:transport] send host t=authorityEntry t=authorityEntry
[log] [coop:v2-shadow] PARITY kind=INTERACTION_COMMIT rev=172 match=true field=-
[log] [coop:reward] authoritative options retained surface=reward pin=33 reroll=0 count=3 rev=67 id=1828413413364172:1:REWARD_PRESENT:3300000
[log] [coop:v2-interaction] suppressed raw rewardOptions key=33:0; immutable entry retained
[log] [coop:rendezvous] ARRIVE point=shop:29:33 (send) role=host
[log] [coop:transport] send host t=rendezvous point=shop:29:33
[log] [coop:reward] WATCHER waits for partner's reward picks (start=33 role=host wave=29)
[log] [coop:transport] recv guest t=authorityEntry t=authorityEntry handlers=1
[log] [coop:transport] recv guest t=rendezvous point=shop:29:33 handlers=1
[log] [coop:interaction] mirror begin role=watcher mirrorSeq=2112 interactionStart=33 reroll=0
[log] [coop:interaction] uiMirror beginSession role=watcher mode=6 seq=2112 early=0
[log] [coop:relay] AWAIT interactionChoice seq=33 timeoutMs=1200000 expected=[reward,shop,skip,reroll,check,transfer,lock] -> network-wait
[log] [coop:interaction] interactionCounter() read -> 33 (role=host)
[log] [coop:checksum] capture digest=ce7cf56dc8e17c15 field=4 biome=27 seed=coop-soak-20365530 weather=0 terrain=4 money=1880 party=[493,150,890,384,382,888] partyLevels=[500,500,500,500,500,500] arenaTags=1 modifiers=5 heldItemsDigest=0 pokeballs=[0:55,1:20,2:0,3:0,4:0] mons=[bi0:sp493/hp1865-1865/st0/ab121/form0/tera0:0/boss0:0 bi1:sp150/hp1725-1725/st0/ab227/form0/tera0:13/boss0:0 bi2:sp522/hp0-58/st7/ab5275/form0/tera0:12/boss0:0 bi3:sp509/hp0-50/st7/ab84/form0/tera0:16/boss0:0]
[log] [coop:transport] send host t=authorityEntry t=authorityEntry
[log] [coop:rendezvous] RECV arrival point=shop:29:33 -> BUFFER (no waiter yet) role=host
[log] [coop:stream] host IGNORE cosmetic turn ACK stage=continuationReady key=1828413413364172:29:1:592 (v2 owns retirement)
[log] [coop:relay] DELIVER interactionChoice seq=33 -> waiter kind=reward choice=0 data=[0]
[log] [coop:relay] AWAIT interactionChoice seq=33 RESOLVE kind=reward choice=0 data=[0]
[log] [coop:v2-authority] receipt rev=171 op=V2/WAVE/e1828413413364172/w29/tick593 stage=admitted sender=1 generation=0 advanced retired=false waiting=[1] subsumed=[]
[log] [coop:transport] send host t=authorityEntry t=authorityEntry
[log] [coop:transport] send host t=authorityEntry t=authorityEntry
[log] [coop:v2-authority] receipt rev=171 op=V2/WAVE/e1828413413364172/w29/tick593 stage=admitted sender=1 generation=0 duplicate highestStage=0
[log] [coop:v2-authority] receipt rev=171 op=V2/WAVE/e1828413413364172/w29/tick593 stage=materialApplied sender=1 generation=0 advanced retired=false waiting=[1] subsumed=[]
[log] [coop:transport] send host t=authorityEntry t=authorityEntry
[log] [coop:v2-authority] receipt rev=171 op=V2/WAVE/e1828413413364172/w29/tick593 stage=controlInstalled sender=1 generation=0 advanced retired=true waiting=[] subsumed=[]
[log] [coop:v2-authority] receipt rev=172 op=1828413413364172:1:REWARD_PRESENT:3300000 stage=admitted sender=1 generation=0 advanced retired=false waiting=[1] subsumed=[]
[log] [coop:v2-authority] receipt rev=172 op=1828413413364172:1:REWARD_PRESENT:3300000 stage=materialApplied sender=1 generation=0 advanced retired=false waiting=[1] subsumed=[]
[log] [coop:v2-authority] receipt rev=172 op=1828413413364172:1:REWARD_PRESENT:3300000 stage=materialApplied sender=1 generation=0 duplicate highestStage=1
[log] [coop:v2-authority] receipt rev=172 op=1828413413364172:1:REWARD_PRESENT:3300000 stage=controlInstalled sender=1 generation=0 advanced retired=true waiting=[] subsumed=[]
[log] [coop:v2-authority] receipt rev=171 op=V2/WAVE/e1828413413364172/w29/tick593 stage=controlInstalled sender=1 generation=0 rejected reason=unknown-revision
[log] [coop:reward] WATCHER applying relayed action seq=33 act=REWARD choice=0 data=[0]
[log] [coop:owner] ownerOf(counter=33) seat=1 -> owner=guest
[log] [coop:owner] isLocalOwnerAtCounter(pinnedCounter=33) parity=1 owner=guest role=host -> false
[log] [coop:reward] APPLY_RESULT pin=33 side=watcher type=TEMP_STAT_STAGE_BOOSTER class=TempStatStageBoosterModifier pregen=[5] holderSlot=-1 holderId=-1 stack=1 accepted=true cost=-1
[log] [coop:transport] recv guest t=authorityEntry t=authorityEntry handlers=1
[log] [coop:transport] recv guest t=authorityEntry t=authorityEntry handlers=1
[log] [coop:transport] recv guest t=authorityEntry t=authorityEntry handlers=1
[log] [coop:v2-interaction] terminal proof recorded op=1828413413364172:1:REWARD:3300000 role=host seat=0 duplicate=0 ambient=1
[log] [coop:v2-interaction] phase terminal proof op=1828413413364172:1:REWARD:3300000 route=constructor-fallback accepted=1
[log] [coop:shop] serializeRewardOptions count=3 ids=[TEMP_STAT_STAGE_BOOSTER,ULTRA_BALL,BERRY] tiers=[0,2,0]
[log] [coop:transport] send host t=authorityEntry t=authorityEntry
[log] [coop:v2-shadow] PARITY kind=INTERACTION_COMMIT rev=173 match=true field=-
[log] [coop:reward] reward authoritative RESULT retained rev=68 tick=595 id=1828413413364172:1:REWARD:3300000
[log] [coop:interaction] interactionCounter() read -> 33 (role=host)
[log] [coop:interaction] CoopInteractionTurn.advance INCREMENT (fromCounter=33) counter 33 -> 34
[log] [coop:interaction] advanceInteraction ADVANCED+V2-LOCAL (fromCounter=33) counter 33 -> 34 role=host
[log] [coop:owner] ownerOf(counter=34) seat=0 -> owner=host
[log] [coop:owner] ownerOf(counter=34) seat=0 -> owner=host
[log] [coop:interaction] interactionCounter() read -> 34 (role=host)
[log] [coop:reward] advance interaction from V2 commit (role=host from=33 counter 33 -> 34); typed successor owns release
[log] [coop:transport] recv guest t=authorityEntry t=authorityEntry handlers=1
[log] [coop:interaction] interactionCounter() read -> 34 (role=host)
[log] [coop:interaction] interactionCounter() read -> 34 (role=host)
[log] [coop:v2-authority] receipt rev=171 op=V2/WAVE/e1828413413364172/w29/tick593 stage=controlInstalled sender=1 generation=0 rejected reason=unknown-revision
[log] [coop:v2-authority] receipt rev=172 op=1828413413364172:1:REWARD_PRESENT:3300000 stage=controlInstalled sender=1 generation=0 rejected reason=unknown-revision
[log] [coop:v2-authority] receipt rev=172 op=1828413413364172:1:REWARD_PRESENT:3300000 stage=controlInstalled sender=1 generation=0 rejected reason=unknown-revision
[log] [coop:v2-authority] receipt rev=173 op=1828413413364172:1:REWARD:3300000 stage=admitted sender=1 generation=0 advanced retired=false waiting=[1] subsumed=[]
[log] [coop:v2-authority] receipt rev=173 op=1828413413364172:1:REWARD:3300000 stage=admitted sender=1 generation=0 duplicate highestStage=0
[log] [coop:v2-authority] receipt rev=173 op=1828413413364172:1:REWARD:3300000 stage=materialApplied sender=1 generation=0 advanced retired=false waiting=[1] subsumed=[]
[log] [coop:v2-authority] receipt rev=173 op=1828413413364172:1:REWARD:3300000 stage=controlInstalled sender=1 generation=0 advanced retired=true waiting=[] subsumed=[]
[log] [coop:interaction] interactionCounter() read -> 34 (role=host)
[log] [coop:interaction] interactionCounter() read -> 34 (role=guest)
[log] [coop-soak:wave-complete] {"seed":20365530,"wave":29,"wavesRequested":200,"wavesCompleted":29,"waveElapsedMs":2295,"elapsedMs":138026,"findings":0,"hostPhase":"NewBattlePhase","guestPhase":"NewBattlePhase"}
[log] %cStart Phase: NewBattlePhase color:green
[log] %cStart Phase: NextEncounterPhase color:green
[log] [coop:interaction] interactionCounter() read -> 34 (role=host)
[log] [coop:replay] host SEND enemyPartySync wave=30 count=2 meType=-1 battleType=0 entryPresentation=-
[log] [coop:transport] send host t=enemyPartySync wave=30 enemies=2 battleType=0
[log] [coop:turn] host recorder: begin turn=1 scope=1828413413364172:30 (no prior open recording)
[log] [coop:transport] recv guest t=enemyPartySync wave=30 enemies=2 battleType=0 handlers=1
[log] %cStart Phase: ToggleDoublePositionPhase color:green
[log] %cStart Phase: CheckSwitchPhase color:green
[log] %cStart Phase: CheckSwitchPhase color:green
[log] %cStart Phase: InitEncounterPhase color:green
[log] [coop:turn] host recorder: preserve recording scope=1828413413364172:30 turn=1 events=0 seq=0
[log] %cStart Phase: PostSummonPhase color:green
[log] %cStart Phase: PostSummonPhase color:green
[log] %cStart Phase: PostSummonPhase color:green
[log] %cStart Phase: ShowAbilityPhase color:green
[log] [coop:turn] host recorder: append turn=1 seq=0 k=showAbility total=1 live=true
[log] %cStart Phase: MovePhase color:green
[log] [coop:turn] host recorder: append turn=1 seq=1 k=moveUsed total=2 live=true
[log] %cStart Phase: MessagePhase color:green
[log] %cStart Phase: MoveEffectPhase color:green
[log] [coop:turn] host recorder: append turn=1 seq=2 k=moveAnim total=3 live=true
[log] [coop:turn] host recorder: append turn=1 seq=3 k=message total=4 live=true
[log] %cStart Phase: PokemonHealPhase color:green
[log] [coop:turn] host recorder: append turn=1 seq=4 k=message total=5 live=true
[log] %cStart Phase: MessagePhase color:green
[log] %cStart Phase: ResetStatusPhase color:green
[log] %cStart Phase: ResetStatusPhase color:green
[log] %cStart Phase: MessagePhase color:green
[log] %cStart Phase: MoveEndPhase color:green
[log] %cStart Phase: HideAbilityPhase color:green
[log] [coop:turn] host recorder: append turn=1 seq=5 k=hideAbility total=6 live=true
[log] %cStart Phase: TurnInitPhase color:green
[log] [coop:replay] host SEND enemyPartySync wave=30 count=2 meType=-1 battleType=0 entryPresentation=6
[log] [coop:transport] send host t=enemyPartySync wave=30 enemies=2 battleType=0
[log] [coop:replay] host RE-BROADCAST wave-start authority wave=30 after post-summon boundary stateChanged=true presentation=6 (#920)
[log] [coop:transport] send host t=authorityEntry t=authorityEntry
[log] [coop:v2-shadow] PARITY kind=CONTROL_COMMIT rev=174 match=true field=-
[log] [coop:rendezvous] next-command barrier ARRIVE+AWAIT cmd:30:1 slot=0
[log] [coop:rendezvous] ARRIVE point=cmd:30:1 (send) role=host
[log] [coop:transport] send host t=rendezvous point=cmd:30:1
[log] [coop:rendezvous] AWAIT point=cmd:30:1 timeoutMs=2000 -> network-wait role=host
[log] [coop:transport] recv guest t=enemyPartySync wave=30 enemies=2 battleType=0 handlers=1
[log] [coop:transport] recv guest t=authorityEntry t=authorityEntry handlers=1
[log] [coop:transport] recv guest t=rendezvous point=cmd:30:1 handlers=1
[log] [coop:v2-authority] receipt rev=174 op=V2/CONTROL/COMMAND/e1828413413364172/w30/t1/tick599 stage=admitted sender=1 generation=0 advanced retired=false waiting=[1] subsumed=[]
[log] [coop:transport] send host t=authorityEntry t=authorityEntry
[log] [coop:rendezvous] RECV arrival point=cmd:30:1 -> deliver-to-waiter role=host
[log] [coop:transport] send host t=rendezvous point=cmd:30:1
[log] [coop:rendezvous] AWAIT point=cmd:30:1 RESOLVE both-arrived role=host
[log] [coop:v2-authority] receipt rev=174 op=V2/CONTROL/COMMAND/e1828413413364172/w30/t1/tick599 stage=admitted sender=1 generation=0 duplicate highestStage=0
[log] [coop:v2-authority] receipt rev=174 op=V2/CONTROL/COMMAND/e1828413413364172/w30/t1/tick599 stage=materialApplied sender=1 generation=0 advanced retired=false waiting=[1] subsumed=[]
[log] [coop:v2-authority] receipt rev=174 op=V2/CONTROL/COMMAND/e1828413413364172/w30/t1/tick599 stage=materialApplied sender=1 generation=0 duplicate highestStage=1
[log] [coop:v2-authority] receipt rev=174 op=V2/CONTROL/COMMAND/e1828413413364172/w30/t1/tick599 stage=materialApplied sender=1 generation=0 duplicate highestStage=1
[log] [coop:v2-authority] receipt rev=174 op=V2/CONTROL/COMMAND/e1828413413364172/w30/t1/tick599 stage=materialApplied sender=1 generation=0 duplicate highestStage=1
[log] [coop:v2-authority] receipt rev=174 op=V2/CONTROL/COMMAND/e1828413413364172/w30/t1/tick599 stage=controlInstalled sender=1 generation=0 advanced retired=true waiting=[] subsumed=[]
[log] [coop:transport] recv guest t=rendezvous point=cmd:30:1 handlers=1
[log] [coop:transport] send host t=enemyPartySync wave=30 enemies=2 battleType=0
[log] [coop:replay] host RE-BROADCAST wave-start authority wave=30 after post-summon boundary stateChanged=false presentation=6 (#920)
[log] [coop:transport] recv guest t=enemyPartySync wave=30 enemies=2 battleType=0 handlers=1
[log] [coop-soak:wave-start] {"seed":20365530,"wave":30,"wavesRequested":200,"wavesCompleted":29,"elapsedMs":139107,"hostPhase":"CommandPhase","guestPhase":"CommandPhase"}
[log] [coop:interaction] interactionCounter() read -> 34 (role=host)
[log] [coop:interaction] interactionCounter() read -> 34 (role=guest)
[log] [coop:interaction] interactionCounter() read -> 34 (role=host)
[log] [coop:checksum] capture digest=5291642deaae4abb field=4 biome=27 seed=coop-soak-20365530 weather=0 terrain=4 money=1880 party=[493,150,890,384,382,888] partyLevels=[500,500,500,500,500,500] arenaTags=1 modifiers=6 heldItemsDigest=2 pokeballs=[0:55,1:20,2:0,3:0,4:0] mons=[bi0:sp493/hp1865-1865/st0/ab121/form0/tera0:0/boss0:0 bi1:sp150/hp1725-1725/st0/ab227/form0/tera0:13/boss0:0 bi2:sp753/hp50-50/st0/ab5171/form0/tera0:11/boss1:0 bi3:sp595/hp65-65/st0/ab5101/form0/tera0:12/boss2:1]
[log] [coop:interaction] interactionCounter() read -> 34 (role=host)
[log] %cStart Phase: SelectTargetPhase color:green
[log] [coop:owner] broadcast own-slot fi=0 turn=1 role=host cmd=0
[log] [coop:relay] broadcastLocalCommand SEND fieldIndex=0 owner=host turn=1 command=0 cursor=2 moveId=53 targets=[2]
[log] [coop:transport] send host t=command fi=0 owner=host turn=1 cmd=0 cursor=2 move=53
[log] [coop:transport] recv guest t=command fi=0 owner=host turn=1 cmd=0 cursor=2 move=53 handlers=1
[log] [coop:relay] recv command fieldIndex=0 turn=1 command=0 -> BUFFERED (no awaiter yet)
[log] %cStart Phase: CommandPhase color:green
[log] [coop:transport] send host t=enemyPartySync wave=30 enemies=2 battleType=0
[log] [coop:replay] host RE-BROADCAST wave-start authority wave=30 after post-summon boundary stateChanged=true presentation=6 (#920)
[log] [coop:battle] CommandPhase slot=1 turn=1 owner=guest role=host -> partner path
[log] [coop:relay] host requestPartnerCommand SEND fieldIndex=1 turn=1 moveSlots=[0,1,2,3] (awaiting peer)
[log] [coop:transport] send host t=commandRequest fi=1 owner=guest turn=1 slots=4
[log] [coop:transport] recv guest t=enemyPartySync wave=30 enemies=2 battleType=0 handlers=1
[log] [coop:transport] recv guest t=commandRequest fi=1 owner=guest turn=1 slots=4 handlers=1
[log] [coop:relay] peer recv commandRequest fieldIndex=1 owner=guest turn=1 moveSlots=[0,1,2,3] -> reply command=0 cursor=0 moveId=34
[log] [coop:transport] send guest t=command fi=1 owner=guest turn=1 cmd=0 cursor=0 move=34
[log] [coop:transport] recv host t=command fi=1 owner=guest turn=1 cmd=0 cursor=0 move=34 handlers=1
[log] [coop:relay] recv command fieldIndex=1 turn=1 command=0 -> resolved awaiting request
[log] [coop:ai] applyWiredPartnerCommand partner=150 wiredMoveId=34 cursor=0 -> moveId=34 moveIndex=0 tera=false targets=[3] targetsFrom=wire-verbatim useMode=1
[log] %cStart Phase: EnemyCommandPhase color:green
[log] %cStart Phase: EnemyCommandPhase color:green
[log] %cStart Phase: TurnStartPhase color:green
[log] [coop-diag] turn-start authoritative guard mode=authoritative role=host turn=1 diverts=false
[log] [coop:turn] host recorder: preserve recording scope=1828413413364172:30 turn=1 events=9 seq=9
[log] %cStart Phase: MovePhase color:green
[log] [coop:turn] host recorder: append turn=1 seq=9 k=moveUsed total=10 live=true
[log] %cStart Phase: MessagePhase color:green
[log] %cStart Phase: MoveEffectPhase color:green
[log] [coop:turn] host recorder: append turn=1 seq=10 k=moveAnim total=11 live=true
[log] [coop:turn] host recorder: append turn=1 seq=11 k=hp total=12 live=true
[log] [coop:turn] host recorder: append turn=1 seq=12 k=faint total=13 live=true
[log] %cStart Phase: DamageAnimPhase color:green
[log] %cStart Phase: StatStageChangePhase color:green
[log] %cStart Phase: FaintPhase color:green
[log] %cStart Phase: MessagePhase color:green
[log] %cStart Phase: VictoryPhase color:green
[log] [coop:progression] HOST progression capture begin wave=30
[log] [coop:progression] HOST applyPartyExp COMPUTE wave=30 expValue=308.2 koMon=Joltik
[log] %cStart Phase: MoveEndPhase color:green
[log] %cStart Phase: MovePhase color:green
[log] [coop:turn] host recorder: append turn=1 seq=13 k=moveUsed total=14 live=true
[log] %cStart Phase: MessagePhase color:green
[log] %cStart Phase: MoveEffectPhase color:green
[log] [coop:turn] host recorder: append turn=1 seq=14 k=moveAnim total=15 live=true
[log] [coop:turn] host recorder: append turn=1 seq=15 k=hp total=16 live=true
[log] [coop:turn] host recorder: append turn=1 seq=16 k=faint total=17 live=true
[log] [coop:turn] host recorder: append turn=1 seq=17 k=message total=18 live=true
[log] %cStart Phase: DamageAnimPhase color:green
[log] %cStart Phase: MessagePhase color:green
[log] %cStart Phase: FaintPhase color:green
[log] %cStart Phase: MessagePhase color:green
[log] %cStart Phase: VictoryPhase color:green
[log] [coop:progression] HOST applyPartyExp COMPUTE wave=30 expValue=191 koMon=Fomantis
[log] [coop:runtime] defer raw waveResolved wave=30 outcome=win until its material turnResolution is retained
[log] [coop-diag] VictoryPhase win-branch role=host battleType=WILD queuesTrainerVictory=false queuesSelectModifier=false wave=30
[log] [coop-diag] VictoryTail role=host wave=30 source=legacy-local trainer=false egg=true biomeShop=true biomeChange=false crossroads=true nextWave=31
[log] %cStart Phase: MoveEndPhase color:green
[log] %cStart Phase: MovePhase color:green
[log] %cStart Phase: MoveEndPhase color:green
[log] %cStart Phase: MovePhase color:green
[log] %cStart Phase: MoveEndPhase color:green
[log] %cStart Phase: CheckInterludePhase color:green
[log] %cStart Phase: PositionalTagPhase color:green
[log] %cStart Phase: TurnEndPhase color:green
[log] %cStart Phase: CoopTurnCommitPhase color:green
[log] [coop:turn] host recorder: finalize turn=1 events=18 seq=18
[log] [coop:checkpoint] build field=4 weather=0/0 terrain=4/3 arenaTags=1 money=1880 mons=[bi0:sp493/hp1865-1865/st0/fnt0 bi1:sp150/hp1725-1725/st0/fnt0 bi2:sp753/hp0-50/st7/fnt1 bi3:sp595/hp0-65/st7/fnt1]
[log] [coop:checkpoint] host capture field=4 weather=0 terrain=4 money=1880 arenaTags=1 mons=[bi0:sp493/hp1865-1865/st0/fnt0 bi1:sp150/hp1725-1725/st0/fnt0 bi2:sp753/hp0-50/st7/fnt1 bi3:sp595/hp0-65/st7/fnt1]
[log] [coop:interaction] interactionCounter() read -> 34 (role=host)
[log] [coop:replay] host SEND turnResolution e=1828413413364172 wave=30 turn=1 rev=608 events=18 checksum=e8641fd53adea45e
[log] [coop:transport] send host t=authorityEntry t=authorityEntry
[log] [coop:v2-shadow] PARITY kind=TURN_COMMIT rev=175 match=true field=- successor=none-non-command-boundary
[log] [coop:transport] send host t=turnResolution e=1828413413364172 wave=30 turn=1 rev=608 events=18 checksum=e8641fd53adea45e
[log] [coop:runtime] send waveResolved wave=30 outcome=win (host)
[log] [coop:replay] host SEND waveResolved wave=30 outcome=win transition=WAVE_VICTORY/next31/biome0/egg1/wild
[log] [coop:transport] send host t=waveResolved wave=30 outcome=win captureParty=- cap=-
[log] [coop:transport] recv guest t=authorityEntry t=authorityEntry handlers=1
[log] [coop:transport] recv guest t=turnResolution e=1828413413364172 wave=30 turn=1 rev=608 events=18 checksum=e8641fd53adea45e handlers=1
[log] [coop:transport] recv guest t=waveResolved wave=30 outcome=win captureParty=- cap=- handlers=1
[log] [38;2;255;127;80mPhaseInterceptor.to: Stopping on completion of CoopTurnCommitPhase[39m
[log] %cStart Phase: BattleEndPhase color:green
[log] [coop:progression] HOST automatic victory settlement deferred wave=30 sourceTurn=1 settlementTurn=2
[log] [coop:v2-authority] receipt rev=175 op=TURN/e1828413413364172/w30/t1 stage=admitted sender=1 generation=0 advanced retired=false waiting=[1] subsumed=[]
[log] [coop:transport] send host t=authorityEntry t=authorityEntry
[log] [coop:v2-authority] receipt rev=175 op=TURN/e1828413413364172/w30/t1 stage=admitted sender=1 generation=0 duplicate highestStage=0
[log] [coop:transport] send host t=authorityEntry t=authorityEntry
[log] [coop:v2-authority] receipt rev=175 op=TURN/e1828413413364172/w30/t1 stage=admitted sender=1 generation=0 duplicate highestStage=0
[log] [coop:v2-authority] receipt rev=175 op=TURN/e1828413413364172/w30/t1 stage=admitted sender=1 generation=0 duplicate highestStage=0
[log] [coop:v2-authority] receipt rev=175 op=TURN/e1828413413364172/w30/t1 stage=materialApplied sender=1 generation=0 advanced retired=false waiting=[1] subsumed=[]
[log] [coop:v2-authority] receipt rev=175 op=TURN/e1828413413364172/w30/t1 stage=controlInstalled sender=1 generation=0 advanced retired=true waiting=[] subsumed=[]
[log] [coop:interaction] interactionCounter() read -> 34 (role=host)
[log] %cStart Phase: EggLapsePhase color:green
[log] %cStart Phase: ModifierRewardPhase color:green
[log] %cStart Phase: PartyHealPhase color:green
[log] %cStart Phase: ResetStatusPhase color:green
[log] %cStart Phase: ResetStatusPhase color:green
[log] %cStart Phase: ResetStatusPhase color:green
[log] %cStart Phase: ResetStatusPhase color:green
[log] %cStart Phase: ResetStatusPhase color:green
[log] %cStart Phase: ResetStatusPhase color:green
[log] %cStart Phase: CoopVictorySealPhase color:green
[log] [coop:transport] send host t=authorityEntry t=authorityEntry
[log] [coop:v2-shadow] PARITY kind=WAVE_ADVANCE rev=176 match=true field=-
[log] [coop:runtime] settled WAVE_ADVANCE committed wave=30 tick=609 next=WAVE_VICTORY/wave31
[log] [coop:runtime] send waveEndState wave=30 tick=609 (host)
[log] [coop:replay] host SEND waveEndState wave=30 tick=609 party=6
[log] [coop:transport] send host t=waveEndState t=waveEndState
[log] [coop:progression] HOST automatic victory settlement sealed wave=30 sourceTurn=1 settlementTurn=2 tick=609
[log] [coop:transport] recv guest t=authorityEntry t=authorityEntry handlers=1
[log] [coop:transport] recv guest t=waveEndState t=waveEndState handlers=1
[log] [coop:interaction] interactionCounter() read -> 34 (role=host)
[log] [coop:checksum] capture digest=2d21da870572e322 field=4 biome=27 seed=coop-soak-20365530 weather=0 terrain=4 money=1880 party=[493,150,890,384,382,888] partyLevels=[500,500,500,500,500,500] arenaTags=1 modifiers=6 heldItemsDigest=0 pokeballs=[0:55,1:20,2:0,3:0,4:0] mons=[bi0:sp493/hp1865-1865/st0/ab121/form0/tera0:0/boss0:0 bi1:sp150/hp1725-1725/st0/ab227/form0/tera0:13/boss0:0 bi2:sp753/hp0-50/st7/ab5171/form0/tera0:11/boss1:0 bi3:sp595/hp0-65/st7/ab5101/form0/tera0:12/boss2:0]
[log] [coop:interaction] interactionCounter() read -> 34 (role=host)
[log] [coop:owner] ownerOf(counter=34) seat=0 -> owner=host
[log] [coop:owner] isLocalOwnerAtCounter(pinnedCounter=34) parity=0 owner=host role=host -> true
[log] [coop:reward] biome market roles: pinnedStart=34 inMe=false role=host spoof=false pick=OWNER option=ROLL+STREAM continuation=false
[log] [coop:shop] serializeRewardOptions count=16 ids=[LUCKY_EGG,BERRY,ER_GRASS_GEM,ER_GRASSY_SEED,ER_STICKY_BARB,RARE_CANDY,RARER_CANDY,ROGUE_BALL,GREAT_BALL,MINT,ULTRA_BALL,ER_RUSTY_CLAW,ER_LUCKY_HEART,BASE_STAT_BOOSTER,ER_POWER_HERB,FROSTBITE_ORB] tiers=[3,0,1,1,1,0,2,3,1,2,2,2,2,2,2,2]
[log] [coop:relay] SEND rewardOptions seq=34 reroll=777 count=16 ids=[LUCKY_EGG,BERRY,ER_GRASS_GEM,ER_GRASSY_SEED,ER_STICKY_BARB,RARE_CANDY,RARER_CANDY,ROGUE_BALL,GREAT_BALL,MINT,ULTRA_BALL,ER_RUSTY_CLAW,ER_LUCKY_HEART,BASE_STAT_BOOSTER,ER_POWER_HERB,FROSTBITE_ORB]
[log] [coop:transport] send host t=authorityEntry t=authorityEntry
[log] [coop:v2-shadow] PARITY kind=INTERACTION_COMMIT rev=177 match=true field=-
[log] [coop:reward] authoritative options retained surface=market pin=34 reroll=777 count=16 rev=69 id=1828413413364172:0:SHOP_PRESENT:3400777
[log] [coop:v2-interaction] suppressed raw rewardOptions key=34:777; immutable entry retained
[log] [coop:v2-authority] receipt rev=176 op=V2/WAVE/e1828413413364172/w30/tick609 stage=admitted sender=1 generation=0 advanced retired=false waiting=[1] subsumed=[]
[log] [coop:v2-authority] receipt rev=176 op=V2/WAVE/e1828413413364172/w30/tick609 stage=admitted sender=1 generation=0 duplicate highestStage=0
[log] [coop:v2-authority] receipt rev=176 op=V2/WAVE/e1828413413364172/w30/tick609 stage=materialApplied sender=1 generation=0 advanced retired=false waiting=[1] subsumed=[]
[log] [coop:transport] send host t=authorityEntry t=authorityEntry
[log] [coop:v2-authority] receipt rev=176 op=V2/WAVE/e1828413413364172/w30/tick609 stage=controlInstalled sender=1 generation=0 advanced retired=true waiting=[] subsumed=[]
[log] [coop:transport] recv guest t=authorityEntry t=authorityEntry handlers=1
[log] [coop:transport] recv guest t=authorityEntry t=authorityEntry handlers=1
[log] [coop:v2-authority] receipt rev=177 op=1828413413364172:0:SHOP_PRESENT:3400777 stage=admitted sender=1 generation=0 advanced retired=false waiting=[1] subsumed=[]
[log] [coop:v2-authority] receipt rev=177 op=1828413413364172:0:SHOP_PRESENT:3400777 stage=materialApplied sender=1 generation=0 advanced retired=false waiting=[1] subsumed=[]
[log] [coop:v2-authority] receipt rev=177 op=1828413413364172:0:SHOP_PRESENT:3400777 stage=materialApplied sender=1 generation=0 duplicate highestStage=1
[log] [coop:reward] market op INTENT prepared label=biomeShop id=1828413413364172:0:SHOP_BUY:3400000
[log] [coop:interaction] interactionCounter() read -> 34 (role=host)
[log] [coop:interaction] CoopInteractionTurn.advance INCREMENT (fromCounter=34) counter 34 -> 35
[log] [coop:interaction] advanceInteraction ADVANCED+BROADCAST (fromCounter=34) counter 34 -> 35 role=host; send interaction screen=__turn__ choice=35
[log] [coop:interaction] SEND counter snapshot reason=advance choice=35 role=host
[log] [coop:transport] send host t=interaction screen=__turn__
[log] [coop:owner] ownerOf(counter=35) seat=1 -> owner=guest
[log] [coop:owner] ownerOf(counter=35) seat=1 -> owner=guest
[log] [coop:interaction] interactionCounter() read -> 35 (role=host)
[log] [coop:reward] advance interaction from CONTINUATION commit (role=host from=34 counter 34 -> 35)
[log] [coop:interaction] interactionCounter() read -> 35 (role=host)
[log] [coop:v2-interaction] terminal proof recorded op=1828413413364172:0:SHOP_BUY:3400000 role=host seat=0 duplicate=0 ambient=1
[log] [coop:v2-interaction] phase terminal proof op=1828413413364172:0:SHOP_BUY:3400000 route=constructor-fallback accepted=1
[log] [coop:shop] serializeRewardOptions count=16 ids=[LUCKY_EGG,BERRY,ER_GRASS_GEM,ER_GRASSY_SEED,ER_STICKY_BARB,RARE_CANDY,RARER_CANDY,ROGUE_BALL,GREAT_BALL,MINT,ULTRA_BALL,ER_RUSTY_CLAW,ER_LUCKY_HEART,BASE_STAT_BOOSTER,ER_POWER_HERB,FROSTBITE_ORB] tiers=[3,0,1,1,1,0,2,3,1,2,2,2,2,2,2,2]
[log] [coop:transport] send host t=authorityEntry t=authorityEntry
[log] [coop:v2-shadow] PARITY kind=INTERACTION_COMMIT rev=178 match=true field=-
[log] [coop:reward] market authoritative RESULT retained rev=70 tick=611 id=1828413413364172:0:SHOP_BUY:3400000
[log] [coop:relay] SEND interactionChoice seq=7000034 kind=biomeShop kind=? choice=-1 data=-
[log] [coop:v2-interaction] suppressed raw authority interactionChoice seq=7000034 kind=biomeShop
[log] [coop:transport] recv guest t=interaction screen=__turn__ handlers=1
[log] [coop:transport] recv guest t=authorityEntry t=authorityEntry handlers=1
[log] [coop:transport] send host t=authorityEntry t=authorityEntry
[log] [coop:transport] recv guest t=authorityEntry t=authorityEntry handlers=1
[log] [coop:interaction] RECV interaction broadcast (deferred catch-up net) received=35 localBefore=35 role=host -> no defer (local >= received)
[warn] [coop:interaction] CoopInteractionTurn.mergeRemote DEFER (remote=35, counter=35, pendingRemote=35) live counter UNCHANGED (folds in at next advance if still ahead)
[log] [coop:owner] ownerOf(counter=35) seat=1 -> owner=guest
[log] [coop:owner] ownerOf(counter=35) seat=1 -> owner=guest
[log] [coop:transport] send host t=authorityEntry t=authorityEntry
[log] [coop:transport] send host t=authorityEntry t=authorityEntry
[log] [coop:v2-authority] receipt rev=177 op=1828413413364172:0:SHOP_PRESENT:3400777 stage=materialApplied sender=1 generation=0 duplicate highestStage=1
[log] [coop:transport] send host t=authorityEntry t=authorityEntry
[log] [coop:v2-authority] receipt rev=177 op=1828413413364172:0:SHOP_PRESENT:3400777 stage=controlInstalled sender=1 generation=0 advanced retired=true waiting=[] subsumed=[]
[log] [coop:v2-authority] receipt rev=178 op=1828413413364172:0:SHOP_BUY:3400000 stage=admitted sender=1 generation=0 advanced retired=false waiting=[1] subsumed=[]
[log] [coop:v2-authority] receipt rev=178 op=1828413413364172:0:SHOP_BUY:3400000 stage=admitted sender=1 generation=0 duplicate highestStage=0
[log] [coop:v2-authority] receipt rev=178 op=1828413413364172:0:SHOP_BUY:3400000 stage=materialApplied sender=1 generation=0 advanced retired=false waiting=[1] subsumed=[]
[log] [coop:v2-authority] receipt rev=178 op=1828413413364172:0:SHOP_BUY:3400000 stage=controlInstalled sender=1 generation=0 advanced retired=true waiting=[] subsumed=[]
[log] [coop:transport] recv guest t=authorityEntry t=authorityEntry handlers=1
[log] [coop:transport] recv guest t=authorityEntry t=authorityEntry handlers=1
[log] [coop:transport] recv guest t=authorityEntry t=authorityEntry handlers=1
[log] [coop:interaction] interactionCounter() read -> 35 (role=host)
[log] [coop:interaction] interactionCounter() read -> 35 (role=guest)
[log] [coop:v2-authority] receipt rev=177 op=1828413413364172:0:SHOP_PRESENT:3400777 stage=controlInstalled sender=1 generation=0 rejected reason=unknown-revision
[log] [coop:v2-authority] receipt rev=178 op=1828413413364172:0:SHOP_BUY:3400000 stage=controlInstalled sender=1 generation=0 rejected reason=unknown-revision
[log] [coop:v2-authority] receipt rev=178 op=1828413413364172:0:SHOP_BUY:3400000 stage=controlInstalled sender=1 generation=0 rejected reason=unknown-revision
[log] [coop:interaction] interactionCounter() read -> 35 (role=host)
[log] [coop:owner] ownerOf(counter=35) seat=1 -> owner=guest
[log] [coop:owner] isLocalOwnerAtCounter(pinnedCounter=35) parity=1 owner=guest role=host -> false
[log] [coop:reward] crossroads owner/watcher decision: pinnedStart=35 role=host spoof=false -> WATCHER (#848)
[log] [coop:transport] send host t=authorityEntry t=authorityEntry
[log] [coop:v2-shadow] PARITY kind=CONTROL_COMMIT rev=179 match=true field=- surface=interaction-open
[log] [coop:transport] recv guest t=authorityEntry t=authorityEntry handlers=1
[log] [coop:interaction] uiMirror beginSession role=watcher mode=15 seq=9600035 early=0
[log] [coop:relay] AWAIT interactionChoice seq=9600035 timeoutMs=1200000 expected=[crossroads] -> network-wait
[log] [coop:interaction] interactionCounter() read -> 35 (role=host)
[log] [coop:owner] ownerOf(counter=35) seat=1 -> owner=guest
[log] [coop:owner] isLocalOwnerAtCounter(pinnedCounter=35) parity=1 owner=guest role=host -> false
[log] [coop:v2-authority] receipt rev=179 op=V2/CONTROL/INTERACTION/1828413413364172:1:CROSSROADS_PICK:9600035 stage=admitted sender=1 generation=0 advanced retired=false waiting=[1] subsumed=[]
[log] [coop:v2-authority] receipt rev=179 op=V2/CONTROL/INTERACTION/1828413413364172:1:CROSSROADS_PICK:9600035 stage=materialApplied sender=1 generation=0 advanced retired=false waiting=[1] subsumed=[]
[log] [coop:v2-authority] receipt rev=179 op=V2/CONTROL/INTERACTION/1828413413364172:1:CROSSROADS_PICK:9600035 stage=materialApplied sender=1 generation=0 duplicate highestStage=1
[log] [coop:v2-authority] receipt rev=179 op=V2/CONTROL/INTERACTION/1828413413364172:1:CROSSROADS_PICK:9600035 stage=controlInstalled sender=1 generation=0 advanced retired=true waiting=[] subsumed=[]
[log] [coop:interaction] interactionCounter() read -> 35 (role=host)
[log] [coop:interaction] interactionCounter() read -> 35 (role=guest)
[log] [coop-soak:wave-complete] {"seed":20365530,"wave":30,"wavesRequested":200,"wavesCompleted":30,"waveElapsedMs":3256,"elapsedMs":142363,"findings":0,"hostPhase":"ErCrossroadsPhase","guestPhase":"ErCrossroadsPhase"}
[log] [coop:interaction] interactionCounter() read -> 35 (role=host)
[log] [coop:owner] ownerOf(counter=35) seat=1 -> owner=guest
[log] [coop:owner] isLocalOwnerAtCounter(pinnedCounter=35) parity=1 owner=guest role=host -> false
[log] [coop:interaction] uiMirror WATCHER apply n=0 button=1 mode=15
[log] [coop:relay] DELIVER interactionChoice seq=9600035 -> waiter kind=crossroads choice=1 data=-
[log] [coop:relay] AWAIT interactionChoice seq=9600035 RESOLVE kind=crossroads choice=1 data=-
[log] [coop:reward] crossroads WATCHER: owner pick received moveOn=true pinnedStart=35 (#848)
[log] [coop:v2-interaction] terminal proof recorded op=1828413413364172:1:CROSSROADS_PICK:9600035 role=host seat=0 duplicate=0 ambient=1
[log] [coop:transport] send host t=authorityEntry t=authorityEntry
[log] [coop:v2-shadow] PARITY kind=INTERACTION_COMMIT rev=180 match=true field=-
[log] [coop:transport] recv guest t=authorityEntry t=authorityEntry handlers=1
[log] [coop:v2-authority] receipt rev=180 op=1828413413364172:1:CROSSROADS_PICK:9600035 stage=admitted sender=1 generation=0 advanced retired=false waiting=[1] subsumed=[]
[log] [coop:v2-authority] receipt rev=180 op=1828413413364172:1:CROSSROADS_PICK:9600035 stage=materialApplied sender=1 generation=0 advanced retired=false waiting=[1] subsumed=[]
[log] [coop:owner] ownerOf(counter=35) seat=1 -> owner=guest
[log] [coop:owner] isLocalOwnerAtCounter(pinnedCounter=35) parity=1 owner=guest role=host -> false
[log] [coop:owner] ownerOf(counter=35) seat=1 -> owner=guest
[log] [coop:owner] isLocalOwnerAtCounter(pinnedCounter=35) parity=1 owner=guest role=host -> false
[log] [coop:reward] biome pick owner/watcher decision: pinnedStart=35 role=host spoof=false chained=true -> WATCHER (#848)
[log] [coop:interaction] uiMirror beginSession role=watcher mode=54 seq=9700035 early=0
[log] [coop:relay] AWAIT interactionChoice seq=9700035 timeoutMs=1200000 expected=[biomePick] -> network-wait
[log] [coop:interaction] interactionCounter() read -> 35 (role=host)
[log] [coop:owner] ownerOf(counter=35) seat=1 -> owner=guest
[log] [coop:owner] isLocalOwnerAtCounter(pinnedCounter=35) parity=1 owner=guest role=host -> false
[log] [coop:relay] DELIVER interactionChoice seq=9700035 -> waiter kind=biomePick choice=0 data=[29]
[log] [coop:relay] AWAIT interactionChoice seq=9700035 RESOLVE kind=biomePick choice=0 data=[29]
[log] [coop:v2-authority] receipt rev=180 op=1828413413364172:1:CROSSROADS_PICK:9600035 stage=materialApplied sender=1 generation=0 duplicate highestStage=1
[log] [coop:v2-authority] receipt rev=180 op=1828413413364172:1:CROSSROADS_PICK:9600035 stage=controlInstalled sender=1 generation=0 advanced retired=true waiting=[] subsumed=[]
[log] [coop:reward] biome pick WATCHER: owner biome=undefined received pinnedStart=35 (#848)
[log] [coop:interaction] interactionCounter() read -> 35 (role=host)
[log] [coop:interaction] CoopInteractionTurn.advance INCREMENT (fromCounter=35) counter 35 -> 36
[log] [coop:interaction] advanceInteraction ADVANCED+BROADCAST (fromCounter=35) counter 35 -> 36 role=host; send interaction screen=__turn__ choice=36
[log] [coop:interaction] SEND counter snapshot reason=advance choice=36 role=host
[log] [coop:transport] send host t=interaction screen=__turn__
[log] [coop:owner] ownerOf(counter=36) seat=0 -> owner=host
[log] [coop:owner] ownerOf(counter=36) seat=0 -> owner=host
[log] [coop:interaction] interactionCounter() read -> 36 (role=host)
[log] [coop:reward] advance interaction from CONTINUATION commit (role=host from=35 counter 35 -> 36)
[log] [coop:interaction] interactionCounter() read -> 36 (role=host)
[log] [coop:v2-interaction] terminal proof recorded op=1828413413364172:1:BIOME_PICK:9700035 role=host seat=0 duplicate=0 ambient=1
[log] [coop:transport] send host t=authorityEntry t=authorityEntry
[log] [coop:v2-shadow] PARITY kind=INTERACTION_COMMIT rev=181 match=true field=-
[log] [coop:transport] recv guest t=interaction screen=__turn__ handlers=1
[log] [coop:transport] recv guest t=authorityEntry t=authorityEntry handlers=1
[log] [coop:interaction] RECV interaction broadcast (deferred catch-up net) received=36 localBefore=36 role=host -> no defer (local >= received)
[warn] [coop:interaction] CoopInteractionTurn.mergeRemote DEFER (remote=36, counter=36, pendingRemote=36) live counter UNCHANGED (folds in at next advance if still ahead)
[log] [coop:owner] ownerOf(counter=36) seat=0 -> owner=host
[log] [coop:owner] ownerOf(counter=36) seat=0 -> owner=host
[log] [coop:v2-authority] receipt rev=181 op=1828413413364172:1:BIOME_PICK:9700035 stage=admitted sender=1 generation=0 advanced retired=false waiting=[1] subsumed=[]
[log] [coop:v2-authority] receipt rev=181 op=1828413413364172:1:BIOME_PICK:9700035 stage=materialApplied sender=1 generation=0 advanced retired=false waiting=[1] subsumed=[]
[log] [coop:v2-authority] receipt rev=181 op=1828413413364172:1:BIOME_PICK:9700035 stage=controlInstalled sender=1 generation=0 advanced retired=true waiting=[] subsumed=[]
[log] [coop:interaction] interactionCounter() read -> 36 (role=host)
[log] %cStart Phase: PartyHealPhase color:green
[log] %cStart Phase: ResetStatusPhase color:green
[log] %cStart Phase: ResetStatusPhase color:green
[log] %cStart Phase: ResetStatusPhase color:green
[log] %cStart Phase: ResetStatusPhase color:green
[log] %cStart Phase: ResetStatusPhase color:green
[log] %cStart Phase: ResetStatusPhase color:green
[log] %cStart Phase: SwitchBiomePhase color:green
[log] %cStart Phase: NewBattlePhase color:green
[log] [coop:v2-control] NewBattlePhase installed committed host biome encounter wave=30->31
[log] %cStart Phase: ReturnPhase color:green
[log] [coop:turn] host recorder: begin turn=1 scope=1828413413364172:31 (no prior open recording)
[log] %cStart Phase: ReturnPhase color:green
[log] [coop:turn] host recorder: preserve recording scope=1828413413364172:31 turn=1 events=0 seq=0
[log] %cStart Phase: ShowTrainerPhase color:green
[log] %cStart Phase: NewBiomeEncounterPhase color:green
[log] [coop:turn] host recorder: append turn=1 seq=0 k=terrain total=1 live=true
[log] [coop:turn] host recorder: append turn=1 seq=1 k=message total=2 live=true
[log] [coop:interaction] interactionCounter() read -> 36 (role=host)
[log] [coop:replay] host SEND enemyPartySync wave=31 count=2 meType=-1 battleType=0 entryPresentation=-
[log] [coop:transport] send host t=enemyPartySync wave=31 enemies=2 battleType=0
[log] [coop:turn] host recorder: preserve recording scope=1828413413364172:31 turn=1 events=2 seq=2
[log] [coop:transport] recv guest t=enemyPartySync wave=31 enemies=2 battleType=0 handlers=1
[log] %cStart Phase: CommonAnimPhase color:green
[log] %cStart Phase: MessagePhase color:green
[log] %cStart Phase: LevelCapPhase color:green
[log] %cStart Phase: SummonPhase color:green
[log] [coop:turn] host recorder: preserve recording scope=1828413413364172:31 turn=1 events=2 seq=2
[log] %cStart Phase: ToggleDoublePositionPhase color:green
[log] %cStart Phase: SummonPhase color:green
[log] [coop:turn] host recorder: preserve recording scope=1828413413364172:31 turn=1 events=2 seq=2
[log] %cStart Phase: CheckSwitchPhase color:green
[log] %cStart Phase: CheckSwitchPhase color:green
[log] %cStart Phase: InitEncounterPhase color:green
[log] [coop:turn] host recorder: preserve recording scope=1828413413364172:31 turn=1 events=2 seq=2
[log] %cStart Phase: PostSummonPhase color:green
[log] %cStart Phase: PostSummonPhase color:green
[log] [coop:turn] host recorder: append turn=1 seq=2 k=terrain total=3 live=true
[log] [coop:turn] host recorder: append turn=1 seq=3 k=message total=4 live=true
[log] %cStart Phase: ShowAbilityPhase color:green
[log] [coop:turn] host recorder: append turn=1 seq=4 k=showAbility total=5 live=true
[log] %cStart Phase: CommonAnimPhase color:green
[log] %cStart Phase: MessagePhase color:green
[log] %cStart Phase: HideAbilityPhase color:green
[log] [coop:turn] host recorder: append turn=1 seq=5 k=hideAbility total=6 live=true
[log] %cStart Phase: PostSummonPhase color:green
[log] %cStart Phase: PostSummonPhase color:green
[log] %cStart Phase: PostSummonPhase color:green
[log] %cStart Phase: ShowAbilityPhase color:green
[log] [coop:turn] host recorder: append turn=1 seq=6 k=showAbility total=7 live=true
[log] %cStart Phase: MovePhase color:green
[log] [coop:turn] host recorder: append turn=1 seq=7 k=moveUsed total=8 live=true
[log] %cStart Phase: MessagePhase color:green
[log] %cStart Phase: MoveEffectPhase color:green
[log] [coop:turn] host recorder: append turn=1 seq=8 k=message total=9 live=true
[log] %cStart Phase: MoveAnimPhase color:green
[log] %cStart Phase: MessagePhase color:green
[log] %cStart Phase: MoveEndPhase color:green
[log] %cStart Phase: HideAbilityPhase color:green
[log] [coop:turn] host recorder: append turn=1 seq=9 k=hideAbility total=10 live=true
[log] %cStart Phase: ShowAbilityPhase color:green
[log] [coop:turn] host recorder: append turn=1 seq=10 k=showAbility total=11 live=true
[log] %cStart Phase: HideAbilityPhase color:green
[log] [coop:turn] host recorder: append turn=1 seq=11 k=hideAbility total=12 live=true
[log] %cStart Phase: PostSummonPhase color:green
[log] %cStart Phase: TurnInitPhase color:green
[log] [coop:replay] host SEND enemyPartySync wave=31 count=2 meType=-1 battleType=0 entryPresentation=12
[log] [coop:transport] send host t=enemyPartySync wave=31 enemies=2 battleType=0
[log] [coop:replay] host RE-BROADCAST wave-start authority wave=31 after post-summon boundary stateChanged=true presentation=12 (#920)
[log] [coop:transport] send host t=authorityEntry t=authorityEntry
[log] [coop:v2-shadow] PARITY kind=CONTROL_COMMIT rev=182 match=true field=-
[log] [coop:rendezvous] next-command barrier ARRIVE+AWAIT cmd:31:1 slot=0
[log] [coop:rendezvous] ARRIVE point=cmd:31:1 (send) role=host
[log] [coop:transport] send host t=rendezvous point=cmd:31:1
[log] [coop:rendezvous] AWAIT point=cmd:31:1 timeoutMs=2000 -> network-wait role=host
[log] [coop:transport] recv guest t=enemyPartySync wave=31 enemies=2 battleType=0 handlers=1
[log] [coop:transport] recv guest t=authorityEntry t=authorityEntry handlers=1
[log] [coop:transport] recv guest t=rendezvous point=cmd:31:1 handlers=1
[log] [coop:v2-authority] receipt rev=182 op=V2/CONTROL/COMMAND/e1828413413364172/w31/t1/tick618 stage=admitted sender=1 generation=0 advanced retired=false waiting=[1] subsumed=[]
[log] [coop:transport] send host t=authorityEntry t=authorityEntry
[log] [coop:rendezvous] RECV arrival point=cmd:31:1 -> deliver-to-waiter role=host
[log] [coop:transport] send host t=rendezvous point=cmd:31:1
[log] [coop:rendezvous] AWAIT point=cmd:31:1 RESOLVE both-arrived role=host
[log] [coop:stream] host IGNORE cosmetic turn ACK stage=continuationReady key=1828413413364172:30:1:608 (v2 owns retirement)
[log] [coop:v2-authority] receipt rev=182 op=V2/CONTROL/COMMAND/e1828413413364172/w31/t1/tick618 stage=admitted sender=1 generation=0 duplicate highestStage=0
[log] [coop:v2-authority] receipt rev=182 op=V2/CONTROL/COMMAND/e1828413413364172/w31/t1/tick618 stage=materialApplied sender=1 generation=0 advanced retired=false waiting=[1] subsumed=[]
[log] [coop:v2-authority] receipt rev=182 op=V2/CONTROL/COMMAND/e1828413413364172/w31/t1/tick618 stage=materialApplied sender=1 generation=0 duplicate highestStage=1
[log] [coop:v2-authority] receipt rev=182 op=V2/CONTROL/COMMAND/e1828413413364172/w31/t1/tick618 stage=materialApplied sender=1 generation=0 duplicate highestStage=1
[log] [coop:v2-authority] receipt rev=182 op=V2/CONTROL/COMMAND/e1828413413364172/w31/t1/tick618 stage=materialApplied sender=1 generation=0 duplicate highestStage=1
[log] [coop:v2-authority] receipt rev=182 op=V2/CONTROL/COMMAND/e1828413413364172/w31/t1/tick618 stage=controlInstalled sender=1 generation=0 advanced retired=true waiting=[] subsumed=[]
[log] [coop:transport] recv guest t=rendezvous point=cmd:31:1 handlers=1
[log] [coop:transport] send host t=enemyPartySync wave=31 enemies=2 battleType=0
[log] [coop:replay] host RE-BROADCAST wave-start authority wave=31 after post-summon boundary stateChanged=false presentation=12 (#920)
[log] [coop:transport] recv guest t=enemyPartySync wave=31 enemies=2 battleType=0 handlers=1
[log] [coop-soak:wave-start] {"seed":20365530,"wave":31,"wavesRequested":200,"wavesCompleted":30,"elapsedMs":144904,"hostPhase":"CommandPhase","guestPhase":"CommandPhase"}
[log] [coop:interaction] interactionCounter() read -> 36 (role=host)
[log] [coop:interaction] interactionCounter() read -> 36 (role=guest)
[log] [coop:interaction] interactionCounter() read -> 36 (role=host)
[log] [coop:checksum] capture digest=f06717cfacf534ca field=4 biome=29 seed=coop-soak-20365530 weather=0 terrain=4 money=1880 party=[493,150,890,384,382,888] partyLevels=[500,500,500,500,500,500] arenaTags=0 modifiers=6 heldItemsDigest=2 pokeballs=[0:55,1:20,2:0,3:0,4:0] mons=[bi0:sp493/hp1865-1865/st0/ab121/form0/tera0:0/boss0:0 bi1:sp150/hp1725-1725/st0/ab227/form0/tera0:13/boss0:0 bi2:sp177/hp52-52/st0/ab5043/form0/tera0:2/boss0:0 bi3:sp679/hp54-54/st0/ab99/form0/tera0:8/boss0:0]
[log] [coop:interaction] interactionCounter() read -> 36 (role=host)
[log] %cStart Phase: SelectTargetPhase color:green
[log] [coop:owner] broadcast own-slot fi=0 turn=1 role=host cmd=0
[log] [coop:relay] broadcastLocalCommand SEND fieldIndex=0 owner=host turn=1 command=0 cursor=3 moveId=85 targets=[2]
[log] [coop:transport] send host t=command fi=0 owner=host turn=1 cmd=0 cursor=3 move=85
[log] [coop:transport] recv guest t=command fi=0 owner=host turn=1 cmd=0 cursor=3 move=85 handlers=1
[log] [coop:relay] recv command fieldIndex=0 turn=1 command=0 -> BUFFERED (no awaiter yet)
[log] %cStart Phase: CommandPhase color:green
[log] [coop:transport] send host t=enemyPartySync wave=31 enemies=2 battleType=0
[log] [coop:replay] host RE-BROADCAST wave-start authority wave=31 after post-summon boundary stateChanged=false presentation=12 (#920)
[log] [coop:battle] CommandPhase slot=1 turn=1 owner=guest role=host -> partner path
[log] [coop:relay] host requestPartnerCommand SEND fieldIndex=1 turn=1 moveSlots=[0,1,2,3] (awaiting peer)
[log] [coop:transport] send host t=commandRequest fi=1 owner=guest turn=1 slots=4
[log] [coop:transport] recv guest t=enemyPartySync wave=31 enemies=2 battleType=0 handlers=1
[log] [coop:transport] recv guest t=commandRequest fi=1 owner=guest turn=1 slots=4 handlers=1
[log] [coop:relay] peer recv commandRequest fieldIndex=1 owner=guest turn=1 moveSlots=[0,1,2,3] -> reply command=0 cursor=1 moveId=247
[log] [coop:transport] send guest t=command fi=1 owner=guest turn=1 cmd=0 cursor=1 move=247
[log] [coop:transport] recv host t=command fi=1 owner=guest turn=1 cmd=0 cursor=1 move=247 handlers=1
[log] [coop:relay] recv command fieldIndex=1 turn=1 command=0 -> resolved awaiting request
[log] [coop:ai] applyWiredPartnerCommand partner=150 wiredMoveId=247 cursor=1 -> moveId=247 moveIndex=1 tera=false targets=[3] targetsFrom=wire-verbatim useMode=1
[log] %cStart Phase: EnemyCommandPhase color:green
[log] %cStart Phase: EnemyCommandPhase color:green
[log] %cStart Phase: TurnStartPhase color:green
[log] [coop-diag] turn-start authoritative guard mode=authoritative role=host turn=1 diverts=false
[log] [coop:turn] host recorder: preserve recording scope=1828413413364172:31 turn=1 events=18 seq=18
[log] %cStart Phase: MovePhase color:green
[log] [coop:turn] host recorder: append turn=1 seq=18 k=moveUsed total=19 live=true
[log] %cStart Phase: MessagePhase color:green
[log] %cStart Phase: MoveEffectPhase color:green
[log] [coop:turn] host recorder: append turn=1 seq=19 k=moveAnim total=20 live=true
[log] [coop:turn] host recorder: append turn=1 seq=20 k=hp total=21 live=true
[log] [coop:turn] host recorder: append turn=1 seq=21 k=faint total=22 live=true
[log] [coop:turn] host recorder: append turn=1 seq=22 k=message total=23 live=true
[log] %cStart Phase: DamageAnimPhase color:green
[log] %cStart Phase: MessagePhase color:green
[log] %cStart Phase: FaintPhase color:green
[log] %cStart Phase: MessagePhase color:green
[log] %cStart Phase: VictoryPhase color:green
[log] [coop:progression] HOST progression capture begin wave=31
[log] [coop:progression] HOST applyPartyExp COMPUTE wave=31 expValue=261 koMon=Honedge
[log] %cStart Phase: MoveEndPhase color:green
[log] %cStart Phase: MovePhase color:green
[log] [coop:turn] host recorder: append turn=1 seq=23 k=moveUsed total=24 live=true
[log] %cStart Phase: MessagePhase color:green
[log] %cStart Phase: MoveEffectPhase color:green
[log] [coop:turn] host recorder: append turn=1 seq=24 k=moveAnim total=25 live=true
[log] [coop:turn] host recorder: append turn=1 seq=25 k=hp total=26 live=true
[log] [coop:turn] host recorder: append turn=1 seq=26 k=faint total=27 live=true
[log] [coop:turn] host recorder: append turn=1 seq=27 k=message total=28 live=true
[log] %cStart Phase: DamageAnimPhase color:green
[log] %cStart Phase: MessagePhase color:green
[log] %cStart Phase: FaintPhase color:green
[log] %cStart Phase: MessagePhase color:green
[log] %cStart Phase: VictoryPhase color:green
[log] [coop:progression] HOST applyPartyExp COMPUTE wave=31 expValue=257 koMon=Natu
[log] [coop:runtime] defer raw waveResolved wave=31 outcome=win until its material turnResolution is retained
[log] [coop-diag] VictoryPhase win-branch role=host battleType=WILD queuesTrainerVictory=false queuesSelectModifier=true wave=31
[log] [coop-diag] VictoryTail role=host wave=31 source=legacy-local trainer=false egg=true biomeShop=false biomeChange=false crossroads=false nextWave=32
[log] %cStart Phase: MoveEndPhase color:green
[log] %cStart Phase: MovePhase color:green
[log] %cStart Phase: MoveEndPhase color:green
[log] %cStart Phase: MovePhase color:green
[log] %cStart Phase: MoveEndPhase color:green
[log] %cStart Phase: CheckInterludePhase color:green
[log] %cStart Phase: WeatherEffectPhase color:green
[log] %cStart Phase: PositionalTagPhase color:green
[log] %cStart Phase: BerryPhase color:green
[log] %cStart Phase: CheckStatusEffectPhase color:green
[log] %cStart Phase: TurnEndPhase color:green
[log] %cStart Phase: CoopTurnCommitPhase color:green
[log] [coop:turn] host recorder: finalize turn=1 events=28 seq=28
[log] [coop:checkpoint] build field=4 weather=0/0 terrain=4/7 arenaTags=0 money=1880 mons=[bi0:sp493/hp1865-1865/st0/fnt0 bi1:sp150/hp1725-1725/st0/fnt0 bi2:sp177/hp0-52/st7/fnt1 bi3:sp679/hp0-54/st7/fnt1]
[log] [coop:checkpoint] host capture field=4 weather=0 terrain=4 money=1880 arenaTags=0 mons=[bi0:sp493/hp1865-1865/st0/fnt0 bi1:sp150/hp1725-1725/st0/fnt0 bi2:sp177/hp0-52/st7/fnt1 bi3:sp679/hp0-54/st7/fnt1]
[log] [coop:interaction] interactionCounter() read -> 36 (role=host)
[log] [coop:replay] host SEND turnResolution e=1828413413364172 wave=31 turn=1 rev=627 events=28 checksum=0683c29639b2d968
[log] [coop:transport] send host t=authorityEntry t=authorityEntry
[log] [coop:v2-shadow] PARITY kind=TURN_COMMIT rev=183 match=true field=- successor=none-non-command-boundary
[log] [coop:transport] send host t=turnResolution e=1828413413364172 wave=31 turn=1 rev=627 events=28 checksum=0683c29639b2d968
[log] [coop:runtime] send waveResolved wave=31 outcome=win (host)
[log] [coop:replay] host SEND waveResolved wave=31 outcome=win transition=WAVE_VICTORY/next32/biome0/egg1/wild
[log] [coop:transport] send host t=waveResolved wave=31 outcome=win captureParty=- cap=-
[log] [coop:transport] recv guest t=authorityEntry t=authorityEntry handlers=1
[log] [coop:transport] recv guest t=turnResolution e=1828413413364172 wave=31 turn=1 rev=627 events=28 checksum=0683c29639b2d968 handlers=1
[log] [coop:transport] recv guest t=waveResolved wave=31 outcome=win captureParty=- cap=- handlers=1
[log] [38;2;255;127;80mPhaseInterceptor.to: Stopping on completion of CoopTurnCommitPhase[39m
[log] %cStart Phase: BattleEndPhase color:green
[log] [coop:progression] HOST automatic victory settlement deferred wave=31 sourceTurn=1 settlementTurn=2
[log] [coop:v2-authority] receipt rev=183 op=TURN/e1828413413364172/w31/t1 stage=admitted sender=1 generation=0 advanced retired=false waiting=[1] subsumed=[]
[log] [coop:transport] send host t=authorityEntry t=authorityEntry
[log] [coop:v2-authority] receipt rev=183 op=TURN/e1828413413364172/w31/t1 stage=admitted sender=1 generation=0 duplicate highestStage=0
[log] [coop:transport] send host t=authorityEntry t=authorityEntry
[log] [coop:transport] recv guest t=authorityEntry t=authorityEntry handlers=1
[log] [coop:v2-authority] receipt rev=183 op=TURN/e1828413413364172/w31/t1 stage=admitted sender=1 generation=0 duplicate highestStage=0
[log] [coop:v2-authority] receipt rev=183 op=TURN/e1828413413364172/w31/t1 stage=admitted sender=1 generation=0 duplicate highestStage=0
[log] [coop:v2-authority] receipt rev=183 op=TURN/e1828413413364172/w31/t1 stage=materialApplied sender=1 generation=0 advanced retired=false waiting=[1] subsumed=[]
[log] [coop:v2-authority] receipt rev=183 op=TURN/e1828413413364172/w31/t1 stage=controlInstalled sender=1 generation=0 advanced retired=true waiting=[] subsumed=[]
[log] [coop:interaction] interactionCounter() read -> 36 (role=host)
[log] %cStart Phase: EggLapsePhase color:green
[log] %cStart Phase: CoopVictorySealPhase color:green
[log] [coop:transport] send host t=authorityEntry t=authorityEntry
[log] [coop:v2-shadow] PARITY kind=WAVE_ADVANCE rev=184 match=true field=-
[log] [coop:runtime] settled WAVE_ADVANCE committed wave=31 tick=628 next=WAVE_VICTORY/wave32
[log] [coop:runtime] send waveEndState wave=31 tick=628 (host)
[log] [coop:replay] host SEND waveEndState wave=31 tick=628 party=6
[log] [coop:transport] send host t=waveEndState t=waveEndState
[log] [coop:progression] HOST automatic victory settlement sealed wave=31 sourceTurn=1 settlementTurn=2 tick=628
[log] [coop:transport] recv guest t=authorityEntry t=authorityEntry handlers=1
[log] [coop:transport] recv guest t=waveEndState t=waveEndState handlers=1
[log] [coop:interaction] interactionCounter() read -> 36 (role=host)
[log] [coop:owner] ownerOf(counter=36) seat=0 -> owner=host
[log] [coop:owner] isLocalOwnerAtCounter(pinnedCounter=36) parity=0 owner=host role=host -> true
[log] [coop:interaction] interactionCounter() read -> 36 (role=host)
[log] [coop:reward] owner/watcher decision: pinnedStart=36 liveCounter=36 parity=0 role=host pick=OWNER option=ROLL spoof=false
[log] [coop:shop] serializeRewardOptions count=3 ids=[DIRE_HIT,BERRY,POKEBALL] tiers=[1,0,0]
[log] [coop:reward] OWNER streams reward options (start=36 reroll=0 count=3 ids=[DIRE_HIT,BERRY,POKEBALL])
[log] [coop:relay] SEND rewardOptions seq=36 reroll=0 count=3 ids=[DIRE_HIT,BERRY,POKEBALL]
[log] [coop:transport] send host t=authorityEntry t=authorityEntry
[log] [coop:v2-shadow] PARITY kind=INTERACTION_COMMIT rev=185 match=true field=-
[log] [coop:reward] authoritative options retained surface=reward pin=36 reroll=0 count=3 rev=73 id=1828413413364172:0:REWARD_PRESENT:3600000
[log] [coop:v2-interaction] suppressed raw rewardOptions key=36:0; immutable entry retained
[log] [coop:rendezvous] ARRIVE point=shop:31:36 (send) role=host
[log] [coop:transport] send host t=rendezvous point=shop:31:36
[log] [coop:reward] OWNER drives reward screen (start=36 role=host spoof=false adoptsOptions=false wave=31)
[log] [coop:rendezvous] shop-pick-commit barrier AWAIT shop:31:36
[log] [coop:rendezvous] AWAIT point=shop:31:36 timeoutMs=2000 -> network-wait role=host
[log] [coop:transport] recv guest t=authorityEntry t=authorityEntry handlers=1
[log] [coop:transport] recv guest t=rendezvous point=shop:31:36 handlers=1
[log] [coop:interaction] interactionCounter() read -> 36 (role=host)
[log] [coop:checksum] capture digest=3d9a54bf1e24484e field=4 biome=29 seed=coop-soak-20365530 weather=0 terrain=4 money=1880 party=[493,150,890,384,382,888] partyLevels=[500,500,500,500,500,500] arenaTags=0 modifiers=6 heldItemsDigest=0 pokeballs=[0:55,1:20,2:0,3:0,4:0] mons=[bi0:sp493/hp1865-1865/st0/ab121/form0/tera0:0/boss0:0 bi1:sp150/hp1725-1725/st0/ab227/form0/tera0:13/boss0:0 bi2:sp177/hp0-52/st7/ab5043/form0/tera0:2/boss0:0 bi3:sp679/hp0-54/st7/ab99/form0/tera0:8/boss0:0]
[log] [coop:transport] send host t=authorityEntry t=authorityEntry
[log] [coop:rendezvous] RECV arrival point=shop:31:36 -> deliver-to-waiter role=host
[log] [coop:transport] send host t=rendezvous point=shop:31:36
[log] [coop:rendezvous] AWAIT point=shop:31:36 RESOLVE both-arrived role=host
[log] [coop:stream] host IGNORE cosmetic turn ACK stage=continuationReady key=1828413413364172:31:1:627 (v2 owns retirement)
[log] [coop:v2-authority] receipt rev=184 op=V2/WAVE/e1828413413364172/w31/tick628 stage=admitted sender=1 generation=0 advanced retired=false waiting=[1] subsumed=[]
[log] [coop:transport] send host t=authorityEntry t=authorityEntry
[log] [coop:transport] send host t=authorityEntry t=authorityEntry
[log] [coop:v2-authority] receipt rev=184 op=V2/WAVE/e1828413413364172/w31/tick628 stage=admitted sender=1 generation=0 duplicate highestStage=0
[log] [coop:v2-authority] receipt rev=184 op=V2/WAVE/e1828413413364172/w31/tick628 stage=materialApplied sender=1 generation=0 advanced retired=false waiting=[1] subsumed=[]
[log] [coop:transport] send host t=authorityEntry t=authorityEntry
[log] [coop:v2-authority] receipt rev=184 op=V2/WAVE/e1828413413364172/w31/tick628 stage=controlInstalled sender=1 generation=0 advanced retired=true waiting=[] subsumed=[]
[log] [coop:v2-authority] receipt rev=185 op=1828413413364172:0:REWARD_PRESENT:3600000 stage=admitted sender=1 generation=0 advanced retired=false waiting=[1] subsumed=[]
[log] [coop:v2-authority] receipt rev=185 op=1828413413364172:0:REWARD_PRESENT:3600000 stage=materialApplied sender=1 generation=0 advanced retired=false waiting=[1] subsumed=[]
[log] [coop:v2-authority] receipt rev=185 op=1828413413364172:0:REWARD_PRESENT:3600000 stage=materialApplied sender=1 generation=0 duplicate highestStage=1
[log] [coop:v2-authority] receipt rev=185 op=1828413413364172:0:REWARD_PRESENT:3600000 stage=controlInstalled sender=1 generation=0 advanced retired=true waiting=[] subsumed=[]
[log] [coop:v2-authority] receipt rev=184 op=V2/WAVE/e1828413413364172/w31/tick628 stage=controlInstalled sender=1 generation=0 rejected reason=unknown-revision
[log] [coop:transport] recv guest t=rendezvous point=shop:31:36 handlers=1
[log] [coop:transport] recv guest t=authorityEntry t=authorityEntry handlers=1
[log] [coop:transport] recv guest t=authorityEntry t=authorityEntry handlers=1
[log] [coop:transport] recv guest t=authorityEntry t=authorityEntry handlers=1
[log] [coop:interaction] mirror begin role=owner mirrorSeq=2304 interactionStart=36 reroll=0
[log] [coop:interaction] uiMirror beginSession role=owner mode=6 seq=2304 early=0
[log] [coop:owner] ownerOf(counter=36) seat=0 -> owner=host
[log] [coop:owner] isLocalOwnerAtCounter(pinnedCounter=36) parity=0 owner=host role=host -> true
[log] [coop:owner] ownerOf(counter=36) seat=0 -> owner=host
[log] [coop:owner] isLocalOwnerAtCounter(pinnedCounter=36) parity=0 owner=host role=host -> true
[log] [coop:relay] OWNER prepare seq=36 kind=reward choice=0 data=[0] role=host
[log] [coop:reward] reward op INTENT prepared label=reward id=1828413413364172:0:REWARD:3600000
[log] [coop:relay] OWNER send raw seq=36 kind=reward choice=0 role=host
[log] [coop:relay] SEND interactionChoice seq=36 kind=reward kind=? choice=0 data=[0]
[log] [coop:v2-interaction] suppressed raw authority interactionChoice seq=36 kind=reward
[log] [coop:reward] APPLY_RESULT pin=36 side=owner type=DIRE_HIT class=TempCritBoosterModifier pregen=[] holderSlot=-1 holderId=-1 stack=1 accepted=true cost=-1
[log] [coop:v2-interaction] terminal proof recorded op=1828413413364172:0:REWARD:3600000 role=host seat=0 duplicate=0 ambient=1
[log] [coop:v2-interaction] phase terminal proof op=1828413413364172:0:REWARD:3600000 route=constructor-fallback accepted=1
[log] [coop:shop] serializeRewardOptions count=3 ids=[DIRE_HIT,BERRY,POKEBALL] tiers=[1,0,0]
[log] [coop:transport] send host t=authorityEntry t=authorityEntry
[log] [coop:v2-shadow] PARITY kind=INTERACTION_COMMIT rev=186 match=true field=-
[log] [coop:reward] reward authoritative RESULT retained rev=74 tick=630 id=1828413413364172:0:REWARD:3600000
[log] [coop:interaction] interactionCounter() read -> 36 (role=host)
[log] [coop:interaction] CoopInteractionTurn.advance INCREMENT (fromCounter=36) counter 36 -> 37
[log] [coop:interaction] advanceInteraction ADVANCED+V2-LOCAL (fromCounter=36) counter 36 -> 37 role=host
[log] [coop:owner] ownerOf(counter=37) seat=1 -> owner=guest
[log] [coop:owner] ownerOf(counter=37) seat=1 -> owner=guest
[log] [coop:interaction] interactionCounter() read -> 37 (role=host)
[log] [coop:reward] advance interaction from V2 commit (role=host from=36 counter 36 -> 37); typed successor owns release
[log] [coop:transport] recv guest t=authorityEntry t=authorityEntry handlers=1
[log] [coop:v2-authority] receipt rev=184 op=V2/WAVE/e1828413413364172/w31/tick628 stage=controlInstalled sender=1 generation=0 rejected reason=unknown-revision
[log] [coop:v2-authority] receipt rev=185 op=1828413413364172:0:REWARD_PRESENT:3600000 stage=controlInstalled sender=1 generation=0 rejected reason=unknown-revision
[log] [coop:v2-authority] receipt rev=185 op=1828413413364172:0:REWARD_PRESENT:3600000 stage=controlInstalled sender=1 generation=0 rejected reason=unknown-revision
[log] [coop:v2-authority] receipt rev=186 op=1828413413364172:0:REWARD:3600000 stage=admitted sender=1 generation=0 advanced retired=false waiting=[1] subsumed=[]
[log] [coop:v2-authority] receipt rev=186 op=1828413413364172:0:REWARD:3600000 stage=admitted sender=1 generation=0 duplicate highestStage=0
[log] [coop:v2-authority] receipt rev=186 op=1828413413364172:0:REWARD:3600000 stage=materialApplied sender=1 generation=0 advanced retired=false waiting=[1] subsumed=[]
[log] [coop:v2-authority] receipt rev=186 op=1828413413364172:0:REWARD:3600000 stage=controlInstalled sender=1 generation=0 advanced retired=true waiting=[] subsumed=[]
[log] [coop:interaction] interactionCounter() read -> 37 (role=host)
[log] [coop:interaction] interactionCounter() read -> 37 (role=guest)
[log] [coop-soak:wave-complete] {"seed":20365530,"wave":31,"wavesRequested":200,"wavesCompleted":31,"waveElapsedMs":3055,"elapsedMs":147959,"findings":0,"hostPhase":"NewBattlePhase","guestPhase":"NewBattlePhase"}
[log] %cStart Phase: NewBattlePhase color:green
[log] %cStart Phase: NextEncounterPhase color:green
[log] [coop:interaction] interactionCounter() read -> 37 (role=host)
[log] [coop:replay] host SEND enemyPartySync wave=32 count=2 meType=-1 battleType=0 entryPresentation=-
[log] [coop:transport] send host t=enemyPartySync wave=32 enemies=2 battleType=0
[log] [coop:turn] host recorder: begin turn=1 scope=1828413413364172:32 (no prior open recording)
[log] [coop:transport] recv guest t=enemyPartySync wave=32 enemies=2 battleType=0 handlers=1
[log] %cStart Phase: ToggleDoublePositionPhase color:green
[log] %cStart Phase: CheckSwitchPhase color:green
[log] %cStart Phase: CheckSwitchPhase color:green
[log] %cStart Phase: InitEncounterPhase color:green
[log] [coop:turn] host recorder: preserve recording scope=1828413413364172:32 turn=1 events=0 seq=0
[log] %cStart Phase: PostSummonPhase color:green
[log] %cStart Phase: PostSummonPhase color:green
[log] %cStart Phase: PostSummonPhase color:green
[log] [coop:turn] host recorder: append turn=1 seq=0 k=weather total=1 live=true
[log] [coop:turn] host recorder: append turn=1 seq=1 k=message total=2 live=true
[log] %cStart Phase: ShowAbilityPhase color:green
[log] [coop:turn] host recorder: append turn=1 seq=2 k=showAbility total=3 live=true
[log] %cStart Phase: CommonAnimPhase color:green
[log] %cStart Phase: MessagePhase color:green
[log] %cStart Phase: HideAbilityPhase color:green
[log] [coop:turn] host recorder: append turn=1 seq=3 k=hideAbility total=4 live=true
[log] %cStart Phase: TurnInitPhase color:green
[log] [coop:replay] host SEND enemyPartySync wave=32 count=2 meType=-1 battleType=0 entryPresentation=4
[log] [coop:transport] send host t=enemyPartySync wave=32 enemies=2 battleType=0
[log] [coop:replay] host RE-BROADCAST wave-start authority wave=32 after post-summon boundary stateChanged=true presentation=4 (#920)
[log] [coop:transport] send host t=authorityEntry t=authorityEntry
[log] [coop:v2-shadow] PARITY kind=CONTROL_COMMIT rev=187 match=true field=-
[log] [coop:rendezvous] next-command barrier ARRIVE+AWAIT cmd:32:1 slot=0
[log] [coop:rendezvous] ARRIVE point=cmd:32:1 (send) role=host
[log] [coop:transport] send host t=rendezvous point=cmd:32:1
[log] [coop:rendezvous] AWAIT point=cmd:32:1 timeoutMs=2000 -> network-wait role=host
[log] [coop:transport] recv guest t=enemyPartySync wave=32 enemies=2 battleType=0 handlers=1
[log] [coop:transport] recv guest t=authorityEntry t=authorityEntry handlers=1
[log] [coop:transport] recv guest t=rendezvous point=cmd:32:1 handlers=1
[log] [coop:v2-authority] receipt rev=187 op=V2/CONTROL/COMMAND/e1828413413364172/w32/t1/tick634 stage=admitted sender=1 generation=0 advanced retired=false waiting=[1] subsumed=[]
[log] [coop:transport] send host t=authorityEntry t=authorityEntry
[log] [coop:rendezvous] RECV arrival point=cmd:32:1 -> deliver-to-waiter role=host
[log] [coop:transport] send host t=rendezvous point=cmd:32:1
[log] [coop:rendezvous] AWAIT point=cmd:32:1 RESOLVE both-arrived role=host
[log] [coop:v2-authority] receipt rev=187 op=V2/CONTROL/COMMAND/e1828413413364172/w32/t1/tick634 stage=admitted sender=1 generation=0 duplicate highestStage=0
[log] [coop:v2-authority] receipt rev=187 op=V2/CONTROL/COMMAND/e1828413413364172/w32/t1/tick634 stage=materialApplied sender=1 generation=0 advanced retired=false waiting=[1] subsumed=[]
[log] [coop:v2-authority] receipt rev=187 op=V2/CONTROL/COMMAND/e1828413413364172/w32/t1/tick634 stage=materialApplied sender=1 generation=0 duplicate highestStage=1
[log] [coop:v2-authority] receipt rev=187 op=V2/CONTROL/COMMAND/e1828413413364172/w32/t1/tick634 stage=materialApplied sender=1 generation=0 duplicate highestStage=1
[log] [coop:v2-authority] receipt rev=187 op=V2/CONTROL/COMMAND/e1828413413364172/w32/t1/tick634 stage=materialApplied sender=1 generation=0 duplicate highestStage=1
[log] [coop:v2-authority] receipt rev=187 op=V2/CONTROL/COMMAND/e1828413413364172/w32/t1/tick634 stage=controlInstalled sender=1 generation=0 advanced retired=true waiting=[] subsumed=[]
[log] [coop:transport] recv guest t=rendezvous point=cmd:32:1 handlers=1
[log] [coop:transport] send host t=enemyPartySync wave=32 enemies=2 battleType=0
[log] [coop:replay] host RE-BROADCAST wave-start authority wave=32 after post-summon boundary stateChanged=false presentation=4 (#920)
[log] [coop:transport] recv guest t=enemyPartySync wave=32 enemies=2 battleType=0 handlers=1
[log] [coop-soak:wave-start] {"seed":20365530,"wave":32,"wavesRequested":200,"wavesCompleted":31,"elapsedMs":148965,"hostPhase":"CommandPhase","guestPhase":"CommandPhase"}
[log] [coop:interaction] interactionCounter() read -> 37 (role=host)
[log] [coop:interaction] interactionCounter() read -> 37 (role=guest)
[log] [coop:interaction] interactionCounter() read -> 37 (role=host)
[log] [coop:checksum] capture digest=db84943bfbb5a70a field=4 biome=29 seed=coop-soak-20365530 weather=12 terrain=4 money=1880 party=[493,150,890,384,382,888] partyLevels=[500,500,500,500,500,500] arenaTags=0 modifiers=7 heldItemsDigest=0 pokeballs=[0:55,1:20,2:0,3:0,4:0] mons=[bi0:sp493/hp1865-1865/st0/ab121/form0/tera0:0/boss0:0 bi1:sp150/hp1725-1725/st0/ab227/form0/tera0:13/boss0:0 bi2:sp343/hp58-58/st0/ab5024/form0/tera0:13/boss0:0 bi3:sp355/hp42-42/st0/ab5965/form0/tera0:7/boss0:0]
[log] [coop:interaction] interactionCounter() read -> 37 (role=host)
[log] %cStart Phase: SelectTargetPhase color:green
[log] [coop:owner] broadcast own-slot fi=0 turn=1 role=host cmd=0
[log] [coop:relay] broadcastLocalCommand SEND fieldIndex=0 owner=host turn=1 command=0 cursor=1 moveId=247 targets=[2]
[log] [coop:transport] send host t=command fi=0 owner=host turn=1 cmd=0 cursor=1 move=247
[log] [coop:transport] recv guest t=command fi=0 owner=host turn=1 cmd=0 cursor=1 move=247 handlers=1
[log] [coop:relay] recv command fieldIndex=0 turn=1 command=0 -> BUFFERED (no awaiter yet)
[log] %cStart Phase: CommandPhase color:green
[log] [coop:transport] send host t=enemyPartySync wave=32 enemies=2 battleType=0
[log] [coop:replay] host RE-BROADCAST wave-start authority wave=32 after post-summon boundary stateChanged=true presentation=4 (#920)
[log] [coop:battle] CommandPhase slot=1 turn=1 owner=guest role=host -> partner path
[log] [coop:relay] host requestPartnerCommand SEND fieldIndex=1 turn=1 moveSlots=[0,1,2,3] (awaiting peer)
[log] [coop:transport] send host t=commandRequest fi=1 owner=guest turn=1 slots=4
[log] [coop:transport] recv guest t=enemyPartySync wave=32 enemies=2 battleType=0 handlers=1
[log] [coop:transport] recv guest t=commandRequest fi=1 owner=guest turn=1 slots=4 handlers=1
[log] [coop:relay] peer recv commandRequest fieldIndex=1 owner=guest turn=1 moveSlots=[0,1,2,3] -> reply command=0 cursor=2 moveId=53
[log] [coop:transport] send guest t=command fi=1 owner=guest turn=1 cmd=0 cursor=2 move=53
[log] [coop:transport] recv host t=command fi=1 owner=guest turn=1 cmd=0 cursor=2 move=53 handlers=1
[log] [coop:relay] recv command fieldIndex=1 turn=1 command=0 -> resolved awaiting request
[log] [coop:ai] applyWiredPartnerCommand partner=150 wiredMoveId=53 cursor=2 -> moveId=53 moveIndex=2 tera=false targets=[3] targetsFrom=wire-verbatim useMode=1
[log] %cStart Phase: EnemyCommandPhase color:green
[log] %cStart Phase: EnemyCommandPhase color:green
[log] %cStart Phase: TurnStartPhase color:green
[log] [coop-diag] turn-start authoritative guard mode=authoritative role=host turn=1 diverts=false
[log] [coop:turn] host recorder: preserve recording scope=1828413413364172:32 turn=1 events=7 seq=7
[log] %cStart Phase: MovePhase color:green
[log] [coop:turn] host recorder: append turn=1 seq=7 k=moveUsed total=8 live=true
[log] %cStart Phase: MessagePhase color:green
[log] %cStart Phase: MoveEffectPhase color:green
[log] [coop:turn] host recorder: append turn=1 seq=8 k=moveAnim total=9 live=true
[log] [coop:turn] host recorder: append turn=1 seq=9 k=hp total=10 live=true
[log] [coop:turn] host recorder: append turn=1 seq=10 k=faint total=11 live=true
[log] %cStart Phase: DamageAnimPhase color:green
[log] %cStart Phase: FaintPhase color:green
[log] %cStart Phase: MessagePhase color:green
[log] %cStart Phase: VictoryPhase color:green
[log] [coop:progression] HOST progression capture begin wave=32
[log] [coop:progression] HOST applyPartyExp COMPUTE wave=32 expValue=225.2 koMon=Duskull
[log] %cStart Phase: MoveEndPhase color:green
[log] %cStart Phase: MovePhase color:green
[log] [coop:turn] host recorder: append turn=1 seq=11 k=moveUsed total=12 live=true
[log] %cStart Phase: MessagePhase color:green
[log] %cStart Phase: MoveEffectPhase color:green
[log] [coop:turn] host recorder: append turn=1 seq=12 k=moveAnim total=13 live=true
[log] [coop:turn] host recorder: append turn=1 seq=13 k=hp total=14 live=true
[log] [coop:turn] host recorder: append turn=1 seq=14 k=faint total=15 live=true
[log] [coop:turn] host recorder: append turn=1 seq=15 k=message total=16 live=true
[log] %cStart Phase: DamageAnimPhase color:green
[log] %cStart Phase: MessagePhase color:green
[log] %cStart Phase: FaintPhase color:green
[log] %cStart Phase: MessagePhase color:green
[log] %cStart Phase: VictoryPhase color:green
[log] [coop:progression] HOST applyPartyExp COMPUTE wave=32 expValue=253 koMon=Baltoy
[log] [coop:runtime] defer raw waveResolved wave=32 outcome=win until its material turnResolution is retained
[log] [coop-diag] VictoryPhase win-branch role=host battleType=WILD queuesTrainerVictory=false queuesSelectModifier=true wave=32
[log] [coop-diag] VictoryTail role=host wave=32 source=legacy-local trainer=false egg=true biomeShop=false biomeChange=false crossroads=false nextWave=33
[log] %cStart Phase: MoveEndPhase color:green
[log] %cStart Phase: MovePhase color:green
[log] %cStart Phase: MoveEndPhase color:green
[log] %cStart Phase: MovePhase color:green
[log] %cStart Phase: MoveEndPhase color:green
[log] %cStart Phase: CheckInterludePhase color:green
[log] %cStart Phase: WeatherEffectPhase color:green
[log] %cStart Phase: PositionalTagPhase color:green
[log] %cStart Phase: BerryPhase color:green
[log] %cStart Phase: CheckStatusEffectPhase color:green
[log] %cStart Phase: TurnEndPhase color:green
[log] %cStart Phase: CoopTurnCommitPhase color:green
[log] [coop:turn] host recorder: finalize turn=1 events=16 seq=16
[log] [coop:checkpoint] build field=4 weather=12/7 terrain=4/6 arenaTags=0 money=1880 mons=[bi0:sp493/hp1865-1865/st0/fnt0 bi1:sp150/hp1725-1725/st0/fnt0 bi2:sp343/hp0-58/st7/fnt1 bi3:sp355/hp0-42/st7/fnt1]
[log] [coop:checkpoint] host capture field=4 weather=12 terrain=4 money=1880 arenaTags=0 mons=[bi0:sp493/hp1865-1865/st0/fnt0 bi1:sp150/hp1725-1725/st0/fnt0 bi2:sp343/hp0-58/st7/fnt1 bi3:sp355/hp0-42/st7/fnt1]
[log] [coop:interaction] interactionCounter() read -> 37 (role=host)
[log] [coop:replay] host SEND turnResolution e=1828413413364172 wave=32 turn=1 rev=643 events=16 checksum=6e490e34f316ecdf
[log] [coop:transport] send host t=authorityEntry t=authorityEntry
[log] [coop:v2-shadow] PARITY kind=TURN_COMMIT rev=188 match=true field=- successor=none-non-command-boundary
[log] [coop:transport] send host t=turnResolution e=1828413413364172 wave=32 turn=1 rev=643 events=16 checksum=6e490e34f316ecdf
[log] [coop:runtime] send waveResolved wave=32 outcome=win (host)
[log] [coop:replay] host SEND waveResolved wave=32 outcome=win transition=WAVE_VICTORY/next33/biome0/egg1/wild
[log] [coop:transport] send host t=waveResolved wave=32 outcome=win captureParty=- cap=-
[log] [coop:transport] recv guest t=authorityEntry t=authorityEntry handlers=1
[log] [coop:transport] recv guest t=turnResolution e=1828413413364172 wave=32 turn=1 rev=643 events=16 checksum=6e490e34f316ecdf handlers=1
[log] [coop:transport] recv guest t=waveResolved wave=32 outcome=win captureParty=- cap=- handlers=1
[log] [38;2;255;127;80mPhaseInterceptor.to: Stopping on completion of CoopTurnCommitPhase[39m
[log] %cStart Phase: BattleEndPhase color:green
[log] [coop:progression] HOST automatic victory settlement deferred wave=32 sourceTurn=1 settlementTurn=2
[log] [coop:v2-authority] receipt rev=188 op=TURN/e1828413413364172/w32/t1 stage=admitted sender=1 generation=0 advanced retired=false waiting=[1] subsumed=[]
[log] [coop:transport] send host t=authorityEntry t=authorityEntry
[log] [coop:v2-authority] receipt rev=188 op=TURN/e1828413413364172/w32/t1 stage=admitted sender=1 generation=0 duplicate highestStage=0
[log] [coop:transport] send host t=authorityEntry t=authorityEntry
[log] [coop:v2-authority] receipt rev=188 op=TURN/e1828413413364172/w32/t1 stage=admitted sender=1 generation=0 duplicate highestStage=0
[log] [coop:v2-authority] receipt rev=188 op=TURN/e1828413413364172/w32/t1 stage=admitted sender=1 generation=0 duplicate highestStage=0
[log] [coop:v2-authority] receipt rev=188 op=TURN/e1828413413364172/w32/t1 stage=materialApplied sender=1 generation=0 advanced retired=false waiting=[1] subsumed=[]
[log] [coop:v2-authority] receipt rev=188 op=TURN/e1828413413364172/w32/t1 stage=controlInstalled sender=1 generation=0 advanced retired=true waiting=[] subsumed=[]
[log] [coop:interaction] interactionCounter() read -> 37 (role=host)
[log] %cStart Phase: EggLapsePhase color:green
[log] %cStart Phase: CoopVictorySealPhase color:green
[log] [coop:transport] send host t=authorityEntry t=authorityEntry
[log] [coop:v2-shadow] PARITY kind=WAVE_ADVANCE rev=189 match=true field=-
[log] [coop:runtime] settled WAVE_ADVANCE committed wave=32 tick=644 next=WAVE_VICTORY/wave33
[log] [coop:runtime] send waveEndState wave=32 tick=644 (host)
[log] [coop:replay] host SEND waveEndState wave=32 tick=644 party=6
[log] [coop:transport] send host t=waveEndState t=waveEndState
[log] [coop:progression] HOST automatic victory settlement sealed wave=32 sourceTurn=1 settlementTurn=2 tick=644
[log] [coop:transport] recv guest t=authorityEntry t=authorityEntry handlers=1
[log] [coop:transport] recv guest t=waveEndState t=waveEndState handlers=1
[log] [coop:interaction] interactionCounter() read -> 37 (role=host)
[log] [coop:owner] ownerOf(counter=37) seat=1 -> owner=guest
[log] [coop:owner] isLocalOwnerAtCounter(pinnedCounter=37) parity=1 owner=guest role=host -> false
[log] [coop:interaction] interactionCounter() read -> 37 (role=host)
[log] [coop:reward] owner/watcher decision: pinnedStart=37 liveCounter=37 parity=1 role=host pick=WATCHER option=ROLL spoof=false
[log] [coop:shop] serializeRewardOptions count=3 ids=[DIRE_HIT,POKEBALL,BERRY] tiers=[1,0,0]
[log] [coop:reward] OWNER streams reward options (start=37 reroll=0 count=3 ids=[DIRE_HIT,POKEBALL,BERRY])
[log] [coop:relay] SEND rewardOptions seq=37 reroll=0 count=3 ids=[DIRE_HIT,POKEBALL,BERRY]
[log] [coop:transport] send host t=authorityEntry t=authorityEntry
[log] [coop:v2-shadow] PARITY kind=INTERACTION_COMMIT rev=190 match=true field=-
[log] [coop:reward] authoritative options retained surface=reward pin=37 reroll=0 count=3 rev=75 id=1828413413364172:1:REWARD_PRESENT:3700000
[log] [coop:v2-interaction] suppressed raw rewardOptions key=37:0; immutable entry retained
[log] [coop:rendezvous] ARRIVE point=shop:32:37 (send) role=host
[log] [coop:transport] send host t=rendezvous point=shop:32:37
[log] [coop:reward] WATCHER waits for partner's reward picks (start=37 role=host wave=32)
[log] [coop:transport] recv guest t=authorityEntry t=authorityEntry handlers=1
[log] [coop:transport] recv guest t=rendezvous point=shop:32:37 handlers=1
[log] [coop:interaction] mirror begin role=watcher mirrorSeq=2368 interactionStart=37 reroll=0
[log] [coop:interaction] uiMirror beginSession role=watcher mode=6 seq=2368 early=0
[log] [coop:relay] AWAIT interactionChoice seq=37 timeoutMs=1200000 expected=[reward,shop,skip,reroll,check,transfer,lock] -> network-wait
[log] [coop:interaction] interactionCounter() read -> 37 (role=host)
[log] [coop:checksum] capture digest=4c12941c1a96e986 field=4 biome=29 seed=coop-soak-20365530 weather=12 terrain=4 money=1880 party=[493,150,890,384,382,888] partyLevels=[500,500,500,500,500,500] arenaTags=0 modifiers=7 heldItemsDigest=0 pokeballs=[0:55,1:20,2:0,3:0,4:0] mons=[bi0:sp493/hp1865-1865/st0/ab121/form0/tera0:0/boss0:0 bi1:sp150/hp1725-1725/st0/ab227/form0/tera0:13/boss0:0 bi2:sp343/hp0-58/st7/ab5024/form0/tera0:13/boss0:0 bi3:sp355/hp0-42/st7/ab5965/form0/tera0:7/boss0:0]
[log] [coop:transport] send host t=authorityEntry t=authorityEntry
[log] [coop:rendezvous] RECV arrival point=shop:32:37 -> BUFFER (no waiter yet) role=host
[log] [coop:stream] host IGNORE cosmetic turn ACK stage=continuationReady key=1828413413364172:32:1:643 (v2 owns retirement)
[log] [coop:relay] DELIVER interactionChoice seq=37 -> waiter kind=reward choice=0 data=[0]
[log] [coop:relay] AWAIT interactionChoice seq=37 RESOLVE kind=reward choice=0 data=[0]
[log] [coop:v2-authority] receipt rev=189 op=V2/WAVE/e1828413413364172/w32/tick644 stage=admitted sender=1 generation=0 advanced retired=false waiting=[1] subsumed=[]
[log] [coop:transport] send host t=authorityEntry t=authorityEntry
[log] [coop:transport] send host t=authorityEntry t=authorityEntry
[log] [coop:v2-authority] receipt rev=189 op=V2/WAVE/e1828413413364172/w32/tick644 stage=admitted sender=1 generation=0 duplicate highestStage=0
[log] [coop:v2-authority] receipt rev=189 op=V2/WAVE/e1828413413364172/w32/tick644 stage=materialApplied sender=1 generation=0 advanced retired=false waiting=[1] subsumed=[]
[log] [coop:transport] send host t=authorityEntry t=authorityEntry
[log] [coop:v2-authority] receipt rev=189 op=V2/WAVE/e1828413413364172/w32/tick644 stage=controlInstalled sender=1 generation=0 advanced retired=true waiting=[] subsumed=[]
[log] [coop:v2-authority] receipt rev=190 op=1828413413364172:1:REWARD_PRESENT:3700000 stage=admitted sender=1 generation=0 advanced retired=false waiting=[1] subsumed=[]
[log] [coop:v2-authority] receipt rev=190 op=1828413413364172:1:REWARD_PRESENT:3700000 stage=materialApplied sender=1 generation=0 advanced retired=false waiting=[1] subsumed=[]
[log] [coop:v2-authority] receipt rev=190 op=1828413413364172:1:REWARD_PRESENT:3700000 stage=materialApplied sender=1 generation=0 duplicate highestStage=1
[log] [coop:v2-authority] receipt rev=190 op=1828413413364172:1:REWARD_PRESENT:3700000 stage=controlInstalled sender=1 generation=0 advanced retired=true waiting=[] subsumed=[]
[log] [coop:v2-authority] receipt rev=189 op=V2/WAVE/e1828413413364172/w32/tick644 stage=controlInstalled sender=1 generation=0 rejected reason=unknown-revision
[log] [coop:reward] WATCHER applying relayed action seq=37 act=REWARD choice=0 data=[0]
[log] [coop:owner] ownerOf(counter=37) seat=1 -> owner=guest
[log] [coop:owner] isLocalOwnerAtCounter(pinnedCounter=37) parity=1 owner=guest role=host -> false
[log] [coop:reward] APPLY_RESULT pin=37 side=watcher type=DIRE_HIT class=TempCritBoosterModifier pregen=[] holderSlot=-1 holderId=-1 stack=1 accepted=true cost=-1
[log] [coop:transport] recv guest t=authorityEntry t=authorityEntry handlers=1
[log] [coop:transport] recv guest t=authorityEntry t=authorityEntry handlers=1
[log] [coop:transport] recv guest t=authorityEntry t=authorityEntry handlers=1
[log] [coop:v2-interaction] terminal proof recorded op=1828413413364172:1:REWARD:3700000 role=host seat=0 duplicate=0 ambient=1
[log] [coop:v2-interaction] phase terminal proof op=1828413413364172:1:REWARD:3700000 route=constructor-fallback accepted=1
[log] [coop:shop] serializeRewardOptions count=3 ids=[DIRE_HIT,POKEBALL,BERRY] tiers=[1,0,0]
[log] [coop:transport] send host t=authorityEntry t=authorityEntry
[log] [coop:v2-shadow] PARITY kind=INTERACTION_COMMIT rev=191 match=true field=-
[log] [coop:reward] reward authoritative RESULT retained rev=76 tick=646 id=1828413413364172:1:REWARD:3700000
[log] [coop:interaction] interactionCounter() read -> 37 (role=host)
[log] [coop:interaction] CoopInteractionTurn.advance INCREMENT (fromCounter=37) counter 37 -> 38
[log] [coop:interaction] advanceInteraction ADVANCED+V2-LOCAL (fromCounter=37) counter 37 -> 38 role=host
[log] [coop:owner] ownerOf(counter=38) seat=0 -> owner=host
[log] [coop:owner] ownerOf(counter=38) seat=0 -> owner=host
[log] [coop:interaction] interactionCounter() read -> 38 (role=host)
[log] [coop:reward] advance interaction from V2 commit (role=host from=37 counter 37 -> 38); typed successor owns release
[log] [coop:transport] recv guest t=authorityEntry t=authorityEntry handlers=1
[log] [coop:interaction] interactionCounter() read -> 38 (role=host)
[log] [coop:interaction] interactionCounter() read -> 38 (role=host)
[log] [coop:v2-authority] receipt rev=189 op=V2/WAVE/e1828413413364172/w32/tick644 stage=controlInstalled sender=1 generation=0 rejected reason=unknown-revision
[log] [coop:v2-authority] receipt rev=190 op=1828413413364172:1:REWARD_PRESENT:3700000 stage=controlInstalled sender=1 generation=0 rejected reason=unknown-revision
[log] [coop:v2-authority] receipt rev=190 op=1828413413364172:1:REWARD_PRESENT:3700000 stage=controlInstalled sender=1 generation=0 rejected reason=unknown-revision
[log] [coop:v2-authority] receipt rev=191 op=1828413413364172:1:REWARD:3700000 stage=admitted sender=1 generation=0 advanced retired=false waiting=[1] subsumed=[]
[log] [coop:v2-authority] receipt rev=191 op=1828413413364172:1:REWARD:3700000 stage=admitted sender=1 generation=0 duplicate highestStage=0
[log] [coop:v2-authority] receipt rev=191 op=1828413413364172:1:REWARD:3700000 stage=materialApplied sender=1 generation=0 advanced retired=false waiting=[1] subsumed=[]
[log] [coop:v2-authority] receipt rev=191 op=1828413413364172:1:REWARD:3700000 stage=controlInstalled sender=1 generation=0 advanced retired=true waiting=[] subsumed=[]
[log] [coop:interaction] interactionCounter() read -> 38 (role=host)
[log] [coop:interaction] interactionCounter() read -> 38 (role=guest)
[log] [coop-soak:wave-complete] {"seed":20365530,"wave":32,"wavesRequested":200,"wavesCompleted":32,"waveElapsedMs":2800,"elapsedMs":151765,"findings":0,"hostPhase":"NewBattlePhase","guestPhase":"NewBattlePhase"}
[log] %cStart Phase: NewBattlePhase color:green
[log] %cStart Phase: NextEncounterPhase color:green
[log] [coop:interaction] interactionCounter() read -> 38 (role=host)
[log] [coop:replay] host SEND enemyPartySync wave=33 count=2 meType=-1 battleType=0 entryPresentation=-
[log] [coop:transport] send host t=enemyPartySync wave=33 enemies=2 battleType=0
[log] [coop:turn] host recorder: begin turn=1 scope=1828413413364172:33 (no prior open recording)
[log] [coop:transport] recv guest t=enemyPartySync wave=33 enemies=2 battleType=0 handlers=1
[log] %cStart Phase: ToggleDoublePositionPhase color:green
[log] %cStart Phase: CheckSwitchPhase color:green
[log] %cStart Phase: CheckSwitchPhase color:green
[log] %cStart Phase: InitEncounterPhase color:green
[log] [coop:turn] host recorder: preserve recording scope=1828413413364172:33 turn=1 events=0 seq=0
[log] %cStart Phase: PostSummonPhase color:green
[log] %cStart Phase: PostSummonPhase color:green
[log] %cStart Phase: PostSummonPhase color:green
[log] [coop:turn] host recorder: append turn=1 seq=0 k=message total=1 live=true
[log] %cStart Phase: ShowAbilityPhase color:green
[log] [coop:turn] host recorder: append turn=1 seq=1 k=showAbility total=2 live=true
[log] %cStart Phase: MessagePhase color:green
[log] %cStart Phase: HideAbilityPhase color:green
[log] [coop:turn] host recorder: append turn=1 seq=2 k=hideAbility total=3 live=true
[log] %cStart Phase: TurnInitPhase color:green
[log] [coop:replay] host SEND enemyPartySync wave=33 count=2 meType=-1 battleType=0 entryPresentation=3
[log] [coop:transport] send host t=enemyPartySync wave=33 enemies=2 battleType=0
[log] [coop:replay] host RE-BROADCAST wave-start authority wave=33 after post-summon boundary stateChanged=true presentation=3 (#920)
[log] [coop:transport] send host t=authorityEntry t=authorityEntry
[log] [coop:v2-shadow] PARITY kind=CONTROL_COMMIT rev=192 match=true field=-
[log] [coop:rendezvous] next-command barrier ARRIVE+AWAIT cmd:33:1 slot=0
[log] [coop:rendezvous] ARRIVE point=cmd:33:1 (send) role=host
[log] [coop:transport] send host t=rendezvous point=cmd:33:1
[log] [coop:rendezvous] AWAIT point=cmd:33:1 timeoutMs=2000 -> network-wait role=host
[log] [coop:transport] recv guest t=enemyPartySync wave=33 enemies=2 battleType=0 handlers=1
[log] [coop:transport] recv guest t=authorityEntry t=authorityEntry handlers=1
[log] [coop:transport] recv guest t=rendezvous point=cmd:33:1 handlers=1
[log] [coop:v2-authority] receipt rev=192 op=V2/CONTROL/COMMAND/e1828413413364172/w33/t1/tick650 stage=admitted sender=1 generation=0 advanced retired=false waiting=[1] subsumed=[]
[log] [coop:transport] send host t=authorityEntry t=authorityEntry
[log] [coop:rendezvous] RECV arrival point=cmd:33:1 -> deliver-to-waiter role=host
[log] [coop:transport] send host t=rendezvous point=cmd:33:1
[log] [coop:rendezvous] AWAIT point=cmd:33:1 RESOLVE both-arrived role=host
[log] [coop:v2-authority] receipt rev=192 op=V2/CONTROL/COMMAND/e1828413413364172/w33/t1/tick650 stage=admitted sender=1 generation=0 duplicate highestStage=0
[log] [coop:v2-authority] receipt rev=192 op=V2/CONTROL/COMMAND/e1828413413364172/w33/t1/tick650 stage=materialApplied sender=1 generation=0 advanced retired=false waiting=[1] subsumed=[]
[log] [coop:v2-authority] receipt rev=192 op=V2/CONTROL/COMMAND/e1828413413364172/w33/t1/tick650 stage=materialApplied sender=1 generation=0 duplicate highestStage=1
[log] [coop:v2-authority] receipt rev=192 op=V2/CONTROL/COMMAND/e1828413413364172/w33/t1/tick650 stage=materialApplied sender=1 generation=0 duplicate highestStage=1
[log] [coop:v2-authority] receipt rev=192 op=V2/CONTROL/COMMAND/e1828413413364172/w33/t1/tick650 stage=materialApplied sender=1 generation=0 duplicate highestStage=1
[log] [coop:v2-authority] receipt rev=192 op=V2/CONTROL/COMMAND/e1828413413364172/w33/t1/tick650 stage=controlInstalled sender=1 generation=0 advanced retired=true waiting=[] subsumed=[]
[log] [coop:transport] recv guest t=rendezvous point=cmd:33:1 handlers=1
[log] [coop:transport] send host t=enemyPartySync wave=33 enemies=2 battleType=0
[log] [coop:replay] host RE-BROADCAST wave-start authority wave=33 after post-summon boundary stateChanged=false presentation=3 (#920)
[log] [coop:transport] recv guest t=enemyPartySync wave=33 enemies=2 battleType=0 handlers=1
[log] [coop-soak:wave-start] {"seed":20365530,"wave":33,"wavesRequested":200,"wavesCompleted":32,"elapsedMs":152682,"hostPhase":"CommandPhase","guestPhase":"CommandPhase"}
[log] [coop:interaction] interactionCounter() read -> 38 (role=host)
[log] [coop:interaction] interactionCounter() read -> 38 (role=guest)
[log] [coop:interaction] interactionCounter() read -> 38 (role=host)
[log] [coop:checksum] capture digest=132d75aab115dc7a field=4 biome=29 seed=coop-soak-20365530 weather=12 terrain=4 money=1880 party=[493,150,890,384,382,888] partyLevels=[500,500,500,500,500,500] arenaTags=0 modifiers=7 heldItemsDigest=4 pokeballs=[0:55,1:20,2:0,3:0,4:0] mons=[bi0:sp493/hp1865-1865/st0/ab121/form0/tera0:0/boss0:0 bi1:sp150/hp1725-1725/st0/ab227/form0/tera0:13/boss0:0 bi2:sp999/hp62-62/st0/ab5165/form1/tera0:8/boss1:0 bi3:sp999/hp62-62/st0/ab5327/form1/tera0:8/boss1:0]
[log] [coop:interaction] interactionCounter() read -> 38 (role=host)
[log] %cStart Phase: SelectTargetPhase color:green
[log] [coop:owner] broadcast own-slot fi=0 turn=1 role=host cmd=0
[log] [coop:relay] broadcastLocalCommand SEND fieldIndex=0 owner=host turn=1 command=0 cursor=1 moveId=247 targets=[2]
[log] [coop:transport] send host t=command fi=0 owner=host turn=1 cmd=0 cursor=1 move=247
[log] [coop:transport] recv guest t=command fi=0 owner=host turn=1 cmd=0 cursor=1 move=247 handlers=1
[log] [coop:relay] recv command fieldIndex=0 turn=1 command=0 -> BUFFERED (no awaiter yet)
[log] %cStart Phase: CommandPhase color:green
[log] [coop:transport] send host t=enemyPartySync wave=33 enemies=2 battleType=0
[log] [coop:replay] host RE-BROADCAST wave-start authority wave=33 after post-summon boundary stateChanged=true presentation=3 (#920)
[log] [coop:battle] CommandPhase slot=1 turn=1 owner=guest role=host -> partner path
[log] [coop:relay] host requestPartnerCommand SEND fieldIndex=1 turn=1 moveSlots=[0,1,2,3] (awaiting peer)
[log] [coop:transport] send host t=commandRequest fi=1 owner=guest turn=1 slots=4
[log] [coop:transport] recv guest t=enemyPartySync wave=33 enemies=2 battleType=0 handlers=1
[log] [coop:transport] recv guest t=commandRequest fi=1 owner=guest turn=1 slots=4 handlers=1
[log] [coop:relay] peer recv commandRequest fieldIndex=1 owner=guest turn=1 moveSlots=[0,1,2,3] -> reply command=0 cursor=1 moveId=247
[log] [coop:transport] send guest t=command fi=1 owner=guest turn=1 cmd=0 cursor=1 move=247
[log] [coop:transport] recv host t=command fi=1 owner=guest turn=1 cmd=0 cursor=1 move=247 handlers=1
[log] [coop:relay] recv command fieldIndex=1 turn=1 command=0 -> resolved awaiting request
[log] [coop:ai] applyWiredPartnerCommand partner=150 wiredMoveId=247 cursor=1 -> moveId=247 moveIndex=1 tera=false targets=[3] targetsFrom=wire-verbatim useMode=1
[log] %cStart Phase: EnemyCommandPhase color:green
[log] %cStart Phase: EnemyCommandPhase color:green
[log] %cStart Phase: TurnStartPhase color:green
[log] [coop-diag] turn-start authoritative guard mode=authoritative role=host turn=1 diverts=false
[log] [coop:turn] host recorder: preserve recording scope=1828413413364172:33 turn=1 events=4 seq=4
[log] %cStart Phase: MovePhase color:green
[log] [coop:turn] host recorder: append turn=1 seq=4 k=moveUsed total=5 live=true
[log] %cStart Phase: MessagePhase color:green
[log] %cStart Phase: MoveEffectPhase color:green
[log] [coop:turn] host recorder: append turn=1 seq=5 k=moveAnim total=6 live=true
[log] [coop:turn] host recorder: append turn=1 seq=6 k=hp total=7 live=true
[log] [coop:turn] host recorder: append turn=1 seq=7 k=faint total=8 live=true
[log] [coop:turn] host recorder: append turn=1 seq=8 k=message total=9 live=true
[log] %cStart Phase: DamageAnimPhase color:green
[log] %cStart Phase: MessagePhase color:green
[log] %cStart Phase: FaintPhase color:green
[log] %cStart Phase: MessagePhase color:green
[log] %cStart Phase: VictoryPhase color:green
[log] [coop:progression] HOST progression capture begin wave=33
[log] [coop:progression] HOST applyPartyExp COMPUTE wave=33 expValue=241 koMon=Gimmighoul
[log] %cStart Phase: MoveEndPhase color:green
[log] %cStart Phase: MovePhase color:green
[log] [coop:turn] host recorder: append turn=1 seq=9 k=moveUsed total=10 live=true
[log] %cStart Phase: MessagePhase color:green
[log] %cStart Phase: MoveEffectPhase color:green
[log] [coop:turn] host recorder: append turn=1 seq=10 k=commonAnim total=11 live=true
[log] [coop:turn] host recorder: append turn=1 seq=11 k=message total=12 live=true
[log] %cStart Phase: MessagePhase color:green
[log] %cStart Phase: MoveEndPhase color:green
[log] %cStart Phase: MovePhase color:green
[log] %cStart Phase: MoveEndPhase color:green
[log] %cStart Phase: MovePhase color:green
[log] [coop:turn] host recorder: append turn=1 seq=12 k=moveUsed total=13 live=true
[log] %cStart Phase: MessagePhase color:green
[log] %cStart Phase: MoveEffectPhase color:green
[log] [coop:turn] host recorder: append turn=1 seq=13 k=moveAnim total=14 live=true
[log] [coop:turn] host recorder: append turn=1 seq=14 k=message total=15 live=true
[log] [coop:turn] host recorder: append turn=1 seq=15 k=hp total=16 live=true
[log] [coop:turn] host recorder: append turn=1 seq=16 k=message total=17 live=true
[log] %cStart Phase: MessagePhase color:green
[log] %cStart Phase: DamageAnimPhase color:green
[log] %cStart Phase: MessagePhase color:green
[log] %cStart Phase: MoveEndPhase color:green
[log] %cStart Phase: CheckInterludePhase color:green
[log] %cStart Phase: WeatherEffectPhase color:green
[log] %cStart Phase: PositionalTagPhase color:green
[log] %cStart Phase: BerryPhase color:green
[log] %cStart Phase: CheckStatusEffectPhase color:green
[log] %cStart Phase: TurnEndPhase color:green
[log] %cStart Phase: CoopTurnCommitPhase color:green
[log] [coop:turn] host recorder: finalize turn=1 events=17 seq=17
[log] [coop:checkpoint] build field=4 weather=12/6 terrain=4/5 arenaTags=0 money=1880 mons=[bi0:sp493/hp1865-1865/st0/fnt0 bi1:sp150/hp1720-1725/st0/fnt0 bi2:sp999/hp62-62/st0/fnt0 bi3:sp999/hp0-62/st7/fnt1]
[log] [coop:checkpoint] host capture field=4 weather=12 terrain=4 money=1880 arenaTags=0 mons=[bi0:sp493/hp1865-1865/st0/fnt0 bi1:sp150/hp1720-1725/st0/fnt0 bi2:sp999/hp62-62/st0/fnt0 bi3:sp999/hp0-62/st7/fnt1]
[log] [coop:interaction] interactionCounter() read -> 38 (role=host)
[log] [coop:replay] host SEND turnResolution e=1828413413364172 wave=33 turn=1 rev=659 events=17 checksum=c098329efe8814ee
[log] [coop:transport] send host t=authorityEntry t=authorityEntry
[log] [coop:v2-shadow] PARITY kind=TURN_COMMIT rev=193 match=true field=- successor=owner-field
[log] [coop:transport] send host t=turnResolution e=1828413413364172 wave=33 turn=1 rev=659 events=17 checksum=c098329efe8814ee
[log] [coop:transport] recv guest t=authorityEntry t=authorityEntry handlers=1
[log] [coop:transport] recv guest t=turnResolution e=1828413413364172 wave=33 turn=1 rev=659 events=17 checksum=c098329efe8814ee handlers=1
[log] [38;2;255;127;80mPhaseInterceptor.to: Stopping on completion of CoopTurnCommitPhase[39m
[log] [coop:v2-authority] receipt rev=193 op=TURN/e1828413413364172/w33/t1 stage=admitted sender=1 generation=0 advanced retired=false waiting=[1] subsumed=[]
[log] [coop:transport] send host t=authorityEntry t=authorityEntry
[log] [coop:transport] recv guest t=authorityEntry t=authorityEntry handlers=1
[log] [coop:v2-authority] receipt rev=193 op=TURN/e1828413413364172/w33/t1 stage=admitted sender=1 generation=0 duplicate highestStage=0
[log] [coop:transport] send host t=authorityEntry t=authorityEntry
[log] [coop:v2-authority] receipt rev=193 op=TURN/e1828413413364172/w33/t1 stage=admitted sender=1 generation=0 duplicate highestStage=0
[log] [coop:v2-authority] receipt rev=193 op=TURN/e1828413413364172/w33/t1 stage=admitted sender=1 generation=0 duplicate highestStage=0
[log] [coop:v2-authority] receipt rev=193 op=TURN/e1828413413364172/w33/t1 stage=materialApplied sender=1 generation=0 advanced retired=false waiting=[1] subsumed=[]
[log] %cStart Phase: TurnInitPhase color:green
[log] [coop:transport] recv host t=rendezvous point=cmd:33:2 handlers=1
[log] [coop:rendezvous] RECV arrival point=cmd:33:2 -> BUFFER (no waiter yet) role=host
[log] [coop:rendezvous] ARRIVE point=cmd:33:2 (send) role=host
[log] [coop:transport] send host t=rendezvous point=cmd:33:2
[log] [coop:rendezvous] next-command barrier cmd:33:2 SYNC pass (partner already arrived)
[log] [coop:transport] recv guest t=rendezvous point=cmd:33:2 handlers=1
[log] [coop:stream] host IGNORE cosmetic turn ACK stage=continuationReady key=1828413413364172:33:1:659 (v2 owns retirement)
[log] [coop:v2-authority] receipt rev=193 op=TURN/e1828413413364172/w33/t1 stage=materialApplied sender=1 generation=0 duplicate highestStage=1
[log] [coop:v2-authority] receipt rev=193 op=TURN/e1828413413364172/w33/t1 stage=controlInstalled sender=1 generation=0 advanced retired=true waiting=[] subsumed=[]
[log] %cStart Phase: SelectTargetPhase color:green
[log] [coop:owner] broadcast own-slot fi=0 turn=2 role=host cmd=0
[log] [coop:relay] broadcastLocalCommand SEND fieldIndex=0 owner=host turn=2 command=0 cursor=1 moveId=247 targets=[2]
[log] [coop:transport] send host t=command fi=0 owner=host turn=2 cmd=0 cursor=1 move=247
[log] [coop:transport] recv guest t=command fi=0 owner=host turn=2 cmd=0 cursor=1 move=247 handlers=1
[log] [coop:relay] recv command fieldIndex=0 turn=2 command=0 -> BUFFERED (no awaiter yet)
[log] %cStart Phase: CommandPhase color:green
[log] [coop:battle] CommandPhase slot=1 turn=2 owner=guest role=host -> partner path
[log] [coop:relay] host requestPartnerCommand SEND fieldIndex=1 turn=2 moveSlots=[0,1,2,3] (awaiting peer)
[log] [coop:transport] send host t=commandRequest fi=1 owner=guest turn=2 slots=4
[log] [coop:transport] recv guest t=commandRequest fi=1 owner=guest turn=2 slots=4 handlers=1
[log] [coop:relay] peer recv commandRequest fieldIndex=1 owner=guest turn=2 moveSlots=[0,1,2,3] -> reply command=0 cursor=1 moveId=247
[log] [coop:transport] send guest t=command fi=1 owner=guest turn=2 cmd=0 cursor=1 move=247
[log] [coop:transport] recv host t=command fi=1 owner=guest turn=2 cmd=0 cursor=1 move=247 handlers=1
[log] [coop:relay] recv command fieldIndex=1 turn=2 command=0 -> resolved awaiting request
[log] [coop:ai] applyWiredPartnerCommand partner=150 wiredMoveId=247 cursor=1 -> moveId=247 moveIndex=1 tera=false targets=[2] targetsFrom=wire-verbatim useMode=1
[log] %cStart Phase: EnemyCommandPhase color:green
[log] %cStart Phase: TurnStartPhase color:green
[log] [coop-diag] turn-start authoritative guard mode=authoritative role=host turn=2 diverts=false
[log] [coop:turn] host recorder: begin turn=2 scope=1828413413364172:33 (no prior open recording)
[log] %cStart Phase: MovePhase color:green
[log] [coop:turn] host recorder: append turn=2 seq=0 k=moveUsed total=1 live=true
[log] %cStart Phase: MessagePhase color:green
[log] %cStart Phase: MoveEffectPhase color:green
[log] [coop:turn] host recorder: append turn=2 seq=1 k=moveAnim total=2 live=true
[log] [coop:turn] host recorder: append turn=2 seq=2 k=hp total=3 live=true
[log] [coop:turn] host recorder: append turn=2 seq=3 k=faint total=4 live=true
[log] [coop:turn] host recorder: append turn=2 seq=4 k=message total=5 live=true
[log] %cStart Phase: DamageAnimPhase color:green
[log] %cStart Phase: MessagePhase color:green
[log] %cStart Phase: FaintPhase color:green
[log] %cStart Phase: MessagePhase color:green
[log] %cStart Phase: VictoryPhase color:green
[log] [coop:progression] HOST applyPartyExp COMPUTE wave=33 expValue=241 koMon=Gimmighoul
[log] [coop:runtime] defer raw waveResolved wave=33 outcome=win until its material turnResolution is retained
[log] [coop-diag] VictoryPhase win-branch role=host battleType=WILD queuesTrainerVictory=false queuesSelectModifier=true wave=33
[log] [coop-diag] VictoryTail role=host wave=33 source=legacy-local trainer=false egg=true biomeShop=false biomeChange=false crossroads=false nextWave=34
[log] %cStart Phase: MoveEndPhase color:green
[log] %cStart Phase: MovePhase color:green
[log] [coop:turn] host recorder: append turn=2 seq=5 k=moveUsed total=6 live=true
[log] [coop:turn] host recorder: append turn=2 seq=6 k=message total=7 live=true
[log] %cStart Phase: MessagePhase color:green
[log] %cStart Phase: MessagePhase color:green
[log] %cStart Phase: MoveEndPhase color:green
[log] %cStart Phase: MovePhase color:green
[log] %cStart Phase: MoveEndPhase color:green
[log] %cStart Phase: CheckInterludePhase color:green
[log] %cStart Phase: WeatherEffectPhase color:green
[log] %cStart Phase: PositionalTagPhase color:green
[log] %cStart Phase: BerryPhase color:green
[log] %cStart Phase: CheckStatusEffectPhase color:green
[log] %cStart Phase: TurnEndPhase color:green
[log] %cStart Phase: CoopTurnCommitPhase color:green
[log] [coop:turn] host recorder: finalize turn=2 events=7 seq=7
[log] [coop:checkpoint] build field=4 weather=12/5 terrain=4/4 arenaTags=0 money=1880 mons=[bi0:sp493/hp1865-1865/st0/fnt0 bi1:sp150/hp1720-1725/st0/fnt0 bi2:sp999/hp0-62/st7/fnt1 bi3:sp999/hp0-62/st7/fnt1]
[log] [coop:checkpoint] host capture field=4 weather=12 terrain=4 money=1880 arenaTags=0 mons=[bi0:sp493/hp1865-1865/st0/fnt0 bi1:sp150/hp1720-1725/st0/fnt0 bi2:sp999/hp0-62/st7/fnt1 bi3:sp999/hp0-62/st7/fnt1]
[log] [coop:interaction] interactionCounter() read -> 38 (role=host)
[log] [coop:replay] host SEND turnResolution e=1828413413364172 wave=33 turn=2 rev=668 events=7 checksum=c6ebd7a30b6bcc87
[log] [coop:transport] send host t=authorityEntry t=authorityEntry
[log] [coop:v2-shadow] PARITY kind=TURN_COMMIT rev=194 match=true field=- successor=none-non-command-boundary
[log] [coop:transport] send host t=turnResolution e=1828413413364172 wave=33 turn=2 rev=668 events=7 checksum=c6ebd7a30b6bcc87
[log] [coop:runtime] send waveResolved wave=33 outcome=win (host)
[log] [coop:replay] host SEND waveResolved wave=33 outcome=win transition=WAVE_VICTORY/next34/biome0/egg1/wild
[log] [coop:transport] send host t=waveResolved wave=33 outcome=win captureParty=- cap=-
[log] [coop:transport] recv guest t=authorityEntry t=authorityEntry handlers=1
[log] [coop:transport] recv guest t=turnResolution e=1828413413364172 wave=33 turn=2 rev=668 events=7 checksum=c6ebd7a30b6bcc87 handlers=1
[log] [coop:transport] recv guest t=waveResolved wave=33 outcome=win captureParty=- cap=- handlers=1
[log] [38;2;255;127;80mPhaseInterceptor.to: Stopping on completion of CoopTurnCommitPhase[39m
[log] %cStart Phase: BattleEndPhase color:green
[log] [coop:progression] HOST automatic victory settlement deferred wave=33 sourceTurn=2 settlementTurn=3
[log] [coop:v2-authority] receipt rev=194 op=TURN/e1828413413364172/w33/t2 stage=admitted sender=1 generation=0 advanced retired=false waiting=[1] subsumed=[]
[log] [coop:transport] send host t=authorityEntry t=authorityEntry
[log] [coop:v2-authority] receipt rev=194 op=TURN/e1828413413364172/w33/t2 stage=admitted sender=1 generation=0 duplicate highestStage=0
[log] [coop:v2-authority] receipt rev=194 op=TURN/e1828413413364172/w33/t2 stage=admitted sender=1 generation=0 duplicate highestStage=0
[log] [coop:v2-authority] receipt rev=194 op=TURN/e1828413413364172/w33/t2 stage=materialApplied sender=1 generation=0 advanced retired=false waiting=[1] subsumed=[]
[log] [coop:v2-authority] receipt rev=194 op=TURN/e1828413413364172/w33/t2 stage=controlInstalled sender=1 generation=0 advanced retired=true waiting=[] subsumed=[]
[log] [coop:interaction] interactionCounter() read -> 38 (role=host)
[log] %cStart Phase: EggLapsePhase color:green
[log] %cStart Phase: CoopVictorySealPhase color:green
[log] [coop:transport] send host t=authorityEntry t=authorityEntry
[log] [coop:v2-shadow] PARITY kind=WAVE_ADVANCE rev=195 match=true field=-
[log] [coop:runtime] settled WAVE_ADVANCE committed wave=33 tick=669 next=WAVE_VICTORY/wave34
[log] [coop:runtime] send waveEndState wave=33 tick=669 (host)
[log] [coop:replay] host SEND waveEndState wave=33 tick=669 party=6
[log] [coop:transport] send host t=waveEndState t=waveEndState
[log] [coop:progression] HOST automatic victory settlement sealed wave=33 sourceTurn=2 settlementTurn=3 tick=669
[log] [coop:transport] recv guest t=authorityEntry t=authorityEntry handlers=1
[log] [coop:transport] recv guest t=waveEndState t=waveEndState handlers=1
[log] [coop:interaction] interactionCounter() read -> 38 (role=host)
[log] [coop:owner] ownerOf(counter=38) seat=0 -> owner=host
[log] [coop:owner] isLocalOwnerAtCounter(pinnedCounter=38) parity=0 owner=host role=host -> true
[log] [coop:interaction] interactionCounter() read -> 38 (role=host)
[log] [coop:reward] owner/watcher decision: pinnedStart=38 liveCounter=38 parity=0 role=host pick=OWNER option=ROLL spoof=false
[log] [coop:shop] serializeRewardOptions count=3 ids=[POKEBALL,MINT,BERRY] tiers=[0,2,0]
[log] [coop:reward] OWNER streams reward options (start=38 reroll=0 count=3 ids=[POKEBALL,MINT,BERRY])
[log] [coop:relay] SEND rewardOptions seq=38 reroll=0 count=3 ids=[POKEBALL,MINT,BERRY]
[log] [coop:transport] send host t=authorityEntry t=authorityEntry
[log] [coop:v2-shadow] PARITY kind=INTERACTION_COMMIT rev=196 match=true field=-
[log] [coop:reward] authoritative options retained surface=reward pin=38 reroll=0 count=3 rev=77 id=1828413413364172:0:REWARD_PRESENT:3800000
[log] [coop:v2-interaction] suppressed raw rewardOptions key=38:0; immutable entry retained
[log] [coop:rendezvous] ARRIVE point=shop:33:38 (send) role=host
[log] [coop:transport] send host t=rendezvous point=shop:33:38
[log] [coop:reward] OWNER drives reward screen (start=38 role=host spoof=false adoptsOptions=false wave=33)
[log] [coop:rendezvous] shop-pick-commit barrier AWAIT shop:33:38
[log] [coop:rendezvous] AWAIT point=shop:33:38 timeoutMs=2000 -> network-wait role=host
[log] [coop:transport] recv guest t=authorityEntry t=authorityEntry handlers=1
[log] [coop:transport] recv guest t=rendezvous point=shop:33:38 handlers=1
[log] [coop:interaction] interactionCounter() read -> 38 (role=host)
[log] [coop:checksum] capture digest=5001d4121b68c10b field=4 biome=29 seed=coop-soak-20365530 weather=12 terrain=4 money=1880 party=[493,150,890,384,382,888] partyLevels=[500,500,500,500,500,500] arenaTags=0 modifiers=7 heldItemsDigest=0 pokeballs=[0:55,1:20,2:0,3:0,4:0] mons=[bi0:sp493/hp1865-1865/st0/ab121/form0/tera0:0/boss0:0 bi1:sp150/hp1720-1725/st0/ab227/form0/tera0:13/boss0:0 bi2:sp999/hp0-62/st7/ab5165/form1/tera0:8/boss1:0 bi3:sp999/hp0-62/st7/ab5327/form1/tera0:8/boss1:0]
[log] [coop:transport] send host t=authorityEntry t=authorityEntry
[log] [coop:rendezvous] RECV arrival point=shop:33:38 -> deliver-to-waiter role=host
[log] [coop:transport] send host t=rendezvous point=shop:33:38
[log] [coop:rendezvous] AWAIT point=shop:33:38 RESOLVE both-arrived role=host
[log] [coop:stream] host IGNORE cosmetic turn ACK stage=continuationReady key=1828413413364172:33:2:668 (v2 owns retirement)
[log] [coop:v2-authority] receipt rev=195 op=V2/WAVE/e1828413413364172/w33/tick669 stage=admitted sender=1 generation=0 advanced retired=false waiting=[1] subsumed=[]
[log] [coop:transport] send host t=authorityEntry t=authorityEntry
[log] [coop:transport] send host t=authorityEntry t=authorityEntry
[log] [coop:v2-authority] receipt rev=195 op=V2/WAVE/e1828413413364172/w33/tick669 stage=admitted sender=1 generation=0 duplicate highestStage=0
[log] [coop:v2-authority] receipt rev=195 op=V2/WAVE/e1828413413364172/w33/tick669 stage=materialApplied sender=1 generation=0 advanced retired=false waiting=[1] subsumed=[]
[log] [coop:transport] send host t=authorityEntry t=authorityEntry
[log] [coop:v2-authority] receipt rev=195 op=V2/WAVE/e1828413413364172/w33/tick669 stage=controlInstalled sender=1 generation=0 advanced retired=true waiting=[] subsumed=[]
[log] [coop:v2-authority] receipt rev=196 op=1828413413364172:0:REWARD_PRESENT:3800000 stage=admitted sender=1 generation=0 advanced retired=false waiting=[1] subsumed=[]
[log] [coop:v2-authority] receipt rev=196 op=1828413413364172:0:REWARD_PRESENT:3800000 stage=materialApplied sender=1 generation=0 advanced retired=false waiting=[1] subsumed=[]
[log] [coop:v2-authority] receipt rev=196 op=1828413413364172:0:REWARD_PRESENT:3800000 stage=materialApplied sender=1 generation=0 duplicate highestStage=1
[log] [coop:v2-authority] receipt rev=196 op=1828413413364172:0:REWARD_PRESENT:3800000 stage=controlInstalled sender=1 generation=0 advanced retired=true waiting=[] subsumed=[]
[log] [coop:v2-authority] receipt rev=195 op=V2/WAVE/e1828413413364172/w33/tick669 stage=controlInstalled sender=1 generation=0 rejected reason=unknown-revision
[log] [coop:transport] recv guest t=rendezvous point=shop:33:38 handlers=1
[log] [coop:transport] recv guest t=authorityEntry t=authorityEntry handlers=1
[log] [coop:transport] recv guest t=authorityEntry t=authorityEntry handlers=1
[log] [coop:transport] recv guest t=authorityEntry t=authorityEntry handlers=1
[log] [coop:interaction] mirror begin role=owner mirrorSeq=2432 interactionStart=38 reroll=0
[log] [coop:interaction] uiMirror beginSession role=owner mode=6 seq=2432 early=0
[log] [coop:owner] ownerOf(counter=38) seat=0 -> owner=host
[log] [coop:owner] isLocalOwnerAtCounter(pinnedCounter=38) parity=0 owner=host role=host -> true
[log] [coop:relay] OWNER prepare seq=38 kind=skip choice=-1 data=[] role=host
[log] [coop:reward] reward op INTENT prepared label=skip id=1828413413364172:0:REWARD:3800000
[log] [coop:v2-interaction] terminal proof recorded op=1828413413364172:0:REWARD:3800000 role=host seat=0 duplicate=0 ambient=1
[log] [coop:v2-interaction] phase terminal proof op=1828413413364172:0:REWARD:3800000 route=constructor-fallback accepted=1
[log] [coop:shop] serializeRewardOptions count=3 ids=[POKEBALL,MINT,BERRY] tiers=[0,2,0]
[log] [coop:transport] send host t=authorityEntry t=authorityEntry
[log] [coop:v2-shadow] PARITY kind=INTERACTION_COMMIT rev=197 match=true field=-
[log] [coop:reward] reward authoritative RESULT retained rev=78 tick=671 id=1828413413364172:0:REWARD:3800000
[log] [coop:reward] OWNER retained terminal before continuation seq=38 id=1828413413364172:0:REWARD:3800000
[log] [coop:transport] recv guest t=authorityEntry t=authorityEntry handlers=1
[log] [coop:v2-authority] receipt rev=195 op=V2/WAVE/e1828413413364172/w33/tick669 stage=controlInstalled sender=1 generation=0 rejected reason=unknown-revision
[log] [coop:v2-authority] receipt rev=196 op=1828413413364172:0:REWARD_PRESENT:3800000 stage=controlInstalled sender=1 generation=0 rejected reason=unknown-revision
[log] [coop:v2-authority] receipt rev=196 op=1828413413364172:0:REWARD_PRESENT:3800000 stage=controlInstalled sender=1 generation=0 rejected reason=unknown-revision
[log] [coop:v2-authority] receipt rev=197 op=1828413413364172:0:REWARD:3800000 stage=admitted sender=1 generation=0 advanced retired=false waiting=[1] subsumed=[]
[log] [coop:v2-authority] receipt rev=197 op=1828413413364172:0:REWARD:3800000 stage=admitted sender=1 generation=0 duplicate highestStage=0
[log] [coop:v2-authority] receipt rev=197 op=1828413413364172:0:REWARD:3800000 stage=materialApplied sender=1 generation=0 advanced retired=false waiting=[1] subsumed=[]
[log] [coop:v2-authority] receipt rev=197 op=1828413413364172:0:REWARD:3800000 stage=controlInstalled sender=1 generation=0 advanced retired=true waiting=[] subsumed=[]
[log] [coop:reward] OWNER peer material applied; release terminal engine barrier seq=38 id=1828413413364172:0:REWARD:3800000
[log] [coop:interaction] interactionCounter() read -> 38 (role=host)
[log] [coop:interaction] CoopInteractionTurn.advance INCREMENT (fromCounter=38) counter 38 -> 39
[log] [coop:interaction] advanceInteraction ADVANCED+V2-LOCAL (fromCounter=38) counter 38 -> 39 role=host
[log] [coop:owner] ownerOf(counter=39) seat=1 -> owner=guest
[log] [coop:owner] ownerOf(counter=39) seat=1 -> owner=guest
[log] [coop:interaction] interactionCounter() read -> 39 (role=host)
[log] [coop:reward] advance interaction from V2 commit (role=host from=38 counter 38 -> 39); typed successor owns release
[log] [coop:interaction] interactionCounter() read -> 39 (role=host)
[log] [coop:interaction] interactionCounter() read -> 39 (role=guest)
[log] [coop:interaction] interactionCounter() read -> 39 (role=host)
[log] [coop:interaction] interactionCounter() read -> 39 (role=guest)
[log] [coop-soak:wave-complete] {"seed":20365530,"wave":33,"wavesRequested":200,"wavesCompleted":33,"waveElapsedMs":4406,"elapsedMs":157088,"findings":0,"hostPhase":"NewBattlePhase","guestPhase":"NewBattlePhase"}
[log] %cStart Phase: NewBattlePhase color:green
[log] %cStart Phase: NextEncounterPhase color:green
[log] [coop:interaction] interactionCounter() read -> 39 (role=host)
[log] [coop:replay] host SEND enemyPartySync wave=34 count=2 meType=-1 battleType=0 entryPresentation=-
[log] [coop:transport] send host t=enemyPartySync wave=34 enemies=2 battleType=0
[log] [coop:turn] host recorder: begin turn=1 scope=1828413413364172:34 (no prior open recording)
[log] [coop:transport] recv guest t=enemyPartySync wave=34 enemies=2 battleType=0 handlers=1
[log] %cStart Phase: ToggleDoublePositionPhase color:green
[log] %cStart Phase: CheckSwitchPhase color:green
[log] %cStart Phase: CheckSwitchPhase color:green
[log] %cStart Phase: InitEncounterPhase color:green
[log] [coop:turn] host recorder: preserve recording scope=1828413413364172:34 turn=1 events=0 seq=0
[log] %cStart Phase: PostSummonPhase color:green
[log] %cStart Phase: PostSummonPhase color:green
[log] %cStart Phase: PostSummonPhase color:green
[log] %cStart Phase: ShowAbilityPhase color:green
[log] [coop:turn] host recorder: append turn=1 seq=0 k=showAbility total=1 live=true
[log] %cStart Phase: HideAbilityPhase color:green
[log] [coop:turn] host recorder: append turn=1 seq=1 k=hideAbility total=2 live=true
[log] %cStart Phase: TurnInitPhase color:green
[log] [coop:replay] host SEND enemyPartySync wave=34 count=2 meType=-1 battleType=0 entryPresentation=2
[log] [coop:transport] send host t=enemyPartySync wave=34 enemies=2 battleType=0
[log] [coop:replay] host RE-BROADCAST wave-start authority wave=34 after post-summon boundary stateChanged=true presentation=2 (#920)
[log] [coop:transport] send host t=authorityEntry t=authorityEntry
[log] [coop:v2-shadow] PARITY kind=CONTROL_COMMIT rev=198 match=true field=-
[log] [coop:rendezvous] next-command barrier ARRIVE+AWAIT cmd:34:1 slot=0
[log] [coop:rendezvous] ARRIVE point=cmd:34:1 (send) role=host
[log] [coop:transport] send host t=rendezvous point=cmd:34:1
[log] [coop:rendezvous] AWAIT point=cmd:34:1 timeoutMs=2000 -> network-wait role=host
[log] [coop:transport] recv guest t=enemyPartySync wave=34 enemies=2 battleType=0 handlers=1
[log] [coop:transport] recv guest t=authorityEntry t=authorityEntry handlers=1
[log] [coop:transport] recv guest t=rendezvous point=cmd:34:1 handlers=1
[log] [coop:v2-authority] receipt rev=198 op=V2/CONTROL/COMMAND/e1828413413364172/w34/t1/tick675 stage=admitted sender=1 generation=0 advanced retired=false waiting=[1] subsumed=[]
[log] [coop:transport] send host t=authorityEntry t=authorityEntry
[log] [coop:rendezvous] RECV arrival point=cmd:34:1 -> deliver-to-waiter role=host
[log] [coop:transport] send host t=rendezvous point=cmd:34:1
[log] [coop:rendezvous] AWAIT point=cmd:34:1 RESOLVE both-arrived role=host
[log] [coop:v2-authority] receipt rev=198 op=V2/CONTROL/COMMAND/e1828413413364172/w34/t1/tick675 stage=admitted sender=1 generation=0 duplicate highestStage=0
[log] [coop:v2-authority] receipt rev=198 op=V2/CONTROL/COMMAND/e1828413413364172/w34/t1/tick675 stage=materialApplied sender=1 generation=0 advanced retired=false waiting=[1] subsumed=[]
[log] [coop:v2-authority] receipt rev=198 op=V2/CONTROL/COMMAND/e1828413413364172/w34/t1/tick675 stage=materialApplied sender=1 generation=0 duplicate highestStage=1
[log] [coop:v2-authority] receipt rev=198 op=V2/CONTROL/COMMAND/e1828413413364172/w34/t1/tick675 stage=materialApplied sender=1 generation=0 duplicate highestStage=1
[log] [coop:v2-authority] receipt rev=198 op=V2/CONTROL/COMMAND/e1828413413364172/w34/t1/tick675 stage=materialApplied sender=1 generation=0 duplicate highestStage=1
[log] [coop:v2-authority] receipt rev=198 op=V2/CONTROL/COMMAND/e1828413413364172/w34/t1/tick675 stage=controlInstalled sender=1 generation=0 advanced retired=true waiting=[] subsumed=[]
[log] [coop:transport] recv guest t=rendezvous point=cmd:34:1 handlers=1
[log] [coop:transport] send host t=enemyPartySync wave=34 enemies=2 battleType=0
[log] [coop:replay] host RE-BROADCAST wave-start authority wave=34 after post-summon boundary stateChanged=false presentation=2 (#920)
[log] [coop:transport] recv guest t=enemyPartySync wave=34 enemies=2 battleType=0 handlers=1
[log] [coop-soak:wave-start] {"seed":20365530,"wave":34,"wavesRequested":200,"wavesCompleted":33,"elapsedMs":157996,"hostPhase":"CommandPhase","guestPhase":"CommandPhase"}
[log] [coop:interaction] interactionCounter() read -> 39 (role=host)
[log] [coop:interaction] interactionCounter() read -> 39 (role=guest)
[log] [coop:interaction] interactionCounter() read -> 39 (role=host)
[log] [coop:checksum] capture digest=61bc5f2dbc5bb91b field=4 biome=29 seed=coop-soak-20365530 weather=12 terrain=4 money=1880 party=[493,150,890,384,382,888] partyLevels=[500,500,500,500,500,500] arenaTags=0 modifiers=7 heldItemsDigest=4 pokeballs=[0:55,1:20,2:0,3:0,4:0] mons=[bi0:sp493/hp1865-1865/st0/ab121/form0/tera0:0/boss0:0 bi1:sp150/hp1720-1725/st0/ab227/form0/tera0:13/boss0:0 bi2:sp679/hp60-60/st0/ab119/form0/tera0:7/boss1:0 bi3:sp622/hp67-67/st0/ab231/form0/tera0:4/boss2:1]
[log] [coop:interaction] interactionCounter() read -> 39 (role=host)
[log] %cStart Phase: SelectTargetPhase color:green
[log] [coop:owner] broadcast own-slot fi=0 turn=1 role=host cmd=0
[log] [coop:relay] broadcastLocalCommand SEND fieldIndex=0 owner=host turn=1 command=0 cursor=1 moveId=247 targets=[2]
[log] [coop:transport] send host t=command fi=0 owner=host turn=1 cmd=0 cursor=1 move=247
[log] [coop:transport] recv guest t=command fi=0 owner=host turn=1 cmd=0 cursor=1 move=247 handlers=1
[log] [coop:relay] recv command fieldIndex=0 turn=1 command=0 -> BUFFERED (no awaiter yet)
[log] %cStart Phase: CommandPhase color:green
[log] [coop:transport] send host t=enemyPartySync wave=34 enemies=2 battleType=0
[log] [coop:replay] host RE-BROADCAST wave-start authority wave=34 after post-summon boundary stateChanged=true presentation=2 (#920)
[log] [coop:battle] CommandPhase slot=1 turn=1 owner=guest role=host -> partner path
[log] [coop:relay] host requestPartnerCommand SEND fieldIndex=1 turn=1 moveSlots=[0,1,2,3] (awaiting peer)
[log] [coop:transport] send host t=commandRequest fi=1 owner=guest turn=1 slots=4
[log] [coop:transport] recv guest t=enemyPartySync wave=34 enemies=2 battleType=0 handlers=1
[log] [coop:transport] recv guest t=commandRequest fi=1 owner=guest turn=1 slots=4 handlers=1
[log] [coop:relay] peer recv commandRequest fieldIndex=1 owner=guest turn=1 moveSlots=[0,1,2,3] -> reply command=0 cursor=1 moveId=247
[log] [coop:transport] send guest t=command fi=1 owner=guest turn=1 cmd=0 cursor=1 move=247
[log] [coop:transport] recv host t=command fi=1 owner=guest turn=1 cmd=0 cursor=1 move=247 handlers=1
[log] [coop:relay] recv command fieldIndex=1 turn=1 command=0 -> resolved awaiting request
[log] [coop:ai] applyWiredPartnerCommand partner=150 wiredMoveId=247 cursor=1 -> moveId=247 moveIndex=1 tera=false targets=[3] targetsFrom=wire-verbatim useMode=1
[log] %cStart Phase: EnemyCommandPhase color:green
[log] %cStart Phase: EnemyCommandPhase color:green
[log] %cStart Phase: TurnStartPhase color:green
[log] [coop-diag] turn-start authoritative guard mode=authoritative role=host turn=1 diverts=false
[log] [coop:turn] host recorder: preserve recording scope=1828413413364172:34 turn=1 events=2 seq=2
[log] %cStart Phase: MovePhase color:green
[log] [coop:turn] host recorder: append turn=1 seq=2 k=moveUsed total=3 live=true
[log] %cStart Phase: MessagePhase color:green
[log] %cStart Phase: MoveEffectPhase color:green
[log] [coop:turn] host recorder: append turn=1 seq=3 k=moveAnim total=4 live=true
[log] [coop:turn] host recorder: append turn=1 seq=4 k=hp total=5 live=true
[log] [coop:turn] host recorder: append turn=1 seq=5 k=faint total=6 live=true
[log] [coop:turn] host recorder: append turn=1 seq=6 k=message total=7 live=true
[log] %cStart Phase: DamageAnimPhase color:green
[log] %cStart Phase: StatStageChangePhase color:green
[log] %cStart Phase: MessagePhase color:green
[log] %cStart Phase: FaintPhase color:green
[log] %cStart Phase: MessagePhase color:green
[log] %cStart Phase: VictoryPhase color:green
[log] [coop:progression] HOST progression capture begin wave=34
[log] [coop:progression] HOST applyPartyExp COMPUTE wave=34 expValue=281.6 koMon=Golett
[log] %cStart Phase: MoveEndPhase color:green
[log] %cStart Phase: MovePhase color:green
[log] [coop:turn] host recorder: append turn=1 seq=7 k=moveUsed total=8 live=true
[log] %cStart Phase: MessagePhase color:green
[log] %cStart Phase: MoveEffectPhase color:green
[log] [coop:turn] host recorder: append turn=1 seq=8 k=moveAnim total=9 live=true
[log] [coop:turn] host recorder: append turn=1 seq=9 k=hp total=10 live=true
[log] [coop:turn] host recorder: append turn=1 seq=10 k=faint total=11 live=true
[log] [coop:turn] host recorder: append turn=1 seq=11 k=message total=12 live=true
[log] %cStart Phase: DamageAnimPhase color:green
[log] %cStart Phase: MessagePhase color:green
[log] %cStart Phase: FaintPhase color:green
[log] %cStart Phase: MessagePhase color:green
[log] %cStart Phase: VictoryPhase color:green
[log] [coop:progression] HOST applyPartyExp COMPUTE wave=34 expValue=300 koMon=Honedge
[log] [coop:runtime] defer raw waveResolved wave=34 outcome=win until its material turnResolution is retained
[log] [coop-diag] VictoryPhase win-branch role=host battleType=WILD queuesTrainerVictory=false queuesSelectModifier=true wave=34
[log] [coop-diag] VictoryTail role=host wave=34 source=legacy-local trainer=false egg=true biomeShop=false biomeChange=false crossroads=false nextWave=35
[log] %cStart Phase: MoveEndPhase color:green
[log] %cStart Phase: MovePhase color:green
[log] %cStart Phase: MoveEndPhase color:green
[log] %cStart Phase: MovePhase color:green
[log] %cStart Phase: MoveEndPhase color:green
[log] %cStart Phase: CheckInterludePhase color:green
[log] %cStart Phase: WeatherEffectPhase color:green
[log] %cStart Phase: PositionalTagPhase color:green
[log] %cStart Phase: BerryPhase color:green
[log] %cStart Phase: CheckStatusEffectPhase color:green
[log] %cStart Phase: TurnEndPhase color:green
[log] %cStart Phase: CoopTurnCommitPhase color:green
[log] [coop:turn] host recorder: finalize turn=1 events=12 seq=12
[log] [coop:checkpoint] build field=4 weather=12/4 terrain=4/3 arenaTags=0 money=1880 mons=[bi0:sp493/hp1865-1865/st0/fnt0 bi1:sp150/hp1720-1725/st0/fnt0 bi2:sp679/hp0-60/st7/fnt1 bi3:sp622/hp0-67/st7/fnt1]
[log] [coop:checkpoint] host capture field=4 weather=12 terrain=4 money=1880 arenaTags=0 mons=[bi0:sp493/hp1865-1865/st0/fnt0 bi1:sp150/hp1720-1725/st0/fnt0 bi2:sp679/hp0-60/st7/fnt1 bi3:sp622/hp0-67/st7/fnt1]
[log] [coop:interaction] interactionCounter() read -> 39 (role=host)
[log] [coop:replay] host SEND turnResolution e=1828413413364172 wave=34 turn=1 rev=684 events=12 checksum=ec1e86bbee9d66a2
[log] [coop:transport] send host t=authorityEntry t=authorityEntry
[log] [coop:v2-shadow] PARITY kind=TURN_COMMIT rev=199 match=true field=- successor=none-non-command-boundary
[log] [coop:transport] send host t=turnResolution e=1828413413364172 wave=34 turn=1 rev=684 events=12 checksum=ec1e86bbee9d66a2
[log] [coop:runtime] send waveResolved wave=34 outcome=win (host)
[log] [coop:replay] host SEND waveResolved wave=34 outcome=win transition=WAVE_VICTORY/next35/biome0/egg1/wild
[log] [coop:transport] send host t=waveResolved wave=34 outcome=win captureParty=- cap=-
[log] [coop:transport] recv guest t=authorityEntry t=authorityEntry handlers=1
[log] [coop:transport] recv guest t=turnResolution e=1828413413364172 wave=34 turn=1 rev=684 events=12 checksum=ec1e86bbee9d66a2 handlers=1
[log] [coop:transport] recv guest t=waveResolved wave=34 outcome=win captureParty=- cap=- handlers=1
[log] [38;2;255;127;80mPhaseInterceptor.to: Stopping on completion of CoopTurnCommitPhase[39m
[log] %cStart Phase: BattleEndPhase color:green
[log] [coop:progression] HOST automatic victory settlement deferred wave=34 sourceTurn=1 settlementTurn=2
[log] [coop:v2-authority] receipt rev=199 op=TURN/e1828413413364172/w34/t1 stage=admitted sender=1 generation=0 advanced retired=false waiting=[1] subsumed=[]
[log] [coop:transport] send host t=authorityEntry t=authorityEntry
[log] [coop:v2-authority] receipt rev=199 op=TURN/e1828413413364172/w34/t1 stage=admitted sender=1 generation=0 duplicate highestStage=0
[log] [coop:v2-authority] receipt rev=199 op=TURN/e1828413413364172/w34/t1 stage=admitted sender=1 generation=0 duplicate highestStage=0
[log] [coop:v2-authority] receipt rev=199 op=TURN/e1828413413364172/w34/t1 stage=materialApplied sender=1 generation=0 advanced retired=false waiting=[1] subsumed=[]
[log] [coop:v2-authority] receipt rev=199 op=TURN/e1828413413364172/w34/t1 stage=controlInstalled sender=1 generation=0 advanced retired=true waiting=[] subsumed=[]
[log] [coop:interaction] interactionCounter() read -> 39 (role=host)
[log] %cStart Phase: EggLapsePhase color:green
[log] %cStart Phase: CoopVictorySealPhase color:green
[log] [coop:transport] send host t=authorityEntry t=authorityEntry
[log] [coop:v2-shadow] PARITY kind=WAVE_ADVANCE rev=200 match=true field=-
[log] [coop:runtime] settled WAVE_ADVANCE committed wave=34 tick=685 next=WAVE_VICTORY/wave35
[log] [coop:runtime] send waveEndState wave=34 tick=685 (host)
[log] [coop:replay] host SEND waveEndState wave=34 tick=685 party=6
[log] [coop:transport] send host t=waveEndState t=waveEndState
[log] [coop:progression] HOST automatic victory settlement sealed wave=34 sourceTurn=1 settlementTurn=2 tick=685
[log] [coop:transport] recv guest t=authorityEntry t=authorityEntry handlers=1
[log] [coop:transport] recv guest t=waveEndState t=waveEndState handlers=1
[log] [coop:interaction] interactionCounter() read -> 39 (role=host)
[log] [coop:owner] ownerOf(counter=39) seat=1 -> owner=guest
[log] [coop:owner] isLocalOwnerAtCounter(pinnedCounter=39) parity=1 owner=guest role=host -> false
[log] [coop:interaction] interactionCounter() read -> 39 (role=host)
[log] [coop:reward] owner/watcher decision: pinnedStart=39 liveCounter=39 parity=1 role=host pick=WATCHER option=ROLL spoof=false
[log] [coop:shop] serializeRewardOptions count=3 ids=[POKEBALL,ER_ABILITY_CAPSULE,BERRY] tiers=[0,1,0]
[log] [coop:reward] OWNER streams reward options (start=39 reroll=0 count=3 ids=[POKEBALL,ER_ABILITY_CAPSULE,BERRY])
[log] [coop:relay] SEND rewardOptions seq=39 reroll=0 count=3 ids=[POKEBALL,ER_ABILITY_CAPSULE,BERRY]
[log] [coop:transport] send host t=authorityEntry t=authorityEntry
[log] [coop:v2-shadow] PARITY kind=INTERACTION_COMMIT rev=201 match=true field=-
[log] [coop:reward] authoritative options retained surface=reward pin=39 reroll=0 count=3 rev=79 id=1828413413364172:1:REWARD_PRESENT:3900000
[log] [coop:v2-interaction] suppressed raw rewardOptions key=39:0; immutable entry retained
[log] [coop:rendezvous] ARRIVE point=shop:34:39 (send) role=host
[log] [coop:transport] send host t=rendezvous point=shop:34:39
[log] [coop:reward] WATCHER waits for partner's reward picks (start=39 role=host wave=34)
[log] [coop:transport] recv guest t=authorityEntry t=authorityEntry handlers=1
[log] [coop:transport] recv guest t=rendezvous point=shop:34:39 handlers=1
[log] [coop:interaction] mirror begin role=watcher mirrorSeq=2496 interactionStart=39 reroll=0
[log] [coop:interaction] uiMirror beginSession role=watcher mode=6 seq=2496 early=0
[log] [coop:relay] AWAIT interactionChoice seq=39 timeoutMs=1200000 expected=[reward,shop,skip,reroll,check,transfer,lock] -> network-wait
[log] [coop:interaction] interactionCounter() read -> 39 (role=host)
[log] [coop:checksum] capture digest=73953edbb396d8ad field=4 biome=29 seed=coop-soak-20365530 weather=12 terrain=4 money=1880 party=[493,150,890,384,382,888] partyLevels=[500,500,500,500,500,500] arenaTags=0 modifiers=6 heldItemsDigest=0 pokeballs=[0:55,1:20,2:0,3:0,4:0] mons=[bi0:sp493/hp1865-1865/st0/ab121/form0/tera0:0/boss0:0 bi1:sp150/hp1720-1725/st0/ab227/form0/tera0:13/boss0:0 bi2:sp679/hp0-60/st7/ab119/form0/tera0:7/boss1:0 bi3:sp622/hp0-67/st7/ab231/form0/tera0:4/boss2:0]
[log] [coop:transport] send host t=authorityEntry t=authorityEntry
[log] [coop:rendezvous] RECV arrival point=shop:34:39 -> BUFFER (no waiter yet) role=host
[log] [coop:stream] host IGNORE cosmetic turn ACK stage=continuationReady key=1828413413364172:34:1:684 (v2 owns retirement)
[log] [coop:relay] DELIVER interactionChoice seq=39 -> waiter kind=skip choice=-1 data=-
[log] [coop:relay] AWAIT interactionChoice seq=39 RESOLVE kind=skip choice=-1 data=-
[log] [coop:v2-authority] receipt rev=200 op=V2/WAVE/e1828413413364172/w34/tick685 stage=admitted sender=1 generation=0 advanced retired=false waiting=[1] subsumed=[]
[log] [coop:transport] send host t=authorityEntry t=authorityEntry
[log] [coop:transport] send host t=authorityEntry t=authorityEntry
[log] [coop:v2-authority] receipt rev=200 op=V2/WAVE/e1828413413364172/w34/tick685 stage=admitted sender=1 generation=0 duplicate highestStage=0
[log] [coop:v2-authority] receipt rev=200 op=V2/WAVE/e1828413413364172/w34/tick685 stage=materialApplied sender=1 generation=0 advanced retired=false waiting=[1] subsumed=[]
[log] [coop:transport] send host t=authorityEntry t=authorityEntry
[log] [coop:v2-authority] receipt rev=200 op=V2/WAVE/e1828413413364172/w34/tick685 stage=controlInstalled sender=1 generation=0 advanced retired=true waiting=[] subsumed=[]
[log] [coop:v2-authority] receipt rev=201 op=1828413413364172:1:REWARD_PRESENT:3900000 stage=admitted sender=1 generation=0 advanced retired=false waiting=[1] subsumed=[]
[log] [coop:v2-authority] receipt rev=201 op=1828413413364172:1:REWARD_PRESENT:3900000 stage=materialApplied sender=1 generation=0 advanced retired=false waiting=[1] subsumed=[]
[log] [coop:v2-authority] receipt rev=201 op=1828413413364172:1:REWARD_PRESENT:3900000 stage=materialApplied sender=1 generation=0 duplicate highestStage=1
[log] [coop:v2-authority] receipt rev=201 op=1828413413364172:1:REWARD_PRESENT:3900000 stage=controlInstalled sender=1 generation=0 advanced retired=true waiting=[] subsumed=[]
[log] [coop:v2-authority] receipt rev=200 op=V2/WAVE/e1828413413364172/w34/tick685 stage=controlInstalled sender=1 generation=0 rejected reason=unknown-revision
[log] [coop:reward] WATCHER applying relayed action seq=39 act=LEAVE choice=-1 data=-
[log] [coop:v2-interaction] terminal proof recorded op=1828413413364172:1:REWARD:3900000 role=host seat=0 duplicate=0 ambient=1
[log] [coop:v2-interaction] phase terminal proof op=1828413413364172:1:REWARD:3900000 route=constructor-fallback accepted=1
[log] [coop:shop] serializeRewardOptions count=3 ids=[POKEBALL,ER_ABILITY_CAPSULE,BERRY] tiers=[0,1,0]
[log] [coop:transport] send host t=authorityEntry t=authorityEntry
[log] [coop:v2-shadow] PARITY kind=INTERACTION_COMMIT rev=202 match=true field=-
[log] [coop:reward] reward authoritative RESULT retained rev=80 tick=687 id=1828413413364172:1:REWARD:3900000
[log] [coop:transport] recv guest t=authorityEntry t=authorityEntry handlers=1
[log] [coop:transport] recv guest t=authorityEntry t=authorityEntry handlers=1
[log] [coop:transport] recv guest t=authorityEntry t=authorityEntry handlers=1
[log] [coop:transport] recv guest t=authorityEntry t=authorityEntry handlers=1
[log] [coop:interaction] interactionCounter() read -> 39 (role=host)
[log] [coop:interaction] interactionCounter() read -> 39 (role=host)
[log] [coop:v2-authority] receipt rev=200 op=V2/WAVE/e1828413413364172/w34/tick685 stage=controlInstalled sender=1 generation=0 rejected reason=unknown-revision
[log] [coop:v2-authority] receipt rev=201 op=1828413413364172:1:REWARD_PRESENT:3900000 stage=controlInstalled sender=1 generation=0 rejected reason=unknown-revision
[log] [coop:v2-authority] receipt rev=201 op=1828413413364172:1:REWARD_PRESENT:3900000 stage=controlInstalled sender=1 generation=0 rejected reason=unknown-revision
[log] [coop:v2-authority] receipt rev=202 op=1828413413364172:1:REWARD:3900000 stage=admitted sender=1 generation=0 advanced retired=false waiting=[1] subsumed=[]
[log] [coop:v2-authority] receipt rev=202 op=1828413413364172:1:REWARD:3900000 stage=admitted sender=1 generation=0 duplicate highestStage=0
[log] [coop:v2-authority] receipt rev=202 op=1828413413364172:1:REWARD:3900000 stage=materialApplied sender=1 generation=0 advanced retired=false waiting=[1] subsumed=[]
[log] [coop:v2-authority] receipt rev=202 op=1828413413364172:1:REWARD:3900000 stage=controlInstalled sender=1 generation=0 advanced retired=true waiting=[] subsumed=[]
[log] [coop:reward] OWNER peer material applied; release terminal engine barrier seq=39 id=1828413413364172:1:REWARD:3900000
[log] [coop:interaction] interactionCounter() read -> 39 (role=host)
[log] [coop:interaction] CoopInteractionTurn.advance INCREMENT (fromCounter=39) counter 39 -> 40
[log] [coop:interaction] advanceInteraction ADVANCED+V2-LOCAL (fromCounter=39) counter 39 -> 40 role=host
[log] [coop:owner] ownerOf(counter=40) seat=0 -> owner=host
[log] [coop:owner] ownerOf(counter=40) seat=0 -> owner=host
[log] [coop:interaction] interactionCounter() read -> 40 (role=host)
[log] [coop:reward] advance interaction from V2 commit (role=host from=39 counter 39 -> 40); typed successor owns release
[log] [coop:interaction] interactionCounter() read -> 40 (role=host)
[log] [coop:interaction] interactionCounter() read -> 40 (role=guest)
[log] [coop:interaction] interactionCounter() read -> 40 (role=host)
[log] [coop:interaction] interactionCounter() read -> 40 (role=guest)
[log] [coop-soak:wave-complete] {"seed":20365530,"wave":34,"wavesRequested":200,"wavesCompleted":34,"waveElapsedMs":2666,"elapsedMs":160662,"findings":0,"hostPhase":"NewBattlePhase","guestPhase":"NewBattlePhase"}
[log] %cStart Phase: NewBattlePhase color:green
[log] %cStart Phase: MessagePhase color:green
[log] %cStart Phase: MessagePhase color:green
[log] %cStart Phase: ReturnPhase color:green
[log] [coop:turn] host recorder: begin turn=1 scope=1828413413364172:35 (no prior open recording)
[log] %cStart Phase: ReturnPhase color:green
[log] [coop:turn] host recorder: preserve recording scope=1828413413364172:35 turn=1 events=0 seq=0
[log] %cStart Phase: ShowTrainerPhase color:green
[log] %cStart Phase: NextEncounterPhase color:green
[log] [coop:interaction] interactionCounter() read -> 40 (role=host)
[log] [coop:replay] host SEND enemyPartySync wave=35 count=2 meType=-1 battleType=1 entryPresentation=-
[log] [coop:transport] send host t=enemyPartySync wave=35 enemies=2 battleType=1
[log] [coop:transport] recv guest t=enemyPartySync wave=35 enemies=2 battleType=1 handlers=1
[log] [coop:turn] host recorder: preserve recording scope=1828413413364172:35 turn=1 events=0 seq=0
[log] %cStart Phase: SummonPhase color:green
[log] [coop:turn] host recorder: preserve recording scope=1828413413364172:35 turn=1 events=0 seq=0
[log] %cStart Phase: SummonPhase color:green
[log] [coop:turn] host recorder: preserve recording scope=1828413413364172:35 turn=1 events=0 seq=0
[log] %cStart Phase: SummonPhase color:green
[log] [coop:turn] host recorder: preserve recording scope=1828413413364172:35 turn=1 events=0 seq=0
[log] %cStart Phase: ToggleDoublePositionPhase color:green
[log] %cStart Phase: SummonPhase color:green
[log] [coop:turn] host recorder: preserve recording scope=1828413413364172:35 turn=1 events=0 seq=0
[log] %cStart Phase: InitEncounterPhase color:green
[log] [coop:turn] host recorder: preserve recording scope=1828413413364172:35 turn=1 events=0 seq=0
[log] %cStart Phase: PostSummonPhase color:green
[log] %cStart Phase: PostSummonPhase color:green
[log] [coop:turn] host recorder: append turn=1 seq=0 k=terrain total=1 live=true
[log] [coop:turn] host recorder: append turn=1 seq=1 k=message total=2 live=true
[log] %cStart Phase: ShowAbilityPhase color:green
[log] [coop:turn] host recorder: append turn=1 seq=2 k=showAbility total=3 live=true
[log] %cStart Phase: CommonAnimPhase color:green
[log] %cStart Phase: MessagePhase color:green
[log] %cStart Phase: HideAbilityPhase color:green
[log] [coop:turn] host recorder: append turn=1 seq=3 k=hideAbility total=4 live=true
[log] %cStart Phase: PostSummonPhase color:green
[log] %cStart Phase: PostSummonPhase color:green
[log] %cStart Phase: PostSummonPhase color:green
[log] %cStart Phase: PostSummonPhase color:green
[log] %cStart Phase: ShowAbilityPhase color:green
[log] [coop:turn] host recorder: append turn=1 seq=4 k=showAbility total=5 live=true
[log] %cStart Phase: MovePhase color:green
[log] [coop:turn] host recorder: append turn=1 seq=5 k=moveUsed total=6 live=true
[log] %cStart Phase: MessagePhase color:green
[log] %cStart Phase: MoveEffectPhase color:green
[log] [coop:turn] host recorder: append turn=1 seq=6 k=moveAnim total=7 live=true
[log] %cStart Phase: StatStageChangePhase color:green
[log] %cStart Phase: MoveEndPhase color:green
[log] %cStart Phase: HideAbilityPhase color:green
[log] [coop:turn] host recorder: append turn=1 seq=7 k=hideAbility total=8 live=true
[log] %cStart Phase: TurnInitPhase color:green
[log] [coop:replay] host SEND enemyPartySync wave=35 count=2 meType=-1 battleType=1 entryPresentation=8
[log] [coop:transport] send host t=enemyPartySync wave=35 enemies=2 battleType=1
[log] [coop:replay] host RE-BROADCAST wave-start authority wave=35 after post-summon boundary stateChanged=true presentation=8 (#920)
[log] [coop:transport] send host t=authorityEntry t=authorityEntry
[log] [coop:v2-shadow] PARITY kind=CONTROL_COMMIT rev=203 match=true field=-
[log] [coop:rendezvous] next-command barrier ARRIVE+AWAIT cmd:35:1 slot=0
[log] [coop:rendezvous] ARRIVE point=cmd:35:1 (send) role=host
[log] [coop:transport] send host t=rendezvous point=cmd:35:1
[log] [coop:rendezvous] AWAIT point=cmd:35:1 timeoutMs=2000 -> network-wait role=host
[log] [coop:transport] recv guest t=enemyPartySync wave=35 enemies=2 battleType=1 handlers=1
[log] [coop:transport] recv guest t=authorityEntry t=authorityEntry handlers=1
[log] [coop:transport] recv guest t=rendezvous point=cmd:35:1 handlers=1
[log] [coop:v2-authority] receipt rev=203 op=V2/CONTROL/COMMAND/e1828413413364172/w35/t1/tick691 stage=admitted sender=1 generation=0 advanced retired=false waiting=[1] subsumed=[]
[log] [coop:transport] send host t=authorityEntry t=authorityEntry
[log] [coop:rendezvous] RECV arrival point=cmd:35:1 -> deliver-to-waiter role=host
[log] [coop:transport] send host t=rendezvous point=cmd:35:1
[log] [coop:rendezvous] AWAIT point=cmd:35:1 RESOLVE both-arrived role=host
[log] [coop:v2-authority] receipt rev=203 op=V2/CONTROL/COMMAND/e1828413413364172/w35/t1/tick691 stage=admitted sender=1 generation=0 duplicate highestStage=0
[log] [coop:v2-authority] receipt rev=203 op=V2/CONTROL/COMMAND/e1828413413364172/w35/t1/tick691 stage=materialApplied sender=1 generation=0 advanced retired=false waiting=[1] subsumed=[]
[log] [coop:v2-authority] receipt rev=203 op=V2/CONTROL/COMMAND/e1828413413364172/w35/t1/tick691 stage=materialApplied sender=1 generation=0 duplicate highestStage=1
[log] [coop:v2-authority] receipt rev=203 op=V2/CONTROL/COMMAND/e1828413413364172/w35/t1/tick691 stage=materialApplied sender=1 generation=0 duplicate highestStage=1
[log] [coop:v2-authority] receipt rev=203 op=V2/CONTROL/COMMAND/e1828413413364172/w35/t1/tick691 stage=materialApplied sender=1 generation=0 duplicate highestStage=1
[log] [coop:v2-authority] receipt rev=203 op=V2/CONTROL/COMMAND/e1828413413364172/w35/t1/tick691 stage=controlInstalled sender=1 generation=0 advanced retired=true waiting=[] subsumed=[]
[log] [coop:transport] recv guest t=rendezvous point=cmd:35:1 handlers=1
[log] [coop:transport] send host t=enemyPartySync wave=35 enemies=2 battleType=1
[log] [coop:replay] host RE-BROADCAST wave-start authority wave=35 after post-summon boundary stateChanged=false presentation=8 (#920)
[log] [coop:transport] recv guest t=enemyPartySync wave=35 enemies=2 battleType=1 handlers=1
[log] [coop-soak:wave-start] {"seed":20365530,"wave":35,"wavesRequested":200,"wavesCompleted":34,"elapsedMs":162507,"hostPhase":"CommandPhase","guestPhase":"CommandPhase"}
[log] [coop:interaction] interactionCounter() read -> 40 (role=host)
[log] [coop:interaction] interactionCounter() read -> 40 (role=guest)
[log] [coop:interaction] interactionCounter() read -> 40 (role=host)
[log] [coop:checksum] capture digest=f23debce3b590a70 field=4 biome=29 seed=coop-soak-20365530 weather=0 terrain=4 money=1880 party=[493,150,890,384,382,888] partyLevels=[500,500,500,500,500,500] arenaTags=0 modifiers=6 heldItemsDigest=0 pokeballs=[0:55,1:20,2:0,3:0,4:0] mons=[bi0:sp493/hp1865-1865/st0/ab121/form0/tera0:0/boss0:0 bi1:sp150/hp1720-1725/st0/ab227/form0/tera0:13/boss0:0 bi2:sp597/hp62-62/st0/ab5064/form0/tera0:11/boss0:0 bi3:sp4052/hp65-65/st0/ab24/form0/tera0:8/boss0:0]
[log] [coop:interaction] interactionCounter() read -> 40 (role=host)
[log] %cStart Phase: SelectTargetPhase color:green
[log] [coop:owner] broadcast own-slot fi=0 turn=1 role=host cmd=0
[log] [coop:relay] broadcastLocalCommand SEND fieldIndex=0 owner=host turn=1 command=0 cursor=3 moveId=85 targets=[2]
[log] [coop:transport] send host t=command fi=0 owner=host turn=1 cmd=0 cursor=3 move=85
[log] [coop:transport] recv guest t=command fi=0 owner=host turn=1 cmd=0 cursor=3 move=85 handlers=1
[log] [coop:relay] recv command fieldIndex=0 turn=1 command=0 -> BUFFERED (no awaiter yet)
[log] %cStart Phase: CommandPhase color:green
[log] [coop:transport] send host t=enemyPartySync wave=35 enemies=2 battleType=1
[log] [coop:replay] host RE-BROADCAST wave-start authority wave=35 after post-summon boundary stateChanged=true presentation=8 (#920)
[log] [coop:battle] CommandPhase slot=1 turn=1 owner=guest role=host -> partner path
[log] [coop:relay] host requestPartnerCommand SEND fieldIndex=1 turn=1 moveSlots=[0,1,2,3] (awaiting peer)
[log] [coop:transport] send host t=commandRequest fi=1 owner=guest turn=1 slots=4
[log] [coop:transport] recv guest t=enemyPartySync wave=35 enemies=2 battleType=1 handlers=1
[log] [coop:transport] recv guest t=commandRequest fi=1 owner=guest turn=1 slots=4 handlers=1
[log] [coop:relay] peer recv commandRequest fieldIndex=1 owner=guest turn=1 moveSlots=[0,1,2,3] -> reply command=0 cursor=1 moveId=247
[log] [coop:transport] send guest t=command fi=1 owner=guest turn=1 cmd=0 cursor=1 move=247
[log] [coop:transport] recv host t=command fi=1 owner=guest turn=1 cmd=0 cursor=1 move=247 handlers=1
[log] [coop:relay] recv command fieldIndex=1 turn=1 command=0 -> resolved awaiting request
[log] [coop:ai] applyWiredPartnerCommand partner=150 wiredMoveId=247 cursor=1 -> moveId=247 moveIndex=1 tera=false targets=[3] targetsFrom=wire-verbatim useMode=1
[log] %cStart Phase: EnemyCommandPhase color:green
[log] %cStart Phase: EnemyCommandPhase color:green
[log] %cStart Phase: TurnStartPhase color:green
[log] [coop-diag] turn-start authoritative guard mode=authoritative role=host turn=1 diverts=false
[log] [coop:turn] host recorder: preserve recording scope=1828413413364172:35 turn=1 events=12 seq=12
[log] %cStart Phase: MovePhase color:green
[log] [coop:turn] host recorder: append turn=1 seq=12 k=moveUsed total=13 live=true
[log] %cStart Phase: MessagePhase color:green
[log] %cStart Phase: MoveEffectPhase color:green
[log] [coop:turn] host recorder: append turn=1 seq=13 k=moveAnim total=14 live=true
[log] [coop:turn] host recorder: append turn=1 seq=14 k=hp total=15 live=true
[log] [coop:turn] host recorder: append turn=1 seq=15 k=faint total=16 live=true
[log] %cStart Phase: DamageAnimPhase color:green
[log] %cStart Phase: FaintPhase color:green
[log] %cStart Phase: MessagePhase color:green
[log] %cStart Phase: VictoryPhase color:green
[log] [coop:progression] HOST progression capture begin wave=35
[log] [coop:progression] HOST applyPartyExp COMPUTE wave=35 expValue=279.4 koMon=Meowth
[log] %cStart Phase: MoveEndPhase color:green
[log] %cStart Phase: MovePhase color:green
[log] [coop:turn] host recorder: append turn=1 seq=16 k=moveUsed total=17 live=true
[log] %cStart Phase: MessagePhase color:green
[log] %cStart Phase: MoveEffectPhase color:green
[log] [coop:turn] host recorder: append turn=1 seq=17 k=moveAnim total=18 live=true
[log] [coop:turn] host recorder: append turn=1 seq=18 k=hp total=19 live=true
[log] [coop:turn] host recorder: append turn=1 seq=19 k=faint total=20 live=true
[log] [coop:turn] host recorder: append turn=1 seq=20 k=message total=21 live=true
[log] %cStart Phase: DamageAnimPhase color:green
[log] %cStart Phase: MessagePhase color:green
[log] %cStart Phase: FaintPhase color:green
[log] %cStart Phase: MessagePhase color:green
[log] %cStart Phase: VictoryPhase color:green
[log] [coop:progression] HOST applyPartyExp COMPUTE wave=35 expValue=293.8 koMon=Ferroseed
[log] [coop:runtime] defer raw waveResolved wave=35 outcome=win until its material turnResolution is retained
[log] [coop-diag] VictoryPhase win-branch role=host battleType=TRAINER queuesTrainerVictory=true queuesSelectModifier=true wave=35
[log] [coop-diag] VictoryTail role=host wave=35 source=legacy-local trainer=true egg=true biomeShop=false biomeChange=false crossroads=true nextWave=36
[log] %cStart Phase: MoveEndPhase color:green
[log] %cStart Phase: MovePhase color:green
[log] %cStart Phase: MoveEndPhase color:green
[log] %cStart Phase: MovePhase color:green
[log] %cStart Phase: MoveEndPhase color:green
[log] %cStart Phase: CheckInterludePhase color:green
[log] %cStart Phase: WeatherEffectPhase color:green
[log] %cStart Phase: PositionalTagPhase color:green
[log] %cStart Phase: BerryPhase color:green
[log] %cStart Phase: CheckStatusEffectPhase color:green
[log] %cStart Phase: TurnEndPhase color:green
[log] %cStart Phase: CoopTurnCommitPhase color:green
[log] [coop:turn] host recorder: finalize turn=1 events=21 seq=21
[log] [coop:checkpoint] build field=4 weather=0/0 terrain=4/7 arenaTags=0 money=1880 mons=[bi0:sp493/hp1865-1865/st0/fnt0 bi1:sp150/hp1720-1725/st0/fnt0 bi2:sp597/hp0-62/st7/fnt1 bi3:sp4052/hp0-65/st7/fnt1]
[log] [coop:checkpoint] host capture field=4 weather=0 terrain=4 money=1880 arenaTags=0 mons=[bi0:sp493/hp1865-1865/st0/fnt0 bi1:sp150/hp1720-1725/st0/fnt0 bi2:sp597/hp0-62/st7/fnt1 bi3:sp4052/hp0-65/st7/fnt1]
[log] [coop:interaction] interactionCounter() read -> 40 (role=host)
[log] [coop:replay] host SEND turnResolution e=1828413413364172 wave=35 turn=1 rev=700 events=21 checksum=ca834a7dd01110a3
[log] [coop:transport] send host t=authorityEntry t=authorityEntry
[log] [coop:v2-shadow] PARITY kind=TURN_COMMIT rev=204 match=true field=- successor=none-non-command-boundary
[log] [coop:transport] send host t=turnResolution e=1828413413364172 wave=35 turn=1 rev=700 events=21 checksum=ca834a7dd01110a3
[log] [coop:runtime] send waveResolved wave=35 outcome=win (host)
[log] [coop:replay] host SEND waveResolved wave=35 outcome=win transition=WAVE_VICTORY/next36/biome0/egg1/trainer
[log] [coop:transport] send host t=waveResolved wave=35 outcome=win captureParty=- cap=-
[log] [coop:transport] recv guest t=authorityEntry t=authorityEntry handlers=1
[log] [coop:transport] recv guest t=turnResolution e=1828413413364172 wave=35 turn=1 rev=700 events=21 checksum=ca834a7dd01110a3 handlers=1
[log] [coop:transport] recv guest t=waveResolved wave=35 outcome=win captureParty=- cap=- handlers=1
[log] [38;2;255;127;80mPhaseInterceptor.to: Stopping on completion of CoopTurnCommitPhase[39m
[log] %cStart Phase: BattleEndPhase color:green
[log] [coop:progression] HOST automatic victory settlement deferred wave=35 sourceTurn=1 settlementTurn=2
[log] [coop:v2-authority] receipt rev=204 op=TURN/e1828413413364172/w35/t1 stage=admitted sender=1 generation=0 advanced retired=false waiting=[1] subsumed=[]
[log] [coop:transport] send host t=authorityEntry t=authorityEntry
[log] [coop:v2-authority] receipt rev=204 op=TURN/e1828413413364172/w35/t1 stage=admitted sender=1 generation=0 duplicate highestStage=0
[log] [coop:transport] send host t=authorityEntry t=authorityEntry
[log] [coop:v2-authority] receipt rev=204 op=TURN/e1828413413364172/w35/t1 stage=admitted sender=1 generation=0 duplicate highestStage=0
[log] [coop:v2-authority] receipt rev=204 op=TURN/e1828413413364172/w35/t1 stage=admitted sender=1 generation=0 duplicate highestStage=0
[log] [coop:v2-authority] receipt rev=204 op=TURN/e1828413413364172/w35/t1 stage=materialApplied sender=1 generation=0 advanced retired=false waiting=[1] subsumed=[]
[log] [coop:v2-authority] receipt rev=204 op=TURN/e1828413413364172/w35/t1 stage=controlInstalled sender=1 generation=0 advanced retired=true waiting=[] subsumed=[]
[log] [coop:interaction] interactionCounter() read -> 40 (role=host)
[log] %cStart Phase: TrainerVictoryPhase color:green
[log] [coop:progression] coopVictoryDialogue DECISION isCoop=true -> SKIP (constant 0 awaits, lockstep-safe)
[log] %cStart Phase: MoneyRewardPhase color:green
[log] %cStart Phase: ModifierRewardPhase color:green
[log] %cStart Phase: EggLapsePhase color:green
[log] %cStart Phase: CoopVictorySealPhase color:green
[log] [coop:transport] send host t=authorityEntry t=authorityEntry
[log] [coop:v2-shadow] PARITY kind=WAVE_ADVANCE rev=205 match=true field=-
[log] [coop:runtime] settled WAVE_ADVANCE committed wave=35 tick=701 next=WAVE_VICTORY/wave36
[log] [coop:runtime] send waveEndState wave=35 tick=701 (host)
[log] [coop:replay] host SEND waveEndState wave=35 tick=701 party=6
[log] [coop:transport] send host t=waveEndState t=waveEndState
[log] [coop:progression] HOST automatic victory settlement sealed wave=35 sourceTurn=1 settlementTurn=2 tick=701
[log] [coop:transport] recv guest t=authorityEntry t=authorityEntry handlers=1
[log] [coop:transport] recv guest t=waveEndState t=waveEndState handlers=1
[log] [coop:interaction] interactionCounter() read -> 40 (role=host)
[log] [coop:owner] ownerOf(counter=40) seat=0 -> owner=host
[log] [coop:owner] isLocalOwnerAtCounter(pinnedCounter=40) parity=0 owner=host role=host -> true
[log] [coop:interaction] interactionCounter() read -> 40 (role=host)
[log] [coop:reward] owner/watcher decision: pinnedStart=40 liveCounter=40 parity=0 role=host pick=OWNER option=ROLL spoof=false
[log] [coop:shop] serializeRewardOptions count=3 ids=[TEMP_STAT_STAGE_BOOSTER,POKEBALL,BERRY] tiers=[0,0,0]
[log] [coop:reward] OWNER streams reward options (start=40 reroll=0 count=3 ids=[TEMP_STAT_STAGE_BOOSTER,POKEBALL,BERRY])
[log] [coop:relay] SEND rewardOptions seq=40 reroll=0 count=3 ids=[TEMP_STAT_STAGE_BOOSTER,POKEBALL,BERRY]
[log] [coop:transport] send host t=authorityEntry t=authorityEntry
[log] [coop:v2-shadow] PARITY kind=INTERACTION_COMMIT rev=206 match=true field=-
[log] [coop:reward] authoritative options retained surface=reward pin=40 reroll=0 count=3 rev=81 id=1828413413364172:0:REWARD_PRESENT:4000000
[log] [coop:v2-interaction] suppressed raw rewardOptions key=40:0; immutable entry retained
[log] [coop:rendezvous] ARRIVE point=shop:35:40 (send) role=host
[log] [coop:transport] send host t=rendezvous point=shop:35:40
[log] [coop:reward] OWNER drives reward screen (start=40 role=host spoof=false adoptsOptions=false wave=35)
[log] [coop:rendezvous] shop-pick-commit barrier AWAIT shop:35:40
[log] [coop:rendezvous] AWAIT point=shop:35:40 timeoutMs=2000 -> network-wait role=host
[log] [coop:transport] recv guest t=authorityEntry t=authorityEntry handlers=1
[log] [coop:transport] recv guest t=rendezvous point=shop:35:40 handlers=1
[log] [coop:interaction] interactionCounter() read -> 40 (role=host)
[log] [coop:checksum] capture digest=4f9cf77c980e9a7d field=4 biome=29 seed=coop-soak-20365530 weather=0 terrain=4 money=2450 party=[493,150,890,384,382,888] partyLevels=[500,500,500,500,500,500] arenaTags=0 modifiers=6 heldItemsDigest=0 pokeballs=[0:55,1:20,2:0,3:0,4:0] mons=[bi0:sp493/hp1865-1865/st0/ab121/form0/tera0:0/boss0:0 bi1:sp150/hp1720-1725/st0/ab227/form0/tera0:13/boss0:0 bi2:sp597/hp0-62/st7/ab5064/form0/tera0:11/boss0:0 bi3:sp4052/hp0-65/st7/ab24/form0/tera0:8/boss0:0]
[log] [coop:transport] send host t=authorityEntry t=authorityEntry
[log] [coop:rendezvous] RECV arrival point=shop:35:40 -> deliver-to-waiter role=host
[log] [coop:transport] send host t=rendezvous point=shop:35:40
[log] [coop:rendezvous] AWAIT point=shop:35:40 RESOLVE both-arrived role=host
[log] [coop:stream] host IGNORE cosmetic turn ACK stage=continuationReady key=1828413413364172:35:1:700 (v2 owns retirement)
[log] [coop:v2-authority] receipt rev=205 op=V2/WAVE/e1828413413364172/w35/tick701 stage=admitted sender=1 generation=0 advanced retired=false waiting=[1] subsumed=[]
[log] [coop:transport] send host t=authorityEntry t=authorityEntry
[log] [coop:transport] send host t=authorityEntry t=authorityEntry
[log] [coop:v2-authority] receipt rev=205 op=V2/WAVE/e1828413413364172/w35/tick701 stage=admitted sender=1 generation=0 duplicate highestStage=0
[log] [coop:v2-authority] receipt rev=205 op=V2/WAVE/e1828413413364172/w35/tick701 stage=materialApplied sender=1 generation=0 advanced retired=false waiting=[1] subsumed=[]
[log] [coop:transport] send host t=authorityEntry t=authorityEntry
[log] [coop:v2-authority] receipt rev=205 op=V2/WAVE/e1828413413364172/w35/tick701 stage=controlInstalled sender=1 generation=0 advanced retired=true waiting=[] subsumed=[]
[log] [coop:v2-authority] receipt rev=206 op=1828413413364172:0:REWARD_PRESENT:4000000 stage=admitted sender=1 generation=0 advanced retired=false waiting=[1] subsumed=[]
[log] [coop:v2-authority] receipt rev=206 op=1828413413364172:0:REWARD_PRESENT:4000000 stage=materialApplied sender=1 generation=0 advanced retired=false waiting=[1] subsumed=[]
[log] [coop:v2-authority] receipt rev=206 op=1828413413364172:0:REWARD_PRESENT:4000000 stage=materialApplied sender=1 generation=0 duplicate highestStage=1
[log] [coop:v2-authority] receipt rev=206 op=1828413413364172:0:REWARD_PRESENT:4000000 stage=controlInstalled sender=1 generation=0 advanced retired=true waiting=[] subsumed=[]
[log] [coop:transport] recv guest t=rendezvous point=shop:35:40 handlers=1
[log] [coop:transport] recv guest t=authorityEntry t=authorityEntry handlers=1
[log] [coop:transport] recv guest t=authorityEntry t=authorityEntry handlers=1
[log] [coop:transport] recv guest t=authorityEntry t=authorityEntry handlers=1
[log] [coop:interaction] mirror begin role=owner mirrorSeq=2560 interactionStart=40 reroll=0
[log] [coop:interaction] uiMirror beginSession role=owner mode=6 seq=2560 early=0
[log] [coop:owner] ownerOf(counter=40) seat=0 -> owner=host
[log] [coop:owner] isLocalOwnerAtCounter(pinnedCounter=40) parity=0 owner=host role=host -> true
[log] [coop:owner] ownerOf(counter=40) seat=0 -> owner=host
[log] [coop:owner] isLocalOwnerAtCounter(pinnedCounter=40) parity=0 owner=host role=host -> true
[log] [coop:relay] OWNER prepare seq=40 kind=reward choice=0 data=[0] role=host
[log] [coop:reward] reward op INTENT prepared label=reward id=1828413413364172:0:REWARD:4000000
[log] [coop:relay] OWNER send raw seq=40 kind=reward choice=0 role=host
[log] [coop:relay] SEND interactionChoice seq=40 kind=reward kind=? choice=0 data=[0]
[log] [coop:v2-interaction] suppressed raw authority interactionChoice seq=40 kind=reward
[log] [coop:reward] APPLY_RESULT pin=40 side=owner type=TEMP_STAT_STAGE_BOOSTER class=TempStatStageBoosterModifier pregen=[1] holderSlot=-1 holderId=-1 stack=1 accepted=true cost=-1
[log] [coop:v2-interaction] terminal proof recorded op=1828413413364172:0:REWARD:4000000 role=host seat=0 duplicate=0 ambient=1
[log] [coop:v2-interaction] phase terminal proof op=1828413413364172:0:REWARD:4000000 route=constructor-fallback accepted=1
[log] [coop:shop] serializeRewardOptions count=3 ids=[TEMP_STAT_STAGE_BOOSTER,POKEBALL,BERRY] tiers=[0,0,0]
[log] [coop:transport] send host t=authorityEntry t=authorityEntry
[log] [coop:v2-shadow] PARITY kind=INTERACTION_COMMIT rev=207 match=true field=-
[log] [coop:reward] reward authoritative RESULT retained rev=82 tick=703 id=1828413413364172:0:REWARD:4000000
[log] [coop:interaction] interactionCounter() read -> 40 (role=host)
[log] [coop:interaction] CoopInteractionTurn.advance INCREMENT (fromCounter=40) counter 40 -> 41
[log] [coop:interaction] advanceInteraction ADVANCED+V2-LOCAL (fromCounter=40) counter 40 -> 41 role=host
[log] [coop:owner] ownerOf(counter=41) seat=1 -> owner=guest
[log] [coop:owner] ownerOf(counter=41) seat=1 -> owner=guest
[log] [coop:interaction] interactionCounter() read -> 41 (role=host)
[log] [coop:reward] advance interaction from V2 commit (role=host from=40 counter 40 -> 41); typed successor owns release
[log] [coop:transport] recv guest t=authorityEntry t=authorityEntry handlers=1
[log] [coop:v2-authority] receipt rev=205 op=V2/WAVE/e1828413413364172/w35/tick701 stage=controlInstalled sender=1 generation=0 rejected reason=unknown-revision
[log] [coop:v2-authority] receipt rev=205 op=V2/WAVE/e1828413413364172/w35/tick701 stage=controlInstalled sender=1 generation=0 rejected reason=unknown-revision
[log] [coop:v2-authority] receipt rev=206 op=1828413413364172:0:REWARD_PRESENT:4000000 stage=controlInstalled sender=1 generation=0 rejected reason=unknown-revision
[log] [coop:v2-authority] receipt rev=206 op=1828413413364172:0:REWARD_PRESENT:4000000 stage=controlInstalled sender=1 generation=0 rejected reason=unknown-revision
[log] [coop:v2-authority] receipt rev=207 op=1828413413364172:0:REWARD:4000000 stage=admitted sender=1 generation=0 advanced retired=false waiting=[1] subsumed=[]
[log] [coop:v2-authority] receipt rev=207 op=1828413413364172:0:REWARD:4000000 stage=admitted sender=1 generation=0 duplicate highestStage=0
[log] [coop:v2-authority] receipt rev=207 op=1828413413364172:0:REWARD:4000000 stage=materialApplied sender=1 generation=0 advanced retired=false waiting=[1] subsumed=[]
[log] [coop:v2-authority] receipt rev=207 op=1828413413364172:0:REWARD:4000000 stage=controlInstalled sender=1 generation=0 advanced retired=true waiting=[] subsumed=[]
[log] [coop:interaction] interactionCounter() read -> 41 (role=host)
[log] [coop:interaction] interactionCounter() read -> 41 (role=guest)
[log] [coop-soak:wave-complete] {"seed":20365530,"wave":35,"wavesRequested":200,"wavesCompleted":35,"waveElapsedMs":3344,"elapsedMs":165851,"findings":0,"hostPhase":"ErCrossroadsPhase","guestPhase":"NewBattlePhase"}
[log] [coop:interaction] interactionCounter() read -> 41 (role=host)
[log] [coop:owner] ownerOf(counter=41) seat=1 -> owner=guest
[log] [coop:owner] isLocalOwnerAtCounter(pinnedCounter=41) parity=1 owner=guest role=host -> false
[log] [coop:reward] crossroads owner/watcher decision: pinnedStart=41 role=host spoof=false -> WATCHER (#848)
[log] [coop:transport] send host t=authorityEntry t=authorityEntry
[log] [coop:v2-shadow] PARITY kind=CONTROL_COMMIT rev=208 match=true field=- surface=interaction-open
[log] [coop:transport] recv guest t=authorityEntry t=authorityEntry handlers=1
[log] [coop:interaction] uiMirror beginSession role=watcher mode=15 seq=9600041 early=0
[log] [coop:relay] AWAIT interactionChoice seq=9600041 timeoutMs=1200000 expected=[crossroads] -> network-wait
[log] [coop:interaction] interactionCounter() read -> 41 (role=host)
[log] [coop:owner] ownerOf(counter=41) seat=1 -> owner=guest
[log] [coop:owner] isLocalOwnerAtCounter(pinnedCounter=41) parity=1 owner=guest role=host -> false
[log] [coop:v2-authority] receipt rev=208 op=V2/CONTROL/INTERACTION/1828413413364172:1:CROSSROADS_PICK:9600041 stage=admitted sender=1 generation=0 advanced retired=false waiting=[1] subsumed=[]
[log] [coop:v2-authority] receipt rev=208 op=V2/CONTROL/INTERACTION/1828413413364172:1:CROSSROADS_PICK:9600041 stage=materialApplied sender=1 generation=0 advanced retired=false waiting=[1] subsumed=[]
[log] [coop:v2-authority] receipt rev=208 op=V2/CONTROL/INTERACTION/1828413413364172:1:CROSSROADS_PICK:9600041 stage=materialApplied sender=1 generation=0 duplicate highestStage=1
[log] [coop:v2-authority] receipt rev=208 op=V2/CONTROL/INTERACTION/1828413413364172:1:CROSSROADS_PICK:9600041 stage=controlInstalled sender=1 generation=0 advanced retired=true waiting=[] subsumed=[]
[log] [coop:interaction] uiMirror WATCHER apply n=0 button=1 mode=15
[log] [coop:relay] DELIVER interactionChoice seq=9600041 -> waiter kind=crossroads choice=1 data=-
[log] [coop:relay] AWAIT interactionChoice seq=9600041 RESOLVE kind=crossroads choice=1 data=-
[log] [coop:reward] crossroads WATCHER: owner pick received moveOn=true pinnedStart=41 (#848)
[log] [coop:v2-interaction] terminal proof recorded op=1828413413364172:1:CROSSROADS_PICK:9600041 role=host seat=0 duplicate=0 ambient=1
[log] [coop:transport] send host t=authorityEntry t=authorityEntry
[log] [coop:v2-shadow] PARITY kind=INTERACTION_COMMIT rev=209 match=true field=-
[log] [coop:transport] recv guest t=authorityEntry t=authorityEntry handlers=1
[log] [coop:v2-authority] receipt rev=209 op=1828413413364172:1:CROSSROADS_PICK:9600041 stage=admitted sender=1 generation=0 advanced retired=false waiting=[1] subsumed=[]
[log] [coop:v2-authority] receipt rev=209 op=1828413413364172:1:CROSSROADS_PICK:9600041 stage=materialApplied sender=1 generation=0 advanced retired=false waiting=[1] subsumed=[]
[log] [coop:owner] ownerOf(counter=41) seat=1 -> owner=guest
[log] [coop:owner] isLocalOwnerAtCounter(pinnedCounter=41) parity=1 owner=guest role=host -> false
[log] [coop:owner] ownerOf(counter=41) seat=1 -> owner=guest
[log] [coop:owner] isLocalOwnerAtCounter(pinnedCounter=41) parity=1 owner=guest role=host -> false
[log] [coop:reward] biome pick owner/watcher decision: pinnedStart=41 role=host spoof=false chained=true -> WATCHER (#848)
[log] [coop:interaction] uiMirror beginSession role=watcher mode=54 seq=9700041 early=0
[log] [coop:relay] AWAIT interactionChoice seq=9700041 timeoutMs=1200000 expected=[biomePick] -> network-wait
[log] [coop:interaction] interactionCounter() read -> 41 (role=host)
[log] [coop:owner] ownerOf(counter=41) seat=1 -> owner=guest
[log] [coop:owner] isLocalOwnerAtCounter(pinnedCounter=41) parity=1 owner=guest role=host -> false
[log] [coop:relay] DELIVER interactionChoice seq=9700041 -> waiter kind=biomePick choice=0 data=[14]
[log] [coop:relay] AWAIT interactionChoice seq=9700041 RESOLVE kind=biomePick choice=0 data=[14]
[log] [coop:v2-authority] receipt rev=209 op=1828413413364172:1:CROSSROADS_PICK:9600041 stage=materialApplied sender=1 generation=0 duplicate highestStage=1
[log] [coop:v2-authority] receipt rev=209 op=1828413413364172:1:CROSSROADS_PICK:9600041 stage=controlInstalled sender=1 generation=0 advanced retired=true waiting=[] subsumed=[]
[log] [coop:reward] biome pick WATCHER: owner biome=undefined received pinnedStart=41 (#848)
[log] [coop:interaction] interactionCounter() read -> 41 (role=host)
[log] [coop:interaction] CoopInteractionTurn.advance INCREMENT (fromCounter=41) counter 41 -> 42
[log] [coop:interaction] advanceInteraction ADVANCED+BROADCAST (fromCounter=41) counter 41 -> 42 role=host; send interaction screen=__turn__ choice=42
[log] [coop:interaction] SEND counter snapshot reason=advance choice=42 role=host
[log] [coop:transport] send host t=interaction screen=__turn__
[log] [coop:owner] ownerOf(counter=42) seat=0 -> owner=host
[log] [coop:owner] ownerOf(counter=42) seat=0 -> owner=host
[log] [coop:interaction] interactionCounter() read -> 42 (role=host)
[log] [coop:reward] advance interaction from CONTINUATION commit (role=host from=41 counter 41 -> 42)
[log] [coop:interaction] interactionCounter() read -> 42 (role=host)
[log] [coop:v2-interaction] terminal proof recorded op=1828413413364172:1:BIOME_PICK:9700041 role=host seat=0 duplicate=0 ambient=1
[log] [coop:transport] send host t=authorityEntry t=authorityEntry
[log] [coop:v2-shadow] PARITY kind=INTERACTION_COMMIT rev=210 match=true field=-
[log] [coop:transport] recv guest t=interaction screen=__turn__ handlers=1
[log] [coop:transport] recv guest t=authorityEntry t=authorityEntry handlers=1
[log] [coop:interaction] RECV interaction broadcast (deferred catch-up net) received=42 localBefore=42 role=host -> no defer (local >= received)
[warn] [coop:interaction] CoopInteractionTurn.mergeRemote DEFER (remote=42, counter=42, pendingRemote=42) live counter UNCHANGED (folds in at next advance if still ahead)
[log] [coop:owner] ownerOf(counter=42) seat=0 -> owner=host
[log] [coop:owner] ownerOf(counter=42) seat=0 -> owner=host
[log] [coop:v2-authority] receipt rev=210 op=1828413413364172:1:BIOME_PICK:9700041 stage=admitted sender=1 generation=0 advanced retired=false waiting=[1] subsumed=[]
[log] [coop:v2-authority] receipt rev=210 op=1828413413364172:1:BIOME_PICK:9700041 stage=materialApplied sender=1 generation=0 advanced retired=false waiting=[1] subsumed=[]
[log] [coop:v2-authority] receipt rev=210 op=1828413413364172:1:BIOME_PICK:9700041 stage=controlInstalled sender=1 generation=0 advanced retired=true waiting=[] subsumed=[]
[log] [coop:interaction] interactionCounter() read -> 42 (role=host)
[log] %cStart Phase: SwitchBiomePhase color:green
[log] %cStart Phase: NewBattlePhase color:green
[log] [coop:v2-control] NewBattlePhase installed committed host biome encounter wave=35->36
[log] %cStart Phase: ReturnPhase color:green
[log] [coop:turn] host recorder: begin turn=1 scope=1828413413364172:36 (no prior open recording)
[log] %cStart Phase: ReturnPhase color:green
[log] [coop:turn] host recorder: preserve recording scope=1828413413364172:36 turn=1 events=0 seq=0
[log] %cStart Phase: ShowTrainerPhase color:green
[log] %cStart Phase: NewBiomeEncounterPhase color:green
[log] [coop:turn] host recorder: append turn=1 seq=0 k=weather total=1 live=true
[log] [coop:turn] host recorder: append turn=1 seq=1 k=message total=2 live=true
[log] [coop:interaction] interactionCounter() read -> 42 (role=host)
[log] [coop:replay] host SEND enemyPartySync wave=36 count=2 meType=-1 battleType=0 entryPresentation=-
[log] [coop:transport] send host t=enemyPartySync wave=36 enemies=2 battleType=0
[log] [coop:turn] host recorder: preserve recording scope=1828413413364172:36 turn=1 events=2 seq=2
[log] [coop:transport] recv guest t=enemyPartySync wave=36 enemies=2 battleType=0 handlers=1
[log] %cStart Phase: CommonAnimPhase color:green
[log] %cStart Phase: MessagePhase color:green
[log] %cStart Phase: SummonPhase color:green
[log] [coop:turn] host recorder: preserve recording scope=1828413413364172:36 turn=1 events=2 seq=2
[log] %cStart Phase: ToggleDoublePositionPhase color:green
[log] %cStart Phase: SummonPhase color:green
[log] [coop:turn] host recorder: preserve recording scope=1828413413364172:36 turn=1 events=2 seq=2
[log] %cStart Phase: CheckSwitchPhase color:green
[log] %cStart Phase: CheckSwitchPhase color:green
[log] %cStart Phase: InitEncounterPhase color:green
[log] [coop:turn] host recorder: preserve recording scope=1828413413364172:36 turn=1 events=2 seq=2
[log] %cStart Phase: PostSummonPhase color:green
[log] %cStart Phase: PostSummonPhase color:green
[log] [coop:turn] host recorder: append turn=1 seq=2 k=terrain total=3 live=true
[log] [coop:turn] host recorder: append turn=1 seq=3 k=message total=4 live=true
[log] %cStart Phase: ShowAbilityPhase color:green
[log] [coop:turn] host recorder: append turn=1 seq=4 k=showAbility total=5 live=true
[log] %cStart Phase: CommonAnimPhase color:green
[log] %cStart Phase: MessagePhase color:green
[log] %cStart Phase: HideAbilityPhase color:green
[log] [coop:turn] host recorder: append turn=1 seq=5 k=hideAbility total=6 live=true
[log] %cStart Phase: PostSummonPhase color:green
[log] %cStart Phase: PostSummonPhase color:green
[log] %cStart Phase: PostSummonPhase color:green
[log] %cStart Phase: TurnInitPhase color:green
[log] [coop:replay] host SEND enemyPartySync wave=36 count=2 meType=-1 battleType=0 entryPresentation=6
[log] [coop:transport] send host t=enemyPartySync wave=36 enemies=2 battleType=0
[log] [coop:replay] host RE-BROADCAST wave-start authority wave=36 after post-summon boundary stateChanged=true presentation=6 (#920)
[log] [coop:transport] send host t=authorityEntry t=authorityEntry
[log] [coop:v2-shadow] PARITY kind=CONTROL_COMMIT rev=211 match=true field=-
[log] [coop:rendezvous] next-command barrier ARRIVE+AWAIT cmd:36:1 slot=0
[log] [coop:rendezvous] ARRIVE point=cmd:36:1 (send) role=host
[log] [coop:transport] send host t=rendezvous point=cmd:36:1
[log] [coop:rendezvous] AWAIT point=cmd:36:1 timeoutMs=2000 -> network-wait role=host
[log] [coop:transport] recv guest t=enemyPartySync wave=36 enemies=2 battleType=0 handlers=1
[log] [coop:transport] recv guest t=authorityEntry t=authorityEntry handlers=1
[log] [coop:transport] recv guest t=rendezvous point=cmd:36:1 handlers=1
[log] [coop:v2-authority] receipt rev=211 op=V2/CONTROL/COMMAND/e1828413413364172/w36/t1/tick710 stage=admitted sender=1 generation=0 advanced retired=false waiting=[1] subsumed=[]
[log] [coop:transport] send host t=authorityEntry t=authorityEntry
[log] [coop:rendezvous] RECV arrival point=cmd:36:1 -> deliver-to-waiter role=host
[log] [coop:transport] send host t=rendezvous point=cmd:36:1
[log] [coop:rendezvous] AWAIT point=cmd:36:1 RESOLVE both-arrived role=host
[log] [coop:v2-authority] receipt rev=211 op=V2/CONTROL/COMMAND/e1828413413364172/w36/t1/tick710 stage=admitted sender=1 generation=0 duplicate highestStage=0
[log] [coop:v2-authority] receipt rev=211 op=V2/CONTROL/COMMAND/e1828413413364172/w36/t1/tick710 stage=materialApplied sender=1 generation=0 advanced retired=false waiting=[1] subsumed=[]
[log] [coop:v2-authority] receipt rev=211 op=V2/CONTROL/COMMAND/e1828413413364172/w36/t1/tick710 stage=materialApplied sender=1 generation=0 duplicate highestStage=1
[log] [coop:v2-authority] receipt rev=211 op=V2/CONTROL/COMMAND/e1828413413364172/w36/t1/tick710 stage=materialApplied sender=1 generation=0 duplicate highestStage=1
[log] [coop:v2-authority] receipt rev=211 op=V2/CONTROL/COMMAND/e1828413413364172/w36/t1/tick710 stage=materialApplied sender=1 generation=0 duplicate highestStage=1
[log] [coop:v2-authority] receipt rev=211 op=V2/CONTROL/COMMAND/e1828413413364172/w36/t1/tick710 stage=controlInstalled sender=1 generation=0 advanced retired=true waiting=[] subsumed=[]
[log] [coop:transport] recv guest t=rendezvous point=cmd:36:1 handlers=1
[log] [coop:transport] send host t=enemyPartySync wave=36 enemies=2 battleType=0
[log] [coop:replay] host RE-BROADCAST wave-start authority wave=36 after post-summon boundary stateChanged=false presentation=6 (#920)
[log] [coop:transport] recv guest t=enemyPartySync wave=36 enemies=2 battleType=0 handlers=1
[log] [coop-soak:wave-start] {"seed":20365530,"wave":36,"wavesRequested":200,"wavesCompleted":35,"elapsedMs":168001,"hostPhase":"CommandPhase","guestPhase":"CommandPhase"}
[log] [coop:interaction] interactionCounter() read -> 42 (role=host)
[log] [coop:interaction] interactionCounter() read -> 42 (role=guest)
[log] [coop:interaction] interactionCounter() read -> 42 (role=host)
[log] [coop:checksum] capture digest=bc4f40b2fd2f893b field=4 biome=14 seed=coop-soak-20365530 weather=3 terrain=4 money=2450 party=[493,150,890,384,382,888] partyLevels=[500,500,500,500,500,500] arenaTags=0 modifiers=7 heldItemsDigest=0 pokeballs=[0:55,1:20,2:0,3:0,4:0] mons=[bi0:sp493/hp1865-1865/st0/ab121/form0/tera0:0/boss0:0 bi1:sp150/hp1720-1725/st0/ab227/form0/tera0:13/boss0:0 bi2:sp562/hp59-59/st0/ab231/form0/tera0:7/boss0:0 bi3:sp562/hp57-57/st0/ab152/form0/tera0:7/boss0:0]
[log] [coop:interaction] interactionCounter() read -> 42 (role=host)
[log] %cStart Phase: SelectTargetPhase color:green
[log] [coop:owner] broadcast own-slot fi=0 turn=1 role=host cmd=0
[log] [coop:relay] broadcastLocalCommand SEND fieldIndex=0 owner=host turn=1 command=0 cursor=3 moveId=85 targets=[2]
[log] [coop:transport] send host t=command fi=0 owner=host turn=1 cmd=0 cursor=3 move=85
[log] [coop:transport] recv guest t=command fi=0 owner=host turn=1 cmd=0 cursor=3 move=85 handlers=1
[log] [coop:relay] recv command fieldIndex=0 turn=1 command=0 -> BUFFERED (no awaiter yet)
[log] %cStart Phase: CommandPhase color:green
[log] [coop:transport] send host t=enemyPartySync wave=36 enemies=2 battleType=0
[log] [coop:replay] host RE-BROADCAST wave-start authority wave=36 after post-summon boundary stateChanged=true presentation=6 (#920)
[log] [coop:battle] CommandPhase slot=1 turn=1 owner=guest role=host -> partner path
[log] [coop:relay] host requestPartnerCommand SEND fieldIndex=1 turn=1 moveSlots=[0,1,2,3] (awaiting peer)
[log] [coop:transport] send host t=commandRequest fi=1 owner=guest turn=1 slots=4
[log] [coop:transport] recv guest t=enemyPartySync wave=36 enemies=2 battleType=0 handlers=1
[log] [coop:transport] recv guest t=commandRequest fi=1 owner=guest turn=1 slots=4 handlers=1
[log] [coop:relay] peer recv commandRequest fieldIndex=1 owner=guest turn=1 moveSlots=[0,1,2,3] -> reply command=0 cursor=2 moveId=53
[log] [coop:transport] send guest t=command fi=1 owner=guest turn=1 cmd=0 cursor=2 move=53
[log] [coop:transport] recv host t=command fi=1 owner=guest turn=1 cmd=0 cursor=2 move=53 handlers=1
[log] [coop:relay] recv command fieldIndex=1 turn=1 command=0 -> resolved awaiting request
[log] [coop:ai] applyWiredPartnerCommand partner=150 wiredMoveId=53 cursor=2 -> moveId=53 moveIndex=2 tera=false targets=[3] targetsFrom=wire-verbatim useMode=1
[log] %cStart Phase: EnemyCommandPhase color:green
[log] %cStart Phase: EnemyCommandPhase color:green
[log] %cStart Phase: TurnStartPhase color:green
[log] [coop-diag] turn-start authoritative guard mode=authoritative role=host turn=1 diverts=false
[log] [coop:turn] host recorder: preserve recording scope=1828413413364172:36 turn=1 events=12 seq=12
[log] %cStart Phase: MovePhase color:green
[log] [coop:turn] host recorder: append turn=1 seq=12 k=moveUsed total=13 live=true
[log] %cStart Phase: MessagePhase color:green
[log] %cStart Phase: MoveEffectPhase color:green
[log] [coop:turn] host recorder: append turn=1 seq=13 k=moveAnim total=14 live=true
[log] [coop:turn] host recorder: append turn=1 seq=14 k=message total=15 live=true
[log] %cStart Phase: MessagePhase color:green
[log] %cStart Phase: MoveEndPhase color:green
[log] %cStart Phase: MovePhase color:green
[log] [coop:turn] host recorder: append turn=1 seq=15 k=moveUsed total=16 live=true
[log] %cStart Phase: MessagePhase color:green
[log] %cStart Phase: MoveEffectPhase color:green
[log] [coop:turn] host recorder: append turn=1 seq=16 k=moveAnim total=17 live=true
[log] [coop:turn] host recorder: append turn=1 seq=17 k=hp total=18 live=true
[log] [coop:turn] host recorder: append turn=1 seq=18 k=faint total=19 live=true
[log] %cStart Phase: DamageAnimPhase color:green
[log] %cStart Phase: FaintPhase color:green
[log] %cStart Phase: MessagePhase color:green
[log] %cStart Phase: VictoryPhase color:green
[log] [coop:progression] HOST progression capture begin wave=36
[log] [coop:progression] HOST applyPartyExp COMPUTE wave=36 expValue=281.6 koMon=Yamask
[log] %cStart Phase: MoveEndPhase color:green
[log] %cStart Phase: MovePhase color:green
[log] [coop:turn] host recorder: append turn=1 seq=19 k=moveUsed total=20 live=true
[log] %cStart Phase: MessagePhase color:green
[log] %cStart Phase: MoveEffectPhase color:green
[log] [coop:turn] host recorder: append turn=1 seq=20 k=moveAnim total=21 live=true
[log] [coop:turn] host recorder: append turn=1 seq=21 k=hp total=22 live=true
[log] [coop:turn] host recorder: append turn=1 seq=22 k=faint total=23 live=true
[log] %cStart Phase: DamageAnimPhase color:green
[log] %cStart Phase: FaintPhase color:green
[log] %cStart Phase: MessagePhase color:green
[log] %cStart Phase: VictoryPhase color:green
[log] [coop:progression] HOST applyPartyExp COMPUTE wave=36 expValue=293.8 koMon=Yamask
[log] [coop:runtime] defer raw waveResolved wave=36 outcome=win until its material turnResolution is retained
[log] [coop-diag] VictoryPhase win-branch role=host battleType=WILD queuesTrainerVictory=false queuesSelectModifier=true wave=36
[log] [coop-diag] VictoryTail role=host wave=36 source=legacy-local trainer=false egg=true biomeShop=false biomeChange=false crossroads=false nextWave=37
[log] %cStart Phase: MoveEndPhase color:green
[log] %cStart Phase: MovePhase color:green
[log] %cStart Phase: MoveEndPhase color:green
[log] %cStart Phase: CheckInterludePhase color:green
[log] %cStart Phase: WeatherEffectPhase color:green
[log] [coop:turn] host recorder: append turn=1 seq=23 k=message total=24 live=true
[log] [coop:turn] host recorder: append turn=1 seq=24 k=hp total=25 live=true
[log] [coop:turn] host recorder: append turn=1 seq=25 k=message total=26 live=true
[log] [coop:turn] host recorder: append turn=1 seq=26 k=hp total=27 live=true
[log] %cStart Phase: MessagePhase color:green
[log] %cStart Phase: DamageAnimPhase color:green
[log] %cStart Phase: MessagePhase color:green
[log] %cStart Phase: DamageAnimPhase color:green
[log] %cStart Phase: PositionalTagPhase color:green
[log] %cStart Phase: BerryPhase color:green
[log] %cStart Phase: CheckStatusEffectPhase color:green
[log] %cStart Phase: TurnEndPhase color:green
[log] %cStart Phase: CoopTurnCommitPhase color:green
[log] [coop:turn] host recorder: finalize turn=1 events=27 seq=27
[log] [coop:checkpoint] build field=4 weather=3/0 terrain=4/7 arenaTags=0 money=2450 mons=[bi0:sp493/hp1749-1865/st0/fnt0 bi1:sp150/hp1613-1725/st0/fnt0 bi2:sp562/hp0-59/st7/fnt1 bi3:sp562/hp0-57/st7/fnt1]
[log] [coop:checkpoint] host capture field=4 weather=3 terrain=4 money=2450 arenaTags=0 mons=[bi0:sp493/hp1749-1865/st0/fnt0 bi1:sp150/hp1613-1725/st0/fnt0 bi2:sp562/hp0-59/st7/fnt1 bi3:sp562/hp0-57/st7/fnt1]
[log] [coop:interaction] interactionCounter() read -> 42 (role=host)
[log] [coop:replay] host SEND turnResolution e=1828413413364172 wave=36 turn=1 rev=719 events=27 checksum=558cae64b72c9c24
[log] [coop:transport] send host t=authorityEntry t=authorityEntry
[log] [coop:v2-shadow] PARITY kind=TURN_COMMIT rev=212 match=true field=- successor=none-non-command-boundary
[log] [coop:transport] send host t=turnResolution e=1828413413364172 wave=36 turn=1 rev=719 events=27 checksum=558cae64b72c9c24
[log] [coop:runtime] send waveResolved wave=36 outcome=win (host)
[log] [coop:replay] host SEND waveResolved wave=36 outcome=win transition=WAVE_VICTORY/next37/biome0/egg1/wild
[log] [coop:transport] send host t=waveResolved wave=36 outcome=win captureParty=- cap=-
[log] [coop:transport] recv guest t=authorityEntry t=authorityEntry handlers=1
[log] [coop:transport] recv guest t=turnResolution e=1828413413364172 wave=36 turn=1 rev=719 events=27 checksum=558cae64b72c9c24 handlers=1
[log] [coop:transport] recv guest t=waveResolved wave=36 outcome=win captureParty=- cap=- handlers=1
[log] [38;2;255;127;80mPhaseInterceptor.to: Stopping on completion of CoopTurnCommitPhase[39m
[log] %cStart Phase: BattleEndPhase color:green
[log] [coop:progression] HOST automatic victory settlement deferred wave=36 sourceTurn=1 settlementTurn=2
[log] [coop:v2-authority] receipt rev=212 op=TURN/e1828413413364172/w36/t1 stage=admitted sender=1 generation=0 advanced retired=false waiting=[1] subsumed=[]
[log] [coop:transport] send host t=authorityEntry t=authorityEntry
[log] [coop:v2-authority] receipt rev=212 op=TURN/e1828413413364172/w36/t1 stage=admitted sender=1 generation=0 duplicate highestStage=0
[log] [coop:transport] send host t=authorityEntry t=authorityEntry
[log] [coop:v2-authority] receipt rev=212 op=TURN/e1828413413364172/w36/t1 stage=admitted sender=1 generation=0 duplicate highestStage=0
[log] [coop:v2-authority] receipt rev=212 op=TURN/e1828413413364172/w36/t1 stage=admitted sender=1 generation=0 duplicate highestStage=0
[log] [coop:v2-authority] receipt rev=212 op=TURN/e1828413413364172/w36/t1 stage=materialApplied sender=1 generation=0 advanced retired=false waiting=[1] subsumed=[]
[log] [coop:v2-authority] receipt rev=212 op=TURN/e1828413413364172/w36/t1 stage=controlInstalled sender=1 generation=0 advanced retired=true waiting=[] subsumed=[]
[log] [coop:interaction] interactionCounter() read -> 42 (role=host)
[log] %cStart Phase: EggLapsePhase color:green
[log] %cStart Phase: CoopVictorySealPhase color:green
[log] [coop:transport] send host t=authorityEntry t=authorityEntry
[log] [coop:v2-shadow] PARITY kind=WAVE_ADVANCE rev=213 match=true field=-
[log] [coop:runtime] settled WAVE_ADVANCE committed wave=36 tick=720 next=WAVE_VICTORY/wave37
[log] [coop:runtime] send waveEndState wave=36 tick=720 (host)
[log] [coop:replay] host SEND waveEndState wave=36 tick=720 party=6
[log] [coop:transport] send host t=waveEndState t=waveEndState
[log] [coop:progression] HOST automatic victory settlement sealed wave=36 sourceTurn=1 settlementTurn=2 tick=720
[log] [coop:transport] recv guest t=authorityEntry t=authorityEntry handlers=1
[log] [coop:transport] recv guest t=waveEndState t=waveEndState handlers=1
[log] [coop:interaction] interactionCounter() read -> 42 (role=host)
[log] [coop:owner] ownerOf(counter=42) seat=0 -> owner=host
[log] [coop:owner] isLocalOwnerAtCounter(pinnedCounter=42) parity=0 owner=host role=host -> true
[log] [coop:interaction] interactionCounter() read -> 42 (role=host)
[log] [coop:reward] owner/watcher decision: pinnedStart=42 liveCounter=42 parity=0 role=host pick=OWNER option=ROLL spoof=false
[log] [coop:shop] serializeRewardOptions count=3 ids=[EXP_SHARE,POKEBALL,BERRY] tiers=[2,0,0]
[log] [coop:reward] OWNER streams reward options (start=42 reroll=0 count=3 ids=[EXP_SHARE,POKEBALL,BERRY])
[log] [coop:relay] SEND rewardOptions seq=42 reroll=0 count=3 ids=[EXP_SHARE,POKEBALL,BERRY]
[log] [coop:transport] send host t=authorityEntry t=authorityEntry
[log] [coop:v2-shadow] PARITY kind=INTERACTION_COMMIT rev=214 match=true field=-
[log] [coop:reward] authoritative options retained surface=reward pin=42 reroll=0 count=3 rev=85 id=1828413413364172:0:REWARD_PRESENT:4200000
[log] [coop:v2-interaction] suppressed raw rewardOptions key=42:0; immutable entry retained
[log] [coop:rendezvous] ARRIVE point=shop:36:42 (send) role=host
[log] [coop:transport] send host t=rendezvous point=shop:36:42
[log] [coop:reward] OWNER drives reward screen (start=42 role=host spoof=false adoptsOptions=false wave=36)
[log] [coop:rendezvous] shop-pick-commit barrier AWAIT shop:36:42
[log] [coop:rendezvous] AWAIT point=shop:36:42 timeoutMs=2000 -> network-wait role=host
[log] [coop:transport] recv guest t=authorityEntry t=authorityEntry handlers=1
[log] [coop:transport] recv guest t=rendezvous point=shop:36:42 handlers=1
[log] [coop:interaction] interactionCounter() read -> 42 (role=host)
[log] [coop:checksum] capture digest=fb92d020297c0a09 field=4 biome=14 seed=coop-soak-20365530 weather=3 terrain=4 money=2450 party=[493,150,890,384,382,888] partyLevels=[500,500,500,500,500,500] arenaTags=0 modifiers=7 heldItemsDigest=0 pokeballs=[0:55,1:20,2:0,3:0,4:0] mons=[bi0:sp493/hp1749-1865/st0/ab121/form0/tera0:0/boss0:0 bi1:sp150/hp1613-1725/st0/ab227/form0/tera0:13/boss0:0 bi2:sp562/hp0-59/st7/ab231/form0/tera0:7/boss0:0 bi3:sp562/hp0-57/st7/ab152/form0/tera0:7/boss0:0]
[log] [coop:transport] send host t=authorityEntry t=authorityEntry
[log] [coop:rendezvous] RECV arrival point=shop:36:42 -> deliver-to-waiter role=host
[log] [coop:transport] send host t=rendezvous point=shop:36:42
[log] [coop:rendezvous] AWAIT point=shop:36:42 RESOLVE both-arrived role=host
[log] [coop:stream] host IGNORE cosmetic turn ACK stage=continuationReady key=1828413413364172:36:1:719 (v2 owns retirement)
[log] [coop:v2-authority] receipt rev=213 op=V2/WAVE/e1828413413364172/w36/tick720 stage=admitted sender=1 generation=0 advanced retired=false waiting=[1] subsumed=[]
[log] [coop:transport] send host t=authorityEntry t=authorityEntry
[log] [coop:transport] send host t=authorityEntry t=authorityEntry
[log] [coop:v2-authority] receipt rev=213 op=V2/WAVE/e1828413413364172/w36/tick720 stage=admitted sender=1 generation=0 duplicate highestStage=0
[log] [coop:v2-authority] receipt rev=213 op=V2/WAVE/e1828413413364172/w36/tick720 stage=materialApplied sender=1 generation=0 advanced retired=false waiting=[1] subsumed=[]
[log] [coop:transport] send host t=authorityEntry t=authorityEntry
[log] [coop:v2-authority] receipt rev=213 op=V2/WAVE/e1828413413364172/w36/tick720 stage=controlInstalled sender=1 generation=0 advanced retired=true waiting=[] subsumed=[]
[log] [coop:v2-authority] receipt rev=214 op=1828413413364172:0:REWARD_PRESENT:4200000 stage=admitted sender=1 generation=0 advanced retired=false waiting=[1] subsumed=[]
[log] [coop:v2-authority] receipt rev=214 op=1828413413364172:0:REWARD_PRESENT:4200000 stage=materialApplied sender=1 generation=0 advanced retired=false waiting=[1] subsumed=[]
[log] [coop:v2-authority] receipt rev=214 op=1828413413364172:0:REWARD_PRESENT:4200000 stage=materialApplied sender=1 generation=0 duplicate highestStage=1
[log] [coop:v2-authority] receipt rev=214 op=1828413413364172:0:REWARD_PRESENT:4200000 stage=controlInstalled sender=1 generation=0 advanced retired=true waiting=[] subsumed=[]
[log] [coop:transport] recv guest t=rendezvous point=shop:36:42 handlers=1
[log] [coop:transport] recv guest t=authorityEntry t=authorityEntry handlers=1
[log] [coop:transport] recv guest t=authorityEntry t=authorityEntry handlers=1
[log] [coop:transport] recv guest t=authorityEntry t=authorityEntry handlers=1
[log] [coop:interaction] mirror begin role=owner mirrorSeq=2688 interactionStart=42 reroll=0
[log] [coop:interaction] uiMirror beginSession role=owner mode=6 seq=2688 early=0
[log] [coop:owner] ownerOf(counter=42) seat=0 -> owner=host
[log] [coop:owner] isLocalOwnerAtCounter(pinnedCounter=42) parity=0 owner=host role=host -> true
[log] [coop:owner] ownerOf(counter=42) seat=0 -> owner=host
[log] [coop:owner] isLocalOwnerAtCounter(pinnedCounter=42) parity=0 owner=host role=host -> true
[log] [coop:relay] OWNER prepare seq=42 kind=reward choice=0 data=[0] role=host
[log] [coop:reward] reward op INTENT prepared label=reward id=1828413413364172:0:REWARD:4200000
[log] [coop:relay] OWNER send raw seq=42 kind=reward choice=0 role=host
[log] [coop:relay] SEND interactionChoice seq=42 kind=reward kind=? choice=0 data=[0]
[log] [coop:v2-interaction] suppressed raw authority interactionChoice seq=42 kind=reward
[log] [coop:reward] APPLY_RESULT pin=42 side=owner type=EXP_SHARE class=ExpShareModifier pregen=[] holderSlot=-1 holderId=-1 stack=1 accepted=true cost=-1
[log] [coop:v2-interaction] terminal proof recorded op=1828413413364172:0:REWARD:4200000 role=host seat=0 duplicate=0 ambient=1
[log] [coop:v2-interaction] phase terminal proof op=1828413413364172:0:REWARD:4200000 route=constructor-fallback accepted=1
[log] [coop:shop] serializeRewardOptions count=3 ids=[EXP_SHARE,POKEBALL,BERRY] tiers=[2,0,0]
[log] [coop:transport] send host t=authorityEntry t=authorityEntry
[log] [coop:v2-shadow] PARITY kind=INTERACTION_COMMIT rev=215 match=true field=-
[log] [coop:reward] reward authoritative RESULT retained rev=86 tick=722 id=1828413413364172:0:REWARD:4200000
[log] [coop:interaction] interactionCounter() read -> 42 (role=host)
[log] [coop:interaction] CoopInteractionTurn.advance INCREMENT (fromCounter=42) counter 42 -> 43
[log] [coop:interaction] advanceInteraction ADVANCED+V2-LOCAL (fromCounter=42) counter 42 -> 43 role=host
[log] [coop:owner] ownerOf(counter=43) seat=1 -> owner=guest
[log] [coop:owner] ownerOf(counter=43) seat=1 -> owner=guest
[log] [coop:interaction] interactionCounter() read -> 43 (role=host)
[log] [coop:reward] advance interaction from V2 commit (role=host from=42 counter 42 -> 43); typed successor owns release
[log] [coop:transport] recv guest t=authorityEntry t=authorityEntry handlers=1
[log] [coop:v2-authority] receipt rev=213 op=V2/WAVE/e1828413413364172/w36/tick720 stage=controlInstalled sender=1 generation=0 rejected reason=unknown-revision
[log] [coop:v2-authority] receipt rev=213 op=V2/WAVE/e1828413413364172/w36/tick720 stage=controlInstalled sender=1 generation=0 rejected reason=unknown-revision
[log] [coop:v2-authority] receipt rev=214 op=1828413413364172:0:REWARD_PRESENT:4200000 stage=controlInstalled sender=1 generation=0 rejected reason=unknown-revision
[log] [coop:v2-authority] receipt rev=214 op=1828413413364172:0:REWARD_PRESENT:4200000 stage=controlInstalled sender=1 generation=0 rejected reason=unknown-revision
[log] [coop:v2-authority] receipt rev=215 op=1828413413364172:0:REWARD:4200000 stage=admitted sender=1 generation=0 advanced retired=false waiting=[1] subsumed=[]
[log] [coop:v2-authority] receipt rev=215 op=1828413413364172:0:REWARD:4200000 stage=admitted sender=1 generation=0 duplicate highestStage=0
[log] [coop:v2-authority] receipt rev=215 op=1828413413364172:0:REWARD:4200000 stage=materialApplied sender=1 generation=0 advanced retired=false waiting=[1] subsumed=[]
[log] [coop:v2-authority] receipt rev=215 op=1828413413364172:0:REWARD:4200000 stage=controlInstalled sender=1 generation=0 advanced retired=true waiting=[] subsumed=[]
[log] [coop:interaction] interactionCounter() read -> 43 (role=host)
[log] [coop:interaction] interactionCounter() read -> 43 (role=guest)
[log] [coop-soak:wave-complete] {"seed":20365530,"wave":36,"wavesRequested":200,"wavesCompleted":36,"waveElapsedMs":3265,"elapsedMs":171266,"findings":0,"hostPhase":"NewBattlePhase","guestPhase":"NewBattlePhase"}
[log] %cStart Phase: NewBattlePhase color:green
[log] %cStart Phase: NextEncounterPhase color:green
[log] [coop:interaction] interactionCounter() read -> 43 (role=host)
[log] [coop:replay] host SEND enemyPartySync wave=37 count=2 meType=-1 battleType=0 entryPresentation=-
[log] [coop:transport] send host t=enemyPartySync wave=37 enemies=2 battleType=0
[log] [coop:turn] host recorder: begin turn=1 scope=1828413413364172:37 (no prior open recording)
[log] [coop:transport] recv guest t=enemyPartySync wave=37 enemies=2 battleType=0 handlers=1
[log] %cStart Phase: ToggleDoublePositionPhase color:green
[log] %cStart Phase: CheckSwitchPhase color:green
[log] %cStart Phase: CheckSwitchPhase color:green
[log] %cStart Phase: InitEncounterPhase color:green
[log] [coop:turn] host recorder: preserve recording scope=1828413413364172:37 turn=1 events=0 seq=0
[log] %cStart Phase: PostSummonPhase color:green
[log] %cStart Phase: PostSummonPhase color:green
[log] %cStart Phase: TurnInitPhase color:green
[log] [coop:replay] host SEND enemyPartySync wave=37 count=2 meType=-1 battleType=0 entryPresentation=0
[log] [coop:transport] send host t=enemyPartySync wave=37 enemies=2 battleType=0
[log] [coop:replay] host RE-BROADCAST wave-start authority wave=37 after post-summon boundary stateChanged=false presentation=0 (#920)
[log] [coop:transport] send host t=authorityEntry t=authorityEntry
[log] [coop:v2-shadow] PARITY kind=CONTROL_COMMIT rev=216 match=true field=-
[log] [coop:rendezvous] next-command barrier ARRIVE+AWAIT cmd:37:1 slot=0
[log] [coop:rendezvous] ARRIVE point=cmd:37:1 (send) role=host
[log] [coop:transport] send host t=rendezvous point=cmd:37:1
[log] [coop:rendezvous] AWAIT point=cmd:37:1 timeoutMs=2000 -> network-wait role=host
[log] [coop:transport] recv guest t=enemyPartySync wave=37 enemies=2 battleType=0 handlers=1
[log] [coop:transport] recv guest t=authorityEntry t=authorityEntry handlers=1
[log] [coop:transport] recv guest t=rendezvous point=cmd:37:1 handlers=1
[log] [coop:v2-authority] receipt rev=216 op=V2/CONTROL/COMMAND/e1828413413364172/w37/t1/tick726 stage=admitted sender=1 generation=0 advanced retired=false waiting=[1] subsumed=[]
[log] [coop:transport] send host t=authorityEntry t=authorityEntry
[log] [coop:rendezvous] RECV arrival point=cmd:37:1 -> deliver-to-waiter role=host
[log] [coop:transport] send host t=rendezvous point=cmd:37:1
[log] [coop:rendezvous] AWAIT point=cmd:37:1 RESOLVE both-arrived role=host
[log] [coop:v2-authority] receipt rev=216 op=V2/CONTROL/COMMAND/e1828413413364172/w37/t1/tick726 stage=admitted sender=1 generation=0 duplicate highestStage=0
[log] [coop:v2-authority] receipt rev=216 op=V2/CONTROL/COMMAND/e1828413413364172/w37/t1/tick726 stage=materialApplied sender=1 generation=0 advanced retired=false waiting=[1] subsumed=[]
[log] [coop:v2-authority] receipt rev=216 op=V2/CONTROL/COMMAND/e1828413413364172/w37/t1/tick726 stage=materialApplied sender=1 generation=0 duplicate highestStage=1
[log] [coop:v2-authority] receipt rev=216 op=V2/CONTROL/COMMAND/e1828413413364172/w37/t1/tick726 stage=materialApplied sender=1 generation=0 duplicate highestStage=1
[log] [coop:v2-authority] receipt rev=216 op=V2/CONTROL/COMMAND/e1828413413364172/w37/t1/tick726 stage=materialApplied sender=1 generation=0 duplicate highestStage=1
[log] [coop:v2-authority] receipt rev=216 op=V2/CONTROL/COMMAND/e1828413413364172/w37/t1/tick726 stage=controlInstalled sender=1 generation=0 advanced retired=true waiting=[] subsumed=[]
[log] [coop:transport] recv guest t=rendezvous point=cmd:37:1 handlers=1
[log] [coop:transport] send host t=enemyPartySync wave=37 enemies=2 battleType=0
[log] [coop:replay] host RE-BROADCAST wave-start authority wave=37 after post-summon boundary stateChanged=false presentation=0 (#920)
[log] [coop:transport] recv guest t=enemyPartySync wave=37 enemies=2 battleType=0 handlers=1
[log] [coop-soak:wave-start] {"seed":20365530,"wave":37,"wavesRequested":200,"wavesCompleted":36,"elapsedMs":172001,"hostPhase":"CommandPhase","guestPhase":"CommandPhase"}
[log] [coop:interaction] interactionCounter() read -> 43 (role=host)
[log] [coop:interaction] interactionCounter() read -> 43 (role=guest)
[log] [coop:interaction] interactionCounter() read -> 43 (role=host)
[log] [coop:checksum] capture digest=19d708ab76b8d391 field=4 biome=14 seed=coop-soak-20365530 weather=3 terrain=4 money=2450 party=[493,150,890,384,382,888] partyLevels=[500,500,500,500,500,500] arenaTags=0 modifiers=7 heldItemsDigest=5 pokeballs=[0:55,1:20,2:0,3:0,4:0] mons=[bi0:sp493/hp1749-1865/st0/ab121/form0/tera0:0/boss0:0 bi1:sp150/hp1613-1725/st0/ab227/form0/tera0:13/boss0:0 bi2:sp451/hp67-67/st0/ab4/form0/tera0:3/boss2:1 bi3:sp843/hp64-64/st0/ab146/form0/tera0:4/boss1:0]
[log] [coop:interaction] interactionCounter() read -> 43 (role=host)
[log] %cStart Phase: SelectTargetPhase color:green
[log] [coop:owner] broadcast own-slot fi=0 turn=1 role=host cmd=0
[log] [coop:relay] broadcastLocalCommand SEND fieldIndex=0 owner=host turn=1 command=0 cursor=1 moveId=247 targets=[2]
[log] [coop:transport] send host t=command fi=0 owner=host turn=1 cmd=0 cursor=1 move=247
[log] [coop:transport] recv guest t=command fi=0 owner=host turn=1 cmd=0 cursor=1 move=247 handlers=1
[log] [coop:relay] recv command fieldIndex=0 turn=1 command=0 -> BUFFERED (no awaiter yet)
[log] %cStart Phase: CommandPhase color:green
[log] [coop:transport] send host t=enemyPartySync wave=37 enemies=2 battleType=0
[log] [coop:replay] host RE-BROADCAST wave-start authority wave=37 after post-summon boundary stateChanged=true presentation=0 (#920)
[log] [coop:battle] CommandPhase slot=1 turn=1 owner=guest role=host -> partner path
[log] [coop:relay] host requestPartnerCommand SEND fieldIndex=1 turn=1 moveSlots=[0,1,2,3] (awaiting peer)
[log] [coop:transport] send host t=commandRequest fi=1 owner=guest turn=1 slots=4
[log] [coop:transport] recv guest t=enemyPartySync wave=37 enemies=2 battleType=0 handlers=1
[log] [coop:transport] recv guest t=commandRequest fi=1 owner=guest turn=1 slots=4 handlers=1
[log] [coop:relay] peer recv commandRequest fieldIndex=1 owner=guest turn=1 moveSlots=[0,1,2,3] -> reply command=0 cursor=0 moveId=34
[log] [coop:transport] send guest t=command fi=1 owner=guest turn=1 cmd=0 cursor=0 move=34
[log] [coop:transport] recv host t=command fi=1 owner=guest turn=1 cmd=0 cursor=0 move=34 handlers=1
[log] [coop:relay] recv command fieldIndex=1 turn=1 command=0 -> resolved awaiting request
[log] [coop:ai] applyWiredPartnerCommand partner=150 wiredMoveId=34 cursor=0 -> moveId=34 moveIndex=0 tera=false targets=[3] targetsFrom=wire-verbatim useMode=1
[log] %cStart Phase: EnemyCommandPhase color:green
[log] %cStart Phase: EnemyCommandPhase color:green
[log] %cStart Phase: TurnStartPhase color:green
[log] [coop-diag] turn-start authoritative guard mode=authoritative role=host turn=1 diverts=false
[log] [coop:turn] host recorder: preserve recording scope=1828413413364172:37 turn=1 events=0 seq=0
[log] %cStart Phase: MovePhase color:green
[log] [coop:turn] host recorder: append turn=1 seq=0 k=moveUsed total=1 live=true
[log] %cStart Phase: MessagePhase color:green
[log] %cStart Phase: MoveEffectPhase color:green
[log] [coop:turn] host recorder: append turn=1 seq=1 k=moveAnim total=2 live=true
[log] [coop:turn] host recorder: append turn=1 seq=2 k=hp total=3 live=true
[log] [coop:turn] host recorder: append turn=1 seq=3 k=faint total=4 live=true
[log] %cStart Phase: DamageAnimPhase color:green
[log] %cStart Phase: FaintPhase color:green
[log] %cStart Phase: MessagePhase color:green
[log] %cStart Phase: VictoryPhase color:green
[log] [coop:progression] HOST progression capture begin wave=37
[log] [coop:progression] HOST applyPartyExp COMPUTE wave=37 expValue=290.8 koMon=Silicobra
[log] %cStart Phase: MoveEndPhase color:green
[log] %cStart Phase: MovePhase color:green
[log] [coop:turn] host recorder: append turn=1 seq=4 k=moveUsed total=5 live=true
[log] %cStart Phase: MessagePhase color:green
[log] %cStart Phase: MoveEffectPhase color:green
[log] [coop:turn] host recorder: append turn=1 seq=5 k=moveAnim total=6 live=true
[log] [coop:turn] host recorder: append turn=1 seq=6 k=hp total=7 live=true
[log] [coop:turn] host recorder: append turn=1 seq=7 k=faint total=8 live=true
[log] %cStart Phase: DamageAnimPhase color:green
[log] %cStart Phase: StatStageChangePhase color:green
[log] %cStart Phase: FaintPhase color:green
[log] %cStart Phase: MessagePhase color:green
[log] %cStart Phase: VictoryPhase color:green
[log] [coop:progression] HOST applyPartyExp COMPUTE wave=37 expValue=304.6 koMon=Skorupi
[log] [coop:runtime] defer raw waveResolved wave=37 outcome=win until its material turnResolution is retained
[log] [coop-diag] VictoryPhase win-branch role=host battleType=WILD queuesTrainerVictory=false queuesSelectModifier=true wave=37
[log] [coop-diag] VictoryTail role=host wave=37 source=legacy-local trainer=false egg=true biomeShop=false biomeChange=false crossroads=false nextWave=38
[log] %cStart Phase: MoveEndPhase color:green
[log] %cStart Phase: MovePhase color:green
[log] %cStart Phase: MoveEndPhase color:green
[log] %cStart Phase: MovePhase color:green
[log] %cStart Phase: MoveEndPhase color:green
[log] %cStart Phase: CheckInterludePhase color:green
[log] %cStart Phase: WeatherEffectPhase color:green
[log] [coop:turn] host recorder: append turn=1 seq=8 k=message total=9 live=true
[log] [coop:turn] host recorder: append turn=1 seq=9 k=hp total=10 live=true
[log] [coop:turn] host recorder: append turn=1 seq=10 k=message total=11 live=true
[log] [coop:turn] host recorder: append turn=1 seq=11 k=hp total=12 live=true
[log] %cStart Phase: MessagePhase color:green
[log] %cStart Phase: DamageAnimPhase color:green
[log] %cStart Phase: MessagePhase color:green
[log] %cStart Phase: DamageAnimPhase color:green
[log] %cStart Phase: PositionalTagPhase color:green
[log] %cStart Phase: BerryPhase color:green
[log] %cStart Phase: CheckStatusEffectPhase color:green
[log] %cStart Phase: TurnEndPhase color:green
[log] %cStart Phase: CoopTurnCommitPhase color:green
[log] [coop:turn] host recorder: finalize turn=1 events=12 seq=12
[log] [coop:checkpoint] build field=4 weather=3/0 terrain=4/6 arenaTags=0 money=2450 mons=[bi0:sp493/hp1633-1865/st0/fnt0 bi1:sp150/hp1506-1725/st0/fnt0 bi2:sp451/hp0-67/st7/fnt1 bi3:sp843/hp0-64/st7/fnt1]
[log] [coop:checkpoint] host capture field=4 weather=3 terrain=4 money=2450 arenaTags=0 mons=[bi0:sp493/hp1633-1865/st0/fnt0 bi1:sp150/hp1506-1725/st0/fnt0 bi2:sp451/hp0-67/st7/fnt1 bi3:sp843/hp0-64/st7/fnt1]
[log] [coop:interaction] interactionCounter() read -> 43 (role=host)
[log] [coop:replay] host SEND turnResolution e=1828413413364172 wave=37 turn=1 rev=735 events=12 checksum=cde3a7d30edf8adf
[log] [coop:transport] send host t=authorityEntry t=authorityEntry
[log] [coop:v2-shadow] PARITY kind=TURN_COMMIT rev=217 match=true field=- successor=none-non-command-boundary
[log] [coop:transport] send host t=turnResolution e=1828413413364172 wave=37 turn=1 rev=735 events=12 checksum=cde3a7d30edf8adf
[log] [coop:runtime] send waveResolved wave=37 outcome=win (host)
[log] [coop:replay] host SEND waveResolved wave=37 outcome=win transition=WAVE_VICTORY/next38/biome0/egg1/wild
[log] [coop:transport] send host t=waveResolved wave=37 outcome=win captureParty=- cap=-
[log] [coop:transport] recv guest t=authorityEntry t=authorityEntry handlers=1
[log] [coop:transport] recv guest t=turnResolution e=1828413413364172 wave=37 turn=1 rev=735 events=12 checksum=cde3a7d30edf8adf handlers=1
[log] [coop:transport] recv guest t=waveResolved wave=37 outcome=win captureParty=- cap=- handlers=1
[log] [38;2;255;127;80mPhaseInterceptor.to: Stopping on completion of CoopTurnCommitPhase[39m
[log] %cStart Phase: BattleEndPhase color:green
[log] [coop:progression] HOST automatic victory settlement deferred wave=37 sourceTurn=1 settlementTurn=2
[log] [coop:v2-authority] receipt rev=217 op=TURN/e1828413413364172/w37/t1 stage=admitted sender=1 generation=0 advanced retired=false waiting=[1] subsumed=[]
[log] [coop:transport] send host t=authorityEntry t=authorityEntry
[log] [coop:v2-authority] receipt rev=217 op=TURN/e1828413413364172/w37/t1 stage=admitted sender=1 generation=0 duplicate highestStage=0
[log] [coop:transport] send host t=authorityEntry t=authorityEntry
[log] [coop:v2-authority] receipt rev=217 op=TURN/e1828413413364172/w37/t1 stage=admitted sender=1 generation=0 duplicate highestStage=0
[log] [coop:v2-authority] receipt rev=217 op=TURN/e1828413413364172/w37/t1 stage=admitted sender=1 generation=0 duplicate highestStage=0
[log] [coop:v2-authority] receipt rev=217 op=TURN/e1828413413364172/w37/t1 stage=materialApplied sender=1 generation=0 advanced retired=false waiting=[1] subsumed=[]
[log] [coop:v2-authority] receipt rev=217 op=TURN/e1828413413364172/w37/t1 stage=controlInstalled sender=1 generation=0 advanced retired=true waiting=[] subsumed=[]
[log] [coop:interaction] interactionCounter() read -> 43 (role=host)
[log] %cStart Phase: EggLapsePhase color:green
[log] %cStart Phase: CoopVictorySealPhase color:green
[log] [coop:transport] send host t=authorityEntry t=authorityEntry
[log] [coop:v2-shadow] PARITY kind=WAVE_ADVANCE rev=218 match=true field=-
[log] [coop:runtime] settled WAVE_ADVANCE committed wave=37 tick=736 next=WAVE_VICTORY/wave38
[log] [coop:runtime] send waveEndState wave=37 tick=736 (host)
[log] [coop:replay] host SEND waveEndState wave=37 tick=736 party=6
[log] [coop:transport] send host t=waveEndState t=waveEndState
[log] [coop:progression] HOST automatic victory settlement sealed wave=37 sourceTurn=1 settlementTurn=2 tick=736
[log] [coop:transport] recv guest t=authorityEntry t=authorityEntry handlers=1
[log] [coop:transport] recv guest t=waveEndState t=waveEndState handlers=1
[log] [coop:interaction] interactionCounter() read -> 43 (role=host)
[log] [coop:owner] ownerOf(counter=43) seat=1 -> owner=guest
[log] [coop:owner] isLocalOwnerAtCounter(pinnedCounter=43) parity=1 owner=guest role=host -> false
[log] [coop:interaction] interactionCounter() read -> 43 (role=host)
[log] [coop:reward] owner/watcher decision: pinnedStart=43 liveCounter=43 parity=1 role=host pick=WATCHER option=ROLL spoof=false
[log] [coop:shop] serializeRewardOptions count=3 ids=[TEMP_STAT_STAGE_BOOSTER,POKEBALL,VOUCHER] tiers=[0,0,1]
[log] [coop:reward] OWNER streams reward options (start=43 reroll=0 count=3 ids=[TEMP_STAT_STAGE_BOOSTER,POKEBALL,VOUCHER])
[log] [coop:relay] SEND rewardOptions seq=43 reroll=0 count=3 ids=[TEMP_STAT_STAGE_BOOSTER,POKEBALL,VOUCHER]
[log] [coop:transport] send host t=authorityEntry t=authorityEntry
[log] [coop:v2-shadow] PARITY kind=INTERACTION_COMMIT rev=219 match=true field=-
[log] [coop:reward] authoritative options retained surface=reward pin=43 reroll=0 count=3 rev=87 id=1828413413364172:1:REWARD_PRESENT:4300000
[log] [coop:v2-interaction] suppressed raw rewardOptions key=43:0; immutable entry retained
[log] [coop:rendezvous] ARRIVE point=shop:37:43 (send) role=host
[log] [coop:transport] send host t=rendezvous point=shop:37:43
[log] [coop:reward] WATCHER waits for partner's reward picks (start=43 role=host wave=37)
[log] [coop:transport] recv guest t=authorityEntry t=authorityEntry handlers=1
[log] [coop:transport] recv guest t=rendezvous point=shop:37:43 handlers=1
[log] [coop:interaction] mirror begin role=watcher mirrorSeq=2752 interactionStart=43 reroll=0
[log] [coop:interaction] uiMirror beginSession role=watcher mode=6 seq=2752 early=0
[log] [coop:relay] AWAIT interactionChoice seq=43 timeoutMs=1200000 expected=[reward,shop,skip,reroll,check,transfer,lock] -> network-wait
[log] [coop:interaction] interactionCounter() read -> 43 (role=host)
[log] [coop:checksum] capture digest=be2c9aca733f8c08 field=4 biome=14 seed=coop-soak-20365530 weather=3 terrain=4 money=2450 party=[493,150,890,384,382,888] partyLevels=[500,500,500,500,500,500] arenaTags=0 modifiers=6 heldItemsDigest=0 pokeballs=[0:55,1:20,2:0,3:0,4:0] mons=[bi0:sp493/hp1633-1865/st0/ab121/form0/tera0:0/boss0:0 bi1:sp150/hp1506-1725/st0/ab227/form0/tera0:13/boss0:0 bi2:sp451/hp0-67/st7/ab4/form0/tera0:3/boss2:0 bi3:sp843/hp0-64/st7/ab146/form0/tera0:4/boss1:0]
[log] [coop:transport] send host t=authorityEntry t=authorityEntry
[log] [coop:rendezvous] RECV arrival point=shop:37:43 -> BUFFER (no waiter yet) role=host
[log] [coop:stream] host IGNORE cosmetic turn ACK stage=continuationReady key=1828413413364172:37:1:735 (v2 owns retirement)
[log] [coop:relay] DELIVER interactionChoice seq=43 -> waiter kind=skip choice=-1 data=-
[log] [coop:relay] AWAIT interactionChoice seq=43 RESOLVE kind=skip choice=-1 data=-
[log] [coop:v2-authority] receipt rev=218 op=V2/WAVE/e1828413413364172/w37/tick736 stage=admitted sender=1 generation=0 advanced retired=false waiting=[1] subsumed=[]
[log] [coop:transport] send host t=authorityEntry t=authorityEntry
[log] [coop:transport] send host t=authorityEntry t=authorityEntry
[log] [coop:v2-authority] receipt rev=218 op=V2/WAVE/e1828413413364172/w37/tick736 stage=admitted sender=1 generation=0 duplicate highestStage=0
[log] [coop:v2-authority] receipt rev=218 op=V2/WAVE/e1828413413364172/w37/tick736 stage=materialApplied sender=1 generation=0 advanced retired=false waiting=[1] subsumed=[]
[log] [coop:transport] send host t=authorityEntry t=authorityEntry
[log] [coop:v2-authority] receipt rev=218 op=V2/WAVE/e1828413413364172/w37/tick736 stage=controlInstalled sender=1 generation=0 advanced retired=true waiting=[] subsumed=[]
[log] [coop:v2-authority] receipt rev=219 op=1828413413364172:1:REWARD_PRESENT:4300000 stage=admitted sender=1 generation=0 advanced retired=false waiting=[1] subsumed=[]
[log] [coop:v2-authority] receipt rev=219 op=1828413413364172:1:REWARD_PRESENT:4300000 stage=materialApplied sender=1 generation=0 advanced retired=false waiting=[1] subsumed=[]
[log] [coop:v2-authority] receipt rev=219 op=1828413413364172:1:REWARD_PRESENT:4300000 stage=materialApplied sender=1 generation=0 duplicate highestStage=1
[log] [coop:v2-authority] receipt rev=219 op=1828413413364172:1:REWARD_PRESENT:4300000 stage=controlInstalled sender=1 generation=0 advanced retired=true waiting=[] subsumed=[]
[log] [coop:v2-authority] receipt rev=218 op=V2/WAVE/e1828413413364172/w37/tick736 stage=controlInstalled sender=1 generation=0 rejected reason=unknown-revision
[log] [coop:reward] WATCHER applying relayed action seq=43 act=LEAVE choice=-1 data=-
[log] [coop:v2-interaction] terminal proof recorded op=1828413413364172:1:REWARD:4300000 role=host seat=0 duplicate=0 ambient=1
[log] [coop:v2-interaction] phase terminal proof op=1828413413364172:1:REWARD:4300000 route=constructor-fallback accepted=1
[log] [coop:shop] serializeRewardOptions count=3 ids=[TEMP_STAT_STAGE_BOOSTER,POKEBALL,VOUCHER] tiers=[0,0,1]
[log] [coop:transport] send host t=authorityEntry t=authorityEntry
[log] [coop:v2-shadow] PARITY kind=INTERACTION_COMMIT rev=220 match=true field=-
[log] [coop:reward] reward authoritative RESULT retained rev=88 tick=738 id=1828413413364172:1:REWARD:4300000
[log] [coop:transport] recv guest t=authorityEntry t=authorityEntry handlers=1
[log] [coop:transport] recv guest t=authorityEntry t=authorityEntry handlers=1
[log] [coop:transport] recv guest t=authorityEntry t=authorityEntry handlers=1
[log] [coop:transport] recv guest t=authorityEntry t=authorityEntry handlers=1
[log] [coop:interaction] interactionCounter() read -> 43 (role=host)
[log] [coop:interaction] interactionCounter() read -> 43 (role=host)
[log] [coop:v2-authority] receipt rev=218 op=V2/WAVE/e1828413413364172/w37/tick736 stage=controlInstalled sender=1 generation=0 rejected reason=unknown-revision
[log] [coop:v2-authority] receipt rev=219 op=1828413413364172:1:REWARD_PRESENT:4300000 stage=controlInstalled sender=1 generation=0 rejected reason=unknown-revision
[log] [coop:v2-authority] receipt rev=219 op=1828413413364172:1:REWARD_PRESENT:4300000 stage=controlInstalled sender=1 generation=0 rejected reason=unknown-revision
[log] [coop:v2-authority] receipt rev=220 op=1828413413364172:1:REWARD:4300000 stage=admitted sender=1 generation=0 advanced retired=false waiting=[1] subsumed=[]
[log] [coop:v2-authority] receipt rev=220 op=1828413413364172:1:REWARD:4300000 stage=admitted sender=1 generation=0 duplicate highestStage=0
[log] [coop:v2-authority] receipt rev=220 op=1828413413364172:1:REWARD:4300000 stage=materialApplied sender=1 generation=0 advanced retired=false waiting=[1] subsumed=[]
[log] [coop:v2-authority] receipt rev=220 op=1828413413364172:1:REWARD:4300000 stage=controlInstalled sender=1 generation=0 advanced retired=true waiting=[] subsumed=[]
[log] [coop:reward] OWNER peer material applied; release terminal engine barrier seq=43 id=1828413413364172:1:REWARD:4300000
[log] [coop:interaction] interactionCounter() read -> 43 (role=host)
[log] [coop:interaction] CoopInteractionTurn.advance INCREMENT (fromCounter=43) counter 43 -> 44
[log] [coop:interaction] advanceInteraction ADVANCED+V2-LOCAL (fromCounter=43) counter 43 -> 44 role=host
[log] [coop:owner] ownerOf(counter=44) seat=0 -> owner=host
[log] [coop:owner] ownerOf(counter=44) seat=0 -> owner=host
[log] [coop:interaction] interactionCounter() read -> 44 (role=host)
[log] [coop:reward] advance interaction from V2 commit (role=host from=43 counter 43 -> 44); typed successor owns release
[log] [coop:interaction] interactionCounter() read -> 44 (role=host)
[log] [coop:interaction] interactionCounter() read -> 44 (role=guest)
[log] [coop:interaction] interactionCounter() read -> 44 (role=host)
[log] [coop:interaction] interactionCounter() read -> 44 (role=guest)
[log] [coop-soak:wave-complete] {"seed":20365530,"wave":37,"wavesRequested":200,"wavesCompleted":37,"waveElapsedMs":2950,"elapsedMs":174951,"findings":0,"hostPhase":"NewBattlePhase","guestPhase":"NewBattlePhase"}
[log] %cStart Phase: NewBattlePhase color:green
[log] %cStart Phase: NextEncounterPhase color:green
[log] [coop:interaction] interactionCounter() read -> 44 (role=host)
[log] [coop:replay] host SEND enemyPartySync wave=38 count=2 meType=-1 battleType=0 entryPresentation=-
[log] [coop:transport] send host t=enemyPartySync wave=38 enemies=2 battleType=0
[log] [coop:turn] host recorder: begin turn=1 scope=1828413413364172:38 (no prior open recording)
[log] [coop:transport] recv guest t=enemyPartySync wave=38 enemies=2 battleType=0 handlers=1
[log] %cStart Phase: ToggleDoublePositionPhase color:green
[log] %cStart Phase: CheckSwitchPhase color:green
[log] %cStart Phase: CheckSwitchPhase color:green
[log] %cStart Phase: InitEncounterPhase color:green
[log] [coop:turn] host recorder: preserve recording scope=1828413413364172:38 turn=1 events=0 seq=0
[log] %cStart Phase: PostSummonPhase color:green
[log] %cStart Phase: PostSummonPhase color:green
[log] %cStart Phase: ShowAbilityPhase color:green
[log] [coop:turn] host recorder: append turn=1 seq=0 k=showAbility total=1 live=true
[log] %cStart Phase: StatStageChangePhase color:green
[log] [coop:turn] host recorder: append turn=1 seq=1 k=message total=2 live=true
[log] [coop:turn] host recorder: append turn=1 seq=2 k=statStage total=3 live=true
[log] %cStart Phase: MessagePhase color:green
[log] %cStart Phase: StatStageChangePhase color:green
[log] [coop:turn] host recorder: append turn=1 seq=3 k=message total=4 live=true
[log] [coop:turn] host recorder: append turn=1 seq=4 k=statStage total=5 live=true
[log] %cStart Phase: MessagePhase color:green
[log] %cStart Phase: HideAbilityPhase color:green
[log] [coop:turn] host recorder: append turn=1 seq=5 k=hideAbility total=6 live=true
[log] %cStart Phase: PostSummonPhase color:green
[log] %cStart Phase: TurnInitPhase color:green
[log] [coop:replay] host SEND enemyPartySync wave=38 count=2 meType=-1 battleType=0 entryPresentation=6
[log] [coop:transport] send host t=enemyPartySync wave=38 enemies=2 battleType=0
[log] [coop:replay] host RE-BROADCAST wave-start authority wave=38 after post-summon boundary stateChanged=true presentation=6 (#920)
[log] [coop:transport] send host t=authorityEntry t=authorityEntry
[log] [coop:v2-shadow] PARITY kind=CONTROL_COMMIT rev=221 match=true field=-
[log] [coop:rendezvous] next-command barrier ARRIVE+AWAIT cmd:38:1 slot=0
[log] [coop:rendezvous] ARRIVE point=cmd:38:1 (send) role=host
[log] [coop:transport] send host t=rendezvous point=cmd:38:1
[log] [coop:rendezvous] AWAIT point=cmd:38:1 timeoutMs=2000 -> network-wait role=host
[log] [coop:transport] recv guest t=enemyPartySync wave=38 enemies=2 battleType=0 handlers=1
[log] [coop:transport] recv guest t=authorityEntry t=authorityEntry handlers=1
[log] [coop:transport] recv guest t=rendezvous point=cmd:38:1 handlers=1
[log] [coop:v2-authority] receipt rev=221 op=V2/CONTROL/COMMAND/e1828413413364172/w38/t1/tick742 stage=admitted sender=1 generation=0 advanced retired=false waiting=[1] subsumed=[]
[log] [coop:transport] send host t=authorityEntry t=authorityEntry
[log] [coop:rendezvous] RECV arrival point=cmd:38:1 -> deliver-to-waiter role=host
[log] [coop:transport] send host t=rendezvous point=cmd:38:1
[log] [coop:rendezvous] AWAIT point=cmd:38:1 RESOLVE both-arrived role=host
[log] [coop:v2-authority] receipt rev=221 op=V2/CONTROL/COMMAND/e1828413413364172/w38/t1/tick742 stage=admitted sender=1 generation=0 duplicate highestStage=0
[log] [coop:v2-authority] receipt rev=221 op=V2/CONTROL/COMMAND/e1828413413364172/w38/t1/tick742 stage=materialApplied sender=1 generation=0 advanced retired=false waiting=[1] subsumed=[]
[log] [coop:v2-authority] receipt rev=221 op=V2/CONTROL/COMMAND/e1828413413364172/w38/t1/tick742 stage=materialApplied sender=1 generation=0 duplicate highestStage=1
[log] [coop:v2-authority] receipt rev=221 op=V2/CONTROL/COMMAND/e1828413413364172/w38/t1/tick742 stage=materialApplied sender=1 generation=0 duplicate highestStage=1
[log] [coop:v2-authority] receipt rev=221 op=V2/CONTROL/COMMAND/e1828413413364172/w38/t1/tick742 stage=materialApplied sender=1 generation=0 duplicate highestStage=1
[log] [coop:v2-authority] receipt rev=221 op=V2/CONTROL/COMMAND/e1828413413364172/w38/t1/tick742 stage=controlInstalled sender=1 generation=0 advanced retired=true waiting=[] subsumed=[]
[log] [coop:transport] recv guest t=rendezvous point=cmd:38:1 handlers=1
[log] [coop:transport] send host t=enemyPartySync wave=38 enemies=2 battleType=0
[log] [coop:replay] host RE-BROADCAST wave-start authority wave=38 after post-summon boundary stateChanged=false presentation=6 (#920)
[log] [coop:transport] recv guest t=enemyPartySync wave=38 enemies=2 battleType=0 handlers=1
[log] [coop-soak:wave-start] {"seed":20365530,"wave":38,"wavesRequested":200,"wavesCompleted":37,"elapsedMs":176091,"hostPhase":"CommandPhase","guestPhase":"CommandPhase"}
[log] [coop:interaction] interactionCounter() read -> 44 (role=host)
[log] [coop:interaction] interactionCounter() read -> 44 (role=guest)
[log] [coop:interaction] interactionCounter() read -> 44 (role=host)
[log] [coop:checksum] capture digest=b5429111035838c4 field=4 biome=14 seed=coop-soak-20365530 weather=3 terrain=4 money=2450 party=[493,150,890,384,382,888] partyLevels=[500,500,500,500,500,500] arenaTags=0 modifiers=6 heldItemsDigest=5 pokeballs=[0:55,1:20,2:0,3:0,4:0] mons=[bi0:sp493/hp1633-1865/st0/ab121/form0/tera0:0/boss0:0 bi1:sp150/hp1506-1725/st0/ab227/form0/tera0:13/boss0:0 bi2:sp207/hp77-77/st0/ab8/form0/tera0:4/boss2:1 bi3:sp552/hp72-72/st0/ab22/form0/tera0:4/boss1:0]
[log] [coop:interaction] interactionCounter() read -> 44 (role=host)
[log] [coop:relay] broadcastLocalCommand SEND fieldIndex=0 owner=host turn=1 command=2 cursor=2 moveId=- targets=[]
[log] [coop:transport] send host t=command fi=0 owner=host turn=1 cmd=2 cursor=2 move=-
[log] [coop:transport] recv guest t=command fi=0 owner=host turn=1 cmd=2 cursor=2 move=- handlers=1
[log] [coop:relay] recv command fieldIndex=0 turn=1 command=2 -> BUFFERED (no awaiter yet)
[log] %cStart Phase: CommandPhase color:green
[log] [coop:transport] send host t=enemyPartySync wave=38 enemies=2 battleType=0
[log] [coop:replay] host RE-BROADCAST wave-start authority wave=38 after post-summon boundary stateChanged=true presentation=6 (#920)
[log] [coop:battle] CommandPhase slot=1 turn=1 owner=guest role=host -> partner path
[log] [coop:relay] host requestPartnerCommand SEND fieldIndex=1 turn=1 moveSlots=[0,1,2,3] (awaiting peer)
[log] [coop:transport] send host t=commandRequest fi=1 owner=guest turn=1 slots=4
[log] [coop:transport] recv guest t=enemyPartySync wave=38 enemies=2 battleType=0 handlers=1
[log] [coop:transport] recv guest t=commandRequest fi=1 owner=guest turn=1 slots=4 handlers=1
[log] [coop:relay] peer recv commandRequest fieldIndex=1 owner=guest turn=1 moveSlots=[0,1,2,3] -> reply command=0 cursor=2 moveId=53
[log] [coop:transport] send guest t=command fi=1 owner=guest turn=1 cmd=0 cursor=2 move=53
[log] [coop:transport] recv host t=command fi=1 owner=guest turn=1 cmd=0 cursor=2 move=53 handlers=1
[log] [coop:relay] recv command fieldIndex=1 turn=1 command=0 -> resolved awaiting request
[log] [coop:ai] applyWiredPartnerCommand partner=150 wiredMoveId=53 cursor=2 -> moveId=53 moveIndex=2 tera=false targets=[3] targetsFrom=wire-verbatim useMode=1
[log] %cStart Phase: EnemyCommandPhase color:green
[log] %cStart Phase: EnemyCommandPhase color:green
[log] %cStart Phase: TurnStartPhase color:green
[log] [coop-diag] turn-start authoritative guard mode=authoritative role=host turn=1 diverts=false
[log] [coop:turn] host recorder: preserve recording scope=1828413413364172:38 turn=1 events=8 seq=8
[log] %cStart Phase: SwitchSummonPhase color:green
[log] [coop:turn] host recorder: preserve recording scope=1828413413364172:38 turn=1 events=8 seq=8
[log] [coop:turn] host recorder: append turn=1 seq=8 k=switch total=9 live=true
[log] %cStart Phase: PostSummonPhase color:green
[log] %cStart Phase: PostSummonPhase color:green
[log] [coop:turn] host recorder: append turn=1 seq=9 k=message total=10 live=true
[log] %cStart Phase: ShowAbilityPhase color:green
[log] [coop:turn] host recorder: append turn=1 seq=10 k=showAbility total=11 live=true
[log] %cStart Phase: StatStageChangePhase color:green
[log] [coop:turn] host recorder: append turn=1 seq=11 k=message total=12 live=true
[log] [coop:turn] host recorder: append turn=1 seq=12 k=statStage total=13 live=true
[log] %cStart Phase: MessagePhase color:green
[log] %cStart Phase: HideAbilityPhase color:green
[log] [coop:turn] host recorder: append turn=1 seq=13 k=hideAbility total=14 live=true
[log] %cStart Phase: ShowAbilityPhase color:green
[log] [coop:turn] host recorder: append turn=1 seq=14 k=showAbility total=15 live=true
[log] %cStart Phase: MessagePhase color:green
[log] %cStart Phase: HideAbilityPhase color:green
[log] [coop:turn] host recorder: append turn=1 seq=15 k=hideAbility total=16 live=true
[log] %cStart Phase: MovePhase color:green
[log] [coop:turn] host recorder: append turn=1 seq=16 k=moveUsed total=17 live=true
[log] %cStart Phase: MessagePhase color:green
[log] %cStart Phase: MoveEffectPhase color:green
[log] [coop:turn] host recorder: append turn=1 seq=17 k=moveAnim total=18 live=true
[log] [coop:turn] host recorder: append turn=1 seq=18 k=hp total=19 live=true
[log] [coop:turn] host recorder: append turn=1 seq=19 k=faint total=20 live=true
[log] %cStart Phase: DamageAnimPhase color:green
[log] %cStart Phase: FaintPhase color:green
[log] %cStart Phase: MessagePhase color:green
[log] %cStart Phase: VictoryPhase color:green
[log] [coop:progression] HOST progression capture begin wave=38
[log] [coop:progression] HOST applyPartyExp COMPUTE wave=38 expValue=616 koMon=Krokorok
[log] %cStart Phase: MoveEndPhase color:green
[log] %cStart Phase: MovePhase color:green
[log] [coop:turn] host recorder: append turn=1 seq=20 k=moveUsed total=21 live=true
[log] %cStart Phase: MessagePhase color:green
[log] %cStart Phase: MoveEffectPhase color:green
[log] [coop:turn] host recorder: append turn=1 seq=21 k=moveAnim total=22 live=true
[log] [coop:turn] host recorder: append turn=1 seq=22 k=hp total=23 live=true
[log] [coop:turn] host recorder: append turn=1 seq=23 k=message total=24 live=true
[log] [coop:turn] host recorder: append turn=1 seq=24 k=hp total=25 live=true
[log] [coop:turn] host recorder: append turn=1 seq=25 k=message total=26 live=true
[log] %cStart Phase: DamageAnimPhase color:green
[log] %cStart Phase: MessagePhase color:green
[log] %cStart Phase: DamageAnimPhase color:green
[log] %cStart Phase: MessagePhase color:green
[log] %cStart Phase: MoveEndPhase color:green
[log] %cStart Phase: MovePhase color:green
[log] %cStart Phase: MoveEndPhase color:green
[log] %cStart Phase: CheckInterludePhase color:green
[log] %cStart Phase: WeatherEffectPhase color:green
[log] [coop:turn] host recorder: append turn=1 seq=26 k=message total=27 live=true
[log] [coop:turn] host recorder: append turn=1 seq=27 k=hp total=28 live=true
[log] [coop:turn] host recorder: append turn=1 seq=28 k=message total=29 live=true
[log] [coop:turn] host recorder: append turn=1 seq=29 k=hp total=30 live=true
[log] %cStart Phase: MessagePhase color:green
[log] %cStart Phase: DamageAnimPhase color:green
[log] %cStart Phase: MessagePhase color:green
[log] %cStart Phase: DamageAnimPhase color:green
[log] %cStart Phase: PositionalTagPhase color:green
[log] %cStart Phase: BerryPhase color:green
[log] %cStart Phase: CheckStatusEffectPhase color:green
[log] %cStart Phase: TurnEndPhase color:green
[log] [coop:turn] host recorder: append turn=1 seq=30 k=message total=31 live=true
[log] [coop:turn] host recorder: append turn=1 seq=31 k=commonAnim total=32 live=true
[log] [coop:turn] host recorder: append turn=1 seq=32 k=hp total=33 live=true
[log] [coop:turn] host recorder: append turn=1 seq=33 k=message total=34 live=true
[log] [coop:turn] host recorder: append turn=1 seq=34 k=commonAnim total=35 live=true
[log] [coop:turn] host recorder: append turn=1 seq=35 k=hp total=36 live=true
[log] %cStart Phase: MessagePhase color:green
[log] %cStart Phase: CommonAnimPhase color:green
[log] %cStart Phase: DamageAnimPhase color:green
[log] %cStart Phase: PokemonHealPhase color:green
[log] [coop:turn] host recorder: append turn=1 seq=36 k=hp total=37 live=true
[log] [coop:turn] host recorder: append turn=1 seq=37 k=message total=38 live=true
[log] %cStart Phase: MessagePhase color:green
[log] %cStart Phase: MessagePhase color:green
[log] %cStart Phase: CommonAnimPhase color:green
[log] %cStart Phase: DamageAnimPhase color:green
[log] %cStart Phase: CoopTurnCommitPhase color:green
[log] [coop:turn] host recorder: finalize turn=1 events=38 seq=38
[log] [coop:checkpoint] build field=4 weather=3/0 terrain=4/5 arenaTags=0 money=2450 mons=[bi0:sp890/hp1546-2065/st0/fnt0 bi1:sp150/hp965-1725/st0/fnt0 bi2:sp207/hp77-77/st0/fnt0 bi3:sp552/hp0-72/st7/fnt1]
[log] [coop:checkpoint] host capture field=4 weather=3 terrain=4 money=2450 arenaTags=0 mons=[bi0:sp890/hp1546-2065/st0/fnt0 bi1:sp150/hp965-1725/st0/fnt0 bi2:sp207/hp77-77/st0/fnt0 bi3:sp552/hp0-72/st7/fnt1]
[log] [coop:interaction] interactionCounter() read -> 44 (role=host)
[log] [coop:replay] host SEND turnResolution e=1828413413364172 wave=38 turn=1 rev=751 events=38 checksum=ca81a144b3a11115
[log] [coop:transport] send host t=authorityEntry t=authorityEntry
[log] [coop:v2-shadow] PARITY kind=TURN_COMMIT rev=222 match=true field=- successor=owner-field
[log] [coop:transport] send host t=turnResolution e=1828413413364172 wave=38 turn=1 rev=751 events=38 checksum=ca81a144b3a11115
[log] [coop:transport] recv guest t=authorityEntry t=authorityEntry handlers=1
[log] [coop:transport] recv guest t=turnResolution e=1828413413364172 wave=38 turn=1 rev=751 events=38 checksum=ca81a144b3a11115 handlers=1
[log] [38;2;255;127;80mPhaseInterceptor.to: Stopping on completion of CoopTurnCommitPhase[39m
[log] [coop:v2-authority] receipt rev=222 op=TURN/e1828413413364172/w38/t1 stage=admitted sender=1 generation=0 advanced retired=false waiting=[1] subsumed=[]
[log] [coop:transport] send host t=authorityEntry t=authorityEntry
[log] [coop:v2-authority] receipt rev=222 op=TURN/e1828413413364172/w38/t1 stage=admitted sender=1 generation=0 duplicate highestStage=0
[log] [coop:transport] send host t=authorityEntry t=authorityEntry
[log] [coop:v2-authority] receipt rev=222 op=TURN/e1828413413364172/w38/t1 stage=admitted sender=1 generation=0 duplicate highestStage=0
[log] [coop:transport] send host t=authorityEntry t=authorityEntry
[log] [coop:v2-authority] receipt rev=222 op=TURN/e1828413413364172/w38/t1 stage=admitted sender=1 generation=0 duplicate highestStage=0
[log] [coop:v2-authority] receipt rev=222 op=TURN/e1828413413364172/w38/t1 stage=admitted sender=1 generation=0 duplicate highestStage=0
[log] [coop:v2-authority] receipt rev=222 op=TURN/e1828413413364172/w38/t1 stage=materialApplied sender=1 generation=0 advanced retired=false waiting=[1] subsumed=[]
[log] %cStart Phase: TurnInitPhase color:green
[log] [coop:transport] recv host t=rendezvous point=cmd:38:2 handlers=1
[log] [coop:rendezvous] RECV arrival point=cmd:38:2 -> BUFFER (no waiter yet) role=host
[log] [coop:rendezvous] ARRIVE point=cmd:38:2 (send) role=host
[log] [coop:transport] send host t=rendezvous point=cmd:38:2
[log] [coop:rendezvous] next-command barrier cmd:38:2 SYNC pass (partner already arrived)
[log] [coop:transport] recv guest t=rendezvous point=cmd:38:2 handlers=1
[log] [coop:stream] host IGNORE cosmetic turn ACK stage=continuationReady key=1828413413364172:38:1:751 (v2 owns retirement)
[log] [coop:v2-authority] receipt rev=222 op=TURN/e1828413413364172/w38/t1 stage=materialApplied sender=1 generation=0 duplicate highestStage=1
[log] [coop:v2-authority] receipt rev=222 op=TURN/e1828413413364172/w38/t1 stage=controlInstalled sender=1 generation=0 advanced retired=true waiting=[] subsumed=[]
[log] %cStart Phase: SelectTargetPhase color:green
[log] [coop:owner] broadcast own-slot fi=0 turn=2 role=host cmd=0
[log] [coop:relay] broadcastLocalCommand SEND fieldIndex=0 owner=host turn=2 command=0 cursor=1 moveId=247 targets=[2]
[log] [coop:transport] send host t=command fi=0 owner=host turn=2 cmd=0 cursor=1 move=247
[log] [coop:transport] recv guest t=command fi=0 owner=host turn=2 cmd=0 cursor=1 move=247 handlers=1
[log] [coop:relay] recv command fieldIndex=0 turn=2 command=0 -> BUFFERED (no awaiter yet)
[log] %cStart Phase: CommandPhase color:green
[log] [coop:battle] CommandPhase slot=1 turn=2 owner=guest role=host -> partner path
[log] [coop:relay] host requestPartnerCommand SEND fieldIndex=1 turn=2 moveSlots=[0,1,2,3] (awaiting peer)
[log] [coop:transport] send host t=commandRequest fi=1 owner=guest turn=2 slots=4
[log] [coop:transport] recv guest t=commandRequest fi=1 owner=guest turn=2 slots=4 handlers=1
[log] [coop:relay] peer recv commandRequest fieldIndex=1 owner=guest turn=2 moveSlots=[0,1,2,3] -> reply command=0 cursor=2 moveId=53
[log] [coop:transport] send guest t=command fi=1 owner=guest turn=2 cmd=0 cursor=2 move=53
[log] [coop:transport] recv host t=command fi=1 owner=guest turn=2 cmd=0 cursor=2 move=53 handlers=1
[log] [coop:relay] recv command fieldIndex=1 turn=2 command=0 -> resolved awaiting request
[log] [coop:ai] applyWiredPartnerCommand partner=150 wiredMoveId=53 cursor=2 -> moveId=53 moveIndex=2 tera=false targets=[2] targetsFrom=wire-verbatim useMode=1
[log] %cStart Phase: EnemyCommandPhase color:green
[log] %cStart Phase: TurnStartPhase color:green
[log] [coop-diag] turn-start authoritative guard mode=authoritative role=host turn=2 diverts=false
[log] [coop:turn] host recorder: begin turn=2 scope=1828413413364172:38 (no prior open recording)
[log] %cStart Phase: MovePhase color:green
[log] [coop:turn] host recorder: append turn=2 seq=0 k=moveUsed total=1 live=true
[log] %cStart Phase: MessagePhase color:green
[log] %cStart Phase: MoveEffectPhase color:green
[log] [coop:turn] host recorder: append turn=2 seq=1 k=moveAnim total=2 live=true
[log] [coop:turn] host recorder: append turn=2 seq=2 k=hp total=3 live=true
[log] [coop:turn] host recorder: append turn=2 seq=3 k=faint total=4 live=true
[log] %cStart Phase: DamageAnimPhase color:green
[log] %cStart Phase: StatStageChangePhase color:green
[log] %cStart Phase: FaintPhase color:green
[log] [coop:turn] host recorder: append turn=2 seq=4 k=message total=5 live=true
[log] [coop:turn] host recorder: append turn=2 seq=5 k=message total=6 live=true
[log] %cStart Phase: MessagePhase color:green
[log] %cStart Phase: VictoryPhase color:green
[log] [coop:progression] HOST applyPartyExp COMPUTE wave=38 expValue=448.2 koMon=Gligar
[log] [coop:runtime] defer raw waveResolved wave=38 outcome=win until its material turnResolution is retained
[log] [coop-diag] VictoryPhase win-branch role=host battleType=WILD queuesTrainerVictory=false queuesSelectModifier=true wave=38
[log] [coop-diag] VictoryTail role=host wave=38 source=legacy-local trainer=false egg=true biomeShop=false biomeChange=false crossroads=false nextWave=39
[log] %cStart Phase: MessagePhase color:green
[log] %cStart Phase: MessagePhase color:green
[log] %cStart Phase: MoveEndPhase color:green
[log] [coop:turn] host recorder: append turn=2 seq=6 k=hp total=7 live=true
[log] [coop:turn] host recorder: append turn=2 seq=7 k=message total=8 live=true
[log] %cStart Phase: DamageAnimPhase color:green
[log] %cStart Phase: MessagePhase color:green
[log] %cStart Phase: MovePhase color:green
[log] [coop:turn] host recorder: append turn=2 seq=8 k=moveUsed total=9 live=true
[log] [coop:turn] host recorder: append turn=2 seq=9 k=message total=10 live=true
[log] %cStart Phase: MessagePhase color:green
[log] %cStart Phase: MessagePhase color:green
[log] %cStart Phase: MoveEndPhase color:green
[log] %cStart Phase: MovePhase color:green
[log] %cStart Phase: MoveEndPhase color:green
[log] %cStart Phase: CheckInterludePhase color:green
[log] %cStart Phase: WeatherEffectPhase color:green
[log] [coop:turn] host recorder: append turn=2 seq=10 k=message total=11 live=true
[log] [coop:turn] host recorder: append turn=2 seq=11 k=hp total=12 live=true
[log] [coop:turn] host recorder: append turn=2 seq=12 k=message total=13 live=true
[log] [coop:turn] host recorder: append turn=2 seq=13 k=hp total=14 live=true
[log] %cStart Phase: MessagePhase color:green
[log] %cStart Phase: DamageAnimPhase color:green
[log] %cStart Phase: MessagePhase color:green
[log] %cStart Phase: DamageAnimPhase color:green
[log] %cStart Phase: PositionalTagPhase color:green
[log] %cStart Phase: BerryPhase color:green
[log] %cStart Phase: CheckStatusEffectPhase color:green
[log] %cStart Phase: TurnEndPhase color:green
[log] %cStart Phase: PokemonHealPhase color:green
[log] [coop:turn] host recorder: append turn=2 seq=14 k=hp total=15 live=true
[log] [coop:turn] host recorder: append turn=2 seq=15 k=message total=16 live=true
[log] %cStart Phase: MessagePhase color:green
[log] %cStart Phase: CoopTurnCommitPhase color:green
[log] [coop:turn] host recorder: finalize turn=2 events=16 seq=16
[log] [coop:checkpoint] build field=4 weather=3/0 terrain=4/4 arenaTags=0 money=2450 mons=[bi0:sp890/hp1521-2065/st0/fnt0 bi1:sp150/hp858-1725/st0/fnt0 bi2:sp207/hp0-77/st7/fnt1 bi3:sp552/hp0-72/st7/fnt1]
[log] [coop:checkpoint] host capture field=4 weather=3 terrain=4 money=2450 arenaTags=0 mons=[bi0:sp890/hp1521-2065/st0/fnt0 bi1:sp150/hp858-1725/st0/fnt0 bi2:sp207/hp0-77/st7/fnt1 bi3:sp552/hp0-72/st7/fnt1]
[log] [coop:interaction] interactionCounter() read -> 44 (role=host)
[log] [coop:replay] host SEND turnResolution e=1828413413364172 wave=38 turn=2 rev=760 events=16 checksum=fa18d1ec59b0898a
[log] [coop:transport] send host t=authorityEntry t=authorityEntry
[log] [coop:v2-shadow] PARITY kind=TURN_COMMIT rev=223 match=true field=- successor=none-non-command-boundary
[log] [coop:transport] send host t=turnResolution e=1828413413364172 wave=38 turn=2 rev=760 events=16 checksum=fa18d1ec59b0898a
[log] [coop:runtime] send waveResolved wave=38 outcome=win (host)
[log] [coop:replay] host SEND waveResolved wave=38 outcome=win transition=WAVE_VICTORY/next39/biome0/egg1/wild
[log] [coop:transport] send host t=waveResolved wave=38 outcome=win captureParty=- cap=-
[log] [coop:transport] recv guest t=authorityEntry t=authorityEntry handlers=1
[log] [coop:transport] recv guest t=turnResolution e=1828413413364172 wave=38 turn=2 rev=760 events=16 checksum=fa18d1ec59b0898a handlers=1
[log] [coop:transport] recv guest t=waveResolved wave=38 outcome=win captureParty=- cap=- handlers=1
[log] [38;2;255;127;80mPhaseInterceptor.to: Stopping on completion of CoopTurnCommitPhase[39m
[log] %cStart Phase: BattleEndPhase color:green
[log] [coop:progression] HOST automatic victory settlement deferred wave=38 sourceTurn=2 settlementTurn=3
[log] [coop:v2-authority] receipt rev=223 op=TURN/e1828413413364172/w38/t2 stage=admitted sender=1 generation=0 advanced retired=false waiting=[1] subsumed=[]
[log] [coop:transport] send host t=authorityEntry t=authorityEntry
[log] [coop:transport] recv guest t=authorityEntry t=authorityEntry handlers=1
[log] [coop:v2-authority] receipt rev=223 op=TURN/e1828413413364172/w38/t2 stage=admitted sender=1 generation=0 duplicate highestStage=0
[log] [coop:transport] send host t=authorityEntry t=authorityEntry
[log] [coop:v2-authority] receipt rev=223 op=TURN/e1828413413364172/w38/t2 stage=admitted sender=1 generation=0 duplicate highestStage=0
[log] [coop:v2-authority] receipt rev=223 op=TURN/e1828413413364172/w38/t2 stage=admitted sender=1 generation=0 duplicate highestStage=0
[log] [coop:v2-authority] receipt rev=223 op=TURN/e1828413413364172/w38/t2 stage=materialApplied sender=1 generation=0 advanced retired=false waiting=[1] subsumed=[]
[log] [coop:v2-authority] receipt rev=223 op=TURN/e1828413413364172/w38/t2 stage=controlInstalled sender=1 generation=0 advanced retired=true waiting=[] subsumed=[]
[log] [coop:interaction] interactionCounter() read -> 44 (role=host)
[log] %cStart Phase: EggLapsePhase color:green
[log] %cStart Phase: CoopVictorySealPhase color:green
[log] [coop:transport] send host t=authorityEntry t=authorityEntry
[log] [coop:v2-shadow] PARITY kind=WAVE_ADVANCE rev=224 match=true field=-
[log] [coop:runtime] settled WAVE_ADVANCE committed wave=38 tick=761 next=WAVE_VICTORY/wave39
[log] [coop:runtime] send waveEndState wave=38 tick=761 (host)
[log] [coop:replay] host SEND waveEndState wave=38 tick=761 party=6
[log] [coop:transport] send host t=waveEndState t=waveEndState
[log] [coop:progression] HOST automatic victory settlement sealed wave=38 sourceTurn=2 settlementTurn=3 tick=761
[log] [coop:transport] recv guest t=authorityEntry t=authorityEntry handlers=1
[log] [coop:transport] recv guest t=waveEndState t=waveEndState handlers=1
[log] [coop:interaction] interactionCounter() read -> 44 (role=host)
[log] [coop:owner] ownerOf(counter=44) seat=0 -> owner=host
[log] [coop:owner] isLocalOwnerAtCounter(pinnedCounter=44) parity=0 owner=host role=host -> true
[log] [coop:interaction] interactionCounter() read -> 44 (role=host)
[log] [coop:reward] owner/watcher decision: pinnedStart=44 liveCounter=44 parity=0 role=host pick=OWNER option=ROLL spoof=false
[log] [coop:shop] serializeRewardOptions count=3 ids=[ER_MENTAL_HERB,GREAT_BALL,VOUCHER] tiers=[1,1,1]
[log] [coop:reward] OWNER streams reward options (start=44 reroll=0 count=3 ids=[ER_MENTAL_HERB,GREAT_BALL,VOUCHER])
[log] [coop:relay] SEND rewardOptions seq=44 reroll=0 count=3 ids=[ER_MENTAL_HERB,GREAT_BALL,VOUCHER]
[log] [coop:transport] send host t=authorityEntry t=authorityEntry
[log] [coop:v2-shadow] PARITY kind=INTERACTION_COMMIT rev=225 match=true field=-
[log] [coop:reward] authoritative options retained surface=reward pin=44 reroll=0 count=3 rev=89 id=1828413413364172:0:REWARD_PRESENT:4400000
[log] [coop:v2-interaction] suppressed raw rewardOptions key=44:0; immutable entry retained
[log] [coop:rendezvous] ARRIVE point=shop:38:44 (send) role=host
[log] [coop:transport] send host t=rendezvous point=shop:38:44
[log] [coop:reward] OWNER drives reward screen (start=44 role=host spoof=false adoptsOptions=false wave=38)
[log] [coop:rendezvous] shop-pick-commit barrier AWAIT shop:38:44
[log] [coop:rendezvous] AWAIT point=shop:38:44 timeoutMs=2000 -> network-wait role=host
[log] [coop:transport] recv guest t=authorityEntry t=authorityEntry handlers=1
[log] [coop:transport] recv guest t=rendezvous point=shop:38:44 handlers=1
[log] [coop:interaction] interactionCounter() read -> 44 (role=host)
[log] [coop:checksum] capture digest=fb3bacdccd82da0d field=4 biome=14 seed=coop-soak-20365530 weather=3 terrain=4 money=2450 party=[890,150,493,384,382,888] partyLevels=[500,500,500,500,500,500] arenaTags=0 modifiers=6 heldItemsDigest=1 pokeballs=[0:55,1:20,2:0,3:0,4:0] mons=[bi0:sp890/hp1521-2065/st0/ab5258/form0/tera0:3/boss0:0 bi1:sp150/hp858-1725/st0/ab227/form0/tera0:13/boss0:0 bi2:sp207/hp0-77/st7/ab8/form0/tera0:4/boss2:0 bi3:sp552/hp0-72/st7/ab22/form0/tera0:4/boss1:0]
[log] [coop:transport] send host t=authorityEntry t=authorityEntry
[log] [coop:rendezvous] RECV arrival point=shop:38:44 -> deliver-to-waiter role=host
[log] [coop:transport] send host t=rendezvous point=shop:38:44
[log] [coop:rendezvous] AWAIT point=shop:38:44 RESOLVE both-arrived role=host
[log] [coop:stream] host IGNORE cosmetic turn ACK stage=continuationReady key=1828413413364172:38:2:760 (v2 owns retirement)
[log] [coop:v2-authority] receipt rev=224 op=V2/WAVE/e1828413413364172/w38/tick761 stage=admitted sender=1 generation=0 advanced retired=false waiting=[1] subsumed=[]
[log] [coop:transport] send host t=authorityEntry t=authorityEntry
[log] [coop:transport] send host t=authorityEntry t=authorityEntry
[log] [coop:v2-authority] receipt rev=224 op=V2/WAVE/e1828413413364172/w38/tick761 stage=admitted sender=1 generation=0 duplicate highestStage=0
[log] [coop:v2-authority] receipt rev=224 op=V2/WAVE/e1828413413364172/w38/tick761 stage=materialApplied sender=1 generation=0 advanced retired=false waiting=[1] subsumed=[]
[log] [coop:transport] send host t=authorityEntry t=authorityEntry
[log] [coop:v2-authority] receipt rev=224 op=V2/WAVE/e1828413413364172/w38/tick761 stage=controlInstalled sender=1 generation=0 advanced retired=true waiting=[] subsumed=[]
[log] [coop:v2-authority] receipt rev=225 op=1828413413364172:0:REWARD_PRESENT:4400000 stage=admitted sender=1 generation=0 advanced retired=false waiting=[1] subsumed=[]
[log] [coop:v2-authority] receipt rev=225 op=1828413413364172:0:REWARD_PRESENT:4400000 stage=materialApplied sender=1 generation=0 advanced retired=false waiting=[1] subsumed=[]
[log] [coop:v2-authority] receipt rev=225 op=1828413413364172:0:REWARD_PRESENT:4400000 stage=materialApplied sender=1 generation=0 duplicate highestStage=1
[log] [coop:v2-authority] receipt rev=225 op=1828413413364172:0:REWARD_PRESENT:4400000 stage=controlInstalled sender=1 generation=0 advanced retired=true waiting=[] subsumed=[]
[log] [coop:v2-authority] receipt rev=224 op=V2/WAVE/e1828413413364172/w38/tick761 stage=controlInstalled sender=1 generation=0 rejected reason=unknown-revision
[log] [coop:transport] recv guest t=rendezvous point=shop:38:44 handlers=1
[log] [coop:transport] recv guest t=authorityEntry t=authorityEntry handlers=1
[log] [coop:transport] recv guest t=authorityEntry t=authorityEntry handlers=1
[log] [coop:transport] recv guest t=authorityEntry t=authorityEntry handlers=1
[log] [coop:interaction] mirror begin role=owner mirrorSeq=2816 interactionStart=44 reroll=0
[log] [coop:interaction] uiMirror beginSession role=owner mode=6 seq=2816 early=0
[log] [coop:owner] ownerOf(counter=44) seat=0 -> owner=host
[log] [coop:owner] isLocalOwnerAtCounter(pinnedCounter=44) parity=0 owner=host role=host -> true
[log] [coop:relay] OWNER prepare seq=44 kind=skip choice=-1 data=[] role=host
[log] [coop:reward] reward op INTENT prepared label=skip id=1828413413364172:0:REWARD:4400000
[log] [coop:v2-interaction] terminal proof recorded op=1828413413364172:0:REWARD:4400000 role=host seat=0 duplicate=0 ambient=1
[log] [coop:v2-interaction] phase terminal proof op=1828413413364172:0:REWARD:4400000 route=constructor-fallback accepted=1
[log] [coop:shop] serializeRewardOptions count=3 ids=[ER_MENTAL_HERB,GREAT_BALL,VOUCHER] tiers=[1,1,1]
[log] [coop:transport] send host t=authorityEntry t=authorityEntry
[log] [coop:v2-shadow] PARITY kind=INTERACTION_COMMIT rev=226 match=true field=-
[log] [coop:reward] reward authoritative RESULT retained rev=90 tick=763 id=1828413413364172:0:REWARD:4400000
[log] [coop:reward] OWNER retained terminal before continuation seq=44 id=1828413413364172:0:REWARD:4400000
[log] [coop:transport] recv guest t=authorityEntry t=authorityEntry handlers=1
[log] [coop:v2-authority] receipt rev=224 op=V2/WAVE/e1828413413364172/w38/tick761 stage=controlInstalled sender=1 generation=0 rejected reason=unknown-revision
[log] [coop:v2-authority] receipt rev=225 op=1828413413364172:0:REWARD_PRESENT:4400000 stage=controlInstalled sender=1 generation=0 rejected reason=unknown-revision
[log] [coop:v2-authority] receipt rev=225 op=1828413413364172:0:REWARD_PRESENT:4400000 stage=controlInstalled sender=1 generation=0 rejected reason=unknown-revision
[log] [coop:v2-authority] receipt rev=226 op=1828413413364172:0:REWARD:4400000 stage=admitted sender=1 generation=0 advanced retired=false waiting=[1] subsumed=[]
[log] [coop:v2-authority] receipt rev=226 op=1828413413364172:0:REWARD:4400000 stage=admitted sender=1 generation=0 duplicate highestStage=0
[log] [coop:v2-authority] receipt rev=226 op=1828413413364172:0:REWARD:4400000 stage=materialApplied sender=1 generation=0 advanced retired=false waiting=[1] subsumed=[]
[log] [coop:v2-authority] receipt rev=226 op=1828413413364172:0:REWARD:4400000 stage=controlInstalled sender=1 generation=0 advanced retired=true waiting=[] subsumed=[]
[log] [coop:reward] OWNER peer material applied; release terminal engine barrier seq=44 id=1828413413364172:0:REWARD:4400000
[log] [coop:interaction] interactionCounter() read -> 44 (role=host)
[log] [coop:interaction] CoopInteractionTurn.advance INCREMENT (fromCounter=44) counter 44 -> 45
[log] [coop:interaction] advanceInteraction ADVANCED+V2-LOCAL (fromCounter=44) counter 44 -> 45 role=host
[log] [coop:owner] ownerOf(counter=45) seat=1 -> owner=guest
[log] [coop:owner] ownerOf(counter=45) seat=1 -> owner=guest
[log] [coop:interaction] interactionCounter() read -> 45 (role=host)
[log] [coop:reward] advance interaction from V2 commit (role=host from=44 counter 44 -> 45); typed successor owns release
[log] [coop:interaction] interactionCounter() read -> 45 (role=host)
[log] [coop:interaction] interactionCounter() read -> 45 (role=guest)
[log] [coop:interaction] interactionCounter() read -> 45 (role=host)
[log] [coop:interaction] interactionCounter() read -> 45 (role=guest)
[log] [coop-soak:wave-complete] {"seed":20365530,"wave":38,"wavesRequested":200,"wavesCompleted":38,"waveElapsedMs":9442,"elapsedMs":185533,"findings":0,"hostPhase":"NewBattlePhase","guestPhase":"NewBattlePhase"}
[log] %cStart Phase: NewBattlePhase color:green
[log] %cStart Phase: NextEncounterPhase color:green
[log] [coop:interaction] interactionCounter() read -> 45 (role=host)
[log] [coop:replay] host SEND enemyPartySync wave=39 count=2 meType=-1 battleType=0 entryPresentation=-
[log] [coop:transport] send host t=enemyPartySync wave=39 enemies=2 battleType=0
[log] [coop:turn] host recorder: begin turn=1 scope=1828413413364172:39 (no prior open recording)
[log] [coop:transport] recv guest t=enemyPartySync wave=39 enemies=2 battleType=0 handlers=1
[log] %cStart Phase: ToggleDoublePositionPhase color:green
[log] %cStart Phase: CheckSwitchPhase color:green
[log] %cStart Phase: CheckSwitchPhase color:green
[log] %cStart Phase: InitEncounterPhase color:green
[log] [coop:turn] host recorder: preserve recording scope=1828413413364172:39 turn=1 events=0 seq=0
[log] %cStart Phase: PostSummonPhase color:green
[log] %cStart Phase: PostSummonPhase color:green
[log] %cStart Phase: ShowAbilityPhase color:green
[log] [coop:turn] host recorder: append turn=1 seq=0 k=showAbility total=1 live=true
[log] %cStart Phase: MovePhase color:green
[log] [coop:turn] host recorder: append turn=1 seq=1 k=moveUsed total=2 live=true
[log] %cStart Phase: MessagePhase color:green
[log] %cStart Phase: MoveEffectPhase color:green
[log] [coop:turn] host recorder: append turn=1 seq=2 k=moveAnim total=3 live=true
[log] %cStart Phase: StatStageChangePhase color:green
[log] [coop:turn] host recorder: append turn=1 seq=3 k=message total=4 live=true
[log] [coop:turn] host recorder: append turn=1 seq=4 k=statStage total=5 live=true
[log] %cStart Phase: MessagePhase color:green
[log] %cStart Phase: MoveEndPhase color:green
[log] %cStart Phase: HideAbilityPhase color:green
[log] [coop:turn] host recorder: append turn=1 seq=5 k=hideAbility total=6 live=true
[log] %cStart Phase: PostSummonPhase color:green
[log] %cStart Phase: PostSummonPhase color:green
[log] %cStart Phase: ShowAbilityPhase color:green
[log] [coop:turn] host recorder: append turn=1 seq=6 k=showAbility total=7 live=true
[log] %cStart Phase: MovePhase color:green
[log] [coop:turn] host recorder: append turn=1 seq=7 k=moveUsed total=8 live=true
[log] %cStart Phase: MessagePhase color:green
[log] %cStart Phase: MoveEffectPhase color:green
[log] [coop:turn] host recorder: append turn=1 seq=8 k=moveAnim total=9 live=true
[log] %cStart Phase: StatStageChangePhase color:green
[log] [coop:turn] host recorder: append turn=1 seq=9 k=message total=10 live=true
[log] [coop:turn] host recorder: append turn=1 seq=10 k=statStage total=11 live=true
[log] %cStart Phase: MessagePhase color:green
[log] %cStart Phase: MoveEndPhase color:green
[log] %cStart Phase: HideAbilityPhase color:green
[log] [coop:turn] host recorder: append turn=1 seq=11 k=hideAbility total=12 live=true
[log] %cStart Phase: TurnInitPhase color:green
[log] [coop:replay] host SEND enemyPartySync wave=39 count=2 meType=-1 battleType=0 entryPresentation=12
[log] [coop:transport] send host t=enemyPartySync wave=39 enemies=2 battleType=0
[log] [coop:replay] host RE-BROADCAST wave-start authority wave=39 after post-summon boundary stateChanged=true presentation=12 (#920)
[log] [coop:transport] send host t=authorityEntry t=authorityEntry
[log] [coop:v2-shadow] PARITY kind=CONTROL_COMMIT rev=227 match=true field=-
[log] [coop:rendezvous] next-command barrier ARRIVE+AWAIT cmd:39:1 slot=0
[log] [coop:rendezvous] ARRIVE point=cmd:39:1 (send) role=host
[log] [coop:transport] send host t=rendezvous point=cmd:39:1
[log] [coop:rendezvous] AWAIT point=cmd:39:1 timeoutMs=2000 -> network-wait role=host
[log] [coop:transport] recv guest t=enemyPartySync wave=39 enemies=2 battleType=0 handlers=1
[log] [coop:transport] recv guest t=authorityEntry t=authorityEntry handlers=1
[log] [coop:transport] recv guest t=rendezvous point=cmd:39:1 handlers=1
[log] [coop:v2-authority] receipt rev=227 op=V2/CONTROL/COMMAND/e1828413413364172/w39/t1/tick767 stage=admitted sender=1 generation=0 advanced retired=false waiting=[1] subsumed=[]
[log] [coop:transport] send host t=authorityEntry t=authorityEntry
[log] [coop:rendezvous] RECV arrival point=cmd:39:1 -> deliver-to-waiter role=host
[log] [coop:transport] send host t=rendezvous point=cmd:39:1
[log] [coop:rendezvous] AWAIT point=cmd:39:1 RESOLVE both-arrived role=host
[log] [coop:v2-authority] receipt rev=227 op=V2/CONTROL/COMMAND/e1828413413364172/w39/t1/tick767 stage=admitted sender=1 generation=0 duplicate highestStage=0
[log] [coop:v2-authority] receipt rev=227 op=V2/CONTROL/COMMAND/e1828413413364172/w39/t1/tick767 stage=materialApplied sender=1 generation=0 advanced retired=false waiting=[1] subsumed=[]
[log] [coop:v2-authority] receipt rev=227 op=V2/CONTROL/COMMAND/e1828413413364172/w39/t1/tick767 stage=materialApplied sender=1 generation=0 duplicate highestStage=1
[log] [coop:v2-authority] receipt rev=227 op=V2/CONTROL/COMMAND/e1828413413364172/w39/t1/tick767 stage=materialApplied sender=1 generation=0 duplicate highestStage=1
[log] [coop:v2-authority] receipt rev=227 op=V2/CONTROL/COMMAND/e1828413413364172/w39/t1/tick767 stage=materialApplied sender=1 generation=0 duplicate highestStage=1
[log] [coop:v2-authority] receipt rev=227 op=V2/CONTROL/COMMAND/e1828413413364172/w39/t1/tick767 stage=controlInstalled sender=1 generation=0 advanced retired=true waiting=[] subsumed=[]
[log] [coop:transport] recv guest t=rendezvous point=cmd:39:1 handlers=1
[log] [coop:transport] send host t=enemyPartySync wave=39 enemies=2 battleType=0
[log] [coop:replay] host RE-BROADCAST wave-start authority wave=39 after post-summon boundary stateChanged=false presentation=12 (#920)
[log] [coop:transport] recv guest t=enemyPartySync wave=39 enemies=2 battleType=0 handlers=1
[log] [coop-soak:wave-start] {"seed":20365530,"wave":39,"wavesRequested":200,"wavesCompleted":38,"elapsedMs":187543,"hostPhase":"CommandPhase","guestPhase":"CommandPhase"}
[log] [coop:interaction] interactionCounter() read -> 45 (role=host)
[log] [coop:interaction] interactionCounter() read -> 45 (role=guest)
[log] [coop:interaction] interactionCounter() read -> 45 (role=host)
[log] [coop:checksum] capture digest=7bb034f24e6a98dc field=4 biome=14 seed=coop-soak-20365530 weather=3 terrain=4 money=2450 party=[890,150,493,384,382,888] partyLevels=[500,500,500,500,500,500] arenaTags=0 modifiers=6 heldItemsDigest=3 pokeballs=[0:55,1:20,2:0,3:0,4:0] mons=[bi0:sp890/hp1521-2065/st0/ab5258/form0/tera0:3/boss0:0 bi1:sp150/hp858-1725/st0/ab227/form0/tera0:13/boss0:0 bi2:sp953/hp63-63/st0/ab14/form0/tera0:6/boss0:0 bi3:sp28/hp93-93/st0/ab4/form0/tera0:4/boss0:0]
[log] [coop:interaction] interactionCounter() read -> 45 (role=host)
[log] %cStart Phase: SelectTargetPhase color:green
[log] [coop:owner] broadcast own-slot fi=0 turn=1 role=host cmd=0
[log] [coop:relay] broadcastLocalCommand SEND fieldIndex=0 owner=host turn=1 command=0 cursor=3 moveId=85 targets=[2]
[log] [coop:transport] send host t=command fi=0 owner=host turn=1 cmd=0 cursor=3 move=85
[log] [coop:transport] recv guest t=command fi=0 owner=host turn=1 cmd=0 cursor=3 move=85 handlers=1
[log] [coop:relay] recv command fieldIndex=0 turn=1 command=0 -> BUFFERED (no awaiter yet)
[log] %cStart Phase: CommandPhase color:green
[log] [coop:transport] send host t=enemyPartySync wave=39 enemies=2 battleType=0
[log] [coop:replay] host RE-BROADCAST wave-start authority wave=39 after post-summon boundary stateChanged=true presentation=12 (#920)
[log] [coop:battle] CommandPhase slot=1 turn=1 owner=guest role=host -> partner path
[log] [coop:relay] host requestPartnerCommand SEND fieldIndex=1 turn=1 moveSlots=[0,1,2,3] (awaiting peer)
[log] [coop:transport] send host t=commandRequest fi=1 owner=guest turn=1 slots=4
[log] [coop:transport] recv guest t=enemyPartySync wave=39 enemies=2 battleType=0 handlers=1
[log] [coop:transport] recv guest t=commandRequest fi=1 owner=guest turn=1 slots=4 handlers=1
[log] [coop:relay] peer recv commandRequest fieldIndex=1 owner=guest turn=1 moveSlots=[0,1,2,3] -> reply command=2 cursor=3 moveId=-
[log] [coop:transport] send guest t=command fi=1 owner=guest turn=1 cmd=2 cursor=3 move=-
[log] [coop:transport] recv host t=command fi=1 owner=guest turn=1 cmd=2 cursor=3 move=- handlers=1
[log] [coop:relay] recv command fieldIndex=1 turn=1 command=2 -> resolved awaiting request
[log] %cStart Phase: EnemyCommandPhase color:green
[log] %cStart Phase: EnemyCommandPhase color:green
[log] %cStart Phase: TurnStartPhase color:green
[log] [coop-diag] turn-start authoritative guard mode=authoritative role=host turn=1 diverts=false
[log] [coop:turn] host recorder: preserve recording scope=1828413413364172:39 turn=1 events=16 seq=16
[log] %cStart Phase: SwitchSummonPhase color:green
[log] [coop:turn] host recorder: preserve recording scope=1828413413364172:39 turn=1 events=16 seq=16
[log] [coop:turn] host recorder: append turn=1 seq=16 k=switch total=17 live=true
[log] %cStart Phase: PostSummonPhase color:green
[log] %cStart Phase: MovePhase color:green
[log] [coop:turn] host recorder: append turn=1 seq=17 k=moveUsed total=18 live=true
[log] %cStart Phase: MessagePhase color:green
[log] %cStart Phase: MoveEffectPhase color:green
[log] [coop:turn] host recorder: append turn=1 seq=18 k=moveAnim total=19 live=true
[log] [coop:turn] host recorder: append turn=1 seq=19 k=message total=20 live=true
[log] %cStart Phase: MessagePhase color:green
[log] %cStart Phase: MoveEndPhase color:green
[log] %cStart Phase: MovePhase color:green
[log] [coop:turn] host recorder: append turn=1 seq=20 k=moveUsed total=21 live=true
[log] %cStart Phase: MessagePhase color:green
[log] %cStart Phase: MoveEffectPhase color:green
[log] [coop:turn] host recorder: append turn=1 seq=21 k=moveAnim total=22 live=true
[log] [coop:turn] host recorder: append turn=1 seq=22 k=hp total=23 live=true
[log] [coop:turn] host recorder: append turn=1 seq=23 k=faint total=24 live=true
[log] %cStart Phase: DamageAnimPhase color:green
[log] %cStart Phase: FaintPhase color:green
[log] %cStart Phase: MessagePhase color:green
[log] %cStart Phase: VictoryPhase color:green
[log] [coop:progression] HOST progression capture begin wave=39
[log] [coop:progression] HOST applyPartyExp COMPUTE wave=39 expValue=271 koMon=Rellor
[log] %cStart Phase: MoveEndPhase color:green
[log] [coop:turn] host recorder: append turn=1 seq=24 k=hp total=25 live=true
[log] [coop:turn] host recorder: append turn=1 seq=25 k=message total=26 live=true
[log] %cStart Phase: DamageAnimPhase color:green
[log] %cStart Phase: MessagePhase color:green
[log] %cStart Phase: MovePhase color:green
[log] %cStart Phase: MoveEndPhase color:green
[log] %cStart Phase: CheckInterludePhase color:green
[log] %cStart Phase: WeatherEffectPhase color:green
[log] [coop:turn] host recorder: append turn=1 seq=26 k=message total=27 live=true
[log] [coop:turn] host recorder: append turn=1 seq=27 k=hp total=28 live=true
[log] [coop:turn] host recorder: append turn=1 seq=28 k=message total=29 live=true
[log] [coop:turn] host recorder: append turn=1 seq=29 k=hp total=30 live=true
[log] %cStart Phase: MessagePhase color:green
[log] %cStart Phase: DamageAnimPhase color:green
[log] %cStart Phase: MessagePhase color:green
[log] %cStart Phase: DamageAnimPhase color:green
[log] %cStart Phase: PositionalTagPhase color:green
[log] %cStart Phase: BerryPhase color:green
[log] %cStart Phase: CheckStatusEffectPhase color:green
[log] %cStart Phase: TurnEndPhase color:green
[log] %cStart Phase: PokemonHealPhase color:green
[log] [coop:turn] host recorder: append turn=1 seq=30 k=hp total=31 live=true
[log] [coop:turn] host recorder: append turn=1 seq=31 k=message total=32 live=true
[log] %cStart Phase: MessagePhase color:green
[log] %cStart Phase: CoopTurnCommitPhase color:green
[log] [coop:turn] host recorder: finalize turn=1 events=32 seq=32
[log] [coop:checkpoint] build field=4 weather=3/0 terrain=4/3 arenaTags=0 money=2450 mons=[bi0:sp890/hp1501-2065/st0/fnt0 bi1:sp384/hp1608-1715/st0/fnt0 bi2:sp953/hp0-63/st7/fnt1 bi3:sp28/hp93-93/st0/fnt0]
[log] [coop:checkpoint] host capture field=4 weather=3 terrain=4 money=2450 arenaTags=0 mons=[bi0:sp890/hp1501-2065/st0/fnt0 bi1:sp384/hp1608-1715/st0/fnt0 bi2:sp953/hp0-63/st7/fnt1 bi3:sp28/hp93-93/st0/fnt0]
[log] [coop:interaction] interactionCounter() read -> 45 (role=host)
[log] [coop:replay] host SEND turnResolution e=1828413413364172 wave=39 turn=1 rev=776 events=32 checksum=0aae0299c55c0c50
[log] [coop:transport] send host t=authorityEntry t=authorityEntry
[log] [coop:v2-shadow] PARITY kind=TURN_COMMIT rev=228 match=true field=- successor=owner-field
[log] [coop:transport] send host t=turnResolution e=1828413413364172 wave=39 turn=1 rev=776 events=32 checksum=0aae0299c55c0c50
[log] [coop:transport] recv guest t=authorityEntry t=authorityEntry handlers=1
[log] [coop:transport] recv guest t=turnResolution e=1828413413364172 wave=39 turn=1 rev=776 events=32 checksum=0aae0299c55c0c50 handlers=1
[log] [38;2;255;127;80mPhaseInterceptor.to: Stopping on completion of CoopTurnCommitPhase[39m
[log] [coop:v2-authority] receipt rev=228 op=TURN/e1828413413364172/w39/t1 stage=admitted sender=1 generation=0 advanced retired=false waiting=[1] subsumed=[]
[log] [coop:transport] send host t=authorityEntry t=authorityEntry
[log] [coop:v2-authority] receipt rev=228 op=TURN/e1828413413364172/w39/t1 stage=admitted sender=1 generation=0 duplicate highestStage=0
[log] [coop:transport] send host t=authorityEntry t=authorityEntry
[log] [coop:v2-authority] receipt rev=228 op=TURN/e1828413413364172/w39/t1 stage=admitted sender=1 generation=0 duplicate highestStage=0
[log] [coop:v2-authority] receipt rev=228 op=TURN/e1828413413364172/w39/t1 stage=admitted sender=1 generation=0 duplicate highestStage=0
[log] [coop:v2-authority] receipt rev=228 op=TURN/e1828413413364172/w39/t1 stage=materialApplied sender=1 generation=0 advanced retired=false waiting=[1] subsumed=[]
[log] %cStart Phase: TurnInitPhase color:green
[log] [coop:transport] recv host t=rendezvous point=cmd:39:2 handlers=1
[log] [coop:rendezvous] RECV arrival point=cmd:39:2 -> BUFFER (no waiter yet) role=host
[log] [coop:rendezvous] ARRIVE point=cmd:39:2 (send) role=host
[log] [coop:transport] send host t=rendezvous point=cmd:39:2
[log] [coop:rendezvous] next-command barrier cmd:39:2 SYNC pass (partner already arrived)
[log] [coop:transport] recv guest t=rendezvous point=cmd:39:2 handlers=1
[log] [coop:stream] host IGNORE cosmetic turn ACK stage=continuationReady key=1828413413364172:39:1:776 (v2 owns retirement)
[log] [coop:v2-authority] receipt rev=228 op=TURN/e1828413413364172/w39/t1 stage=materialApplied sender=1 generation=0 duplicate highestStage=1
[log] [coop:v2-authority] receipt rev=228 op=TURN/e1828413413364172/w39/t1 stage=controlInstalled sender=1 generation=0 advanced retired=true waiting=[] subsumed=[]
[log] %cStart Phase: SelectTargetPhase color:green
[log] [coop:owner] broadcast own-slot fi=0 turn=2 role=host cmd=0
[log] [coop:relay] broadcastLocalCommand SEND fieldIndex=0 owner=host turn=2 command=0 cursor=0 moveId=34 targets=[3]
[log] [coop:transport] send host t=command fi=0 owner=host turn=2 cmd=0 cursor=0 move=34
[log] [coop:transport] recv guest t=command fi=0 owner=host turn=2 cmd=0 cursor=0 move=34 handlers=1
[log] [coop:relay] recv command fieldIndex=0 turn=2 command=0 -> BUFFERED (no awaiter yet)
[log] %cStart Phase: CommandPhase color:green
[log] [coop:battle] CommandPhase slot=1 turn=2 owner=guest role=host -> partner path
[log] [coop:relay] host requestPartnerCommand SEND fieldIndex=1 turn=2 moveSlots=[0,1,2,3] (awaiting peer)
[log] [coop:transport] send host t=commandRequest fi=1 owner=guest turn=2 slots=4
[log] [coop:transport] recv guest t=commandRequest fi=1 owner=guest turn=2 slots=4 handlers=1
[log] [coop:relay] peer recv commandRequest fieldIndex=1 owner=guest turn=2 moveSlots=[0,1,2,3] -> reply command=0 cursor=1 moveId=247
[log] [coop:transport] send guest t=command fi=1 owner=guest turn=2 cmd=0 cursor=1 move=247
[log] [coop:transport] recv host t=command fi=1 owner=guest turn=2 cmd=0 cursor=1 move=247 handlers=1
[log] [coop:relay] recv command fieldIndex=1 turn=2 command=0 -> resolved awaiting request
[log] [coop:ai] applyWiredPartnerCommand partner=384 wiredMoveId=247 cursor=1 -> moveId=247 moveIndex=1 tera=false targets=[3] targetsFrom=wire-verbatim useMode=1
[log] %cStart Phase: EnemyCommandPhase color:green
[log] %cStart Phase: TurnStartPhase color:green
[log] [coop-diag] turn-start authoritative guard mode=authoritative role=host turn=2 diverts=false
[log] [coop:turn] host recorder: begin turn=2 scope=1828413413364172:39 (no prior open recording)
[log] %cStart Phase: MovePhase color:green
[log] [coop:turn] host recorder: append turn=2 seq=0 k=moveUsed total=1 live=true
[log] [coop:turn] host recorder: append turn=2 seq=1 k=message total=2 live=true
[log] %cStart Phase: MessagePhase color:green
[log] %cStart Phase: MessagePhase color:green
[log] %cStart Phase: MoveEndPhase color:green
[log] %cStart Phase: MovePhase color:green
[log] [coop:turn] host recorder: append turn=2 seq=2 k=moveUsed total=3 live=true
[log] %cStart Phase: MessagePhase color:green
[log] %cStart Phase: MoveEffectPhase color:green
[log] [coop:turn] host recorder: append turn=2 seq=3 k=moveAnim total=4 live=true
[log] [coop:turn] host recorder: append turn=2 seq=4 k=hp total=5 live=true
[log] [coop:turn] host recorder: append turn=2 seq=5 k=faint total=6 live=true
[log] %cStart Phase: DamageAnimPhase color:green
[log] %cStart Phase: FaintPhase color:green
[log] %cStart Phase: MessagePhase color:green
[log] %cStart Phase: VictoryPhase color:green
[log] [coop:progression] HOST applyPartyExp COMPUTE wave=39 expValue=822.6 koMon=Sandslash
[log] [coop:runtime] defer raw waveResolved wave=39 outcome=win until its material turnResolution is retained
[log] [coop-diag] VictoryPhase win-branch role=host battleType=WILD queuesTrainerVictory=false queuesSelectModifier=true wave=39
[log] [coop-diag] VictoryTail role=host wave=39 source=legacy-local trainer=false egg=true biomeShop=false biomeChange=false crossroads=false nextWave=40
[log] %cStart Phase: MoveEndPhase color:green
[log] [coop:turn] host recorder: append turn=2 seq=6 k=hp total=7 live=true
[log] [coop:turn] host recorder: append turn=2 seq=7 k=message total=8 live=true
[log] %cStart Phase: DamageAnimPhase color:green
[log] %cStart Phase: MessagePhase color:green
[log] %cStart Phase: MovePhase color:green
[log] [coop:turn] host recorder: append turn=2 seq=8 k=moveUsed total=9 live=true
[log] [coop:turn] host recorder: append turn=2 seq=9 k=message total=10 live=true
[log] %cStart Phase: MessagePhase color:green
[log] %cStart Phase: MessagePhase color:green
[log] %cStart Phase: MoveEndPhase color:green
[log] %cStart Phase: CheckInterludePhase color:green
[log] %cStart Phase: WeatherEffectPhase color:green
[log] [coop:turn] host recorder: append turn=2 seq=10 k=message total=11 live=true
[log] [coop:turn] host recorder: append turn=2 seq=11 k=hp total=12 live=true
[log] [coop:turn] host recorder: append turn=2 seq=12 k=message total=13 live=true
[log] [coop:turn] host recorder: append turn=2 seq=13 k=hp total=14 live=true
[log] %cStart Phase: MessagePhase color:green
[log] %cStart Phase: DamageAnimPhase color:green
[log] %cStart Phase: MessagePhase color:green
[log] %cStart Phase: DamageAnimPhase color:green
[log] %cStart Phase: PositionalTagPhase color:green
[log] %cStart Phase: BerryPhase color:green
[log] %cStart Phase: CheckStatusEffectPhase color:green
[log] %cStart Phase: TurnEndPhase color:green
[log] %cStart Phase: PokemonHealPhase color:green
[log] [coop:turn] host recorder: append turn=2 seq=14 k=hp total=15 live=true
[log] [coop:turn] host recorder: append turn=2 seq=15 k=message total=16 live=true
[log] %cStart Phase: MessagePhase color:green
[log] %cStart Phase: CoopTurnCommitPhase color:green
[log] [coop:turn] host recorder: finalize turn=2 events=16 seq=16
[log] [coop:checkpoint] build field=4 weather=3/0 terrain=4/2 arenaTags=0 money=2450 mons=[bi0:sp890/hp1471-2065/st0/fnt0 bi1:sp384/hp1501-1715/st0/fnt0 bi2:sp953/hp0-63/st7/fnt1 bi3:sp28/hp0-93/st7/fnt1]
[log] [coop:checkpoint] host capture field=4 weather=3 terrain=4 money=2450 arenaTags=0 mons=[bi0:sp890/hp1471-2065/st0/fnt0 bi1:sp384/hp1501-1715/st0/fnt0 bi2:sp953/hp0-63/st7/fnt1 bi3:sp28/hp0-93/st7/fnt1]
[log] [coop:interaction] interactionCounter() read -> 45 (role=host)
[log] [coop:replay] host SEND turnResolution e=1828413413364172 wave=39 turn=2 rev=785 events=16 checksum=f35e3828886a7db2
[log] [coop:transport] send host t=authorityEntry t=authorityEntry
[log] [coop:v2-shadow] PARITY kind=TURN_COMMIT rev=229 match=true field=- successor=none-non-command-boundary
[log] [coop:transport] send host t=turnResolution e=1828413413364172 wave=39 turn=2 rev=785 events=16 checksum=f35e3828886a7db2
[log] [coop:runtime] send waveResolved wave=39 outcome=win (host)
[log] [coop:replay] host SEND waveResolved wave=39 outcome=win transition=WAVE_VICTORY/next40/biome0/egg1/wild
[log] [coop:transport] send host t=waveResolved wave=39 outcome=win captureParty=- cap=-
[log] [coop:transport] recv guest t=authorityEntry t=authorityEntry handlers=1
[log] [coop:transport] recv guest t=turnResolution e=1828413413364172 wave=39 turn=2 rev=785 events=16 checksum=f35e3828886a7db2 handlers=1
[log] [coop:transport] recv guest t=waveResolved wave=39 outcome=win captureParty=- cap=- handlers=1
[log] [38;2;255;127;80mPhaseInterceptor.to: Stopping on completion of CoopTurnCommitPhase[39m
[log] %cStart Phase: BattleEndPhase color:green
[log] [coop:progression] HOST automatic victory settlement deferred wave=39 sourceTurn=2 settlementTurn=3
[log] [coop:v2-authority] receipt rev=229 op=TURN/e1828413413364172/w39/t2 stage=admitted sender=1 generation=0 advanced retired=false waiting=[1] subsumed=[]
[log] [coop:transport] send host t=authorityEntry t=authorityEntry
[log] [coop:transport] recv guest t=authorityEntry t=authorityEntry handlers=1
[log] [coop:v2-authority] receipt rev=229 op=TURN/e1828413413364172/w39/t2 stage=admitted sender=1 generation=0 duplicate highestStage=0
[log] [coop:transport] send host t=authorityEntry t=authorityEntry
[log] [coop:v2-authority] receipt rev=229 op=TURN/e1828413413364172/w39/t2 stage=admitted sender=1 generation=0 duplicate highestStage=0
[log] [coop:v2-authority] receipt rev=229 op=TURN/e1828413413364172/w39/t2 stage=admitted sender=1 generation=0 duplicate highestStage=0
[log] [coop:v2-authority] receipt rev=229 op=TURN/e1828413413364172/w39/t2 stage=materialApplied sender=1 generation=0 advanced retired=false waiting=[1] subsumed=[]
[log] [coop:v2-authority] receipt rev=229 op=TURN/e1828413413364172/w39/t2 stage=controlInstalled sender=1 generation=0 advanced retired=true waiting=[] subsumed=[]
[log] [coop:interaction] interactionCounter() read -> 45 (role=host)
[log] %cStart Phase: EggLapsePhase color:green
[log] %cStart Phase: CoopVictorySealPhase color:green
[log] [coop:transport] send host t=authorityEntry t=authorityEntry
[log] [coop:v2-shadow] PARITY kind=WAVE_ADVANCE rev=230 match=true field=-
[log] [coop:runtime] settled WAVE_ADVANCE committed wave=39 tick=786 next=WAVE_VICTORY/wave40
[log] [coop:runtime] send waveEndState wave=39 tick=786 (host)
[log] [coop:replay] host SEND waveEndState wave=39 tick=786 party=6
[log] [coop:transport] send host t=waveEndState t=waveEndState
[log] [coop:progression] HOST automatic victory settlement sealed wave=39 sourceTurn=2 settlementTurn=3 tick=786
[log] [coop:transport] recv guest t=authorityEntry t=authorityEntry handlers=1
[log] [coop:transport] recv guest t=waveEndState t=waveEndState handlers=1
[log] [coop:interaction] interactionCounter() read -> 45 (role=host)
[log] [coop:owner] ownerOf(counter=45) seat=1 -> owner=guest
[log] [coop:owner] isLocalOwnerAtCounter(pinnedCounter=45) parity=1 owner=guest role=host -> false
[log] [coop:interaction] interactionCounter() read -> 45 (role=host)
[log] [coop:reward] owner/watcher decision: pinnedStart=45 liveCounter=45 parity=1 role=host pick=WATCHER option=ROLL spoof=false
[log] [coop:shop] serializeRewardOptions count=3 ids=[POKEBALL,TM_CASE,PP_MAX] tiers=[0,0,2]
[log] [coop:reward] OWNER streams reward options (start=45 reroll=0 count=3 ids=[POKEBALL,TM_CASE,PP_MAX])
[log] [coop:relay] SEND rewardOptions seq=45 reroll=0 count=3 ids=[POKEBALL,TM_CASE,PP_MAX]
[log] [coop:transport] send host t=authorityEntry t=authorityEntry
[log] [coop:v2-shadow] PARITY kind=INTERACTION_COMMIT rev=231 match=true field=-
[log] [coop:reward] authoritative options retained surface=reward pin=45 reroll=0 count=3 rev=91 id=1828413413364172:1:REWARD_PRESENT:4500000
[log] [coop:v2-interaction] suppressed raw rewardOptions key=45:0; immutable entry retained
[log] [coop:rendezvous] ARRIVE point=shop:39:45 (send) role=host
[log] [coop:transport] send host t=rendezvous point=shop:39:45
[log] [coop:reward] WATCHER waits for partner's reward picks (start=45 role=host wave=39)
[log] [coop:transport] recv guest t=authorityEntry t=authorityEntry handlers=1
[log] [coop:transport] recv guest t=rendezvous point=shop:39:45 handlers=1
[log] [coop:interaction] mirror begin role=watcher mirrorSeq=2880 interactionStart=45 reroll=0
[log] [coop:interaction] uiMirror beginSession role=watcher mode=6 seq=2880 early=0
[log] [coop:relay] AWAIT interactionChoice seq=45 timeoutMs=1200000 expected=[reward,shop,skip,reroll,check,transfer,lock] -> network-wait
[log] [coop:interaction] interactionCounter() read -> 45 (role=host)
[log] [coop:checksum] capture digest=d2e9920780959144 field=4 biome=14 seed=coop-soak-20365530 weather=3 terrain=4 money=2450 party=[890,384,493,150,382,888] partyLevels=[500,500,500,500,500,500] arenaTags=0 modifiers=6 heldItemsDigest=1 pokeballs=[0:55,1:20,2:0,3:0,4:0] mons=[bi0:sp890/hp1471-2065/st0/ab5258/form0/tera0:3/boss0:0 bi1:sp384/hp1501-1715/st0/ab263/form0/tera0:15/boss0:0 bi2:sp953/hp0-63/st7/ab14/form0/tera0:6/boss0:0 bi3:sp28/hp0-93/st7/ab4/form0/tera0:4/boss0:0]
[log] [coop:transport] send host t=authorityEntry t=authorityEntry
[log] [coop:transport] send host t=authorityEntry t=authorityEntry
[log] [coop:rendezvous] RECV arrival point=shop:39:45 -> BUFFER (no waiter yet) role=host
[log] [coop:stream] host IGNORE cosmetic turn ACK stage=continuationReady key=1828413413364172:39:2:785 (v2 owns retirement)
[log] [coop:relay] DELIVER interactionChoice seq=45 -> waiter kind=skip choice=-1 data=-
[log] [coop:relay] AWAIT interactionChoice seq=45 RESOLVE kind=skip choice=-1 data=-
[log] [coop:v2-authority] receipt rev=230 op=V2/WAVE/e1828413413364172/w39/tick786 stage=admitted sender=1 generation=0 advanced retired=false waiting=[1] subsumed=[]
[log] [coop:transport] send host t=authorityEntry t=authorityEntry
[log] [coop:transport] send host t=authorityEntry t=authorityEntry
[log] [coop:v2-authority] receipt rev=230 op=V2/WAVE/e1828413413364172/w39/tick786 stage=admitted sender=1 generation=0 duplicate highestStage=0
[log] [coop:v2-authority] receipt rev=230 op=V2/WAVE/e1828413413364172/w39/tick786 stage=materialApplied sender=1 generation=0 advanced retired=false waiting=[1] subsumed=[]
[log] [coop:transport] send host t=authorityEntry t=authorityEntry
[log] [coop:v2-authority] receipt rev=230 op=V2/WAVE/e1828413413364172/w39/tick786 stage=controlInstalled sender=1 generation=0 advanced retired=true waiting=[] subsumed=[]
[log] [coop:v2-authority] receipt rev=231 op=1828413413364172:1:REWARD_PRESENT:4500000 stage=admitted sender=1 generation=0 advanced retired=false waiting=[1] subsumed=[]
[log] [coop:v2-authority] receipt rev=231 op=1828413413364172:1:REWARD_PRESENT:4500000 stage=materialApplied sender=1 generation=0 advanced retired=false waiting=[1] subsumed=[]
[log] [coop:v2-authority] receipt rev=231 op=1828413413364172:1:REWARD_PRESENT:4500000 stage=materialApplied sender=1 generation=0 duplicate highestStage=1
[log] [coop:v2-authority] receipt rev=231 op=1828413413364172:1:REWARD_PRESENT:4500000 stage=controlInstalled sender=1 generation=0 advanced retired=true waiting=[] subsumed=[]
[log] [coop:v2-authority] receipt rev=230 op=V2/WAVE/e1828413413364172/w39/tick786 stage=controlInstalled sender=1 generation=0 rejected reason=unknown-revision
[log] [coop:v2-authority] receipt rev=231 op=1828413413364172:1:REWARD_PRESENT:4500000 stage=controlInstalled sender=1 generation=0 rejected reason=unknown-revision
[log] [coop:reward] WATCHER applying relayed action seq=45 act=LEAVE choice=-1 data=-
[log] [coop:v2-interaction] terminal proof recorded op=1828413413364172:1:REWARD:4500000 role=host seat=0 duplicate=0 ambient=1
[log] [coop:v2-interaction] phase terminal proof op=1828413413364172:1:REWARD:4500000 route=constructor-fallback accepted=1
[log] [coop:shop] serializeRewardOptions count=3 ids=[POKEBALL,TM_CASE,PP_MAX] tiers=[0,0,2]
[log] [coop:transport] send host t=authorityEntry t=authorityEntry
[log] [coop:v2-shadow] PARITY kind=INTERACTION_COMMIT rev=232 match=true field=-
[log] [coop:reward] reward authoritative RESULT retained rev=92 tick=788 id=1828413413364172:1:REWARD:4500000
[log] [coop:transport] recv guest t=authorityEntry t=authorityEntry handlers=1
[log] [coop:transport] recv guest t=authorityEntry t=authorityEntry handlers=1
[log] [coop:transport] recv guest t=authorityEntry t=authorityEntry handlers=1
[log] [coop:transport] recv guest t=authorityEntry t=authorityEntry handlers=1
[log] [coop:interaction] interactionCounter() read -> 45 (role=host)
[log] [coop:interaction] interactionCounter() read -> 45 (role=host)
[log] [coop:v2-authority] receipt rev=230 op=V2/WAVE/e1828413413364172/w39/tick786 stage=controlInstalled sender=1 generation=0 rejected reason=unknown-revision
[log] [coop:v2-authority] receipt rev=231 op=1828413413364172:1:REWARD_PRESENT:4500000 stage=controlInstalled sender=1 generation=0 rejected reason=unknown-revision
[log] [coop:v2-authority] receipt rev=231 op=1828413413364172:1:REWARD_PRESENT:4500000 stage=controlInstalled sender=1 generation=0 rejected reason=unknown-revision
[log] [coop:v2-authority] receipt rev=232 op=1828413413364172:1:REWARD:4500000 stage=admitted sender=1 generation=0 advanced retired=false waiting=[1] subsumed=[]
[log] [coop:v2-authority] receipt rev=232 op=1828413413364172:1:REWARD:4500000 stage=admitted sender=1 generation=0 duplicate highestStage=0
[log] [coop:v2-authority] receipt rev=232 op=1828413413364172:1:REWARD:4500000 stage=materialApplied sender=1 generation=0 advanced retired=false waiting=[1] subsumed=[]
[log] [coop:v2-authority] receipt rev=232 op=1828413413364172:1:REWARD:4500000 stage=controlInstalled sender=1 generation=0 advanced retired=true waiting=[] subsumed=[]
[log] [coop:reward] OWNER peer material applied; release terminal engine barrier seq=45 id=1828413413364172:1:REWARD:4500000
[log] [coop:interaction] interactionCounter() read -> 45 (role=host)
[log] [coop:interaction] CoopInteractionTurn.advance INCREMENT (fromCounter=45) counter 45 -> 46
[log] [coop:interaction] advanceInteraction ADVANCED+V2-LOCAL (fromCounter=45) counter 45 -> 46 role=host
[log] [coop:owner] ownerOf(counter=46) seat=0 -> owner=host
[log] [coop:owner] ownerOf(counter=46) seat=0 -> owner=host
[log] [coop:interaction] interactionCounter() read -> 46 (role=host)
[log] [coop:reward] advance interaction from V2 commit (role=host from=45 counter 45 -> 46); typed successor owns release
[log] [coop:interaction] interactionCounter() read -> 46 (role=host)
[log] [coop:interaction] interactionCounter() read -> 46 (role=guest)
[log] [coop-soak:wave-complete] {"seed":20365530,"wave":39,"wavesRequested":200,"wavesCompleted":39,"waveElapsedMs":7600,"elapsedMs":195143,"findings":0,"hostPhase":"NewBattlePhase","guestPhase":"NewBattlePhase"}
[log] %cStart Phase: NewBattlePhase color:green
[log] %cStart Phase: NextEncounterPhase color:green
[log] [coop:interaction] interactionCounter() read -> 46 (role=host)
[log] [coop:replay] host SEND enemyPartySync wave=40 count=2 meType=-1 battleType=0 entryPresentation=-
[log] [coop:transport] send host t=enemyPartySync wave=40 enemies=2 battleType=0
[log] [coop:turn] host recorder: begin turn=1 scope=1828413413364172:40 (no prior open recording)
[log] %cStart Phase: ToggleDoublePositionPhase color:green
[log] %cStart Phase: CheckSwitchPhase color:green
[log] %cStart Phase: CheckSwitchPhase color:green
[log] %cStart Phase: InitEncounterPhase color:green
[log] [coop:turn] host recorder: preserve recording scope=1828413413364172:40 turn=1 events=0 seq=0
[log] %cStart Phase: PostSummonPhase color:green
[log] %cStart Phase: PostSummonPhase color:green
[log] [coop:turn] host recorder: append turn=1 seq=0 k=weather total=1 live=true
[log] [coop:turn] host recorder: append turn=1 seq=1 k=message total=2 live=true
[log] %cStart Phase: ShowAbilityPhase color:green
[log] [coop:turn] host recorder: append turn=1 seq=2 k=showAbility total=3 live=true
[log] %cStart Phase: CommonAnimPhase color:green
[log] %cStart Phase: MessagePhase color:green
[log] %cStart Phase: HideAbilityPhase color:green
[log] [coop:turn] host recorder: append turn=1 seq=3 k=hideAbility total=4 live=true
[log] %cStart Phase: PostSummonPhase color:green
[log] %cStart Phase: TurnInitPhase color:green
[log] [coop:replay] host SEND enemyPartySync wave=40 count=2 meType=-1 battleType=0 entryPresentation=4
[log] [coop:transport] send host t=enemyPartySync wave=40 enemies=2 battleType=0
[log] [coop:replay] host RE-BROADCAST wave-start authority wave=40 after post-summon boundary stateChanged=true presentation=4 (#920)
[log] [coop:transport] send host t=authorityEntry t=authorityEntry
[log] [coop:v2-shadow] PARITY kind=CONTROL_COMMIT rev=233 match=true field=-
[log] [coop:rendezvous] next-command barrier ARRIVE+AWAIT cmd:40:1 slot=0
[log] [coop:rendezvous] ARRIVE point=cmd:40:1 (send) role=host
[log] [coop:transport] send host t=rendezvous point=cmd:40:1
[log] [coop:rendezvous] AWAIT point=cmd:40:1 timeoutMs=2000 -> network-wait role=host
[log] [coop:transport] recv guest t=enemyPartySync wave=40 enemies=2 battleType=0 handlers=1
[log] [coop:transport] recv guest t=authorityEntry t=authorityEntry handlers=1
[log] [coop:transport] recv guest t=rendezvous point=cmd:40:1 handlers=1
[log] [coop:v2-authority] receipt rev=233 op=V2/CONTROL/COMMAND/e1828413413364172/w40/t1/tick792 stage=admitted sender=1 generation=0 advanced retired=false waiting=[1] subsumed=[]
[log] [coop:transport] send host t=authorityEntry t=authorityEntry
[log] [coop:rendezvous] RECV arrival point=cmd:40:1 -> deliver-to-waiter role=host
[log] [coop:transport] send host t=rendezvous point=cmd:40:1
[log] [coop:rendezvous] AWAIT point=cmd:40:1 RESOLVE both-arrived role=host
[log] [coop:v2-authority] receipt rev=233 op=V2/CONTROL/COMMAND/e1828413413364172/w40/t1/tick792 stage=admitted sender=1 generation=0 duplicate highestStage=0
[log] [coop:v2-authority] receipt rev=233 op=V2/CONTROL/COMMAND/e1828413413364172/w40/t1/tick792 stage=materialApplied sender=1 generation=0 advanced retired=false waiting=[1] subsumed=[]
[log] [coop:v2-authority] receipt rev=233 op=V2/CONTROL/COMMAND/e1828413413364172/w40/t1/tick792 stage=materialApplied sender=1 generation=0 duplicate highestStage=1
[log] [coop:v2-authority] receipt rev=233 op=V2/CONTROL/COMMAND/e1828413413364172/w40/t1/tick792 stage=materialApplied sender=1 generation=0 duplicate highestStage=1
[log] [coop:v2-authority] receipt rev=233 op=V2/CONTROL/COMMAND/e1828413413364172/w40/t1/tick792 stage=materialApplied sender=1 generation=0 duplicate highestStage=1
[log] [coop:v2-authority] receipt rev=233 op=V2/CONTROL/COMMAND/e1828413413364172/w40/t1/tick792 stage=controlInstalled sender=1 generation=0 advanced retired=true waiting=[] subsumed=[]
[log] [coop:transport] recv guest t=rendezvous point=cmd:40:1 handlers=1
[log] [coop:transport] send host t=enemyPartySync wave=40 enemies=2 battleType=0
[log] [coop:replay] host RE-BROADCAST wave-start authority wave=40 after post-summon boundary stateChanged=false presentation=4 (#920)
[log] [coop:transport] recv guest t=enemyPartySync wave=40 enemies=2 battleType=0 handlers=1
[log] [coop-soak:wave-start] {"seed":20365530,"wave":40,"wavesRequested":200,"wavesCompleted":39,"elapsedMs":196362,"hostPhase":"CommandPhase","guestPhase":"CommandPhase"}
[log] [coop:interaction] interactionCounter() read -> 46 (role=host)
[log] [coop:interaction] interactionCounter() read -> 46 (role=guest)
[log] [coop:interaction] interactionCounter() read -> 46 (role=host)
[log] [coop:checksum] capture digest=69662d70ef8ece0a field=4 biome=14 seed=coop-soak-20365530 weather=12 terrain=4 money=2450 party=[890,384,493,150,382,888] partyLevels=[500,500,500,500,500,500] arenaTags=0 modifiers=6 heldItemsDigest=5 pokeballs=[0:55,1:20,2:0,3:0,4:0] mons=[bi0:sp890/hp1471-2065/st0/ab5258/form0/tera0:3/boss0:0 bi1:sp384/hp1501-1715/st0/ab263/form0/tera0:15/boss0:0 bi2:sp84/hp75-75/st0/ab141/form0/tera0:2/boss1:0 bi3:sp561/hp87-87/st0/ab5323/form0/tera0:13/boss2:1]
[log] [coop:interaction] interactionCounter() read -> 46 (role=host)
[log] %cStart Phase: SelectTargetPhase color:green
[log] [coop:owner] broadcast own-slot fi=0 turn=1 role=host cmd=0
[log] [coop:relay] broadcastLocalCommand SEND fieldIndex=0 owner=host turn=1 command=0 cursor=0 moveId=34 targets=[2]
[log] [coop:transport] send host t=command fi=0 owner=host turn=1 cmd=0 cursor=0 move=34
[log] [coop:transport] recv guest t=command fi=0 owner=host turn=1 cmd=0 cursor=0 move=34 handlers=1
[log] [coop:relay] recv command fieldIndex=0 turn=1 command=0 -> BUFFERED (no awaiter yet)
[log] %cStart Phase: CommandPhase color:green
[log] [coop:transport] send host t=enemyPartySync wave=40 enemies=2 battleType=0
[log] [coop:replay] host RE-BROADCAST wave-start authority wave=40 after post-summon boundary stateChanged=true presentation=4 (#920)
[log] [coop:battle] CommandPhase slot=1 turn=1 owner=guest role=host -> partner path
[log] [coop:relay] host requestPartnerCommand SEND fieldIndex=1 turn=1 moveSlots=[0,1,2,3] (awaiting peer)
[log] [coop:transport] send host t=commandRequest fi=1 owner=guest turn=1 slots=4
[log] [coop:transport] recv guest t=enemyPartySync wave=40 enemies=2 battleType=0 handlers=1
[log] [coop:transport] recv guest t=commandRequest fi=1 owner=guest turn=1 slots=4 handlers=1
[log] [coop:relay] peer recv commandRequest fieldIndex=1 owner=guest turn=1 moveSlots=[0,1,2,3] -> reply command=2 cursor=3 moveId=-
[log] [coop:transport] send guest t=command fi=1 owner=guest turn=1 cmd=2 cursor=3 move=-
[log] [coop:transport] recv host t=command fi=1 owner=guest turn=1 cmd=2 cursor=3 move=- handlers=1
[log] [coop:relay] recv command fieldIndex=1 turn=1 command=2 -> resolved awaiting request
[log] %cStart Phase: EnemyCommandPhase color:green
[log] %cStart Phase: EnemyCommandPhase color:green
[log] %cStart Phase: TurnStartPhase color:green
[log] [coop-diag] turn-start authoritative guard mode=authoritative role=host turn=1 diverts=false
[log] [coop:turn] host recorder: preserve recording scope=1828413413364172:40 turn=1 events=7 seq=7
[log] %cStart Phase: SwitchSummonPhase color:green
[log] [coop:turn] host recorder: preserve recording scope=1828413413364172:40 turn=1 events=7 seq=7
[log] [coop:turn] host recorder: append turn=1 seq=7 k=switch total=8 live=true
[log] %cStart Phase: PostSummonPhase color:green
[log] %cStart Phase: PostSummonPhase color:green
[log] %cStart Phase: MovePhase color:green
[log] [coop:turn] host recorder: append turn=1 seq=8 k=moveUsed total=9 live=true
[log] %cStart Phase: MessagePhase color:green
[log] %cStart Phase: MoveEffectPhase color:green
[log] [coop:turn] host recorder: append turn=1 seq=9 k=moveAnim total=10 live=true
[log] [coop:turn] host recorder: append turn=1 seq=10 k=hp total=11 live=true
[log] [coop:turn] host recorder: append turn=1 seq=11 k=faint total=12 live=true
[log] %cStart Phase: DamageAnimPhase color:green
[log] %cStart Phase: FaintPhase color:green
[log] %cStart Phase: MessagePhase color:green
[log] %cStart Phase: VictoryPhase color:green
[log] [coop:progression] HOST progression capture begin wave=40
[log] [coop:progression] HOST applyPartyExp COMPUTE wave=40 expValue=311 koMon=Doduo
[log] %cStart Phase: MoveEndPhase color:green
[log] [coop:turn] host recorder: append turn=1 seq=12 k=hp total=13 live=true
[log] [coop:turn] host recorder: append turn=1 seq=13 k=message total=14 live=true
[log] %cStart Phase: DamageAnimPhase color:green
[log] %cStart Phase: MessagePhase color:green
[log] %cStart Phase: MovePhase color:green
[log] [coop:turn] host recorder: append turn=1 seq=14 k=moveUsed total=15 live=true
[log] %cStart Phase: MessagePhase color:green
[log] %cStart Phase: MoveEffectPhase color:green
[log] [coop:turn] host recorder: append turn=1 seq=15 k=moveAnim total=16 live=true
[log] [coop:turn] host recorder: append turn=1 seq=16 k=hp total=17 live=true
[log] [coop:turn] host recorder: append turn=1 seq=17 k=message total=18 live=true
[log] [coop:turn] host recorder: append turn=1 seq=18 k=commonAnim total=19 live=true
[log] [coop:turn] host recorder: append turn=1 seq=19 k=message total=20 live=true
[log] %cStart Phase: DamageAnimPhase color:green
[log] %cStart Phase: MessagePhase color:green
[log] %cStart Phase: CommonAnimPhase color:green
[log] %cStart Phase: MessagePhase color:green
[log] %cStart Phase: MoveEndPhase color:green
[log] %cStart Phase: MovePhase color:green
[log] %cStart Phase: MoveEndPhase color:green
[log] %cStart Phase: CheckInterludePhase color:green
[log] %cStart Phase: WeatherEffectPhase color:green
[log] %cStart Phase: PositionalTagPhase color:green
[log] %cStart Phase: BerryPhase color:green
[log] %cStart Phase: CheckStatusEffectPhase color:green
[log] %cStart Phase: TurnEndPhase color:green
[log] %cStart Phase: PokemonHealPhase color:green
[log] [coop:turn] host recorder: append turn=1 seq=20 k=hp total=21 live=true
[log] [coop:turn] host recorder: append turn=1 seq=21 k=message total=22 live=true
[log] %cStart Phase: MessagePhase color:green
[log] %cStart Phase: CoopTurnCommitPhase color:green
[log] [coop:turn] host recorder: finalize turn=1 events=22 seq=22
[log] [coop:checkpoint] build field=4 weather=12/7 terrain=4/1 arenaTags=0 money=2450 mons=[bi0:sp890/hp1576-2065/st0/fnt0 bi1:sp150/hp1723-1725/st0/fnt0 bi2:sp84/hp0-75/st7/fnt1 bi3:sp561/hp87-87/st0/fnt0]
[log] [coop:checkpoint] host capture field=4 weather=12 terrain=4 money=2450 arenaTags=0 mons=[bi0:sp890/hp1576-2065/st0/fnt0 bi1:sp150/hp1723-1725/st0/fnt0 bi2:sp84/hp0-75/st7/fnt1 bi3:sp561/hp87-87/st0/fnt0]
[log] [coop:interaction] interactionCounter() read -> 46 (role=host)
[log] [coop:replay] host SEND turnResolution e=1828413413364172 wave=40 turn=1 rev=801 events=22 checksum=7d6b94c3a884bf9e
[log] [coop:transport] send host t=authorityEntry t=authorityEntry
[log] [coop:v2-shadow] PARITY kind=TURN_COMMIT rev=234 match=true field=- successor=owner-field
[log] [coop:transport] send host t=turnResolution e=1828413413364172 wave=40 turn=1 rev=801 events=22 checksum=7d6b94c3a884bf9e
[log] [coop:transport] recv guest t=authorityEntry t=authorityEntry handlers=1
[log] [coop:transport] recv guest t=turnResolution e=1828413413364172 wave=40 turn=1 rev=801 events=22 checksum=7d6b94c3a884bf9e handlers=1
[log] [38;2;255;127;80mPhaseInterceptor.to: Stopping on completion of CoopTurnCommitPhase[39m
[log] [coop:v2-authority] receipt rev=234 op=TURN/e1828413413364172/w40/t1 stage=admitted sender=1 generation=0 advanced retired=false waiting=[1] subsumed=[]
[log] [coop:transport] send host t=authorityEntry t=authorityEntry
[log] [coop:v2-authority] receipt rev=234 op=TURN/e1828413413364172/w40/t1 stage=admitted sender=1 generation=0 duplicate highestStage=0
[log] [coop:transport] send host t=authorityEntry t=authorityEntry
[log] [coop:v2-authority] receipt rev=234 op=TURN/e1828413413364172/w40/t1 stage=admitted sender=1 generation=0 duplicate highestStage=0
[log] [coop:v2-authority] receipt rev=234 op=TURN/e1828413413364172/w40/t1 stage=admitted sender=1 generation=0 duplicate highestStage=0
[log] [coop:v2-authority] receipt rev=234 op=TURN/e1828413413364172/w40/t1 stage=materialApplied sender=1 generation=0 advanced retired=false waiting=[1] subsumed=[]
[log] %cStart Phase: TurnInitPhase color:green
[log] [coop:transport] recv host t=rendezvous point=cmd:40:2 handlers=1
[log] [coop:rendezvous] RECV arrival point=cmd:40:2 -> BUFFER (no waiter yet) role=host
[log] [coop:rendezvous] ARRIVE point=cmd:40:2 (send) role=host
[log] [coop:transport] send host t=rendezvous point=cmd:40:2
[log] [coop:rendezvous] next-command barrier cmd:40:2 SYNC pass (partner already arrived)
[log] [coop:transport] recv guest t=rendezvous point=cmd:40:2 handlers=1
[log] [coop:stream] host IGNORE cosmetic turn ACK stage=continuationReady key=1828413413364172:40:1:801 (v2 owns retirement)
[log] [coop:v2-authority] receipt rev=234 op=TURN/e1828413413364172/w40/t1 stage=materialApplied sender=1 generation=0 duplicate highestStage=1
[log] [coop:v2-authority] receipt rev=234 op=TURN/e1828413413364172/w40/t1 stage=controlInstalled sender=1 generation=0 advanced retired=true waiting=[] subsumed=[]
[log] %cStart Phase: SelectTargetPhase color:green
[log] [coop:owner] broadcast own-slot fi=0 turn=2 role=host cmd=0
[log] [coop:relay] broadcastLocalCommand SEND fieldIndex=0 owner=host turn=2 command=0 cursor=0 moveId=34 targets=[3]
[log] [coop:transport] send host t=command fi=0 owner=host turn=2 cmd=0 cursor=0 move=34
[log] [coop:transport] recv guest t=command fi=0 owner=host turn=2 cmd=0 cursor=0 move=34 handlers=1
[log] [coop:relay] recv command fieldIndex=0 turn=2 command=0 -> BUFFERED (no awaiter yet)
[log] %cStart Phase: CommandPhase color:green
[log] [coop:battle] CommandPhase slot=1 turn=2 owner=guest role=host -> partner path
[log] [coop:relay] host requestPartnerCommand SEND fieldIndex=1 turn=2 moveSlots=[0,1,2,3] (awaiting peer)
[log] [coop:transport] send host t=commandRequest fi=1 owner=guest turn=2 slots=4
[log] [coop:transport] recv guest t=commandRequest fi=1 owner=guest turn=2 slots=4 handlers=1
[log] [coop:relay] peer recv commandRequest fieldIndex=1 owner=guest turn=2 moveSlots=[0,1,2,3] -> reply command=2 cursor=3 moveId=-
[log] [coop:transport] send guest t=command fi=1 owner=guest turn=2 cmd=2 cursor=3 move=-
[log] [coop:transport] recv host t=command fi=1 owner=guest turn=2 cmd=2 cursor=3 move=- handlers=1
[log] [coop:relay] recv command fieldIndex=1 turn=2 command=2 -> resolved awaiting request
[log] %cStart Phase: EnemyCommandPhase color:green
[log] %cStart Phase: TurnStartPhase color:green
[log] [coop-diag] turn-start authoritative guard mode=authoritative role=host turn=2 diverts=false
[log] [coop:turn] host recorder: begin turn=2 scope=1828413413364172:40 (no prior open recording)
[log] %cStart Phase: SwitchSummonPhase color:green
[log] [coop:turn] host recorder: preserve recording scope=1828413413364172:40 turn=2 events=0 seq=0
[log] [coop:turn] host recorder: append turn=2 seq=0 k=switch total=1 live=true
[log] %cStart Phase: PostSummonPhase color:green
[log] %cStart Phase: MovePhase color:green
[log] [coop:turn] host recorder: append turn=2 seq=1 k=moveUsed total=2 live=true
[log] %cStart Phase: MessagePhase color:green
[log] %cStart Phase: MoveEffectPhase color:green
[log] [coop:turn] host recorder: append turn=2 seq=2 k=moveAnim total=3 live=true
[log] [coop:turn] host recorder: append turn=2 seq=3 k=hp total=4 live=true
[log] [coop:turn] host recorder: append turn=2 seq=4 k=faint total=5 live=true
[log] %cStart Phase: DamageAnimPhase color:green
[log] %cStart Phase: StatStageChangePhase color:green
[log] %cStart Phase: FaintPhase color:green
[log] %cStart Phase: MessagePhase color:green
[log] %cStart Phase: VictoryPhase color:green
[log] [coop:progression] HOST applyPartyExp COMPUTE wave=40 expValue=964.2 koMon=Sigilyph
[log] [coop:runtime] defer raw waveResolved wave=40 outcome=win until its material turnResolution is retained
[log] [coop-diag] VictoryPhase win-branch role=host battleType=WILD queuesTrainerVictory=false queuesSelectModifier=false wave=40
[log] [coop-diag] VictoryTail role=host wave=40 source=legacy-local trainer=false egg=true biomeShop=true biomeChange=false crossroads=true nextWave=41
[log] %cStart Phase: MoveEndPhase color:green
[log] [coop:turn] host recorder: append turn=2 seq=5 k=hp total=6 live=true
[log] [coop:turn] host recorder: append turn=2 seq=6 k=message total=7 live=true
[log] %cStart Phase: DamageAnimPhase color:green
[log] %cStart Phase: MessagePhase color:green
[log] %cStart Phase: MovePhase color:green
[log] %cStart Phase: MoveEndPhase color:green
[log] %cStart Phase: CheckInterludePhase color:green
[log] %cStart Phase: PositionalTagPhase color:green
[log] %cStart Phase: TurnEndPhase color:green
[log] [coop:turn] host recorder: append turn=2 seq=7 k=terrain total=8 live=true
[log] [coop:turn] host recorder: append turn=2 seq=8 k=message total=9 live=true
[log] %cStart Phase: MessagePhase color:green
[log] %cStart Phase: CoopTurnCommitPhase color:green
[log] [coop:turn] host recorder: finalize turn=2 events=9 seq=9
[log] [coop:checkpoint] build field=4 weather=12/6 terrain=0/0 arenaTags=0 money=2450 mons=[bi0:sp890/hp1548-2065/st0/fnt0 bi1:sp384/hp1715-1715/st0/fnt0 bi2:sp84/hp0-75/st7/fnt1 bi3:sp561/hp0-87/st7/fnt1]
[log] [coop:checkpoint] host capture field=4 weather=12 terrain=0 money=2450 arenaTags=0 mons=[bi0:sp890/hp1548-2065/st0/fnt0 bi1:sp384/hp1715-1715/st0/fnt0 bi2:sp84/hp0-75/st7/fnt1 bi3:sp561/hp0-87/st7/fnt1]
[log] [coop:interaction] interactionCounter() read -> 46 (role=host)
[log] [coop:replay] host SEND turnResolution e=1828413413364172 wave=40 turn=2 rev=810 events=9 checksum=7f6daf2cf0f23032
[log] [coop:transport] send host t=authorityEntry t=authorityEntry
[log] [coop:v2-shadow] PARITY kind=TURN_COMMIT rev=235 match=true field=- successor=none-non-command-boundary
[log] [coop:transport] send host t=turnResolution e=1828413413364172 wave=40 turn=2 rev=810 events=9 checksum=7f6daf2cf0f23032
[log] [coop:runtime] send waveResolved wave=40 outcome=win (host)
[log] [coop:replay] host SEND waveResolved wave=40 outcome=win transition=WAVE_VICTORY/next41/biome0/egg1/wild
[log] [coop:transport] send host t=waveResolved wave=40 outcome=win captureParty=- cap=-
[log] [coop:transport] recv guest t=authorityEntry t=authorityEntry handlers=1
[log] [coop:transport] recv guest t=turnResolution e=1828413413364172 wave=40 turn=2 rev=810 events=9 checksum=7f6daf2cf0f23032 handlers=1
[log] [coop:transport] recv guest t=waveResolved wave=40 outcome=win captureParty=- cap=- handlers=1
[log] [38;2;255;127;80mPhaseInterceptor.to: Stopping on completion of CoopTurnCommitPhase[39m
[log] %cStart Phase: BattleEndPhase color:green
[log] [coop:progression] HOST automatic victory settlement deferred wave=40 sourceTurn=2 settlementTurn=3
[log] [coop:v2-authority] receipt rev=235 op=TURN/e1828413413364172/w40/t2 stage=admitted sender=1 generation=0 advanced retired=false waiting=[1] subsumed=[]
[log] [coop:transport] send host t=authorityEntry t=authorityEntry
[log] [coop:transport] recv guest t=authorityEntry t=authorityEntry handlers=1
[log] [coop:v2-authority] receipt rev=235 op=TURN/e1828413413364172/w40/t2 stage=admitted sender=1 generation=0 duplicate highestStage=0
[log] [coop:v2-authority] receipt rev=235 op=TURN/e1828413413364172/w40/t2 stage=admitted sender=1 generation=0 duplicate highestStage=0
[log] [coop:v2-authority] receipt rev=235 op=TURN/e1828413413364172/w40/t2 stage=materialApplied sender=1 generation=0 advanced retired=false waiting=[1] subsumed=[]
[log] [coop:v2-authority] receipt rev=235 op=TURN/e1828413413364172/w40/t2 stage=controlInstalled sender=1 generation=0 advanced retired=true waiting=[] subsumed=[]
[log] [coop:interaction] interactionCounter() read -> 46 (role=host)
[log] %cStart Phase: EggLapsePhase color:green
[log] %cStart Phase: ModifierRewardPhase color:green
[log] %cStart Phase: PartyHealPhase color:green
[log] %cStart Phase: ResetStatusPhase color:green
[log] %cStart Phase: ResetStatusPhase color:green
[log] %cStart Phase: ResetStatusPhase color:green
[log] %cStart Phase: ResetStatusPhase color:green
[log] %cStart Phase: ResetStatusPhase color:green
[log] %cStart Phase: ResetStatusPhase color:green
[log] %cStart Phase: CoopVictorySealPhase color:green
[log] [coop:transport] send host t=authorityEntry t=authorityEntry
[log] [coop:v2-shadow] PARITY kind=WAVE_ADVANCE rev=236 match=true field=-
[log] [coop:runtime] settled WAVE_ADVANCE committed wave=40 tick=811 next=WAVE_VICTORY/wave41
[log] [coop:runtime] send waveEndState wave=40 tick=811 (host)
[log] [coop:replay] host SEND waveEndState wave=40 tick=811 party=6
[log] [coop:transport] send host t=waveEndState t=waveEndState
[log] [coop:progression] HOST automatic victory settlement sealed wave=40 sourceTurn=2 settlementTurn=3 tick=811
[log] [coop:transport] recv guest t=authorityEntry t=authorityEntry handlers=1
[log] [coop:transport] recv guest t=waveEndState t=waveEndState handlers=1
[log] [coop:interaction] interactionCounter() read -> 46 (role=host)
[log] [coop:checksum] capture digest=55dbf12bb8d1919a field=4 biome=14 seed=coop-soak-20365530 weather=12 terrain=0 money=2450 party=[890,384,493,150,382,888] partyLevels=[500,500,500,500,500,500] arenaTags=0 modifiers=5 heldItemsDigest=1 pokeballs=[0:55,1:20,2:0,3:0,4:0] mons=[bi0:sp890/hp2065-2065/st0/ab5258/form0/tera0:3/boss0:0 bi1:sp384/hp1715-1715/st0/ab263/form0/tera0:15/boss0:0 bi2:sp84/hp0-75/st7/ab141/form0/tera0:2/boss1:0 bi3:sp561/hp0-87/st7/ab5323/form0/tera0:13/boss2:0]
[log] [coop:interaction] interactionCounter() read -> 46 (role=host)
[log] [coop:owner] ownerOf(counter=46) seat=0 -> owner=host
[log] [coop:owner] isLocalOwnerAtCounter(pinnedCounter=46) parity=0 owner=host role=host -> true
[log] [coop:reward] biome market roles: pinnedStart=46 inMe=false role=host spoof=false pick=OWNER option=ROLL+STREAM continuation=false
[log] [coop:shop] serializeRewardOptions count=15 ids=[GRIP_CLAW,BATON,ER_SAFETY_GOGGLES,POKEBALL,ULTRA_BALL,FOCUS_BAND,ROGUE_BALL,WIDE_LENS,RARER_CANDY,MINT,ER_LUCKY_HEART,RARE_CANDY,ER_CHILI_SAMPLE,ER_SPIKED_KNUCKLES,ER_COPPER_ROD] tiers=[3,3,2,0,2,3,3,2,2,2,2,0,2,2,2]
[log] [coop:relay] SEND rewardOptions seq=46 reroll=777 count=15 ids=[GRIP_CLAW,BATON,ER_SAFETY_GOGGLES,POKEBALL,ULTRA_BALL,FOCUS_BAND,ROGUE_BALL,WIDE_LENS,RARER_CANDY,MINT,ER_LUCKY_HEART,RARE_CANDY,ER_CHILI_SAMPLE,ER_SPIKED_KNUCKLES,ER_COPPER_ROD]
[log] [coop:transport] send host t=authorityEntry t=authorityEntry
[log] [coop:v2-shadow] PARITY kind=INTERACTION_COMMIT rev=237 match=true field=-
[log] [coop:reward] authoritative options retained surface=market pin=46 reroll=777 count=15 rev=93 id=1828413413364172:0:SHOP_PRESENT:4600777
[log] [coop:v2-interaction] suppressed raw rewardOptions key=46:777; immutable entry retained
[log] [coop:v2-authority] receipt rev=236 op=V2/WAVE/e1828413413364172/w40/tick811 stage=admitted sender=1 generation=0 advanced retired=false waiting=[1] subsumed=[]
[log] [coop:v2-authority] receipt rev=236 op=V2/WAVE/e1828413413364172/w40/tick811 stage=admitted sender=1 generation=0 duplicate highestStage=0
[log] [coop:v2-authority] receipt rev=236 op=V2/WAVE/e1828413413364172/w40/tick811 stage=materialApplied sender=1 generation=0 advanced retired=false waiting=[1] subsumed=[]
[log] [coop:transport] send host t=authorityEntry t=authorityEntry
[log] [coop:v2-authority] receipt rev=236 op=V2/WAVE/e1828413413364172/w40/tick811 stage=controlInstalled sender=1 generation=0 advanced retired=true waiting=[] subsumed=[]
[log] [coop:transport] recv guest t=authorityEntry t=authorityEntry handlers=1
[log] [coop:transport] recv guest t=authorityEntry t=authorityEntry handlers=1
[log] [coop:v2-authority] receipt rev=237 op=1828413413364172:0:SHOP_PRESENT:4600777 stage=admitted sender=1 generation=0 advanced retired=false waiting=[1] subsumed=[]
[log] [coop:v2-authority] receipt rev=237 op=1828413413364172:0:SHOP_PRESENT:4600777 stage=materialApplied sender=1 generation=0 advanced retired=false waiting=[1] subsumed=[]
[log] [coop:v2-authority] receipt rev=237 op=1828413413364172:0:SHOP_PRESENT:4600777 stage=materialApplied sender=1 generation=0 duplicate highestStage=1
[log] [coop:transport] send host t=authorityEntry t=authorityEntry
[log] [coop:transport] recv guest t=authorityEntry t=authorityEntry handlers=1
[log] [coop:reward] market op INTENT prepared label=biomeShop id=1828413413364172:0:SHOP_BUY:4600000
[log] [coop:interaction] interactionCounter() read -> 46 (role=host)
[log] [coop:interaction] CoopInteractionTurn.advance INCREMENT (fromCounter=46) counter 46 -> 47
[log] [coop:interaction] advanceInteraction ADVANCED+BROADCAST (fromCounter=46) counter 46 -> 47 role=host; send interaction screen=__turn__ choice=47
[log] [coop:interaction] SEND counter snapshot reason=advance choice=47 role=host
[log] [coop:transport] send host t=interaction screen=__turn__
[log] [coop:owner] ownerOf(counter=47) seat=1 -> owner=guest
[log] [coop:owner] ownerOf(counter=47) seat=1 -> owner=guest
[log] [coop:interaction] interactionCounter() read -> 47 (role=host)
[log] [coop:reward] advance interaction from CONTINUATION commit (role=host from=46 counter 46 -> 47)
[log] [coop:interaction] interactionCounter() read -> 47 (role=host)
[log] [coop:v2-interaction] terminal proof recorded op=1828413413364172:0:SHOP_BUY:4600000 role=host seat=0 duplicate=0 ambient=1
[log] [coop:v2-interaction] phase terminal proof op=1828413413364172:0:SHOP_BUY:4600000 route=constructor-fallback accepted=1
[log] [coop:shop] serializeRewardOptions count=15 ids=[GRIP_CLAW,BATON,ER_SAFETY_GOGGLES,POKEBALL,ULTRA_BALL,FOCUS_BAND,ROGUE_BALL,WIDE_LENS,RARER_CANDY,MINT,ER_LUCKY_HEART,RARE_CANDY,ER_CHILI_SAMPLE,ER_SPIKED_KNUCKLES,ER_COPPER_ROD] tiers=[3,3,2,0,2,3,3,2,2,2,2,0,2,2,2]
[log] [coop:transport] send host t=authorityEntry t=authorityEntry
[log] [coop:v2-shadow] PARITY kind=INTERACTION_COMMIT rev=238 match=true field=-
[log] [coop:reward] market authoritative RESULT retained rev=94 tick=813 id=1828413413364172:0:SHOP_BUY:4600000
[log] [coop:relay] SEND interactionChoice seq=7000046 kind=biomeShop kind=? choice=-1 data=-
[log] [coop:v2-interaction] suppressed raw authority interactionChoice seq=7000046 kind=biomeShop
[log] [coop:transport] recv guest t=interaction screen=__turn__ handlers=1
[log] [coop:transport] recv guest t=authorityEntry t=authorityEntry handlers=1
[log] [coop:v2-authority] receipt rev=237 op=1828413413364172:0:SHOP_PRESENT:4600777 stage=materialApplied sender=1 generation=0 duplicate highestStage=1
[log] [coop:transport] send host t=authorityEntry t=authorityEntry
[log] [coop:v2-authority] receipt rev=237 op=1828413413364172:0:SHOP_PRESENT:4600777 stage=controlInstalled sender=1 generation=0 advanced retired=true waiting=[] subsumed=[]
[log] [coop:transport] recv guest t=authorityEntry t=authorityEntry handlers=1
[log] [coop:interaction] RECV interaction broadcast (deferred catch-up net) received=47 localBefore=47 role=host -> no defer (local >= received)
[warn] [coop:interaction] CoopInteractionTurn.mergeRemote DEFER (remote=47, counter=47, pendingRemote=47) live counter UNCHANGED (folds in at next advance if still ahead)
[log] [coop:owner] ownerOf(counter=47) seat=1 -> owner=guest
[log] [coop:owner] ownerOf(counter=47) seat=1 -> owner=guest
[log] [coop:v2-authority] receipt rev=238 op=1828413413364172:0:SHOP_BUY:4600000 stage=admitted sender=1 generation=0 advanced retired=false waiting=[1] subsumed=[]
[log] [coop:v2-authority] receipt rev=238 op=1828413413364172:0:SHOP_BUY:4600000 stage=admitted sender=1 generation=0 duplicate highestStage=0
[log] [coop:v2-authority] receipt rev=238 op=1828413413364172:0:SHOP_BUY:4600000 stage=admitted sender=1 generation=0 duplicate highestStage=0
[log] [coop:v2-authority] receipt rev=238 op=1828413413364172:0:SHOP_BUY:4600000 stage=materialApplied sender=1 generation=0 advanced retired=false waiting=[1] subsumed=[]
[log] [coop:v2-authority] receipt rev=238 op=1828413413364172:0:SHOP_BUY:4600000 stage=controlInstalled sender=1 generation=0 advanced retired=true waiting=[] subsumed=[]
[log] [coop:interaction] interactionCounter() read -> 47 (role=host)
[log] [coop:interaction] interactionCounter() read -> 47 (role=guest)
[log] [coop:interaction] interactionCounter() read -> 47 (role=host)
[log] [coop:owner] ownerOf(counter=47) seat=1 -> owner=guest
[log] [coop:owner] isLocalOwnerAtCounter(pinnedCounter=47) parity=1 owner=guest role=host -> false
[log] [coop:reward] crossroads owner/watcher decision: pinnedStart=47 role=host spoof=false -> WATCHER (#848)
[log] [coop:transport] send host t=authorityEntry t=authorityEntry
[log] [coop:v2-shadow] PARITY kind=CONTROL_COMMIT rev=239 match=true field=- surface=interaction-open
[log] [coop:transport] recv guest t=authorityEntry t=authorityEntry handlers=1
[log] [coop:interaction] uiMirror beginSession role=watcher mode=15 seq=9600047 early=0
[log] [coop:relay] AWAIT interactionChoice seq=9600047 timeoutMs=1200000 expected=[crossroads] -> network-wait
[log] [coop:interaction] interactionCounter() read -> 47 (role=host)
[log] [coop:owner] ownerOf(counter=47) seat=1 -> owner=guest
[log] [coop:owner] isLocalOwnerAtCounter(pinnedCounter=47) parity=1 owner=guest role=host -> false
[log] [coop:v2-authority] receipt rev=239 op=V2/CONTROL/INTERACTION/1828413413364172:1:CROSSROADS_PICK:9600047 stage=admitted sender=1 generation=0 advanced retired=false waiting=[1] subsumed=[]
[log] [coop:v2-authority] receipt rev=239 op=V2/CONTROL/INTERACTION/1828413413364172:1:CROSSROADS_PICK:9600047 stage=materialApplied sender=1 generation=0 advanced retired=false waiting=[1] subsumed=[]
[log] [coop:v2-authority] receipt rev=239 op=V2/CONTROL/INTERACTION/1828413413364172:1:CROSSROADS_PICK:9600047 stage=materialApplied sender=1 generation=0 duplicate highestStage=1
[log] [coop:v2-authority] receipt rev=239 op=V2/CONTROL/INTERACTION/1828413413364172:1:CROSSROADS_PICK:9600047 stage=controlInstalled sender=1 generation=0 advanced retired=true waiting=[] subsumed=[]
[log] [coop:interaction] interactionCounter() read -> 47 (role=host)
[log] [coop:interaction] interactionCounter() read -> 47 (role=guest)
[log] [coop-soak:wave-complete] {"seed":20365530,"wave":40,"wavesRequested":200,"wavesCompleted":40,"waveElapsedMs":7087,"elapsedMs":203449,"findings":0,"hostPhase":"ErCrossroadsPhase","guestPhase":"ErCrossroadsPhase"}
[log] [coop:interaction] interactionCounter() read -> 47 (role=host)
[log] [coop:owner] ownerOf(counter=47) seat=1 -> owner=guest
[log] [coop:owner] isLocalOwnerAtCounter(pinnedCounter=47) parity=1 owner=guest role=host -> false
[log] [coop:interaction] uiMirror WATCHER apply n=0 button=1 mode=15
[log] [coop:relay] DELIVER interactionChoice seq=9600047 -> waiter kind=crossroads choice=1 data=-
[log] [coop:relay] AWAIT interactionChoice seq=9600047 RESOLVE kind=crossroads choice=1 data=-
[log] [coop:reward] crossroads WATCHER: owner pick received moveOn=true pinnedStart=47 (#848)
[log] [coop:v2-interaction] terminal proof recorded op=1828413413364172:1:CROSSROADS_PICK:9600047 role=host seat=0 duplicate=0 ambient=1
[log] [coop:transport] send host t=authorityEntry t=authorityEntry
[log] [coop:v2-shadow] PARITY kind=INTERACTION_COMMIT rev=240 match=true field=-
[log] [coop:transport] recv guest t=authorityEntry t=authorityEntry handlers=1
[log] [coop:v2-authority] receipt rev=240 op=1828413413364172:1:CROSSROADS_PICK:9600047 stage=admitted sender=1 generation=0 advanced retired=false waiting=[1] subsumed=[]
[log] [coop:v2-authority] receipt rev=240 op=1828413413364172:1:CROSSROADS_PICK:9600047 stage=materialApplied sender=1 generation=0 advanced retired=false waiting=[1] subsumed=[]
[log] [coop:owner] ownerOf(counter=47) seat=1 -> owner=guest
[log] [coop:owner] isLocalOwnerAtCounter(pinnedCounter=47) parity=1 owner=guest role=host -> false
[log] [coop:owner] ownerOf(counter=47) seat=1 -> owner=guest
[log] [coop:owner] isLocalOwnerAtCounter(pinnedCounter=47) parity=1 owner=guest role=host -> false
[log] [coop:reward] biome pick owner/watcher decision: pinnedStart=47 role=host spoof=false chained=true -> WATCHER (#848)
[log] [coop:interaction] uiMirror beginSession role=watcher mode=54 seq=9700047 early=0
[log] [coop:relay] AWAIT interactionChoice seq=9700047 timeoutMs=1200000 expected=[biomePick] -> network-wait
[log] [coop:interaction] interactionCounter() read -> 47 (role=host)
[log] [coop:owner] ownerOf(counter=47) seat=1 -> owner=guest
[log] [coop:owner] isLocalOwnerAtCounter(pinnedCounter=47) parity=1 owner=guest role=host -> false
[log] [coop:transport] send host t=authorityEntry t=authorityEntry
[log] [coop:relay] DELIVER interactionChoice seq=9700047 -> waiter kind=biomePick choice=0 data=[22]
[log] [coop:relay] AWAIT interactionChoice seq=9700047 RESOLVE kind=biomePick choice=0 data=[22]
[log] [coop:v2-authority] receipt rev=240 op=1828413413364172:1:CROSSROADS_PICK:9600047 stage=materialApplied sender=1 generation=0 duplicate highestStage=1
[log] [coop:v2-authority] receipt rev=240 op=1828413413364172:1:CROSSROADS_PICK:9600047 stage=controlInstalled sender=1 generation=0 advanced retired=true waiting=[] subsumed=[]
[log] [coop:v2-authority] receipt rev=240 op=1828413413364172:1:CROSSROADS_PICK:9600047 stage=controlInstalled sender=1 generation=0 rejected reason=unknown-revision
[log] [coop:reward] biome pick WATCHER: owner biome=undefined received pinnedStart=47 (#848)
[log] [coop:interaction] interactionCounter() read -> 47 (role=host)
[log] [coop:interaction] CoopInteractionTurn.advance INCREMENT (fromCounter=47) counter 47 -> 48
[log] [coop:interaction] advanceInteraction ADVANCED+BROADCAST (fromCounter=47) counter 47 -> 48 role=host; send interaction screen=__turn__ choice=48
[log] [coop:interaction] SEND counter snapshot reason=advance choice=48 role=host
[log] [coop:transport] send host t=interaction screen=__turn__
[log] [coop:owner] ownerOf(counter=48) seat=0 -> owner=host
[log] [coop:owner] ownerOf(counter=48) seat=0 -> owner=host
[log] [coop:interaction] interactionCounter() read -> 48 (role=host)
[log] [coop:reward] advance interaction from CONTINUATION commit (role=host from=47 counter 47 -> 48)
[log] [coop:interaction] interactionCounter() read -> 48 (role=host)
[log] [coop:v2-interaction] terminal proof recorded op=1828413413364172:1:BIOME_PICK:9700047 role=host seat=0 duplicate=0 ambient=1
[log] [coop:transport] send host t=authorityEntry t=authorityEntry
[log] [coop:v2-shadow] PARITY kind=INTERACTION_COMMIT rev=241 match=true field=-
[log] [coop:transport] recv guest t=interaction screen=__turn__ handlers=1
[log] [coop:transport] recv guest t=authorityEntry t=authorityEntry handlers=1
[log] [coop:interaction] RECV interaction broadcast (deferred catch-up net) received=48 localBefore=48 role=host -> no defer (local >= received)
[warn] [coop:interaction] CoopInteractionTurn.mergeRemote DEFER (remote=48, counter=48, pendingRemote=48) live counter UNCHANGED (folds in at next advance if still ahead)
[log] [coop:owner] ownerOf(counter=48) seat=0 -> owner=host
[log] [coop:owner] ownerOf(counter=48) seat=0 -> owner=host
[log] [coop:v2-authority] receipt rev=241 op=1828413413364172:1:BIOME_PICK:9700047 stage=admitted sender=1 generation=0 advanced retired=false waiting=[1] subsumed=[]
[log] [coop:v2-authority] receipt rev=241 op=1828413413364172:1:BIOME_PICK:9700047 stage=materialApplied sender=1 generation=0 advanced retired=false waiting=[1] subsumed=[]
[log] [coop:v2-authority] receipt rev=241 op=1828413413364172:1:BIOME_PICK:9700047 stage=controlInstalled sender=1 generation=0 advanced retired=true waiting=[] subsumed=[]
[log] [coop:interaction] interactionCounter() read -> 48 (role=host)
[log] %cStart Phase: PartyHealPhase color:green
[log] %cStart Phase: ResetStatusPhase color:green
[log] %cStart Phase: ResetStatusPhase color:green
[log] %cStart Phase: ResetStatusPhase color:green
[log] %cStart Phase: ResetStatusPhase color:green
[log] %cStart Phase: ResetStatusPhase color:green
[log] %cStart Phase: ResetStatusPhase color:green
[log] %cStart Phase: SwitchBiomePhase color:green
[log] %cStart Phase: NewBattlePhase color:green
[log] [coop:v2-control] NewBattlePhase installed committed host biome encounter wave=40->41
[log] %cStart Phase: ReturnPhase color:green
[log] [coop:turn] host recorder: begin turn=1 scope=1828413413364172:41 (no prior open recording)
[log] %cStart Phase: ReturnPhase color:green
[log] [coop:turn] host recorder: preserve recording scope=1828413413364172:41 turn=1 events=0 seq=0
[log] %cStart Phase: ShowTrainerPhase color:green
[log] %cStart Phase: NewBiomeEncounterPhase color:green
[log] [coop:interaction] interactionCounter() read -> 48 (role=host)
[log] [coop:replay] host SEND enemyPartySync wave=41 count=2 meType=-1 battleType=0 entryPresentation=-
[log] [coop:transport] send host t=enemyPartySync wave=41 enemies=2 battleType=0
[log] [coop:turn] host recorder: preserve recording scope=1828413413364172:41 turn=1 events=0 seq=0
[log] [coop:transport] recv guest t=enemyPartySync wave=41 enemies=2 battleType=0 handlers=1
[log] %cStart Phase: LevelCapPhase color:green
[log] %cStart Phase: SummonPhase color:green
[log] [coop:turn] host recorder: preserve recording scope=1828413413364172:41 turn=1 events=0 seq=0
[log] %cStart Phase: ToggleDoublePositionPhase color:green
[log] %cStart Phase: SummonPhase color:green
[log] [coop:turn] host recorder: preserve recording scope=1828413413364172:41 turn=1 events=0 seq=0
[log] %cStart Phase: CheckSwitchPhase color:green
[log] %cStart Phase: CheckSwitchPhase color:green
[log] %cStart Phase: InitEncounterPhase color:green
[log] [coop:turn] host recorder: preserve recording scope=1828413413364172:41 turn=1 events=0 seq=0
[log] %cStart Phase: PostSummonPhase color:green
[log] %cStart Phase: PostSummonPhase color:green
[log] [coop:turn] host recorder: append turn=1 seq=0 k=message total=1 live=true
[log] %cStart Phase: ShowAbilityPhase color:green
[log] [coop:turn] host recorder: append turn=1 seq=1 k=showAbility total=2 live=true
[log] %cStart Phase: StatStageChangePhase color:green
[log] [coop:turn] host recorder: append turn=1 seq=2 k=message total=3 live=true
[log] [coop:turn] host recorder: append turn=1 seq=3 k=statStage total=4 live=true
[log] %cStart Phase: MessagePhase color:green
[log] %cStart Phase: HideAbilityPhase color:green
[log] [coop:turn] host recorder: append turn=1 seq=4 k=hideAbility total=5 live=true
[log] %cStart Phase: ShowAbilityPhase color:green
[log] [coop:turn] host recorder: append turn=1 seq=5 k=showAbility total=6 live=true
[log] %cStart Phase: MessagePhase color:green
[log] %cStart Phase: HideAbilityPhase color:green
[log] [coop:turn] host recorder: append turn=1 seq=6 k=hideAbility total=7 live=true
[log] %cStart Phase: PostSummonPhase color:green
[log] %cStart Phase: PostSummonPhase color:green
[log] %cStart Phase: PostSummonPhase color:green
[log] %cStart Phase: TurnInitPhase color:green
[log] [coop:replay] host SEND enemyPartySync wave=41 count=2 meType=-1 battleType=0 entryPresentation=7
[log] [coop:transport] send host t=enemyPartySync wave=41 enemies=2 battleType=0
[log] [coop:replay] host RE-BROADCAST wave-start authority wave=41 after post-summon boundary stateChanged=true presentation=7 (#920)
[log] [coop:transport] send host t=authorityEntry t=authorityEntry
[log] [coop:v2-shadow] PARITY kind=CONTROL_COMMIT rev=242 match=true field=-
[log] [coop:rendezvous] next-command barrier ARRIVE+AWAIT cmd:41:1 slot=0
[log] [coop:rendezvous] ARRIVE point=cmd:41:1 (send) role=host
[log] [coop:transport] send host t=rendezvous point=cmd:41:1
[log] [coop:rendezvous] AWAIT point=cmd:41:1 timeoutMs=2000 -> network-wait role=host
[log] [coop:transport] recv guest t=enemyPartySync wave=41 enemies=2 battleType=0 handlers=1
[log] [coop:transport] recv guest t=authorityEntry t=authorityEntry handlers=1
[log] [coop:transport] recv guest t=rendezvous point=cmd:41:1 handlers=1
[log] [coop:v2-authority] receipt rev=242 op=V2/CONTROL/COMMAND/e1828413413364172/w41/t1/tick820 stage=admitted sender=1 generation=0 advanced retired=false waiting=[1] subsumed=[]
[log] [coop:transport] send host t=authorityEntry t=authorityEntry
[log] [coop:rendezvous] RECV arrival point=cmd:41:1 -> deliver-to-waiter role=host
[log] [coop:transport] send host t=rendezvous point=cmd:41:1
[log] [coop:rendezvous] AWAIT point=cmd:41:1 RESOLVE both-arrived role=host
[log] [coop:stream] host IGNORE cosmetic turn ACK stage=continuationReady key=1828413413364172:40:2:810 (v2 owns retirement)
[log] [coop:v2-authority] receipt rev=242 op=V2/CONTROL/COMMAND/e1828413413364172/w41/t1/tick820 stage=admitted sender=1 generation=0 duplicate highestStage=0
[log] [coop:v2-authority] receipt rev=242 op=V2/CONTROL/COMMAND/e1828413413364172/w41/t1/tick820 stage=materialApplied sender=1 generation=0 advanced retired=false waiting=[1] subsumed=[]
[log] [coop:v2-authority] receipt rev=242 op=V2/CONTROL/COMMAND/e1828413413364172/w41/t1/tick820 stage=materialApplied sender=1 generation=0 duplicate highestStage=1
[log] [coop:v2-authority] receipt rev=242 op=V2/CONTROL/COMMAND/e1828413413364172/w41/t1/tick820 stage=materialApplied sender=1 generation=0 duplicate highestStage=1
[log] [coop:v2-authority] receipt rev=242 op=V2/CONTROL/COMMAND/e1828413413364172/w41/t1/tick820 stage=materialApplied sender=1 generation=0 duplicate highestStage=1
[log] [coop:v2-authority] receipt rev=242 op=V2/CONTROL/COMMAND/e1828413413364172/w41/t1/tick820 stage=controlInstalled sender=1 generation=0 advanced retired=true waiting=[] subsumed=[]
[log] [coop:transport] recv guest t=rendezvous point=cmd:41:1 handlers=1
[log] [coop:transport] send host t=enemyPartySync wave=41 enemies=2 battleType=0
[log] [coop:replay] host RE-BROADCAST wave-start authority wave=41 after post-summon boundary stateChanged=false presentation=7 (#920)
[log] [coop:transport] recv guest t=enemyPartySync wave=41 enemies=2 battleType=0 handlers=1
[log] [coop-soak:wave-start] {"seed":20365530,"wave":41,"wavesRequested":200,"wavesCompleted":40,"elapsedMs":206018,"hostPhase":"CommandPhase","guestPhase":"CommandPhase"}
[log] [coop:interaction] interactionCounter() read -> 48 (role=host)
[log] [coop:interaction] interactionCounter() read -> 48 (role=guest)
[log] [coop:interaction] interactionCounter() read -> 48 (role=host)
[log] [coop:checksum] capture digest=2945fd840c6d9776 field=4 biome=22 seed=coop-soak-20365530 weather=0 terrain=0 money=2450 party=[890,384,493,150,382,888] partyLevels=[500,500,500,500,500,500] arenaTags=0 modifiers=5 heldItemsDigest=5 pokeballs=[0:55,1:20,2:0,3:0,4:0] mons=[bi0:sp890/hp2065-2065/st0/ab5258/form0/tera0:3/boss0:0 bi1:sp384/hp1715-1715/st0/ab263/form0/tera0:15/boss0:0 bi2:sp867/hp71-71/st0/ab5001/form0/tera0:4/boss2:1 bi3:sp605/hp77-77/st0/ab233/form0/tera0:13/boss1:0]
[log] [coop:interaction] interactionCounter() read -> 48 (role=host)
[log] %cStart Phase: SelectTargetPhase color:green
[log] [coop:owner] broadcast own-slot fi=0 turn=1 role=host cmd=0
[log] [coop:relay] broadcastLocalCommand SEND fieldIndex=0 owner=host turn=1 command=0 cursor=2 moveId=53 targets=[2]
[log] [coop:transport] send host t=command fi=0 owner=host turn=1 cmd=0 cursor=2 move=53
[log] [coop:transport] recv guest t=command fi=0 owner=host turn=1 cmd=0 cursor=2 move=53 handlers=1
[log] [coop:relay] recv command fieldIndex=0 turn=1 command=0 -> BUFFERED (no awaiter yet)
[log] %cStart Phase: CommandPhase color:green
[log] [coop:transport] send host t=enemyPartySync wave=41 enemies=2 battleType=0
[log] [coop:replay] host RE-BROADCAST wave-start authority wave=41 after post-summon boundary stateChanged=false presentation=7 (#920)
[log] [coop:battle] CommandPhase slot=1 turn=1 owner=guest role=host -> partner path
[log] [coop:relay] host requestPartnerCommand SEND fieldIndex=1 turn=1 moveSlots=[0,1,2,3] (awaiting peer)
[log] [coop:transport] send host t=commandRequest fi=1 owner=guest turn=1 slots=4
[log] [coop:transport] recv guest t=enemyPartySync wave=41 enemies=2 battleType=0 handlers=1
[log] [coop:transport] recv guest t=commandRequest fi=1 owner=guest turn=1 slots=4 handlers=1
[log] [coop:relay] peer recv commandRequest fieldIndex=1 owner=guest turn=1 moveSlots=[0,1,2,3] -> reply command=0 cursor=3 moveId=85
[log] [coop:transport] send guest t=command fi=1 owner=guest turn=1 cmd=0 cursor=3 move=85
[log] [coop:transport] recv host t=command fi=1 owner=guest turn=1 cmd=0 cursor=3 move=85 handlers=1
[log] [coop:relay] recv command fieldIndex=1 turn=1 command=0 -> resolved awaiting request
[log] [coop:ai] applyWiredPartnerCommand partner=384 wiredMoveId=85 cursor=3 -> moveId=85 moveIndex=3 tera=false targets=[3] targetsFrom=wire-verbatim useMode=1
[log] %cStart Phase: EnemyCommandPhase color:green
[log] %cStart Phase: EnemyCommandPhase color:green
[log] %cStart Phase: TurnStartPhase color:green
[log] [coop-diag] turn-start authoritative guard mode=authoritative role=host turn=1 diverts=false
[log] [coop:turn] host recorder: preserve recording scope=1828413413364172:41 turn=1 events=9 seq=9
[log] %cStart Phase: MovePhase color:green
[log] [coop:turn] host recorder: append turn=1 seq=9 k=moveUsed total=10 live=true
[log] %cStart Phase: MessagePhase color:green
[log] %cStart Phase: MoveEffectPhase color:green
[log] [coop:turn] host recorder: append turn=1 seq=10 k=moveAnim total=11 live=true
[log] [coop:turn] host recorder: append turn=1 seq=11 k=hp total=12 live=true
[log] [coop:turn] host recorder: append turn=1 seq=12 k=faint total=13 live=true
[log] %cStart Phase: DamageAnimPhase color:green
[log] %cStart Phase: StatStageChangePhase color:green
[log] %cStart Phase: FaintPhase color:green
[log] %cStart Phase: MessagePhase color:green
[log] %cStart Phase: ShowAbilityPhase color:green
[log] [coop:turn] host recorder: append turn=1 seq=13 k=showAbility total=14 live=true
[log] %cStart Phase: HideAbilityPhase color:green
[log] [coop:turn] host recorder: append turn=1 seq=14 k=hideAbility total=15 live=true
[log] %cStart Phase: VictoryPhase color:green
[log] [coop:progression] HOST progression capture begin wave=41
[log] [coop:progression] HOST applyPartyExp COMPUTE wave=41 expValue=846 koMon=Runerigus
[log] %cStart Phase: MoveEndPhase color:green
[log] [coop:turn] host recorder: append turn=1 seq=15 k=hp total=16 live=true
[log] [coop:turn] host recorder: append turn=1 seq=16 k=message total=17 live=true
[log] %cStart Phase: DamageAnimPhase color:green
[log] %cStart Phase: MessagePhase color:green
[log] %cStart Phase: MovePhase color:green
[log] [coop:turn] host recorder: append turn=1 seq=17 k=moveUsed total=18 live=true
[log] %cStart Phase: MessagePhase color:green
[log] %cStart Phase: MoveEffectPhase color:green
[log] [coop:turn] host recorder: append turn=1 seq=18 k=moveAnim total=19 live=true
[log] [coop:turn] host recorder: append turn=1 seq=19 k=hp total=20 live=true
[log] [coop:turn] host recorder: append turn=1 seq=20 k=faint total=21 live=true
[log] %cStart Phase: DamageAnimPhase color:green
[log] %cStart Phase: FaintPhase color:green
[log] %cStart Phase: MessagePhase color:green
[log] %cStart Phase: VictoryPhase color:green
[log] [coop:progression] HOST applyPartyExp COMPUTE wave=41 expValue=349.4 koMon=Elgyem
[log] [coop:runtime] defer raw waveResolved wave=41 outcome=win until its material turnResolution is retained
[log] [coop-diag] VictoryPhase win-branch role=host battleType=WILD queuesTrainerVictory=false queuesSelectModifier=true wave=41
[log] [coop-diag] VictoryTail role=host wave=41 source=legacy-local trainer=false egg=true biomeShop=false biomeChange=false crossroads=false nextWave=42
[log] %cStart Phase: MoveEndPhase color:green
[log] %cStart Phase: MovePhase color:green
[log] %cStart Phase: MoveEndPhase color:green
[log] %cStart Phase: MovePhase color:green
[log] %cStart Phase: MoveEndPhase color:green
[log] %cStart Phase: CheckInterludePhase color:green
[log] %cStart Phase: WeatherEffectPhase color:green
[log] %cStart Phase: PositionalTagPhase color:green
[log] %cStart Phase: BerryPhase color:green
[log] %cStart Phase: CheckStatusEffectPhase color:green
[log] %cStart Phase: TurnEndPhase color:green
[log] [coop:turn] host recorder: append turn=1 seq=21 k=commonAnim total=22 live=true
[log] [coop:turn] host recorder: append turn=1 seq=22 k=hp total=23 live=true
[log] [coop:turn] host recorder: append turn=1 seq=23 k=message total=24 live=true
[log] %cStart Phase: CommonAnimPhase color:green
[log] %cStart Phase: DamageAnimPhase color:green
[log] %cStart Phase: MessagePhase color:green
[log] %cStart Phase: PokemonHealPhase color:green
[log] [coop:turn] host recorder: append turn=1 seq=24 k=hp total=25 live=true
[log] [coop:turn] host recorder: append turn=1 seq=25 k=message total=26 live=true
[log] %cStart Phase: MessagePhase color:green
[log] %cStart Phase: CoopTurnCommitPhase color:green
[log] [coop:turn] host recorder: finalize turn=1 events=26 seq=26
[log] [coop:checkpoint] build field=4 weather=0/0 terrain=0/0 arenaTags=0 money=2450 mons=[bi0:sp890/hp1655-2065/st0/fnt0 bi1:sp384/hp1715-1715/st0/fnt0 bi2:sp867/hp0-71/st7/fnt1 bi3:sp605/hp0-77/st7/fnt1]
[log] [coop:checkpoint] host capture field=4 weather=0 terrain=0 money=2450 arenaTags=0 mons=[bi0:sp890/hp1655-2065/st0/fnt0 bi1:sp384/hp1715-1715/st0/fnt0 bi2:sp867/hp0-71/st7/fnt1 bi3:sp605/hp0-77/st7/fnt1]
[log] [coop:interaction] interactionCounter() read -> 48 (role=host)
[log] [coop:replay] host SEND turnResolution e=1828413413364172 wave=41 turn=1 rev=829 events=26 checksum=819389770c3f7518
[log] [coop:transport] send host t=authorityEntry t=authorityEntry
[log] [coop:v2-shadow] PARITY kind=TURN_COMMIT rev=243 match=true field=- successor=none-non-command-boundary
[log] [coop:transport] send host t=turnResolution e=1828413413364172 wave=41 turn=1 rev=829 events=26 checksum=819389770c3f7518
[log] [coop:runtime] send waveResolved wave=41 outcome=win (host)
[log] [coop:replay] host SEND waveResolved wave=41 outcome=win transition=WAVE_VICTORY/next42/biome0/egg1/wild
[log] [coop:transport] send host t=waveResolved wave=41 outcome=win captureParty=- cap=-
[log] [coop:transport] recv guest t=authorityEntry t=authorityEntry handlers=1
[log] [coop:transport] recv guest t=turnResolution e=1828413413364172 wave=41 turn=1 rev=829 events=26 checksum=819389770c3f7518 handlers=1
[log] [coop:transport] recv guest t=waveResolved wave=41 outcome=win captureParty=- cap=- handlers=1
[log] [38;2;255;127;80mPhaseInterceptor.to: Stopping on completion of CoopTurnCommitPhase[39m
[log] %cStart Phase: BattleEndPhase color:green
[log] [coop:progression] HOST automatic victory settlement deferred wave=41 sourceTurn=1 settlementTurn=2
[log] [coop:v2-authority] receipt rev=243 op=TURN/e1828413413364172/w41/t1 stage=admitted sender=1 generation=0 advanced retired=false waiting=[1] subsumed=[]
[log] [coop:transport] send host t=authorityEntry t=authorityEntry
[log] [coop:transport] recv guest t=authorityEntry t=authorityEntry handlers=1
[log] [coop:v2-authority] receipt rev=243 op=TURN/e1828413413364172/w41/t1 stage=admitted sender=1 generation=0 duplicate highestStage=0
[log] [coop:transport] send host t=authorityEntry t=authorityEntry
[log] [coop:v2-authority] receipt rev=243 op=TURN/e1828413413364172/w41/t1 stage=admitted sender=1 generation=0 duplicate highestStage=0
[log] [coop:v2-authority] receipt rev=243 op=TURN/e1828413413364172/w41/t1 stage=admitted sender=1 generation=0 duplicate highestStage=0
[log] [coop:v2-authority] receipt rev=243 op=TURN/e1828413413364172/w41/t1 stage=materialApplied sender=1 generation=0 advanced retired=false waiting=[1] subsumed=[]
[log] [coop:v2-authority] receipt rev=243 op=TURN/e1828413413364172/w41/t1 stage=controlInstalled sender=1 generation=0 advanced retired=true waiting=[] subsumed=[]
[log] [coop:interaction] interactionCounter() read -> 48 (role=host)
[log] %cStart Phase: EggLapsePhase color:green
[log] %cStart Phase: CoopVictorySealPhase color:green
[log] [coop:transport] send host t=authorityEntry t=authorityEntry
[log] [coop:v2-shadow] PARITY kind=WAVE_ADVANCE rev=244 match=true field=-
[log] [coop:runtime] settled WAVE_ADVANCE committed wave=41 tick=830 next=WAVE_VICTORY/wave42
[log] [coop:runtime] send waveEndState wave=41 tick=830 (host)
[log] [coop:replay] host SEND waveEndState wave=41 tick=830 party=6
[log] [coop:transport] send host t=waveEndState t=waveEndState
[log] [coop:progression] HOST automatic victory settlement sealed wave=41 sourceTurn=1 settlementTurn=2 tick=830
[log] [coop:transport] recv guest t=authorityEntry t=authorityEntry handlers=1
[log] [coop:transport] recv guest t=waveEndState t=waveEndState handlers=1
[log] [coop:interaction] interactionCounter() read -> 48 (role=host)
[log] [coop:owner] ownerOf(counter=48) seat=0 -> owner=host
[log] [coop:owner] isLocalOwnerAtCounter(pinnedCounter=48) parity=0 owner=host role=host -> true
[log] [coop:interaction] interactionCounter() read -> 48 (role=host)
[log] [coop:reward] owner/watcher decision: pinnedStart=48 liveCounter=48 parity=0 role=host pick=OWNER option=ROLL spoof=false
[log] [coop:shop] serializeRewardOptions count=3 ids=[MEGA_BRACELET,GREAT_BALL,POTION] tiers=[3,1,0]
[log] [coop:reward] OWNER streams reward options (start=48 reroll=0 count=3 ids=[MEGA_BRACELET,GREAT_BALL,POTION])
[log] [coop:relay] SEND rewardOptions seq=48 reroll=0 count=3 ids=[MEGA_BRACELET,GREAT_BALL,POTION]
[log] [coop:transport] send host t=authorityEntry t=authorityEntry
[log] [coop:v2-shadow] PARITY kind=INTERACTION_COMMIT rev=245 match=true field=-
[log] [coop:reward] authoritative options retained surface=reward pin=48 reroll=0 count=3 rev=97 id=1828413413364172:0:REWARD_PRESENT:4800000
[log] [coop:v2-interaction] suppressed raw rewardOptions key=48:0; immutable entry retained
[log] [coop:rendezvous] ARRIVE point=shop:41:48 (send) role=host
[log] [coop:transport] send host t=rendezvous point=shop:41:48
[log] [coop:reward] OWNER drives reward screen (start=48 role=host spoof=false adoptsOptions=false wave=41)
[log] [coop:rendezvous] shop-pick-commit barrier AWAIT shop:41:48
[log] [coop:rendezvous] AWAIT point=shop:41:48 timeoutMs=2000 -> network-wait role=host
[log] [coop:transport] recv guest t=authorityEntry t=authorityEntry handlers=1
[log] [coop:transport] recv guest t=rendezvous point=shop:41:48 handlers=1
[log] [coop:interaction] interactionCounter() read -> 48 (role=host)
[log] [coop:checksum] capture digest=819389770c3f7518 field=4 biome=22 seed=coop-soak-20365530 weather=0 terrain=0 money=2450 party=[890,384,493,150,382,888] partyLevels=[500,500,500,500,500,500] arenaTags=0 modifiers=5 heldItemsDigest=1 pokeballs=[0:55,1:20,2:0,3:0,4:0] mons=[bi0:sp890/hp1655-2065/st0/ab5258/form0/tera0:3/boss0:0 bi1:sp384/hp1715-1715/st0/ab263/form0/tera0:15/boss0:0 bi2:sp867/hp0-71/st7/ab5001/form0/tera0:4/boss2:0 bi3:sp605/hp0-77/st7/ab233/form0/tera0:13/boss1:0]
[log] [coop:transport] send host t=authorityEntry t=authorityEntry
[log] [coop:rendezvous] RECV arrival point=shop:41:48 -> deliver-to-waiter role=host
[log] [coop:transport] send host t=rendezvous point=shop:41:48
[log] [coop:rendezvous] AWAIT point=shop:41:48 RESOLVE both-arrived role=host
[log] [coop:stream] host IGNORE cosmetic turn ACK stage=continuationReady key=1828413413364172:41:1:829 (v2 owns retirement)
[log] [coop:v2-authority] receipt rev=244 op=V2/WAVE/e1828413413364172/w41/tick830 stage=admitted sender=1 generation=0 advanced retired=false waiting=[1] subsumed=[]
[log] [coop:transport] send host t=authorityEntry t=authorityEntry
[log] [coop:transport] send host t=authorityEntry t=authorityEntry
[log] [coop:v2-authority] receipt rev=244 op=V2/WAVE/e1828413413364172/w41/tick830 stage=admitted sender=1 generation=0 duplicate highestStage=0
[log] [coop:v2-authority] receipt rev=244 op=V2/WAVE/e1828413413364172/w41/tick830 stage=materialApplied sender=1 generation=0 advanced retired=false waiting=[1] subsumed=[]
[log] [coop:transport] send host t=authorityEntry t=authorityEntry
[log] [coop:v2-authority] receipt rev=244 op=V2/WAVE/e1828413413364172/w41/tick830 stage=controlInstalled sender=1 generation=0 advanced retired=true waiting=[] subsumed=[]
[log] [coop:v2-authority] receipt rev=245 op=1828413413364172:0:REWARD_PRESENT:4800000 stage=admitted sender=1 generation=0 advanced retired=false waiting=[1] subsumed=[]
[log] [coop:v2-authority] receipt rev=245 op=1828413413364172:0:REWARD_PRESENT:4800000 stage=materialApplied sender=1 generation=0 advanced retired=false waiting=[1] subsumed=[]
[log] [coop:v2-authority] receipt rev=245 op=1828413413364172:0:REWARD_PRESENT:4800000 stage=materialApplied sender=1 generation=0 duplicate highestStage=1
[log] [coop:v2-authority] receipt rev=245 op=1828413413364172:0:REWARD_PRESENT:4800000 stage=controlInstalled sender=1 generation=0 advanced retired=true waiting=[] subsumed=[]
[log] [coop:v2-authority] receipt rev=244 op=V2/WAVE/e1828413413364172/w41/tick830 stage=controlInstalled sender=1 generation=0 rejected reason=unknown-revision
[log] [coop:transport] recv guest t=rendezvous point=shop:41:48 handlers=1
[log] [coop:transport] recv guest t=authorityEntry t=authorityEntry handlers=1
[log] [coop:transport] recv guest t=authorityEntry t=authorityEntry handlers=1
[log] [coop:transport] recv guest t=authorityEntry t=authorityEntry handlers=1
[log] [coop:interaction] mirror begin role=owner mirrorSeq=3072 interactionStart=48 reroll=0
[log] [coop:interaction] uiMirror beginSession role=owner mode=6 seq=3072 early=0
[log] [coop:owner] ownerOf(counter=48) seat=0 -> owner=host
[log] [coop:owner] isLocalOwnerAtCounter(pinnedCounter=48) parity=0 owner=host role=host -> true
[log] [coop:relay] OWNER prepare seq=48 kind=skip choice=-1 data=[] role=host
[log] [coop:reward] reward op INTENT prepared label=skip id=1828413413364172:0:REWARD:4800000
[log] [coop:v2-interaction] terminal proof recorded op=1828413413364172:0:REWARD:4800000 role=host seat=0 duplicate=0 ambient=1
[log] [coop:v2-interaction] phase terminal proof op=1828413413364172:0:REWARD:4800000 route=constructor-fallback accepted=1
[log] [coop:shop] serializeRewardOptions count=3 ids=[MEGA_BRACELET,GREAT_BALL,POTION] tiers=[3,1,0]
[log] [coop:transport] send host t=authorityEntry t=authorityEntry
[log] [coop:v2-shadow] PARITY kind=INTERACTION_COMMIT rev=246 match=true field=-
[log] [coop:reward] reward authoritative RESULT retained rev=98 tick=832 id=1828413413364172:0:REWARD:4800000
[log] [coop:reward] OWNER retained terminal before continuation seq=48 id=1828413413364172:0:REWARD:4800000
[log] [coop:transport] recv guest t=authorityEntry t=authorityEntry handlers=1
[log] [coop:v2-authority] receipt rev=244 op=V2/WAVE/e1828413413364172/w41/tick830 stage=controlInstalled sender=1 generation=0 rejected reason=unknown-revision
[log] [coop:v2-authority] receipt rev=245 op=1828413413364172:0:REWARD_PRESENT:4800000 stage=controlInstalled sender=1 generation=0 rejected reason=unknown-revision
[log] [coop:v2-authority] receipt rev=245 op=1828413413364172:0:REWARD_PRESENT:4800000 stage=controlInstalled sender=1 generation=0 rejected reason=unknown-revision
[log] [coop:v2-authority] receipt rev=246 op=1828413413364172:0:REWARD:4800000 stage=admitted sender=1 generation=0 advanced retired=false waiting=[1] subsumed=[]
[log] [coop:v2-authority] receipt rev=246 op=1828413413364172:0:REWARD:4800000 stage=admitted sender=1 generation=0 duplicate highestStage=0
[log] [coop:v2-authority] receipt rev=246 op=1828413413364172:0:REWARD:4800000 stage=materialApplied sender=1 generation=0 advanced retired=false waiting=[1] subsumed=[]
[log] [coop:v2-authority] receipt rev=246 op=1828413413364172:0:REWARD:4800000 stage=controlInstalled sender=1 generation=0 advanced retired=true waiting=[] subsumed=[]
[log] [coop:reward] OWNER peer material applied; release terminal engine barrier seq=48 id=1828413413364172:0:REWARD:4800000
[log] [coop:interaction] interactionCounter() read -> 48 (role=host)
[log] [coop:interaction] CoopInteractionTurn.advance INCREMENT (fromCounter=48) counter 48 -> 49
[log] [coop:interaction] advanceInteraction ADVANCED+V2-LOCAL (fromCounter=48) counter 48 -> 49 role=host
[log] [coop:owner] ownerOf(counter=49) seat=1 -> owner=guest
[log] [coop:owner] ownerOf(counter=49) seat=1 -> owner=guest
[log] [coop:interaction] interactionCounter() read -> 49 (role=host)
[log] [coop:reward] advance interaction from V2 commit (role=host from=48 counter 48 -> 49); typed successor owns release
[log] [coop:interaction] interactionCounter() read -> 49 (role=host)
[log] [coop:interaction] interactionCounter() read -> 49 (role=guest)
[log] [coop:interaction] interactionCounter() read -> 49 (role=host)
[log] [coop:interaction] interactionCounter() read -> 49 (role=guest)
[log] [coop-soak:wave-complete] {"seed":20365530,"wave":41,"wavesRequested":200,"wavesCompleted":41,"waveElapsedMs":4779,"elapsedMs":210797,"findings":0,"hostPhase":"NewBattlePhase","guestPhase":"NewBattlePhase"}
[log] %cStart Phase: NewBattlePhase color:green
[log] %cStart Phase: NextEncounterPhase color:green
[log] [coop:interaction] interactionCounter() read -> 49 (role=host)
[log] [coop:replay] host SEND enemyPartySync wave=42 count=2 meType=-1 battleType=0 entryPresentation=-
[log] [coop:transport] send host t=enemyPartySync wave=42 enemies=2 battleType=0
[log] [coop:turn] host recorder: begin turn=1 scope=1828413413364172:42 (no prior open recording)
[log] [coop:transport] recv guest t=enemyPartySync wave=42 enemies=2 battleType=0 handlers=1
[log] %cStart Phase: ToggleDoublePositionPhase color:green
[log] %cStart Phase: CheckSwitchPhase color:green
[log] %cStart Phase: CheckSwitchPhase color:green
[log] %cStart Phase: InitEncounterPhase color:green
[log] [coop:turn] host recorder: preserve recording scope=1828413413364172:42 turn=1 events=0 seq=0
[log] %cStart Phase: PostSummonPhase color:green
[log] %cStart Phase: PostSummonPhase color:green
[log] [coop:turn] host recorder: append turn=1 seq=0 k=message total=1 live=true
[log] %cStart Phase: ShowAbilityPhase color:green
[log] [coop:turn] host recorder: append turn=1 seq=1 k=showAbility total=2 live=true
[log] %cStart Phase: MessagePhase color:green
[log] %cStart Phase: HideAbilityPhase color:green
[log] [coop:turn] host recorder: append turn=1 seq=2 k=hideAbility total=3 live=true
[log] %cStart Phase: PostSummonPhase color:green
[log] %cStart Phase: PostSummonPhase color:green
[log] [coop:turn] host recorder: append turn=1 seq=3 k=message total=4 live=true
[log] %cStart Phase: ShowAbilityPhase color:green
[log] [coop:turn] host recorder: append turn=1 seq=4 k=showAbility total=5 live=true
[log] %cStart Phase: MessagePhase color:green
[log] %cStart Phase: HideAbilityPhase color:green
[log] [coop:turn] host recorder: append turn=1 seq=5 k=hideAbility total=6 live=true
[log] %cStart Phase: TurnInitPhase color:green
[log] [coop:replay] host SEND enemyPartySync wave=42 count=2 meType=-1 battleType=0 entryPresentation=6
[log] [coop:transport] send host t=enemyPartySync wave=42 enemies=2 battleType=0
[log] [coop:replay] host RE-BROADCAST wave-start authority wave=42 after post-summon boundary stateChanged=true presentation=6 (#920)
[log] [coop:transport] send host t=authorityEntry t=authorityEntry
[log] [coop:v2-shadow] PARITY kind=CONTROL_COMMIT rev=247 match=true field=-
[log] [coop:rendezvous] next-command barrier ARRIVE+AWAIT cmd:42:1 slot=0
[log] [coop:rendezvous] ARRIVE point=cmd:42:1 (send) role=host
[log] [coop:transport] send host t=rendezvous point=cmd:42:1
[log] [coop:rendezvous] AWAIT point=cmd:42:1 timeoutMs=2000 -> network-wait role=host
[log] [coop:transport] recv guest t=enemyPartySync wave=42 enemies=2 battleType=0 handlers=1
[log] [coop:transport] recv guest t=authorityEntry t=authorityEntry handlers=1
[log] [coop:transport] recv guest t=rendezvous point=cmd:42:1 handlers=1
[log] [coop:v2-authority] receipt rev=247 op=V2/CONTROL/COMMAND/e1828413413364172/w42/t1/tick836 stage=admitted sender=1 generation=0 advanced retired=false waiting=[1] subsumed=[]
[log] [coop:transport] send host t=authorityEntry t=authorityEntry
[log] [coop:rendezvous] RECV arrival point=cmd:42:1 -> deliver-to-waiter role=host
[log] [coop:transport] send host t=rendezvous point=cmd:42:1
[log] [coop:rendezvous] AWAIT point=cmd:42:1 RESOLVE both-arrived role=host
[log] [coop:v2-authority] receipt rev=247 op=V2/CONTROL/COMMAND/e1828413413364172/w42/t1/tick836 stage=admitted sender=1 generation=0 duplicate highestStage=0
[log] [coop:v2-authority] receipt rev=247 op=V2/CONTROL/COMMAND/e1828413413364172/w42/t1/tick836 stage=materialApplied sender=1 generation=0 advanced retired=false waiting=[1] subsumed=[]
[log] [coop:v2-authority] receipt rev=247 op=V2/CONTROL/COMMAND/e1828413413364172/w42/t1/tick836 stage=materialApplied sender=1 generation=0 duplicate highestStage=1
[log] [coop:v2-authority] receipt rev=247 op=V2/CONTROL/COMMAND/e1828413413364172/w42/t1/tick836 stage=materialApplied sender=1 generation=0 duplicate highestStage=1
[log] [coop:v2-authority] receipt rev=247 op=V2/CONTROL/COMMAND/e1828413413364172/w42/t1/tick836 stage=materialApplied sender=1 generation=0 duplicate highestStage=1
[log] [coop:v2-authority] receipt rev=247 op=V2/CONTROL/COMMAND/e1828413413364172/w42/t1/tick836 stage=controlInstalled sender=1 generation=0 advanced retired=true waiting=[] subsumed=[]
[log] [coop:transport] recv guest t=rendezvous point=cmd:42:1 handlers=1
[log] [coop:transport] send host t=enemyPartySync wave=42 enemies=2 battleType=0
[log] [coop:replay] host RE-BROADCAST wave-start authority wave=42 after post-summon boundary stateChanged=false presentation=6 (#920)
[log] [coop:transport] recv guest t=enemyPartySync wave=42 enemies=2 battleType=0 handlers=1
[log] [coop-soak:wave-start] {"seed":20365530,"wave":42,"wavesRequested":200,"wavesCompleted":41,"elapsedMs":212091,"hostPhase":"CommandPhase","guestPhase":"CommandPhase"}
[log] [coop:interaction] interactionCounter() read -> 49 (role=host)
[log] [coop:interaction] interactionCounter() read -> 49 (role=guest)
[log] [coop:interaction] interactionCounter() read -> 49 (role=host)
[log] [coop:checksum] capture digest=49dc8673b39d3037 field=4 biome=22 seed=coop-soak-20365530 weather=0 terrain=0 money=2450 party=[890,384,493,150,382,888] partyLevels=[500,500,500,500,500,500] arenaTags=1 modifiers=5 heldItemsDigest=2 pokeballs=[0:55,1:20,2:0,3:0,4:0] mons=[bi0:sp890/hp1655-2065/st0/ab5258/form0/tera0:3/boss0:0 bi1:sp384/hp1715-1715/st0/ab263/form0/tera0:15/boss0:0 bi2:sp605/hp80-80/st0/ab5084/form0/tera0:13/boss0:0 bi3:sp958/hp80-80/st0/ab5278/form0/tera0:8/boss0:0]
[log] [coop:interaction] interactionCounter() read -> 49 (role=host)
[log] %cStart Phase: SelectTargetPhase color:green
[log] [coop:owner] broadcast own-slot fi=0 turn=1 role=host cmd=0
[log] [coop:relay] broadcastLocalCommand SEND fieldIndex=0 owner=host turn=1 command=0 cursor=2 moveId=53 targets=[2]
[log] [coop:transport] send host t=command fi=0 owner=host turn=1 cmd=0 cursor=2 move=53
[log] [coop:transport] recv guest t=command fi=0 owner=host turn=1 cmd=0 cursor=2 move=53 handlers=1
[log] [coop:relay] recv command fieldIndex=0 turn=1 command=0 -> BUFFERED (no awaiter yet)
[log] %cStart Phase: CommandPhase color:green
[log] [coop:transport] send host t=enemyPartySync wave=42 enemies=2 battleType=0
[log] [coop:replay] host RE-BROADCAST wave-start authority wave=42 after post-summon boundary stateChanged=true presentation=6 (#920)
[log] [coop:battle] CommandPhase slot=1 turn=1 owner=guest role=host -> partner path
[log] [coop:relay] host requestPartnerCommand SEND fieldIndex=1 turn=1 moveSlots=[0,1,2,3] (awaiting peer)
[log] [coop:transport] send host t=commandRequest fi=1 owner=guest turn=1 slots=4
[log] [coop:transport] recv guest t=enemyPartySync wave=42 enemies=2 battleType=0 handlers=1
[log] [coop:transport] recv guest t=commandRequest fi=1 owner=guest turn=1 slots=4 handlers=1
[log] [coop:relay] peer recv commandRequest fieldIndex=1 owner=guest turn=1 moveSlots=[0,1,2,3] -> reply command=0 cursor=0 moveId=34
[log] [coop:transport] send guest t=command fi=1 owner=guest turn=1 cmd=0 cursor=0 move=34
[log] [coop:transport] recv host t=command fi=1 owner=guest turn=1 cmd=0 cursor=0 move=34 handlers=1
[log] [coop:relay] recv command fieldIndex=1 turn=1 command=0 -> resolved awaiting request
[log] [coop:ai] applyWiredPartnerCommand partner=384 wiredMoveId=34 cursor=0 -> moveId=34 moveIndex=0 tera=false targets=[3] targetsFrom=wire-verbatim useMode=1
[log] %cStart Phase: EnemyCommandPhase color:green
[log] %cStart Phase: EnemyCommandPhase color:green
[log] %cStart Phase: TurnStartPhase color:green
[log] [coop-diag] turn-start authoritative guard mode=authoritative role=host turn=1 diverts=false
[log] [coop:turn] host recorder: preserve recording scope=1828413413364172:42 turn=1 events=8 seq=8
[log] %cStart Phase: MovePhase color:green
[log] [coop:turn] host recorder: append turn=1 seq=8 k=moveUsed total=9 live=true
[log] %cStart Phase: MessagePhase color:green
[log] %cStart Phase: MoveEffectPhase color:green
[log] [coop:turn] host recorder: append turn=1 seq=9 k=moveAnim total=10 live=true
[log] [coop:turn] host recorder: append turn=1 seq=10 k=message total=11 live=true
[log] %cStart Phase: MessagePhase color:green
[log] %cStart Phase: MoveEndPhase color:green
[log] %cStart Phase: MovePhase color:green
[log] [coop:turn] host recorder: append turn=1 seq=11 k=moveUsed total=12 live=true
[log] %cStart Phase: MessagePhase color:green
[log] %cStart Phase: MoveEffectPhase color:green
[log] [coop:turn] host recorder: append turn=1 seq=12 k=moveAnim total=13 live=true
[log] [coop:turn] host recorder: append turn=1 seq=13 k=message total=14 live=true
[log] %cStart Phase: MessagePhase color:green
[log] %cStart Phase: MoveEndPhase color:green
[log] %cStart Phase: MovePhase color:green
[log] [coop:turn] host recorder: append turn=1 seq=14 k=moveUsed total=15 live=true
[log] %cStart Phase: MessagePhase color:green
[log] %cStart Phase: MoveEffectPhase color:green
[log] [coop:turn] host recorder: append turn=1 seq=15 k=moveAnim total=16 live=true
[log] [coop:turn] host recorder: append turn=1 seq=16 k=hp total=17 live=true
[log] [coop:turn] host recorder: append turn=1 seq=17 k=faint total=18 live=true
[log] [coop:turn] host recorder: append turn=1 seq=18 k=message total=19 live=true
[log] %cStart Phase: DamageAnimPhase color:green
[log] %cStart Phase: MessagePhase color:green
[log] %cStart Phase: FaintPhase color:green
[log] %cStart Phase: MessagePhase color:green
[log] %cStart Phase: VictoryPhase color:green
[log] [coop:progression] HOST progression capture begin wave=42
[log] [coop:progression] HOST applyPartyExp COMPUTE wave=42 expValue=719.2 koMon=Tinkatuff
[log] %cStart Phase: MoveEndPhase color:green
[log] %cStart Phase: MovePhase color:green
[log] [coop:turn] host recorder: append turn=1 seq=19 k=moveUsed total=20 live=true
[log] %cStart Phase: MessagePhase color:green
[log] %cStart Phase: MoveEffectPhase color:green
[log] [coop:turn] host recorder: append turn=1 seq=20 k=moveAnim total=21 live=true
[log] [coop:turn] host recorder: append turn=1 seq=21 k=hp total=22 live=true
[log] [coop:turn] host recorder: append turn=1 seq=22 k=faint total=23 live=true
[log] %cStart Phase: DamageAnimPhase color:green
[log] %cStart Phase: FaintPhase color:green
[log] %cStart Phase: MessagePhase color:green
[log] %cStart Phase: VictoryPhase color:green
[log] [coop:progression] HOST applyPartyExp COMPUTE wave=42 expValue=362.8 koMon=Elgyem
[log] [coop:runtime] defer raw waveResolved wave=42 outcome=win until its material turnResolution is retained
[log] [coop-diag] VictoryPhase win-branch role=host battleType=WILD queuesTrainerVictory=false queuesSelectModifier=true wave=42
[log] [coop-diag] VictoryTail role=host wave=42 source=legacy-local trainer=false egg=true biomeShop=false biomeChange=false crossroads=false nextWave=43
[log] %cStart Phase: MoveEndPhase color:green
[log] [coop:turn] host recorder: append turn=1 seq=23 k=hp total=24 live=true
[log] [coop:turn] host recorder: append turn=1 seq=24 k=message total=25 live=true
[log] %cStart Phase: DamageAnimPhase color:green
[log] %cStart Phase: MessagePhase color:green
[log] %cStart Phase: CheckInterludePhase color:green
[log] %cStart Phase: WeatherEffectPhase color:green
[log] %cStart Phase: PositionalTagPhase color:green
[log] %cStart Phase: BerryPhase color:green
[log] %cStart Phase: CheckStatusEffectPhase color:green
[log] %cStart Phase: TurnEndPhase color:green
[log] [coop:turn] host recorder: append turn=1 seq=25 k=commonAnim total=26 live=true
[log] [coop:turn] host recorder: append turn=1 seq=26 k=hp total=27 live=true
[log] [coop:turn] host recorder: append turn=1 seq=27 k=message total=28 live=true
[log] %cStart Phase: CommonAnimPhase color:green
[log] %cStart Phase: DamageAnimPhase color:green
[log] %cStart Phase: MessagePhase color:green
[log] %cStart Phase: PokemonHealPhase color:green
[log] [coop:turn] host recorder: append turn=1 seq=28 k=hp total=29 live=true
[log] [coop:turn] host recorder: append turn=1 seq=29 k=message total=30 live=true
[log] %cStart Phase: MessagePhase color:green
[log] %cStart Phase: CoopTurnCommitPhase color:green
[log] [coop:turn] host recorder: finalize turn=1 events=30 seq=30
[log] [coop:checkpoint] build field=4 weather=0/0 terrain=0/0 arenaTags=1 money=2450 mons=[bi0:sp890/hp1242-2065/st0/fnt0 bi1:sp384/hp1715-1715/st0/fnt0 bi2:sp605/hp0-80/st7/fnt1 bi3:sp958/hp0-80/st7/fnt1]
[log] [coop:checkpoint] host capture field=4 weather=0 terrain=0 money=2450 arenaTags=1 mons=[bi0:sp890/hp1242-2065/st0/fnt0 bi1:sp384/hp1715-1715/st0/fnt0 bi2:sp605/hp0-80/st7/fnt1 bi3:sp958/hp0-80/st7/fnt1]
[log] [coop:interaction] interactionCounter() read -> 49 (role=host)
[log] [coop:replay] host SEND turnResolution e=1828413413364172 wave=42 turn=1 rev=845 events=30 checksum=3639fd9c7d623da8
[log] [coop:transport] send host t=authorityEntry t=authorityEntry
[log] [coop:v2-shadow] PARITY kind=TURN_COMMIT rev=248 match=true field=- successor=none-non-command-boundary
[log] [coop:transport] send host t=turnResolution e=1828413413364172 wave=42 turn=1 rev=845 events=30 checksum=3639fd9c7d623da8
[log] [coop:runtime] send waveResolved wave=42 outcome=win (host)
[log] [coop:replay] host SEND waveResolved wave=42 outcome=win transition=WAVE_VICTORY/next43/biome0/egg1/wild
[log] [coop:transport] send host t=waveResolved wave=42 outcome=win captureParty=- cap=-
[log] [coop:transport] recv guest t=authorityEntry t=authorityEntry handlers=1
[log] [coop:transport] recv guest t=turnResolution e=1828413413364172 wave=42 turn=1 rev=845 events=30 checksum=3639fd9c7d623da8 handlers=1
[log] [coop:transport] recv guest t=waveResolved wave=42 outcome=win captureParty=- cap=- handlers=1
[log] [38;2;255;127;80mPhaseInterceptor.to: Stopping on completion of CoopTurnCommitPhase[39m
[log] %cStart Phase: BattleEndPhase color:green
[log] [coop:progression] HOST automatic victory settlement deferred wave=42 sourceTurn=1 settlementTurn=2
[log] [coop:v2-authority] receipt rev=248 op=TURN/e1828413413364172/w42/t1 stage=admitted sender=1 generation=0 advanced retired=false waiting=[1] subsumed=[]
[log] [coop:transport] send host t=authorityEntry t=authorityEntry
[log] [coop:transport] recv guest t=authorityEntry t=authorityEntry handlers=1
[log] [coop:v2-authority] receipt rev=248 op=TURN/e1828413413364172/w42/t1 stage=admitted sender=1 generation=0 duplicate highestStage=0
[log] [coop:transport] send host t=authorityEntry t=authorityEntry
[log] [coop:v2-authority] receipt rev=248 op=TURN/e1828413413364172/w42/t1 stage=admitted sender=1 generation=0 duplicate highestStage=0
[log] [coop:v2-authority] receipt rev=248 op=TURN/e1828413413364172/w42/t1 stage=admitted sender=1 generation=0 duplicate highestStage=0
[log] [coop:v2-authority] receipt rev=248 op=TURN/e1828413413364172/w42/t1 stage=materialApplied sender=1 generation=0 advanced retired=false waiting=[1] subsumed=[]
[log] [coop:v2-authority] receipt rev=248 op=TURN/e1828413413364172/w42/t1 stage=controlInstalled sender=1 generation=0 advanced retired=true waiting=[] subsumed=[]
[log] [coop:interaction] interactionCounter() read -> 49 (role=host)
[log] %cStart Phase: EggLapsePhase color:green
[log] %cStart Phase: CoopVictorySealPhase color:green
[log] [coop:transport] send host t=authorityEntry t=authorityEntry
[log] [coop:v2-shadow] PARITY kind=WAVE_ADVANCE rev=249 match=true field=-
[log] [coop:runtime] settled WAVE_ADVANCE committed wave=42 tick=846 next=WAVE_VICTORY/wave43
[log] [coop:runtime] send waveEndState wave=42 tick=846 (host)
[log] [coop:replay] host SEND waveEndState wave=42 tick=846 party=6
[log] [coop:transport] send host t=waveEndState t=waveEndState
[log] [coop:progression] HOST automatic victory settlement sealed wave=42 sourceTurn=1 settlementTurn=2 tick=846
[log] [coop:transport] recv guest t=authorityEntry t=authorityEntry handlers=1
[log] [coop:transport] recv guest t=waveEndState t=waveEndState handlers=1
[log] [coop:interaction] interactionCounter() read -> 49 (role=host)
[log] [coop:owner] ownerOf(counter=49) seat=1 -> owner=guest
[log] [coop:owner] isLocalOwnerAtCounter(pinnedCounter=49) parity=1 owner=guest role=host -> false
[log] [coop:interaction] interactionCounter() read -> 49 (role=host)
[log] [coop:reward] owner/watcher decision: pinnedStart=49 liveCounter=49 parity=1 role=host pick=WATCHER option=ROLL spoof=false
[log] [coop:shop] serializeRewardOptions count=3 ids=[PP_UP,POKEBALL,TEMP_STAT_STAGE_BOOSTER] tiers=[1,0,0]
[log] [coop:reward] OWNER streams reward options (start=49 reroll=0 count=3 ids=[PP_UP,POKEBALL,TEMP_STAT_STAGE_BOOSTER])
[log] [coop:relay] SEND rewardOptions seq=49 reroll=0 count=3 ids=[PP_UP,POKEBALL,TEMP_STAT_STAGE_BOOSTER]
[log] [coop:transport] send host t=authorityEntry t=authorityEntry
[log] [coop:v2-shadow] PARITY kind=INTERACTION_COMMIT rev=250 match=true field=-
[log] [coop:reward] authoritative options retained surface=reward pin=49 reroll=0 count=3 rev=99 id=1828413413364172:1:REWARD_PRESENT:4900000
[log] [coop:v2-interaction] suppressed raw rewardOptions key=49:0; immutable entry retained
[log] [coop:rendezvous] ARRIVE point=shop:42:49 (send) role=host
[log] [coop:transport] send host t=rendezvous point=shop:42:49
[log] [coop:reward] WATCHER waits for partner's reward picks (start=49 role=host wave=42)
[log] [coop:transport] recv guest t=authorityEntry t=authorityEntry handlers=1
[log] [coop:transport] recv guest t=rendezvous point=shop:42:49 handlers=1
[log] [coop:interaction] mirror begin role=watcher mirrorSeq=3136 interactionStart=49 reroll=0
[log] [coop:interaction] uiMirror beginSession role=watcher mode=6 seq=3136 early=0
[log] [coop:relay] AWAIT interactionChoice seq=49 timeoutMs=1200000 expected=[reward,shop,skip,reroll,check,transfer,lock] -> network-wait
[log] [coop:transport] send host t=authorityEntry t=authorityEntry
[log] [coop:interaction] interactionCounter() read -> 49 (role=host)
[log] [coop:checksum] capture digest=3639fd9c7d623da8 field=4 biome=22 seed=coop-soak-20365530 weather=0 terrain=0 money=2450 party=[890,384,493,150,382,888] partyLevels=[500,500,500,500,500,500] arenaTags=1 modifiers=5 heldItemsDigest=1 pokeballs=[0:55,1:20,2:0,3:0,4:0] mons=[bi0:sp890/hp1242-2065/st0/ab5258/form0/tera0:3/boss0:0 bi1:sp384/hp1715-1715/st0/ab263/form0/tera0:15/boss0:0 bi2:sp605/hp0-80/st7/ab5084/form0/tera0:13/boss0:0 bi3:sp958/hp0-80/st7/ab5278/form0/tera0:8/boss0:0]
[log] [coop:transport] send host t=authorityEntry t=authorityEntry
[log] [coop:rendezvous] RECV arrival point=shop:42:49 -> BUFFER (no waiter yet) role=host
[log] [coop:stream] host IGNORE cosmetic turn ACK stage=continuationReady key=1828413413364172:42:1:845 (v2 owns retirement)
[log] [coop:relay] DELIVER interactionChoice seq=49 -> waiter kind=reward choice=1 data=[0]
[log] [coop:relay] AWAIT interactionChoice seq=49 RESOLVE kind=reward choice=1 data=[0]
[log] [coop:v2-authority] receipt rev=249 op=V2/WAVE/e1828413413364172/w42/tick846 stage=admitted sender=1 generation=0 advanced retired=false waiting=[1] subsumed=[]
[log] [coop:transport] send host t=authorityEntry t=authorityEntry
[log] [coop:transport] send host t=authorityEntry t=authorityEntry
[log] [coop:v2-authority] receipt rev=249 op=V2/WAVE/e1828413413364172/w42/tick846 stage=admitted sender=1 generation=0 duplicate highestStage=0
[log] [coop:v2-authority] receipt rev=249 op=V2/WAVE/e1828413413364172/w42/tick846 stage=materialApplied sender=1 generation=0 advanced retired=false waiting=[1] subsumed=[]
[log] [coop:transport] send host t=authorityEntry t=authorityEntry
[log] [coop:v2-authority] receipt rev=249 op=V2/WAVE/e1828413413364172/w42/tick846 stage=controlInstalled sender=1 generation=0 advanced retired=true waiting=[] subsumed=[]
[log] [coop:v2-authority] receipt rev=250 op=1828413413364172:1:REWARD_PRESENT:4900000 stage=admitted sender=1 generation=0 advanced retired=false waiting=[1] subsumed=[]
[log] [coop:v2-authority] receipt rev=250 op=1828413413364172:1:REWARD_PRESENT:4900000 stage=materialApplied sender=1 generation=0 advanced retired=false waiting=[1] subsumed=[]
[log] [coop:v2-authority] receipt rev=249 op=V2/WAVE/e1828413413364172/w42/tick846 stage=controlInstalled sender=1 generation=0 rejected reason=unknown-revision
[log] [coop:v2-authority] receipt rev=250 op=1828413413364172:1:REWARD_PRESENT:4900000 stage=materialApplied sender=1 generation=0 duplicate highestStage=1
[log] [coop:v2-authority] receipt rev=250 op=1828413413364172:1:REWARD_PRESENT:4900000 stage=controlInstalled sender=1 generation=0 advanced retired=true waiting=[] subsumed=[]
[log] [coop:v2-authority] receipt rev=250 op=1828413413364172:1:REWARD_PRESENT:4900000 stage=controlInstalled sender=1 generation=0 rejected reason=unknown-revision
[log] [coop:reward] WATCHER applying relayed action seq=49 act=REWARD choice=1 data=[0]
[log] [coop:owner] ownerOf(counter=49) seat=1 -> owner=guest
[log] [coop:owner] isLocalOwnerAtCounter(pinnedCounter=49) parity=1 owner=guest role=host -> false
[log] [coop:reward] APPLY_RESULT pin=49 side=watcher type=POKEBALL class=AddPokeballModifier pregen=[] holderSlot=-1 holderId=-1 stack=-1 accepted=true cost=-1
[log] [coop:transport] recv guest t=authorityEntry t=authorityEntry handlers=1
[log] [coop:transport] recv guest t=authorityEntry t=authorityEntry handlers=1
[log] [coop:transport] recv guest t=authorityEntry t=authorityEntry handlers=1
[log] [coop:v2-interaction] terminal proof recorded op=1828413413364172:1:REWARD:4900000 role=host seat=0 duplicate=0 ambient=1
[log] [coop:v2-interaction] phase terminal proof op=1828413413364172:1:REWARD:4900000 route=constructor-fallback accepted=1
[log] [coop:shop] serializeRewardOptions count=3 ids=[PP_UP,POKEBALL,TEMP_STAT_STAGE_BOOSTER] tiers=[1,0,0]
[log] [coop:transport] send host t=authorityEntry t=authorityEntry
[log] [coop:v2-shadow] PARITY kind=INTERACTION_COMMIT rev=251 match=true field=-
[log] [coop:reward] reward authoritative RESULT retained rev=100 tick=848 id=1828413413364172:1:REWARD:4900000
[log] [coop:interaction] interactionCounter() read -> 49 (role=host)
[log] [coop:interaction] CoopInteractionTurn.advance INCREMENT (fromCounter=49) counter 49 -> 50
[log] [coop:interaction] advanceInteraction ADVANCED+V2-LOCAL (fromCounter=49) counter 49 -> 50 role=host
[log] [coop:owner] ownerOf(counter=50) seat=0 -> owner=host
[log] [coop:owner] ownerOf(counter=50) seat=0 -> owner=host
[log] [coop:interaction] interactionCounter() read -> 50 (role=host)
[log] [coop:reward] advance interaction from V2 commit (role=host from=49 counter 49 -> 50); typed successor owns release
[log] [coop:transport] recv guest t=authorityEntry t=authorityEntry handlers=1
[log] [coop:interaction] interactionCounter() read -> 50 (role=host)
[log] [coop:interaction] interactionCounter() read -> 50 (role=host)
[log] [coop:v2-authority] receipt rev=249 op=V2/WAVE/e1828413413364172/w42/tick846 stage=controlInstalled sender=1 generation=0 rejected reason=unknown-revision
[log] [coop:v2-authority] receipt rev=250 op=1828413413364172:1:REWARD_PRESENT:4900000 stage=controlInstalled sender=1 generation=0 rejected reason=unknown-revision
[log] [coop:v2-authority] receipt rev=250 op=1828413413364172:1:REWARD_PRESENT:4900000 stage=controlInstalled sender=1 generation=0 rejected reason=unknown-revision
[log] [coop:v2-authority] receipt rev=251 op=1828413413364172:1:REWARD:4900000 stage=admitted sender=1 generation=0 advanced retired=false waiting=[1] subsumed=[]
[log] [coop:v2-authority] receipt rev=251 op=1828413413364172:1:REWARD:4900000 stage=admitted sender=1 generation=0 duplicate highestStage=0
[log] [coop:v2-authority] receipt rev=251 op=1828413413364172:1:REWARD:4900000 stage=materialApplied sender=1 generation=0 advanced retired=false waiting=[1] subsumed=[]
[log] [coop:v2-authority] receipt rev=251 op=1828413413364172:1:REWARD:4900000 stage=controlInstalled sender=1 generation=0 advanced retired=true waiting=[] subsumed=[]
[log] [coop:interaction] interactionCounter() read -> 50 (role=host)
[log] [coop:interaction] interactionCounter() read -> 50 (role=guest)
[log] [coop-soak:wave-complete] {"seed":20365530,"wave":42,"wavesRequested":200,"wavesCompleted":42,"waveElapsedMs":5492,"elapsedMs":217583,"findings":0,"hostPhase":"NewBattlePhase","guestPhase":"NewBattlePhase"}
[log] %cStart Phase: NewBattlePhase color:green
[log] %cStart Phase: NextEncounterPhase color:green
[log] [coop:interaction] interactionCounter() read -> 50 (role=host)
[log] [coop:replay] host SEND enemyPartySync wave=43 count=2 meType=-1 battleType=0 entryPresentation=-
[log] [coop:transport] send host t=enemyPartySync wave=43 enemies=2 battleType=0
[log] [coop:turn] host recorder: begin turn=1 scope=1828413413364172:43 (no prior open recording)
[log] [coop:transport] recv guest t=enemyPartySync wave=43 enemies=2 battleType=0 handlers=1
[log] %cStart Phase: ToggleDoublePositionPhase color:green
[log] %cStart Phase: CheckSwitchPhase color:green
[log] %cStart Phase: CheckSwitchPhase color:green
[log] %cStart Phase: InitEncounterPhase color:green
[log] [coop:turn] host recorder: preserve recording scope=1828413413364172:43 turn=1 events=0 seq=0
[log] %cStart Phase: PostSummonPhase color:green
[log] %cStart Phase: PostSummonPhase color:green
[log] [coop:turn] host recorder: append turn=1 seq=0 k=message total=1 live=true
[log] %cStart Phase: ShowAbilityPhase color:green
[log] [coop:turn] host recorder: append turn=1 seq=1 k=showAbility total=2 live=true
[log] %cStart Phase: MessagePhase color:green
[log] %cStart Phase: HideAbilityPhase color:green
[log] [coop:turn] host recorder: append turn=1 seq=2 k=hideAbility total=3 live=true
[log] %cStart Phase: PostSummonPhase color:green
[log] %cStart Phase: PostSummonPhase color:green
[log] %cStart Phase: TurnInitPhase color:green
[log] [coop:replay] host SEND enemyPartySync wave=43 count=2 meType=-1 battleType=0 entryPresentation=3
[log] [coop:transport] send host t=enemyPartySync wave=43 enemies=2 battleType=0
[log] [coop:replay] host RE-BROADCAST wave-start authority wave=43 after post-summon boundary stateChanged=true presentation=3 (#920)
[log] [coop:transport] send host t=authorityEntry t=authorityEntry
[log] [coop:v2-shadow] PARITY kind=CONTROL_COMMIT rev=252 match=true field=-
[log] [coop:rendezvous] next-command barrier ARRIVE+AWAIT cmd:43:1 slot=0
[log] [coop:rendezvous] ARRIVE point=cmd:43:1 (send) role=host
[log] [coop:transport] send host t=rendezvous point=cmd:43:1
[log] [coop:rendezvous] AWAIT point=cmd:43:1 timeoutMs=2000 -> network-wait role=host
[log] [coop:transport] recv guest t=enemyPartySync wave=43 enemies=2 battleType=0 handlers=1
[log] [coop:transport] recv guest t=authorityEntry t=authorityEntry handlers=1
[log] [coop:transport] recv guest t=rendezvous point=cmd:43:1 handlers=1
[log] [coop:v2-authority] receipt rev=252 op=V2/CONTROL/COMMAND/e1828413413364172/w43/t1/tick852 stage=admitted sender=1 generation=0 advanced retired=false waiting=[1] subsumed=[]
[log] [coop:transport] send host t=authorityEntry t=authorityEntry
[log] [coop:rendezvous] RECV arrival point=cmd:43:1 -> deliver-to-waiter role=host
[log] [coop:transport] send host t=rendezvous point=cmd:43:1
[log] [coop:rendezvous] AWAIT point=cmd:43:1 RESOLVE both-arrived role=host
[log] [coop:v2-authority] receipt rev=252 op=V2/CONTROL/COMMAND/e1828413413364172/w43/t1/tick852 stage=admitted sender=1 generation=0 duplicate highestStage=0
[log] [coop:v2-authority] receipt rev=252 op=V2/CONTROL/COMMAND/e1828413413364172/w43/t1/tick852 stage=materialApplied sender=1 generation=0 advanced retired=false waiting=[1] subsumed=[]
[log] [coop:v2-authority] receipt rev=252 op=V2/CONTROL/COMMAND/e1828413413364172/w43/t1/tick852 stage=materialApplied sender=1 generation=0 duplicate highestStage=1
[log] [coop:v2-authority] receipt rev=252 op=V2/CONTROL/COMMAND/e1828413413364172/w43/t1/tick852 stage=materialApplied sender=1 generation=0 duplicate highestStage=1
[log] [coop:v2-authority] receipt rev=252 op=V2/CONTROL/COMMAND/e1828413413364172/w43/t1/tick852 stage=materialApplied sender=1 generation=0 duplicate highestStage=1
[log] [coop:v2-authority] receipt rev=252 op=V2/CONTROL/COMMAND/e1828413413364172/w43/t1/tick852 stage=controlInstalled sender=1 generation=0 advanced retired=true waiting=[] subsumed=[]
[log] [coop:transport] recv guest t=rendezvous point=cmd:43:1 handlers=1
[log] [coop:transport] send host t=enemyPartySync wave=43 enemies=2 battleType=0
[log] [coop:replay] host RE-BROADCAST wave-start authority wave=43 after post-summon boundary stateChanged=false presentation=3 (#920)
[log] [coop:transport] recv guest t=enemyPartySync wave=43 enemies=2 battleType=0 handlers=1
[log] [coop-soak:wave-start] {"seed":20365530,"wave":43,"wavesRequested":200,"wavesCompleted":42,"elapsedMs":218680,"hostPhase":"CommandPhase","guestPhase":"CommandPhase"}
[log] [coop:interaction] interactionCounter() read -> 50 (role=host)
[log] [coop:interaction] interactionCounter() read -> 50 (role=guest)
[log] [coop:interaction] interactionCounter() read -> 50 (role=host)
[log] [coop:checksum] capture digest=50a72dfa5dec145f field=4 biome=22 seed=coop-soak-20365530 weather=0 terrain=0 money=2450 party=[890,384,493,150,382,888] partyLevels=[500,500,500,500,500,500] arenaTags=1 modifiers=5 heldItemsDigest=5 pokeballs=[0:60,1:20,2:0,3:0,4:0] mons=[bi0:sp890/hp1242-2065/st0/ab5258/form0/tera0:3/boss0:0 bi1:sp384/hp1715-1715/st0/ab263/form0/tera0:15/boss0:0 bi2:sp958/hp80-80/st0/ab200/form0/tera0:17/boss2:1 bi3:sp325/hp80-80/st0/ab82/form0/tera0:13/boss1:0]
[log] [coop:interaction] interactionCounter() read -> 50 (role=host)
[log] %cStart Phase: SelectTargetPhase color:green
[log] [coop:owner] broadcast own-slot fi=0 turn=1 role=host cmd=0
[log] [coop:relay] broadcastLocalCommand SEND fieldIndex=0 owner=host turn=1 command=0 cursor=3 moveId=85 targets=[2]
[log] [coop:transport] send host t=command fi=0 owner=host turn=1 cmd=0 cursor=3 move=85
[log] [coop:transport] recv guest t=command fi=0 owner=host turn=1 cmd=0 cursor=3 move=85 handlers=1
[log] [coop:relay] recv command fieldIndex=0 turn=1 command=0 -> BUFFERED (no awaiter yet)
[log] %cStart Phase: CommandPhase color:green
[log] [coop:transport] send host t=enemyPartySync wave=43 enemies=2 battleType=0
[log] [coop:replay] host RE-BROADCAST wave-start authority wave=43 after post-summon boundary stateChanged=true presentation=3 (#920)
[log] [coop:battle] CommandPhase slot=1 turn=1 owner=guest role=host -> partner path
[log] [coop:relay] host requestPartnerCommand SEND fieldIndex=1 turn=1 moveSlots=[0,1,2,3] (awaiting peer)
[log] [coop:transport] send host t=commandRequest fi=1 owner=guest turn=1 slots=4
[log] [coop:transport] recv guest t=enemyPartySync wave=43 enemies=2 battleType=0 handlers=1
[log] [coop:transport] recv guest t=commandRequest fi=1 owner=guest turn=1 slots=4 handlers=1
[log] [coop:relay] peer recv commandRequest fieldIndex=1 owner=guest turn=1 moveSlots=[0,1,2,3] -> reply command=0 cursor=1 moveId=247
[log] [coop:transport] send guest t=command fi=1 owner=guest turn=1 cmd=0 cursor=1 move=247
[log] [coop:transport] recv host t=command fi=1 owner=guest turn=1 cmd=0 cursor=1 move=247 handlers=1
[log] [coop:relay] recv command fieldIndex=1 turn=1 command=0 -> resolved awaiting request
[log] [coop:ai] applyWiredPartnerCommand partner=384 wiredMoveId=247 cursor=1 -> moveId=247 moveIndex=1 tera=false targets=[3] targetsFrom=wire-verbatim useMode=1
[log] %cStart Phase: EnemyCommandPhase color:green
[log] %cStart Phase: EnemyCommandPhase color:green
[log] %cStart Phase: TurnStartPhase color:green
[log] [coop-diag] turn-start authoritative guard mode=authoritative role=host turn=1 diverts=false
[log] [coop:turn] host recorder: preserve recording scope=1828413413364172:43 turn=1 events=4 seq=4
[log] %cStart Phase: MovePhase color:green
[log] [coop:turn] host recorder: append turn=1 seq=4 k=moveUsed total=5 live=true
[log] %cStart Phase: MessagePhase color:green
[log] %cStart Phase: MoveEffectPhase color:green
[log] [coop:turn] host recorder: append turn=1 seq=5 k=moveAnim total=6 live=true
[log] [coop:turn] host recorder: append turn=1 seq=6 k=hp total=7 live=true
[log] %cStart Phase: DamageAnimPhase color:green
[log] %cStart Phase: MoveEndPhase color:green
[log] %cStart Phase: MovePhase color:green
[log] [coop:turn] host recorder: append turn=1 seq=7 k=moveUsed total=8 live=true
[log] %cStart Phase: MessagePhase color:green
[log] %cStart Phase: MoveEffectPhase color:green
[log] [coop:turn] host recorder: append turn=1 seq=8 k=moveAnim total=9 live=true
[log] [coop:turn] host recorder: append turn=1 seq=9 k=hp total=10 live=true
[log] %cStart Phase: DamageAnimPhase color:green
[log] %cStart Phase: MoveEndPhase color:green
[log] %cStart Phase: MovePhase color:green
[log] [coop:turn] host recorder: append turn=1 seq=10 k=moveUsed total=11 live=true
[log] %cStart Phase: MessagePhase color:green
[log] %cStart Phase: MoveEffectPhase color:green
[log] [coop:turn] host recorder: append turn=1 seq=11 k=moveAnim total=12 live=true
[log] [coop:turn] host recorder: append turn=1 seq=12 k=hp total=13 live=true
[log] [coop:turn] host recorder: append turn=1 seq=13 k=faint total=14 live=true
[log] [coop:turn] host recorder: append turn=1 seq=14 k=message total=15 live=true
[log] %cStart Phase: DamageAnimPhase color:green
[log] %cStart Phase: MessagePhase color:green
[log] %cStart Phase: FaintPhase color:green
[log] %cStart Phase: MessagePhase color:green
[log] %cStart Phase: VictoryPhase color:green
[log] [coop:progression] HOST progression capture begin wave=43
[log] [coop:progression] HOST applyPartyExp COMPUTE wave=43 expValue=370.6 koMon=Spoink
[log] %cStart Phase: MoveEndPhase color:green
[log] %cStart Phase: MovePhase color:green
[log] [coop:turn] host recorder: append turn=1 seq=15 k=moveUsed total=16 live=true
[log] %cStart Phase: MessagePhase color:green
[log] %cStart Phase: MoveEffectPhase color:green
[log] [coop:turn] host recorder: append turn=1 seq=16 k=moveAnim total=17 live=true
[log] [coop:turn] host recorder: append turn=1 seq=17 k=hp total=18 live=true
[log] [coop:turn] host recorder: append turn=1 seq=18 k=faint total=19 live=true
[log] %cStart Phase: DamageAnimPhase color:green
[log] %cStart Phase: StatStageChangePhase color:green
[log] %cStart Phase: FaintPhase color:green
[log] %cStart Phase: MessagePhase color:green
[log] %cStart Phase: VictoryPhase color:green
[log] [coop:progression] HOST applyPartyExp COMPUTE wave=43 expValue=719.2 koMon=Tinkatuff
[log] [coop:runtime] defer raw waveResolved wave=43 outcome=win until its material turnResolution is retained
[log] [coop-diag] VictoryPhase win-branch role=host battleType=WILD queuesTrainerVictory=false queuesSelectModifier=true wave=43
[log] [coop-diag] VictoryTail role=host wave=43 source=legacy-local trainer=false egg=true biomeShop=false biomeChange=false crossroads=false nextWave=44
[log] %cStart Phase: MoveEndPhase color:green
[log] [coop:turn] host recorder: append turn=1 seq=19 k=hp total=20 live=true
[log] [coop:turn] host recorder: append turn=1 seq=20 k=message total=21 live=true
[log] %cStart Phase: DamageAnimPhase color:green
[log] %cStart Phase: MessagePhase color:green
[log] %cStart Phase: CheckInterludePhase color:green
[log] %cStart Phase: WeatherEffectPhase color:green
[log] %cStart Phase: PositionalTagPhase color:green
[log] %cStart Phase: BerryPhase color:green
[log] %cStart Phase: CheckStatusEffectPhase color:green
[log] %cStart Phase: TurnEndPhase color:green
[log] [coop:turn] host recorder: append turn=1 seq=21 k=commonAnim total=22 live=true
[log] [coop:turn] host recorder: append turn=1 seq=22 k=hp total=23 live=true
[log] [coop:turn] host recorder: append turn=1 seq=23 k=message total=24 live=true
[log] %cStart Phase: CommonAnimPhase color:green
[log] %cStart Phase: DamageAnimPhase color:green
[log] %cStart Phase: MessagePhase color:green
[log] %cStart Phase: PokemonHealPhase color:green
[log] [coop:turn] host recorder: append turn=1 seq=24 k=hp total=25 live=true
[log] [coop:turn] host recorder: append turn=1 seq=25 k=message total=26 live=true
[log] %cStart Phase: MessagePhase color:green
[log] %cStart Phase: CoopTurnCommitPhase color:green
[log] [coop:turn] host recorder: finalize turn=1 events=26 seq=26
[log] [coop:checkpoint] build field=4 weather=0/0 terrain=0/0 arenaTags=1 money=2450 mons=[bi0:sp890/hp829-2065/st0/fnt0 bi1:sp384/hp1706-1715/st0/fnt0 bi2:sp958/hp0-80/st7/fnt1 bi3:sp325/hp0-80/st7/fnt1]
[log] [coop:checkpoint] host capture field=4 weather=0 terrain=0 money=2450 arenaTags=1 mons=[bi0:sp890/hp829-2065/st0/fnt0 bi1:sp384/hp1706-1715/st0/fnt0 bi2:sp958/hp0-80/st7/fnt1 bi3:sp325/hp0-80/st7/fnt1]
[log] [coop:interaction] interactionCounter() read -> 50 (role=host)
[log] [coop:replay] host SEND turnResolution e=1828413413364172 wave=43 turn=1 rev=861 events=26 checksum=32a73bd82dca7129
[log] [coop:transport] send host t=authorityEntry t=authorityEntry
[log] [coop:v2-shadow] PARITY kind=TURN_COMMIT rev=253 match=true field=- successor=none-non-command-boundary
[log] [coop:transport] send host t=turnResolution e=1828413413364172 wave=43 turn=1 rev=861 events=26 checksum=32a73bd82dca7129
[log] [coop:runtime] send waveResolved wave=43 outcome=win (host)
[log] [coop:replay] host SEND waveResolved wave=43 outcome=win transition=WAVE_VICTORY/next44/biome0/egg1/wild
[log] [coop:transport] send host t=waveResolved wave=43 outcome=win captureParty=- cap=-
[log] [coop:transport] recv guest t=authorityEntry t=authorityEntry handlers=1
[log] [coop:transport] recv guest t=turnResolution e=1828413413364172 wave=43 turn=1 rev=861 events=26 checksum=32a73bd82dca7129 handlers=1
[log] [coop:transport] recv guest t=waveResolved wave=43 outcome=win captureParty=- cap=- handlers=1
[log] [38;2;255;127;80mPhaseInterceptor.to: Stopping on completion of CoopTurnCommitPhase[39m
[log] %cStart Phase: BattleEndPhase color:green
[log] [coop:progression] HOST automatic victory settlement deferred wave=43 sourceTurn=1 settlementTurn=2
[log] [coop:v2-authority] receipt rev=253 op=TURN/e1828413413364172/w43/t1 stage=admitted sender=1 generation=0 advanced retired=false waiting=[1] subsumed=[]
[log] [coop:transport] send host t=authorityEntry t=authorityEntry
[log] [coop:transport] recv guest t=authorityEntry t=authorityEntry handlers=1
[log] [coop:v2-authority] receipt rev=253 op=TURN/e1828413413364172/w43/t1 stage=admitted sender=1 generation=0 duplicate highestStage=0
[log] [coop:transport] send host t=authorityEntry t=authorityEntry
[log] [coop:v2-authority] receipt rev=253 op=TURN/e1828413413364172/w43/t1 stage=admitted sender=1 generation=0 duplicate highestStage=0
[log] [coop:v2-authority] receipt rev=253 op=TURN/e1828413413364172/w43/t1 stage=admitted sender=1 generation=0 duplicate highestStage=0
[log] [coop:v2-authority] receipt rev=253 op=TURN/e1828413413364172/w43/t1 stage=materialApplied sender=1 generation=0 advanced retired=false waiting=[1] subsumed=[]
[log] [coop:v2-authority] receipt rev=253 op=TURN/e1828413413364172/w43/t1 stage=controlInstalled sender=1 generation=0 advanced retired=true waiting=[] subsumed=[]
[log] [coop:interaction] interactionCounter() read -> 50 (role=host)
[log] %cStart Phase: EggLapsePhase color:green
[log] %cStart Phase: CoopVictorySealPhase color:green
[log] [coop:transport] send host t=authorityEntry t=authorityEntry
[log] [coop:v2-shadow] PARITY kind=WAVE_ADVANCE rev=254 match=true field=-
[log] [coop:runtime] settled WAVE_ADVANCE committed wave=43 tick=862 next=WAVE_VICTORY/wave44
[log] [coop:runtime] send waveEndState wave=43 tick=862 (host)
[log] [coop:replay] host SEND waveEndState wave=43 tick=862 party=6
[log] [coop:transport] send host t=waveEndState t=waveEndState
[log] [coop:progression] HOST automatic victory settlement sealed wave=43 sourceTurn=1 settlementTurn=2 tick=862
[log] [coop:transport] recv guest t=authorityEntry t=authorityEntry handlers=1
[log] [coop:transport] recv guest t=waveEndState t=waveEndState handlers=1
[log] [coop:interaction] interactionCounter() read -> 50 (role=host)
[log] [coop:owner] ownerOf(counter=50) seat=0 -> owner=host
[log] [coop:owner] isLocalOwnerAtCounter(pinnedCounter=50) parity=0 owner=host role=host -> true
[log] [coop:interaction] interactionCounter() read -> 50 (role=host)
[log] [coop:reward] owner/watcher decision: pinnedStart=50 liveCounter=50 parity=0 role=host pick=OWNER option=ROLL spoof=false
[log] [coop:shop] serializeRewardOptions count=3 ids=[TEMP_STAT_STAGE_BOOSTER,BERRY,POTION] tiers=[0,0,0]
[log] [coop:reward] OWNER streams reward options (start=50 reroll=0 count=3 ids=[TEMP_STAT_STAGE_BOOSTER,BERRY,POTION])
[log] [coop:relay] SEND rewardOptions seq=50 reroll=0 count=3 ids=[TEMP_STAT_STAGE_BOOSTER,BERRY,POTION]
[log] [coop:transport] send host t=authorityEntry t=authorityEntry
[log] [coop:v2-shadow] PARITY kind=INTERACTION_COMMIT rev=255 match=true field=-
[log] [coop:reward] authoritative options retained surface=reward pin=50 reroll=0 count=3 rev=101 id=1828413413364172:0:REWARD_PRESENT:5000000
[log] [coop:v2-interaction] suppressed raw rewardOptions key=50:0; immutable entry retained
[log] [coop:rendezvous] ARRIVE point=shop:43:50 (send) role=host
[log] [coop:transport] send host t=rendezvous point=shop:43:50
[log] [coop:reward] OWNER drives reward screen (start=50 role=host spoof=false adoptsOptions=false wave=43)
[log] [coop:rendezvous] shop-pick-commit barrier AWAIT shop:43:50
[log] [coop:rendezvous] AWAIT point=shop:43:50 timeoutMs=2000 -> network-wait role=host
[log] [coop:transport] recv guest t=authorityEntry t=authorityEntry handlers=1
[log] [coop:transport] recv guest t=rendezvous point=shop:43:50 handlers=1
[log] [coop:interaction] interactionCounter() read -> 50 (role=host)
[log] [coop:checksum] capture digest=32a73bd82dca7129 field=4 biome=22 seed=coop-soak-20365530 weather=0 terrain=0 money=2450 party=[890,384,493,150,382,888] partyLevels=[500,500,500,500,500,500] arenaTags=1 modifiers=5 heldItemsDigest=1 pokeballs=[0:60,1:20,2:0,3:0,4:0] mons=[bi0:sp890/hp829-2065/st0/ab5258/form0/tera0:3/boss0:0 bi1:sp384/hp1706-1715/st0/ab263/form0/tera0:15/boss0:0 bi2:sp958/hp0-80/st7/ab200/form0/tera0:17/boss2:0 bi3:sp325/hp0-80/st7/ab82/form0/tera0:13/boss1:0]
[log] [coop:transport] send host t=authorityEntry t=authorityEntry
[log] [coop:rendezvous] RECV arrival point=shop:43:50 -> deliver-to-waiter role=host
[log] [coop:transport] send host t=rendezvous point=shop:43:50
[log] [coop:rendezvous] AWAIT point=shop:43:50 RESOLVE both-arrived role=host
[log] [coop:stream] host IGNORE cosmetic turn ACK stage=continuationReady key=1828413413364172:43:1:861 (v2 owns retirement)
[log] [coop:v2-authority] receipt rev=254 op=V2/WAVE/e1828413413364172/w43/tick862 stage=admitted sender=1 generation=0 advanced retired=false waiting=[1] subsumed=[]
[log] [coop:transport] send host t=authorityEntry t=authorityEntry
[log] [coop:transport] send host t=authorityEntry t=authorityEntry
[log] [coop:v2-authority] receipt rev=254 op=V2/WAVE/e1828413413364172/w43/tick862 stage=admitted sender=1 generation=0 duplicate highestStage=0
[log] [coop:v2-authority] receipt rev=254 op=V2/WAVE/e1828413413364172/w43/tick862 stage=materialApplied sender=1 generation=0 advanced retired=false waiting=[1] subsumed=[]
[log] [coop:transport] send host t=authorityEntry t=authorityEntry
[log] [coop:v2-authority] receipt rev=254 op=V2/WAVE/e1828413413364172/w43/tick862 stage=controlInstalled sender=1 generation=0 advanced retired=true waiting=[] subsumed=[]
[log] [coop:v2-authority] receipt rev=255 op=1828413413364172:0:REWARD_PRESENT:5000000 stage=admitted sender=1 generation=0 advanced retired=false waiting=[1] subsumed=[]
[log] [coop:v2-authority] receipt rev=255 op=1828413413364172:0:REWARD_PRESENT:5000000 stage=materialApplied sender=1 generation=0 advanced retired=false waiting=[1] subsumed=[]
[log] [coop:v2-authority] receipt rev=255 op=1828413413364172:0:REWARD_PRESENT:5000000 stage=materialApplied sender=1 generation=0 duplicate highestStage=1
[log] [coop:v2-authority] receipt rev=255 op=1828413413364172:0:REWARD_PRESENT:5000000 stage=controlInstalled sender=1 generation=0 advanced retired=true waiting=[] subsumed=[]
[log] [coop:v2-authority] receipt rev=254 op=V2/WAVE/e1828413413364172/w43/tick862 stage=controlInstalled sender=1 generation=0 rejected reason=unknown-revision
[log] [coop:transport] recv guest t=rendezvous point=shop:43:50 handlers=1
[log] [coop:transport] recv guest t=authorityEntry t=authorityEntry handlers=1
[log] [coop:transport] recv guest t=authorityEntry t=authorityEntry handlers=1
[log] [coop:transport] recv guest t=authorityEntry t=authorityEntry handlers=1
[log] [coop:interaction] mirror begin role=owner mirrorSeq=3200 interactionStart=50 reroll=0
[log] [coop:interaction] uiMirror beginSession role=owner mode=6 seq=3200 early=0
[log] [coop:owner] ownerOf(counter=50) seat=0 -> owner=host
[log] [coop:owner] isLocalOwnerAtCounter(pinnedCounter=50) parity=0 owner=host role=host -> true
[log] [coop:relay] OWNER prepare seq=50 kind=skip choice=-1 data=[] role=host
[log] [coop:reward] reward op INTENT prepared label=skip id=1828413413364172:0:REWARD:5000000
[log] [coop:v2-interaction] terminal proof recorded op=1828413413364172:0:REWARD:5000000 role=host seat=0 duplicate=0 ambient=1
[log] [coop:v2-interaction] phase terminal proof op=1828413413364172:0:REWARD:5000000 route=constructor-fallback accepted=1
[log] [coop:shop] serializeRewardOptions count=3 ids=[TEMP_STAT_STAGE_BOOSTER,BERRY,POTION] tiers=[0,0,0]
[log] [coop:transport] send host t=authorityEntry t=authorityEntry
[log] [coop:v2-shadow] PARITY kind=INTERACTION_COMMIT rev=256 match=true field=-
[log] [coop:reward] reward authoritative RESULT retained rev=102 tick=864 id=1828413413364172:0:REWARD:5000000
[log] [coop:reward] OWNER retained terminal before continuation seq=50 id=1828413413364172:0:REWARD:5000000
[log] [coop:transport] recv guest t=authorityEntry t=authorityEntry handlers=1
[log] [coop:v2-authority] receipt rev=254 op=V2/WAVE/e1828413413364172/w43/tick862 stage=controlInstalled sender=1 generation=0 rejected reason=unknown-revision
[log] [coop:v2-authority] receipt rev=255 op=1828413413364172:0:REWARD_PRESENT:5000000 stage=controlInstalled sender=1 generation=0 rejected reason=unknown-revision
[log] [coop:v2-authority] receipt rev=255 op=1828413413364172:0:REWARD_PRESENT:5000000 stage=controlInstalled sender=1 generation=0 rejected reason=unknown-revision
[log] [coop:v2-authority] receipt rev=256 op=1828413413364172:0:REWARD:5000000 stage=admitted sender=1 generation=0 advanced retired=false waiting=[1] subsumed=[]
[log] [coop:v2-authority] receipt rev=256 op=1828413413364172:0:REWARD:5000000 stage=admitted sender=1 generation=0 duplicate highestStage=0
[log] [coop:v2-authority] receipt rev=256 op=1828413413364172:0:REWARD:5000000 stage=materialApplied sender=1 generation=0 advanced retired=false waiting=[1] subsumed=[]
[log] [coop:v2-authority] receipt rev=256 op=1828413413364172:0:REWARD:5000000 stage=controlInstalled sender=1 generation=0 advanced retired=true waiting=[] subsumed=[]
[log] [coop:reward] OWNER peer material applied; release terminal engine barrier seq=50 id=1828413413364172:0:REWARD:5000000
[log] [coop:interaction] interactionCounter() read -> 50 (role=host)
[log] [coop:interaction] CoopInteractionTurn.advance INCREMENT (fromCounter=50) counter 50 -> 51
[log] [coop:interaction] advanceInteraction ADVANCED+V2-LOCAL (fromCounter=50) counter 50 -> 51 role=host
[log] [coop:owner] ownerOf(counter=51) seat=1 -> owner=guest
[log] [coop:owner] ownerOf(counter=51) seat=1 -> owner=guest
[log] [coop:interaction] interactionCounter() read -> 51 (role=host)
[log] [coop:reward] advance interaction from V2 commit (role=host from=50 counter 50 -> 51); typed successor owns release
[log] [coop:interaction] interactionCounter() read -> 51 (role=host)
[log] [coop:interaction] interactionCounter() read -> 51 (role=guest)
[log] [coop:interaction] interactionCounter() read -> 51 (role=host)
[log] [coop:interaction] interactionCounter() read -> 51 (role=guest)
[log] [coop-soak:wave-complete] {"seed":20365530,"wave":43,"wavesRequested":200,"wavesCompleted":43,"waveElapsedMs":5802,"elapsedMs":224482,"findings":0,"hostPhase":"NewBattlePhase","guestPhase":"NewBattlePhase"}
[log] %cStart Phase: NewBattlePhase color:green
[log] %cStart Phase: NextEncounterPhase color:green
[log] [coop:interaction] interactionCounter() read -> 51 (role=host)
[log] [coop:replay] host SEND enemyPartySync wave=44 count=2 meType=-1 battleType=0 entryPresentation=-
[log] [coop:transport] send host t=enemyPartySync wave=44 enemies=2 battleType=0
[log] [coop:turn] host recorder: begin turn=1 scope=1828413413364172:44 (no prior open recording)
[log] [coop:transport] recv guest t=enemyPartySync wave=44 enemies=2 battleType=0 handlers=1
[log] %cStart Phase: ToggleDoublePositionPhase color:green
[log] %cStart Phase: CheckSwitchPhase color:green
[log] %cStart Phase: CheckSwitchPhase color:green
[log] %cStart Phase: InitEncounterPhase color:green
[log] [coop:turn] host recorder: preserve recording scope=1828413413364172:44 turn=1 events=0 seq=0
[log] %cStart Phase: PostSummonPhase color:green
[log] %cStart Phase: PostSummonPhase color:green
[log] %cStart Phase: PostSummonPhase color:green
[log] %cStart Phase: PostSummonPhase color:green
[log] %cStart Phase: ShowAbilityPhase color:green
[log] [coop:turn] host recorder: append turn=1 seq=0 k=showAbility total=1 live=true
[log] %cStart Phase: QuietFormChangePhase color:green
[log] %cStart Phase: HideAbilityPhase color:green
[log] [coop:turn] host recorder: append turn=1 seq=3 k=hideAbility total=4 live=true
[log] %cStart Phase: TurnInitPhase color:green
[log] [coop:replay] host SEND enemyPartySync wave=44 count=2 meType=-1 battleType=0 entryPresentation=4
[log] [coop:transport] send host t=enemyPartySync wave=44 enemies=2 battleType=0
[log] [coop:replay] host RE-BROADCAST wave-start authority wave=44 after post-summon boundary stateChanged=true presentation=4 (#920)
[log] [coop:transport] send host t=authorityEntry t=authorityEntry
[log] [coop:v2-shadow] PARITY kind=CONTROL_COMMIT rev=257 match=true field=-
[log] [coop:rendezvous] next-command barrier ARRIVE+AWAIT cmd:44:1 slot=0
[log] [coop:rendezvous] ARRIVE point=cmd:44:1 (send) role=host
[log] [coop:transport] send host t=rendezvous point=cmd:44:1
[log] [coop:rendezvous] AWAIT point=cmd:44:1 timeoutMs=2000 -> network-wait role=host
[log] [coop:transport] recv guest t=enemyPartySync wave=44 enemies=2 battleType=0 handlers=1
[log] [coop:transport] recv guest t=authorityEntry t=authorityEntry handlers=1
[log] [coop:transport] recv guest t=rendezvous point=cmd:44:1 handlers=1
[log] [coop:v2-authority] receipt rev=257 op=V2/CONTROL/COMMAND/e1828413413364172/w44/t1/tick868 stage=admitted sender=1 generation=0 advanced retired=false waiting=[1] subsumed=[]
[log] [coop:transport] send host t=authorityEntry t=authorityEntry
[log] [coop:rendezvous] RECV arrival point=cmd:44:1 -> deliver-to-waiter role=host
[log] [coop:transport] send host t=rendezvous point=cmd:44:1
[log] [coop:rendezvous] AWAIT point=cmd:44:1 RESOLVE both-arrived role=host
[log] [coop:v2-authority] receipt rev=257 op=V2/CONTROL/COMMAND/e1828413413364172/w44/t1/tick868 stage=admitted sender=1 generation=0 duplicate highestStage=0
[log] [coop:v2-authority] receipt rev=257 op=V2/CONTROL/COMMAND/e1828413413364172/w44/t1/tick868 stage=materialApplied sender=1 generation=0 advanced retired=false waiting=[1] subsumed=[]
[log] [coop:v2-authority] receipt rev=257 op=V2/CONTROL/COMMAND/e1828413413364172/w44/t1/tick868 stage=materialApplied sender=1 generation=0 duplicate highestStage=1
[log] [coop:v2-authority] receipt rev=257 op=V2/CONTROL/COMMAND/e1828413413364172/w44/t1/tick868 stage=materialApplied sender=1 generation=0 duplicate highestStage=1
[log] [coop:v2-authority] receipt rev=257 op=V2/CONTROL/COMMAND/e1828413413364172/w44/t1/tick868 stage=materialApplied sender=1 generation=0 duplicate highestStage=1
[log] [coop:v2-authority] receipt rev=257 op=V2/CONTROL/COMMAND/e1828413413364172/w44/t1/tick868 stage=controlInstalled sender=1 generation=0 advanced retired=true waiting=[] subsumed=[]
[log] [coop:transport] recv guest t=rendezvous point=cmd:44:1 handlers=1
[log] [coop:transport] send host t=enemyPartySync wave=44 enemies=2 battleType=0
[log] [coop:replay] host RE-BROADCAST wave-start authority wave=44 after post-summon boundary stateChanged=false presentation=4 (#920)
[log] [coop:transport] recv guest t=enemyPartySync wave=44 enemies=2 battleType=0 handlers=1
[log] [coop-soak:wave-start] {"seed":20365530,"wave":44,"wavesRequested":200,"wavesCompleted":43,"elapsedMs":225692,"hostPhase":"CommandPhase","guestPhase":"CommandPhase"}
[log] [coop:interaction] interactionCounter() read -> 51 (role=host)
[log] [coop:interaction] interactionCounter() read -> 51 (role=guest)
[log] [coop:interaction] interactionCounter() read -> 51 (role=host)
[log] [coop:checksum] capture digest=eed5f0f1549116ce field=4 biome=22 seed=coop-soak-20365530 weather=0 terrain=0 money=2450 party=[890,384,493,150,382,888] partyLevels=[500,500,500,500,500,500] arenaTags=1 modifiers=5 heldItemsDigest=3 pokeballs=[0:60,1:20,2:0,3:0,4:0] mons=[bi0:sp890/hp829-2065/st0/ab5258/form0/tera0:3/boss0:0 bi1:sp384/hp1706-1715/st0/ab263/form0/tera0:15/boss0:0 bi2:sp201/hp76-76/st0/ab5299/form28/tera0:13/boss0:0 bi3:sp325/hp77-77/st0/ab82/form0/tera0:13/boss0:0]
[log] [coop:interaction] interactionCounter() read -> 51 (role=host)
[log] %cStart Phase: SelectTargetPhase color:green
[log] [coop:owner] broadcast own-slot fi=0 turn=1 role=host cmd=0
[log] [coop:relay] broadcastLocalCommand SEND fieldIndex=0 owner=host turn=1 command=0 cursor=0 moveId=34 targets=[2]
[log] [coop:transport] send host t=command fi=0 owner=host turn=1 cmd=0 cursor=0 move=34
[log] [coop:transport] recv guest t=command fi=0 owner=host turn=1 cmd=0 cursor=0 move=34 handlers=1
[log] [coop:relay] recv command fieldIndex=0 turn=1 command=0 -> BUFFERED (no awaiter yet)
[log] %cStart Phase: CommandPhase color:green
[log] [coop:transport] send host t=enemyPartySync wave=44 enemies=2 battleType=0
[log] [coop:replay] host RE-BROADCAST wave-start authority wave=44 after post-summon boundary stateChanged=true presentation=4 (#920)
[log] [coop:battle] CommandPhase slot=1 turn=1 owner=guest role=host -> partner path
[log] [coop:relay] host requestPartnerCommand SEND fieldIndex=1 turn=1 moveSlots=[0,1,2,3] (awaiting peer)
[log] [coop:transport] send host t=commandRequest fi=1 owner=guest turn=1 slots=4
[log] [coop:transport] recv guest t=enemyPartySync wave=44 enemies=2 battleType=0 handlers=1
[log] [coop:transport] recv guest t=commandRequest fi=1 owner=guest turn=1 slots=4 handlers=1
[log] [coop:relay] peer recv commandRequest fieldIndex=1 owner=guest turn=1 moveSlots=[0,1,2,3] -> reply command=0 cursor=2 moveId=53
[log] [coop:transport] send guest t=command fi=1 owner=guest turn=1 cmd=0 cursor=2 move=53
[log] [coop:transport] recv host t=command fi=1 owner=guest turn=1 cmd=0 cursor=2 move=53 handlers=1
[log] [coop:relay] recv command fieldIndex=1 turn=1 command=0 -> resolved awaiting request
[log] [coop:ai] applyWiredPartnerCommand partner=384 wiredMoveId=53 cursor=2 -> moveId=53 moveIndex=2 tera=false targets=[3] targetsFrom=wire-verbatim useMode=1
[log] %cStart Phase: EnemyCommandPhase color:green
[log] %cStart Phase: EnemyCommandPhase color:green
[log] %cStart Phase: TurnStartPhase color:green
[log] [coop-diag] turn-start authoritative guard mode=authoritative role=host turn=1 diverts=false
[log] [coop:turn] host recorder: preserve recording scope=1828413413364172:44 turn=1 events=5 seq=5
[log] %cStart Phase: MovePhase color:green
[log] [coop:turn] host recorder: append turn=1 seq=5 k=moveUsed total=6 live=true
[log] %cStart Phase: MessagePhase color:green
[log] %cStart Phase: MoveEffectPhase color:green
[log] [coop:turn] host recorder: append turn=1 seq=6 k=moveAnim total=7 live=true
[log] %cStart Phase: MoveEndPhase color:green
[log] %cStart Phase: MovePhase color:green
[log] [coop:turn] host recorder: append turn=1 seq=7 k=moveUsed total=8 live=true
[log] %cStart Phase: MessagePhase color:green
[log] %cStart Phase: MoveEffectPhase color:green
[log] [coop:turn] host recorder: append turn=1 seq=8 k=moveAnim total=9 live=true
[log] [coop:turn] host recorder: append turn=1 seq=9 k=message total=10 live=true
[log] %cStart Phase: PokemonHealPhase color:green
[log] [coop:turn] host recorder: append turn=1 seq=10 k=message total=11 live=true
[log] %cStart Phase: MessagePhase color:green
[log] %cStart Phase: ResetStatusPhase color:green
[log] %cStart Phase: ResetStatusPhase color:green
[log] %cStart Phase: MessagePhase color:green
[log] %cStart Phase: MoveEndPhase color:green
[log] %cStart Phase: MovePhase color:green
[log] [coop:turn] host recorder: append turn=1 seq=11 k=moveUsed total=12 live=true
[log] %cStart Phase: MessagePhase color:green
[log] %cStart Phase: MoveEffectPhase color:green
[log] [coop:turn] host recorder: append turn=1 seq=12 k=moveAnim total=13 live=true
[log] [coop:turn] host recorder: append turn=1 seq=13 k=hp total=14 live=true
[log] [coop:turn] host recorder: append turn=1 seq=14 k=faint total=15 live=true
[log] %cStart Phase: DamageAnimPhase color:green
[log] %cStart Phase: FaintPhase color:green
[log] %cStart Phase: MessagePhase color:green
[log] %cStart Phase: VictoryPhase color:green
[log] [coop:progression] HOST progression capture begin wave=44
[log] [coop:progression] HOST applyPartyExp COMPUTE wave=44 expValue=357.4 koMon=Spoink
[log] %cStart Phase: MoveEndPhase color:green
[log] %cStart Phase: MovePhase color:green
[log] [coop:turn] host recorder: append turn=1 seq=15 k=moveUsed total=16 live=true
[log] %cStart Phase: MessagePhase color:green
[log] %cStart Phase: MoveEffectPhase color:green
[log] [coop:turn] host recorder: append turn=1 seq=16 k=moveAnim total=17 live=true
[log] [coop:turn] host recorder: append turn=1 seq=17 k=hp total=18 live=true
[log] [coop:turn] host recorder: append turn=1 seq=18 k=faint total=19 live=true
[log] %cStart Phase: DamageAnimPhase color:green
[log] %cStart Phase: FaintPhase color:green
[log] %cStart Phase: MessagePhase color:green
[log] %cStart Phase: VictoryPhase color:green
[log] [coop:progression] HOST applyPartyExp COMPUTE wave=44 expValue=638.2 koMon=Unown
[log] [coop:runtime] defer raw waveResolved wave=44 outcome=win until its material turnResolution is retained
[log] [coop-diag] VictoryPhase win-branch role=host battleType=WILD queuesTrainerVictory=false queuesSelectModifier=true wave=44
[log] [coop-diag] VictoryTail role=host wave=44 source=legacy-local trainer=false egg=true biomeShop=false biomeChange=false crossroads=false nextWave=45
[log] %cStart Phase: MoveEndPhase color:green
[log] [coop:turn] host recorder: append turn=1 seq=19 k=message total=20 live=true
[log] %cStart Phase: MessagePhase color:green
[log] %cStart Phase: CheckInterludePhase color:green
[log] %cStart Phase: WeatherEffectPhase color:green
[log] %cStart Phase: PositionalTagPhase color:green
[log] %cStart Phase: BerryPhase color:green
[log] %cStart Phase: CheckStatusEffectPhase color:green
[log] %cStart Phase: TurnEndPhase color:green
[log] [coop:turn] host recorder: append turn=1 seq=20 k=commonAnim total=21 live=true
[log] [coop:turn] host recorder: append turn=1 seq=21 k=message total=22 live=true
[log] [coop:turn] host recorder: append turn=1 seq=22 k=message total=23 live=true
[log] %cStart Phase: CommonAnimPhase color:green
[log] %cStart Phase: MessagePhase color:green
[log] %cStart Phase: PokemonHealPhase color:green
[log] [coop:turn] host recorder: append turn=1 seq=23 k=hp total=24 live=true
[log] [coop:turn] host recorder: append turn=1 seq=24 k=message total=25 live=true
[log] %cStart Phase: MessagePhase color:green
[log] %cStart Phase: MessagePhase color:green
[log] %cStart Phase: CoopTurnCommitPhase color:green
[log] [coop:turn] host recorder: finalize turn=1 events=25 seq=25
[log] [coop:checkpoint] build field=4 weather=0/0 terrain=0/0 arenaTags=1 money=2450 mons=[bi0:sp890/hp958-2065/st0/fnt0 bi1:sp384/hp1706-1715/st0/fnt0 bi2:sp201/hp0-76/st7/fnt1 bi3:sp325/hp0-77/st7/fnt1]
[log] [coop:checkpoint] host capture field=4 weather=0 terrain=0 money=2450 arenaTags=1 mons=[bi0:sp890/hp958-2065/st0/fnt0 bi1:sp384/hp1706-1715/st0/fnt0 bi2:sp201/hp0-76/st7/fnt1 bi3:sp325/hp0-77/st7/fnt1]
[log] [coop:interaction] interactionCounter() read -> 51 (role=host)
[log] [coop:replay] host SEND turnResolution e=1828413413364172 wave=44 turn=1 rev=877 events=25 checksum=d1da9253da484601
[log] [coop:transport] send host t=authorityEntry t=authorityEntry
[log] [coop:v2-shadow] PARITY kind=TURN_COMMIT rev=258 match=true field=- successor=none-non-command-boundary
[log] [coop:transport] send host t=turnResolution e=1828413413364172 wave=44 turn=1 rev=877 events=25 checksum=d1da9253da484601
[log] [coop:runtime] send waveResolved wave=44 outcome=win (host)
[log] [coop:replay] host SEND waveResolved wave=44 outcome=win transition=WAVE_VICTORY/next45/biome0/egg1/wild
[log] [coop:transport] send host t=waveResolved wave=44 outcome=win captureParty=- cap=-
[log] [coop:transport] recv guest t=authorityEntry t=authorityEntry handlers=1
[log] [coop:transport] recv guest t=turnResolution e=1828413413364172 wave=44 turn=1 rev=877 events=25 checksum=d1da9253da484601 handlers=1
[log] [coop:transport] recv guest t=waveResolved wave=44 outcome=win captureParty=- cap=- handlers=1
[log] [38;2;255;127;80mPhaseInterceptor.to: Stopping on completion of CoopTurnCommitPhase[39m
[log] %cStart Phase: BattleEndPhase color:green
[log] [coop:progression] HOST automatic victory settlement deferred wave=44 sourceTurn=1 settlementTurn=2
[log] [coop:v2-authority] receipt rev=258 op=TURN/e1828413413364172/w44/t1 stage=admitted sender=1 generation=0 advanced retired=false waiting=[1] subsumed=[]
[log] [coop:transport] send host t=authorityEntry t=authorityEntry
[log] [coop:transport] recv guest t=authorityEntry t=authorityEntry handlers=1
[log] [coop:v2-authority] receipt rev=258 op=TURN/e1828413413364172/w44/t1 stage=admitted sender=1 generation=0 duplicate highestStage=0
[log] [coop:transport] send host t=authorityEntry t=authorityEntry
[log] [coop:v2-authority] receipt rev=258 op=TURN/e1828413413364172/w44/t1 stage=admitted sender=1 generation=0 duplicate highestStage=0
[log] [coop:interaction] interactionCounter() read -> 51 (role=host)
[log] %cStart Phase: EggLapsePhase color:green
[log] %cStart Phase: CoopVictorySealPhase color:green
[log] [coop:transport] send host t=authorityEntry t=authorityEntry
[log] [coop:v2-shadow] PARITY kind=WAVE_ADVANCE rev=259 match=true field=-
[log] [coop:runtime] settled WAVE_ADVANCE committed wave=44 tick=878 next=WAVE_VICTORY/wave45
[log] [coop:runtime] send waveEndState wave=44 tick=878 (host)
[log] [coop:replay] host SEND waveEndState wave=44 tick=878 party=6
[log] [coop:transport] send host t=waveEndState t=waveEndState
[log] [coop:progression] HOST automatic victory settlement sealed wave=44 sourceTurn=1 settlementTurn=2 tick=878
[log] [coop:transport] recv guest t=authorityEntry t=authorityEntry handlers=1
[log] [coop:transport] recv guest t=waveEndState t=waveEndState handlers=1
[log] [coop:interaction] interactionCounter() read -> 51 (role=host)
[log] [coop:owner] ownerOf(counter=51) seat=1 -> owner=guest
[log] [coop:owner] isLocalOwnerAtCounter(pinnedCounter=51) parity=1 owner=guest role=host -> false
[log] [coop:interaction] interactionCounter() read -> 51 (role=host)
[log] [coop:reward] owner/watcher decision: pinnedStart=51 liveCounter=51 parity=1 role=host pick=WATCHER option=ROLL spoof=false
[log] [coop:shop] serializeRewardOptions count=3 ids=[BERRY,POTION,TEMP_STAT_STAGE_BOOSTER] tiers=[0,0,0]
[log] [coop:reward] OWNER streams reward options (start=51 reroll=0 count=3 ids=[BERRY,POTION,TEMP_STAT_STAGE_BOOSTER])
[log] [coop:relay] SEND rewardOptions seq=51 reroll=0 count=3 ids=[BERRY,POTION,TEMP_STAT_STAGE_BOOSTER]
[log] [coop:transport] send host t=authorityEntry t=authorityEntry
[log] [coop:v2-shadow] PARITY kind=INTERACTION_COMMIT rev=260 match=true field=-
[log] [coop:reward] authoritative options retained surface=reward pin=51 reroll=0 count=3 rev=103 id=1828413413364172:1:REWARD_PRESENT:5100000
[log] [coop:v2-interaction] suppressed raw rewardOptions key=51:0; immutable entry retained
[log] [coop:rendezvous] ARRIVE point=shop:44:51 (send) role=host
[log] [coop:transport] send host t=rendezvous point=shop:44:51
[log] [coop:reward] WATCHER waits for partner's reward picks (start=51 role=host wave=44)
[log] [coop:transport] recv guest t=authorityEntry t=authorityEntry handlers=1
[log] [coop:transport] recv guest t=rendezvous point=shop:44:51 handlers=1
[log] [coop:interaction] mirror begin role=watcher mirrorSeq=3264 interactionStart=51 reroll=0
[log] [coop:interaction] uiMirror beginSession role=watcher mode=6 seq=3264 early=0
[log] [coop:relay] AWAIT interactionChoice seq=51 timeoutMs=1200000 expected=[reward,shop,skip,reroll,check,transfer,lock] -> network-wait
[log] [coop:transport] send host t=authorityEntry t=authorityEntry
[log] [coop:transport] recv guest t=authorityEntry t=authorityEntry handlers=1
[log] [coop:v2-authority] receipt rev=259 op=V2/WAVE/e1828413413364172/w44/tick878 stage=admitted sender=1 generation=0 advanced retired=false waiting=[1] subsumed=[258]
[log] [coop:transport] send host t=authorityEntry t=authorityEntry
[log] [coop:transport] send host t=authorityEntry t=authorityEntry
[log] [coop:v2-authority] receipt rev=258 op=TURN/e1828413413364172/w44/t1 stage=controlInstalled sender=1 generation=0 rejected reason=unknown-revision
[log] [coop:transport] recv guest t=authorityEntry t=authorityEntry handlers=1
[log] [coop:transport] recv guest t=authorityEntry t=authorityEntry handlers=1
[log] [coop:transport] send host t=authorityEntry t=authorityEntry
[log] [coop:v2-authority] receipt rev=259 op=V2/WAVE/e1828413413364172/w44/tick878 stage=admitted sender=1 generation=0 duplicate highestStage=0
[log] [coop:v2-authority] receipt rev=259 op=V2/WAVE/e1828413413364172/w44/tick878 stage=admitted sender=1 generation=0 duplicate highestStage=0
[log] [coop:transport] send host t=authorityEntry t=authorityEntry
[log] [coop:transport] send host t=authorityEntry t=authorityEntry
[log] [coop:v2-authority] receipt rev=259 op=V2/WAVE/e1828413413364172/w44/tick878 stage=admitted sender=1 generation=0 duplicate highestStage=0
[log] [coop:transport] send host t=authorityEntry t=authorityEntry
[log] [coop:transport] recv guest t=authorityEntry t=authorityEntry handlers=1
[log] [coop:transport] send host t=authorityEntry t=authorityEntry
[log] [coop:v2-authority] receipt rev=259 op=V2/WAVE/e1828413413364172/w44/tick878 stage=admitted sender=1 generation=0 duplicate highestStage=0
[log] [coop:transport] send host t=authorityEntry t=authorityEntry
[log] [coop:transport] send host t=authorityEntry t=authorityEntry
[log] [coop:v2-authority] receipt rev=259 op=V2/WAVE/e1828413413364172/w44/tick878 stage=admitted sender=1 generation=0 duplicate highestStage=0
[log] [coop:transport] send host t=authorityEntry t=authorityEntry
[warn] [coop:stream] DROP malformed/cross-address authorityFailure id=1828413413364172:44:1:turnResolution:ms9wg3dt
[log] [coop:transport] recv host t=authorityFailure id=1828413413364172:44:1:turnResolution:ms9wg3dt e=1828413413364172 wave=44 turn=1 rev=877 boundary=turnResolution handlers=1
[warn] [coop:stream] DROP malformed/cross-address authorityFailure id=1828413413364172:44:1:turnResolution:ms9wg3dt
[warn] [coop:stream] DROP malformed/cross-address authorityFailure id=1828413413364172:44:1:turnResolution:ms9wg3dt
[warn] [coop:stream] DROP malformed/cross-address authorityFailure id=1828413413364172:44:1:turnResolution:ms9wg3dt
[log] [coop:transport] send host t=authorityEntry t=authorityEntry
[log] [coop:transport] recv guest t=authorityEntry t=authorityEntry handlers=1
[log] [coop:v2-authority] receipt rev=259 op=V2/WAVE/e1828413413364172/w44/tick878 stage=admitted sender=1 generation=0 duplicate highestStage=0
[log] [coop:transport] send host t=authorityEntry t=authorityEntry
[log] [coop:transport] recv host t=authorityFailure id=1828413413364172:44:1:turnResolution:ms9wg3dt e=1828413413364172 wave=44 turn=1 rev=877 boundary=turnResolution handlers=1
[warn] [coop:stream] DROP malformed/cross-address authorityFailure id=1828413413364172:44:1:turnResolution:ms9wg3dt
[warn] [coop:stream] DROP malformed/cross-address authorityFailure id=1828413413364172:44:1:turnResolution:ms9wg3dt
[warn] [coop:reward] WATCHER received no exact V2 reward result; retaining the shop and requesting the committed tail
[log] [coop:transport] send DROP (not connected) host t=coopResyncAll state=disconnected peer=false
[warn] [coop:stream] DROP malformed/cross-address authorityFailure id=1828413413364172:44:1:turnResolution:ms9wg3dt
[log] [coop:transport] send DROP (not connected) host t=authorityEntry state=disconnected peer=false
[log] [coop:transport] send DROP (not connected) host t=authorityEntry state=disconnected peer=false
[log] [coop:interaction] interactionCounter() read -> 51 (role=host)
[log] [coop:health] tick=1g turn=2 wave=44 counter=51 assertions=0 wait=-1ms machineWaits=- peerBeat=- lastRx=8s transport=disconnected journal=0/0 queue=0
[log] [coop:transport] send DROP (not connected) host t=authorityEntry state=disconnected peer=false
[log] [coop:transport] send DROP (not connected) host t=authorityEntry state=disconnected peer=false
[log] [coop:interaction] interactionCounter() read -> 51 (role=host)
[log] [coop:interaction] interactionCounter() read -> 51 (role=guest)