url:      https://elite-redux-staging.pages.dev/
build:    github:cb433905559a2f20ea95cb83a67a996d06ddecc5:run-30846035981.1
ua:       Mozilla/5.0 (Windows NT 10.0; Win64; x64) AppleWebKit/537.36 (KHTML, like Gecko) Chrome/151.0.0.0 Safari/537.36
platform: Win32
screen:   1920x1080 @1x  devmem:16 GB
boot:     boot-start@0ms -> loading-complete@198735ms -> title-shown@215175ms
lastSess: crashed after boot-start
mode:     6  wave:13
seed:     pmXYGwBPjf0fzMa5nhfUIN9Z
party:    Kangaskhan(L11 47hp f0), Cyndaquil(L11 30hp f0), Unown(L6 24hp f28), Snivy(L8 26hp f0), Eevee(L6 25hp f1)
enemy:    Skwovet(L8), Bidoof(L9)

----- BUILD IDENTITY (JSON) -----
{"version":1,"id":"github:cb433905559a2f20ea95cb83a67a996d06ddecc5:run-30846035981.1","source":"github","sha":"cb433905559a2f20ea95cb83a67a996d06ddecc5","workflow":{"provider":"github-actions","runId":"30846035981","runAttempt":1,"workflow":"Deploy Staging","job":"deploy","repository":"Heraklines/elite-redux","ref":"fix/coop-party-mutating-rewards-20260802"},"deployment":null}

----- CO-OP REPORT CORRELATION (JSON) -----
{"version":1,"pairKey":"coop-v1|session=p33-session%3A8MVTER%3A1828644884076428|run=922a05bd-2f99-46b6-8c04-776963161286|epoch=1828644884076428|seed=pmXYGwBPjf0fzMa5nhfUIN9Z","runId":"922a05bd-2f99-46b6-8c04-776963161286","epoch":1828644884076428,"seed":"pmXYGwBPjf0fzMa5nhfUIN9Z","binding":{"bindingId":"p33-binding:8MVTER:1828644884076428:4c157f0f1a22d567","sessionId":"p33-session:8MVTER:1828644884076428","source":"resume","authoritySeat":0},"membership":{"revision":1,"connectionGeneration":0},"local":{"role":"host","seat":0},"partner":{"role":"guest","seat":1},"build":{"version":1,"id":"github:cb433905559a2f20ea95cb83a67a996d06ddecc5:run-30846035981.1","source":"github","sha":"cb433905559a2f20ea95cb83a67a996d06ddecc5","workflow":{"provider":"github-actions","runId":"30846035981","runAttempt":1,"workflow":"Deploy Staging","job":"deploy","repository":"Heraklines/elite-redux","ref":"fix/coop-party-mutating-rewards-20260802"},"deployment":null}}

----- CO-OP CONTROL PLANE -----
session:  role=host seat=0 gen=0g epoch=1828644884076428 run=922a05bd-2f99-46b6-8c04-776963161286 binding=p33-binding:8MVTER:1828644884076428:4c157f0f1a22d567 sessionId=p33-session:8MVTER:1828644884076428 netcode=authoritative PRESENTATION-FINGERPRINT-MISMATCH
members:  rev=1 state=active connectionGen=0 present=[0:host=true, 1:guest=true]
phase:    running=SelectModifierPhase queue=[NewBattlePhase]
interact: counter=13 awaiting=seq13[reward/shop/skip/reroll/check/transfer/lock]@629s
commands: pending=[]
rendez:   awaiting=[] localArrived=[cmd:9:1, shop:9:8, cmd:10:1, cmd:10:2, cmd:10:3, cmd:11:1, cmd:11:2, cmd:11:3, shop:11:11, cmd:12:1, shop:12:12, cmd:13:1, cmd:13:2, shop:13:13] partnerArrived=[cmd:9:1, shop:9:8, cmd:10:1, cmd:10:2, cmd:10:3, cmd:11:1, cmd:11:2, cmd:11:3, shop:11:11, cmd:12:1, shop:12:12, cmd:13:1, cmd:13:2, shop:13:13]
transport(local): state=connected generation=0 lastRx=1s
causal:   32/97 most-recent edges
  #66 operation:committed id=1828644884076428:1:REWARD:1100000 role=host @e1828644884076428/r8/w11/t4 class=op:reward kind=REWARD
  #67 operation:committed id=1828644884076428:1:REWARD:1100001 role=host @e1828644884076428/r9/w11/t4 class=op:reward kind=REWARD
  #68 recovery:local-arrival id=rendezvous:e1828644884076428:cmd:12:1 role=host @e1828644884076428/w12/t1
  #69 recovery:wait-open id=rendezvous:e1828644884076428:cmd:12:1 role=host @e1828644884076428/w12/t1
  #70 recovery:peer-arrival id=rendezvous:e1828644884076428:cmd:12:1 role=host @e1828644884076428/w12/t1
  #71 recovery:release id=rendezvous:e1828644884076428:cmd:12:1 role=host @e1828644884076428/w12/t1 outcome=exact
  #72 command:buffered id=e1828644884076428:w12:t1:guest:p1004418521 role=guest @e1828644884076428/w12/t1 command=0
  #73 command:intent-sent id=e1828644884076428:w12:t1:host:p377954310 role=host @e1828644884076428/w12/t1 command=0
  #74 command:applied id=e1828644884076428:w12:t1:guest:p1004418521 role=guest @e1828644884076428/w12/t1 buffered-intent
  #75 operation:committed id=1828644884076428:0:REWARD_PRESENT:1200000 role=host @e1828644884076428/r10/w12/t2 class=op:reward kind=REWARD_PRESENT
  #76 recovery:local-arrival id=rendezvous:e1828644884076428:shop:12:12 role=host @e1828644884076428/w12
  #77 recovery:wait-open id=rendezvous:e1828644884076428:shop:12:12 role=host @e1828644884076428/w12
  #78 recovery:peer-arrival id=rendezvous:e1828644884076428:shop:12:12 role=host @e1828644884076428/w12
  #79 recovery:release id=rendezvous:e1828644884076428:shop:12:12 role=host @e1828644884076428/w12 outcome=exact
  #80 operation:committed id=1828644884076428:0:REWARD:1200000 role=host @e1828644884076428/r11/w12/t2 class=op:reward kind=REWARD
  #81 recovery:local-arrival id=rendezvous:e1828644884076428:cmd:13:1 role=host @e1828644884076428/w13/t1
  #82 recovery:wait-open id=rendezvous:e1828644884076428:cmd:13:1 role=host @e1828644884076428/w13/t1
  #83 recovery:peer-arrival id=rendezvous:e1828644884076428:cmd:13:1 role=host @e1828644884076428/w13/t1
  #84 recovery:release id=rendezvous:e1828644884076428:cmd:13:1 role=host @e1828644884076428/w13/t1 outcome=exact
  #85 command:buffered id=e1828644884076428:w13:t1:guest:p1004418521 role=guest @e1828644884076428/w13/t1 command=0
  #86 command:intent-sent id=e1828644884076428:w13:t1:host:p377954310 role=host @e1828644884076428/w13/t1 command=0
  #87 command:applied id=e1828644884076428:w13:t1:guest:p1004418521 role=guest @e1828644884076428/w13/t1 buffered-intent
  #88 recovery:local-arrival id=rendezvous:e1828644884076428:cmd:13:2 role=host @e1828644884076428/w13/t2
  #89 recovery:wait-open id=rendezvous:e1828644884076428:cmd:13:2 role=host @e1828644884076428/w13/t2
  #90 recovery:peer-arrival id=rendezvous:e1828644884076428:cmd:13:2 role=host @e1828644884076428/w13/t2
  #91 recovery:release id=rendezvous:e1828644884076428:cmd:13:2 role=host @e1828644884076428/w13/t2 outcome=exact
  #92 command:buffered id=e1828644884076428:w13:t2:guest:p1004418521 role=guest @e1828644884076428/w13/t2 command=0
  #93 command:intent-sent id=e1828644884076428:w13:t2:host:p377954310 role=host @e1828644884076428/w13/t2 command=0
  #94 command:applied id=e1828644884076428:w13:t2:guest:p1004418521 role=guest @e1828644884076428/w13/t2 buffered-intent
  #95 operation:committed id=1828644884076428:1:REWARD_PRESENT:1300000 role=host @e1828644884076428/r12/w13/t3 class=op:reward kind=REWARD_PRESENT
  #96 recovery:local-arrival id=rendezvous:e1828644884076428:shop:13:13 role=host @e1828644884076428/w13
  #97 recovery:peer-arrival id=rendezvous:e1828644884076428:shop:13:13 role=host @e1828644884076428/w13
uiRelay:  13/13 recent carrier edges
  input#6 mode=TARGET_SELECT carrier=battleCommand field=0 turn=1 owner=host command=0
  input#63 mode=TARGET_SELECT carrier=battleCommand field=0 turn=1 owner=host command=0
  input#79 mode=TARGET_SELECT carrier=battleCommand field=0 turn=2 owner=host command=0
  input#120 mode=TARGET_SELECT carrier=battleCommand field=0 turn=3 owner=host command=0
  input#155 mode=ER_MAP carrier=interactionChoice seq=9700010 kind=biomePick choice=0
  input#155 mode=ER_MAP carrier=operation operation=op:biome class=op:biome kind=BIOME_PICK revision=6
  input#169 mode=TARGET_SELECT carrier=battleCommand field=0 turn=1 owner=host command=0
  input#210 mode=TARGET_SELECT carrier=battleCommand field=0 turn=2 owner=host command=0
  input#227 mode=TARGET_SELECT carrier=battleCommand field=0 turn=3 owner=host command=0
  input#255 mode=TARGET_SELECT carrier=battleCommand field=0 turn=1 owner=host command=0
  input#291 mode=MODIFIER_SELECT carrier=interactionChoice seq=12 kind=reward choice=1
  input#304 mode=TARGET_SELECT carrier=battleCommand field=0 turn=1 owner=host command=0
  input#335 mode=TARGET_SELECT carrier=battleCommand field=0 turn=2 owner=host command=0

----- CONSOLE -----
[19:42:07.200] LOG: [coop:webrtc] raw tx CHUNKED role=host t=authorityEntry bytes=20056 chunks=3 id=host-0-225
[19:42:07.201] LOG: [coop:v2-authority] receipt rev=14 op=1828644884076428:1:SHOP_BUY:900001 stage=controlInstalled sender=1 generation=0 advanced retired=true waiting=[] subsumed=[]
[19:42:07.201] LOG: [coop:webrtc] raw rx role=host t=interaction bytes=51 handlers=10
[19:42:07.201] LOG: [coop:interaction] RECV interaction broadcast (deferred catch-up net) received=10 localBefore=10 role=host -> no defer (local >= received)
[19:42:07.201] WARN: [coop:interaction] CoopInteractionTurn.mergeRemote DEFER (remote=10, counter=10, pendingRemote=10) live counter UNCHANGED (folds in at next advance if still ahead)
[19:42:07.201] LOG: [coop:owner] ownerOf(counter=10) seat=0 -> owner=host
[19:42:07.201] LOG: [coop:owner] ownerOf(counter=10) seat=0 -> owner=host
[19:42:07.201] LOG: [coop:v2-authority] receipt rev=15 op=V2/CONTROL/INTERACTION/1828644884076428:0:BIOME_PICK:9700010 stage=admitted sender=1 generation=0 advanced retired=false waiting=[1] subsumed=[]
[19:42:07.202] LOG: [coop:v2-authority] receipt rev=15 op=V2/CONTROL/INTERACTION/1828644884076428:0:BIOME_PICK:9700010 stage=materialApplied sender=1 generation=0 advanced retired=false waiting=[1] subsumed=[]
[19:42:07.267] LOG: [coop:v2-authority] receipt rev=15 op=V2/CONTROL/INTERACTION/1828644884076428:0:BIOME_PICK:9700010 stage=materialApplied sender=1 generation=0 duplicate highestStage=1
[19:42:07.413] LOG: [coop:webrtc] raw tx QUEUE role=host t=authorityEntry bytes=20056
[19:42:07.414] LOG: [coop:webrtc] raw tx CHUNKED role=host t=authorityEntry bytes=20056 chunks=3 id=host-0-226
[19:42:07.467] LOG: [coop:v2-authority] receipt rev=15 op=V2/CONTROL/INTERACTION/1828644884076428:0:BIOME_PICK:9700010 stage=materialApplied sender=1 generation=0 duplicate highestStage=1
[19:42:07.665] LOG: [coop:v2-authority] receipt rev=15 op=V2/CONTROL/INTERACTION/1828644884076428:0:BIOME_PICK:9700010 stage=materialApplied sender=1 generation=0 duplicate highestStage=1
[19:42:07.665] LOG: [coop:v2-authority] receipt rev=15 op=V2/CONTROL/INTERACTION/1828644884076428:0:BIOME_PICK:9700010 stage=controlInstalled sender=1 generation=0 advanced retired=true waiting=[] subsumed=[]
[19:42:09.671] LOG: [coop:interaction] uiMirror OWNER send seq=9700010 n=0 button=3 modeBefore=54
[19:42:09.671] LOG: [coop:webrtc] raw tx QUEUE role=host t=uiInput bytes=56
[19:42:09.830] LOG: [coop:interaction] uiMirror OWNER send seq=9700010 n=1 button=3 modeBefore=54
[19:42:09.830] LOG: [coop:webrtc] raw tx QUEUE role=host t=uiInput bytes=56
[19:42:10.239] LOG: [coop:interaction] uiMirror OWNER send seq=9700010 n=2 button=2 modeBefore=54
[19:42:10.239] LOG: [coop:webrtc] raw tx QUEUE role=host t=uiInput bytes=56
[19:42:10.557] LOG: [coop:interaction] uiMirror OWNER send seq=9700010 n=3 button=2 modeBefore=54
[19:42:10.557] LOG: [coop:webrtc] raw tx QUEUE role=host t=uiInput bytes=56
[19:42:10.875] LOG: [coop:interaction] uiMirror OWNER send seq=9700010 n=4 button=3 modeBefore=54
[19:42:10.875] LOG: [coop:webrtc] raw tx QUEUE role=host t=uiInput bytes=56
[19:42:11.058] LOG: [coop:interaction] uiMirror OWNER send seq=9700010 n=5 button=3 modeBefore=54
[19:42:11.058] LOG: [coop:webrtc] raw tx QUEUE role=host t=uiInput bytes=56
[19:42:11.387] LOG: [coop:interaction] uiMirror OWNER send seq=9700010 n=6 button=2 modeBefore=54
[19:42:11.388] LOG: [coop:webrtc] raw tx QUEUE role=host t=uiInput bytes=56
[19:42:11.659] LOG: [coop:interaction] uiMirror OWNER send seq=9700010 n=7 button=2 modeBefore=54
[19:42:11.660] LOG: [coop:webrtc] raw tx QUEUE role=host t=uiInput bytes=56
[19:42:11.900] LOG: [coop:interaction] uiMirror OWNER send seq=9700010 n=8 button=2 modeBefore=54
[19:42:11.901] LOG: [coop:webrtc] raw tx QUEUE role=host t=uiInput bytes=56
[19:42:12.156] LOG: [coop:interaction] uiMirror OWNER send seq=9700010 n=9 button=2 modeBefore=54
[19:42:12.156] LOG: [coop:webrtc] raw tx QUEUE role=host t=uiInput bytes=56
[19:42:12.435] LOG: [coop:interaction] uiMirror OWNER send seq=9700010 n=10 button=2 modeBefore=54
[19:42:12.435] LOG: [coop:webrtc] raw tx QUEUE role=host t=uiInput bytes=57
[19:42:12.460] LOG: [coop:interaction] uiMirror OWNER send seq=9700010 n=11 button=2 modeBefore=54
[19:42:12.460] LOG: [coop:webrtc] raw tx QUEUE role=host t=uiInput bytes=57
[19:42:12.634] LOG: [coop:interaction] uiMirror OWNER send seq=9700010 n=12 button=3 modeBefore=54
[19:42:12.634] LOG: [coop:webrtc] raw tx QUEUE role=host t=uiInput bytes=57
[19:42:12.641] LOG: [coop:interaction] uiMirror OWNER send seq=9700010 n=13 button=3 modeBefore=54
[19:42:12.641] LOG: [coop:webrtc] raw tx QUEUE role=host t=uiInput bytes=57
[19:42:12.643] LOG: [coop:interaction] uiMirror OWNER send seq=9700010 n=14 button=3 modeBefore=54
[19:42:12.643] LOG: [coop:webrtc] raw tx QUEUE role=host t=uiInput bytes=57
[19:42:12.645] LOG: [coop:interaction] uiMirror OWNER send seq=9700010 n=15 button=3 modeBefore=54
[19:42:12.645] LOG: [coop:webrtc] raw tx QUEUE role=host t=uiInput bytes=57
[19:42:13.147] LOG: [coop:interaction] uiMirror OWNER send seq=9700010 n=16 button=2 modeBefore=54
[19:42:13.147] LOG: [coop:webrtc] raw tx QUEUE role=host t=uiInput bytes=57
[19:42:13.513] LOG: [coop:interaction] uiMirror OWNER send seq=9700010 n=17 button=2 modeBefore=54
[19:42:13.513] LOG: [coop:webrtc] raw tx QUEUE role=host t=uiInput bytes=57
[19:42:13.897] LOG: [coop:reward] biome pick OWNER picked biome=undefined pinnedStart=10 (#848)
[19:42:13.897] LOG: [coop:relay] SEND interactionChoice seq=9700010 kind=biomePick kind=? choice=0 data=[1]
[19:42:13.897] LOG: [coop:v2-interaction] suppressed raw authority interactionChoice seq=9700010 kind=biomePick
[19:42:13.897] LOG: [coop:reward] biome pick OWNER relay biome=undefined idx=0 pinnedStart=10 (#864)
[19:42:13.899] LOG: [coop:interaction] interactionCounter() read -> 10 (role=host)
[19:42:13.899] LOG: [coop:interaction] CoopInteractionTurn.advance INCREMENT (fromCounter=10) counter 10 -> 11
[19:42:13.899] LOG: [coop:interaction] advanceInteraction ADVANCED+BROADCAST (fromCounter=10) counter 10 -> 11 role=host; send interaction screen=__turn__ choice=11
[19:42:13.899] LOG: [coop:interaction] SEND counter snapshot reason=advance choice=11 role=host
[19:42:13.899] LOG: [coop:webrtc] raw tx QUEUE role=host t=interaction bytes=51
[19:42:13.899] LOG: [coop:owner] ownerOf(counter=11) seat=1 -> owner=guest
[19:42:13.899] LOG: [coop:owner] ownerOf(counter=11) seat=1 -> owner=guest
[19:42:13.899] LOG: [coop:interaction] interactionCounter() read -> 11 (role=host)
[19:42:13.899] LOG: [coop:reward] advance interaction from CONTINUATION commit (role=host from=10 counter 10 -> 11)
[19:42:13.899] LOG: [coop:interaction] interactionCounter() read -> 11 (role=host)
[19:42:13.900] LOG: [coop:v2-interaction] terminal proof recorded op=1828644884076428:0:BIOME_PICK:9700010 role=host seat=0 duplicate=0 ambient=1
[19:42:13.910] LOG: [coop:webrtc] raw tx QUEUE role=host t=authorityEntry bytes=19971
[19:42:13.911] LOG: [coop:webrtc] raw tx CHUNKED role=host t=authorityEntry bytes=19971 chunks=3 id=host-0-246
[19:42:13.912] LOG: [coop:v2-shadow] PARITY kind=INTERACTION_COMMIT rev=16 match=true field=-
[19:42:13.913] LOG: %cStart Phase PartyHealPhase color:green;
[19:42:13.929] LOG: [coop:v2-authority] receipt rev=16 op=1828644884076428:0:BIOME_PICK:9700010 stage=admitted sender=1 generation=0 advanced retired=false waiting=[1] subsumed=[]
[19:42:13.965] LOG: [coop:webrtc] raw rx role=host t=interaction bytes=51 handlers=10
[19:42:13.965] LOG: [coop:interaction] RECV interaction broadcast (deferred catch-up net) received=11 localBefore=11 role=host -> no defer (local >= received)
[19:42:13.965] WARN: [coop:interaction] CoopInteractionTurn.mergeRemote DEFER (remote=11, counter=11, pendingRemote=11) live counter UNCHANGED (folds in at next advance if still ahead)
[19:42:13.965] LOG: [coop:owner] ownerOf(counter=11) seat=1 -> owner=guest
[19:42:13.965] LOG: [coop:owner] ownerOf(counter=11) seat=1 -> owner=guest
[19:42:13.965] LOG: [coop:v2-authority] receipt rev=16 op=1828644884076428:0:BIOME_PICK:9700010 stage=admitted sender=1 generation=0 duplicate highestStage=0
[19:42:13.972] LOG: [coop:v2-authority] receipt rev=16 op=1828644884076428:0:BIOME_PICK:9700010 stage=materialApplied sender=1 generation=0 advanced retired=false waiting=[1] subsumed=[]
[19:42:13.972] LOG: [coop:v2-authority] receipt rev=16 op=1828644884076428:0:BIOME_PICK:9700010 stage=controlInstalled sender=1 generation=0 advanced retired=true waiting=[] subsumed=[]
[19:42:14.022] LOG: [coop:webrtc] raw rx role=host t=requestEnemyParty bytes=35 handlers=10
[19:42:14.022] LOG: [coop:stream] host RECV requestEnemyParty wave=11
[19:42:14.022] LOG: [coop:stream] recv requestEnemyParty wave=11 role=host
[19:42:14.022] LOG: [coop:stream] requestEnemyParty wave=11 awaits complete EncounterPhase carrier (none retained yet)
[19:42:16.401] LOG: %cStart Phase ResetStatusPhase color:green;
[19:42:16.403] LOG: %cStart Phase ResetStatusPhase color:green;
[19:42:16.404] LOG: %cStart Phase ResetStatusPhase color:green;
[19:42:16.404] LOG: %cStart Phase ResetStatusPhase color:green;
[19:42:16.405] LOG: %cStart Phase ResetStatusPhase color:green;
[19:42:16.405] LOG: %cStart Phase SwitchBiomePhase color:green;
[19:42:16.409] LOG: %cStart Phase NewBattlePhase color:green;
[19:42:16.409] LOG: [coop:turn] host recorder: begin deferred transition turn=1 scope=1828644884076428:11
[19:42:16.409] LOG: Wave Seed: {xcdRM[uq;qXl@ysq`TYDe 11
[19:42:16.414] LOG: [coop:v2-control] NewBattlePhase installed committed host biome encounter wave=10->11
[19:42:16.421] LOG: %cStart Phase ReturnPhase color:green;
[19:42:16.421] LOG: [coop:turn] host recorder: preserve recording scope=1828644884076428:11 turn=1 events=0 seq=0
[19:42:16.539] LOG: %cStart Phase ReturnPhase color:green;
[19:42:16.539] LOG: [coop:turn] host recorder: preserve recording scope=1828644884076428:11 turn=1 events=0 seq=0
[19:42:16.648] LOG: %cStart Phase ShowTrainerPhase color:green;
[19:42:16.758] LOG: %cStart Phase NewBiomeEncounterPhase color:green;
[19:42:16.763] LOG: Starting species pool tier: SUPER_RARE
[19:42:16.807] LOG: Pokemon: Wild Dunsparce | Species ID: 206 | Level: 7 | Nature: Rash (+SpAtk/-SpDef)
[19:42:16.807] LOG: Stats (IVs): HP: 31 (7), Atk: 15 (13), Def: 15 (15), Spatk: 17 (15), Spdef: 12 (8), Spd: 11 (4)
[19:42:16.808] LOG: Ability: Field Explorer | Passive Ability: Super Luck 
[19:42:16.808] LOG: Moveset: ["Body Slam","Coil","Defense Curl","Lucky Chant"]
[19:42:16.808] LOG: Starting species pool tier: UNCOMMON
[19:42:16.831] LOG: Pokemon: Wild Fletchling | Species ID: 661 | Level: 8 | Nature: Hardy (-)
[19:42:16.831] LOG: Stats (IVs): HP: 26 (21), Atk: 15 (31), Def: 12 (5), Spatk: 11 (4), Spdef: 13 (24), Spd: 15 (7)
[19:42:16.831] LOG: Ability: Rivalry | Passive Ability: Flock 
[19:42:16.831] LOG: Moveset: ["Flail","Air Cutter","Growl","Peck"]
[19:42:19.156] LOG: [coop:webrtc] raw rx role=host t=requestEnemyParty bytes=35 handlers=10
[19:42:19.156] LOG: [coop:stream] host RECV requestEnemyParty wave=11
[19:42:19.157] LOG: [coop:stream] recv requestEnemyParty wave=11 role=host
[19:42:19.157] LOG: [coop:stream] requestEnemyParty wave=11 awaits complete EncounterPhase carrier (none retained yet)
[19:42:21.400] LOG: [coop:interaction] interactionCounter() read -> 11 (role=host)
[19:42:22.113] LOG: [coop:launch] resume marker recorded slot=1 self=Heraklines1 partner=test4 wave=11 (#810)
[19:42:22.222] LOG: [coop:webrtc] raw tx QUEUE role=host t=resumeCheckpoint bytes=21420
[19:42:22.222] LOG: [coop:webrtc] raw tx CHUNKED role=host t=resumeCheckpoint bytes=21420 chunks=3 id=host-0-247
[19:42:22.259] LOG: [coop:webrtc] raw rx role=host t=resumeCheckpointAck bytes=126 handlers=10
[19:42:22.259] DEBUG: Session data saved to slot 1!
[19:42:22.261] LOG: [coop:replay] host SEND enemyPartySync wave=11 count=2 meType=-1 battleType=0 entryPresentation=-
[19:42:22.261] LOG: [coop:webrtc] raw tx QUEUE role=host t=enemyPartySync bytes=19338
[19:42:22.262] LOG: [coop:webrtc] raw tx CHUNKED role=host t=enemyPartySync bytes=19338 chunks=3 id=host-0-248
[19:42:22.264] LOG: Wave Seed: {xcdRM[uq;qXl@ysq`TYDe 11
[19:42:22.470] LOG: [coop:turn] host recorder: preserve recording scope=1828644884076428:11 turn=1 events=0 seq=0
[19:42:22.473] LOG: %cStart Phase LevelCapPhase color:green;
[19:42:24.149] LOG: %cStart Phase SummonPhase color:green;
[19:42:24.150] LOG: [coop:turn] host recorder: preserve recording scope=1828644884076428:11 turn=1 events=0 seq=0
[19:42:24.470] LOG: %cStart Phase ShinySparklePhase color:green;
[19:42:24.470] LOG: [coop:turn] host recorder: append turn=1 seq=0 k=shinySparkle total=1 live=true
[19:42:24.470] LOG: [coop:runtime] ME-stream live-event host turn=1 seq=0 k=shinySparkle
[19:42:24.471] LOG: [coop:replay] host EMIT live battleEvent turn=1 seq=0 k=shinySparkle
[19:42:24.471] LOG: [coop:webrtc] raw tx QUEUE role=host t=battleEvent bytes=155
[19:42:24.602] LOG: %cStart Phase ToggleDoublePositionPhase color:green;
[19:42:24.614] LOG: %cStart Phase SummonPhase color:green;
[19:42:24.614] LOG: [coop:turn] host recorder: preserve recording scope=1828644884076428:11 turn=1 events=1 seq=1
[19:42:24.903] LOG: %cStart Phase CheckSwitchPhase color:green;
[19:42:24.903] LOG: %cStart Phase CheckSwitchPhase color:green;
[19:42:24.903] LOG: %cStart Phase InitEncounterPhase color:green;
[19:42:24.903] LOG: [coop:turn] host recorder: preserve recording scope=1828644884076428:11 turn=1 events=1 seq=1
[19:42:24.959] LOG: %cStart Phase PostSummonPhase color:green;
[19:42:24.959] LOG: Ran PSP for: Kangaskhan
[19:42:24.991] LOG: %cStart Phase PostSummonPhase color:green;
[19:42:24.991] LOG: Ran PSP for: Fletchling
[19:42:25.020] LOG: %cStart Phase PostSummonPhase color:green;
[19:42:25.021] LOG: Ran PSP for: Snivy
[19:42:25.042] LOG: %cStart Phase PostSummonPhase color:green;
[19:42:25.042] LOG: Ran PSP for: Dunsparce
[19:42:25.060] LOG: %cStart Phase TurnInitPhase color:green;
[19:42:25.060] LOG: %cStart Phase CommandPhase color:green;
[19:42:25.068] LOG: [coop:replay] host SEND enemyPartySync wave=11 count=2 meType=-1 battleType=0 entryPresentation=1
[19:42:25.068] LOG: [coop:webrtc] raw tx QUEUE role=host t=enemyPartySync bytes=19434
[19:42:25.069] LOG: [coop:webrtc] raw tx CHUNKED role=host t=enemyPartySync bytes=19434 chunks=3 id=host-0-250
[19:42:25.069] LOG: [coop:replay] host RE-BROADCAST wave-start authority wave=11 after post-summon boundary stateChanged=true presentation=1 (#920)
[19:42:25.086] LOG: [coop:webrtc] raw tx QUEUE role=host t=authorityEntry bytes=19246
[19:42:25.087] LOG: [coop:webrtc] raw tx CHUNKED role=host t=authorityEntry bytes=19246 chunks=3 id=host-0-251
[19:42:25.089] LOG: [coop:v2-shadow] PARITY kind=CONTROL_COMMIT rev=17 match=true field=-
[19:42:25.090] LOG: [coop:rendezvous] next-command barrier ARRIVE+AWAIT cmd:11:1 slot=0
[19:42:25.090] LOG: [coop:rendezvous] ARRIVE point=cmd:11:1 (send) role=host
[19:42:25.090] LOG: [coop:webrtc] raw tx QUEUE role=host t=rendezvous bytes=37
[19:42:25.090] LOG: [coop:rendezvous] AWAIT point=cmd:11:1 timeoutMs=60000 -> network-wait role=host
[19:42:25.123] LOG: [coop:v2-authority] receipt rev=17 op=V2/CONTROL/COMMAND/e1828644884076428/w11/t1/tick48 stage=admitted sender=1 generation=0 advanced retired=false waiting=[1] subsumed=[]
[19:42:25.302] LOG: [coop:interaction] interactionCounter() read -> 11 (role=host)
[19:42:25.302] LOG: [coop:health] tick=0g turn=1 wave=11 counter=11 assertions=0 wait=212ms machineWaits=coop-rendezvous:cmd:11:1@212ms peerBeat=100s lastRx=0s transport=connected journal=0/0 queue=0
[19:42:25.391] LOG: [coop:webrtc] raw tx QUEUE role=host t=authorityEntry bytes=19246
[19:42:25.392] LOG: [coop:webrtc] raw tx CHUNKED role=host t=authorityEntry bytes=19246 chunks=3 id=host-0-253
[19:42:25.413] LOG: [coop:v2-authority] receipt rev=17 op=V2/CONTROL/COMMAND/e1828644884076428/w11/t1/tick48 stage=admitted sender=1 generation=0 duplicate highestStage=0
[19:42:25.910] LOG: [coop:webrtc] raw tx QUEUE role=host t=authorityEntry bytes=19246
[19:42:25.911] LOG: [coop:webrtc] raw tx CHUNKED role=host t=authorityEntry bytes=19246 chunks=3 id=host-0-254
[19:42:25.953] LOG: [coop:v2-authority] receipt rev=17 op=V2/CONTROL/COMMAND/e1828644884076428/w11/t1/tick48 stage=admitted sender=1 generation=0 duplicate highestStage=0
[19:42:26.247] LOG: [coop:v2-authority] receipt rev=17 op=V2/CONTROL/COMMAND/e1828644884076428/w11/t1/tick48 stage=admitted sender=1 generation=0 duplicate highestStage=0
[19:42:26.254] LOG: [coop:v2-authority] receipt rev=17 op=V2/CONTROL/COMMAND/e1828644884076428/w11/t1/tick48 stage=admitted sender=1 generation=0 duplicate highestStage=0
[19:42:26.276] LOG: [coop:v2-authority] receipt rev=17 op=V2/CONTROL/COMMAND/e1828644884076428/w11/t1/tick48 stage=materialApplied sender=1 generation=0 advanced retired=false waiting=[1] subsumed=[]
[19:42:26.290] LOG: [coop:webrtc] raw rx role=host t=rendezvous bytes=37 handlers=10
[19:42:26.290] LOG: [coop:rendezvous] RECV arrival point=cmd:11:1 -> deliver-to-waiter role=host
[19:42:26.290] LOG: [coop:webrtc] raw tx QUEUE role=host t=rendezvous bytes=37
[19:42:26.291] LOG: [coop:rendezvous] AWAIT point=cmd:11:1 RESOLVE both-arrived role=host
[19:42:26.297] LOG: [coop:webrtc] raw tx QUEUE role=host t=enemyPartySync bytes=19434
[19:42:26.298] LOG: [coop:webrtc] raw tx CHUNKED role=host t=enemyPartySync bytes=19434 chunks=3 id=host-0-256
[19:42:26.299] LOG: [coop:replay] host RE-BROADCAST wave-start authority wave=11 after post-summon boundary stateChanged=false presentation=1 (#920)
[19:42:26.300] LOG: [coop:v2-authority] receipt rev=17 op=V2/CONTROL/COMMAND/e1828644884076428/w11/t1/tick48 stage=materialApplied sender=1 generation=0 duplicate highestStage=1
[19:42:26.301] LOG: [coop:v2-authority] receipt rev=17 op=V2/CONTROL/COMMAND/e1828644884076428/w11/t1/tick48 stage=controlInstalled sender=1 generation=0 advanced retired=true waiting=[] subsumed=[]
[19:42:28.679] LOG: [coop:webrtc] raw rx role=host t=command bytes=187 handlers=10
[19:42:28.679] LOG: [coop:relay] recv command fieldIndex=1 turn=1 command=0 -> BUFFERED (no awaiter yet)
[19:42:31.613] LOG: Move: FAKE_OUT Move targets: {"targets":[2,3,1],"multiple":false} 
Player Pokemon: Kangaskhan
[19:42:31.617] LOG: %cStart Phase SelectTargetPhase color:green;
[19:42:32.133] LOG: [coop:owner] broadcast own-slot fi=0 turn=1 role=host cmd=0
[19:42:32.133] LOG: [coop:relay] broadcastLocalCommand SEND fieldIndex=0 owner=host turn=1 command=0 cursor=1 moveId=252 targets=[3]
[19:42:32.134] LOG: [coop:webrtc] raw tx QUEUE role=host t=command bytes=185
[19:42:32.135] LOG: %cStart Phase CommandPhase color:green;
[19:42:32.140] LOG: [coop:webrtc] raw tx QUEUE role=host t=enemyPartySync bytes=19434
[19:42:32.141] LOG: [coop:webrtc] raw tx CHUNKED role=host t=enemyPartySync bytes=19434 chunks=3 id=host-0-258
[19:42:32.141] LOG: [coop:replay] host RE-BROADCAST wave-start authority wave=11 after post-summon boundary stateChanged=false presentation=1 (#920)
[19:42:32.145] LOG: [coop:battle] CommandPhase slot=1 turn=1 owner=guest role=host -> partner path
[19:42:32.159] LOG: [coop:relay] host requestPartnerCommand fieldIndex=1 turn=1 moveSlots=[0,1,2,3] -> consumed BUFFERED command kind=0
[19:42:32.159] LOG: [coop:ai] applyWiredPartnerCommand partner=495 wiredMoveId=434 cursor=0 -> moveId=434 moveIndex=0 tera=false targets=[2] targetsFrom=wire-verbatim useMode=1
[19:42:32.160] LOG: Move: DRACO_METEOR Move targets: {"targets":[2],"multiple":false} 
Player Pokemon: Snivy
[19:42:32.160] LOG: %cStart Phase EnemyCommandPhase color:green;
[19:42:32.278] LOG: Battle Seed: OTBeYyIt3bIPMd1A
[19:42:32.313] LOG: Move Pool: ["Body Slam","Coil","Defense Curl","Lucky Chant"]
[19:42:32.313] LOG: Move Scores: [30,6,2,0]
[19:42:32.313] LOG: Sorted Move Pool: ["Body Slam","Coil","Defense Curl","Lucky Chant"]
[19:42:32.313] LOG: Chosen Move: Coil
[19:42:32.313] LOG: %cStart Phase EnemyCommandPhase color:green;
[19:42:32.477] LOG: Move Pool: ["Air Cutter"]
[19:42:32.478] LOG: Move Scores: [66]
[19:42:32.478] LOG: Sorted Move Pool: ["Air Cutter"]
[19:42:32.478] LOG: Chosen Move: Air Cutter
[19:42:32.478] LOG: %cStart Phase TurnStartPhase color:green;
[19:42:32.478] LOG: [coop:turn] host recorder: preserve recording scope=1828644884076428:11 turn=1 events=1 seq=1
[19:42:32.711] LOG: %cStart Phase MovePhase color:green;
[19:42:32.711] LOG: %cUser: Kangaskhan
Move: FAKE_OUT
Use Mode: NORMAL color:orchid
[19:42:32.806] LOG: [coop:turn] host recorder: append turn=1 seq=1 k=moveUsed total=2 live=true
[19:42:32.806] LOG: [coop:runtime] ME-stream live-event host turn=1 seq=1 k=moveUsed
[19:42:32.806] LOG: [coop:replay] host EMIT live battleEvent turn=1 seq=1 k=moveUsed
[19:42:32.806] LOG: [coop:webrtc] raw tx QUEUE role=host t=battleEvent bytes=251
[19:42:32.887] LOG: %cStart Phase MessagePhase color:green;
[19:42:32.973] LOG: %cStart Phase MoveEffectPhase color:green;
[19:42:32.992] LOG: [coop:turn] host recorder: append turn=1 seq=2 k=moveAnim total=3 live=true
[19:42:32.992] LOG: [coop:runtime] ME-stream live-event host turn=1 seq=2 k=moveAnim
[19:42:32.992] LOG: [coop:replay] host EMIT live battleEvent turn=1 seq=2 k=moveAnim
[19:42:32.992] LOG: [coop:webrtc] raw tx QUEUE role=host t=battleEvent bytes=260
[19:42:33.300] LOG: crit stage: +0
[19:42:33.325] LOG: Move: Fake Out | Base damage: 15.44 | Power: 60 | Source attack: 24 | Target defense: 12
[19:42:33.337] LOG: Move: Fake Out | Attack damage: 15
[19:42:33.338] LOG: [coop:turn] host recorder: append turn=1 seq=3 k=hp total=4 live=true
[19:42:33.338] LOG: [coop:runtime] ME-stream live-event host turn=1 seq=3 k=hp
[19:42:33.338] LOG: [coop:replay] host EMIT live battleEvent turn=1 seq=3 k=hp
[19:42:33.338] LOG: [coop:webrtc] raw tx QUEUE role=host t=battleEvent bytes=201
[19:42:33.366] LOG: %cStart Phase ShowAbilityPhase color:green;
[19:42:33.366] LOG: [coop:turn] host recorder: append turn=1 seq=4 k=showAbility total=5 live=true
[19:42:33.366] LOG: [coop:runtime] ME-stream live-event host turn=1 seq=4 k=showAbility
[19:42:33.366] LOG: [coop:replay] host EMIT live battleEvent turn=1 seq=4 k=showAbility
[19:42:33.366] LOG: [coop:webrtc] raw tx QUEUE role=host t=battleEvent bytes=237
[19:42:33.499] LOG: %cStart Phase HideAbilityPhase color:green;
[19:42:33.499] LOG: [coop:turn] host recorder: append turn=1 seq=5 k=hideAbility total=6 live=true
[19:42:33.499] LOG: [coop:runtime] ME-stream live-event host turn=1 seq=5 k=hideAbility
[19:42:33.499] LOG: [coop:replay] host EMIT live battleEvent turn=1 seq=5 k=hideAbility
[19:42:33.499] LOG: [coop:webrtc] raw tx QUEUE role=host t=battleEvent bytes=99
[19:42:33.539] LOG: %cStart Phase ShowAbilityPhase color:green;
[19:42:33.539] LOG: [coop:turn] host recorder: append turn=1 seq=6 k=showAbility total=7 live=true
[19:42:33.539] LOG: [coop:runtime] ME-stream live-event host turn=1 seq=6 k=showAbility
[19:42:33.539] LOG: [coop:replay] host EMIT live battleEvent turn=1 seq=6 k=showAbility
[19:42:33.539] LOG: [coop:webrtc] raw tx QUEUE role=host t=battleEvent bytes=238
[19:42:33.709] LOG: %cStart Phase HideAbilityPhase color:green;
[19:42:33.709] LOG: [coop:turn] host recorder: append turn=1 seq=7 k=hideAbility total=8 live=true
[19:42:33.709] LOG: [coop:runtime] ME-stream live-event host turn=1 seq=7 k=hideAbility
[19:42:33.709] LOG: [coop:replay] host EMIT live battleEvent turn=1 seq=7 k=hideAbility
[19:42:33.709] LOG: [coop:webrtc] raw tx QUEUE role=host t=battleEvent bytes=99
[19:42:33.751] LOG: %cStart Phase DamageAnimPhase color:green;
[19:42:33.782] LOG: %cStart Phase MoveEffectPhase color:green;
[19:42:33.795] LOG: [coop:turn] host recorder: append turn=1 seq=8 k=moveAnim total=9 live=true
[19:42:33.795] LOG: [coop:runtime] ME-stream live-event host turn=1 seq=8 k=moveAnim
[19:42:33.795] LOG: [coop:replay] host EMIT live battleEvent turn=1 seq=8 k=moveAnim
[19:42:33.795] LOG: [coop:webrtc] raw tx QUEUE role=host t=battleEvent bytes=260
[19:42:34.050] LOG: crit stage: +0
[19:42:34.071] LOG: Move: Fake Out | Base damage: 15.44 | Power: 60 | Source attack: 24 | Target defense: 12
[19:42:34.088] LOG: Move: Fake Out | Attack damage: 3
[19:42:34.089] LOG: [coop:turn] host recorder: append turn=1 seq=9 k=hp total=10 live=true
[19:42:34.089] LOG: [coop:runtime] ME-stream live-event host turn=1 seq=9 k=hp
[19:42:34.090] LOG: [coop:replay] host EMIT live battleEvent turn=1 seq=9 k=hp
[19:42:34.090] LOG: [coop:webrtc] raw tx QUEUE role=host t=battleEvent bytes=200
[19:42:34.115] LOG: [coop:turn] host recorder: append turn=1 seq=10 k=message total=11 live=true
[19:42:34.115] LOG: [coop:runtime] ME-stream live-event host turn=1 seq=10 k=message
[19:42:34.115] LOG: [coop:replay] host EMIT live battleEvent turn=1 seq=10 k=message
[19:42:34.115] LOG: [coop:webrtc] raw tx QUEUE role=host t=battleEvent bytes=120
[19:42:34.116] LOG: %cStart Phase ShowAbilityPhase color:green;
[19:42:34.116] LOG: [coop:turn] host recorder: append turn=1 seq=11 k=showAbility total=12 live=true
[19:42:34.116] LOG: [coop:runtime] ME-stream live-event host turn=1 seq=11 k=showAbility
[19:42:34.116] LOG: [coop:replay] host EMIT live battleEvent turn=1 seq=11 k=showAbility
[19:42:34.116] LOG: [coop:webrtc] raw tx QUEUE role=host t=battleEvent bytes=239
[19:42:34.244] LOG: %cStart Phase HideAbilityPhase color:green;
[19:42:34.244] LOG: [coop:turn] host recorder: append turn=1 seq=12 k=hideAbility total=13 live=true
[19:42:34.244] LOG: [coop:runtime] ME-stream live-event host turn=1 seq=12 k=hideAbility
[19:42:34.244] LOG: [coop:replay] host EMIT live battleEvent turn=1 seq=12 k=hideAbility
[19:42:34.244] LOG: [coop:webrtc] raw tx QUEUE role=host t=battleEvent bytes=100
[19:42:34.281] LOG: %cStart Phase DamageAnimPhase color:green;
[19:42:34.309] LOG: %cStart Phase MessagePhase color:green;
[19:42:34.490] LOG: %cStart Phase MoveEndPhase color:green;
[19:42:34.519] LOG: %cStart Phase MovePhase color:green;
[19:42:34.519] LOG: %cUser: Snivy
Move: DRACO_METEOR
Use Mode: NORMAL color:orchid
[19:42:34.615] LOG: [coop:turn] host recorder: append turn=1 seq=13 k=moveUsed total=14 live=true
[19:42:34.615] LOG: [coop:runtime] ME-stream live-event host turn=1 seq=13 k=moveUsed
[19:42:34.615] LOG: [coop:replay] host EMIT live battleEvent turn=1 seq=13 k=moveUsed
[19:42:34.615] LOG: [coop:webrtc] raw tx QUEUE role=host t=battleEvent bytes=253
[19:42:34.716] LOG: %cStart Phase MessagePhase color:green;
[19:42:34.874] LOG: %cStart Phase MoveEffectPhase color:green;
[19:42:34.893] LOG: [coop:turn] host recorder: append turn=1 seq=14 k=moveAnim total=15 live=true
[19:42:34.893] LOG: [coop:runtime] ME-stream live-event host turn=1 seq=14 k=moveAnim
[19:42:34.893] LOG: [coop:replay] host EMIT live battleEvent turn=1 seq=14 k=moveAnim
[19:42:34.893] LOG: [coop:webrtc] raw tx QUEUE role=host t=battleEvent bytes=262
[19:42:35.854] LOG: crit stage: +0
[19:42:35.864] LOG: Move: Draco Meteor | Base damage: 12.486666666666668 | Power: 130 | Source attack: 11 | Target defense: 12
[19:42:35.869] LOG: Move: Draco Meteor | Attack damage: 11
[19:42:35.869] LOG: [coop:turn] host recorder: append turn=1 seq=15 k=hp total=16 live=true
[19:42:35.869] LOG: [coop:runtime] ME-stream live-event host turn=1 seq=15 k=hp
[19:42:35.869] LOG: [coop:replay] host EMIT live battleEvent turn=1 seq=15 k=hp
[19:42:35.869] LOG: [coop:webrtc] raw tx QUEUE role=host t=battleEvent bytes=202
[19:42:35.875] LOG: %cStart Phase DamageAnimPhase color:green;
[19:42:35.904] LOG: %cStart Phase StatStageChangePhase color:green;
[19:42:36.020] LOG: [coop:turn] host recorder: append turn=1 seq=16 k=message total=17 live=true
[19:42:36.021] LOG: [coop:runtime] ME-stream live-event host turn=1 seq=16 k=message
[19:42:36.021] LOG: [coop:replay] host EMIT live battleEvent turn=1 seq=16 k=message
[19:42:36.024] LOG: [coop:webrtc] raw tx QUEUE role=host t=battleEvent bytes=137
[19:42:36.036] LOG: [coop:turn] host recorder: append turn=1 seq=17 k=statStage total=18 live=true
[19:42:36.037] LOG: [coop:runtime] ME-stream live-event host turn=1 seq=17 k=statStage
[19:42:36.037] LOG: [coop:replay] host EMIT live battleEvent turn=1 seq=17 k=statStage
[19:42:36.037] LOG: [coop:webrtc] raw tx QUEUE role=host t=battleEvent bytes=174
[19:42:36.046] LOG: %cStart Phase MessagePhase color:green;
[19:42:36.242] LOG: %cStart Phase MoveEndPhase color:green;
[19:42:36.249] LOG: %cStart Phase MovePhase color:green;
[19:42:36.250] LOG: %cUser: Fletchling
Move: AIR_CUTTER
Use Mode: NORMAL color:orchid
[19:42:36.250] LOG: [coop:turn] host recorder: append turn=1 seq=18 k=message total=19 live=true
[19:42:36.250] LOG: [coop:runtime] ME-stream live-event host turn=1 seq=18 k=message
[19:42:36.250] LOG: [coop:replay] host EMIT live battleEvent turn=1 seq=18 k=message
[19:42:36.250] LOG: [coop:webrtc] raw tx QUEUE role=host t=battleEvent bytes=131
[19:42:36.251] LOG: %cStart Phase MessagePhase color:green;
[19:42:36.466] LOG: %cStart Phase MoveEndPhase color:green;
[19:42:36.467] LOG: %cStart Phase MovePhase color:green;
[19:42:36.468] LOG: %cUser: Dunsparce
Move: COIL
Use Mode: NORMAL color:orchid
[19:42:36.527] LOG: [coop:turn] host recorder: append turn=1 seq=19 k=moveUsed total=20 live=true
[19:42:36.527] LOG: [coop:runtime] ME-stream live-event host turn=1 seq=19 k=moveUsed
[19:42:36.527] LOG: [coop:replay] host EMIT live battleEvent turn=1 seq=19 k=moveUsed
[19:42:36.527] LOG: [coop:webrtc] raw tx QUEUE role=host t=battleEvent bytes=252
[19:42:36.574] LOG: %cStart Phase MessagePhase color:green;
[19:42:36.656] LOG: %cStart Phase MoveEffectPhase color:green;
[19:42:36.656] LOG: [coop:turn] host recorder: append turn=1 seq=20 k=moveAnim total=21 live=true
[19:42:36.657] LOG: [coop:runtime] ME-stream live-event host turn=1 seq=20 k=moveAnim
[19:42:36.657] LOG: [coop:replay] host EMIT live battleEvent turn=1 seq=20 k=moveAnim
[19:42:36.657] LOG: [coop:webrtc] raw tx QUEUE role=host t=battleEvent bytes=261
[19:42:37.203] LOG: %cStart Phase StatStageChangePhase color:green;
[19:42:37.204] LOG: %cStart Phase StatStageChangePhase color:green;
[19:42:37.396] LOG: [coop:turn] host recorder: append turn=1 seq=21 k=message total=22 live=true
[19:42:37.397] LOG: [coop:runtime] ME-stream live-event host turn=1 seq=21 k=message
[19:42:37.397] LOG: [coop:replay] host EMIT live battleEvent turn=1 seq=21 k=message
[19:42:37.397] LOG: [coop:webrtc] raw tx QUEUE role=host t=battleEvent bytes=137
[19:42:37.399] LOG: [coop:turn] host recorder: append turn=1 seq=22 k=statStage total=23 live=true
[19:42:37.399] LOG: [coop:runtime] ME-stream live-event host turn=1 seq=22 k=statStage
[19:42:37.399] LOG: [coop:replay] host EMIT live battleEvent turn=1 seq=22 k=statStage
[19:42:37.399] LOG: [coop:webrtc] raw tx QUEUE role=host t=battleEvent bytes=172
[19:42:37.420] LOG: %cStart Phase MessagePhase color:green;
[19:42:37.634] LOG: %cStart Phase StatStageChangePhase color:green;
[19:42:37.810] LOG: [coop:turn] host recorder: append turn=1 seq=23 k=message total=24 live=true
[19:42:37.810] LOG: [coop:runtime] ME-stream live-event host turn=1 seq=23 k=message
[19:42:37.810] LOG: [coop:replay] host EMIT live battleEvent turn=1 seq=23 k=message
[19:42:37.811] LOG: [coop:webrtc] raw tx QUEUE role=host t=battleEvent bytes=138
[19:42:37.811] LOG: [coop:turn] host recorder: append turn=1 seq=24 k=statStage total=25 live=true
[19:42:37.812] LOG: [coop:runtime] ME-stream live-event host turn=1 seq=24 k=statStage
[19:42:37.812] LOG: [coop:replay] host EMIT live battleEvent turn=1 seq=24 k=statStage
[19:42:37.812] LOG: [coop:webrtc] raw tx QUEUE role=host t=battleEvent bytes=172
[19:42:37.833] LOG: %cStart Phase MessagePhase color:green;
[19:42:38.139] LOG: %cStart Phase StatStageChangePhase color:green;
[19:42:38.336] LOG: [coop:turn] host recorder: append turn=1 seq=25 k=message total=26 live=true
[19:42:38.336] LOG: [coop:runtime] ME-stream live-event host turn=1 seq=25 k=message
[19:42:38.336] LOG: [coop:replay] host EMIT live battleEvent turn=1 seq=25 k=message
[19:42:38.336] LOG: [coop:webrtc] raw tx QUEUE role=host t=battleEvent bytes=139
[19:42:38.338] LOG: [coop:turn] host recorder: append turn=1 seq=26 k=statStage total=27 live=true
[19:42:38.338] LOG: [coop:runtime] ME-stream live-event host turn=1 seq=26 k=statStage
[19:42:38.338] LOG: [coop:replay] host EMIT live battleEvent turn=1 seq=26 k=statStage
[19:42:38.339] LOG: [coop:webrtc] raw tx QUEUE role=host t=battleEvent bytes=172
[19:42:38.369] LOG: %cStart Phase MessagePhase color:green;
[19:42:38.620] LOG: %cStart Phase MoveEndPhase color:green;
[19:42:38.620] LOG: %cStart Phase CheckInterludePhase color:green;
[19:42:38.621] LOG: %cStart Phase WeatherEffectPhase color:green;
[19:42:38.621] LOG: %cStart Phase PositionalTagPhase color:green;
[19:42:38.621] LOG: %cStart Phase BerryPhase color:green;
[19:42:38.713] LOG: %cStart Phase CheckStatusEffectPhase color:green;
[19:42:38.786] LOG: %cStart Phase TurnEndPhase color:green;
[19:42:38.871] LOG: %cStart Phase ShowAbilityPhase color:green;
[19:42:38.871] LOG: [coop:turn] host recorder: append turn=1 seq=27 k=showAbility total=28 live=true
[19:42:38.871] LOG: [coop:runtime] ME-stream live-event host turn=1 seq=27 k=showAbility
[19:42:38.871] LOG: [coop:replay] host EMIT live battleEvent turn=1 seq=27 k=showAbility
[19:42:38.871] LOG: [coop:webrtc] raw tx QUEUE role=host t=battleEvent bytes=239
[19:42:39.032] LOG: %cStart Phase HideAbilityPhase color:green;
[19:42:39.032] LOG: [coop:turn] host recorder: append turn=1 seq=28 k=hideAbility total=29 live=true
[19:42:39.032] LOG: [coop:runtime] ME-stream live-event host turn=1 seq=28 k=hideAbility
[19:42:39.032] LOG: [coop:replay] host EMIT live battleEvent turn=1 seq=28 k=hideAbility
[19:42:39.032] LOG: [coop:webrtc] raw tx QUEUE role=host t=battleEvent bytes=100
[19:42:39.069] LOG: %cStart Phase CoopTurnCommitPhase color:green;
[19:42:39.069] LOG: [coop:turn] host recorder: finalize turn=1 events=29 seq=29
[19:42:39.070] LOG: [coop:checkpoint] build field=4 weather=0/0 terrain=0/0 arenaTags=0 money=223 mons=[bi0:sp115/hp40-40/st0/fnt0 bi1:sp495/hp22-22/st0/fnt0 bi2:sp206/hp20-31/st0/fnt0 bi3:sp661/hp8-26/st0/fnt0]
[19:42:39.070] LOG: [coop:checkpoint] host capture field=4 weather=0 terrain=0 money=223 arenaTags=0 mons=[bi0:sp115/hp40-40/st0/fnt0 bi1:sp495/hp22-22/st0/fnt0 bi2:sp206/hp20-31/st0/fnt0 bi3:sp661/hp8-26/st0/fnt0]
[19:42:39.072] LOG: [coop:interaction] interactionCounter() read -> 11 (role=host)
[19:42:39.073] LOG: [coop:replay] host SEND turnResolution e=1828644884076428 wave=11 turn=1 rev=54 events=29 checksum=c9f48bbcf93bfa72
[19:42:39.084] LOG: [coop:webrtc] raw tx QUEUE role=host t=authorityEntry bytes=27431
[19:42:39.085] LOG: [coop:webrtc] raw tx CHUNKED role=host t=authorityEntry bytes=27431 chunks=4 id=host-0-287
[19:42:39.091] LOG: [coop:v2-shadow] PARITY kind=TURN_COMMIT rev=18 match=true field=- successor=owner-field
[19:42:39.092] LOG: [coop:webrtc] raw tx QUEUE role=host t=turnResolution bytes=26749
[19:42:39.093] LOG: [coop:webrtc] raw tx CHUNKED role=host t=turnResolution bytes=26749 chunks=3 id=host-0-288
[19:42:39.093] LOG: %cStart Phase TurnInitPhase color:green;
[19:42:39.093] LOG: %cStart Phase CommandPhase color:green;
[19:42:39.097] LOG: [coop:rendezvous] next-command barrier ARRIVE+AWAIT cmd:11:2 slot=0
[19:42:39.098] LOG: [coop:rendezvous] ARRIVE point=cmd:11:2 (send) role=host
[19:42:39.098] LOG: [coop:webrtc] raw tx QUEUE role=host t=rendezvous bytes=37
[19:42:39.098] LOG: [coop:rendezvous] AWAIT point=cmd:11:2 timeoutMs=60000 -> network-wait role=host
[19:42:39.108] LOG: [coop:v2-authority] receipt rev=18 op=TURN/e1828644884076428/w11/t1 stage=admitted sender=1 generation=0 advanced retired=false waiting=[1] subsumed=[]
[19:42:39.356] LOG: [coop:webrtc] raw tx QUEUE role=host t=authorityEntry bytes=27431
[19:42:39.359] LOG: [coop:webrtc] raw tx CHUNKED role=host t=authorityEntry bytes=27431 chunks=4 id=host-0-290
[19:42:39.399] LOG: [coop:v2-authority] receipt rev=18 op=TURN/e1828644884076428/w11/t1 stage=admitted sender=1 generation=0 duplicate highestStage=0
[19:42:39.876] LOG: [coop:webrtc] raw tx QUEUE role=host t=authorityEntry bytes=27431
[19:42:39.879] LOG: [coop:webrtc] raw tx CHUNKED role=host t=authorityEntry bytes=27431 chunks=4 id=host-0-291
[19:42:39.894] LOG: [coop:v2-authority] receipt rev=18 op=TURN/e1828644884076428/w11/t1 stage=admitted sender=1 generation=0 duplicate highestStage=0
[19:42:40.903] LOG: [coop:webrtc] raw tx QUEUE role=host t=authorityEntry bytes=27431
[19:42:40.905] LOG: [coop:webrtc] raw tx CHUNKED role=host t=authorityEntry bytes=27431 chunks=4 id=host-0-292
[19:42:40.932] LOG: [coop:v2-authority] receipt rev=18 op=TURN/e1828644884076428/w11/t1 stage=admitted sender=1 generation=0 duplicate highestStage=0
[19:42:42.937] LOG: [coop:webrtc] raw tx QUEUE role=host t=authorityEntry bytes=27431
[19:42:42.938] LOG: [coop:webrtc] raw tx CHUNKED role=host t=authorityEntry bytes=27431 chunks=4 id=host-0-293
[19:42:42.955] LOG: [coop:v2-authority] receipt rev=18 op=TURN/e1828644884076428/w11/t1 stage=admitted sender=1 generation=0 duplicate highestStage=0
[19:42:45.582] LOG: [coop:webrtc] raw rx role=host t=turnCommitAck bytes=189 handlers=10
[19:42:45.583] LOG: [coop:stream] host IGNORE cosmetic turn ACK stage=materialApplied key=1828644884076428:11:1:54 (v2 owns retirement)
[19:42:45.603] LOG: [coop:webrtc] raw rx role=host t=turnCommitAck bytes=191 handlers=10
[19:42:45.603] LOG: [coop:stream] host IGNORE cosmetic turn ACK stage=presentationReady key=1828644884076428:11:1:54 (v2 owns retirement)
[19:42:45.603] LOG: [coop:v2-authority] receipt rev=18 op=TURN/e1828644884076428/w11/t1 stage=admitted sender=1 generation=0 duplicate highestStage=0
[19:42:45.603] LOG: [coop:v2-authority] receipt rev=18 op=TURN/e1828644884076428/w11/t1 stage=materialApplied sender=1 generation=0 advanced retired=false waiting=[1] subsumed=[]
[19:42:45.618] LOG: [coop:webrtc] raw rx role=host t=rendezvous bytes=37 handlers=10
[19:42:45.618] LOG: [coop:rendezvous] RECV arrival point=cmd:11:2 -> deliver-to-waiter role=host
[19:42:45.618] LOG: [coop:webrtc] raw tx QUEUE role=host t=rendezvous bytes=37
[19:42:45.618] LOG: [coop:rendezvous] AWAIT point=cmd:11:2 RESOLVE both-arrived role=host
[19:42:45.632] LOG: [coop:webrtc] raw rx role=host t=turnCommitAck bytes=191 handlers=10
[19:42:45.633] LOG: [coop:stream] host IGNORE cosmetic turn ACK stage=continuationReady key=1828644884076428:11:1:54 (v2 owns retirement)
[19:42:45.633] LOG: [coop:v2-authority] receipt rev=18 op=TURN/e1828644884076428/w11/t1 stage=materialApplied sender=1 generation=0 duplicate highestStage=1
[19:42:45.633] LOG: [coop:v2-authority] receipt rev=18 op=TURN/e1828644884076428/w11/t1 stage=controlInstalled sender=1 generation=0 advanced retired=true waiting=[] subsumed=[]
[19:42:48.720] LOG: [coop:webrtc] raw rx role=host t=command bytes=162 handlers=10
[19:42:48.720] LOG: [coop:relay] recv command fieldIndex=1 turn=2 command=2 -> BUFFERED (no awaiter yet)
[19:42:51.198] LOG: Move: POWER_UP_PUNCH Move targets: {"targets":[2,3,1],"multiple":false} 
Player Pokemon: Kangaskhan
[19:42:51.201] LOG: %cStart Phase SelectTargetPhase color:green;
[19:42:51.564] LOG: [coop:owner] broadcast own-slot fi=0 turn=2 role=host cmd=0
[19:42:51.564] LOG: [coop:relay] broadcastLocalCommand SEND fieldIndex=0 owner=host turn=2 command=0 cursor=2 moveId=612 targets=[3]
[19:42:51.565] LOG: [coop:webrtc] raw tx QUEUE role=host t=command bytes=185
[19:42:51.565] LOG: %cStart Phase CommandPhase color:green;
[19:42:51.570] LOG: [coop:battle] CommandPhase slot=1 turn=2 owner=guest role=host -> partner path
[19:42:51.586] LOG: [coop:relay] host requestPartnerCommand fieldIndex=1 turn=2 moveSlots=[0,1,2,3] -> consumed BUFFERED command kind=2
[19:42:51.586] LOG: %cStart Phase EnemyCommandPhase color:green;
[19:42:51.737] LOG: Battle Seed: OTBeYyIt3bIPMd1A
[19:42:51.798] LOG: Move Pool: ["Body Slam"]
[19:42:51.798] LOG: Move Scores: [30]
[19:42:51.798] LOG: Sorted Move Pool: ["Body Slam"]
[19:42:51.798] LOG: Chosen Move: Body Slam
[19:42:51.798] LOG: %cStart Phase EnemyCommandPhase color:green;
[19:42:52.096] LOG: Move Pool: ["Air Cutter","Peck"]
[19:42:52.096] LOG: Move Scores: [66,72]
[19:42:52.096] LOG: Sorted Move Pool: ["Peck","Air Cutter"]
[19:42:52.096] LOG: Chosen Move: Air Cutter
[19:42:52.096] LOG: %cStart Phase TurnStartPhase color:green;
[19:42:52.096] LOG: [coop:turn] host recorder: begin turn=2 scope=1828644884076428:11 (no prior open recording)
[19:42:52.234] LOG: %cStart Phase SwitchSummonPhase color:green;
[19:42:52.234] LOG: [coop:turn] host recorder: preserve recording scope=1828644884076428:11 turn=2 events=0 seq=0
[19:42:52.234] LOG: [coop:turn] host recorder: append turn=2 seq=0 k=switch total=1 live=true
[19:42:52.234] LOG: [coop:runtime] ME-stream live-event host turn=2 seq=0 k=switch
[19:42:52.234] LOG: [coop:replay] host EMIT live battleEvent turn=2 seq=0 k=switch
[19:42:52.234] LOG: [coop:webrtc] raw tx QUEUE role=host t=battleEvent bytes=234
[19:42:52.628] LOG: %cStart Phase PostSummonPhase color:green;
[19:42:52.629] LOG: Ran PSP for: Cyndaquil
[19:42:52.637] LOG: %cStart Phase PostSummonPhase color:green;
[19:42:52.637] LOG: %cStart Phase ShowAbilityPhase color:green;
[19:42:52.637] LOG: [coop:turn] host recorder: append turn=2 seq=1 k=showAbility total=2 live=true
[19:42:52.637] LOG: [coop:runtime] ME-stream live-event host turn=2 seq=1 k=showAbility
[19:42:52.637] LOG: [coop:replay] host EMIT live battleEvent turn=2 seq=1 k=showAbility
[19:42:52.637] LOG: [coop:webrtc] raw tx QUEUE role=host t=battleEvent bytes=240
[19:42:52.840] LOG: %cStart Phase MovePhase color:green;
[19:42:52.841] LOG: %cUser: Kangaskhan
Move: POWER_UP_PUNCH
Use Mode: NORMAL color:orchid
[19:42:52.892] LOG: [coop:turn] host recorder: append turn=2 seq=2 k=moveUsed total=3 live=true
[19:42:52.892] LOG: [coop:runtime] ME-stream live-event host turn=2 seq=2 k=moveUsed
[19:42:52.892] LOG: [coop:replay] host EMIT live battleEvent turn=2 seq=2 k=moveUsed
[19:42:52.892] LOG: [coop:webrtc] raw tx QUEUE role=host t=battleEvent bytes=251
[19:42:52.957] LOG: %cStart Phase MessagePhase color:green;
[19:42:53.025] LOG: %cStart Phase MoveEffectPhase color:green;
[19:42:53.045] LOG: [coop:turn] host recorder: append turn=2 seq=3 k=moveAnim total=4 live=true
[19:42:53.045] LOG: [coop:runtime] ME-stream live-event host turn=2 seq=3 k=moveAnim
[19:42:53.045] LOG: [coop:replay] host EMIT live battleEvent turn=2 seq=3 k=moveAnim
[19:42:53.045] LOG: [coop:webrtc] raw tx QUEUE role=host t=battleEvent bytes=260
[19:42:53.209] LOG: crit stage: +0
[19:42:53.220] LOG: Move: Power-Up Punch | Base damage: 13.648 | Power: 52 | Source attack: 24 | Target defense: 12
[19:42:53.226] LOG: Move: Power-Up Punch | Attack damage: 9
[19:42:53.227] LOG: [coop:turn] host recorder: append turn=2 seq=4 k=hp total=5 live=true
[19:42:53.227] LOG: [coop:runtime] ME-stream live-event host turn=2 seq=4 k=hp
[19:42:53.227] LOG: [coop:replay] host EMIT live battleEvent turn=2 seq=4 k=hp
[19:42:53.228] LOG: [coop:webrtc] raw tx QUEUE role=host t=battleEvent bytes=200
[19:42:53.228] LOG: [coop:turn] host recorder: append turn=2 seq=5 k=faint total=6 live=true
[19:42:53.228] LOG: [coop:runtime] ME-stream live-event host turn=2 seq=5 k=faint
[19:42:53.228] LOG: [coop:replay] host EMIT live battleEvent turn=2 seq=5 k=faint
[19:42:53.228] LOG: [coop:webrtc] raw tx QUEUE role=host t=battleEvent bytes=172
[19:42:53.237] LOG: [coop:turn] host recorder: append turn=2 seq=6 k=message total=7 live=true
[19:42:53.237] LOG: [coop:runtime] ME-stream live-event host turn=2 seq=6 k=message
[19:42:53.237] LOG: [coop:replay] host EMIT live battleEvent turn=2 seq=6 k=message
[19:42:53.237] LOG: [coop:webrtc] raw tx QUEUE role=host t=battleEvent bytes=119
[19:42:53.238] LOG: %cStart Phase ShowAbilityPhase color:green;
[19:42:53.238] LOG: %cStart Phase HideAbilityPhase color:green;
[19:42:53.238] LOG: [coop:turn] host recorder: append turn=2 seq=7 k=hideAbility total=8 live=true
[19:42:53.238] LOG: [coop:runtime] ME-stream live-event host turn=2 seq=7 k=hideAbility
[19:42:53.238] LOG: [coop:replay] host EMIT live battleEvent turn=2 seq=7 k=hideAbility
[19:42:53.238] LOG: [coop:webrtc] raw tx QUEUE role=host t=battleEvent bytes=99
[19:42:53.263] LOG: %cStart Phase ShowAbilityPhase color:green;
[19:42:53.263] LOG: [coop:turn] host recorder: append turn=2 seq=8 k=showAbility total=9 live=true
[19:42:53.263] LOG: [coop:runtime] ME-stream live-event host turn=2 seq=8 k=showAbility
[19:42:53.263] LOG: [coop:replay] host EMIT live battleEvent turn=2 seq=8 k=showAbility
[19:42:53.263] LOG: [coop:webrtc] raw tx QUEUE role=host t=battleEvent bytes=237
[19:42:53.432] LOG: %cStart Phase HideAbilityPhase color:green;
[19:42:53.432] LOG: [coop:turn] host recorder: append turn=2 seq=9 k=hideAbility total=10 live=true
[19:42:53.432] LOG: [coop:runtime] ME-stream live-event host turn=2 seq=9 k=hideAbility
[19:42:53.432] LOG: [coop:replay] host EMIT live battleEvent turn=2 seq=9 k=hideAbility
[19:42:53.432] LOG: [coop:webrtc] raw tx QUEUE role=host t=battleEvent bytes=99
[19:42:53.467] LOG: %cStart Phase DamageAnimPhase color:green;
[19:42:53.495] LOG: %cStart Phase StatStageChangePhase color:green;
[19:42:53.740] LOG: [coop:turn] host recorder: append turn=2 seq=10 k=message total=11 live=true
[19:42:53.740] LOG: [coop:runtime] ME-stream live-event host turn=2 seq=10 k=message
[19:42:53.740] LOG: [coop:replay] host EMIT live battleEvent turn=2 seq=10 k=message
[19:42:53.741] LOG: [coop:webrtc] raw tx QUEUE role=host t=battleEvent bytes=133
[19:42:53.742] LOG: [coop:turn] host recorder: append turn=2 seq=11 k=statStage total=12 live=true
[19:42:53.742] LOG: [coop:runtime] ME-stream live-event host turn=2 seq=11 k=statStage
[19:42:53.742] LOG: [coop:replay] host EMIT live battleEvent turn=2 seq=11 k=statStage
[19:42:53.742] LOG: [coop:webrtc] raw tx QUEUE role=host t=battleEvent bytes=172
[19:42:53.752] LOG: %cStart Phase MessagePhase color:green;
[19:42:53.894] LOG: %cStart Phase MessagePhase color:green;
[19:42:54.094] LOG: %cStart Phase FaintPhase color:green;
[19:42:54.201] LOG: %cStart Phase MessagePhase color:green;
[19:42:54.282] LOG: %cStart Phase VictoryPhase color:green;
[19:42:54.282] LOG: [coop:progression] HOST progression capture begin wave=11
[19:42:54.282] LOG: [coop:progression] HOST applyPartyExp COMPUTE wave=11 expValue=90.6 koMon=Fletchling
[19:42:54.283] LOG: Applied Soothe Bell 
[19:42:54.283] LOG: %cStart Phase ExpPhase color:green;
[19:42:54.283] LOG: Applied Super EXP. Charm 
[19:42:54.283] LOG: Applied EXP. Charm 
[19:42:54.452] LOG: [coop:progression] HOST progression capture wave=11 seq=0 k=exp slot=0
[19:42:54.473] LOG: %cStart Phase ExpPhase color:green;
[19:42:54.474] LOG: Applied Super EXP. Charm 
[19:42:54.474] LOG: Applied EXP. Charm 
[19:42:54.623] LOG: [coop:progression] HOST progression capture wave=11 seq=1 k=exp slot=1
[19:42:54.706] LOG: %cStart Phase LevelUpPhase color:green;
[19:42:54.707] LOG: [coop:progression] HOST progression capture wave=11 seq=2 k=levelUp slot=1
[19:42:54.708] LOG: %cStart Phase ShowPartyExpBarPhase color:green;
[19:42:54.708] LOG: Applied Super EXP. Charm 
[19:42:54.708] LOG: Applied EXP. Charm 
[19:42:54.708] LOG: [coop:progression] HOST progression capture wave=11 seq=3 k=exp slot=2
[19:42:54.709] LOG: %cStart Phase HidePartyExpBarPhase color:green;
[19:42:54.709] LOG: %cStart Phase ShowPartyExpBarPhase color:green;
[19:42:54.709] LOG: Applied Super EXP. Charm 
[19:42:54.709] LOG: Applied EXP. Charm 
[19:42:54.709] LOG: [coop:progression] HOST progression capture wave=11 seq=4 k=exp slot=3
[19:42:54.709] LOG: %cStart Phase LevelUpPhase color:green;
[19:42:54.710] LOG: [coop:progression] HOST progression capture wave=11 seq=5 k=levelUp slot=3
[19:42:54.710] LOG: %cStart Phase HidePartyExpBarPhase color:green;
[19:42:54.710] LOG: %cStart Phase ShowPartyExpBarPhase color:green;
[19:42:54.710] LOG: Applied Super EXP. Charm 
[19:42:54.710] LOG: Applied EXP. Charm 
[19:42:54.711] LOG: [coop:progression] HOST progression capture wave=11 seq=6 k=exp slot=4
[19:42:54.711] LOG: %cStart Phase HidePartyExpBarPhase color:green;
[19:42:54.711] LOG: %cStart Phase MoveEndPhase color:green;
[19:42:54.711] LOG: %cStart Phase HideAbilityPhase color:green;
[19:42:54.711] LOG: [coop:turn] host recorder: append turn=2 seq=12 k=hideAbility total=13 live=true
[19:42:54.711] LOG: [coop:runtime] ME-stream live-event host turn=2 seq=12 k=hideAbility
[19:42:54.711] LOG: [coop:replay] host EMIT live battleEvent turn=2 seq=12 k=hideAbility
[19:42:54.711] LOG: [coop:webrtc] raw tx QUEUE role=host t=battleEvent bytes=100
[19:42:54.743] LOG: %cStart Phase PostSummonPhase color:green;
[19:42:54.753] LOG: [coop:turn] host recorder: append turn=2 seq=13 k=message total=14 live=true
[19:42:54.753] LOG: [coop:runtime] ME-stream live-event host turn=2 seq=13 k=message
[19:42:54.753] LOG: [coop:replay] host EMIT live battleEvent turn=2 seq=13 k=message
[19:42:54.753] LOG: [coop:webrtc] raw tx QUEUE role=host t=battleEvent bytes=134
[19:42:54.753] LOG: %cStart Phase ShowAbilityPhase color:green;
[19:42:54.754] LOG: [coop:turn] host recorder: append turn=2 seq=14 k=showAbility total=15 live=true
[19:42:54.754] LOG: [coop:runtime] ME-stream live-event host turn=2 seq=14 k=showAbility
[19:42:54.754] LOG: [coop:replay] host EMIT live battleEvent turn=2 seq=14 k=showAbility
[19:42:54.754] LOG: [coop:webrtc] raw tx QUEUE role=host t=battleEvent bytes=241
[19:42:54.942] LOG: %cStart Phase MessagePhase color:green;
[19:42:55.139] LOG: %cStart Phase HideAbilityPhase color:green;
[19:42:55.139] LOG: [coop:turn] host recorder: append turn=2 seq=15 k=hideAbility total=16 live=true
[19:42:55.139] LOG: [coop:runtime] ME-stream live-event host turn=2 seq=15 k=hideAbility
[19:42:55.139] LOG: [coop:replay] host EMIT live battleEvent turn=2 seq=15 k=hideAbility
[19:42:55.139] LOG: [coop:webrtc] raw tx QUEUE role=host t=battleEvent bytes=100
[19:42:55.182] LOG: %cStart Phase MovePhase color:green;
[19:42:55.183] LOG: %cUser: Cyndaquil
Move: DEFENSE_CURL
Use Mode: FOLLOW_UP color:orchid
[19:42:55.217] LOG: [coop:turn] host recorder: append turn=2 seq=16 k=moveUsed total=17 live=true
[19:42:55.217] LOG: [coop:runtime] ME-stream live-event host turn=2 seq=16 k=moveUsed
[19:42:55.218] LOG: [coop:replay] host EMIT live battleEvent turn=2 seq=16 k=moveUsed
[19:42:55.218] LOG: [coop:webrtc] raw tx QUEUE role=host t=battleEvent bytes=254
[19:42:55.245] LOG: %cStart Phase MessagePhase color:green;
[19:42:55.331] LOG: %cStart Phase MoveEffectPhase color:green;
[19:42:55.334] LOG: [coop:turn] host recorder: append turn=2 seq=17 k=moveAnim total=18 live=true
[19:42:55.334] LOG: [coop:runtime] ME-stream live-event host turn=2 seq=17 k=moveAnim
[19:42:55.334] LOG: [coop:replay] host EMIT live battleEvent turn=2 seq=17 k=moveAnim
[19:42:55.334] LOG: [coop:webrtc] raw tx QUEUE role=host t=battleEvent bytes=263
[19:42:55.516] LOG: %cStart Phase StatStageChangePhase color:green;
[19:42:55.692] LOG: [coop:turn] host recorder: append turn=2 seq=18 k=message total=19 live=true
[19:42:55.692] LOG: [coop:runtime] ME-stream live-event host turn=2 seq=18 k=message
[19:42:55.692] LOG: [coop:replay] host EMIT live battleEvent turn=2 seq=18 k=message
[19:42:55.693] LOG: [coop:webrtc] raw tx QUEUE role=host t=battleEvent bytes=133
[19:42:55.693] LOG: [coop:turn] host recorder: append turn=2 seq=19 k=statStage total=20 live=true
[19:42:55.693] LOG: [coop:runtime] ME-stream live-event host turn=2 seq=19 k=statStage
[19:42:55.693] LOG: [coop:replay] host EMIT live battleEvent turn=2 seq=19 k=statStage
[19:42:55.693] LOG: [coop:webrtc] raw tx QUEUE role=host t=battleEvent bytes=173
[19:42:55.705] LOG: %cStart Phase MessagePhase color:green;
[19:42:55.913] LOG: %cStart Phase MoveEndPhase color:green;
[19:42:55.921] LOG: %cStart Phase MovePhase color:green;
[19:42:55.921] LOG: %cStart Phase MoveEndPhase color:green;
[19:42:55.922] LOG: %cStart Phase MovePhase color:green;
[19:42:55.922] LOG: %cUser: Dunsparce
Move: BODY_SLAM
Use Mode: NORMAL color:orchid
[19:42:55.946] LOG: [coop:turn] host recorder: append turn=2 seq=20 k=moveUsed total=21 live=true
[19:42:55.946] LOG: [coop:runtime] ME-stream live-event host turn=2 seq=20 k=moveUsed
[19:42:55.946] LOG: [coop:replay] host EMIT live battleEvent turn=2 seq=20 k=moveUsed
[19:42:55.946] LOG: [coop:webrtc] raw tx QUEUE role=host t=battleEvent bytes=251
[19:42:55.969] LOG: %cStart Phase MessagePhase color:green;
[19:42:56.064] LOG: %cStart Phase MoveEffectPhase color:green;
[19:42:56.080] LOG: [coop:turn] host recorder: append turn=2 seq=21 k=moveAnim total=22 live=true
[19:42:56.080] LOG: [coop:runtime] ME-stream live-event host turn=2 seq=21 k=moveAnim
[19:42:56.080] LOG: [coop:replay] host EMIT live battleEvent turn=2 seq=21 k=moveAnim
[19:42:56.080] LOG: [coop:webrtc] raw tx QUEUE role=host t=battleEvent bytes=260
[19:42:56.269] LOG: crit stage: +1
[19:42:56.277] LOG: Move: Body Slam | Base damage: 10.16 | Power: 85 | Source attack: 22 | Target defense: 22
[19:42:56.280] LOG: Move: Body Slam | Attack damage: 13
[19:42:56.280] LOG: [coop:turn] host recorder: append turn=2 seq=22 k=hp total=23 live=true
[19:42:56.280] LOG: [coop:runtime] ME-stream live-event host turn=2 seq=22 k=hp
[19:42:56.281] LOG: [coop:replay] host EMIT live battleEvent turn=2 seq=22 k=hp
[19:42:56.281] LOG: [coop:webrtc] raw tx QUEUE role=host t=battleEvent bytes=202
[19:42:56.289] LOG: %cStart Phase DamageAnimPhase color:green;
[19:42:56.308] LOG: %cStart Phase MoveEndPhase color:green;
[19:42:56.309] LOG: %cStart Phase CheckInterludePhase color:green;
[19:42:56.310] LOG: %cStart Phase WeatherEffectPhase color:green;
[19:42:56.310] LOG: %cStart Phase PositionalTagPhase color:green;
[19:42:56.310] LOG: %cStart Phase BerryPhase color:green;
[19:42:56.330] LOG: %cStart Phase CheckStatusEffectPhase color:green;
[19:42:56.368] LOG: %cStart Phase TurnEndPhase color:green;
[19:42:56.390] LOG: %cStart Phase CoopTurnCommitPhase color:green;
[19:42:56.390] LOG: [coop:turn] host recorder: finalize turn=2 events=23 seq=23
[19:42:56.390] LOG: [coop:checkpoint] build field=4 weather=0/0 terrain=0/0 arenaTags=0 money=223 mons=[bi0:sp115/hp27-40/st0/fnt0 bi1:sp155/hp28-28/st0/fnt0 bi2:sp206/hp20-31/st0/fnt0 bi3:sp661/hp0-26/st7/fnt1]
[19:42:56.390] LOG: [coop:checkpoint] host capture field=4 weather=0 terrain=0 money=223 arenaTags=0 mons=[bi0:sp115/hp27-40/st0/fnt0 bi1:sp155/hp28-28/st0/fnt0 bi2:sp206/hp20-31/st0/fnt0 bi3:sp661/hp0-26/st7/fnt1]
[19:42:56.392] LOG: [coop:interaction] interactionCounter() read -> 11 (role=host)
[19:42:56.393] LOG: [coop:replay] host SEND turnResolution e=1828644884076428 wave=11 turn=2 rev=60 events=23 checksum=0183caaa5734773e
[19:42:56.401] LOG: [coop:webrtc] raw tx QUEUE role=host t=authorityEntry bytes=27259
[19:42:56.402] LOG: [coop:webrtc] raw tx CHUNKED role=host t=authorityEntry bytes=27259 chunks=4 id=host-0-319
[19:42:56.404] LOG: [coop:v2-shadow] PARITY kind=TURN_COMMIT rev=19 match=true field=- successor=owner-field
[19:42:56.406] LOG: [coop:webrtc] raw tx QUEUE role=host t=turnResolution bytes=26577
[19:42:56.407] LOG: [coop:webrtc] raw tx CHUNKED role=host t=turnResolution bytes=26577 chunks=3 id=host-0-320
[19:42:56.407] LOG: %cStart Phase TurnInitPhase color:green;
[19:42:56.408] LOG: %cStart Phase CommandPhase color:green;
[19:42:56.411] LOG: [coop:rendezvous] next-command barrier ARRIVE+AWAIT cmd:11:3 slot=0
[19:42:56.411] LOG: [coop:rendezvous] ARRIVE point=cmd:11:3 (send) role=host
[19:42:56.412] LOG: [coop:webrtc] raw tx QUEUE role=host t=rendezvous bytes=37
[19:42:56.412] LOG: [coop:rendezvous] AWAIT point=cmd:11:3 timeoutMs=60000 -> network-wait role=host
[19:42:56.421] LOG: [coop:v2-authority] receipt rev=19 op=TURN/e1828644884076428/w11/t2 stage=admitted sender=1 generation=0 advanced retired=false waiting=[1] subsumed=[]
[19:42:56.665] LOG: [coop:webrtc] raw tx QUEUE role=host t=authorityEntry bytes=27259
[19:42:56.666] LOG: [coop:webrtc] raw tx CHUNKED role=host t=authorityEntry bytes=27259 chunks=4 id=host-0-322
[19:42:56.702] LOG: [coop:v2-authority] receipt rev=19 op=TURN/e1828644884076428/w11/t2 stage=admitted sender=1 generation=0 duplicate highestStage=0
[19:42:57.189] LOG: [coop:webrtc] raw tx QUEUE role=host t=authorityEntry bytes=27259
[19:42:57.191] LOG: [coop:webrtc] raw tx CHUNKED role=host t=authorityEntry bytes=27259 chunks=4 id=host-0-323
[19:42:57.214] LOG: [coop:v2-authority] receipt rev=19 op=TURN/e1828644884076428/w11/t2 stage=admitted sender=1 generation=0 duplicate highestStage=0
[19:42:58.202] LOG: [coop:webrtc] raw tx QUEUE role=host t=authorityEntry bytes=27259
[19:42:58.203] LOG: [coop:webrtc] raw tx CHUNKED role=host t=authorityEntry bytes=27259 chunks=4 id=host-0-324
[19:42:58.225] LOG: [coop:v2-authority] receipt rev=19 op=TURN/e1828644884076428/w11/t2 stage=admitted sender=1 generation=0 duplicate highestStage=0
[19:43:00.205] LOG: [coop:webrtc] raw rx role=host t=turnCommitAck bytes=189 handlers=10
[19:43:00.205] LOG: [coop:stream] host IGNORE cosmetic turn ACK stage=materialApplied key=1828644884076428:11:2:60 (v2 owns retirement)
[19:43:00.213] LOG: [coop:webrtc] raw tx QUEUE role=host t=authorityEntry bytes=27259
[19:43:00.214] LOG: [coop:webrtc] raw tx CHUNKED role=host t=authorityEntry bytes=27259 chunks=4 id=host-0-325
[19:43:00.223] LOG: [coop:webrtc] raw rx role=host t=turnCommitAck bytes=191 handlers=10
[19:43:00.223] LOG: [coop:stream] host IGNORE cosmetic turn ACK stage=presentationReady key=1828644884076428:11:2:60 (v2 owns retirement)
[19:43:00.223] LOG: [coop:v2-authority] receipt rev=19 op=TURN/e1828644884076428/w11/t2 stage=admitted sender=1 generation=0 duplicate highestStage=0
[19:43:00.223] LOG: [coop:v2-authority] receipt rev=19 op=TURN/e1828644884076428/w11/t2 stage=materialApplied sender=1 generation=0 advanced retired=false waiting=[1] subsumed=[]
[19:43:00.231] LOG: [coop:webrtc] raw rx role=host t=rendezvous bytes=37 handlers=10
[19:43:00.231] LOG: [coop:rendezvous] RECV arrival point=cmd:11:3 -> deliver-to-waiter role=host
[19:43:00.231] LOG: [coop:webrtc] raw tx QUEUE role=host t=rendezvous bytes=37
[19:43:00.231] LOG: [coop:rendezvous] AWAIT point=cmd:11:3 RESOLVE both-arrived role=host
[19:43:00.232] LOG: [coop:webrtc] raw rx role=host t=turnCommitAck bytes=191 handlers=10
[19:43:00.232] LOG: [coop:stream] host IGNORE cosmetic turn ACK stage=continuationReady key=1828644884076428:11:2:60 (v2 owns retirement)
[19:43:00.233] LOG: [coop:v2-authority] receipt rev=19 op=TURN/e1828644884076428/w11/t2 stage=materialApplied sender=1 generation=0 duplicate highestStage=1
[19:43:00.233] LOG: [coop:v2-authority] receipt rev=19 op=TURN/e1828644884076428/w11/t2 stage=controlInstalled sender=1 generation=0 advanced retired=true waiting=[] subsumed=[]
[19:43:00.242] LOG: [coop:v2-authority] receipt rev=19 op=TURN/e1828644884076428/w11/t2 stage=controlInstalled sender=1 generation=0 rejected reason=unknown-revision
[19:43:00.288] LOG: [coop:interaction] interactionCounter() read -> 11 (role=host)
[19:43:00.289] LOG: [coop:health] tick=0g turn=3 wave=11 counter=11 assertions=0 wait=-1ms machineWaits=- peerBeat=135s lastRx=0s transport=connected journal=0/0 queue=0
[19:43:01.783] LOG: [coop:webrtc] raw rx role=host t=command bytes=242 handlers=10
[19:43:01.784] LOG: [coop:relay] recv command fieldIndex=1 turn=3 command=0 -> BUFFERED (no awaiter yet)
[19:43:03.552] LOG: Move: POWER_UP_PUNCH Move targets: {"targets":[2,1],"multiple":false} 
Player Pokemon: Kangaskhan
[19:43:03.556] LOG: %cStart Phase SelectTargetPhase color:green;
[19:43:03.731] LOG: [coop:owner] broadcast own-slot fi=0 turn=3 role=host cmd=0
[19:43:03.732] LOG: [coop:relay] broadcastLocalCommand SEND fieldIndex=0 owner=host turn=3 command=0 cursor=2 moveId=612 targets=[2]
[19:43:03.732] LOG: [coop:webrtc] raw tx QUEUE role=host t=command bytes=185
[19:43:03.732] LOG: %cStart Phase CommandPhase color:green;
[19:43:03.735] LOG: [coop:battle] CommandPhase slot=1 turn=3 owner=guest role=host -> partner path
[19:43:03.737] LOG: [coop:relay] host requestPartnerCommand fieldIndex=1 turn=3 moveSlots=[0,1,2,3] -> consumed BUFFERED command kind=0
[19:43:03.737] LOG: [coop:ai] applyWiredPartnerCommand partner=155 wiredMoveId=257 cursor=0 -> moveId=257 moveIndex=0 tera=false targets=[2] targetsFrom=wire-verbatim useMode=1
[19:43:03.738] LOG: Move: HEAT_WAVE Move targets: {"targets":[2],"multiple":true} 
Player Pokemon: Cyndaquil
[19:43:03.738] LOG: %cStart Phase EnemyCommandPhase color:green;
[19:43:03.860] LOG: Battle Seed: OTBeYyIt3bIPMd1A
[19:43:03.888] LOG: Move Pool: ["Body Slam","Coil","Defense Curl","Lucky Chant"]
[19:43:03.888] LOG: Move Scores: [30,6,2,0]
[19:43:03.888] LOG: Sorted Move Pool: ["Body Slam","Coil","Defense Curl","Lucky Chant"]
[19:43:03.888] LOG: Chosen Move: Coil
[19:43:03.888] LOG: %cStart Phase TurnStartPhase color:green;
[19:43:03.888] LOG: [coop:turn] host recorder: begin turn=3 scope=1828644884076428:11 (no prior open recording)
[19:43:03.946] LOG: %cStart Phase MovePhase color:green;
[19:43:03.946] LOG: %cUser: Kangaskhan
Move: POWER_UP_PUNCH
Use Mode: NORMAL color:orchid
[19:43:03.964] LOG: [coop:turn] host recorder: append turn=3 seq=0 k=moveUsed total=1 live=true
[19:43:03.964] LOG: [coop:runtime] ME-stream live-event host turn=3 seq=0 k=moveUsed
[19:43:03.964] LOG: [coop:replay] host EMIT live battleEvent turn=3 seq=0 k=moveUsed
[19:43:03.964] LOG: [coop:webrtc] raw tx QUEUE role=host t=battleEvent bytes=251
[19:43:03.981] LOG: %cStart Phase MessagePhase color:green;
[19:43:04.103] LOG: %cStart Phase MoveEffectPhase color:green;
[19:43:04.112] LOG: [coop:turn] host recorder: append turn=3 seq=1 k=moveAnim total=2 live=true
[19:43:04.112] LOG: [coop:runtime] ME-stream live-event host turn=3 seq=1 k=moveAnim
[19:43:04.112] LOG: [coop:replay] host EMIT live battleEvent turn=3 seq=1 k=moveAnim
[19:43:04.112] LOG: [coop:webrtc] raw tx QUEUE role=host t=battleEvent bytes=260
[19:43:04.313] LOG: crit stage: +0
[19:43:04.331] LOG: Move: Power-Up Punch | Base damage: 11.530181818181816 | Power: 52 | Source attack: 36 | Target defense: 22
[19:43:04.335] LOG: Move: Power-Up Punch | Attack damage: 21
[19:43:04.336] LOG: [coop:turn] host recorder: append turn=3 seq=2 k=hp total=3 live=true
[19:43:04.336] LOG: [coop:runtime] ME-stream live-event host turn=3 seq=2 k=hp
[19:43:04.337] LOG: [coop:replay] host EMIT live battleEvent turn=3 seq=2 k=hp
[19:43:04.337] LOG: [coop:webrtc] raw tx QUEUE role=host t=battleEvent bytes=200
[19:43:04.337] LOG: [coop:turn] host recorder: append turn=3 seq=3 k=faint total=4 live=true
[19:43:04.337] LOG: [coop:runtime] ME-stream live-event host turn=3 seq=3 k=faint
[19:43:04.337] LOG: [coop:replay] host EMIT live battleEvent turn=3 seq=3 k=faint
[19:43:04.337] LOG: [coop:webrtc] raw tx QUEUE role=host t=battleEvent bytes=172
[19:43:04.340] LOG: [coop:turn] host recorder: append turn=3 seq=4 k=message total=5 live=true
[19:43:04.341] LOG: [coop:runtime] ME-stream live-event host turn=3 seq=4 k=message
[19:43:04.341] LOG: [coop:replay] host EMIT live battleEvent turn=3 seq=4 k=message
[19:43:04.341] LOG: [coop:webrtc] raw tx QUEUE role=host t=battleEvent bytes=128
[19:43:04.349] LOG: [coop:turn] host recorder: append turn=3 seq=5 k=message total=6 live=true
[19:43:04.349] LOG: [coop:runtime] ME-stream live-event host turn=3 seq=5 k=message
[19:43:04.349] LOG: [coop:replay] host EMIT live battleEvent turn=3 seq=5 k=message
[19:43:04.349] LOG: [coop:webrtc] raw tx QUEUE role=host t=battleEvent bytes=119
[19:43:04.350] LOG: %cStart Phase ShowAbilityPhase color:green;
[19:43:04.350] LOG: [coop:turn] host recorder: append turn=3 seq=6 k=showAbility total=7 live=true
[19:43:04.350] LOG: [coop:runtime] ME-stream live-event host turn=3 seq=6 k=showAbility
[19:43:04.350] LOG: [coop:replay] host EMIT live battleEvent turn=3 seq=6 k=showAbility
[19:43:04.350] LOG: [coop:webrtc] raw tx QUEUE role=host t=battleEvent bytes=237
[19:43:04.468] LOG: %cStart Phase HideAbilityPhase color:green;
[19:43:04.468] LOG: [coop:turn] host recorder: append turn=3 seq=7 k=hideAbility total=8 live=true
[19:43:04.468] LOG: [coop:runtime] ME-stream live-event host turn=3 seq=7 k=hideAbility
[19:43:04.468] LOG: [coop:replay] host EMIT live battleEvent turn=3 seq=7 k=hideAbility
[19:43:04.468] LOG: [coop:webrtc] raw tx QUEUE role=host t=battleEvent bytes=99
[19:43:04.502] LOG: %cStart Phase DamageAnimPhase color:green;
[19:43:04.524] LOG: %cStart Phase MessagePhase color:green;
[19:43:04.727] LOG: %cStart Phase StatStageChangePhase color:green;
[19:43:04.935] LOG: [coop:turn] host recorder: append turn=3 seq=8 k=message total=9 live=true
[19:43:04.935] LOG: [coop:runtime] ME-stream live-event host turn=3 seq=8 k=message
[19:43:04.935] LOG: [coop:replay] host EMIT live battleEvent turn=3 seq=8 k=message
[19:43:04.935] LOG: [coop:webrtc] raw tx QUEUE role=host t=battleEvent bytes=132
[19:43:04.935] LOG: [coop:turn] host recorder: append turn=3 seq=9 k=statStage total=10 live=true
[19:43:04.935] LOG: [coop:runtime] ME-stream live-event host turn=3 seq=9 k=statStage
[19:43:04.935] LOG: [coop:replay] host EMIT live battleEvent turn=3 seq=9 k=statStage
[19:43:04.935] LOG: [coop:webrtc] raw tx QUEUE role=host t=battleEvent bytes=171
[19:43:04.943] LOG: %cStart Phase MessagePhase color:green;
[19:43:05.125] LOG: %cStart Phase MessagePhase color:green;
[19:43:05.337] LOG: %cStart Phase FaintPhase color:green;
[19:43:05.405] LOG: %cStart Phase MessagePhase color:green;
[19:43:05.559] LOG: %cStart Phase VictoryPhase color:green;
[19:43:05.559] LOG: [coop:progression] HOST applyPartyExp COMPUTE wave=11 expValue=204 koMon=Dunsparce
[19:43:05.560] LOG: Applied Soothe Bell 
[19:43:05.560] LOG: [coop:runtime] defer raw waveResolved wave=11 outcome=win until its material turnResolution is retained
[19:43:05.560] LOG: %cStart Phase ExpPhase color:green;
[19:43:05.561] LOG: Applied Super EXP. Charm 
[19:43:05.561] LOG: Applied EXP. Charm 
[19:43:05.723] LOG: [coop:progression] HOST progression capture wave=11 seq=7 k=exp slot=0
[19:43:05.801] LOG: %cStart Phase LevelUpPhase color:green;
[19:43:05.802] LOG: [coop:progression] HOST progression capture wave=11 seq=8 k=levelUp slot=0
[19:43:05.803] LOG: %cStart Phase ExpPhase color:green;
[19:43:05.803] LOG: Applied Super EXP. Charm 
[19:43:05.803] LOG: Applied EXP. Charm 
[19:43:05.903] LOG: [coop:progression] HOST progression capture wave=11 seq=9 k=exp slot=1
[19:43:05.921] LOG: %cStart Phase ShowPartyExpBarPhase color:green;
[19:43:05.922] LOG: Applied Super EXP. Charm 
[19:43:05.922] LOG: Applied EXP. Charm 
[19:43:05.922] LOG: [coop:progression] HOST progression capture wave=11 seq=10 k=exp slot=2
[19:43:05.923] LOG: %cStart Phase LevelUpPhase color:green;
[19:43:05.924] LOG: [coop:progression] HOST progression capture wave=11 seq=11 k=levelUp slot=2
[19:43:05.926] LOG: %cStart Phase HidePartyExpBarPhase color:green;
[19:43:05.926] LOG: %cStart Phase ShowPartyExpBarPhase color:green;
[19:43:05.926] LOG: Applied Super EXP. Charm 
[19:43:05.927] LOG: Applied EXP. Charm 
[19:43:05.927] LOG: [coop:progression] HOST progression capture wave=11 seq=12 k=exp slot=3
[19:43:05.927] LOG: %cStart Phase LevelUpPhase color:green;
[19:43:05.927] LOG: [coop:progression] HOST progression capture wave=11 seq=13 k=levelUp slot=3
[19:43:05.928] LOG: %cStart Phase HidePartyExpBarPhase color:green;
[19:43:05.928] LOG: %cStart Phase ShowPartyExpBarPhase color:green;
[19:43:05.928] LOG: Applied Super EXP. Charm 
[19:43:05.928] LOG: Applied EXP. Charm 
[19:43:05.928] LOG: [coop:progression] HOST progression capture wave=11 seq=14 k=exp slot=4
[19:43:05.928] LOG: %cStart Phase LevelUpPhase color:green;
[19:43:05.929] LOG: [coop:progression] HOST progression capture wave=11 seq=15 k=levelUp slot=4
[19:43:05.930] LOG: %cStart Phase HidePartyExpBarPhase color:green;
[19:43:05.930] LOG: %cStart Phase MoveEndPhase color:green;
[19:43:05.934] LOG: %cStart Phase MovePhase color:green;
[19:43:05.934] LOG: %cUser: Cyndaquil
Move: HEAT_WAVE
Use Mode: NORMAL color:orchid
[19:43:05.940] LOG: [coop:turn] host recorder: append turn=3 seq=10 k=moveUsed total=11 live=true
[19:43:05.940] LOG: [coop:runtime] ME-stream live-event host turn=3 seq=10 k=moveUsed
[19:43:05.941] LOG: [coop:replay] host EMIT live battleEvent turn=3 seq=10 k=moveUsed
[19:43:05.941] LOG: [coop:webrtc] raw tx QUEUE role=host t=battleEvent bytes=213
[19:43:05.941] LOG: [coop:turn] host recorder: append turn=3 seq=11 k=message total=12 live=true
[19:43:05.941] LOG: [coop:runtime] ME-stream live-event host turn=3 seq=11 k=message
[19:43:05.941] LOG: [coop:replay] host EMIT live battleEvent turn=3 seq=11 k=message
[19:43:05.941] LOG: [coop:webrtc] raw tx QUEUE role=host t=battleEvent bytes=120
[19:43:05.941] LOG: %cStart Phase MessagePhase color:green;
[19:43:06.039] LOG: %cStart Phase MessagePhase color:green;
[19:43:06.226] LOG: %cStart Phase MoveEndPhase color:green;
[19:43:06.226] LOG: %cStart Phase MovePhase color:green;
[19:43:06.226] LOG: %cStart Phase MoveEndPhase color:green;
[19:43:06.226] LOG: %cStart Phase CheckInterludePhase color:green;
[19:43:06.226] LOG: %cStart Phase WeatherEffectPhase color:green;
[19:43:06.226] LOG: %cStart Phase PositionalTagPhase color:green;
[19:43:06.227] LOG: %cStart Phase BerryPhase color:green;
[19:43:06.234] LOG: %cStart Phase CheckStatusEffectPhase color:green;
[19:43:06.242] LOG: %cStart Phase TurnEndPhase color:green;
[19:43:06.251] LOG: %cStart Phase CoopTurnCommitPhase color:green;
[19:43:06.251] LOG: [coop:turn] host recorder: finalize turn=3 events=12 seq=12
[19:43:06.251] LOG: [coop:checkpoint] build field=4 weather=0/0 terrain=0/0 arenaTags=0 money=223 mons=[bi0:sp115/hp31-44/st0/fnt0 bi1:sp155/hp28-28/st0/fnt0 bi2:sp206/hp0-31/st7/fnt1 bi3:sp661/hp0-26/st7/fnt1]
[19:43:06.251] LOG: [coop:checkpoint] host capture field=4 weather=0 terrain=0 money=223 arenaTags=0 mons=[bi0:sp115/hp31-44/st0/fnt0 bi1:sp155/hp28-28/st0/fnt0 bi2:sp206/hp0-31/st7/fnt1 bi3:sp661/hp0-26/st7/fnt1]
[19:43:06.253] LOG: [coop:interaction] interactionCounter() read -> 11 (role=host)
[19:43:06.254] LOG: [coop:replay] host SEND turnResolution e=1828644884076428 wave=11 turn=3 rev=66 events=12 checksum=59ccfcc3cfb35c06
[19:43:06.266] LOG: [coop:webrtc] raw tx QUEUE role=host t=authorityEntry bytes=26152
[19:43:06.267] LOG: [coop:webrtc] raw tx CHUNKED role=host t=authorityEntry bytes=26152 chunks=3 id=host-0-340
[19:43:06.270] LOG: [coop:v2-shadow] PARITY kind=TURN_COMMIT rev=20 match=true field=- successor=none-non-command-boundary
[19:43:06.270] LOG: [coop:webrtc] raw tx QUEUE role=host t=turnResolution bytes=25339
[19:43:06.271] LOG: [coop:webrtc] raw tx CHUNKED role=host t=turnResolution bytes=25339 chunks=3 id=host-0-341
[19:43:06.271] LOG: [coop:runtime] send waveResolved wave=11 outcome=win (host)
[19:43:06.271] LOG: [coop:replay] host SEND waveResolved wave=11 outcome=win transition=WAVE_VICTORY/next12/biome0/egg1/wild
[19:43:06.271] LOG: [coop:webrtc] raw tx QUEUE role=host t=waveResolved bytes=212
[19:43:06.272] LOG: %cStart Phase BattleEndPhase color:green;
[19:43:06.272] LOG: Battle Score: 61 (3 Turns x0.69)
[19:43:06.273] LOG: Total Score: 367
[19:43:06.285] LOG: [coop:progression] HOST automatic victory settlement deferred wave=11 sourceTurn=3 settlementTurn=4
[19:43:06.288] LOG: %cStart Phase EggLapsePhase color:green;
[19:43:06.288] LOG: %cStart Phase CoopVictorySealPhase color:green;
[19:43:06.297] LOG: [coop:webrtc] raw tx QUEUE role=host t=authorityEntry bytes=22041
[19:43:06.298] LOG: [coop:webrtc] raw tx CHUNKED role=host t=authorityEntry bytes=22041 chunks=3 id=host-0-343
[19:43:06.299] LOG: [coop:v2-shadow] PARITY kind=WAVE_ADVANCE rev=21 match=true field=-
[19:43:06.299] LOG: [coop:runtime] settled WAVE_ADVANCE committed wave=11 tick=67 next=WAVE_VICTORY/wave12
[19:43:06.299] LOG: [coop:runtime] send waveEndState wave=11 tick=67 (host)
[19:43:06.299] LOG: [coop:replay] host SEND waveEndState wave=11 tick=67 party=5
[19:43:06.300] LOG: [coop:webrtc] raw tx QUEUE role=host t=waveEndState bytes=18776
[19:43:06.300] LOG: [coop:webrtc] raw tx CHUNKED role=host t=waveEndState bytes=18776 chunks=3 id=host-0-344
[19:43:06.301] LOG: [coop:progression] HOST automatic victory settlement sealed wave=11 sourceTurn=3 settlementTurn=4 tick=67
[19:43:06.301] LOG: %cStart Phase SelectModifierPhase color:green;
[19:43:06.301] LOG: [coop:interaction] interactionCounter() read -> 11 (role=host)
[19:43:06.301] LOG: Wave Seed: {xcdRM[uq;qXl@ysq`TYDe 11
[19:43:06.370] LOG: [coop:owner] ownerOf(counter=11) seat=1 -> owner=guest
[19:43:06.370] LOG: [coop:owner] isLocalOwnerAtCounter(pinnedCounter=11) parity=1 owner=guest role=host -> false
[19:43:06.370] LOG: [coop:interaction] interactionCounter() read -> 11 (role=host)
[19:43:06.371] LOG: [coop:reward] owner/watcher decision: pinnedStart=11 liveCounter=11 parity=1 role=host pick=WATCHER option=ROLL spoof=false
[19:43:06.371] LOG: [coop:shop] serializeRewardOptions count=3 ids=[POKEBALL,DIRE_HIT,PP_UP] tiers=[0,1,1]
[19:43:06.371] LOG: [coop:reward] OWNER streams reward options (start=11 reroll=0 count=3 ids=[POKEBALL,DIRE_HIT,PP_UP])
[19:43:06.371] LOG: [coop:relay] SEND rewardOptions seq=11 reroll=0 count=3 ids=[POKEBALL,DIRE_HIT,PP_UP]
[19:43:06.381] LOG: [coop:webrtc] raw tx QUEUE role=host t=authorityEntry bytes=20102
[19:43:06.382] LOG: [coop:webrtc] raw tx CHUNKED role=host t=authorityEntry bytes=20102 chunks=3 id=host-0-345
[19:43:06.384] LOG: [coop:v2-shadow] PARITY kind=INTERACTION_COMMIT rev=22 match=true field=-
[19:43:06.384] LOG: [coop:reward] authoritative options retained surface=reward pin=11 reroll=0 count=3 rev=7 id=1828644884076428:1:REWARD_PRESENT:1100000
[19:43:06.384] LOG: [coop:v2-interaction] suppressed raw rewardOptions key=11:0; immutable entry retained
[19:43:06.384] LOG: [coop:rendezvous] ARRIVE point=shop:11:11 (send) role=host
[19:43:06.384] LOG: [coop:webrtc] raw tx QUEUE role=host t=rendezvous bytes=39
[19:43:06.384] LOG: [coop:reward] WATCHER waits for partner's reward picks (start=11 role=host wave=11)
[19:43:06.427] LOG: [coop:interaction] mirror begin role=watcher mirrorSeq=704 interactionStart=11 reroll=0
[19:43:06.430] LOG: [coop:interaction] uiMirror beginSession role=watcher mode=6 seq=704 early=0
[19:43:06.436] LOG: [coop:relay] AWAIT interactionChoice seq=11 timeoutMs=1200000 expected=[reward,shop,skip,reroll,check,transfer,lock] -> network-wait
[19:43:06.463] LOG: [coop:v2-authority] receipt rev=20 op=TURN/e1828644884076428/w11/t3 stage=admitted sender=1 generation=0 advanced retired=false waiting=[1] subsumed=[]
[19:43:06.463] LOG: [coop:v2-authority] receipt rev=21 op=V2/WAVE/e1828644884076428/w11/tick67 stage=admitted sender=1 generation=0 advanced retired=false waiting=[1] subsumed=[20]
[19:43:06.464] LOG: [coop:webrtc] raw tx QUEUE role=host t=authorityEntry bytes=22041
[19:43:06.465] LOG: [coop:webrtc] raw tx CHUNKED role=host t=authorityEntry bytes=22041 chunks=3 id=host-0-347
[19:43:06.465] LOG: [coop:webrtc] raw tx QUEUE role=host t=authorityEntry bytes=20102
[19:43:06.466] LOG: [coop:webrtc] raw tx CHUNKED role=host t=authorityEntry bytes=20102 chunks=3 id=host-0-348
[19:43:06.489] LOG: [coop:v2-authority] receipt rev=21 op=V2/WAVE/e1828644884076428/w11/tick67 stage=admitted sender=1 generation=0 duplicate highestStage=0
[19:43:06.590] LOG: [coop:webrtc] raw tx QUEUE role=host t=authorityEntry bytes=22041
[19:43:06.590] LOG: [coop:webrtc] raw tx CHUNKED role=host t=authorityEntry bytes=22041 chunks=3 id=host-0-349
[19:43:06.623] LOG: [coop:v2-authority] receipt rev=21 op=V2/WAVE/e1828644884076428/w11/tick67 stage=admitted sender=1 generation=0 duplicate highestStage=0
[19:43:06.658] LOG: [coop:webrtc] raw tx QUEUE role=host t=authorityEntry bytes=20102
[19:43:06.660] LOG: [coop:webrtc] raw tx CHUNKED role=host t=authorityEntry bytes=20102 chunks=3 id=host-0-350
[19:43:07.093] LOG: [coop:webrtc] raw tx QUEUE role=host t=authorityEntry bytes=22041
[19:43:07.093] LOG: [coop:webrtc] raw tx CHUNKED role=host t=authorityEntry bytes=22041 chunks=3 id=host-0-351
[19:43:07.133] LOG: [coop:v2-authority] receipt rev=21 op=V2/WAVE/e1828644884076428/w11/tick67 stage=admitted sender=1 generation=0 duplicate highestStage=0
[19:43:07.170] LOG: [coop:webrtc] raw tx QUEUE role=host t=authorityEntry bytes=20102
[19:43:07.171] LOG: [coop:webrtc] raw tx CHUNKED role=host t=authorityEntry bytes=20102 chunks=3 id=host-0-352
[19:43:08.116] LOG: [coop:webrtc] raw tx QUEUE role=host t=authorityEntry bytes=22041
[19:43:08.117] LOG: [coop:webrtc] raw tx CHUNKED role=host t=authorityEntry bytes=22041 chunks=3 id=host-0-353
[19:43:08.137] LOG: [coop:v2-authority] receipt rev=21 op=V2/WAVE/e1828644884076428/w11/tick67 stage=admitted sender=1 generation=0 duplicate highestStage=0
[19:43:08.181] LOG: [coop:webrtc] raw tx QUEUE role=host t=authorityEntry bytes=20102
[19:43:08.182] LOG: [coop:webrtc] raw tx CHUNKED role=host t=authorityEntry bytes=20102 chunks=3 id=host-0-354
[19:43:09.199] LOG: [coop:webrtc] raw rx role=host t=turnCommitAck bytes=189 handlers=10
[19:43:09.199] LOG: [coop:stream] host IGNORE cosmetic turn ACK stage=materialApplied key=1828644884076428:11:3:66 (v2 owns retirement)
[19:43:09.215] LOG: [coop:webrtc] raw rx role=host t=turnCommitAck bytes=191 handlers=10
[19:43:09.215] LOG: [coop:stream] host IGNORE cosmetic turn ACK stage=presentationReady key=1828644884076428:11:3:66 (v2 owns retirement)
[19:43:09.223] LOG: [coop:v2-authority] receipt rev=21 op=V2/WAVE/e1828644884076428/w11/tick67 stage=admitted sender=1 generation=0 duplicate highestStage=0
[19:43:10.129] LOG: [coop:webrtc] raw tx QUEUE role=host t=authorityEntry bytes=22041
[19:43:10.130] LOG: [coop:webrtc] raw tx CHUNKED role=host t=authorityEntry bytes=22041 chunks=3 id=host-0-355
[19:43:10.157] LOG: [coop:v2-authority] receipt rev=21 op=V2/WAVE/e1828644884076428/w11/tick67 stage=admitted sender=1 generation=0 duplicate highestStage=0
[19:43:10.201] LOG: [coop:webrtc] raw tx QUEUE role=host t=authorityEntry bytes=20102
[19:43:10.202] LOG: [coop:webrtc] raw tx CHUNKED role=host t=authorityEntry bytes=20102 chunks=3 id=host-0-356
[19:43:14.164] LOG: [coop:webrtc] raw tx QUEUE role=host t=authorityEntry bytes=22041
[19:43:14.165] LOG: [coop:webrtc] raw tx CHUNKED role=host t=authorityEntry bytes=22041 chunks=3 id=host-0-357
[19:43:14.180] LOG: [coop:v2-authority] receipt rev=21 op=V2/WAVE/e1828644884076428/w11/tick67 stage=admitted sender=1 generation=0 duplicate highestStage=0
[19:43:14.219] LOG: [coop:webrtc] raw tx QUEUE role=host t=authorityEntry bytes=20102
[19:43:14.220] LOG: [coop:webrtc] raw tx CHUNKED role=host t=authorityEntry bytes=20102 chunks=3 id=host-0-358
[19:43:19.177] LOG: [coop:webrtc] raw tx QUEUE role=host t=authorityEntry bytes=22041
[19:43:19.178] LOG: [coop:webrtc] raw tx CHUNKED role=host t=authorityEntry bytes=22041 chunks=3 id=host-0-359
[19:43:19.196] LOG: [coop:v2-authority] receipt rev=21 op=V2/WAVE/e1828644884076428/w11/tick67 stage=admitted sender=1 generation=0 duplicate highestStage=0
[19:43:19.237] LOG: [coop:webrtc] raw tx QUEUE role=host t=authorityEntry bytes=20102
[19:43:19.238] LOG: [coop:webrtc] raw tx CHUNKED role=host t=authorityEntry bytes=20102 chunks=3 id=host-0-360
[19:43:20.470] LOG: [coop:v2-authority] receipt rev=21 op=V2/WAVE/e1828644884076428/w11/tick67 stage=admitted sender=1 generation=0 duplicate highestStage=0
[19:43:20.542] LOG: [coop:webrtc] raw rx role=host t=rendezvous bytes=39 handlers=10
[19:43:20.543] LOG: [coop:rendezvous] RECV arrival point=shop:11:11 -> BUFFER (no waiter yet) role=host
[19:43:20.543] LOG: [coop:v2-authority] receipt rev=21 op=V2/WAVE/e1828644884076428/w11/tick67 stage=materialApplied sender=1 generation=0 advanced retired=false waiting=[1] subsumed=[]
[19:43:20.543] LOG: [coop:webrtc] raw tx QUEUE role=host t=authorityEntry bytes=20102
[19:43:20.544] LOG: [coop:webrtc] raw tx CHUNKED role=host t=authorityEntry bytes=20102 chunks=3 id=host-0-361
[19:43:20.544] LOG: [coop:v2-authority] receipt rev=21 op=V2/WAVE/e1828644884076428/w11/tick67 stage=controlInstalled sender=1 generation=0 advanced retired=true waiting=[] subsumed=[]
[19:43:20.545] LOG: [coop:v2-authority] receipt rev=22 op=1828644884076428:1:REWARD_PRESENT:1100000 stage=admitted sender=1 generation=0 advanced retired=false waiting=[1] subsumed=[]
[19:43:20.553] LOG: [coop:v2-authority] receipt rev=22 op=1828644884076428:1:REWARD_PRESENT:1100000 stage=materialApplied sender=1 generation=0 advanced retired=false waiting=[1] subsumed=[]
[19:43:20.584] LOG: [coop:webrtc] raw rx role=host t=turnCommitAck bytes=191 handlers=10
[19:43:20.584] LOG: [coop:stream] host IGNORE cosmetic turn ACK stage=continuationReady key=1828644884076428:11:3:66 (v2 owns retirement)
[19:43:20.592] LOG: [coop:v2-authority] receipt rev=22 op=1828644884076428:1:REWARD_PRESENT:1100000 stage=materialApplied sender=1 generation=0 duplicate highestStage=1
[19:43:20.593] LOG: [coop:v2-authority] receipt rev=22 op=1828644884076428:1:REWARD_PRESENT:1100000 stage=controlInstalled sender=1 generation=0 advanced retired=true waiting=[] subsumed=[]
[19:43:20.606] LOG: [coop:v2-authority] receipt rev=22 op=1828644884076428:1:REWARD_PRESENT:1100000 stage=controlInstalled sender=1 generation=0 rejected reason=unknown-revision
[19:43:21.303] LOG: [coop:webrtc] raw rx role=host t=uiInput bytes=51 handlers=10
[19:43:21.306] LOG: [coop:interaction] uiMirror WATCHER apply n=0 button=3 mode=6
[19:43:21.466] LOG: [coop:webrtc] raw rx role=host t=uiInput bytes=51 handlers=10
[19:43:21.470] LOG: [coop:interaction] uiMirror WATCHER apply n=1 button=3 mode=6
[19:43:21.753] LOG: [coop:webrtc] raw rx role=host t=uiInput bytes=51 handlers=10
[19:43:21.755] LOG: [coop:interaction] uiMirror WATCHER apply n=2 button=2 mode=6
[19:43:21.889] LOG: [coop:webrtc] raw rx role=host t=uiInput bytes=51 handlers=10
[19:43:21.891] LOG: [coop:interaction] uiMirror WATCHER apply n=3 button=2 mode=6
[19:43:22.439] LOG: [coop:webrtc] raw rx role=host t=uiInput bytes=51 handlers=10
[19:43:22.441] LOG: [coop:interaction] uiMirror WATCHER apply n=4 button=3 mode=6
[19:43:22.770] LOG: [coop:webrtc] raw rx role=host t=uiInput bytes=51 handlers=10
[19:43:22.772] LOG: [coop:interaction] uiMirror WATCHER apply n=5 button=2 mode=6
[19:43:24.035] LOG: [coop:webrtc] raw rx role=host t=uiInput bytes=51 handlers=10
[19:43:24.038] LOG: [coop:interaction] uiMirror WATCHER apply n=6 button=0 mode=6
[19:43:24.325] LOG: [coop:webrtc] raw rx role=host t=uiInput bytes=51 handlers=10
[19:43:24.325] LOG: [coop:interaction] uiMirror WATCHER apply n=7 button=5 mode=6
[19:43:25.750] LOG: [coop:webrtc] raw rx role=host t=interactionChoice bytes=153 handlers=10
[19:43:25.750] LOG: [coop:relay] DELIVER interactionChoice seq=11 -> waiter kind=shop choice=0 data=[1,2,0,3,17231,45,19791,178]
[19:43:25.750] LOG: [coop:relay] AWAIT interactionChoice seq=11 RESOLVE kind=shop choice=0 data=[1,2,0,3,17231,45,19791,178]
[19:43:25.751] LOG: [coop:reward] WATCHER applying relayed action seq=11 act=SHOP choice=0 data=[1,2,0,3,17231,45,19791,178]
[19:43:25.751] LOG: [coop:owner] ownerOf(counter=11) seat=1 -> owner=guest
[19:43:25.752] LOG: [coop:owner] isLocalOwnerAtCounter(pinnedCounter=11) parity=1 owner=guest role=host -> false
[19:43:25.772] LOG: [coop:reward] APPLY_RESULT pin=11 side=watcher type=undefined class=PokemonHpRestoreModifier pregen=[] holderSlot=-1 holderId=-1 stack=-1 accepted=true cost=45
[19:43:25.773] LOG: [coop:v2-interaction] terminal proof recorded op=1828644884076428:1:REWARD:1100000 role=host seat=0 duplicate=0 ambient=1
[19:43:25.774] LOG: [coop:v2-interaction] phase terminal proof op=1828644884076428:1:REWARD:1100000 route=constructor-fallback accepted=1
[19:43:25.774] LOG: [coop:shop] serializeRewardOptions count=3 ids=[POKEBALL,DIRE_HIT,PP_UP] tiers=[0,1,1]
[19:43:25.784] LOG: [coop:webrtc] raw tx QUEUE role=host t=authorityEntry bytes=20212
[19:43:25.785] LOG: [coop:webrtc] raw tx CHUNKED role=host t=authorityEntry bytes=20212 chunks=3 id=host-0-362
[19:43:25.787] LOG: [coop:v2-shadow] PARITY kind=INTERACTION_COMMIT rev=23 match=true field=-
[19:43:25.787] LOG: [coop:reward] reward authoritative RESULT retained rev=8 tick=69 id=1828644884076428:1:REWARD:1100000
[19:43:25.788] LOG: [coop:relay] AWAIT interactionChoice seq=11 timeoutMs=1200000 expected=[reward,shop,skip,reroll,check,transfer,lock] -> network-wait
[19:43:25.797] LOG: [coop:v2-authority] receipt rev=23 op=1828644884076428:1:REWARD:1100000 stage=admitted sender=1 generation=0 advanced retired=false waiting=[1] subsumed=[]
[19:43:25.822] LOG: [coop:v2-authority] receipt rev=23 op=1828644884076428:1:REWARD:1100000 stage=materialApplied sender=1 generation=0 advanced retired=false waiting=[1] subsumed=[]
[19:43:25.902] LOG: [coop:v2-authority] receipt rev=23 op=1828644884076428:1:REWARD:1100000 stage=materialApplied sender=1 generation=0 duplicate highestStage=1
[19:43:25.902] LOG: [coop:v2-authority] receipt rev=23 op=1828644884076428:1:REWARD:1100000 stage=controlInstalled sender=1 generation=0 advanced retired=true waiting=[] subsumed=[]
[19:43:26.008] LOG: [coop:webrtc] raw rx role=host t=uiInput bytes=51 handlers=10
[19:43:26.011] LOG: [coop:interaction] uiMirror WATCHER apply n=8 button=1 mode=6
[19:43:26.745] LOG: [coop:webrtc] raw rx role=host t=interactionChoice bytes=130 handlers=10
[19:43:26.745] LOG: [coop:relay] DELIVER interactionChoice seq=11 -> waiter kind=reward choice=0 data=[0]
[19:43:26.746] LOG: [coop:relay] AWAIT interactionChoice seq=11 RESOLVE kind=reward choice=0 data=[0]
[19:43:26.746] LOG: [coop:reward] WATCHER applying relayed action seq=11 act=REWARD choice=0 data=[0]
[19:43:26.746] LOG: [coop:owner] ownerOf(counter=11) seat=1 -> owner=guest
[19:43:26.746] LOG: [coop:owner] isLocalOwnerAtCounter(pinnedCounter=11) parity=1 owner=guest role=host -> false
[19:43:26.746] LOG: [coop:reward] APPLY_RESULT pin=11 side=watcher type=POKEBALL class=AddPokeballModifier pregen=[] holderSlot=-1 holderId=-1 stack=-1 accepted=true cost=-1
[19:43:26.774] LOG: [coop:v2-interaction] terminal proof recorded op=1828644884076428:1:REWARD:1100001 role=host seat=0 duplicate=0 ambient=1
[19:43:26.774] LOG: [coop:v2-interaction] phase terminal proof op=1828644884076428:1:REWARD:1100001 route=constructor-fallback accepted=1
[19:43:26.774] LOG: [coop:shop] serializeRewardOptions count=3 ids=[POKEBALL,DIRE_HIT,PP_UP] tiers=[0,1,1]
[19:43:26.781] LOG: [coop:webrtc] raw tx QUEUE role=host t=authorityEntry bytes=19942
[19:43:26.782] LOG: [coop:webrtc] raw tx CHUNKED role=host t=authorityEntry bytes=19942 chunks=3 id=host-0-363
[19:43:26.783] LOG: [coop:v2-shadow] PARITY kind=INTERACTION_COMMIT rev=24 match=true field=-
[19:43:26.783] LOG: [coop:reward] reward authoritative RESULT retained rev=9 tick=70 id=1828644884076428:1:REWARD:1100001
[19:43:26.783] LOG: %cStart Phase NewBattlePhase color:green;
[19:43:26.783] LOG: [coop:turn] host recorder: begin deferred transition turn=1 scope=1828644884076428:12
[19:43:26.784] LOG: Wave Seed: |ydeSN\vr<rYmAztraUZEf 12
[19:43:26.784] LOG: %cStart Phase NextEncounterPhase color:green;
[19:43:26.786] LOG: Starting species pool tier: COMMON
[19:43:26.803] LOG: Pokemon: Wild Sentret | Species ID: 161 | Level: 8 | Nature: Quiet (+SpAtk/-Spd)
[19:43:26.803] LOG: Stats (IVs): HP: 26 (31), Atk: 16 (30), Def: 12 (24), Spatk: 13 (16), Spdef: 14 (0), Spd: 15 (11)
[19:43:26.803] LOG: Ability: Run Away | Passive Ability: Frisk 
[19:43:26.803] LOG: Moveset: ["Scratch","Fury Swipes","Defense Curl"]
[19:43:26.804] LOG: Starting species pool tier: COMMON
[19:43:26.816] LOG: Pokemon: Wild Lechonk | Species ID: 915 | Level: 8 | Nature: Bold (+Def/-Atk)
[19:43:26.816] LOG: Stats (IVs): HP: 28 (21), Atk: 13 (13), Def: 17 (6), Spatk: 10 (0), Spdef: 15 (28), Spd: 12 (19)
[19:43:26.816] LOG: Ability: Lingering Aroma | Passive Ability: Thick Fat 
[19:43:26.816] LOG: Moveset: ["Hyper Fang","Tail Whip","Sweet Scent","Quick Attack"]
[19:43:26.816] LOG: [coop:interaction] interactionCounter() read -> 11 (role=host)
[19:43:26.817] LOG: [coop:interaction] CoopInteractionTurn.advance INCREMENT (fromCounter=11) counter 11 -> 12
[19:43:26.817] LOG: [coop:interaction] advanceInteraction ADVANCED+V2-LOCAL (fromCounter=11) counter 11 -> 12 role=host
[19:43:26.817] LOG: [coop:owner] ownerOf(counter=12) seat=0 -> owner=host
[19:43:26.817] LOG: [coop:owner] ownerOf(counter=12) seat=0 -> owner=host
[19:43:26.817] LOG: [coop:interaction] interactionCounter() read -> 12 (role=host)
[19:43:26.817] LOG: [coop:reward] advance interaction from V2 commit (role=host from=11 counter 11 -> 12); typed successor owns release
[19:43:26.826] LOG: [coop:v2-authority] receipt rev=24 op=1828644884076428:1:REWARD:1100001 stage=admitted sender=1 generation=0 advanced retired=false waiting=[1] subsumed=[]
[19:43:26.826] LOG: [coop:v2-authority] receipt rev=24 op=1828644884076428:1:REWARD:1100001 stage=admitted sender=1 generation=0 duplicate highestStage=0
[19:43:26.826] LOG: [coop:v2-authority] receipt rev=24 op=1828644884076428:1:REWARD:1100001 stage=materialApplied sender=1 generation=0 advanced retired=false waiting=[1] subsumed=[]
[19:43:26.826] LOG: [coop:v2-authority] receipt rev=24 op=1828644884076428:1:REWARD:1100001 stage=controlInstalled sender=1 generation=0 advanced retired=true waiting=[] subsumed=[]
[19:43:35.280] LOG: [coop:interaction] interactionCounter() read -> 12 (role=host)
[19:43:35.280] LOG: [coop:health] tick=0g turn=1 wave=12 counter=12 assertions=0 wait=-1ms machineWaits=- peerBeat=170s lastRx=0s transport=connected journal=0/0 queue=0
[19:43:36.588] LOG: [coop:interaction] interactionCounter() read -> 12 (role=host)
[19:43:36.809] LOG: [coop:launch] resume marker recorded slot=1 self=Heraklines1 partner=test4 wave=12 (#810)
[19:43:36.810] LOG: [coop:webrtc] raw tx QUEUE role=host t=resumeCheckpoint bytes=21698
[19:43:36.811] LOG: [coop:webrtc] raw tx CHUNKED role=host t=resumeCheckpoint bytes=21698 chunks=3 id=host-0-364
[19:43:36.871] LOG: [coop:webrtc] raw rx role=host t=resumeCheckpointAck bytes=126 handlers=10
[19:43:36.871] DEBUG: Session data saved to slot 1!
[19:43:36.874] LOG: [coop:replay] host SEND enemyPartySync wave=12 count=2 meType=-1 battleType=0 entryPresentation=-
[19:43:36.874] LOG: [coop:webrtc] raw tx QUEUE role=host t=enemyPartySync bytes=19578
[19:43:36.875] LOG: [coop:webrtc] raw tx CHUNKED role=host t=enemyPartySync bytes=19578 chunks=3 id=host-0-365
[19:43:36.876] LOG: Wave Seed: |ydeSN\vr<rYmAztraUZEf 12
[19:43:37.330] LOG: [coop:turn] host recorder: preserve recording scope=1828644884076428:12 turn=1 events=0 seq=0
[19:43:37.337] LOG: %cStart Phase ToggleDoublePositionPhase color:green;
[19:43:37.338] LOG: %cStart Phase CheckSwitchPhase color:green;
[19:43:37.338] LOG: %cStart Phase CheckSwitchPhase color:green;
[19:43:37.338] LOG: %cStart Phase InitEncounterPhase color:green;
[19:43:37.338] LOG: [coop:turn] host recorder: preserve recording scope=1828644884076428:12 turn=1 events=0 seq=0
[19:43:37.342] LOG: %cStart Phase PostSummonPhase color:green;
[19:43:37.343] LOG: Ran PSP for: Sentret
[19:43:37.358] LOG: %cStart Phase PostSummonPhase color:green;
[19:43:37.367] LOG: [coop:turn] host recorder: append turn=1 seq=0 k=message total=1 live=true
[19:43:37.367] LOG: [coop:runtime] ME-stream live-event host turn=1 seq=0 k=message
[19:43:37.367] LOG: [coop:replay] host EMIT live battleEvent turn=1 seq=0 k=message
[19:43:37.367] LOG: [coop:webrtc] raw tx QUEUE role=host t=battleEvent bytes=188
[19:43:37.368] LOG: [coop:turn] host recorder: append turn=1 seq=1 k=message total=2 live=true
[19:43:37.368] LOG: [coop:runtime] ME-stream live-event host turn=1 seq=1 k=message
[19:43:37.368] LOG: [coop:replay] host EMIT live battleEvent turn=1 seq=1 k=message
[19:43:37.368] LOG: [coop:webrtc] raw tx QUEUE role=host t=battleEvent bytes=173
[19:43:37.404] LOG: %cStart Phase ShowAbilityPhase color:green;
[19:43:37.404] LOG: [coop:turn] host recorder: append turn=1 seq=2 k=showAbility total=3 live=true
[19:43:37.404] LOG: [coop:runtime] ME-stream live-event host turn=1 seq=2 k=showAbility
[19:43:37.404] LOG: [coop:replay] host EMIT live battleEvent turn=1 seq=2 k=showAbility
[19:43:37.404] LOG: [coop:webrtc] raw tx QUEUE role=host t=battleEvent bytes=238
[19:43:37.569] LOG: %cStart Phase MessagePhase color:green;
[19:43:38.052] LOG: %cStart Phase MessagePhase color:green;
[19:43:38.365] LOG: %cStart Phase HideAbilityPhase color:green;
[19:43:38.365] LOG: [coop:turn] host recorder: append turn=1 seq=3 k=hideAbility total=4 live=true
[19:43:38.365] LOG: [coop:runtime] ME-stream live-event host turn=1 seq=3 k=hideAbility
[19:43:38.365] LOG: [coop:replay] host EMIT live battleEvent turn=1 seq=3 k=hideAbility
[19:43:38.366] LOG: [coop:webrtc] raw tx QUEUE role=host t=battleEvent bytes=99
[19:43:38.394] LOG: %cStart Phase PostSummonPhase color:green;
[19:43:38.394] LOG: Ran PSP for: Lechonk
[19:43:38.400] LOG: %cStart Phase TurnInitPhase color:green;
[19:43:38.400] LOG: %cStart Phase CommandPhase color:green;
[19:43:38.403] LOG: [coop:replay] host SEND enemyPartySync wave=12 count=2 meType=-1 battleType=0 entryPresentation=4
[19:43:38.404] LOG: [coop:webrtc] raw tx QUEUE role=host t=enemyPartySync bytes=20133
[19:43:38.404] LOG: [coop:webrtc] raw tx CHUNKED role=host t=enemyPartySync bytes=20133 chunks=3 id=host-0-370
[19:43:38.404] LOG: [coop:replay] host RE-BROADCAST wave-start authority wave=12 after post-summon boundary stateChanged=true presentation=4 (#920)
[19:43:38.414] LOG: [coop:webrtc] raw tx QUEUE role=host t=authorityEntry bytes=19947
[19:43:38.415] LOG: [coop:webrtc] raw tx CHUNKED role=host t=authorityEntry bytes=19947 chunks=3 id=host-0-371
[19:43:38.416] LOG: [coop:v2-shadow] PARITY kind=CONTROL_COMMIT rev=25 match=true field=-
[19:43:38.417] LOG: [coop:rendezvous] next-command barrier ARRIVE+AWAIT cmd:12:1 slot=0
[19:43:38.417] LOG: [coop:rendezvous] ARRIVE point=cmd:12:1 (send) role=host
[19:43:38.417] LOG: [coop:webrtc] raw tx QUEUE role=host t=rendezvous bytes=37
[19:43:38.417] LOG: [coop:rendezvous] AWAIT point=cmd:12:1 timeoutMs=60000 -> network-wait role=host
[19:43:38.431] LOG: [coop:v2-authority] receipt rev=25 op=V2/CONTROL/COMMAND/e1828644884076428/w12/t1/tick74 stage=admitted sender=1 generation=0 advanced retired=false waiting=[1] subsumed=[]
[19:43:38.536] LOG: [coop:v2-authority] receipt rev=25 op=V2/CONTROL/COMMAND/e1828644884076428/w12/t1/tick74 stage=materialApplied sender=1 generation=0 advanced retired=false waiting=[1] subsumed=[]
[19:43:38.674] LOG: [coop:webrtc] raw tx QUEUE role=host t=authorityEntry bytes=19947
[19:43:38.675] LOG: [coop:webrtc] raw tx CHUNKED role=host t=authorityEntry bytes=19947 chunks=3 id=host-0-373
[19:43:38.693] LOG: [coop:v2-authority] receipt rev=25 op=V2/CONTROL/COMMAND/e1828644884076428/w12/t1/tick74 stage=materialApplied sender=1 generation=0 duplicate highestStage=1
[19:43:39.191] LOG: [coop:webrtc] raw tx QUEUE role=host t=authorityEntry bytes=19947
[19:43:39.192] LOG: [coop:webrtc] raw tx CHUNKED role=host t=authorityEntry bytes=19947 chunks=3 id=host-0-374
[19:43:39.201] LOG: [coop:v2-authority] receipt rev=25 op=V2/CONTROL/COMMAND/e1828644884076428/w12/t1/tick74 stage=materialApplied sender=1 generation=0 duplicate highestStage=1
[19:43:40.199] LOG: [coop:webrtc] raw tx QUEUE role=host t=authorityEntry bytes=19947
[19:43:40.199] LOG: [coop:webrtc] raw tx CHUNKED role=host t=authorityEntry bytes=19947 chunks=3 id=host-0-375
[19:43:40.206] LOG: [coop:v2-authority] receipt rev=25 op=V2/CONTROL/COMMAND/e1828644884076428/w12/t1/tick74 stage=materialApplied sender=1 generation=0 duplicate highestStage=1
[19:43:40.746] LOG: [coop:v2-authority] receipt rev=25 op=V2/CONTROL/COMMAND/e1828644884076428/w12/t1/tick74 stage=materialApplied sender=1 generation=0 duplicate highestStage=1
[19:43:40.764] LOG: [coop:webrtc] raw rx role=host t=rendezvous bytes=37 handlers=10
[19:43:40.764] LOG: [coop:rendezvous] RECV arrival point=cmd:12:1 -> deliver-to-waiter role=host
[19:43:40.764] LOG: [coop:webrtc] raw tx QUEUE role=host t=rendezvous bytes=37
[19:43:40.764] LOG: [coop:rendezvous] AWAIT point=cmd:12:1 RESOLVE both-arrived role=host
[19:43:40.769] LOG: [coop:webrtc] raw tx QUEUE role=host t=enemyPartySync bytes=20133
[19:43:40.770] LOG: [coop:webrtc] raw tx CHUNKED role=host t=enemyPartySync bytes=20133 chunks=3 id=host-0-377
[19:43:40.770] LOG: [coop:replay] host RE-BROADCAST wave-start authority wave=12 after post-summon boundary stateChanged=false presentation=4 (#920)
[19:43:40.772] LOG: [coop:v2-authority] receipt rev=25 op=V2/CONTROL/COMMAND/e1828644884076428/w12/t1/tick74 stage=materialApplied sender=1 generation=0 duplicate highestStage=1
[19:43:40.772] LOG: [coop:v2-authority] receipt rev=25 op=V2/CONTROL/COMMAND/e1828644884076428/w12/t1/tick74 stage=controlInstalled sender=1 generation=0 advanced retired=true waiting=[] subsumed=[]
[19:43:42.063] LOG: [coop:webrtc] raw rx role=host t=command bytes=189 handlers=10
[19:43:42.063] LOG: [coop:relay] recv command fieldIndex=1 turn=1 command=0 -> BUFFERED (no awaiter yet)
[19:43:43.911] LOG: Move: POWER_UP_PUNCH Move targets: {"targets":[2,3,1],"multiple":false} 
Player Pokemon: Kangaskhan
[19:43:43.914] LOG: %cStart Phase SelectTargetPhase color:green;
[19:43:44.457] LOG: [coop:owner] broadcast own-slot fi=0 turn=1 role=host cmd=0
[19:43:44.457] LOG: [coop:relay] broadcastLocalCommand SEND fieldIndex=0 owner=host turn=1 command=0 cursor=2 moveId=612 targets=[3]
[19:43:44.457] LOG: [coop:webrtc] raw tx QUEUE role=host t=command bytes=185
[19:43:44.458] LOG: %cStart Phase CommandPhase color:green;
[19:43:44.462] LOG: [coop:webrtc] raw tx QUEUE role=host t=enemyPartySync bytes=20133
[19:43:44.463] LOG: [coop:webrtc] raw tx CHUNKED role=host t=enemyPartySync bytes=20133 chunks=3 id=host-0-379
[19:43:44.463] LOG: [coop:replay] host RE-BROADCAST wave-start authority wave=12 after post-summon boundary stateChanged=false presentation=4 (#920)
[19:43:44.466] LOG: [coop:battle] CommandPhase slot=1 turn=1 owner=guest role=host -> partner path
[19:43:44.479] LOG: [coop:relay] host requestPartnerCommand fieldIndex=1 turn=1 moveSlots=[0,1,2,3] -> consumed BUFFERED command kind=0
[19:43:44.479] LOG: [coop:ai] applyWiredPartnerCommand partner=155 wiredMoveId=257 cursor=0 -> moveId=257 moveIndex=0 tera=false targets=[2,3] targetsFrom=wire-verbatim useMode=1
[19:43:44.479] LOG: Move: HEAT_WAVE Move targets: {"targets":[2,3],"multiple":true} 
Player Pokemon: Cyndaquil
[19:43:44.480] LOG: %cStart Phase EnemyCommandPhase color:green;
[19:43:44.543] LOG: Battle Seed: qBloNCIYtDRyEF1U
[19:43:44.570] LOG: Move Pool: ["Scratch","Fury Swipes","Defense Curl"]
[19:43:44.570] LOG: Move Scores: [12,34.5,2]
[19:43:44.570] LOG: Sorted Move Pool: ["Fury Swipes","Scratch","Defense Curl"]
[19:43:44.570] LOG: Chosen Move: Defense Curl
[19:43:44.570] LOG: %cStart Phase EnemyCommandPhase color:green;
[19:43:44.706] LOG: Move Pool: ["Hyper Fang","Tail Whip","Sweet Scent","Quick Attack"]
[19:43:44.706] LOG: Move Scores: [28.5,2,6,12]
[19:43:44.706] LOG: Sorted Move Pool: ["Hyper Fang","Quick Attack","Sweet Scent","Tail Whip"]
[19:43:44.706] LOG: Chosen Move: Hyper Fang
[19:43:44.707] LOG: %cStart Phase TurnStartPhase color:green;
[19:43:44.707] LOG: [coop:turn] host recorder: preserve recording scope=1828644884076428:12 turn=1 events=4 seq=4
[19:43:44.800] LOG: %cStart Phase MovePhase color:green;
[19:43:44.800] LOG: %cUser: Kangaskhan
Move: POWER_UP_PUNCH
Use Mode: NORMAL color:orchid
[19:43:44.841] LOG: [coop:turn] host recorder: append turn=1 seq=4 k=moveUsed total=5 live=true
[19:43:44.841] LOG: [coop:runtime] ME-stream live-event host turn=1 seq=4 k=moveUsed
[19:43:44.841] LOG: [coop:replay] host EMIT live battleEvent turn=1 seq=4 k=moveUsed
[19:43:44.841] LOG: [coop:webrtc] raw tx QUEUE role=host t=battleEvent bytes=250
[19:43:44.878] LOG: %cStart Phase MessagePhase color:green;
[19:43:44.973] LOG: %cStart Phase MoveEffectPhase color:green;
[19:43:44.987] LOG: [coop:turn] host recorder: append turn=1 seq=5 k=moveAnim total=6 live=true
[19:43:44.987] LOG: [coop:runtime] ME-stream live-event host turn=1 seq=5 k=moveAnim
[19:43:44.987] LOG: [coop:replay] host EMIT live battleEvent turn=1 seq=5 k=moveAnim
[19:43:44.987] LOG: [coop:webrtc] raw tx QUEUE role=host t=battleEvent bytes=259
[19:43:45.216] LOG: crit stage: +0
[19:43:45.227] LOG: Move: Power-Up Punch | Base damage: 21.821176470588235 | Power: 52 | Source attack: 54 | Target defense: 17
[19:43:45.234] LOG: Move: Power-Up Punch | Attack damage: 37
[19:43:45.235] LOG: [coop:turn] host recorder: append turn=1 seq=6 k=hp total=7 live=true
[19:43:45.235] LOG: [coop:runtime] ME-stream live-event host turn=1 seq=6 k=hp
[19:43:45.235] LOG: [coop:replay] host EMIT live battleEvent turn=1 seq=6 k=hp
[19:43:45.235] LOG: [coop:webrtc] raw tx QUEUE role=host t=battleEvent bytes=199
[19:43:45.235] LOG: [coop:turn] host recorder: append turn=1 seq=7 k=faint total=8 live=true
[19:43:45.235] LOG: [coop:runtime] ME-stream live-event host turn=1 seq=7 k=faint
[19:43:45.235] LOG: [coop:replay] host EMIT live battleEvent turn=1 seq=7 k=faint
[19:43:45.235] LOG: [coop:webrtc] raw tx QUEUE role=host t=battleEvent bytes=171
[19:43:45.236] LOG: [coop:turn] host recorder: append turn=1 seq=8 k=message total=9 live=true
[19:43:45.236] LOG: [coop:runtime] ME-stream live-event host turn=1 seq=8 k=message
[19:43:45.236] LOG: [coop:replay] host EMIT live battleEvent turn=1 seq=8 k=message
[19:43:45.236] LOG: [coop:webrtc] raw tx QUEUE role=host t=battleEvent bytes=128
[19:43:45.239] LOG: [coop:turn] host recorder: append turn=1 seq=9 k=message total=10 live=true
[19:43:45.239] LOG: [coop:runtime] ME-stream live-event host turn=1 seq=9 k=message
[19:43:45.239] LOG: [coop:replay] host EMIT live battleEvent turn=1 seq=9 k=message
[19:43:45.239] LOG: [coop:webrtc] raw tx QUEUE role=host t=battleEvent bytes=144
[19:43:45.240] LOG: [coop:turn] host recorder: append turn=1 seq=10 k=message total=11 live=true
[19:43:45.240] LOG: [coop:runtime] ME-stream live-event host turn=1 seq=10 k=message
[19:43:45.240] LOG: [coop:replay] host EMIT live battleEvent turn=1 seq=10 k=message
[19:43:45.240] LOG: [coop:webrtc] raw tx QUEUE role=host t=battleEvent bytes=152
[19:43:45.243] LOG: [coop:turn] host recorder: append turn=1 seq=11 k=message total=12 live=true
[19:43:45.243] LOG: [coop:runtime] ME-stream live-event host turn=1 seq=11 k=message
[19:43:45.243] LOG: [coop:replay] host EMIT live battleEvent turn=1 seq=11 k=message
[19:43:45.243] LOG: [coop:webrtc] raw tx QUEUE role=host t=battleEvent bytes=120
[19:43:45.243] LOG: %cStart Phase ShowAbilityPhase color:green;
[19:43:45.243] LOG: [coop:turn] host recorder: append turn=1 seq=12 k=showAbility total=13 live=true
[19:43:45.243] LOG: [coop:runtime] ME-stream live-event host turn=1 seq=12 k=showAbility
[19:43:45.243] LOG: [coop:replay] host EMIT live battleEvent turn=1 seq=12 k=showAbility
[19:43:45.243] LOG: [coop:webrtc] raw tx QUEUE role=host t=battleEvent bytes=238
[19:43:45.381] LOG: %cStart Phase HideAbilityPhase color:green;
[19:43:45.381] LOG: [coop:turn] host recorder: append turn=1 seq=13 k=hideAbility total=14 live=true
[19:43:45.381] LOG: [coop:runtime] ME-stream live-event host turn=1 seq=13 k=hideAbility
[19:43:45.381] LOG: [coop:replay] host EMIT live battleEvent turn=1 seq=13 k=hideAbility
[19:43:45.381] LOG: [coop:webrtc] raw tx QUEUE role=host t=battleEvent bytes=100
[19:43:45.415] LOG: %cStart Phase DamageAnimPhase color:green;
[19:43:45.434] LOG: %cStart Phase MessagePhase color:green;
[19:43:45.636] LOG: %cStart Phase StatStageChangePhase color:green;
[19:43:45.871] LOG: [coop:turn] host recorder: append turn=1 seq=14 k=message total=15 live=true
[19:43:45.871] LOG: [coop:runtime] ME-stream live-event host turn=1 seq=14 k=message
[19:43:45.871] LOG: [coop:replay] host EMIT live battleEvent turn=1 seq=14 k=message
[19:43:45.872] LOG: [coop:webrtc] raw tx QUEUE role=host t=battleEvent bytes=133
[19:43:45.873] LOG: [coop:turn] host recorder: append turn=1 seq=15 k=statStage total=16 live=true
[19:43:45.873] LOG: [coop:runtime] ME-stream live-event host turn=1 seq=15 k=statStage
[19:43:45.873] LOG: [coop:replay] host EMIT live battleEvent turn=1 seq=15 k=statStage
[19:43:45.873] LOG: [coop:webrtc] raw tx QUEUE role=host t=battleEvent bytes=172
[19:43:45.882] LOG: %cStart Phase MessagePhase color:green;
[19:43:46.076] LOG: %cStart Phase ShowAbilityPhase color:green;
[19:43:46.076] LOG: [coop:turn] host recorder: append turn=1 seq=16 k=showAbility total=17 live=true
[19:43:46.076] LOG: [coop:runtime] ME-stream live-event host turn=1 seq=16 k=showAbility
[19:43:46.077] LOG: [coop:replay] host EMIT live battleEvent turn=1 seq=16 k=showAbility
[19:43:46.077] LOG: [coop:webrtc] raw tx QUEUE role=host t=battleEvent bytes=238
[19:43:46.245] LOG: %cStart Phase MessagePhase color:green;
[19:43:46.479] LOG: %cStart Phase HideAbilityPhase color:green;
[19:43:46.479] LOG: [coop:turn] host recorder: append turn=1 seq=17 k=hideAbility total=18 live=true
[19:43:46.479] LOG: [coop:runtime] ME-stream live-event host turn=1 seq=17 k=hideAbility
[19:43:46.479] LOG: [coop:replay] host EMIT live battleEvent turn=1 seq=17 k=hideAbility
[19:43:46.479] LOG: [coop:webrtc] raw tx QUEUE role=host t=battleEvent bytes=100
[19:43:46.507] LOG: %cStart Phase ShowAbilityPhase color:green;
[19:43:46.507] LOG: [coop:turn] host recorder: append turn=1 seq=18 k=showAbility total=19 live=true
[19:43:46.507] LOG: [coop:runtime] ME-stream live-event host turn=1 seq=18 k=showAbility
[19:43:46.507] LOG: [coop:replay] host EMIT live battleEvent turn=1 seq=18 k=showAbility
[19:43:46.507] LOG: [coop:webrtc] raw tx QUEUE role=host t=battleEvent bytes=238
[19:43:46.682] LOG: %cStart Phase MessagePhase color:green;
[19:43:46.941] LOG: %cStart Phase HideAbilityPhase color:green;
[19:43:46.941] LOG: [coop:turn] host recorder: append turn=1 seq=19 k=hideAbility total=20 live=true
[19:43:46.941] LOG: [coop:runtime] ME-stream live-event host turn=1 seq=19 k=hideAbility
[19:43:46.941] LOG: [coop:replay] host EMIT live battleEvent turn=1 seq=19 k=hideAbility
[19:43:46.941] LOG: [coop:webrtc] raw tx QUEUE role=host t=battleEvent bytes=100
[19:43:46.971] LOG: %cStart Phase MessagePhase color:green;
[19:43:47.212] LOG: %cStart Phase FaintPhase color:green;
[19:43:47.294] LOG: %cStart Phase MessagePhase color:green;
[19:43:47.432] LOG: %cStart Phase VictoryPhase color:green;
[19:43:47.432] LOG: [coop:progression] HOST progression capture begin wave=12
[19:43:47.432] LOG: [coop:progression] HOST applyPartyExp COMPUTE wave=12 expValue=82.6 koMon=Lechonk
[19:43:47.433] LOG: Applied Soothe Bell 
[19:43:47.433] LOG: %cStart Phase ExpPhase color:green;
[19:43:47.433] LOG: Applied Super EXP. Charm 
[19:43:47.433] LOG: Applied EXP. Charm 
[19:43:47.610] LOG: [coop:progression] HOST progression capture wave=12 seq=0 k=exp slot=0
[19:43:47.629] LOG: %cStart Phase ExpPhase color:green;
[19:43:47.629] LOG: Applied Super EXP. Charm 
[19:43:47.629] LOG: Applied EXP. Charm 
[19:43:47.781] LOG: [coop:progression] HOST progression capture wave=12 seq=1 k=exp slot=1
[19:43:47.857] LOG: %cStart Phase LevelUpPhase color:green;
[19:43:47.858] LOG: [coop:progression] HOST progression capture wave=12 seq=2 k=levelUp slot=1
[19:43:47.858] LOG: %cStart Phase ShowPartyExpBarPhase color:green;
[19:43:47.858] LOG: Applied Super EXP. Charm 
[19:43:47.858] LOG: Applied EXP. Charm 
[19:43:47.858] LOG: [coop:progression] HOST progression capture wave=12 seq=3 k=exp slot=2
[19:43:47.859] LOG: %cStart Phase HidePartyExpBarPhase color:green;
[19:43:47.860] LOG: %cStart Phase ShowPartyExpBarPhase color:green;
[19:43:47.860] LOG: Applied Super EXP. Charm 
[19:43:47.860] LOG: Applied EXP. Charm 
[19:43:47.860] LOG: [coop:progression] HOST progression capture wave=12 seq=4 k=exp slot=3
[19:43:47.860] LOG: %cStart Phase HidePartyExpBarPhase color:green;
[19:43:47.860] LOG: %cStart Phase ShowPartyExpBarPhase color:green;
[19:43:47.861] LOG: Applied Super EXP. Charm 
[19:43:47.861] LOG: Applied EXP. Charm 
[19:43:47.861] LOG: [coop:progression] HOST progression capture wave=12 seq=5 k=exp slot=4
[19:43:47.862] LOG: %cStart Phase HidePartyExpBarPhase color:green;
[19:43:47.863] LOG: %cStart Phase MoveEndPhase color:green;
[19:43:47.873] LOG: %cStart Phase MovePhase color:green;
[19:43:47.873] LOG: %cUser: Cyndaquil
Move: HEAT_WAVE
Use Mode: NORMAL color:orchid
[19:43:47.874] LOG: [coop:turn] host recorder: append turn=1 seq=20 k=moveUsed total=21 live=true
[19:43:47.874] LOG: [coop:runtime] ME-stream live-event host turn=1 seq=20 k=moveUsed
[19:43:47.874] LOG: [coop:replay] host EMIT live battleEvent turn=1 seq=20 k=moveUsed
[19:43:47.874] LOG: [coop:webrtc] raw tx QUEUE role=host t=battleEvent bytes=253
[19:43:47.896] LOG: %cStart Phase MessagePhase color:green;
[19:43:47.992] LOG: %cStart Phase MoveEffectPhase color:green;
[19:43:48.000] LOG: [coop:turn] host recorder: append turn=1 seq=21 k=moveAnim total=22 live=true
[19:43:48.000] LOG: [coop:runtime] ME-stream live-event host turn=1 seq=21 k=moveAnim
[19:43:48.000] LOG: [coop:replay] host EMIT live battleEvent turn=1 seq=21 k=moveAnim
[19:43:48.000] LOG: [coop:webrtc] raw tx QUEUE role=host t=battleEvent bytes=262
[19:43:48.393] LOG: crit stage: +0
[19:43:48.404] LOG: Move: Heat Wave | Base damage: 20.565714285714286 | Power: 114 | Source attack: 19 | Target defense: 14
[19:43:48.409] LOG: Move: Heat Wave | Attack damage: 30
[19:43:48.410] LOG: [coop:turn] host recorder: append turn=1 seq=22 k=hp total=23 live=true
[19:43:48.410] LOG: [coop:runtime] ME-stream live-event host turn=1 seq=22 k=hp
[19:43:48.410] LOG: [coop:replay] host EMIT live battleEvent turn=1 seq=22 k=hp
[19:43:48.410] LOG: [coop:webrtc] raw tx QUEUE role=host t=battleEvent bytes=201
[19:43:48.410] LOG: [coop:turn] host recorder: append turn=1 seq=23 k=faint total=24 live=true
[19:43:48.410] LOG: [coop:runtime] ME-stream live-event host turn=1 seq=23 k=faint
[19:43:48.410] LOG: [coop:replay] host EMIT live battleEvent turn=1 seq=23 k=faint
[19:43:48.410] LOG: [coop:webrtc] raw tx QUEUE role=host t=battleEvent bytes=173
[19:43:48.416] LOG: %cStart Phase DamageAnimPhase color:green;
[19:43:48.441] LOG: %cStart Phase FaintPhase color:green;
[19:43:48.505] LOG: %cStart Phase MessagePhase color:green;
[19:43:48.650] LOG: %cStart Phase VictoryPhase color:green;
[19:43:48.650] LOG: [coop:progression] HOST applyPartyExp COMPUTE wave=12 expValue=69.8 koMon=Sentret
[19:43:48.650] LOG: Applied Soothe Bell 
[19:43:48.650] LOG: [coop:runtime] defer raw waveResolved wave=12 outcome=win until its material turnResolution is retained
[19:43:48.651] LOG: %cStart Phase ExpPhase color:green;
[19:43:48.651] LOG: Applied Super EXP. Charm 
[19:43:48.651] LOG: Applied EXP. Charm 
[19:43:48.976] LOG: [coop:progression] HOST progression capture wave=12 seq=6 k=exp slot=0
[19:43:48.996] LOG: %cStart Phase ExpPhase color:green;
[19:43:48.997] LOG: Applied Super EXP. Charm 
[19:43:48.997] LOG: Applied EXP. Charm 
[19:43:49.120] LOG: [coop:progression] HOST progression capture wave=12 seq=7 k=exp slot=1
[19:43:49.145] LOG: %cStart Phase ShowPartyExpBarPhase color:green;
[19:43:49.145] LOG: Applied Super EXP. Charm 
[19:43:49.145] LOG: Applied EXP. Charm 
[19:43:49.145] LOG: [coop:progression] HOST progression capture wave=12 seq=8 k=exp slot=2
[19:43:49.146] LOG: %cStart Phase HidePartyExpBarPhase color:green;
[19:43:49.146] LOG: %cStart Phase ShowPartyExpBarPhase color:green;
[19:43:49.146] LOG: Applied Super EXP. Charm 
[19:43:49.146] LOG: Applied EXP. Charm 
[19:43:49.146] LOG: [coop:progression] HOST progression capture wave=12 seq=9 k=exp slot=3
[19:43:49.147] LOG: %cStart Phase HidePartyExpBarPhase color:green;
[19:43:49.147] LOG: %cStart Phase ShowPartyExpBarPhase color:green;
[19:43:49.147] LOG: Applied Super EXP. Charm 
[19:43:49.147] LOG: Applied EXP. Charm 
[19:43:49.147] LOG: [coop:progression] HOST progression capture wave=12 seq=10 k=exp slot=4
[19:43:49.147] LOG: %cStart Phase HidePartyExpBarPhase color:green;
[19:43:49.147] LOG: %cStart Phase MoveEndPhase color:green;
[19:43:49.152] LOG: %cStart Phase MovePhase color:green;
[19:43:49.152] LOG: %cStart Phase MoveEndPhase color:green;
[19:43:49.152] LOG: %cStart Phase MovePhase color:green;
[19:43:49.152] LOG: %cStart Phase MoveEndPhase color:green;
[19:43:49.152] LOG: %cStart Phase CheckInterludePhase color:green;
[19:43:49.152] LOG: %cStart Phase WeatherEffectPhase color:green;
[19:43:49.152] LOG: %cStart Phase PositionalTagPhase color:green;
[19:43:49.152] LOG: %cStart Phase BerryPhase color:green;
[19:43:49.160] LOG: %cStart Phase CheckStatusEffectPhase color:green;
[19:43:49.164] LOG: %cStart Phase TurnEndPhase color:green;
[19:43:49.169] LOG: %cStart Phase CoopTurnCommitPhase color:green;
[19:43:49.169] LOG: [coop:turn] host recorder: finalize turn=1 events=24 seq=24
[19:43:49.169] LOG: [coop:checkpoint] build field=4 weather=0/0 terrain=0/0 arenaTags=0 money=178 mons=[bi0:sp115/hp44-44/st0/fnt0 bi1:sp155/hp30-30/st0/fnt0 bi2:sp161/hp0-26/st7/fnt1 bi3:sp915/hp0-28/st7/fnt1]
[19:43:49.169] LOG: [coop:checkpoint] host capture field=4 weather=0 terrain=0 money=178 arenaTags=0 mons=[bi0:sp115/hp44-44/st0/fnt0 bi1:sp155/hp30-30/st0/fnt0 bi2:sp161/hp0-26/st7/fnt1 bi3:sp915/hp0-28/st7/fnt1]
[19:43:49.172] LOG: [coop:interaction] interactionCounter() read -> 12 (role=host)
[19:43:49.174] LOG: [coop:replay] host SEND turnResolution e=1828644884076428 wave=12 turn=1 rev=80 events=24 checksum=1e51d8cac309cbb8
[19:43:49.184] LOG: [coop:webrtc] raw tx QUEUE role=host t=authorityEntry bytes=27703
[19:43:49.185] LOG: [coop:webrtc] raw tx CHUNKED role=host t=authorityEntry bytes=27703 chunks=4 id=host-0-400
[19:43:49.190] LOG: [coop:v2-shadow] PARITY kind=TURN_COMMIT rev=26 match=true field=- successor=none-non-command-boundary
[19:43:49.191] LOG: [coop:webrtc] raw tx QUEUE role=host t=turnResolution bytes=26890
[19:43:49.192] LOG: [coop:webrtc] raw tx CHUNKED role=host t=turnResolution bytes=26890 chunks=3 id=host-0-401
[19:43:49.192] LOG: [coop:runtime] send waveResolved wave=12 outcome=win (host)
[19:43:49.192] LOG: [coop:replay] host SEND waveResolved wave=12 outcome=win transition=WAVE_VICTORY/next13/biome0/egg1/wild
[19:43:49.193] LOG: [coop:webrtc] raw tx QUEUE role=host t=waveResolved bytes=212
[19:43:49.193] LOG: %cStart Phase BattleEndPhase color:green;
[19:43:49.194] LOG: Battle Score: 49 (1 Turns x1)
[19:43:49.194] LOG: Total Score: 416
[19:43:49.216] LOG: [coop:progression] HOST automatic victory settlement deferred wave=12 sourceTurn=1 settlementTurn=2
[19:43:49.225] LOG: %cStart Phase EggLapsePhase color:green;
[19:43:49.225] LOG: %cStart Phase CoopVictorySealPhase color:green;
[19:43:49.241] LOG: [coop:webrtc] raw tx QUEUE role=host t=authorityEntry bytes=21579
[19:43:49.242] LOG: [coop:webrtc] raw tx CHUNKED role=host t=authorityEntry bytes=21579 chunks=3 id=host-0-403
[19:43:49.244] LOG: [coop:v2-shadow] PARITY kind=WAVE_ADVANCE rev=27 match=true field=-
[19:43:49.245] LOG: [coop:runtime] settled WAVE_ADVANCE committed wave=12 tick=81 next=WAVE_VICTORY/wave13
[19:43:49.245] LOG: [coop:runtime] send waveEndState wave=12 tick=81 (host)
[19:43:49.245] LOG: [coop:replay] host SEND waveEndState wave=12 tick=81 party=5
[19:43:49.246] LOG: [coop:webrtc] raw tx QUEUE role=host t=waveEndState bytes=19015
[19:43:49.247] LOG: [coop:webrtc] raw tx CHUNKED role=host t=waveEndState bytes=19015 chunks=3 id=host-0-404
[19:43:49.247] LOG: [coop:progression] HOST automatic victory settlement sealed wave=12 sourceTurn=1 settlementTurn=2 tick=81
[19:43:49.247] LOG: %cStart Phase SelectModifierPhase color:green;
[19:43:49.247] LOG: [coop:interaction] interactionCounter() read -> 12 (role=host)
[19:43:49.247] LOG: Wave Seed: |ydeSN\vr<rYmAztraUZEf 12
[19:43:49.298] LOG: [coop:owner] ownerOf(counter=12) seat=0 -> owner=host
[19:43:49.298] LOG: [coop:owner] isLocalOwnerAtCounter(pinnedCounter=12) parity=0 owner=host role=host -> true
[19:43:49.298] LOG: [coop:interaction] interactionCounter() read -> 12 (role=host)
[19:43:49.298] LOG: [coop:reward] owner/watcher decision: pinnedStart=12 liveCounter=12 parity=0 role=host pick=OWNER option=ROLL spoof=false
[19:43:49.298] LOG: [coop:shop] serializeRewardOptions count=3 ids=[TEMP_STAT_STAGE_BOOSTER,GREAT_BALL,BERRY] tiers=[0,1,0]
[19:43:49.298] LOG: [coop:reward] OWNER streams reward options (start=12 reroll=0 count=3 ids=[TEMP_STAT_STAGE_BOOSTER,GREAT_BALL,BERRY])
[19:43:49.298] LOG: [coop:relay] SEND rewardOptions seq=12 reroll=0 count=3 ids=[TEMP_STAT_STAGE_BOOSTER,GREAT_BALL,BERRY]
[19:43:49.313] LOG: [coop:webrtc] raw tx QUEUE role=host t=authorityEntry bytes=20393
[19:43:49.314] LOG: [coop:webrtc] raw tx CHUNKED role=host t=authorityEntry bytes=20393 chunks=3 id=host-0-405
[19:43:49.316] LOG: [coop:v2-shadow] PARITY kind=INTERACTION_COMMIT rev=28 match=true field=-
[19:43:49.316] LOG: [coop:reward] authoritative options retained surface=reward pin=12 reroll=0 count=3 rev=10 id=1828644884076428:0:REWARD_PRESENT:1200000
[19:43:49.316] LOG: [coop:v2-interaction] suppressed raw rewardOptions key=12:0; immutable entry retained
[19:43:49.316] LOG: [coop:rendezvous] ARRIVE point=shop:12:12 (send) role=host
[19:43:49.316] LOG: [coop:webrtc] raw tx QUEUE role=host t=rendezvous bytes=39
[19:43:49.316] LOG: [coop:reward] OWNER drives reward screen (start=12 role=host spoof=false adoptsOptions=false wave=12)
[19:43:49.316] LOG: [coop:rendezvous] shop-pick-commit barrier AWAIT shop:12:12
[19:43:49.316] LOG: [coop:rendezvous] AWAIT point=shop:12:12 timeoutMs=60000 -> network-wait role=host
[19:43:49.329] LOG: [coop:v2-authority] receipt rev=26 op=TURN/e1828644884076428/w12/t1 stage=admitted sender=1 generation=0 advanced retired=false waiting=[1] subsumed=[]
[19:43:49.329] LOG: [coop:v2-authority] receipt rev=27 op=V2/WAVE/e1828644884076428/w12/tick81 stage=admitted sender=1 generation=0 advanced retired=false waiting=[1] subsumed=[26]
[19:43:49.341] LOG: [coop:webrtc] raw tx QUEUE role=host t=authorityEntry bytes=21579
[19:43:49.342] LOG: [coop:webrtc] raw tx CHUNKED role=host t=authorityEntry bytes=21579 chunks=3 id=host-0-407
[19:43:49.343] LOG: [coop:webrtc] raw tx QUEUE role=host t=authorityEntry bytes=20393
[19:43:49.344] LOG: [coop:webrtc] raw tx CHUNKED role=host t=authorityEntry bytes=20393 chunks=3 id=host-0-408
[19:43:49.355] LOG: [coop:v2-authority] receipt rev=27 op=V2/WAVE/e1828644884076428/w12/tick81 stage=admitted sender=1 generation=0 duplicate highestStage=0
[19:43:49.509] LOG: [coop:webrtc] raw tx QUEUE role=host t=authorityEntry bytes=21579
[19:43:49.511] LOG: [coop:webrtc] raw tx CHUNKED role=host t=authorityEntry bytes=21579 chunks=3 id=host-0-409
[19:43:49.535] LOG: [coop:v2-authority] receipt rev=27 op=V2/WAVE/e1828644884076428/w12/tick81 stage=admitted sender=1 generation=0 duplicate highestStage=0
[19:43:49.581] LOG: [coop:webrtc] raw tx QUEUE role=host t=authorityEntry bytes=20393
[19:43:49.582] LOG: [coop:webrtc] raw tx CHUNKED role=host t=authorityEntry bytes=20393 chunks=3 id=host-0-410
[19:43:50.015] LOG: [coop:webrtc] raw tx QUEUE role=host t=authorityEntry bytes=21579
[19:43:50.016] LOG: [coop:webrtc] raw tx CHUNKED role=host t=authorityEntry bytes=21579 chunks=3 id=host-0-411
[19:43:50.038] LOG: [coop:v2-authority] receipt rev=27 op=V2/WAVE/e1828644884076428/w12/tick81 stage=admitted sender=1 generation=0 duplicate highestStage=0
[19:43:50.124] LOG: [coop:webrtc] raw tx QUEUE role=host t=authorityEntry bytes=20393
[19:43:50.125] LOG: [coop:webrtc] raw tx CHUNKED role=host t=authorityEntry bytes=20393 chunks=3 id=host-0-412
[19:43:51.027] LOG: [coop:webrtc] raw tx QUEUE role=host t=authorityEntry bytes=21579
[19:43:51.028] LOG: [coop:webrtc] raw tx CHUNKED role=host t=authorityEntry bytes=21579 chunks=3 id=host-0-413
[19:43:51.048] LOG: [coop:v2-authority] receipt rev=27 op=V2/WAVE/e1828644884076428/w12/tick81 stage=admitted sender=1 generation=0 duplicate highestStage=0
[19:43:51.140] LOG: [coop:webrtc] raw tx QUEUE role=host t=authorityEntry bytes=20393
[19:43:51.141] LOG: [coop:webrtc] raw tx CHUNKED role=host t=authorityEntry bytes=20393 chunks=3 id=host-0-414
[19:43:52.031] LOG: [coop:webrtc] raw rx role=host t=turnCommitAck bytes=189 handlers=10
[19:43:52.031] LOG: [coop:stream] host IGNORE cosmetic turn ACK stage=materialApplied key=1828644884076428:12:1:80 (v2 owns retirement)
[19:43:52.047] LOG: [coop:webrtc] raw rx role=host t=turnCommitAck bytes=191 handlers=10
[19:43:52.048] LOG: [coop:stream] host IGNORE cosmetic turn ACK stage=presentationReady key=1828644884076428:12:1:80 (v2 owns retirement)
[19:43:52.055] LOG: [coop:v2-authority] receipt rev=27 op=V2/WAVE/e1828644884076428/w12/tick81 stage=admitted sender=1 generation=0 duplicate highestStage=0
[19:43:53.036] LOG: [coop:webrtc] raw tx QUEUE role=host t=authorityEntry bytes=21579
[19:43:53.038] LOG: [coop:webrtc] raw tx CHUNKED role=host t=authorityEntry bytes=21579 chunks=3 id=host-0-415
[19:43:53.047] LOG: [coop:v2-authority] receipt rev=27 op=V2/WAVE/e1828644884076428/w12/tick81 stage=admitted sender=1 generation=0 duplicate highestStage=0
[19:43:53.151] LOG: [coop:webrtc] raw tx QUEUE role=host t=authorityEntry bytes=20393
[19:43:53.151] LOG: [coop:webrtc] raw tx CHUNKED role=host t=authorityEntry bytes=20393 chunks=3 id=host-0-416
[19:43:55.005] LOG: [coop:v2-authority] receipt rev=27 op=V2/WAVE/e1828644884076428/w12/tick81 stage=admitted sender=1 generation=0 duplicate highestStage=0
[19:43:55.069] LOG: [coop:webrtc] raw rx role=host t=rendezvous bytes=39 handlers=10
[19:43:55.069] LOG: [coop:rendezvous] RECV arrival point=shop:12:12 -> deliver-to-waiter role=host
[19:43:55.069] LOG: [coop:webrtc] raw tx QUEUE role=host t=rendezvous bytes=39
[19:43:55.069] LOG: [coop:rendezvous] AWAIT point=shop:12:12 RESOLVE both-arrived role=host
[19:43:55.088] LOG: [coop:interaction] mirror begin role=owner mirrorSeq=768 interactionStart=12 reroll=0
[19:43:55.090] LOG: [coop:interaction] uiMirror beginSession role=owner mode=6 seq=768 early=0
[19:43:55.090] LOG: [coop:v2-authority] receipt rev=27 op=V2/WAVE/e1828644884076428/w12/tick81 stage=materialApplied sender=1 generation=0 advanced retired=false waiting=[1] subsumed=[]
[19:43:55.091] LOG: [coop:webrtc] raw tx QUEUE role=host t=authorityEntry bytes=20393
[19:43:55.091] LOG: [coop:webrtc] raw tx CHUNKED role=host t=authorityEntry bytes=20393 chunks=3 id=host-0-418
[19:43:55.091] LOG: [coop:v2-authority] receipt rev=27 op=V2/WAVE/e1828644884076428/w12/tick81 stage=controlInstalled sender=1 generation=0 advanced retired=true waiting=[] subsumed=[]
[19:43:55.092] LOG: [coop:v2-authority] receipt rev=28 op=1828644884076428:0:REWARD_PRESENT:1200000 stage=admitted sender=1 generation=0 advanced retired=false waiting=[1] subsumed=[]
[19:43:55.100] LOG: [coop:v2-authority] receipt rev=28 op=1828644884076428:0:REWARD_PRESENT:1200000 stage=materialApplied sender=1 generation=0 advanced retired=false waiting=[1] subsumed=[]
[19:43:55.101] LOG: [coop:webrtc] raw rx role=host t=turnCommitAck bytes=191 handlers=10
[19:43:55.101] LOG: [coop:stream] host IGNORE cosmetic turn ACK stage=continuationReady key=1828644884076428:12:1:80 (v2 owns retirement)
[19:43:55.101] LOG: [coop:v2-authority] receipt rev=28 op=1828644884076428:0:REWARD_PRESENT:1200000 stage=materialApplied sender=1 generation=0 duplicate highestStage=1
[19:43:55.101] LOG: [coop:v2-authority] receipt rev=28 op=1828644884076428:0:REWARD_PRESENT:1200000 stage=controlInstalled sender=1 generation=0 advanced retired=true waiting=[] subsumed=[]
[19:43:55.109] LOG: [coop:v2-authority] receipt rev=28 op=1828644884076428:0:REWARD_PRESENT:1200000 stage=controlInstalled sender=1 generation=0 rejected reason=unknown-revision
[19:43:57.047] LOG: [coop:interaction] uiMirror OWNER send seq=768 n=0 button=3 modeBefore=6
[19:43:57.047] LOG: [coop:webrtc] raw tx QUEUE role=host t=uiInput bytes=51
[19:43:57.217] LOG: [coop:interaction] uiMirror OWNER send seq=768 n=1 button=3 modeBefore=6
[19:43:57.217] LOG: [coop:webrtc] raw tx QUEUE role=host t=uiInput bytes=51
[19:43:57.474] LOG: [coop:interaction] uiMirror OWNER send seq=768 n=2 button=2 modeBefore=6
[19:43:57.474] LOG: [coop:webrtc] raw tx QUEUE role=host t=uiInput bytes=51
[19:43:58.095] LOG: [coop:owner] ownerOf(counter=12) seat=0 -> owner=host
[19:43:58.095] LOG: [coop:owner] isLocalOwnerAtCounter(pinnedCounter=12) parity=0 owner=host role=host -> true
[19:43:58.095] LOG: [coop:owner] ownerOf(counter=12) seat=0 -> owner=host
[19:43:58.095] LOG: [coop:owner] isLocalOwnerAtCounter(pinnedCounter=12) parity=0 owner=host role=host -> true
[19:43:58.095] LOG: [coop:relay] OWNER prepare seq=12 kind=reward choice=1 data=[0] role=host
[19:43:58.095] LOG: [coop:reward] reward op INTENT prepared label=reward id=1828644884076428:0:REWARD:1200000
[19:43:58.095] LOG: [coop:relay] OWNER send raw seq=12 kind=reward choice=1 role=host
[19:43:58.095] LOG: [coop:relay] SEND interactionChoice seq=12 kind=reward kind=? choice=1 data=[0]
[19:43:58.095] LOG: [coop:v2-interaction] suppressed raw authority interactionChoice seq=12 kind=reward
[19:43:58.096] LOG: [coop:reward] APPLY_RESULT pin=12 side=owner type=GREAT_BALL class=AddPokeballModifier pregen=[] holderSlot=-1 holderId=-1 stack=-1 accepted=true cost=-1
[19:43:58.113] LOG: [coop:v2-interaction] terminal proof recorded op=1828644884076428:0:REWARD:1200000 role=host seat=0 duplicate=0 ambient=1
[19:43:58.113] LOG: [coop:v2-interaction] phase terminal proof op=1828644884076428:0:REWARD:1200000 route=constructor-fallback accepted=1
[19:43:58.113] LOG: [coop:shop] serializeRewardOptions count=3 ids=[TEMP_STAT_STAGE_BOOSTER,GREAT_BALL,BERRY] tiers=[0,1,0]
[19:43:58.125] LOG: [coop:webrtc] raw tx QUEUE role=host t=authorityEntry bytes=20182
[19:43:58.125] LOG: [coop:webrtc] raw tx CHUNKED role=host t=authorityEntry bytes=20182 chunks=3 id=host-0-422
[19:43:58.128] LOG: [coop:v2-shadow] PARITY kind=INTERACTION_COMMIT rev=29 match=true field=-
[19:43:58.128] LOG: [coop:reward] reward authoritative RESULT retained rev=11 tick=83 id=1828644884076428:0:REWARD:1200000
[19:43:58.128] LOG: %cStart Phase NewBattlePhase color:green;
[19:43:58.129] LOG: [coop:turn] host recorder: begin deferred transition turn=1 scope=1828644884076428:13
[19:43:58.129] LOG: Wave Seed: }zefTO]ws=sZnB{usbV[Fg 13
[19:43:58.130] LOG: %cStart Phase NextEncounterPhase color:green;
[19:43:58.131] LOG: Starting species pool tier: COMMON
[19:43:58.148] LOG: Pokemon: Wild Skwovet | Species ID: 819 | Level: 8 | Nature: Impish (+Def/-SpAtk)
[19:43:58.148] LOG: Stats (IVs): HP: 30 (14), Atk: 14 (4), Def: 18 (28), Spatk: 9 (8), Spdef: 12 (19), Spd: 10 (18)
[19:43:58.148] LOG: Ability: Frisk | Passive Ability: Gluttony 
[19:43:58.148] LOG: Moveset: ["Tackle","Berry Smash","Defense Curl","Stockpile"]
[19:43:58.148] LOG: Starting species pool tier: COMMON
[19:43:58.164] LOG: Pokemon: Wild Bidoof | Species ID: 399 | Level: 9 | Nature: Brave (+Atk/-Spd)
[19:43:58.164] LOG: Stats (IVs): HP: 33 (28), Atk: 15 (5), Def: 18 (25), Spatk: 12 (8), Spdef: 14 (20), Spd: 9 (8)
[19:43:58.165] LOG: Ability: Simple | Passive Ability: Unaware 
[19:43:58.165] LOG: Moveset: ["Hyper Fang","Mud Sport","Strength","Growl"]
[19:43:58.165] LOG: [coop:interaction] interactionCounter() read -> 12 (role=host)
[19:43:58.165] LOG: [coop:interaction] CoopInteractionTurn.advance INCREMENT (fromCounter=12) counter 12 -> 13
[19:43:58.165] LOG: [coop:interaction] advanceInteraction ADVANCED+V2-LOCAL (fromCounter=12) counter 12 -> 13 role=host
[19:43:58.165] LOG: [coop:owner] ownerOf(counter=13) seat=1 -> owner=guest
[19:43:58.165] LOG: [coop:owner] ownerOf(counter=13) seat=1 -> owner=guest
[19:43:58.165] LOG: [coop:interaction] interactionCounter() read -> 13 (role=host)
[19:43:58.165] LOG: [coop:reward] advance interaction from V2 commit (role=host from=12 counter 12 -> 13); typed successor owns release
[19:43:58.173] LOG: [coop:v2-authority] receipt rev=29 op=1828644884076428:0:REWARD:1200000 stage=admitted sender=1 generation=0 advanced retired=false waiting=[1] subsumed=[]
[19:43:58.174] LOG: [coop:v2-authority] receipt rev=29 op=1828644884076428:0:REWARD:1200000 stage=admitted sender=1 generation=0 duplicate highestStage=0
[19:43:58.174] LOG: [coop:v2-authority] receipt rev=29 op=1828644884076428:0:REWARD:1200000 stage=materialApplied sender=1 generation=0 advanced retired=false waiting=[1] subsumed=[]
[19:43:58.174] LOG: [coop:v2-authority] receipt rev=29 op=1828644884076428:0:REWARD:1200000 stage=controlInstalled sender=1 generation=0 advanced retired=true waiting=[] subsumed=[]
[19:44:01.971] LOG: [coop:interaction] interactionCounter() read -> 13 (role=host)
[19:44:02.161] LOG: [coop:launch] resume marker recorded slot=1 self=Heraklines1 partner=test4 wave=13 (#810)
[19:44:02.163] LOG: [coop:webrtc] raw tx QUEUE role=host t=resumeCheckpoint bytes=22046
[19:44:02.163] LOG: [coop:webrtc] raw tx CHUNKED role=host t=resumeCheckpoint bytes=22046 chunks=3 id=host-0-423
[19:44:02.211] LOG: [coop:webrtc] raw rx role=host t=resumeCheckpointAck bytes=126 handlers=10
[19:44:02.211] DEBUG: Session data saved to slot 1!
[19:44:02.214] LOG: [coop:replay] host SEND enemyPartySync wave=13 count=2 meType=-1 battleType=0 entryPresentation=-
[19:44:02.214] LOG: [coop:webrtc] raw tx QUEUE role=host t=enemyPartySync bytes=19883
[19:44:02.215] LOG: [coop:webrtc] raw tx CHUNKED role=host t=enemyPartySync bytes=19883 chunks=3 id=host-0-424
[19:44:02.216] LOG: Wave Seed: }zefTO]ws=sZnB{usbV[Fg 13
[19:44:02.657] LOG: [coop:turn] host recorder: preserve recording scope=1828644884076428:13 turn=1 events=0 seq=0
[19:44:02.663] LOG: %cStart Phase ToggleDoublePositionPhase color:green;
[19:44:02.663] LOG: %cStart Phase CheckSwitchPhase color:green;
[19:44:02.663] LOG: %cStart Phase CheckSwitchPhase color:green;
[19:44:02.663] LOG: %cStart Phase InitEncounterPhase color:green;
[19:44:02.663] LOG: [coop:turn] host recorder: preserve recording scope=1828644884076428:13 turn=1 events=0 seq=0
[19:44:02.669] LOG: %cStart Phase PostSummonPhase color:green;
[19:44:02.669] LOG: Ran PSP for: Skwovet
[19:44:02.676] LOG: %cStart Phase PostSummonPhase color:green;
[19:44:02.682] LOG: [coop:turn] host recorder: append turn=1 seq=0 k=message total=1 live=true
[19:44:02.682] LOG: [coop:runtime] ME-stream live-event host turn=1 seq=0 k=message
[19:44:02.682] LOG: [coop:replay] host EMIT live battleEvent turn=1 seq=0 k=message
[19:44:02.683] LOG: [coop:webrtc] raw tx QUEUE role=host t=battleEvent bytes=188
[19:44:02.683] LOG: [coop:turn] host recorder: append turn=1 seq=1 k=message total=2 live=true
[19:44:02.683] LOG: [coop:runtime] ME-stream live-event host turn=1 seq=1 k=message
[19:44:02.683] LOG: [coop:replay] host EMIT live battleEvent turn=1 seq=1 k=message
[19:44:02.683] LOG: [coop:webrtc] raw tx QUEUE role=host t=battleEvent bytes=173
[19:44:02.683] LOG: %cStart Phase ShowAbilityPhase color:green;
[19:44:02.683] LOG: [coop:turn] host recorder: append turn=1 seq=2 k=showAbility total=3 live=true
[19:44:02.683] LOG: [coop:runtime] ME-stream live-event host turn=1 seq=2 k=showAbility
[19:44:02.683] LOG: [coop:replay] host EMIT live battleEvent turn=1 seq=2 k=showAbility
[19:44:02.694] LOG: [coop:webrtc] raw tx QUEUE role=host t=battleEvent bytes=239
[19:44:02.863] LOG: %cStart Phase MessagePhase color:green;
[19:44:03.209] LOG: %cStart Phase MessagePhase color:green;
[19:44:03.518] LOG: %cStart Phase HideAbilityPhase color:green;
[19:44:03.519] LOG: [coop:turn] host recorder: append turn=1 seq=3 k=hideAbility total=4 live=true
[19:44:03.519] LOG: [coop:runtime] ME-stream live-event host turn=1 seq=3 k=hideAbility
[19:44:03.519] LOG: [coop:replay] host EMIT live battleEvent turn=1 seq=3 k=hideAbility
[19:44:03.519] LOG: [coop:webrtc] raw tx QUEUE role=host t=battleEvent bytes=99
[19:44:03.549] LOG: %cStart Phase PostSummonPhase color:green;
[19:44:03.563] LOG: Ran PSP for: Bidoof
[19:44:03.568] LOG: %cStart Phase TurnInitPhase color:green;
[19:44:03.569] LOG: %cStart Phase CommandPhase color:green;
[19:44:03.571] LOG: [coop:replay] host SEND enemyPartySync wave=13 count=2 meType=-1 battleType=0 entryPresentation=4
[19:44:03.571] LOG: [coop:webrtc] raw tx QUEUE role=host t=enemyPartySync bytes=20291
[19:44:03.572] LOG: [coop:webrtc] raw tx CHUNKED role=host t=enemyPartySync bytes=20291 chunks=3 id=host-0-429
[19:44:03.572] LOG: [coop:replay] host RE-BROADCAST wave-start authority wave=13 after post-summon boundary stateChanged=true presentation=4 (#920)
[19:44:03.587] LOG: [coop:webrtc] raw tx QUEUE role=host t=authorityEntry bytes=20104
[19:44:03.588] LOG: [coop:webrtc] raw tx CHUNKED role=host t=authorityEntry bytes=20104 chunks=3 id=host-0-430
[19:44:03.588] LOG: [coop:v2-shadow] PARITY kind=CONTROL_COMMIT rev=30 match=true field=-
[19:44:03.589] LOG: [coop:rendezvous] next-command barrier ARRIVE+AWAIT cmd:13:1 slot=0
[19:44:03.589] LOG: [coop:rendezvous] ARRIVE point=cmd:13:1 (send) role=host
[19:44:03.589] LOG: [coop:webrtc] raw tx QUEUE role=host t=rendezvous bytes=37
[19:44:03.590] LOG: [coop:rendezvous] AWAIT point=cmd:13:1 timeoutMs=60000 -> network-wait role=host
[19:44:03.598] LOG: [coop:v2-authority] receipt rev=30 op=V2/CONTROL/COMMAND/e1828644884076428/w13/t1/tick87 stage=admitted sender=1 generation=0 advanced retired=false waiting=[1] subsumed=[]
[19:44:03.679] LOG: [coop:v2-authority] receipt rev=30 op=V2/CONTROL/COMMAND/e1828644884076428/w13/t1/tick87 stage=materialApplied sender=1 generation=0 advanced retired=false waiting=[1] subsumed=[]
[19:44:03.855] LOG: [coop:webrtc] raw tx QUEUE role=host t=authorityEntry bytes=20104
[19:44:03.856] LOG: [coop:webrtc] raw tx CHUNKED role=host t=authorityEntry bytes=20104 chunks=3 id=host-0-432
[19:44:03.875] LOG: [coop:v2-authority] receipt rev=30 op=V2/CONTROL/COMMAND/e1828644884076428/w13/t1/tick87 stage=materialApplied sender=1 generation=0 duplicate highestStage=1
[19:44:04.375] LOG: [coop:webrtc] raw tx QUEUE role=host t=authorityEntry bytes=20104
[19:44:04.377] LOG: [coop:webrtc] raw tx CHUNKED role=host t=authorityEntry bytes=20104 chunks=3 id=host-0-433
[19:44:04.404] LOG: [coop:v2-authority] receipt rev=30 op=V2/CONTROL/COMMAND/e1828644884076428/w13/t1/tick87 stage=materialApplied sender=1 generation=0 duplicate highestStage=1
[19:44:05.390] LOG: [coop:webrtc] raw tx QUEUE role=host t=authorityEntry bytes=20104
[19:44:05.391] LOG: [coop:webrtc] raw tx CHUNKED role=host t=authorityEntry bytes=20104 chunks=3 id=host-0-434
[19:44:05.410] LOG: [coop:v2-authority] receipt rev=30 op=V2/CONTROL/COMMAND/e1828644884076428/w13/t1/tick87 stage=materialApplied sender=1 generation=0 duplicate highestStage=1
[19:44:07.408] LOG: [coop:webrtc] raw tx QUEUE role=host t=authorityEntry bytes=20104
[19:44:07.409] LOG: [coop:webrtc] raw tx CHUNKED role=host t=authorityEntry bytes=20104 chunks=3 id=host-0-435
[19:44:07.428] LOG: [coop:v2-authority] receipt rev=30 op=V2/CONTROL/COMMAND/e1828644884076428/w13/t1/tick87 stage=materialApplied sender=1 generation=0 duplicate highestStage=1
[19:44:10.278] LOG: [coop:interaction] interactionCounter() read -> 13 (role=host)
[19:44:10.279] LOG: [coop:health] tick=0g turn=1 wave=13 counter=13 assertions=0 wait=6688ms machineWaits=coop-rendezvous:cmd:13:1@6689ms peerBeat=205s lastRx=0s transport=connected journal=0/0 queue=0
[19:44:10.849] LOG: [coop:v2-authority] receipt rev=30 op=V2/CONTROL/COMMAND/e1828644884076428/w13/t1/tick87 stage=materialApplied sender=1 generation=0 duplicate highestStage=1
[19:44:10.857] LOG: [coop:webrtc] raw rx role=host t=rendezvous bytes=37 handlers=10
[19:44:10.857] LOG: [coop:rendezvous] RECV arrival point=cmd:13:1 -> deliver-to-waiter role=host
[19:44:10.857] LOG: [coop:webrtc] raw tx QUEUE role=host t=rendezvous bytes=37
[19:44:10.858] LOG: [coop:rendezvous] AWAIT point=cmd:13:1 RESOLVE both-arrived role=host
[19:44:10.863] LOG: [coop:webrtc] raw tx QUEUE role=host t=enemyPartySync bytes=20291
[19:44:10.864] LOG: [coop:webrtc] raw tx CHUNKED role=host t=enemyPartySync bytes=20291 chunks=3 id=host-0-437
[19:44:10.864] LOG: [coop:replay] host RE-BROADCAST wave-start authority wave=13 after post-summon boundary stateChanged=false presentation=4 (#920)
[19:44:10.875] LOG: [coop:v2-authority] receipt rev=30 op=V2/CONTROL/COMMAND/e1828644884076428/w13/t1/tick87 stage=materialApplied sender=1 generation=0 duplicate highestStage=1
[19:44:10.875] LOG: [coop:v2-authority] receipt rev=30 op=V2/CONTROL/COMMAND/e1828644884076428/w13/t1/tick87 stage=controlInstalled sender=1 generation=0 advanced retired=true waiting=[] subsumed=[]
[19:44:12.382] LOG: [coop:webrtc] raw rx role=host t=command bytes=189 handlers=10
[19:44:12.382] LOG: [coop:relay] recv command fieldIndex=1 turn=1 command=0 -> BUFFERED (no awaiter yet)
[19:44:14.408] LOG: Move: POWER_UP_PUNCH Move targets: {"targets":[2,3,1],"multiple":false} 
Player Pokemon: Kangaskhan
[19:44:14.410] LOG: %cStart Phase SelectTargetPhase color:green;
[19:44:14.925] LOG: [coop:owner] broadcast own-slot fi=0 turn=1 role=host cmd=0
[19:44:14.925] LOG: [coop:relay] broadcastLocalCommand SEND fieldIndex=0 owner=host turn=1 command=0 cursor=2 moveId=612 targets=[3]
[19:44:14.925] LOG: [coop:webrtc] raw tx QUEUE role=host t=command bytes=185
[19:44:14.925] LOG: %cStart Phase CommandPhase color:green;
[19:44:14.932] LOG: [coop:webrtc] raw tx QUEUE role=host t=enemyPartySync bytes=20291
[19:44:14.933] LOG: [coop:webrtc] raw tx CHUNKED role=host t=enemyPartySync bytes=20291 chunks=3 id=host-0-439
[19:44:14.933] LOG: [coop:replay] host RE-BROADCAST wave-start authority wave=13 after post-summon boundary stateChanged=false presentation=4 (#920)
[19:44:14.938] LOG: [coop:battle] CommandPhase slot=1 turn=1 owner=guest role=host -> partner path
[19:44:14.951] LOG: [coop:relay] host requestPartnerCommand fieldIndex=1 turn=1 moveSlots=[0,1,2,3] -> consumed BUFFERED command kind=0
[19:44:14.952] LOG: [coop:ai] applyWiredPartnerCommand partner=155 wiredMoveId=257 cursor=0 -> moveId=257 moveIndex=0 tera=false targets=[2,3] targetsFrom=wire-verbatim useMode=1
[19:44:14.952] LOG: Move: HEAT_WAVE Move targets: {"targets":[2,3],"multiple":true} 
Player Pokemon: Cyndaquil
[19:44:14.953] LOG: %cStart Phase EnemyCommandPhase color:green;
[19:44:15.005] LOG: Battle Seed: BzZajX0UHvj5nZtE
[19:44:15.026] WARN: BattlerTag STOCKPILING is missing a score!
[19:44:15.039] WARN: BattlerTag STOCKPILING is missing a score!
[19:44:15.039] LOG: Move Pool: ["Tackle","Berry Smash","Defense Curl","Stockpile"]
[19:44:15.039] LOG: Move Scores: [12,6.5,2,0]
[19:44:15.039] LOG: Sorted Move Pool: ["Tackle","Berry Smash","Defense Curl","Stockpile"]
[19:44:15.039] LOG: Chosen Move: Berry Smash
[19:44:15.039] LOG: %cStart Phase EnemyCommandPhase color:green;
[19:44:15.147] LOG: Move Pool: ["Hyper Fang","Mud Sport","Strength","Growl"]
[19:44:15.147] LOG: Move Scores: [28.5,0,18,2]
[19:44:15.147] LOG: Sorted Move Pool: ["Hyper Fang","Strength","Growl","Mud Sport"]
[19:44:15.147] LOG: Chosen Move: Hyper Fang
[19:44:15.147] LOG: %cStart Phase TurnStartPhase color:green;
[19:44:15.147] LOG: [coop:turn] host recorder: preserve recording scope=1828644884076428:13 turn=1 events=4 seq=4
[19:44:15.227] LOG: %cStart Phase MovePhase color:green;
[19:44:15.227] LOG: %cUser: Kangaskhan
Move: POWER_UP_PUNCH
Use Mode: NORMAL color:orchid
[19:44:15.253] LOG: [coop:turn] host recorder: append turn=1 seq=4 k=moveUsed total=5 live=true
[19:44:15.253] LOG: [coop:runtime] ME-stream live-event host turn=1 seq=4 k=moveUsed
[19:44:15.253] LOG: [coop:replay] host EMIT live battleEvent turn=1 seq=4 k=moveUsed
[19:44:15.253] LOG: [coop:webrtc] raw tx QUEUE role=host t=battleEvent bytes=251
[19:44:15.284] LOG: %cStart Phase MessagePhase color:green;
[19:44:15.409] LOG: %cStart Phase MoveEffectPhase color:green;
[19:44:15.420] LOG: [coop:turn] host recorder: append turn=1 seq=5 k=moveAnim total=6 live=true
[19:44:15.420] LOG: [coop:runtime] ME-stream live-event host turn=1 seq=5 k=moveAnim
[19:44:15.420] LOG: [coop:replay] host EMIT live battleEvent turn=1 seq=5 k=moveAnim
[19:44:15.420] LOG: [coop:webrtc] raw tx QUEUE role=host t=battleEvent bytes=260
[19:44:15.592] LOG: crit stage: +0
[19:44:15.599] LOG: Move: Power-Up Punch | Base damage: 9.2 | Power: 40 | Source attack: 27 | Target defense: 18
[19:44:15.603] LOG: Move: Power-Up Punch | Attack damage: 17
[19:44:15.603] LOG: [coop:turn] host recorder: append turn=1 seq=6 k=hp total=7 live=true
[19:44:15.603] LOG: [coop:runtime] ME-stream live-event host turn=1 seq=6 k=hp
[19:44:15.603] LOG: [coop:replay] host EMIT live battleEvent turn=1 seq=6 k=hp
[19:44:15.603] LOG: [coop:webrtc] raw tx QUEUE role=host t=battleEvent bytes=201
[19:44:15.604] LOG: [coop:turn] host recorder: append turn=1 seq=7 k=message total=8 live=true
[19:44:15.604] LOG: [coop:runtime] ME-stream live-event host turn=1 seq=7 k=message
[19:44:15.604] LOG: [coop:replay] host EMIT live battleEvent turn=1 seq=7 k=message
[19:44:15.604] LOG: [coop:webrtc] raw tx QUEUE role=host t=battleEvent bytes=128
[19:44:15.609] LOG: %cStart Phase DamageAnimPhase color:green;
[19:44:15.639] LOG: %cStart Phase MessagePhase color:green;
[19:44:15.858] LOG: %cStart Phase StatStageChangePhase color:green;
[19:44:16.063] LOG: [coop:turn] host recorder: append turn=1 seq=8 k=message total=9 live=true
[19:44:16.063] LOG: [coop:runtime] ME-stream live-event host turn=1 seq=8 k=message
[19:44:16.063] LOG: [coop:replay] host EMIT live battleEvent turn=1 seq=8 k=message
[19:44:16.064] LOG: [coop:webrtc] raw tx QUEUE role=host t=battleEvent bytes=132
[19:44:16.064] LOG: [coop:turn] host recorder: append turn=1 seq=9 k=statStage total=10 live=true
[19:44:16.064] LOG: [coop:runtime] ME-stream live-event host turn=1 seq=9 k=statStage
[19:44:16.064] LOG: [coop:replay] host EMIT live battleEvent turn=1 seq=9 k=statStage
[19:44:16.064] LOG: [coop:webrtc] raw tx QUEUE role=host t=battleEvent bytes=171
[19:44:16.076] LOG: %cStart Phase MessagePhase color:green;
[19:44:16.258] LOG: %cStart Phase MoveEndPhase color:green;
[19:44:16.276] LOG: %cStart Phase MovePhase color:green;
[19:44:16.277] LOG: %cUser: Cyndaquil
Move: HEAT_WAVE
Use Mode: NORMAL color:orchid
[19:44:16.278] LOG: [coop:turn] host recorder: append turn=1 seq=10 k=moveUsed total=11 live=true
[19:44:16.279] LOG: [coop:runtime] ME-stream live-event host turn=1 seq=10 k=moveUsed
[19:44:16.279] LOG: [coop:replay] host EMIT live battleEvent turn=1 seq=10 k=moveUsed
[19:44:16.279] LOG: [coop:webrtc] raw tx QUEUE role=host t=battleEvent bytes=295
[19:44:16.321] LOG: %cStart Phase MessagePhase color:green;
[19:44:16.408] LOG: %cStart Phase MoveEffectPhase color:green;
[19:44:16.425] LOG: [coop:turn] host recorder: append turn=1 seq=11 k=moveAnim total=12 live=true
[19:44:16.425] LOG: [coop:runtime] ME-stream live-event host turn=1 seq=11 k=moveAnim
[19:44:16.425] LOG: [coop:replay] host EMIT live battleEvent turn=1 seq=11 k=moveAnim
[19:44:16.425] LOG: [coop:webrtc] raw tx QUEUE role=host t=battleEvent bytes=310
[19:44:16.798] LOG: crit stage: +0
[19:44:16.805] LOG: Move: Heat Wave | Base damage: 23.66 | Power: 114 | Source attack: 19 | Target defense: 12
[19:44:16.809] LOG: Move: Heat Wave | Attack damage: 25
[19:44:16.809] LOG: [coop:turn] host recorder: append turn=1 seq=12 k=hp total=13 live=true
[19:44:16.809] LOG: [coop:runtime] ME-stream live-event host turn=1 seq=12 k=hp
[19:44:16.809] LOG: [coop:replay] host EMIT live battleEvent turn=1 seq=12 k=hp
[19:44:16.809] LOG: [coop:webrtc] raw tx QUEUE role=host t=battleEvent bytes=201
[19:44:16.819] LOG: crit stage: +0
[19:44:16.826] LOG: Move: Heat Wave | Base damage: 20.565714285714286 | Power: 114 | Source attack: 19 | Target defense: 14
[19:44:16.829] LOG: Move: Heat Wave | Attack damage: 21
[19:44:16.830] LOG: [coop:turn] host recorder: append turn=1 seq=13 k=hp total=14 live=true
[19:44:16.830] LOG: [coop:runtime] ME-stream live-event host turn=1 seq=13 k=hp
[19:44:16.830] LOG: [coop:replay] host EMIT live battleEvent turn=1 seq=13 k=hp
[19:44:16.830] LOG: [coop:webrtc] raw tx QUEUE role=host t=battleEvent bytes=201
[19:44:16.830] LOG: [coop:turn] host recorder: append turn=1 seq=14 k=faint total=15 live=true
[19:44:16.830] LOG: [coop:runtime] ME-stream live-event host turn=1 seq=14 k=faint
[19:44:16.830] LOG: [coop:replay] host EMIT live battleEvent turn=1 seq=14 k=faint
[19:44:16.830] LOG: [coop:webrtc] raw tx QUEUE role=host t=battleEvent bytes=173
[19:44:16.834] LOG: %cStart Phase DamageAnimPhase color:green;
[19:44:16.857] LOG: %cStart Phase DamageAnimPhase color:green;
[19:44:16.876] LOG: %cStart Phase ShowAbilityPhase color:green;
[19:44:16.876] LOG: [coop:turn] host recorder: append turn=1 seq=15 k=showAbility total=16 live=true
[19:44:16.876] LOG: [coop:runtime] ME-stream live-event host turn=1 seq=15 k=showAbility
[19:44:16.876] LOG: [coop:replay] host EMIT live battleEvent turn=1 seq=15 k=showAbility
[19:44:16.876] LOG: [coop:webrtc] raw tx QUEUE role=host t=battleEvent bytes=240
[19:44:17.048] LOG: %cStart Phase HideAbilityPhase color:green;
[19:44:17.048] LOG: [coop:turn] host recorder: append turn=1 seq=16 k=hideAbility total=17 live=true
[19:44:17.048] LOG: [coop:runtime] ME-stream live-event host turn=1 seq=16 k=hideAbility
[19:44:17.048] LOG: [coop:replay] host EMIT live battleEvent turn=1 seq=16 k=hideAbility
[19:44:17.048] LOG: [coop:webrtc] raw tx QUEUE role=host t=battleEvent bytes=100
[19:44:17.080] LOG: %cStart Phase FaintPhase color:green;
[19:44:17.161] LOG: %cStart Phase MessagePhase color:green;
[19:44:17.312] LOG: %cStart Phase VictoryPhase color:green;
[19:44:17.312] LOG: [coop:progression] HOST progression capture begin wave=13
[19:44:17.312] LOG: [coop:progression] HOST applyPartyExp COMPUTE wave=13 expValue=91 koMon=Bidoof
[19:44:17.313] LOG: Applied Soothe Bell 
[19:44:17.315] LOG: %cStart Phase ExpPhase color:green;
[19:44:17.315] LOG: Applied Super EXP. Charm 
[19:44:17.315] LOG: Applied EXP. Charm 
[19:44:17.487] LOG: [coop:progression] HOST progression capture wave=13 seq=0 k=exp slot=0
[19:44:17.558] LOG: %cStart Phase LevelUpPhase color:green;
[19:44:17.559] LOG: [coop:progression] HOST progression capture wave=13 seq=1 k=levelUp slot=0
[19:44:17.560] LOG: %cStart Phase ExpPhase color:green;
[19:44:17.560] LOG: Applied Super EXP. Charm 
[19:44:17.560] LOG: Applied EXP. Charm 
[19:44:17.657] LOG: [coop:progression] HOST progression capture wave=13 seq=2 k=exp slot=1
[19:44:17.673] LOG: %cStart Phase ShowPartyExpBarPhase color:green;
[19:44:17.673] LOG: Applied Super EXP. Charm 
[19:44:17.673] LOG: Applied EXP. Charm 
[19:44:17.674] LOG: [coop:progression] HOST progression capture wave=13 seq=3 k=exp slot=2
[19:44:17.674] LOG: %cStart Phase HidePartyExpBarPhase color:green;
[19:44:17.674] LOG: %cStart Phase ShowPartyExpBarPhase color:green;
[19:44:17.674] LOG: Applied Super EXP. Charm 
[19:44:17.674] LOG: Applied EXP. Charm 
[19:44:17.675] LOG: [coop:progression] HOST progression capture wave=13 seq=4 k=exp slot=3
[19:44:17.675] LOG: %cStart Phase HidePartyExpBarPhase color:green;
[19:44:17.675] LOG: %cStart Phase ShowPartyExpBarPhase color:green;
[19:44:17.675] LOG: Applied Super EXP. Charm 
[19:44:17.675] LOG: Applied EXP. Charm 
[19:44:17.675] LOG: [coop:progression] HOST progression capture wave=13 seq=5 k=exp slot=4
[19:44:17.675] LOG: %cStart Phase HidePartyExpBarPhase color:green;
[19:44:17.675] LOG: %cStart Phase MoveEndPhase color:green;
[19:44:17.678] LOG: %cStart Phase MovePhase color:green;
[19:44:17.678] LOG: %cUser: Skwovet
Move: BERRY_SMASH
Use Mode: NORMAL color:orchid
[19:44:17.699] LOG: [coop:turn] host recorder: append turn=1 seq=17 k=moveUsed total=18 live=true
[19:44:17.699] LOG: [coop:runtime] ME-stream live-event host turn=1 seq=17 k=moveUsed
[19:44:17.699] LOG: [coop:replay] host EMIT live battleEvent turn=1 seq=17 k=moveUsed
[19:44:17.699] LOG: [coop:webrtc] raw tx QUEUE role=host t=battleEvent bytes=254
[19:44:17.709] LOG: %cStart Phase MessagePhase color:green;
[19:44:17.816] LOG: %cStart Phase MoveEffectPhase color:green;
[19:44:17.825] LOG: [coop:turn] host recorder: append turn=1 seq=18 k=moveAnim total=19 live=true
[19:44:17.825] LOG: [coop:runtime] ME-stream live-event host turn=1 seq=18 k=moveAnim
[19:44:17.825] LOG: [coop:replay] host EMIT live battleEvent turn=1 seq=18 k=moveAnim
[19:44:17.826] LOG: [coop:webrtc] raw tx QUEUE role=host t=battleEvent bytes=263
[19:44:18.126] LOG: crit stage: +0
[19:44:18.135] LOG: Move: Berry Smash | Base damage: 6.632727272727273 | Power: 70 | Source attack: 14 | Target defense: 22
[19:44:18.138] LOG: Move: Berry Smash | Attack damage: 2
[19:44:18.138] LOG: [coop:turn] host recorder: append turn=1 seq=19 k=hp total=20 live=true
[19:44:18.138] LOG: [coop:runtime] ME-stream live-event host turn=1 seq=19 k=hp
[19:44:18.138] LOG: [coop:replay] host EMIT live battleEvent turn=1 seq=19 k=hp
[19:44:18.138] LOG: [coop:webrtc] raw tx QUEUE role=host t=battleEvent bytes=203
[19:44:18.139] LOG: [coop:turn] host recorder: append turn=1 seq=20 k=message total=21 live=true
[19:44:18.139] LOG: [coop:runtime] ME-stream live-event host turn=1 seq=20 k=message
[19:44:18.139] LOG: [coop:replay] host EMIT live battleEvent turn=1 seq=20 k=message
[19:44:18.139] LOG: [coop:webrtc] raw tx QUEUE role=host t=battleEvent bytes=134
[19:44:18.152] LOG: %cStart Phase DamageAnimPhase color:green;
[19:44:18.178] LOG: %cStart Phase MessagePhase color:green;
[19:44:18.369] LOG: %cStart Phase ShowAbilityPhase color:green;
[19:44:18.369] LOG: [coop:turn] host recorder: append turn=1 seq=21 k=showAbility total=22 live=true
[19:44:18.369] LOG: [coop:runtime] ME-stream live-event host turn=1 seq=21 k=showAbility
[19:44:18.369] LOG: [coop:replay] host EMIT live battleEvent turn=1 seq=21 k=showAbility
[19:44:18.369] LOG: [coop:webrtc] raw tx QUEUE role=host t=battleEvent bytes=240
[19:44:18.541] LOG: %cStart Phase ObtainStatusEffectPhase color:green;
[19:44:18.542] LOG: [coop:turn] host recorder: append turn=1 seq=22 k=status total=23 live=true
[19:44:18.542] LOG: [coop:runtime] ME-stream live-event host turn=1 seq=22 k=status
[19:44:18.542] LOG: [coop:replay] host EMIT live battleEvent turn=1 seq=22 k=status
[19:44:18.542] LOG: [coop:webrtc] raw tx QUEUE role=host t=battleEvent bytes=161
[19:44:18.634] LOG: [coop:turn] host recorder: append turn=1 seq=23 k=message total=24 live=true
[19:44:18.634] LOG: [coop:runtime] ME-stream live-event host turn=1 seq=23 k=message
[19:44:18.634] LOG: [coop:replay] host EMIT live battleEvent turn=1 seq=23 k=message
[19:44:18.634] LOG: [coop:webrtc] raw tx QUEUE role=host t=battleEvent bytes=131
[19:44:18.635] LOG: %cStart Phase MessagePhase color:green;
[19:44:18.855] LOG: %cStart Phase HideAbilityPhase color:green;
[19:44:18.855] LOG: [coop:turn] host recorder: append turn=1 seq=24 k=hideAbility total=25 live=true
[19:44:18.855] LOG: [coop:runtime] ME-stream live-event host turn=1 seq=24 k=hideAbility
[19:44:18.855] LOG: [coop:replay] host EMIT live battleEvent turn=1 seq=24 k=hideAbility
[19:44:18.855] LOG: [coop:webrtc] raw tx QUEUE role=host t=battleEvent bytes=100
[19:44:18.903] LOG: %cStart Phase MoveEndPhase color:green;
[19:44:18.904] LOG: %cStart Phase MovePhase color:green;
[19:44:18.904] LOG: %cStart Phase MoveEndPhase color:green;
[19:44:18.905] LOG: %cStart Phase CheckInterludePhase color:green;
[19:44:18.905] LOG: %cStart Phase WeatherEffectPhase color:green;
[19:44:18.905] LOG: %cStart Phase PositionalTagPhase color:green;
[19:44:18.905] LOG: %cStart Phase BerryPhase color:green;
[19:44:18.918] LOG: %cStart Phase CheckStatusEffectPhase color:green;
[19:44:18.930] LOG: %cStart Phase PostTurnStatusEffectPhase color:green;
[19:44:18.931] LOG: [coop:turn] host recorder: append turn=1 seq=25 k=message total=26 live=true
[19:44:18.931] LOG: [coop:runtime] ME-stream live-event host turn=1 seq=25 k=message
[19:44:18.931] LOG: [coop:replay] host EMIT live battleEvent turn=1 seq=25 k=message
[19:44:18.931] LOG: [coop:webrtc] raw tx QUEUE role=host t=battleEvent bytes=140
[19:44:18.932] LOG: [coop:turn] host recorder: append turn=1 seq=26 k=hp total=27 live=true
[19:44:18.932] LOG: [coop:runtime] ME-stream live-event host turn=1 seq=26 k=hp
[19:44:18.932] LOG: [coop:replay] host EMIT live battleEvent turn=1 seq=26 k=hp
[19:44:18.932] LOG: [coop:webrtc] raw tx QUEUE role=host t=battleEvent bytes=173
[19:44:18.935] LOG: [coop:turn] host recorder: append turn=1 seq=27 k=commonAnim total=28 live=true
[19:44:18.935] LOG: [coop:runtime] ME-stream live-event host turn=1 seq=27 k=commonAnim
[19:44:18.935] LOG: [coop:replay] host EMIT live battleEvent turn=1 seq=27 k=commonAnim
[19:44:18.935] LOG: [coop:webrtc] raw tx QUEUE role=host t=battleEvent bytes=233
[19:44:19.025] LOG: %cStart Phase MessagePhase color:green;
[19:44:19.262] LOG: %cStart Phase TurnEndPhase color:green;
[19:44:19.277] LOG: %cStart Phase CoopTurnCommitPhase color:green;
[19:44:19.277] LOG: [coop:turn] host recorder: finalize turn=1 events=28 seq=28
[19:44:19.277] LOG: [coop:checkpoint] build field=4 weather=0/0 terrain=0/0 arenaTags=0 money=178 mons=[bi0:sp115/hp47-47/st0/fnt0 bi1:sp155/hp28-30/st0/fnt0 bi2:sp819/hp4-30/st6/fnt0 bi3:sp399/hp0-33/st7/fnt1]
[19:44:19.277] LOG: [coop:checkpoint] host capture field=4 weather=0 terrain=0 money=178 arenaTags=0 mons=[bi0:sp115/hp47-47/st0/fnt0 bi1:sp155/hp28-30/st0/fnt0 bi2:sp819/hp4-30/st6/fnt0 bi3:sp399/hp0-33/st7/fnt1]
[19:44:19.279] LOG: [coop:interaction] interactionCounter() read -> 13 (role=host)
[19:44:19.280] LOG: [coop:replay] host SEND turnResolution e=1828644884076428 wave=13 turn=1 rev=93 events=28 checksum=a13cba4cf75c381a
[19:44:19.292] LOG: [coop:webrtc] raw tx QUEUE role=host t=authorityEntry bytes=28602
[19:44:19.294] LOG: [coop:webrtc] raw tx CHUNKED role=host t=authorityEntry bytes=28602 chunks=4 id=host-0-464
[19:44:19.297] LOG: [coop:v2-shadow] PARITY kind=TURN_COMMIT rev=31 match=true field=- successor=owner-field
[19:44:19.299] LOG: [coop:webrtc] raw tx QUEUE role=host t=turnResolution bytes=27920
[19:44:19.300] LOG: [coop:webrtc] raw tx CHUNKED role=host t=turnResolution bytes=27920 chunks=4 id=host-0-465
[19:44:19.301] LOG: %cStart Phase TurnInitPhase color:green;
[19:44:19.301] LOG: %cStart Phase CommandPhase color:green;
[19:44:19.305] LOG: [coop:rendezvous] next-command barrier ARRIVE+AWAIT cmd:13:2 slot=0
[19:44:19.305] LOG: [coop:rendezvous] ARRIVE point=cmd:13:2 (send) role=host
[19:44:19.305] LOG: [coop:webrtc] raw tx QUEUE role=host t=rendezvous bytes=37
[19:44:19.305] LOG: [coop:rendezvous] AWAIT point=cmd:13:2 timeoutMs=60000 -> network-wait role=host
[19:44:19.323] LOG: [coop:v2-authority] receipt rev=31 op=TURN/e1828644884076428/w13/t1 stage=admitted sender=1 generation=0 advanced retired=false waiting=[1] subsumed=[]
[19:44:19.557] LOG: [coop:webrtc] raw tx QUEUE role=host t=authorityEntry bytes=28602
[19:44:19.559] LOG: [coop:webrtc] raw tx CHUNKED role=host t=authorityEntry bytes=28602 chunks=4 id=host-0-467
[19:44:19.568] LOG: [coop:v2-authority] receipt rev=31 op=TURN/e1828644884076428/w13/t1 stage=admitted sender=1 generation=0 duplicate highestStage=0
[19:44:20.070] LOG: [coop:webrtc] raw tx QUEUE role=host t=authorityEntry bytes=28602
[19:44:20.072] LOG: [coop:webrtc] raw tx CHUNKED role=host t=authorityEntry bytes=28602 chunks=4 id=host-0-468
[19:44:20.094] LOG: [coop:v2-authority] receipt rev=31 op=TURN/e1828644884076428/w13/t1 stage=admitted sender=1 generation=0 duplicate highestStage=0
[19:44:21.079] LOG: [coop:webrtc] raw tx QUEUE role=host t=authorityEntry bytes=28602
[19:44:21.080] LOG: [coop:webrtc] raw tx CHUNKED role=host t=authorityEntry bytes=28602 chunks=4 id=host-0-469
[19:44:21.090] LOG: [coop:v2-authority] receipt rev=31 op=TURN/e1828644884076428/w13/t1 stage=admitted sender=1 generation=0 duplicate highestStage=0
[19:44:22.802] LOG: [coop:webrtc] raw rx role=host t=turnCommitAck bytes=189 handlers=10
[19:44:22.803] LOG: [coop:stream] host IGNORE cosmetic turn ACK stage=materialApplied key=1828644884076428:13:1:93 (v2 owns retirement)
[19:44:22.827] LOG: [coop:webrtc] raw rx role=host t=turnCommitAck bytes=191 handlers=10
[19:44:22.827] LOG: [coop:stream] host IGNORE cosmetic turn ACK stage=presentationReady key=1828644884076428:13:1:93 (v2 owns retirement)
[19:44:22.828] LOG: [coop:v2-authority] receipt rev=31 op=TURN/e1828644884076428/w13/t1 stage=admitted sender=1 generation=0 duplicate highestStage=0
[19:44:22.828] LOG: [coop:v2-authority] receipt rev=31 op=TURN/e1828644884076428/w13/t1 stage=materialApplied sender=1 generation=0 advanced retired=false waiting=[1] subsumed=[]
[19:44:22.836] LOG: [coop:webrtc] raw rx role=host t=rendezvous bytes=37 handlers=10
[19:44:22.836] LOG: [coop:rendezvous] RECV arrival point=cmd:13:2 -> deliver-to-waiter role=host
[19:44:22.836] LOG: [coop:webrtc] raw tx QUEUE role=host t=rendezvous bytes=37
[19:44:22.837] LOG: [coop:rendezvous] AWAIT point=cmd:13:2 RESOLVE both-arrived role=host
[19:44:22.840] LOG: [coop:webrtc] raw rx role=host t=turnCommitAck bytes=191 handlers=10
[19:44:22.840] LOG: [coop:stream] host IGNORE cosmetic turn ACK stage=continuationReady key=1828644884076428:13:1:93 (v2 owns retirement)
[19:44:22.840] LOG: [coop:v2-authority] receipt rev=31 op=TURN/e1828644884076428/w13/t1 stage=materialApplied sender=1 generation=0 duplicate highestStage=1
[19:44:22.840] LOG: [coop:v2-authority] receipt rev=31 op=TURN/e1828644884076428/w13/t1 stage=controlInstalled sender=1 generation=0 advanced retired=true waiting=[] subsumed=[]
[19:44:22.994] LOG: [coop:webrtc] raw rx role=host t=command bytes=242 handlers=10
[19:44:22.994] LOG: [coop:relay] recv command fieldIndex=1 turn=2 command=0 -> BUFFERED (no awaiter yet)
[19:44:25.184] LOG: Move: POWER_UP_PUNCH Move targets: {"targets":[2,1],"multiple":false} 
Player Pokemon: Kangaskhan
[19:44:25.187] LOG: %cStart Phase SelectTargetPhase color:green;
[19:44:25.367] LOG: [coop:owner] broadcast own-slot fi=0 turn=2 role=host cmd=0
[19:44:25.368] LOG: [coop:relay] broadcastLocalCommand SEND fieldIndex=0 owner=host turn=2 command=0 cursor=2 moveId=612 targets=[2]
[19:44:25.368] LOG: [coop:webrtc] raw tx QUEUE role=host t=command bytes=185
[19:44:25.368] LOG: %cStart Phase CommandPhase color:green;
[19:44:25.374] LOG: [coop:battle] CommandPhase slot=1 turn=2 owner=guest role=host -> partner path
[19:44:25.377] LOG: [coop:relay] host requestPartnerCommand fieldIndex=1 turn=2 moveSlots=[0,1,2,3] -> consumed BUFFERED command kind=0
[19:44:25.378] LOG: [coop:ai] applyWiredPartnerCommand partner=155 wiredMoveId=257 cursor=0 -> moveId=257 moveIndex=0 tera=false targets=[2] targetsFrom=wire-verbatim useMode=1
[19:44:25.378] LOG: Move: HEAT_WAVE Move targets: {"targets":[2],"multiple":true} 
Player Pokemon: Cyndaquil
[19:44:25.379] LOG: %cStart Phase EnemyCommandPhase color:green;
[19:44:25.462] LOG: Battle Seed: BzZajX0UHvj5nZtE
[19:44:25.470] WARN: BattlerTag STOCKPILING is missing a score!
[19:44:25.490] WARN: BattlerTag STOCKPILING is missing a score!
[19:44:25.491] LOG: Move Pool: ["Tackle","Berry Smash","Defense Curl","Stockpile"]
[19:44:25.491] LOG: Move Scores: [12,6.5,2,0]
[19:44:25.491] LOG: Sorted Move Pool: ["Tackle","Berry Smash","Defense Curl","Stockpile"]
[19:44:25.491] LOG: Chosen Move: Berry Smash
[19:44:25.491] LOG: %cStart Phase TurnStartPhase color:green;
[19:44:25.491] LOG: [coop:turn] host recorder: begin turn=2 scope=1828644884076428:13 (no prior open recording)
[19:44:25.525] LOG: %cStart Phase MovePhase color:green;
[19:44:25.525] LOG: %cUser: Kangaskhan
Move: POWER_UP_PUNCH
Use Mode: NORMAL color:orchid
[19:44:25.544] LOG: [coop:turn] host recorder: append turn=2 seq=0 k=moveUsed total=1 live=true
[19:44:25.544] LOG: [coop:runtime] ME-stream live-event host turn=2 seq=0 k=moveUsed
[19:44:25.544] LOG: [coop:replay] host EMIT live battleEvent turn=2 seq=0 k=moveUsed
[19:44:25.544] LOG: [coop:webrtc] raw tx QUEUE role=host t=battleEvent bytes=251
[19:44:25.570] LOG: %cStart Phase MessagePhase color:green;
[19:44:25.678] LOG: %cStart Phase MoveEffectPhase color:green;
[19:44:25.685] LOG: [coop:turn] host recorder: append turn=2 seq=1 k=moveAnim total=2 live=true
[19:44:25.685] LOG: [coop:runtime] ME-stream live-event host turn=2 seq=1 k=moveAnim
[19:44:25.685] LOG: [coop:replay] host EMIT live battleEvent turn=2 seq=1 k=moveAnim
[19:44:25.685] LOG: [coop:webrtc] raw tx QUEUE role=host t=battleEvent bytes=260
[19:44:25.900] LOG: crit stage: +0
[19:44:25.907] LOG: Move: Power-Up Punch | Base damage: 26.746666666666666 | Power: 40 | Source attack: 87 | Target defense: 18
[19:44:25.910] LOG: Move: Power-Up Punch | Attack damage: 48
[19:44:25.911] LOG: [coop:turn] host recorder: append turn=2 seq=2 k=hp total=3 live=true
[19:44:25.911] LOG: [coop:runtime] ME-stream live-event host turn=2 seq=2 k=hp
[19:44:25.911] LOG: [coop:replay] host EMIT live battleEvent turn=2 seq=2 k=hp
[19:44:25.911] LOG: [coop:webrtc] raw tx QUEUE role=host t=battleEvent bytes=200
[19:44:25.911] LOG: [coop:turn] host recorder: append turn=2 seq=3 k=faint total=4 live=true
[19:44:25.911] LOG: [coop:runtime] ME-stream live-event host turn=2 seq=3 k=faint
[19:44:25.911] LOG: [coop:replay] host EMIT live battleEvent turn=2 seq=3 k=faint
[19:44:25.911] LOG: [coop:webrtc] raw tx QUEUE role=host t=battleEvent bytes=172
[19:44:25.913] LOG: [coop:turn] host recorder: append turn=2 seq=4 k=message total=5 live=true
[19:44:25.913] LOG: [coop:runtime] ME-stream live-event host turn=2 seq=4 k=message
[19:44:25.913] LOG: [coop:replay] host EMIT live battleEvent turn=2 seq=4 k=message
[19:44:25.913] LOG: [coop:webrtc] raw tx QUEUE role=host t=battleEvent bytes=128
[19:44:25.918] LOG: %cStart Phase DamageAnimPhase color:green;
[19:44:25.943] LOG: %cStart Phase MessagePhase color:green;
[19:44:26.142] LOG: %cStart Phase StatStageChangePhase color:green;
[19:44:26.363] LOG: [coop:turn] host recorder: append turn=2 seq=5 k=message total=6 live=true
[19:44:26.363] LOG: [coop:runtime] ME-stream live-event host turn=2 seq=5 k=message
[19:44:26.363] LOG: [coop:replay] host EMIT live battleEvent turn=2 seq=5 k=message
[19:44:26.363] LOG: [coop:webrtc] raw tx QUEUE role=host t=battleEvent bytes=132
[19:44:26.363] LOG: [coop:turn] host recorder: append turn=2 seq=6 k=statStage total=7 live=true
[19:44:26.363] LOG: [coop:runtime] ME-stream live-event host turn=2 seq=6 k=statStage
[19:44:26.363] LOG: [coop:replay] host EMIT live battleEvent turn=2 seq=6 k=statStage
[19:44:26.363] LOG: [coop:webrtc] raw tx QUEUE role=host t=battleEvent bytes=171
[19:44:26.372] LOG: %cStart Phase MessagePhase color:green;
[19:44:26.567] LOG: %cStart Phase FaintPhase color:green;
[19:44:26.635] LOG: %cStart Phase MessagePhase color:green;
[19:44:26.739] LOG: %cStart Phase VictoryPhase color:green;
[19:44:26.740] LOG: [coop:progression] HOST applyPartyExp COMPUTE wave=13 expValue=89 koMon=Skwovet
[19:44:26.740] LOG: Applied Soothe Bell 
[19:44:26.740] LOG: [coop:runtime] defer raw waveResolved wave=13 outcome=win until its material turnResolution is retained
[19:44:26.740] LOG: %cStart Phase ExpPhase color:green;
[19:44:26.740] LOG: Applied Super EXP. Charm 
[19:44:26.740] LOG: Applied EXP. Charm 
[19:44:26.914] LOG: [coop:progression] HOST progression capture wave=13 seq=6 k=exp slot=0
[19:44:26.928] LOG: %cStart Phase ExpPhase color:green;
[19:44:26.929] LOG: Applied Super EXP. Charm 
[19:44:26.929] LOG: Applied EXP. Charm 
[19:44:27.086] LOG: [coop:progression] HOST progression capture wave=13 seq=7 k=exp slot=1
[19:44:27.160] LOG: %cStart Phase LevelUpPhase color:green;
[19:44:27.161] LOG: [coop:progression] HOST progression capture wave=13 seq=8 k=levelUp slot=1
[19:44:27.161] LOG: %cStart Phase ShowPartyExpBarPhase color:green;
[19:44:27.162] LOG: Applied Super EXP. Charm 
[19:44:27.162] LOG: Applied EXP. Charm 
[19:44:27.162] LOG: [coop:progression] HOST progression capture wave=13 seq=9 k=exp slot=2
[19:44:27.163] LOG: %cStart Phase HidePartyExpBarPhase color:green;
[19:44:27.163] LOG: %cStart Phase ShowPartyExpBarPhase color:green;
[19:44:27.164] LOG: Applied Super EXP. Charm 
[19:44:27.164] LOG: Applied EXP. Charm 
[19:44:27.164] LOG: [coop:progression] HOST progression capture wave=13 seq=10 k=exp slot=3
[19:44:27.164] LOG: %cStart Phase HidePartyExpBarPhase color:green;
[19:44:27.165] LOG: %cStart Phase ShowPartyExpBarPhase color:green;
[19:44:27.165] LOG: Applied Super EXP. Charm 
[19:44:27.165] LOG: Applied EXP. Charm 
[19:44:27.165] LOG: [coop:progression] HOST progression capture wave=13 seq=11 k=exp slot=4
[19:44:27.165] LOG: %cStart Phase HidePartyExpBarPhase color:green;
[19:44:27.165] LOG: %cStart Phase MoveEndPhase color:green;
[19:44:27.168] LOG: %cStart Phase MovePhase color:green;
[19:44:27.168] LOG: %cUser: Cyndaquil
Move: HEAT_WAVE
Use Mode: NORMAL color:orchid
[19:44:27.174] LOG: [coop:turn] host recorder: append turn=2 seq=7 k=moveUsed total=8 live=true
[19:44:27.174] LOG: [coop:runtime] ME-stream live-event host turn=2 seq=7 k=moveUsed
[19:44:27.174] LOG: [coop:replay] host EMIT live battleEvent turn=2 seq=7 k=moveUsed
[19:44:27.174] LOG: [coop:webrtc] raw tx QUEUE role=host t=battleEvent bytes=212
[19:44:27.175] LOG: [coop:turn] host recorder: append turn=2 seq=8 k=message total=9 live=true
[19:44:27.175] LOG: [coop:runtime] ME-stream live-event host turn=2 seq=8 k=message
[19:44:27.175] LOG: [coop:replay] host EMIT live battleEvent turn=2 seq=8 k=message
[19:44:27.175] LOG: [coop:webrtc] raw tx QUEUE role=host t=battleEvent bytes=119
[19:44:27.175] LOG: %cStart Phase MessagePhase color:green;
[19:44:27.273] LOG: %cStart Phase MessagePhase color:green;
[19:44:27.524] LOG: %cStart Phase MoveEndPhase color:green;
[19:44:27.525] LOG: %cStart Phase MovePhase color:green;
[19:44:27.525] LOG: %cStart Phase MoveEndPhase color:green;
[19:44:27.526] LOG: %cStart Phase CheckInterludePhase color:green;
[19:44:27.526] LOG: %cStart Phase WeatherEffectPhase color:green;
[19:44:27.526] LOG: %cStart Phase PositionalTagPhase color:green;
[19:44:27.526] LOG: %cStart Phase BerryPhase color:green;
[19:44:27.529] LOG: %cStart Phase CheckStatusEffectPhase color:green;
[19:44:27.533] LOG: %cStart Phase TurnEndPhase color:green;
[19:44:27.538] LOG: %cStart Phase CoopTurnCommitPhase color:green;
[19:44:27.538] LOG: [coop:turn] host recorder: finalize turn=2 events=9 seq=9
[19:44:27.538] LOG: [coop:checkpoint] build field=4 weather=0/0 terrain=0/0 arenaTags=0 money=178 mons=[bi0:sp115/hp47-47/st0/fnt0 bi1:sp155/hp30-32/st0/fnt0 bi2:sp819/hp0-30/st7/fnt1 bi3:sp399/hp0-33/st7/fnt1]
[19:44:27.538] LOG: [coop:checkpoint] host capture field=4 weather=0 terrain=0 money=178 arenaTags=0 mons=[bi0:sp115/hp47-47/st0/fnt0 bi1:sp155/hp30-32/st0/fnt0 bi2:sp819/hp0-30/st7/fnt1 bi3:sp399/hp0-33/st7/fnt1]
[19:44:27.540] LOG: [coop:interaction] interactionCounter() read -> 13 (role=host)
[19:44:27.541] LOG: [coop:replay] host SEND turnResolution e=1828644884076428 wave=13 turn=2 rev=99 events=9 checksum=a430b83de3719365
[19:44:27.551] LOG: [coop:webrtc] raw tx QUEUE role=host t=authorityEntry bytes=26495
[19:44:27.552] LOG: [coop:webrtc] raw tx CHUNKED role=host t=authorityEntry bytes=26495 chunks=3 id=host-0-481
[19:44:27.554] LOG: [coop:v2-shadow] PARITY kind=TURN_COMMIT rev=32 match=true field=- successor=none-non-command-boundary
[19:44:27.554] LOG: [coop:webrtc] raw tx QUEUE role=host t=turnResolution bytes=25682
[19:44:27.555] LOG: [coop:webrtc] raw tx CHUNKED role=host t=turnResolution bytes=25682 chunks=3 id=host-0-482
[19:44:27.555] LOG: [coop:runtime] send waveResolved wave=13 outcome=win (host)
[19:44:27.555] LOG: [coop:replay] host SEND waveResolved wave=13 outcome=win transition=WAVE_VICTORY/next14/biome0/egg1/wild
[19:44:27.555] LOG: [coop:webrtc] raw tx QUEUE role=host t=waveResolved bytes=212
[19:44:27.555] LOG: %cStart Phase BattleEndPhase color:green;
[19:44:27.556] LOG: Battle Score: 49 (2 Turns x0.84)
[19:44:27.556] LOG: Total Score: 465
[19:44:27.568] LOG: [coop:progression] HOST automatic victory settlement deferred wave=13 sourceTurn=2 settlementTurn=3
[19:44:27.572] LOG: %cStart Phase EggLapsePhase color:green;
[19:44:27.572] LOG: %cStart Phase CoopVictorySealPhase color:green;
[19:44:27.583] LOG: [coop:webrtc] raw tx QUEUE role=host t=authorityEntry bytes=21971
[19:44:27.584] LOG: [coop:webrtc] raw tx CHUNKED role=host t=authorityEntry bytes=21971 chunks=3 id=host-0-484
[19:44:27.585] LOG: [coop:v2-shadow] PARITY kind=WAVE_ADVANCE rev=33 match=true field=-
[19:44:27.585] LOG: [coop:runtime] settled WAVE_ADVANCE committed wave=13 tick=100 next=WAVE_VICTORY/wave14
[19:44:27.585] LOG: [coop:runtime] send waveEndState wave=13 tick=100 (host)
[19:44:27.585] LOG: [coop:replay] host SEND waveEndState wave=13 tick=100 party=5
[19:44:27.585] LOG: [coop:webrtc] raw tx QUEUE role=host t=waveEndState bytes=19252
[19:44:27.587] LOG: [coop:webrtc] raw tx CHUNKED role=host t=waveEndState bytes=19252 chunks=3 id=host-0-485
[19:44:27.587] LOG: [coop:progression] HOST automatic victory settlement sealed wave=13 sourceTurn=2 settlementTurn=3 tick=100
[19:44:27.587] LOG: %cStart Phase SelectModifierPhase color:green;
[19:44:27.587] LOG: [coop:interaction] interactionCounter() read -> 13 (role=host)
[19:44:27.587] LOG: Wave Seed: }zefTO]ws=sZnB{usbV[Fg 13
[19:44:27.624] LOG: [coop:owner] ownerOf(counter=13) seat=1 -> owner=guest
[19:44:27.624] LOG: [coop:owner] isLocalOwnerAtCounter(pinnedCounter=13) parity=1 owner=guest role=host -> false
[19:44:27.624] LOG: [coop:interaction] interactionCounter() read -> 13 (role=host)
[19:44:27.624] LOG: [coop:reward] owner/watcher decision: pinnedStart=13 liveCounter=13 parity=1 role=host pick=WATCHER option=ROLL spoof=false
[19:44:27.624] LOG: [coop:shop] serializeRewardOptions count=3 ids=[BERRY,REVIVER_SEED,POKEBALL] tiers=[0,2,0]
[19:44:27.624] LOG: [coop:reward] OWNER streams reward options (start=13 reroll=0 count=3 ids=[BERRY,REVIVER_SEED,POKEBALL])
[19:44:27.624] LOG: [coop:relay] SEND rewardOptions seq=13 reroll=0 count=3 ids=[BERRY,REVIVER_SEED,POKEBALL]
[19:44:27.645] LOG: [coop:webrtc] raw tx QUEUE role=host t=authorityEntry bytes=20600
[19:44:27.646] LOG: [coop:webrtc] raw tx CHUNKED role=host t=authorityEntry bytes=20600 chunks=3 id=host-0-486
[19:44:27.650] LOG: [coop:v2-shadow] PARITY kind=INTERACTION_COMMIT rev=34 match=true field=-
[19:44:27.650] LOG: [coop:reward] authoritative options retained surface=reward pin=13 reroll=0 count=3 rev=12 id=1828644884076428:1:REWARD_PRESENT:1300000
[19:44:27.651] LOG: [coop:v2-interaction] suppressed raw rewardOptions key=13:0; immutable entry retained
[19:44:27.651] LOG: [coop:rendezvous] ARRIVE point=shop:13:13 (send) role=host
[19:44:27.651] LOG: [coop:webrtc] raw tx QUEUE role=host t=rendezvous bytes=39
[19:44:27.651] LOG: [coop:reward] WATCHER waits for partner's reward picks (start=13 role=host wave=13)
[19:44:27.687] LOG: [coop:interaction] mirror begin role=watcher mirrorSeq=832 interactionStart=13 reroll=0
[19:44:27.689] LOG: [coop:interaction] uiMirror beginSession role=watcher mode=6 seq=832 early=0
[19:44:27.689] LOG: [coop:relay] AWAIT interactionChoice seq=13 timeoutMs=1200000 expected=[reward,shop,skip,reroll,check,transfer,lock] -> network-wait
[19:44:27.702] LOG: [coop:v2-authority] receipt rev=32 op=TURN/e1828644884076428/w13/t2 stage=admitted sender=1 generation=0 advanced retired=false waiting=[1] subsumed=[]
[19:44:27.702] LOG: [coop:v2-authority] receipt rev=33 op=V2/WAVE/e1828644884076428/w13/tick100 stage=admitted sender=1 generation=0 advanced retired=false waiting=[1] subsumed=[32]
[19:44:27.703] LOG: [coop:webrtc] raw tx QUEUE role=host t=authorityEntry bytes=21971
[19:44:27.703] LOG: [coop:webrtc] raw tx CHUNKED role=host t=authorityEntry bytes=21971 chunks=3 id=host-0-488
[19:44:27.704] LOG: [coop:webrtc] raw tx QUEUE role=host t=authorityEntry bytes=20600
[19:44:27.705] LOG: [coop:webrtc] raw tx CHUNKED role=host t=authorityEntry bytes=20600 chunks=3 id=host-0-489
[19:44:27.715] LOG: [coop:v2-authority] receipt rev=33 op=V2/WAVE/e1828644884076428/w13/tick100 stage=admitted sender=1 generation=0 duplicate highestStage=0
[19:44:27.851] LOG: [coop:webrtc] raw tx QUEUE role=host t=authorityEntry bytes=21971
[19:44:27.852] LOG: [coop:webrtc] raw tx CHUNKED role=host t=authorityEntry bytes=21971 chunks=3 id=host-0-490
[19:44:27.871] LOG: [coop:v2-authority] receipt rev=33 op=V2/WAVE/e1828644884076428/w13/tick100 stage=admitted sender=1 generation=0 duplicate highestStage=0
[19:44:27.914] LOG: [coop:webrtc] raw tx QUEUE role=host t=authorityEntry bytes=20600
[19:44:27.915] LOG: [coop:webrtc] raw tx CHUNKED role=host t=authorityEntry bytes=20600 chunks=3 id=host-0-491
[19:44:28.368] LOG: [coop:webrtc] raw tx QUEUE role=host t=authorityEntry bytes=21971
[19:44:28.369] LOG: [coop:webrtc] raw tx CHUNKED role=host t=authorityEntry bytes=21971 chunks=3 id=host-0-492
[19:44:28.391] LOG: [coop:v2-authority] receipt rev=33 op=V2/WAVE/e1828644884076428/w13/tick100 stage=admitted sender=1 generation=0 duplicate highestStage=0
[19:44:28.425] LOG: [coop:webrtc] raw tx QUEUE role=host t=authorityEntry bytes=20600
[19:44:28.428] LOG: [coop:webrtc] raw tx CHUNKED role=host t=authorityEntry bytes=20600 chunks=3 id=host-0-493
[19:44:29.371] LOG: [coop:webrtc] raw tx QUEUE role=host t=authorityEntry bytes=21971
[19:44:29.372] LOG: [coop:webrtc] raw tx CHUNKED role=host t=authorityEntry bytes=21971 chunks=3 id=host-0-494
[19:44:29.385] LOG: [coop:v2-authority] receipt rev=33 op=V2/WAVE/e1828644884076428/w13/tick100 stage=admitted sender=1 generation=0 duplicate highestStage=0
[19:44:29.432] LOG: [coop:webrtc] raw tx QUEUE role=host t=authorityEntry bytes=20600
[19:44:29.433] LOG: [coop:webrtc] raw tx CHUNKED role=host t=authorityEntry bytes=20600 chunks=3 id=host-0-495
[19:44:30.444] LOG: [coop:webrtc] raw rx role=host t=turnCommitAck bytes=189 handlers=10
[19:44:30.445] LOG: [coop:stream] host IGNORE cosmetic turn ACK stage=materialApplied key=1828644884076428:13:2:99 (v2 owns retirement)
[19:44:30.466] LOG: [coop:webrtc] raw rx role=host t=turnCommitAck bytes=191 handlers=10
[19:44:30.466] LOG: [coop:stream] host IGNORE cosmetic turn ACK stage=presentationReady key=1828644884076428:13:2:99 (v2 owns retirement)
[19:44:30.466] LOG: [coop:v2-authority] receipt rev=33 op=V2/WAVE/e1828644884076428/w13/tick100 stage=admitted sender=1 generation=0 duplicate highestStage=0
[19:44:31.384] LOG: [coop:webrtc] raw tx QUEUE role=host t=authorityEntry bytes=21971
[19:44:31.386] LOG: [coop:webrtc] raw tx CHUNKED role=host t=authorityEntry bytes=21971 chunks=3 id=host-0-496
[19:44:31.407] LOG: [coop:v2-authority] receipt rev=33 op=V2/WAVE/e1828644884076428/w13/tick100 stage=admitted sender=1 generation=0 duplicate highestStage=0
[19:44:31.444] LOG: [coop:webrtc] raw tx QUEUE role=host t=authorityEntry bytes=20600
[19:44:31.445] LOG: [coop:webrtc] raw tx CHUNKED role=host t=authorityEntry bytes=20600 chunks=3 id=host-0-497
[19:44:35.357] LOG: [coop:v2-authority] receipt rev=33 op=V2/WAVE/e1828644884076428/w13/tick100 stage=admitted sender=1 generation=0 duplicate highestStage=0
[19:44:35.395] LOG: [coop:webrtc] raw tx QUEUE role=host t=authorityEntry bytes=21971
[19:44:35.396] LOG: [coop:webrtc] raw tx CHUNKED role=host t=authorityEntry bytes=21971 chunks=3 id=host-0-498
[19:44:35.411] LOG: [coop:webrtc] raw rx role=host t=rendezvous bytes=39 handlers=10
[19:44:35.412] LOG: [coop:rendezvous] RECV arrival point=shop:13:13 -> BUFFER (no waiter yet) role=host
[19:44:35.412] LOG: [coop:v2-authority] receipt rev=33 op=V2/WAVE/e1828644884076428/w13/tick100 stage=materialApplied sender=1 generation=0 advanced retired=false waiting=[1] subsumed=[]
[19:44:35.413] LOG: [coop:webrtc] raw tx QUEUE role=host t=authorityEntry bytes=20600
[19:44:35.414] LOG: [coop:webrtc] raw tx CHUNKED role=host t=authorityEntry bytes=20600 chunks=3 id=host-0-499
[19:44:35.414] LOG: [coop:v2-authority] receipt rev=33 op=V2/WAVE/e1828644884076428/w13/tick100 stage=controlInstalled sender=1 generation=0 advanced retired=true waiting=[] subsumed=[]
[19:44:35.414] LOG: [coop:v2-authority] receipt rev=34 op=1828644884076428:1:REWARD_PRESENT:1300000 stage=admitted sender=1 generation=0 advanced retired=false waiting=[1] subsumed=[]
[19:44:35.422] LOG: [coop:v2-authority] receipt rev=34 op=1828644884076428:1:REWARD_PRESENT:1300000 stage=materialApplied sender=1 generation=0 advanced retired=false waiting=[1] subsumed=[]
[19:44:35.440] LOG: [coop:webrtc] raw rx role=host t=turnCommitAck bytes=191 handlers=10
[19:44:35.440] LOG: [coop:stream] host IGNORE cosmetic turn ACK stage=continuationReady key=1828644884076428:13:2:99 (v2 owns retirement)
[19:44:35.448] LOG: [coop:v2-authority] receipt rev=34 op=1828644884076428:1:REWARD_PRESENT:1300000 stage=materialApplied sender=1 generation=0 duplicate highestStage=1
[19:44:35.448] LOG: [coop:v2-authority] receipt rev=34 op=1828644884076428:1:REWARD_PRESENT:1300000 stage=controlInstalled sender=1 generation=0 advanced retired=true waiting=[] subsumed=[]
[19:44:35.448] LOG: [coop:webrtc] raw rx role=host t=uiInput bytes=51 handlers=10
[19:44:35.448] LOG: [coop:interaction] uiMirror WATCHER apply n=0 button=5 mode=6
[19:44:35.467] LOG: [coop:v2-authority] receipt rev=33 op=V2/WAVE/e1828644884076428/w13/tick100 stage=controlInstalled sender=1 generation=0 rejected reason=unknown-revision
[19:44:35.467] LOG: [coop:v2-authority] receipt rev=34 op=1828644884076428:1:REWARD_PRESENT:1300000 stage=controlInstalled sender=1 generation=0 rejected reason=unknown-revision
[19:44:36.303] LOG: [coop:webrtc] raw rx role=host t=uiInput bytes=51 handlers=10
[19:44:36.305] LOG: [coop:interaction] uiMirror WATCHER apply n=1 button=3 mode=6
[19:44:40.288] LOG: [coop:interaction] interactionCounter() read -> 13 (role=host)
[19:44:40.289] LOG: [coop:health] tick=0g turn=3 wave=13 counter=13 assertions=0 wait=12598ms machineWaits=- peerBeat=235s lastRx=0s transport=connected journal=0/0 queue=0
[19:45:10.944] LOG: [coop:interaction] interactionCounter() read -> 13 (role=host)
[19:45:10.944] LOG: [coop:health] tick=0g turn=3 wave=13 counter=13 assertions=0 wait=43254ms machineWaits=- peerBeat=266s lastRx=1s transport=connected journal=0/0 queue=0
[19:45:40.948] LOG: [coop:interaction] interactionCounter() read -> 13 (role=host)
[19:45:40.948] LOG: [coop:health] tick=0g turn=3 wave=13 counter=13 assertions=0 wait=73258ms machineWaits=- peerBeat=296s lastRx=1s transport=connected journal=0/0 queue=0
[19:46:15.939] LOG: [coop:interaction] interactionCounter() read -> 13 (role=host)
[19:46:15.939] LOG: [coop:health] tick=0g turn=3 wave=13 counter=13 assertions=0 wait=108249ms machineWaits=- peerBeat=331s lastRx=1s transport=connected journal=0/0 queue=0
[19:46:50.938] LOG: [coop:interaction] interactionCounter() read -> 13 (role=host)
[19:46:50.938] LOG: [coop:health] tick=0g turn=3 wave=13 counter=13 assertions=0 wait=143248ms machineWaits=- peerBeat=366s lastRx=1s transport=connected journal=0/0 queue=0
[19:47:20.939] LOG: [coop:interaction] interactionCounter() read -> 13 (role=host)
[19:47:20.939] LOG: [coop:health] tick=0g turn=3 wave=13 counter=13 assertions=0 wait=173249ms machineWaits=- peerBeat=396s lastRx=1s transport=connected journal=0/0 queue=0
[19:47:50.942] LOG: [coop:interaction] interactionCounter() read -> 13 (role=host)
[19:47:50.942] LOG: [coop:health] tick=0g turn=3 wave=13 counter=13 assertions=0 wait=203252ms machineWaits=- peerBeat=426s lastRx=1s transport=connected journal=0/0 queue=0
[19:48:20.952] LOG: [coop:interaction] interactionCounter() read -> 13 (role=host)
[19:48:20.952] LOG: [coop:health] tick=0g turn=3 wave=13 counter=13 assertions=0 wait=233262ms machineWaits=- peerBeat=456s lastRx=5s transport=connected journal=0/0 queue=0
[19:48:55.942] LOG: [coop:interaction] interactionCounter() read -> 13 (role=host)
[19:48:55.942] LOG: [coop:health] tick=0g turn=3 wave=13 counter=13 assertions=0 wait=268252ms machineWaits=- peerBeat=491s lastRx=5s transport=connected journal=0/0 queue=0
[19:49:25.946] LOG: [coop:interaction] interactionCounter() read -> 13 (role=host)
[19:49:25.947] LOG: [coop:health] tick=0g turn=3 wave=13 counter=13 assertions=0 wait=298256ms machineWaits=- peerBeat=521s lastRx=5s transport=connected journal=0/0 queue=0
[19:49:55.947] LOG: [coop:interaction] interactionCounter() read -> 13 (role=host)
[19:49:55.947] LOG: [coop:health] tick=0g turn=3 wave=13 counter=13 assertions=0 wait=328257ms machineWaits=- peerBeat=551s lastRx=5s transport=connected journal=0/0 queue=0
[19:50:27.316] LOG: [coop:interaction] interactionCounter() read -> 13 (role=host)
[19:50:27.317] LOG: [coop:health] tick=0g turn=3 wave=13 counter=13 assertions=0 wait=359626ms machineWaits=- peerBeat=582s lastRx=6s transport=connected journal=0/0 queue=0
[19:51:00.941] LOG: [coop:interaction] interactionCounter() read -> 13 (role=host)
[19:51:00.941] LOG: [coop:health] tick=0g turn=3 wave=13 counter=13 assertions=0 wait=393251ms machineWaits=- peerBeat=616s lastRx=5s transport=connected journal=0/0 queue=0
[19:51:30.943] LOG: [coop:interaction] interactionCounter() read -> 13 (role=host)
[19:51:30.943] LOG: [coop:health] tick=0g turn=3 wave=13 counter=13 assertions=0 wait=423253ms machineWaits=- peerBeat=646s lastRx=5s transport=connected journal=0/0 queue=0
[19:52:00.943] LOG: [coop:interaction] interactionCounter() read -> 13 (role=host)
[19:52:00.943] LOG: [coop:health] tick=0g turn=3 wave=13 counter=13 assertions=0 wait=453253ms machineWaits=- peerBeat=676s lastRx=5s transport=connected journal=0/0 queue=0
[19:52:30.943] LOG: [coop:interaction] interactionCounter() read -> 13 (role=host)
[19:52:30.943] LOG: [coop:health] tick=0g turn=3 wave=13 counter=13 assertions=0 wait=483253ms machineWaits=- peerBeat=706s lastRx=5s transport=connected journal=0/0 queue=0
[19:53:05.953] LOG: [coop:interaction] interactionCounter() read -> 13 (role=host)
[19:53:05.953] LOG: [coop:health] tick=0g turn=3 wave=13 counter=13 assertions=0 wait=518263ms machineWaits=- peerBeat=741s lastRx=5s transport=connected journal=0/0 queue=0
[19:53:40.939] LOG: [coop:interaction] interactionCounter() read -> 13 (role=host)
[19:53:40.939] LOG: [coop:health] tick=0g turn=3 wave=13 counter=13 assertions=0 wait=553249ms machineWaits=- peerBeat=776s lastRx=5s transport=connected journal=0/0 queue=0
[19:54:10.950] LOG: [coop:interaction] interactionCounter() read -> 13 (role=host)
[19:54:10.950] LOG: [coop:health] tick=0g turn=3 wave=13 counter=13 assertions=0 wait=583260ms machineWaits=- peerBeat=806s lastRx=5s transport=connected journal=0/0 queue=0
[19:54:45.305] LOG: [coop:interaction] interactionCounter() read -> 13 (role=host)
[19:54:45.305] LOG: [coop:health] tick=0g turn=3 wave=13 counter=13 assertions=0 wait=617615ms machineWaits=- peerBeat=840s lastRx=0s transport=connected journal=0/0 queue=0
[19:54:56.540] LOG: [coop:interaction] interactionCounter() read -> 13 (role=host)

----- REPLAY TRACE (JSON) -----
{"version":2,"seed":"pmXYGwBPjf0fzMa5nhfUIN9Z","gameModeId":6,"difficulty":"youngster","challenges":[],"roster":[{"id":377954310,"player":true,"species":115,"formIndex":0,"abilityIndex":0,"passive":false,"shiny":true,"variant":0,"pokeball":0,"level":8,"exp":625,"levelExp":113,"gender":1,"hp":33,"stats":[47,29,26,17,26,28],"ivs":[31,31,31,31,31,31],"nature":0,"moveset":[{"moveId":69,"ppUsed":0,"ppUp":0},{"moveId":252,"ppUsed":6,"ppUp":0},{"moveId":612,"ppUsed":5,"ppUp":0},{"moveId":885,"ppUsed":1,"ppUp":0}],"status":null,"friendship":111,"metLevel":5,"metBiome":-1,"metSpecies":115,"metWave":-1,"luck":1,"pauseEvolutions":false,"pokerus":false,"usedTMs":[],"teraType":0,"isTerastallized":false,"stellarTypesBoosted":[0,11,1],"fusionSpecies":null,"fusionShiny":false,"fusionVariant":0,"fusionLuck":1,"fusionTeraType":0,"boss":false,"bossSegments":0,"coopOwner":"host","summonData":{"statStages":[1,0,-1,0,1,0,0],"moveQueue":[],"tags":[{"tagType":"TORMENT","turnCount":1,"sourceMove":259,"sourceId":2630308344}],"abilitySuppressed":false,"abilitiesApplied":[185,5030],"erSuppressedInnateSlots":[true,false,false],"erTimedAbilitySuppressions":[],"erAbilityProvenance":[],"erImposterCopiedAttackBoost":false,"chuckusterReductionUsed":false,"forceAttackerOutUsed":false,"erCommandedUsedThisSwitchIn":false,"stats":[0,0,0,0,0,0],"types":[],"berriesEatenLast":[],"moveHistory":[{"move":252,"targets":[2],"result":1,"useMode":1},{"move":885,"targets":[3],"result":1,"useMode":1},{"move":612,"targets":[2],"useMode":1,"result":2},{"move":252,"targets":[2],"result":1,"useMode":1},{"move":612,"targets":[2],"result":1,"useMode":1},{"move":69,"targets":[3],"result":1,"useMode":1},{"move":612,"targets":[2],"useMode":1,"result":2}]},"battleData":{"hitCount":1,"hasEatenBerry":false,"berriesEaten":[],"anticipationDodgeUsed":false,"rudeAwakeningTriggered":false,"cowardProtectUsed":false,"lostItems":[]},"customPokemonData":{"spriteScale":-1,"ability":-1,"passive":-1,"passive2":-1,"passive3":-1,"nature":-1,"bonusMoveSlots":0,"abilityOverridesForm":false,"types":[],"hitsRecCount":null,"erBlackShiny":false,"erGiftAbilities":[],"erGiftIndex":0,"erShinyLab":[135,0,0,255,255,255,96,0,0,0,0,0,70,85],"erShinyLabSuppressLocal":false,"erInnateShrineUnlocked":false,"erCursedStat":-1,"erLockedAbilitySlots":[],"erRunUnlockedAbilitySlots":[],"coopPassiveAttr":[63,63,63],"coopLuck":1},"fusionCustomPokemonData":{"spriteScale":-1,"ability":-1,"passive":-1,"passive2":-1,"passive3":-1,"nature":-1,"bonusMoveSlots":0,"abilityOverridesForm":false,"types":[],"hitsRecCount":null,"erBlackShiny":false,"erGiftAbilities":[],"erGiftIndex":0,"erShinyLabSuppressLocal":false,"erInnateShrineUnlocked":false,"erCursedStat":-1,"erLockedAbilitySlots":[],"erRunUnlockedAbilitySlots":[]},"mysteryEncounterPokemonData":null,"fusionMysteryEncounterPokemonData":null},{"id":1004418521,"player":true,"species":155,"formIndex":0,"abilityIndex":0,"passive":false,"shiny":false,"variant":0,"pokeball":0,"level":8,"exp":474,"levelExp":27,"gender":0,"hp":26,"stats":[32,17,16,20,17,22],"ivs":[15,15,15,15,15,15],"nature":12,"moveset":[{"moveId":257,"ppUsed":0,"ppUp":0},{"moveId":172,"ppUsed":10,"ppUp":0},{"moveId":43,"ppUsed":0,"ppUp":0},{"moveId":341,"ppUsed":2,"ppUp":0}],"status":null,"friendship":112,"metLevel":5,"metBiome":-1,"metSpecies":155,"metWave":-1,"luck":1,"pauseEvolutions":false,"pokerus":false,"usedTMs":[257],"teraType":9,"isTerastallized":false,"stellarTypesBoosted":[9,4],"fusionSpecies":null,"fusionShiny":false,"fusionVariant":0,"fusionLuck":0,"fusionTeraType":0,"boss":false,"bossSegments":0,"coopOwner":"guest","summonData":{"statStages":[-2,1,-2,0,4,0,0],"moveQueue":[],"tags":[],"abilitySuppressed":false,"abilitiesApplied":[5031,5165,66,49],"erSuppressedInnateSlots":[false,false,false],"erTimedAbilitySuppressions":[],"erAbilityProvenance":[],"erImposterCopiedAttackBoost":false,"chuckusterReductionUsed":false,"forceAttackerOutUsed":false,"erCommandedUsedThisSwitchIn":false,"stats":[0,0,0,0,0,0],"types":[],"berriesEatenLast":[],"moveHistory":[{"move":111,"targets":[1],"result":1,"useMode":4},{"move":172,"targets":[3],"result":1,"useMode":1},{"move":341,"targets":[2],"result":1,"useMode":1},{"move":341,"targets":[2],"result":1,"useMode":1},{"move":257,"targets":[2,3],"result":1,"useMode":1},{"move":257,"targets":[2,3],"result":1,"useMode":1},{"move":257,"targets":[2,3],"result":1,"useMode":1}]},"battleData":{"hitCount":0,"hasEatenBerry":false,"berriesEaten":[],"anticipationDodgeUsed":false,"rudeAwakeningTriggered":false,"cowardProtectUsed":true,"lostItems":[]},"customPokemonData":{"spriteScale":-1,"ability":-1,"passive":-1,"passive2":-1,"passive3":-1,"nature":-1,"bonusMoveSlots":0,"abilityOverridesForm":false,"types":[],"hitsRecCount":null,"erBlackShiny":false,"erGiftAbilities":[],"erGiftIndex":0,"erShinyLabSuppressLocal":false,"erInnateShrineUnlocked":false,"erCursedStat":-1,"erLockedAbilitySlots":[],"erRunUnlockedAbilitySlots":[],"coopPassiveAttr":[63,63,63],"coopLuck":0},"fusionCustomPokemonData":{"spriteScale":-1,"ability":-1,"passive":-1,"passive2":-1,"passive3":-1,"nature":-1,"bonusMoveSlots":0,"abilityOverridesForm":false,"types":[],"hitsRecCount":null,"erBlackShiny":false,"erGiftAbilities":[],"erGiftIndex":0,"erShinyLabSuppressLocal":false,"erInnateShrineUnlocked":false,"erCursedStat":-1,"erLockedAbilitySlots":[],"erRunUnlockedAbilitySlots":[]},"mysteryEncounterPokemonData":null,"fusionMysteryEncounterPokemonData":null},{"id":1218840913,"player":true,"species":201,"formIndex":28,"abilityIndex":0,"passive":false,"shiny":true,"variant":2,"pokeball":0,"level":5,"exp":125,"levelExp":0,"gender":-1,"hp":22,"stats":[24,20,22,26,22,10],"ivs":[31,31,31,31,31,31],"nature":15,"moveset":[{"moveId":832,"ppUsed":0,"ppUp":0},{"moveId":246,"ppUsed":0,"ppUp":0},{"moveId":322,"ppUsed":0,"ppUp":0},{"moveId":267,"ppUsed":0,"ppUp":0}],"status":null,"friendship":70,"metLevel":5,"metBiome":-1,"metSpecies":201,"metWave":-1,"luck":3,"pauseEvolutions":false,"pokerus":false,"usedTMs":[],"teraType":13,"isTerastallized":false,"stellarTypesBoosted":[],"fusionSpecies":null,"fusionShiny":false,"fusionVariant":0,"fusionLuck":3,"fusionTeraType":0,"boss":false,"bossSegments":0,"coopOwner":"host","summonData":{"statStages":[0,0,0,0,0,0,0],"moveQueue":[],"tags":[],"abilitySuppressed":false,"abilitiesApplied":[5586],"erSuppressedInnateSlots":[false,false,false],"erTimedAbilitySuppressions":[],"erAbilityProvenance":[],"erImposterCopiedAttackBoost":false,"chuckusterReductionUsed":false,"forceAttackerOutUsed":false,"erCommandedUsedThisSwitchIn":false,"stats":[0,0,0,0,0,0],"types":[],"berriesEatenLast":[],"moveHistory":[]},"battleData":{"hitCount":0,"hasEatenBerry":false,"berriesEaten":[],"anticipationDodgeUsed":false,"rudeAwakeningTriggered":false,"cowardProtectUsed":false,"lostItems":[]},"customPokemonData":{"spriteScale":-1,"ability":-1,"passive":-1,"passive2":-1,"passive3":-1,"nature":-1,"bonusMoveSlots":0,"abilityOverridesForm":false,"types":[],"hitsRecCount":null,"erBlackShiny":false,"erGiftAbilities":[],"erGiftIndex":0,"erShinyLab":[11,3,0,255,255,255,96,0,0,1,0,1,70,85],"erShinyLabSuppressLocal":false,"erInnateShrineUnlocked":false,"erCursedStat":-1,"erLockedAbilitySlots":[],"erRunUnlockedAbilitySlots":[],"coopPassiveAttr":[63,63,63],"coopLuck":3},"fusionCustomPokemonData":{"spriteScale":-1,"ability":-1,"passive":-1,"passive2":-1,"passive3":-1,"nature":-1,"bonusMoveSlots":0,"abilityOverridesForm":false,"types":[],"hitsRecCount":null,"erBlackShiny":false,"erGiftAbilities":[],"erGiftIndex":0,"erShinyLabSuppressLocal":false,"erInnateShrineUnlocked":false,"erCursedStat":-1,"erLockedAbilitySlots":[],"erRunUnlockedAbilitySlots":[]},"mysteryEncounterPokemonData":null,"fusionMysteryEncounterPokemonData":null},{"id":1594760252,"player":true,"species":495,"formIndex":0,"abilityIndex":0,"passive":false,"shiny":false,"variant":0,"pokeball":0,"level":5,"exp":128,"levelExp":0,"gender":0,"hp":20,"stats":[26,13,15,13,15,16],"ivs":[15,15,15,15,15,15],"nature":24,"moveset":[{"moveId":434,"ppUsed":0,"ppUp":0},{"moveId":141,"ppUsed":0,"ppUp":0},{"moveId":807,"ppUsed":0,"ppUp":0},{"moveId":137,"ppUsed":0,"ppUp":0}],"status":null,"friendship":70,"metLevel":5,"metBiome":-1,"metSpecies":495,"metWave":-1,"luck":2,"pauseEvolutions":false,"pokerus":false,"usedTMs":[],"teraType":11,"isTerastallized":false,"stellarTypesBoosted":[15],"fusionSpecies":null,"fusionShiny":false,"fusionVariant":0,"fusionLuck":0,"fusionTeraType":0,"boss":false,"bossSegments":0,"coopOwner":"guest","summonData":{"statStages":[0,0,0,0,0,0,0],"moveQueue":[],"tags":[],"abilitySuppressed":false,"abilitiesApplied":[],"erSuppressedInnateSlots":[false,false,false],"erTimedAbilitySuppressions":[],"erAbilityProvenance":[],"erImposterCopiedAttackBoost":false,"chuckusterReductionUsed":false,"forceAttackerOutUsed":false,"erCommandedUsedThisSwitchIn":false,"stats":[0,0,0,0,0,0],"types":[],"berriesEatenLast":[],"moveHistory":[]},"battleData":{"hitCount":0,"hasEatenBerry":false,"berriesEaten":[],"anticipationDodgeUsed":false,"rudeAwakeningTriggered":false,"cowardProtectUsed":false,"lostItems":[]},"customPokemonData":{"spriteScale":-1,"ability":-1,"passive":-1,"passive2":-1,"passive3":-1,"nature":-1,"bonusMoveSlots":0,"abilityOverridesForm":false,"types":[],"hitsRecCount":null,"erBlackShiny":false,"erGiftAbilities":[],"erGiftIndex":0,"erShinyLabSuppressLocal":false,"erInnateShrineUnlocked":false,"erCursedStat":-1,"erLockedAbilitySlots":[],"erRunUnlockedAbilitySlots":[],"coopPassiveAttr":[63,63,63],"coopLuck":0},"fusionCustomPokemonData":{"spriteScale":-1,"ability":-1,"passive":-1,"passive2":-1,"passive3":-1,"nature":-1,"bonusMoveSlots":0,"abilityOverridesForm":false,"types":[],"hitsRecCount":null,"erBlackShiny":false,"erGiftAbilities":[],"erGiftIndex":0,"erShinyLabSuppressLocal":false,"erInnateShrineUnlocked":false,"erCursedStat":-1,"erLockedAbilitySlots":[],"erRunUnlockedAbilitySlots":[]},"mysteryEncounterPokemonData":null,"fusionMysteryEncounterPokemonData":null},{"id":2000289528,"player":true,"species":133,"formIndex":1,"abilityIndex":0,"passive":false,"shiny":true,"variant":1,"pokeball":0,"level":5,"exp":125,"levelExp":0,"gender":0,"hp":23,"stats":[25,15,15,14,17,15],"ivs":[31,31,31,31,31,31],"nature":0,"moveset":[{"moveId":748,"ppUsed":0,"ppUp":0},{"moveId":729,"ppUsed":0,"ppUp":0},{"moveId":736,"ppUsed":0,"ppUp":0},{"moveId":737,"ppUsed":0,"ppUp":0}],"status":null,"friendship":50,"metLevel":5,"metBiome":-1,"metSpecies":133,"metWave":-1,"luck":2,"pauseEvolutions":false,"pokerus":false,"usedTMs":[],"teraType":0,"isTerastallized":false,"stellarTypesBoosted":[],"fusionSpecies":null,"fusionShiny":false,"fusionVariant":0,"fusionLuck":2,"fusionTeraType":0,"boss":false,"bossSegments":0,"coopOwner":"host","summonData":{"statStages":[0,0,0,0,0,0,0],"moveQueue":[],"tags":[],"abilitySuppressed":false,"abilitiesApplied":[],"erSuppressedInnateSlots":[false,false,false],"erTimedAbilitySuppressions":[],"erAbilityProvenance":[],"erImposterCopiedAttackBoost":false,"chuckusterReductionUsed":false,"forceAttackerOutUsed":false,"erCommandedUsedThisSwitchIn":false,"stats":[0,0,0,0,0,0],"types":[],"berriesEatenLast":[],"moveHistory":[]},"battleData":{"hitCount":0,"hasEatenBerry":false,"berriesEaten":[],"anticipationDodgeUsed":false,"rudeAwakeningTriggered":false,"cowardProtectUsed":false,"lostItems":[]},"customPokemonData":{"spriteScale":-1,"ability":-1,"passive":-1,"passive2":-1,"passive3":-1,"nature":-1,"bonusMoveSlots":0,"abilityOverridesForm":false,"types":[],"hitsRecCount":null,"erBlackShiny":false,"erGiftAbilities":[],"erGiftIndex":0,"erShinyLab":[63,0,0,255,255,255,96,0,0,0,0,0,70,85],"erShinyLabSuppressLocal":false,"erInnateShrineUnlocked":false,"erCursedStat":-1,"erLockedAbilitySlots":[],"erRunUnlockedAbilitySlots":[],"coopPassiveAttr":[63,63,63],"coopLuck":2},"fusionCustomPokemonData":{"spriteScale":-1,"ability":-1,"passive":-1,"passive2":-1,"passive3":-1,"nature":-1,"bonusMoveSlots":0,"abilityOverridesForm":false,"types":[],"hitsRecCount":null,"erBlackShiny":false,"erGiftAbilities":[],"erGiftIndex":0,"erShinyLabSuppressLocal":false,"erInnateShrineUnlocked":false,"erCursedStat":-1,"erLockedAbilitySlots":[],"erRunUnlockedAbilitySlots":[]},"mysteryEncounterPokemonData":null,"fusionMysteryEncounterPokemonData":null}],"events":[{"type":"command","wave":9,"turn":1,"slotFieldIndex":0,"command":{"kind":"move","moveIndex":1,"target":2}},{"type":"command","wave":9,"turn":1,"slotFieldIndex":1,"command":{"kind":"move","moveIndex":0,"target":2}},{"type":"interaction","seq":8,"kind":"reward","choice":1,"data":[0,0,3]},{"type":"command","wave":10,"turn":1,"slotFieldIndex":0,"command":{"kind":"move","moveIndex":2,"target":2}},{"type":"command","wave":10,"turn":1,"slotFieldIndex":1,"command":{"kind":"move","moveIndex":0,"target":2}},{"type":"command","wave":10,"turn":2,"slotFieldIndex":0,"command":{"kind":"move","moveIndex":0,"target":3}},{"type":"command","wave":10,"turn":2,"slotFieldIndex":1,"command":{"kind":"move","moveIndex":0,"target":2}},{"type":"interaction","seq":90001,"kind":"switch","choice":3,"data":[0,495,1828644884076428,1000002002214,0,22]},{"type":"command","wave":10,"turn":3,"slotFieldIndex":0,"command":{"kind":"move","moveIndex":2,"target":2}},{"type":"command","wave":10,"turn":3,"slotFieldIndex":1,"command":{"kind":"move","moveIndex":0,"target":2}},{"type":"interaction","seq":7000009,"kind":"biomeShop","choice":12,"data":[3,223,3,1090]},{"type":"interaction","seq":7000009,"kind":"biomeShop","choice":-1},{"type":"interaction","seq":9700010,"kind":"biomePick","choice":0,"data":[1]},{"type":"command","wave":11,"turn":1,"slotFieldIndex":0,"command":{"kind":"move","moveIndex":1,"target":3}},{"type":"command","wave":11,"turn":1,"slotFieldIndex":1,"command":{"kind":"move","moveIndex":0,"target":2}},{"type":"command","wave":11,"turn":2,"slotFieldIndex":0,"command":{"kind":"move","moveIndex":2,"target":3}},{"type":"command","wave":11,"turn":2,"slotFieldIndex":1,"command":{"kind":"switch","partyIndex":3}},{"type":"command","wave":11,"turn":3,"slotFieldIndex":0,"command":{"kind":"move","moveIndex":2,"target":2}},{"type":"command","wave":11,"turn":3,"slotFieldIndex":1,"command":{"kind":"move","moveIndex":0,"target":2}},{"type":"interaction","seq":11,"kind":"shop","choice":0,"data":[1,2,0,3,17231,45,19791,178]},{"type":"interaction","seq":11,"kind":"reward","choice":0,"data":[0]},{"type":"command","wave":12,"turn":1,"slotFieldIndex":0,"command":{"kind":"move","moveIndex":2,"target":3}},{"type":"command","wave":12,"turn":1,"slotFieldIndex":1,"command":{"kind":"move","moveIndex":0,"target":2}},{"type":"interaction","seq":12,"kind":"reward","choice":1,"data":[0]},{"type":"command","wave":13,"turn":1,"slotFieldIndex":0,"command":{"kind":"move","moveIndex":2,"target":3}},{"type":"command","wave":13,"turn":1,"slotFieldIndex":1,"command":{"kind":"move","moveIndex":0,"target":2}},{"type":"command","wave":13,"turn":2,"slotFieldIndex":0,"command":{"kind":"move","moveIndex":2,"target":2}},{"type":"command","wave":13,"turn":2,"slotFieldIndex":1,"command":{"kind":"move","moveIndex":0,"target":2}}],"checkpoint":{"wave":9,"seed":"pmXYGwBPjf0fzMa5nhfUIN9Z","party":[{"id":377954310,"player":true,"species":115,"formIndex":0,"abilityIndex":0,"passive":false,"shiny":true,"variant":0,"pokeball":0,"level":8,"exp":625,"levelExp":113,"gender":1,"hp":33,"stats":[47,29,26,17,26,28],"ivs":[31,31,31,31,31,31],"nature":0,"moveset":[{"moveId":69,"ppUsed":0,"ppUp":0},{"moveId":252,"ppUsed":6,"ppUp":0},{"moveId":612,"ppUsed":5,"ppUp":0},{"moveId":885,"ppUsed":1,"ppUp":0}],"status":null,"friendship":111,"metLevel":5,"metBiome":-1,"metSpecies":115,"metWave":-1,"luck":1,"pauseEvolutions":false,"pokerus":false,"usedTMs":[],"teraType":0,"isTerastallized":false,"stellarTypesBoosted":[0,11,1],"fusionSpecies":null,"fusionShiny":false,"fusionVariant":0,"fusionLuck":1,"fusionTeraType":0,"boss":false,"bossSegments":0,"coopOwner":"host","summonData":{"statStages":[1,0,-1,0,1,0,0],"moveQueue":[],"tags":[{"tagType":"TORMENT","turnCount":1,"sourceMove":259,"sourceId":2630308344}],"abilitySuppressed":false,"abilitiesApplied":[185,5030],"erSuppressedInnateSlots":[true,false,false],"erTimedAbilitySuppressions":[],"erAbilityProvenance":[],"erImposterCopiedAttackBoost":false,"chuckusterReductionUsed":false,"forceAttackerOutUsed":false,"erCommandedUsedThisSwitchIn":false,"stats":[0,0,0,0,0,0],"types":[],"berriesEatenLast":[],"moveHistory":[{"move":252,"targets":[2],"result":1,"useMode":1},{"move":885,"targets":[3],"result":1,"useMode":1},{"move":612,"targets":[2],"useMode":1,"result":2},{"move":252,"targets":[2],"result":1,"useMode":1},{"move":612,"targets":[2],"result":1,"useMode":1},{"move":69,"targets":[3],"result":1,"useMode":1},{"move":612,"targets":[2],"useMode":1,"result":2}]},"battleData":{"hitCount":1,"hasEatenBerry":false,"berriesEaten":[],"anticipationDodgeUsed":false,"rudeAwakeningTriggered":false,"cowardProtectUsed":false,"lostItems":[]},"customPokemonData":{"spriteScale":-1,"ability":-1,"passive":-1,"passive2":-1,"passive3":-1,"nature":-1,"bonusMoveSlots":0,"abilityOverridesForm":false,"types":[],"hitsRecCount":null,"erBlackShiny":false,"erGiftAbilities":[],"erGiftIndex":0,"erShinyLab":[135,0,0,255,255,255,96,0,0,0,0,0,70,85],"erShinyLabSuppressLocal":false,"erInnateShrineUnlocked":false,"erCursedStat":-1,"erLockedAbilitySlots":[],"erRunUnlockedAbilitySlots":[],"coopPassiveAttr":[63,63,63],"coopLuck":1},"fusionCustomPokemonData":{"spriteScale":-1,"ability":-1,"passive":-1,"passive2":-1,"passive3":-1,"nature":-1,"bonusMoveSlots":0,"abilityOverridesForm":false,"types":[],"hitsRecCount":null,"erBlackShiny":false,"erGiftAbilities":[],"erGiftIndex":0,"erShinyLabSuppressLocal":false,"erInnateShrineUnlocked":false,"erCursedStat":-1,"erLockedAbilitySlots":[],"erRunUnlockedAbilitySlots":[]},"mysteryEncounterPokemonData":null,"fusionMysteryEncounterPokemonData":null},{"id":1004418521,"player":true,"species":155,"formIndex":0,"abilityIndex":0,"passive":false,"shiny":false,"variant":0,"pokeball":0,"level":8,"exp":474,"levelExp":27,"gender":0,"hp":26,"stats":[32,17,16,20,17,22],"ivs":[15,15,15,15,15,15],"nature":12,"moveset":[{"moveId":257,"ppUsed":0,"ppUp":0},{"moveId":172,"ppUsed":10,"ppUp":0},{"moveId":43,"ppUsed":0,"ppUp":0},{"moveId":341,"ppUsed":2,"ppUp":0}],"status":null,"friendship":112,"metLevel":5,"metBiome":-1,"metSpecies":155,"metWave":-1,"luck":1,"pauseEvolutions":false,"pokerus":false,"usedTMs":[257],"teraType":9,"isTerastallized":false,"stellarTypesBoosted":[9,4],"fusionSpecies":null,"fusionShiny":false,"fusionVariant":0,"fusionLuck":0,"fusionTeraType":0,"boss":false,"bossSegments":0,"coopOwner":"guest","summonData":{"statStages":[-2,1,-2,0,4,0,0],"moveQueue":[],"tags":[],"abilitySuppressed":false,"abilitiesApplied":[5031,5165,66,49],"erSuppressedInnateSlots":[false,false,false],"erTimedAbilitySuppressions":[],"erAbilityProvenance":[],"erImposterCopiedAttackBoost":false,"chuckusterReductionUsed":false,"forceAttackerOutUsed":false,"erCommandedUsedThisSwitchIn":false,"stats":[0,0,0,0,0,0],"types":[],"berriesEatenLast":[],"moveHistory":[{"move":111,"targets":[1],"result":1,"useMode":4},{"move":172,"targets":[3],"result":1,"useMode":1},{"move":341,"targets":[2],"result":1,"useMode":1},{"move":341,"targets":[2],"result":1,"useMode":1},{"move":257,"targets":[2,3],"result":1,"useMode":1},{"move":257,"targets":[2,3],"result":1,"useMode":1},{"move":257,"targets":[2,3],"result":1,"useMode":1}]},"battleData":{"hitCount":0,"hasEatenBerry":false,"berriesEaten":[],"anticipationDodgeUsed":false,"rudeAwakeningTriggered":false,"cowardProtectUsed":true,"lostItems":[]},"customPokemonData":{"spriteScale":-1,"ability":-1,"passive":-1,"passive2":-1,"passive3":-1,"nature":-1,"bonusMoveSlots":0,"abilityOverridesForm":false,"types":[],"hitsRecCount":null,"erBlackShiny":false,"erGiftAbilities":[],"erGiftIndex":0,"erShinyLabSuppressLocal":false,"erInnateShrineUnlocked":false,"erCursedStat":-1,"erLockedAbilitySlots":[],"erRunUnlockedAbilitySlots":[],"coopPassiveAttr":[63,63,63],"coopLuck":0},"fusionCustomPokemonData":{"spriteScale":-1,"ability":-1,"passive":-1,"passive2":-1,"passive3":-1,"nature":-1,"bonusMoveSlots":0,"abilityOverridesForm":false,"types":[],"hitsRecCount":null,"erBlackShiny":false,"erGiftAbilities":[],"erGiftIndex":0,"erShinyLabSuppressLocal":false,"erInnateShrineUnlocked":false,"erCursedStat":-1,"erLockedAbilitySlots":[],"erRunUnlockedAbilitySlots":[]},"mysteryEncounterPokemonData":null,"fusionMysteryEncounterPokemonData":null},{"id":1218840913,"player":true,"species":201,"formIndex":28,"abilityIndex":0,"passive":false,"shiny":true,"variant":2,"pokeball":0,"level":5,"exp":125,"levelExp":0,"gender":-1,"hp":22,"stats":[24,20,22,26,22,10],"ivs":[31,31,31,31,31,31],"nature":15,"moveset":[{"moveId":832,"ppUsed":0,"ppUp":0},{"moveId":246,"ppUsed":0,"ppUp":0},{"moveId":322,"ppUsed":0,"ppUp":0},{"moveId":267,"ppUsed":0,"ppUp":0}],"status":null,"friendship":70,"metLevel":5,"metBiome":-1,"metSpecies":201,"metWave":-1,"luck":3,"pauseEvolutions":false,"pokerus":false,"usedTMs":[],"teraType":13,"isTerastallized":false,"stellarTypesBoosted":[],"fusionSpecies":null,"fusionShiny":false,"fusionVariant":0,"fusionLuck":3,"fusionTeraType":0,"boss":false,"bossSegments":0,"coopOwner":"host","summonData":{"statStages":[0,0,0,0,0,0,0],"moveQueue":[],"tags":[],"abilitySuppressed":false,"abilitiesApplied":[5586],"erSuppressedInnateSlots":[false,false,false],"erTimedAbilitySuppressions":[],"erAbilityProvenance":[],"erImposterCopiedAttackBoost":false,"chuckusterReductionUsed":false,"forceAttackerOutUsed":false,"erCommandedUsedThisSwitchIn":false,"stats":[0,0,0,0,0,0],"types":[],"berriesEatenLast":[],"moveHistory":[]},"battleData":{"hitCount":0,"hasEatenBerry":false,"berriesEaten":[],"anticipationDodgeUsed":false,"rudeAwakeningTriggered":false,"cowardProtectUsed":false,"lostItems":[]},"customPokemonData":{"spriteScale":-1,"ability":-1,"passive":-1,"passive2":-1,"passive3":-1,"nature":-1,"bonusMoveSlots":0,"abilityOverridesForm":false,"types":[],"hitsRecCount":null,"erBlackShiny":false,"erGiftAbilities":[],"erGiftIndex":0,"erShinyLab":[11,3,0,255,255,255,96,0,0,1,0,1,70,85],"erShinyLabSuppressLocal":false,"erInnateShrineUnlocked":false,"erCursedStat":-1,"erLockedAbilitySlots":[],"erRunUnlockedAbilitySlots":[],"coopPassiveAttr":[63,63,63],"coopLuck":3},"fusionCustomPokemonData":{"spriteScale":-1,"ability":-1,"passive":-1,"passive2":-1,"passive3":-1,"nature":-1,"bonusMoveSlots":0,"abilityOverridesForm":false,"types":[],"hitsRecCount":null,"erBlackShiny":false,"erGiftAbilities":[],"erGiftIndex":0,"erShinyLabSuppressLocal":false,"erInnateShrineUnlocked":false,"erCursedStat":-1,"erLockedAbilitySlots":[],"erRunUnlockedAbilitySlots":[]},"mysteryEncounterPokemonData":null,"fusionMysteryEncounterPokemonData":null},{"id":1594760252,"player":true,"species":495,"formIndex":0,"abilityIndex":0,"passive":false,"shiny":false,"variant":0,"pokeball":0,"level":5,"exp":128,"levelExp":0,"gender":0,"hp":20,"stats":[26,13,15,13,15,16],"ivs":[15,15,15,15,15,15],"nature":24,"moveset":[{"moveId":434,"ppUsed":0,"ppUp":0},{"moveId":141,"ppUsed":0,"ppUp":0},{"moveId":807,"ppUsed":0,"ppUp":0},{"moveId":137,"ppUsed":0,"ppUp":0}],"status":null,"friendship":70,"metLevel":5,"metBiome":-1,"metSpecies":495,"metWave":-1,"luck":2,"pauseEvolutions":false,"pokerus":false,"usedTMs":[],"teraType":11,"isTerastallized":false,"stellarTypesBoosted":[15],"fusionSpecies":null,"fusionShiny":false,"fusionVariant":0,"fusionLuck":0,"fusionTeraType":0,"boss":false,"bossSegments":0,"coopOwner":"guest","summonData":{"statStages":[0,0,0,0,0,0,0],"moveQueue":[],"tags":[],"abilitySuppressed":false,"abilitiesApplied":[],"erSuppressedInnateSlots":[false,false,false],"erTimedAbilitySuppressions":[],"erAbilityProvenance":[],"erImposterCopiedAttackBoost":false,"chuckusterReductionUsed":false,"forceAttackerOutUsed":false,"erCommandedUsedThisSwitchIn":false,"stats":[0,0,0,0,0,0],"types":[],"berriesEatenLast":[],"moveHistory":[]},"battleData":{"hitCount":0,"hasEatenBerry":false,"berriesEaten":[],"anticipationDodgeUsed":false,"rudeAwakeningTriggered":false,"cowardProtectUsed":false,"lostItems":[]},"customPokemonData":{"spriteScale":-1,"ability":-1,"passive":-1,"passive2":-1,"passive3":-1,"nature":-1,"bonusMoveSlots":0,"abilityOverridesForm":false,"types":[],"hitsRecCount":null,"erBlackShiny":false,"erGiftAbilities":[],"erGiftIndex":0,"erShinyLabSuppressLocal":false,"erInnateShrineUnlocked":false,"erCursedStat":-1,"erLockedAbilitySlots":[],"erRunUnlockedAbilitySlots":[],"coopPassiveAttr":[63,63,63],"coopLuck":0},"fusionCustomPokemonData":{"spriteScale":-1,"ability":-1,"passive":-1,"passive2":-1,"passive3":-1,"nature":-1,"bonusMoveSlots":0,"abilityOverridesForm":false,"types":[],"hitsRecCount":null,"erBlackShiny":false,"erGiftAbilities":[],"erGiftIndex":0,"erShinyLabSuppressLocal":false,"erInnateShrineUnlocked":false,"erCursedStat":-1,"erLockedAbilitySlots":[],"erRunUnlockedAbilitySlots":[]},"mysteryEncounterPokemonData":null,"fusionMysteryEncounterPokemonData":null},{"id":2000289528,"player":true,"species":133,"formIndex":1,"abilityIndex":0,"passive":false,"shiny":true,"variant":1,"pokeball":0,"level":5,"exp":125,"levelExp":0,"gender":0,"hp":23,"stats":[25,15,15,14,17,15],"ivs":[31,31,31,31,31,31],"nature":0,"moveset":[{"moveId":748,"ppUsed":0,"ppUp":0},{"moveId":729,"ppUsed":0,"ppUp":0},{"moveId":736,"ppUsed":0,"ppUp":0},{"moveId":737,"ppUsed":0,"ppUp":0}],"status":null,"friendship":50,"metLevel":5,"metBiome":-1,"metSpecies":133,"metWave":-1,"luck":2,"pauseEvolutions":false,"pokerus":false,"usedTMs":[],"teraType":0,"isTerastallized":false,"stellarTypesBoosted":[],"fusionSpecies":null,"fusionShiny":false,"fusionVariant":0,"fusionLuck":2,"fusionTeraType":0,"boss":false,"bossSegments":0,"coopOwner":"host","summonData":{"statStages":[0,0,0,0,0,0,0],"moveQueue":[],"tags":[],"abilitySuppressed":false,"abilitiesApplied":[],"erSuppressedInnateSlots":[false,false,false],"erTimedAbilitySuppressions":[],"erAbilityProvenance":[],"erImposterCopiedAttackBoost":false,"chuckusterReductionUsed":false,"forceAttackerOutUsed":false,"erCommandedUsedThisSwitchIn":false,"stats":[0,0,0,0,0,0],"types":[],"berriesEatenLast":[],"moveHistory":[]},"battleData":{"hitCount":0,"hasEatenBerry":false,"berriesEaten":[],"anticipationDodgeUsed":false,"rudeAwakeningTriggered":false,"cowardProtectUsed":false,"lostItems":[]},"customPokemonData":{"spriteScale":-1,"ability":-1,"passive":-1,"passive2":-1,"passive3":-1,"nature":-1,"bonusMoveSlots":0,"abilityOverridesForm":false,"types":[],"hitsRecCount":null,"erBlackShiny":false,"erGiftAbilities":[],"erGiftIndex":0,"erShinyLab":[63,0,0,255,255,255,96,0,0,0,0,0,70,85],"erShinyLabSuppressLocal":false,"erInnateShrineUnlocked":false,"erCursedStat":-1,"erLockedAbilitySlots":[],"erRunUnlockedAbilitySlots":[],"coopPassiveAttr":[63,63,63],"coopLuck":2},"fusionCustomPokemonData":{"spriteScale":-1,"ability":-1,"passive":-1,"passive2":-1,"passive3":-1,"nature":-1,"bonusMoveSlots":0,"abilityOverridesForm":false,"types":[],"hitsRecCount":null,"erBlackShiny":false,"erGiftAbilities":[],"erGiftIndex":0,"erShinyLabSuppressLocal":false,"erInnateShrineUnlocked":false,"erCursedStat":-1,"erLockedAbilitySlots":[],"erRunUnlockedAbilitySlots":[]},"mysteryEncounterPokemonData":null,"fusionMysteryEncounterPokemonData":null}],"modifiers":[{"player":true,"typeId":"MAP","args":[],"stackCount":1,"className":"MapModifier"},{"player":true,"typeId":"BERRY","typePregenArgs":[3],"args":[377954310,3],"stackCount":1,"className":"BerryModifier"},{"player":true,"typeId":"TEMP_STAT_STAGE_BOOSTER","typePregenArgs":[2],"args":[2,5,1],"stackCount":1,"className":"TempStatStageBoosterModifier"},{"player":true,"typeId":"BERRY","typePregenArgs":[0],"args":[1004418521,0],"stackCount":1,"className":"BerryModifier"},{"player":true,"typeId":"SOOTHE_BELL","args":[377954310],"stackCount":1,"className":"PokemonFriendshipBoosterModifier"},{"player":true,"typeId":"SUPER_EXP_CHARM","args":[60],"stackCount":1,"className":"ExpBoosterModifier"},{"player":true,"typeId":"EXP_SHARE","args":[],"stackCount":1,"className":"ExpShareModifier"}],"money":1313,"pokeballCounts":{"0":10,"1":0,"2":0,"3":0,"4":0}}}
