[log] [coop:session] coopAuthoritativeGuestPredicate INSTALLED
[warn] [coop:heal] playerModifier ADD typeId=MAP stack=1 (guest lacked it) -> added
[log] [coop:adopt] erMoneyStreaks host entries=0 -> restored (#837/#348)
[log] [coop:adopt] biomeOverstayAnchor host=null -> restored (#837/#504)
[log] [coop:adopt] erBiomeStructure host length=13 startWave=1 -> restored (#841 item 5)
[log] [coop:adopt] erRelicBattleState host wave=1 -> restored (#837)
[log] [coop:adopt] erLastGenericTrainerType host=none -> restored
[log] [coop:adopt] erMapState host nodes=0 travelTarget=- fragments=0 -> restored (#865/#841 item 1)
[log] [coop:adopt] erPendingNodes host count=4 revealed=2 -> restored (#865)
[log] [coop:resync] guest apply authoritativeState tick=1 wave=1 turn=1 party=6/1 field=2
[log] [coop:resync] presentation settle boundary=resync-stable side=player desired=visible ids=[3174707850] changed=0 phase=LoginPhase
[log] [coop:resync] presentation settle boundary=resync-stable side=enemy desired=visible ids=[1292114401] changed=0 phase=LoginPhase
[log] [coop:replay] guest RECV entry presentation wave=1 stateTick=2 events=0 buffered
[log] [coop:replay] guest RECV enemyPartySync wave=1 count=1 -> buffered (no waiter)
[log] [coop:replay] guest RECV entry presentation wave=1 stateTick=2 events=0 buffered
[log] [coop:replay] guest RECV enemyPartySync wave=1 count=1 -> buffered (no waiter)
[log] [coop:session] isCoopAuthoritativeGuestGated -> true (authoritative GUEST gates a structural mutation)
[log] [coop:replay] guest RECV entry presentation wave=1 stateTick=2 events=0 buffered
[log] [coop:replay] guest RECV enemyPartySync wave=1 count=1 -> buffered (no waiter)
[log] [coop:interaction] interactionCounter() read -> 0 (role=guest)
[log] [coop:checksum] capture digest=58ce7d51a15193ba field=2 biome=0 seed=coop-soak-20260831 weather=0 terrain=0 money=0 party=[143,94,149,248,376,445] partyLevels=[65,65,65,65,65,65] arenaTags=0 modifiers=1 heldItemsDigest=0 pokeballs=[0:5,1:0,2:0,3:0,4:0] mons=[bi0:sp143/hp303-303/st0/ab5031/form0/tera0:0/boss0:0 bi2:sp16/hp14-14/st0/ab62/form0/tera0:2/boss0:0]
[log] [coop:interaction] interactionCounter() read -> 0 (role=guest)
[log] [coop:replay] guest RECV turnResolution e=1831085709869277 wave=1 turn=1 events=5 checksum=532cc11ce1216c74 -> buffered (no waiter)
[log] [coop:v2-replica] admit rev=1 kind=TURN_COMMIT result=admitted frontier=1/0/0
[log] [coop:transport] send guest t=authorityReceipt t=authorityReceipt
[log] [coop:transport] send guest t=authorityReceipt t=authorityReceipt
[log] [coop:transport] send guest t=authorityReceipt t=authorityReceipt
[log] [coop:v2-replica] apply rev=1 kind=TURN_COMMIT resume=admitted outcome=applied control=COMMAND_FRONTIER/e1831085709869277/w1/t2/f0:s0:p2617448572 frontier=1/1/1
[log] [coop:transport] recv host t=authorityReceipt t=authorityReceipt handlers=1
[log] [coop:transport] recv host t=authorityReceipt t=authorityReceipt handlers=1
[log] [coop:transport] recv host t=authorityReceipt t=authorityReceipt handlers=1
[log] [coop:session] isCoopAuthoritativeGuestGated -> true (authoritative GUEST gates a structural mutation)
[log] [coop:replay] guest replay turn=1: live pump start mode=turn
[log] [coop:transport] send guest t=requestTurnCommit e=1831085709869277 wave=1 turn=1 rev=pending
[log] [coop:transport] send guest t=requestTurnCommit e=1831085709869277 wave=1 turn=1 rev=7
[log] [coop:replay] guest awaitTurn turn=1 RESOLVE (buffered race) events=5
[log] [coop:transport] recv host t=requestTurnCommit e=1831085709869277 wave=1 turn=1 rev=pending handlers=1
[log] [coop:transport] send host t=turnResolution e=1831085709869277 wave=1 turn=1 rev=7 events=5 checksum=532cc11ce1216c74
[log] [coop:transport] recv host t=requestTurnCommit e=1831085709869277 wave=1 turn=1 rev=7 handlers=1
[log] [coop:transport] send host t=turnResolution e=1831085709869277 wave=1 turn=1 rev=7 events=5 checksum=532cc11ce1216c74
[log] [coop:transport] recv guest t=turnResolution e=1831085709869277 wave=1 turn=1 rev=7 events=5 checksum=532cc11ce1216c74 handlers=1
[log] [coop:transport] recv guest t=turnResolution e=1831085709869277 wave=1 turn=1 rev=7 events=5 checksum=532cc11ce1216c74 handlers=1
[log] [coop:replay] guest consume live events turn=1 count=0
[log] [coop:replay] guest replay turn=1: RESOLVE renderedLive=0 remaining=5 batch=5
[log] [coop:replay] guest replay turn=1: rendering 5 event(s)
[log] [coop:replay] guest replay turn=1: present k=switch
[log] [coop:session] isCoopAuthoritativeGuestGated -> true (authoritative GUEST gates a structural mutation)
[log] [coop:replay] guest replay turn=1: present k=moveUsed
[log] [coop:replay] guest replay turn=1: present k=moveAnim
[log] [coop:session] isCoopAuthoritativeGuestGated -> true (authoritative GUEST gates a structural mutation)
[log] [coop:replay] guest replay turn=1: present k=message
[log] [coop:replay] guest replay turn=1: present k=statStage
[log] [coop:session] isCoopAuthoritativeGuestGated -> true (authoritative GUEST gates a structural mutation)
[log] [coop:replay] guest replay turn=1: rendered phases [switch=1 moveUsed=1 moveAnim=1 message=1 statStage=1]
[log] [coop:replay] guest replay turn=1: unshift CoopFinalizeTurnPhase (checkpoint apply deferred)
[log] [coop:session] isCoopAuthoritativeGuestGated -> true (authoritative GUEST gates a structural mutation)
[log] [coop:stream] guest IGNORE idempotent turn duplicate e=1831085709869277 wave=1 turn=1 rev=7
[log] [coop:stream] guest IGNORE idempotent turn duplicate e=1831085709869277 wave=1 turn=1 rev=7
[log] [coop:replay] present move bi=2 moveId=28 targets=1
[log] [coop:replay] present statStage bi=0 stat=6 -> -1
[log] [coop:replay] present statStage bi=0 stat=6 set to -1 NO tween (delta=-1 anims=false)
[log] [coop:checkpoint] guest apply field=2 weather=0 terrain=0 arenaTags=0
[log] [coop:session] isCoopAuthoritativeGuestGated -> true (authoritative GUEST gates a structural mutation)
[log] [coop:adopt] erMoneyStreaks host entries=0 -> restored (#837/#348)
[log] [coop:adopt] biomeOverstayAnchor host=null -> restored (#837/#504)
[log] [coop:adopt] erBiomeStructure host length=13 startWave=1 -> restored (#841 item 5)
[log] [coop:adopt] erRelicBattleState host wave=1 -> restored (#837)
[log] [coop:adopt] erLastGenericTrainerType host=none -> restored
[log] [coop:adopt] erMapState host nodes=0 travelTarget=- fragments=0 -> restored (#865/#841 item 1)
[log] [coop:adopt] erPendingNodes host count=4 revealed=2 -> restored (#865)
[log] [coop:resync] guest apply authoritativeState tick=7 wave=1 turn=1 party=6/1 field=2
[log] [coop:resync] presentation settle boundary=resync-stable side=player desired=visible ids=[2617448572] changed=0 phase=CoopFinalizeTurnPhase
[log] [coop:resync] presentation settle boundary=resync-stable side=enemy desired=visible ids=[1292114401] changed=0 phase=CoopFinalizeTurnPhase
[log] [coop:interaction] interactionCounter() read -> 0 (role=guest)
[log] [coop:checksum] capture digest=532cc11ce1216c74 field=2 biome=0 seed=coop-soak-20260831 weather=0 terrain=0 money=0 party=[149,94,143,248,376,445] partyLevels=[65,65,65,65,65,65] arenaTags=0 modifiers=1 heldItemsDigest=0 pokeballs=[0:5,1:0,2:0,3:0,4:0] mons=[bi0:sp149/hp213-213/st0/ab5013/form0/tera0:15/boss0:0 bi2:sp16/hp14-14/st0/ab62/form0/tera0:2/boss0:0]
[log] [coop:transport] send guest t=turnCommitAck e=1831085709869277 wave=1 turn=1 rev=7 stage=materialApplied checksum=532cc11ce1216c74
[log] [coop:stream] guest ACK turn stage=materialApplied e=1831085709869277 wave=1 turn=1 rev=7
[log] [coop:checksum] guest finalize materialApplied e=1831085709869277 wave=1 turn=1 rev=7
[log] [coop:transport] recv host t=turnCommitAck e=1831085709869277 wave=1 turn=1 rev=7 stage=materialApplied checksum=532cc11ce1216c74 handlers=1
[log] [coop:stream] host ACCEPT turn ACK stage=materialApplied key=1831085709869277:1:1:7
[log] [coop:transport] send guest t=turnCommitAck e=1831085709869277 wave=1 turn=1 rev=7 stage=presentationReady checksum=532cc11ce1216c74
[log] [coop:stream] guest ACK turn stage=presentationReady e=1831085709869277 wave=1 turn=1 rev=7
[log] [coop:checksum] guest finalize presentationReady e=1831085709869277 wave=1 turn=1 rev=7
[log] [coop:replay] guest finalize turn=1: END (checkpoint applied, turn-end queued)
[log] [coop:transport] recv host t=turnCommitAck e=1831085709869277 wave=1 turn=1 rev=7 stage=presentationReady checksum=532cc11ce1216c74 handlers=1
[log] [coop:stream] host ACCEPT turn ACK stage=presentationReady key=1831085709869277:1:1:7
[log] [coop:rendezvous] ARRIVE point=cmd:1:2 (send) role=guest
[log] [coop:transport] send guest t=rendezvous point=cmd:1:2
[log] [coop:transport] recv host t=rendezvous point=cmd:1:2 handlers=1
[log] [coop:transport] send host t=phaseRoute epoch=1831085709869277 rev=1 point=cmd:1:1 displaced=cmd:1:2
[log] [coop:transport] recv guest t=phaseRoute epoch=1831085709869277 rev=1 point=cmd:1:1 displaced=cmd:1:2 handlers=1
[log] [coop:transport] send guest t=phaseRouteAck epoch=1831085709869277 rev=1
[log] [coop:transport] recv host t=phaseRouteAck epoch=1831085709869277 rev=1 handlers=1
[log] [coop:rendezvous] host phaseRoute ACKED rev=1 authoritative=cmd:1:1 displaced=cmd:1:2
[log] [coop:rendezvous] AWAIT point=cmd:1:1 CROSS-POINT release (partner at cmd:1:2) role=host
[log] [coop:rendezvous] next-command barrier cmd:1:1 host-authoritative route ACKED (partner had cmd:1:2); opening UI
[log] [coop:rendezvous] RECV arrival point=cmd:1:2 -> BUFFER (no waiter yet) role=guest
[log] [coop:replay] guest RECV turnResolution e=1831085709869277 wave=1 turn=2 events=4 checksum=1048a6c439a1f9b5 -> buffered (no waiter)
[log] [coop:replay] guest RECV waveResolved wave=1 outcome=win transition=WAVE_VICTORY/next2/biome0/egg1/wild
[log] [coop:runtime] recv waveResolved wave=1 outcome=win role=guest netcode=authoritative
[log] [coop:runtime] ignore raw waveResolved for correctness wave=1 outcome=win; awaiting retained transaction
[log] [coop:v2-replica] admit rev=2 kind=WAVE_ADVANCE result=admitted frontier=2/1/1
[log] [coop:transport] send guest t=authorityReceipt t=authorityReceipt
[log] [coop:transport] send guest t=authorityReceipt t=authorityReceipt
[log] [coop:transport] send guest t=authorityReceipt t=authorityReceipt
[log] [coop:v2-replica] apply rev=2 kind=WAVE_ADVANCE resume=admitted outcome=applied control=AWAIT_SUCCESSOR/WSHADOW%2FADV%2Fw1/e1831085709869277/w1/t2/INTERACTION_COMMIT/interactionAddresses:*/controlAddresses:*/nextWave:1/next:* frontier=2/2/2
[log] [coop:transport] recv host t=authorityReceipt t=authorityReceipt handlers=1
[log] [coop:transport] recv host t=authorityReceipt t=authorityReceipt handlers=1
[log] [coop:transport] recv host t=authorityReceipt t=authorityReceipt handlers=1
[log] [coop:session] isCoopAuthoritativeGuestGated -> true (authoritative GUEST gates a structural mutation)
[log] [coop:replay] guest replay turn=2: live pump start mode=turn
[log] [coop:transport] send guest t=requestTurnCommit e=1831085709869277 wave=1 turn=2 rev=pending
[log] [coop:transport] send guest t=requestTurnCommit e=1831085709869277 wave=1 turn=2 rev=10
[log] [coop:replay] guest awaitTurn turn=2 RESOLVE (buffered race) events=4
[log] [coop:transport] send guest t=turnCommitAck e=1831085709869277 wave=1 turn=1 rev=7 stage=continuationReady checksum=532cc11ce1216c74
[log] [coop:stream] guest ACK turn stage=continuationReady e=1831085709869277 wave=1 turn=1 rev=7
[log] [coop:stream] guest continuation surface=rendererWait e=1831085709869277 wave=1 turn=2 waiting=1 released=1
[log] [coop:transport] recv host t=requestTurnCommit e=1831085709869277 wave=1 turn=2 rev=pending handlers=1
[log] [coop:transport] send host t=turnResolution e=1831085709869277 wave=1 turn=2 rev=10 events=4 checksum=1048a6c439a1f9b5
[log] [coop:transport] recv host t=requestTurnCommit e=1831085709869277 wave=1 turn=2 rev=10 handlers=1
[log] [coop:transport] send host t=turnResolution e=1831085709869277 wave=1 turn=2 rev=10 events=4 checksum=1048a6c439a1f9b5
[log] [coop:transport] recv host t=turnCommitAck e=1831085709869277 wave=1 turn=1 rev=7 stage=continuationReady checksum=532cc11ce1216c74 handlers=1
[log] [coop:stream] host ACCEPT turn ACK stage=continuationReady key=1831085709869277:1:1:7
[log] [coop:stream] host RELEASE retained turn after continuationReady key=1831085709869277:1:1:7
[log] [coop:transport] recv guest t=turnResolution e=1831085709869277 wave=1 turn=2 rev=10 events=4 checksum=1048a6c439a1f9b5 handlers=1
[log] [coop:transport] recv guest t=turnResolution e=1831085709869277 wave=1 turn=2 rev=10 events=4 checksum=1048a6c439a1f9b5 handlers=1
[log] [coop:replay] guest consume live events turn=2 count=0
[log] [coop:replay] guest replay turn=2: RESOLVE renderedLive=0 remaining=4 batch=4
[log] [coop:replay] guest replay turn=2: rendering 4 event(s)
[log] [coop:replay] guest replay turn=2: present k=moveUsed
[log] [coop:replay] guest replay turn=2: present k=moveAnim
[log] [coop:session] isCoopAuthoritativeGuestGated -> true (authoritative GUEST gates a structural mutation)
[log] [coop:replay] guest replay turn=2: present k=hp
[log] [coop:session] isCoopAuthoritativeGuestGated -> true (authoritative GUEST gates a structural mutation)
[log] [coop:replay] guest replay turn=2: present k=faint
[log] [coop:session] isCoopAuthoritativeGuestGated -> true (authoritative GUEST gates a structural mutation)
[log] [coop:replay] guest replay turn=2: rendered phases [moveUsed=1 moveAnim=1 hp=1 faint=1]
[log] [coop:replay] guest replay turn=2: unshift CoopFinalizeTurnPhase (checkpoint apply deferred)
[log] [coop:session] isCoopAuthoritativeGuestGated -> true (authoritative GUEST gates a structural mutation)
[log] [coop:stream] guest IGNORE idempotent turn duplicate e=1831085709869277 wave=1 turn=2 rev=10
[log] [coop:stream] guest IGNORE idempotent turn duplicate e=1831085709869277 wave=1 turn=2 rev=10
[log] [coop:replay] present move bi=0 moveId=53 targets=1
[log] [coop:replay] present hp bi=2 14->0/14
[log] [coop:replay] present faint bi=2 narrate=true
[log] [coop:checkpoint] guest apply field=2 weather=0 terrain=0 arenaTags=0
[log] [coop:session] isCoopAuthoritativeGuestGated -> true (authoritative GUEST gates a structural mutation)
[log] [coop:adopt] erMoneyStreaks host entries=0 -> restored (#837/#348)
[log] [coop:adopt] biomeOverstayAnchor host=null -> restored (#837/#504)
[log] [coop:adopt] erBiomeStructure host length=13 startWave=1 -> restored (#841 item 5)
[log] [coop:adopt] erRelicBattleState host wave=1 -> restored (#837)
[log] [coop:adopt] erLastGenericTrainerType host=none -> restored
[log] [coop:adopt] erMapState host nodes=0 travelTarget=- fragments=0 -> restored (#865/#841 item 1)
[log] [coop:adopt] erPendingNodes host count=4 revealed=2 -> restored (#865)
[log] [coop:resync] guest apply authoritativeState tick=10 wave=1 turn=2 party=6/1 field=2
[log] [coop:resync] presentation settle boundary=resync-stable side=player desired=visible ids=[2617448572] changed=0 phase=CoopFinalizeTurnPhase
[log] [coop:resync] presentation settle boundary=wave-start-pre-intro side=enemy desired=visible ids=[] changed=0 phase=CoopFinalizeTurnPhase
[log] [coop:interaction] interactionCounter() read -> 0 (role=guest)
[log] [coop:checksum] capture digest=1048a6c439a1f9b5 field=2 biome=0 seed=coop-soak-20260831 weather=0 terrain=0 money=0 party=[149,94,143,248,376,445] partyLevels=[65,65,65,65,65,65] arenaTags=0 modifiers=1 heldItemsDigest=0 pokeballs=[0:5,1:0,2:0,3:0,4:0] mons=[bi0:sp149/hp213-213/st0/ab5013/form0/tera0:15/boss0:0 bi2:sp16/hp0-14/st7/ab62/form0/tera0:2/boss0:0]
[log] [coop:transport] send guest t=turnCommitAck e=1831085709869277 wave=1 turn=2 rev=10 stage=materialApplied checksum=1048a6c439a1f9b5
[log] [coop:stream] guest ACK turn stage=materialApplied e=1831085709869277 wave=1 turn=2 rev=10
[log] [coop:checksum] guest finalize materialApplied e=1831085709869277 wave=1 turn=2 rev=10
[log] [coop:transport] recv host t=turnCommitAck e=1831085709869277 wave=1 turn=2 rev=10 stage=materialApplied checksum=1048a6c439a1f9b5 handlers=1
[log] [coop:stream] host ACCEPT turn ACK stage=materialApplied key=1831085709869277:1:2:10
[log] [coop:transport] send guest t=turnCommitAck e=1831085709869277 wave=1 turn=2 rev=10 stage=presentationReady checksum=1048a6c439a1f9b5
[log] [coop:stream] guest ACK turn stage=presentationReady e=1831085709869277 wave=1 turn=2 rev=10
[log] [coop:checksum] guest finalize presentationReady e=1831085709869277 wave=1 turn=2 rev=10
[log] [coop:replay] guest finalize turn=2: END (checkpoint applied, turn-end queued)
[log] [coop:transport] recv host t=turnCommitAck e=1831085709869277 wave=1 turn=2 rev=10 stage=presentationReady checksum=1048a6c439a1f9b5 handlers=1
[log] [coop:stream] host ACCEPT turn ACK stage=presentationReady key=1831085709869277:1:2:10
[log] [coop:interaction] interactionCounter() read -> 0 (role=host)
[log] [coop:stream] guest admitted WAVE_ADVANCE continuation e=1831085709869277 wave=1
[log] [coop:runtime] wave-advance JOURNAL bootstrap wave=1 outcome=win (ACK withheld)
[log] [coop:runtime] wave-advance JOURNAL queued safe-boundary wake wave=1 unparkedReplay=0
[log] [coop:runtime] wave-advance op JOURNAL cursor-advanced id=1831085709869277:0:WAVE_ADVANCE:1 rev=1 dataApplied=false continuationReady=false (DATA applies at BattleEnd; retained ACK awaits DATA + destination continuation)
[log] [coop:transport] send guest t=coopAck cls=op:global seq=1
[log] [coop:replay] guest RECV waveEndState wave=1 tick=11
[log] [coop:runtime] ignore raw waveEndState for correctness wave=1 tick=11
[log] [coop:relay] RECV rewardOptions key=0:0 -> BUFFER rewardOptionsInbox (latest-wins) count=3
[log] [coop:rendezvous] RECV arrival point=shop:1:0 -> BUFFER (no waiter yet) role=guest
[log] [coop:transport] recv host t=coopAck cls=op:global seq=1 handlers=1
[log] [coop:session] isCoopAuthoritativeGuestGated -> true (authoritative GUEST gates a structural mutation)
[log] [coop:session] isCoopAuthoritativeGuestGated -> true (authoritative GUEST gates a structural mutation)
[log] [coop:session] isCoopAuthoritativeGuestGated -> true (authoritative GUEST gates a structural mutation)
[log] [coop:session] isCoopAuthoritativeGuestGated -> true (authoritative GUEST gates a structural mutation)
[log] [coop:runtime] consume wave-advance wave=1 outcome=win transition=WAVE_VICTORY/next2/biome0/egg1/wild (lastResolved -1 -> 1)
[log] [coop:replay] guest wave-advance outcome=win wave=1 next=WAVE_VICTORY/wave2 biomeChange=false eggLapse=true victoryKind=wild battleType=WILD queues=VictoryPhase (host-stated)
[warn] [coop:replay] guest wave-advance wave=1: replacing speculative future queue [CommandPhase,TurnStartPhase]
[log] [coop:session] isCoopAuthoritativeGuestGated -> true (authoritative GUEST gates a structural mutation)
[log] [coop:progression] GUEST applyPartyExp SKIP wave=1 koMon=Pidgey (awaiting host waveEndState)
[log] [coop-diag] VictoryPhase win-branch role=guest battleType=WILD queuesTrainerVictory=false queuesSelectModifier=true wave=1
[log] [coop:session] isCoopAuthoritativeGuestGated -> true (authoritative GUEST gates a structural mutation)
[log] [coop:session] isCoopAuthoritativeGuestGated -> true (authoritative GUEST gates a structural mutation)
[log] [coop-diag] VictoryTail role=guest wave=1 source=host-stated trainer=false egg=true biomeShop=false biomeChange=false crossroads=false nextWave=2
[log] [coop:session] isCoopAuthoritativeGuestGated -> true (authoritative GUEST gates a structural mutation)
[log] [coop:session] isCoopAuthoritativeGuestGated -> true (authoritative GUEST gates a structural mutation)
[log] [coop:session] isCoopAuthoritativeGuestGated -> true (authoritative GUEST gates a structural mutation)
[log] [coop:adopt] erMoneyStreaks host entries=0 -> restored (#837/#348)
[log] [coop:adopt] biomeOverstayAnchor host=null -> restored (#837/#504)
[log] [coop:adopt] erBiomeStructure host length=13 startWave=1 -> restored (#841 item 5)
[log] [coop:adopt] erRelicBattleState host wave=1 -> restored (#837)
[log] [coop:adopt] erLastGenericTrainerType host=none -> restored
[log] [coop:adopt] erMapState host nodes=0 travelTarget=- fragments=0 -> restored (#865/#841 item 1)
[log] [coop:adopt] erPendingNodes host count=4 revealed=2 -> restored (#865)
[log] [coop:resync] guest apply authoritativeState tick=11 wave=1 turn=3 party=6/1 field=2
[log] [coop:resync] presentation settle boundary=resync-stable side=player desired=visible ids=[2617448572] changed=0 phase=BattleEndPhase
[log] [coop:resync] presentation settle boundary=wave-start-pre-intro side=enemy desired=visible ids=[] changed=0 phase=BattleEndPhase
[log] [coop:runtime] wave-advance retained DATA boundary admitted wave=1
[log] [coop:progression] retained WAVE_ADVANCE DATA applied wave=1 tick=11
[log] [coop:progression] GUEST retained WAVE_ADVANCE BattleEnd release wave=1
[log] [coop:progression] GUEST automatic victory settlement admitted wave=1 turn=3
[log] [coop:interaction] interactionCounter() read -> 0 (role=guest)
[log] [coop:checksum] capture digest=1048a6c439a1f9b5 field=2 biome=0 seed=coop-soak-20260831 weather=0 terrain=0 money=0 party=[149,94,143,248,376,445] partyLevels=[65,65,65,65,65,65] arenaTags=0 modifiers=1 heldItemsDigest=0 pokeballs=[0:5,1:0,2:0,3:0,4:0] mons=[bi0:sp149/hp213-213/st0/ab5013/form0/tera0:15/boss0:0 bi2:sp16/hp0-14/st7/ab62/form0/tera0:2/boss0:0]
[log] [coop:interaction] interactionCounter() read -> 0 (role=guest)
[log] [coop:owner] ownerOf(counter=0) seat=0 -> owner=host
[log] [coop:owner] isLocalOwnerAtCounter(pinnedCounter=0) parity=0 owner=host role=guest -> false
[log] [coop:interaction] interactionCounter() read -> 0 (role=guest)
[log] [coop:reward] owner/watcher decision: pinnedStart=0 liveCounter=0 parity=0 role=guest pick=WATCHER option=ADOPT spoof=false
[log] [coop:rendezvous] ARRIVE point=shop:1:0 (send) role=guest
[log] [coop:transport] send guest t=rendezvous point=shop:1:0
[log] [coop:reward] WATCHER waits for partner's reward picks (start=0 role=guest wave=1)
[log] [coop:reward] WATCHER awaiting owner reward options (start=0 reroll=0 localCount=0)
[log] [coop:relay] AWAIT rewardOptions key=0:0 timeoutMs=1200000 -> BUFFER-HIT resolve count=3
[log] [coop:transport] recv host t=rendezvous point=shop:1:0 handlers=1
[log] [coop:shop] reconstructRewardOptions OK count=3 ids=[POKEBALL,TEMP_STAT_STAGE_BOOSTER,TM_CASE]
[log] [coop:reward] WATCHER ADOPTED owner reward options (was=0 now=3 ids=[POKEBALL,TEMP_STAT_STAGE_BOOSTER,TM_CASE])
[log] [coop:transport] send guest t=turnCommitAck e=1831085709869277 wave=1 turn=2 rev=10 stage=continuationReady checksum=1048a6c439a1f9b5
[log] [coop:stream] guest ACK turn stage=continuationReady e=1831085709869277 wave=1 turn=2 rev=10
[log] [coop:stream] guest continuation surface=sharedInput e=1831085709869277 wave=1 turn=3 waiting=1 released=1
[log] [coop:transport] recv host t=turnCommitAck e=1831085709869277 wave=1 turn=2 rev=10 stage=continuationReady checksum=1048a6c439a1f9b5 handlers=1
[log] [coop:progression] retained WAVE_ADVANCE continuationReady wave=1
[log] [coop:transport] send guest t=coopAck cls=op:global seq=1
[log] [coop:transport] send guest t=coopAck cls=op:global seq=1
[log] [coop:transport] send guest t=coopAck cls=op:global seq=1
[log] [coop:interaction] mirror begin role=watcher mirrorSeq=0 interactionStart=0 reroll=0
[log] [coop:interaction] uiMirror beginSession role=watcher mode=6 seq=0 early=0
[log] [coop:transport] recv host t=coopAck cls=op:global seq=1 handlers=1
[log] [coop:transport] recv host t=coopAck cls=op:global seq=1 handlers=1
[log] [coop:transport] recv host t=coopAck cls=op:global seq=1 handlers=1
[log] [coop:relay] AWAIT interactionChoice seq=0 timeoutMs=1200000 expected=[reward,shop,skip,reroll,check,transfer,lock] -> network-wait
[log] [coop:transport] recv guest t=envelope t=envelope handlers=1
[log] [coop:transport] send guest t=coopAck cls=op:global seq=1
[log] [coop:transport] send guest t=coopAck cls=op:global seq=1
[log] [coop:transport] send guest t=coopAck cls=op:global seq=1
[log] [coop:transport] recv host t=coopAck cls=op:global seq=1 handlers=1
[log] [coop:transport] recv host t=coopAck cls=op:global seq=1 handlers=1
[log] [coop:transport] recv host t=coopAck cls=op:global seq=1 handlers=1
[log] [coop:rendezvous] RECV arrival point=shop:1:0 -> DUPLICATE (already seen) role=guest
[log] [coop:adopt] erMoneyStreaks host entries=0 -> restored (#837/#348)
[log] [coop:adopt] biomeOverstayAnchor host=null -> restored (#837/#504)
[log] [coop:adopt] erBiomeStructure host length=13 startWave=1 -> restored (#841 item 5)
[log] [coop:adopt] erRelicBattleState host wave=1 -> restored (#837)
[log] [coop:adopt] erLastGenericTrainerType host=none -> restored
[log] [coop:adopt] erMapState host nodes=0 travelTarget=- fragments=0 -> restored (#865/#841 item 1)
[log] [coop:adopt] erPendingNodes host count=4 revealed=2 -> restored (#865)
[log] [coop:resync] guest apply authoritativeState tick=12 wave=1 turn=3 party=6/1 field=2
[log] [coop:resync] presentation settle boundary=resync-stable side=player desired=visible ids=[2617448572] changed=0 phase=SelectModifierPhase
[log] [coop:resync] presentation settle boundary=wave-start-pre-intro side=enemy desired=visible ids=[] changed=0 phase=SelectModifierPhase
[log] [coop:relay] DELIVER interactionChoice seq=0 -> waiter kind=skip choice=-1 data=-
[log] [coop:relay] AWAIT interactionChoice seq=0 RESOLVE kind=skip choice=-1 data=-
[log] [coop:reward] shop authoritative RESULT applied-before-render kind=REWARD id=1831085709869277:0:REWARD:0 rev=2 tick=12
[log] [coop:transport] send guest t=coopAck cls=op:global seq=2
[log] [coop:reward] reward op WATCHER materialize retained choice=-1 terminal=true skippedObsolete=0 id=1831085709869277:0:REWARD:0
[log] [coop:reward] WATCHER applying relayed action seq=0 act=LEAVE choice=-1 data=-
[log] [coop:v2-interaction] terminal proof recorded op=1831085709869277:0:REWARD:0 role=guest seat=1 duplicate=0 ambient=1
[log] [coop:v2-interaction] phase terminal proof op=1831085709869277:0:REWARD:0 route=constructor-fallback accepted=1
[log] [coop:interaction] interactionCounter() read -> 0 (role=guest)
[log] [coop:interaction] CoopInteractionTurn.advance INCREMENT (fromCounter=0) counter 0 -> 1
[log] [coop:interaction] advanceInteraction ADVANCED+BROADCAST (fromCounter=0) counter 0 -> 1 role=guest; send interaction screen=__turn__ choice=1
[log] [coop:interaction] SEND counter snapshot reason=advance choice=1 role=guest
[log] [coop:transport] send guest t=interaction screen=__turn__
[log] [coop:owner] ownerOf(counter=1) seat=1 -> owner=guest
[log] [coop:owner] ownerOf(counter=1) seat=1 -> owner=guest
[log] [coop:interaction] interactionCounter() read -> 1 (role=guest)
[log] [coop:reward] advance interaction (role=guest from=0 counter 0 -> 1)
[log] [coop:session] isCoopAuthoritativeGuestGated -> true (authoritative GUEST gates a structural mutation)
[log] [coop:transport] recv host t=coopAck cls=op:global seq=2 handlers=1
[log] [coop:transport] recv host t=interaction screen=__turn__ handlers=1
[log] [coop:interaction] interactionCounter() read -> 1 (role=guest)
[log] [coop:interaction] interactionCounter() read -> 1 (role=guest)
[log] [coop:interaction] RECV interaction broadcast (deferred catch-up net) received=1 localBefore=1 role=guest -> no defer (local >= received)
[warn] [coop:interaction] CoopInteractionTurn.mergeRemote DEFER (remote=1, counter=1, pendingRemote=1) live counter UNCHANGED (folds in at next advance if still ahead)
[log] [coop:owner] ownerOf(counter=1) seat=1 -> owner=guest
[log] [coop:owner] ownerOf(counter=1) seat=1 -> owner=guest
[log] [coop:interaction] interactionCounter() read -> 1 (role=host)
[log] [coop:interaction] interactionCounter() read -> 1 (role=guest)
[log] [coop-soak:wave-complete] {"seed":20260831,"wave":1,"wavesRequested":55,"wavesCompleted":1,"waveElapsedMs":1317,"elapsedMs":2187,"findings":0,"hostPhase":"NewBattlePhase","guestPhase":"NewBattlePhase"}
[log] [coop:stream] guest RECV ghostPool count=0 -> handler
[log] [coop:replay] guest RECV enemyPartySync wave=2 count=2 -> buffered (no waiter)
[log] [coop:replay] guest RECV entry presentation wave=2 stateTick=14 events=6 buffered
[log] [coop:replay] guest RECV enemyPartySync wave=2 count=2 -> buffered (no waiter)
[log] [coop:rendezvous] RECV arrival point=cmd:2:1 -> BUFFER (no waiter yet) role=guest
[log] [coop:battletype] wave=2 HOST verdict: WILD - adopting (#867)
[log] [coop:me] wave=2 HOST verdict: NO ME - local presence roll suppressed (#862)
[log] [coop:session] isCoopAuthoritativeGuestGated -> true (authoritative GUEST gates a structural mutation)
[log] [coop:interaction] interactionCounter() read -> 1 (role=guest)
[log] [coop:renderer] cleared unmatched authoritative-guest player trainer
[log] [coop:stream] guest consumeEnemyParty wave=2 -> 2 enemies
[log] [coop:enemy] buildCoopEnemy ADOPT trainerSlot=0 species=519 form=0 lv=2 abilityIdx=1 nature=0 gender=1 shiny=false tera=0:2 hp=15/15 moves=4 heldItems=0
[log] [coop:enemy] buildCoopEnemy ADOPT trainerSlot=0 species=174 form=0 lv=2 abilityIdx=0 nature=0 gender=1 shiny=false tera=0:17 hp=16/16 moves=4 heldItems=0
[log] [coop:adopt] erMoneyStreaks host entries=0 -> restored (#837/#348)
[log] [coop:adopt] biomeOverstayAnchor host=null -> restored (#837/#504)
[log] [coop:adopt] erBiomeStructure host length=13 startWave=1 -> restored (#841 item 5)
[log] [coop:adopt] erRelicBattleState host wave=2 -> restored (#837)
[log] [coop:adopt] erLastGenericTrainerType host=none -> restored
[log] [coop:adopt] erMapState host nodes=0 travelTarget=- fragments=0 -> restored (#865/#841 item 1)
[log] [coop:adopt] erPendingNodes host count=4 revealed=2 -> restored (#865)
[log] [coop:resync] guest apply authoritativeState tick=14 wave=2 turn=1 party=6/2 field=4
[log] [coop:resync] presentation settle boundary=resync-stable side=player desired=visible ids=[2617448572,744463804] changed=1 phase=NextEncounterPhase
[log] [coop:resync] presentation settle boundary=resync-stable side=enemy desired=visible ids=[714285507,1621559481] changed=2 phase=NextEncounterPhase
[log] [coop:resync] render differ: newly presented id=714285507 key=pkmn__519 -> load atlas
[log] [coop:resync] render differ: newly presented id=1621559481 key=pkmn__174 -> load atlas
[log] [coop:resync] render differ: newly presented id=744463804 key=pkmn__back__94 -> load atlas
[log] [coop:resync] presentation settle boundary=wave-start-pre-intro side=enemy desired=hidden ids=[714285507,1621559481] changed=2 phase=NextEncounterPhase
[log] [coop:resync] presentation settle boundary=encounter-summon side=enemy desired=visible ids=[714285507,1621559481] changed=0 phase=NextEncounterPhase
[log] [coop:resync] presentation settle boundary=launch-ready side=player desired=visible ids=[2617448572,744463804] changed=0 phase=NextEncounterPhase
[log] [coop:session] isCoopAuthoritativeGuestGated -> true (authoritative GUEST gates a structural mutation)
[log] [coop:session] isCoopAuthoritativeGuestGated -> true (authoritative GUEST gates a structural mutation)
[log] [coop:session] isCoopAuthoritativeGuestGated -> true (authoritative GUEST gates a structural mutation)
[log] [coop:session] isCoopAuthoritativeGuestGated -> true (authoritative GUEST gates a structural mutation)
[log] [coop:session] isCoopAuthoritativeGuestGated -> true (authoritative GUEST gates a structural mutation)
[log] [coop:session] isCoopAuthoritativeGuestGated -> true (authoritative GUEST gates a structural mutation)
[log] [coop:replay] guest replay turn=1: awaiting retained entry presentation
[warn] [coop:resync] authoritativeState tick=14 STALE (lastApplied=14) -> REJECTED (#807)
[log] [coop:adopt] erMoneyStreaks host entries=0 -> restored (#837/#348)
[log] [coop:adopt] biomeOverstayAnchor host=null -> restored (#837/#504)
[log] [coop:adopt] erBiomeStructure host length=13 startWave=1 -> restored (#841 item 5)
[log] [coop:adopt] erRelicBattleState host wave=2 -> restored (#837)
[log] [coop:adopt] erLastGenericTrainerType host=none -> restored
[log] [coop:adopt] erMapState host nodes=0 travelTarget=- fragments=0 -> restored (#865/#841 item 1)
[log] [coop:adopt] erPendingNodes host count=4 revealed=2 -> restored (#865)
[log] [coop:resync] guest reassert authoritativeState tick=14 wave=2 turn=1 party=6/2 field=4
[log] [coop:resync] presentation settle boundary=resync-stable side=player desired=visible ids=[2617448572,744463804] changed=0 phase=CoopReplayTurnPhase
[log] [coop:resync] presentation settle boundary=resync-stable side=enemy desired=visible ids=[714285507,1621559481] changed=0 phase=CoopReplayTurnPhase
[log] [coop:replay] guest replay turn=1: rendering 6 event(s)
[log] [coop:replay] guest replay turn=1: present k=showAbility
[log] [coop:session] isCoopAuthoritativeGuestGated -> true (authoritative GUEST gates a structural mutation)
[log] [coop:replay] guest replay turn=1: present k=message
[log] [coop:turn] host recorder: append turn=1 seq=6 k=message total=7 live=true
[log] [coop:replay] guest replay turn=1: present k=statStage
[log] [coop:session] isCoopAuthoritativeGuestGated -> true (authoritative GUEST gates a structural mutation)
[log] [coop:replay] guest replay turn=1: present k=message
[log] [coop:turn] host recorder: append turn=1 seq=7 k=message total=8 live=true
[log] [coop:replay] guest replay turn=1: present k=statStage
[log] [coop:session] isCoopAuthoritativeGuestGated -> true (authoritative GUEST gates a structural mutation)
[log] [coop:replay] guest replay turn=1: present k=hideAbility
[log] [coop:session] isCoopAuthoritativeGuestGated -> true (authoritative GUEST gates a structural mutation)
[log] [coop:replay] guest replay turn=1: rendered phases [showAbility=1 message=2 statStage=2 hideAbility=1]
[log] [coop:replay] guest replay turn=1: retained entry presentation queued stateTick=14 events=6; awaiting exact outcome proof
[log] [coop:session] isCoopAuthoritativeGuestGated -> true (authoritative GUEST gates a structural mutation)
[log] [coop:replay] present statStage bi=2 stat=3 -> -1
[log] [coop:replay] present statStage bi=2 stat=3 set to -1 NO tween (delta=0 anims=false)
[log] [coop:replay] present statStage bi=3 stat=3 -> -1
[log] [coop:replay] present statStage bi=3 stat=3 set to -1 NO tween (delta=0 anims=false)
[log] [coop:replay] guest pre-command presentation PROVED wave=2 turn=1 events=6
[log] [coop:stream] guest consumeEnemyParty wave=2 -> null (buffered=none)
[log] [coop:battle] CommandPhase slot=0 turn=1 owner=host role=guest -> partner path
[log] [coop:stream] guest consumeEnemyParty wave=2 -> null (buffered=none)
[log] [coop:rendezvous] ARRIVE point=cmd:2:1 (send) role=guest
[log] [coop:transport] send guest t=rendezvous point=cmd:2:1
[log] [coop:rendezvous] next-command barrier cmd:2:1 SYNC pass (partner already arrived)
[log] [coop:stream] guest consumeEnemyParty wave=2 -> null (buffered=none)
[log] [coop:transport] send guest t=coopAck cls=op:global seq=2
[log] [coop:transport] send guest t=coopAck cls=op:global seq=2
[log] [coop:transport] recv host t=rendezvous point=cmd:2:1 handlers=1
[log] [coop:transport] recv host t=coopAck cls=op:global seq=2 handlers=1
[log] [coop:transport] recv host t=coopAck cls=op:global seq=2 handlers=1
[log] [coop:rendezvous] RECV arrival point=cmd:2:1 -> DUPLICATE (already seen) role=guest
[log] [coop:replay] guest IGNORE duplicate consumed entry presentation wave=2
[log] [coop:replay] guest RECV enemyPartySync wave=2 count=2 -> buffered (no waiter)
[log] [coop-soak:wave-start] {"seed":20260831,"wave":2,"wavesRequested":55,"wavesCompleted":1,"elapsedMs":3044,"hostPhase":"CommandPhase","guestPhase":"CommandPhase"}
[log] [coop:interaction] interactionCounter() read -> 1 (role=host)
[log] [coop:interaction] interactionCounter() read -> 1 (role=guest)
[log] [coop:interaction] interactionCounter() read -> 1 (role=guest)
[log] [coop:checksum] capture digest=2032830461ee3e48 field=4 biome=0 seed=coop-soak-20260831 weather=0 terrain=0 money=0 party=[149,94,143,248,376,445] partyLevels=[65,65,65,65,65,65] arenaTags=0 modifiers=1 heldItemsDigest=0 pokeballs=[0:5,1:0,2:0,3:0,4:0] mons=[bi0:sp149/hp213-213/st0/ab5013/form0/tera0:15/boss0:0 bi1:sp94/hp179-179/st0/ab5067/form0/tera0:7/boss0:0 bi2:sp519/hp15-15/st0/ab109/form0/tera0:2/boss0:0 bi3:sp174/hp16-16/st0/ab5487/form0/tera0:17/boss0:0]
[log] [coop:interaction] interactionCounter() read -> 1 (role=guest)
[log] [coop:replay] guest IGNORE duplicate consumed entry presentation wave=2
[log] [coop:replay] guest RECV enemyPartySync wave=2 count=2 -> buffered (no waiter)
[log] [coop:replay] guest RECV turnResolution e=1831085709869277 wave=2 turn=1 events=18 checksum=3e087c72b3173730 -> buffered (no waiter)
[log] [coop:session] isCoopAuthoritativeGuestGated -> true (authoritative GUEST gates a structural mutation)
[log] [coop:replay] guest replay turn=1: live pump start mode=turn
[log] [coop:replay] guest replay turn=1: advance local watermark 0->6
[log] [coop:session] isCoopAuthoritativeGuestGated -> true (authoritative GUEST gates a structural mutation)
[log] [coop:transport] send guest t=requestTurnCommit e=1831085709869277 wave=2 turn=1 rev=pending
[log] [coop:transport] send guest t=requestTurnCommit e=1831085709869277 wave=2 turn=1 rev=19
[log] [coop:replay] guest awaitTurn turn=1 RESOLVE (buffered race) events=18
[log] [coop:transport] recv host t=requestTurnCommit e=1831085709869277 wave=2 turn=1 rev=pending handlers=1
[log] [coop:transport] send host t=turnResolution e=1831085709869277 wave=2 turn=1 rev=19 events=18 checksum=3e087c72b3173730
[log] [coop:transport] recv host t=requestTurnCommit e=1831085709869277 wave=2 turn=1 rev=19 handlers=1
[log] [coop:transport] send host t=turnResolution e=1831085709869277 wave=2 turn=1 rev=19 events=18 checksum=3e087c72b3173730
[log] [coop:transport] recv guest t=turnResolution e=1831085709869277 wave=2 turn=1 rev=19 events=18 checksum=3e087c72b3173730 handlers=1
[log] [coop:transport] recv guest t=turnResolution e=1831085709869277 wave=2 turn=1 rev=19 events=18 checksum=3e087c72b3173730 handlers=1
[log] [coop:replay] guest consume live events turn=1 count=0
[log] [coop:replay] guest replay turn=1: RESOLVE renderedLive=6 remaining=12 batch=18
[log] [coop:replay] guest replay turn=1: rendering 12 event(s)
[log] [coop:replay] guest replay turn=1: present k=message
[log] [coop:replay] guest replay turn=1: present k=message
[log] [coop:replay] guest replay turn=1: present k=moveUsed
[log] [coop:replay] guest replay turn=1: present k=moveAnim
[log] [coop:session] isCoopAuthoritativeGuestGated -> true (authoritative GUEST gates a structural mutation)
[log] [coop:replay] guest replay turn=1: present k=hp
[log] [coop:session] isCoopAuthoritativeGuestGated -> true (authoritative GUEST gates a structural mutation)
[log] [coop:replay] guest replay turn=1: present k=faint
[log] [coop:session] isCoopAuthoritativeGuestGated -> true (authoritative GUEST gates a structural mutation)
[log] [coop:replay] guest replay turn=1: present k=message
[log] [coop:replay] guest replay turn=1: present k=moveUsed
[log] [coop:replay] guest replay turn=1: present k=moveAnim
[log] [coop:session] isCoopAuthoritativeGuestGated -> true (authoritative GUEST gates a structural mutation)
[log] [coop:replay] guest replay turn=1: present k=hp
[log] [coop:session] isCoopAuthoritativeGuestGated -> true (authoritative GUEST gates a structural mutation)
[log] [coop:replay] guest replay turn=1: present k=faint
[log] [coop:session] isCoopAuthoritativeGuestGated -> true (authoritative GUEST gates a structural mutation)
[log] [coop:replay] guest replay turn=1: present k=message
[log] [coop:replay] guest replay turn=1: rendered phases [message=4 moveUsed=2 moveAnim=2 hp=2 faint=2]
[log] [coop:replay] guest replay turn=1: unshift CoopFinalizeTurnPhase (checkpoint apply deferred)
[log] [coop:session] isCoopAuthoritativeGuestGated -> true (authoritative GUEST gates a structural mutation)
[log] [coop:stream] guest IGNORE idempotent turn duplicate e=1831085709869277 wave=2 turn=1 rev=19
[log] [coop:stream] guest IGNORE idempotent turn duplicate e=1831085709869277 wave=2 turn=1 rev=19
[log] [coop:replay] present move bi=3 moveId=584 targets=1
[log] [coop:replay] present hp bi=1 1->0/179
[log] [coop:replay] present faint bi=1 narrate=true
[log] [coop:session] isCoopAuthoritativeGuestGated -> true (authoritative GUEST gates a structural mutation)
[log] [coop:replay] guest own-faint picker OPEN slot=1 seq=90001 (choose your replacement)
[log] [coop:replay] guest own-faint picker PICK slot=1 -> party[3] seq=90001
[log] [coop:relay] SEND interactionChoice seq=90001 kind=switch kind=? choice=3 data=[0,248,1831085709869277,200001001114,0,11]
[log] [coop:transport] send guest t=interactionChoice seq=90001 kind=switch choice=3
[log] [coop:transport] recv host t=interactionChoice seq=90001 kind=switch choice=3 handlers=1
[log] [coop:relay] DELIVER interactionChoice seq=90001 -> waiter kind=switch choice=3 data=[0,248,1831085709869277,200001001114,0,11]
[log] [coop:relay] AWAIT interactionChoice seq=90001 RESOLVE kind=switch choice=3 data=[0,248,1831085709869277,200001001114,0,11]
[log] [coop:transport] recv guest t=envelope t=envelope handlers=1
[log] [coop:replay] faint-switch authority APPLIED op=1831085709869277:1:FAINT_SWITCH:200001001114 window=1831085709869277:1:2:1:11:1:FAINT_SWITCH_PROPOSAL -> cancelled exact intent retry
[log] [coop:transport] send guest t=coopAck cls=op:global seq=3
[log] [coop:transport] recv host t=coopAck cls=op:global seq=3 handlers=1
[log] [coop:durability] host RELEASE contiguous acknowledged authority cls=op:global seq=3
[log] [coop:replay] present move bi=0 moveId=85 targets=1
[log] [coop:replay] present hp bi=2 15->0/15
[log] [coop:replay] present faint bi=2 narrate=true
[log] [coop:checkpoint] guest apply field=4 weather=0 terrain=0 arenaTags=0
[log] [coop:session] isCoopAuthoritativeGuestGated -> true (authoritative GUEST gates a structural mutation)
[log] [coop:adopt] erMoneyStreaks host entries=1 -> restored (#837/#348)
[log] [coop:adopt] biomeOverstayAnchor host=null -> restored (#837/#504)
[log] [coop:adopt] erBiomeStructure host length=13 startWave=1 -> restored (#841 item 5)
[log] [coop:adopt] erRelicBattleState host wave=2 -> restored (#837)
[log] [coop:adopt] erLastGenericTrainerType host=none -> restored
[log] [coop:adopt] erMapState host nodes=0 travelTarget=- fragments=0 -> restored (#865/#841 item 1)
[log] [coop:adopt] erPendingNodes host count=4 revealed=2 -> restored (#865)
[log] [coop:resync] guest apply authoritativeState tick=19 wave=2 turn=1 party=6/2 field=4
[log] [coop:resync] presentation settle boundary=resync-stable side=player desired=visible ids=[2617448572] changed=0 phase=CoopFinalizeTurnPhase
[log] [coop:resync] presentation settle boundary=resync-stable side=enemy desired=visible ids=[1621559481] changed=0 phase=CoopFinalizeTurnPhase
[log] [coop:interaction] interactionCounter() read -> 1 (role=guest)
[log] [coop:checksum] capture digest=3e087c72b3173730 field=4 biome=0 seed=coop-soak-20260831 weather=0 terrain=0 money=0 party=[149,94,143,248,376,445] partyLevels=[65,65,65,65,65,65] arenaTags=0 modifiers=1 heldItemsDigest=0 pokeballs=[0:5,1:0,2:0,3:0,4:0] mons=[bi0:sp149/hp213-213/st0/ab5013/form0/tera0:15/boss0:0 bi1:sp94/hp0-179/st7/ab5067/form0/tera0:7/boss0:0 bi2:sp519/hp0-15/st7/ab109/form0/tera0:2/boss0:0 bi3:sp174/hp16-16/st0/ab5487/form0/tera0:17/boss0:0]
[log] [coop:transport] send guest t=turnCommitAck e=1831085709869277 wave=2 turn=1 rev=19 stage=materialApplied checksum=3e087c72b3173730
[log] [coop:stream] guest ACK turn stage=materialApplied e=1831085709869277 wave=2 turn=1 rev=19
[log] [coop:checksum] guest finalize materialApplied e=1831085709869277 wave=2 turn=1 rev=19
[log] [coop:transport] recv host t=turnCommitAck e=1831085709869277 wave=2 turn=1 rev=19 stage=materialApplied checksum=3e087c72b3173730 handlers=1
[log] [coop:stream] host ACCEPT turn ACK stage=materialApplied key=1831085709869277:2:1:19
[log] [coop:transport] send guest t=turnCommitAck e=1831085709869277 wave=2 turn=1 rev=19 stage=presentationReady checksum=3e087c72b3173730
[log] [coop:stream] guest ACK turn stage=presentationReady e=1831085709869277 wave=2 turn=1 rev=19
[log] [coop:checksum] guest finalize presentationReady e=1831085709869277 wave=2 turn=1 rev=19
[log] [coop:replay] guest finalize turn=1: END (checkpoint applied, turn-end queued)
[log] [coop:transport] recv host t=turnCommitAck e=1831085709869277 wave=2 turn=1 rev=19 stage=presentationReady checksum=3e087c72b3173730 handlers=1
[log] [coop:stream] host ACCEPT turn ACK stage=presentationReady key=1831085709869277:2:1:19
[log] [coop:rendezvous] ARRIVE point=cmd:2:2 (send) role=guest
[log] [coop:transport] send guest t=rendezvous point=cmd:2:2
[log] [coop:transport] recv host t=rendezvous point=cmd:2:2 handlers=1
[log] [coop:rendezvous] RECV arrival point=cmd:2:2 -> BUFFER (no waiter yet) role=host
[log] [coop:rendezvous] RECV arrival point=cmd:2:2 -> BUFFER (no waiter yet) role=guest
[log] [coop:session] isCoopAuthoritativeGuestGated -> true (authoritative GUEST gates a structural mutation)
[log] [coop:session] isCoopAuthoritativeGuestGated -> true (authoritative GUEST gates a structural mutation)
[log] [coop:session] isCoopAuthoritativeGuestGated -> true (authoritative GUEST gates a structural mutation)
[log] [coop:session] isCoopAuthoritativeGuestGated -> true (authoritative GUEST gates a structural mutation)
[log] [coop:battle] CommandPhase slot=0 turn=2 owner=host role=guest -> partner path
[log] [coop-diag] turn-start authoritative guard mode=authoritative role=guest turn=2 diverts=true
[log] [coop:session] isCoopAuthoritativeGuestGated -> true (authoritative GUEST gates a structural mutation)
[log] [coop:replay] guest replay turn=2: live pump start mode=turn
[log] [coop:transport] send guest t=turnCommitAck e=1831085709869277 wave=2 turn=1 rev=19 stage=continuationReady checksum=3e087c72b3173730
[log] [coop:stream] guest ACK turn stage=continuationReady e=1831085709869277 wave=2 turn=1 rev=19
[log] [coop:stream] guest continuation surface=rendererWait e=1831085709869277 wave=2 turn=2 waiting=1 released=1
[log] [coop:transport] recv host t=turnCommitAck e=1831085709869277 wave=2 turn=1 rev=19 stage=continuationReady checksum=3e087c72b3173730 handlers=1
[log] [coop:checkpoint] guest prepare OUT-OF-BAND checkpoint mid-park reason=replacement turn=2
[log] [coop:checkpoint] guest apply field=4 weather=0 terrain=0 arenaTags=0
[log] [coop:field] player PASS2 reposition speciesId=248 from=3 to=1 bi=1
[log] [coop:session] isCoopAuthoritativeGuestGated -> true (authoritative GUEST gates a structural mutation)
[log] [coop:adopt] erMoneyStreaks host entries=1 -> restored (#837/#348)
[log] [coop:adopt] biomeOverstayAnchor host=null -> restored (#837/#504)
[log] [coop:adopt] erBiomeStructure host length=13 startWave=1 -> restored (#841 item 5)
[log] [coop:adopt] erRelicBattleState host wave=2 -> restored (#837)
[log] [coop:adopt] erLastGenericTrainerType host=none -> restored
[log] [coop:adopt] erMapState host nodes=0 travelTarget=- fragments=0 -> restored (#865/#841 item 1)
[log] [coop:adopt] erPendingNodes host count=4 revealed=2 -> restored (#865)
[log] [coop:resync] guest apply authoritativeState tick=21 wave=2 turn=2 party=6/2 field=4
[log] [coop:resync] presentation settle boundary=resync-stable side=player desired=visible ids=[2617448572,246635747] changed=0 phase=CoopReplayTurnPhase
[log] [coop:resync] presentation settle boundary=resync-stable side=enemy desired=visible ids=[1621559481] changed=0 phase=CoopReplayTurnPhase
[log] [coop:interaction] interactionCounter() read -> 1 (role=guest)
[log] [coop:checksum] capture digest=695476224cf5eb27 field=4 biome=0 seed=coop-soak-20260831 weather=0 terrain=0 money=0 party=[149,248,143,94,376,445] partyLevels=[65,65,65,65,65,65] arenaTags=0 modifiers=1 heldItemsDigest=0 pokeballs=[0:5,1:0,2:0,3:0,4:0] mons=[bi0:sp149/hp213-213/st0/ab5013/form0/tera0:15/boss0:0 bi1:sp248/hp225-225/st0/ab5101/form0/tera0:5/boss0:0 bi2:sp519/hp0-15/st7/ab109/form0/tera0:2/boss0:0 bi3:sp174/hp16-16/st0/ab5487/form0/tera0:17/boss0:0]
[log] [coop:checkpoint] guest replacement transaction COMMIT host=guest=695476224cf5eb27 checkpoint=applied state=applied
[log] [coop:transport] send guest t=battleCheckpointAck reason=replacement e=1831085709869277 wave=2 turn=2 rev=21 stage=materialApplied checksum=695476224cf5eb27
[log] [coop:stream] guest ACK replacement stage=materialApplied e=1831085709869277 wave=2 turn=2 rev=21
[log] [coop:transport] send guest t=battleCheckpointAck reason=replacement e=1831085709869277 wave=2 turn=2 rev=21 stage=presentationReady checksum=695476224cf5eb27
[log] [coop:stream] guest ACK replacement stage=presentationReady e=1831085709869277 wave=2 turn=2 rev=21
[log] [coop:replay] guest replay turn=2: replacement filled OUR slot 1 -> opening own CommandPhase
[log] [coop:session] isCoopAuthoritativeGuestGated -> true (authoritative GUEST gates a structural mutation)
[log] [coop:session] isCoopAuthoritativeGuestGated -> true (authoritative GUEST gates a structural mutation)
[log] [coop:transport] recv host t=battleCheckpointAck reason=replacement e=1831085709869277 wave=2 turn=2 rev=21 stage=materialApplied checksum=695476224cf5eb27 handlers=1
[log] [coop:transport] recv host t=battleCheckpointAck reason=replacement e=1831085709869277 wave=2 turn=2 rev=21 stage=presentationReady checksum=695476224cf5eb27 handlers=1
[log] [coop:rendezvous] next-command barrier cmd:2:2 SYNC pass (partner already arrived)
[log] [coop:transport] send guest t=battleCheckpointAck reason=replacement e=1831085709869277 wave=2 turn=2 rev=21 stage=continuationReady checksum=695476224cf5eb27
[log] [coop:stream] guest ACK replacement stage=continuationReady e=1831085709869277 wave=2 turn=2 rev=21
[log] [coop:stream] guest continuation surface=command e=1831085709869277 wave=2 turn=2 waiting=1 released=1
[log] [coop:transport] send guest t=coopAck cls=op:global seq=3
[log] [coop:transport] send guest t=coopAck cls=op:global seq=3
[log] [coop:transport] recv host t=battleCheckpointAck reason=replacement e=1831085709869277 wave=2 turn=2 rev=21 stage=continuationReady checksum=695476224cf5eb27 handlers=1
[log] [coop:transport] recv host t=coopAck cls=op:global seq=3 handlers=1
[log] [coop:transport] recv host t=coopAck cls=op:global seq=3 handlers=1
[log] [coop:replay] guest RECV turnResolution e=1831085709869277 wave=2 turn=2 events=6 checksum=5e9a5e538425027c -> buffered (no waiter)
[log] [coop:replay] guest RECV waveResolved wave=2 outcome=win transition=WAVE_VICTORY/next3/biome0/egg1/wild
[log] [coop:runtime] recv waveResolved wave=2 outcome=win role=guest netcode=authoritative
[log] [coop:runtime] ignore raw waveResolved for correctness wave=2 outcome=win; awaiting retained transaction
[log] [coop:session] isCoopAuthoritativeGuestGated -> true (authoritative GUEST gates a structural mutation)
[log] [coop:replay] guest replay turn=2: live pump start mode=turn
[log] [coop:transport] send guest t=requestTurnCommit e=1831085709869277 wave=2 turn=2 rev=pending
[log] [coop:transport] send guest t=requestTurnCommit e=1831085709869277 wave=2 turn=2 rev=24
[log] [coop:replay] guest awaitTurn turn=2 RESOLVE (buffered race) events=6
[log] [coop:transport] recv host t=requestTurnCommit e=1831085709869277 wave=2 turn=2 rev=pending handlers=1
[log] [coop:transport] send host t=turnResolution e=1831085709869277 wave=2 turn=2 rev=24 events=6 checksum=5e9a5e538425027c
[log] [coop:transport] recv host t=requestTurnCommit e=1831085709869277 wave=2 turn=2 rev=24 handlers=1
[log] [coop:transport] send host t=turnResolution e=1831085709869277 wave=2 turn=2 rev=24 events=6 checksum=5e9a5e538425027c
[log] [coop:transport] recv guest t=turnResolution e=1831085709869277 wave=2 turn=2 rev=24 events=6 checksum=5e9a5e538425027c handlers=1
[log] [coop:transport] recv guest t=turnResolution e=1831085709869277 wave=2 turn=2 rev=24 events=6 checksum=5e9a5e538425027c handlers=1
[log] [coop:replay] guest consume live events turn=2 count=0
[log] [coop:replay] guest replay turn=2: RESOLVE renderedLive=0 remaining=6 batch=6
[log] [coop:replay] guest replay turn=2: rendering 6 event(s)
[log] [coop:replay] guest replay turn=2: present k=switch
[log] [coop:session] isCoopAuthoritativeGuestGated -> true (authoritative GUEST gates a structural mutation)
[log] [coop:replay] guest replay turn=2: present k=moveUsed
[log] [coop:replay] guest replay turn=2: present k=moveAnim
[log] [coop:session] isCoopAuthoritativeGuestGated -> true (authoritative GUEST gates a structural mutation)
[log] [coop:replay] guest replay turn=2: present k=hp
[log] [coop:session] isCoopAuthoritativeGuestGated -> true (authoritative GUEST gates a structural mutation)
[log] [coop:replay] guest replay turn=2: present k=faint
[log] [coop:session] isCoopAuthoritativeGuestGated -> true (authoritative GUEST gates a structural mutation)
[log] [coop:replay] guest replay turn=2: present k=message
[log] [coop:replay] guest replay turn=2: rendered phases [switch=1 moveUsed=1 moveAnim=1 hp=1 faint=1 message=1]
[log] [coop:replay] guest replay turn=2: unshift CoopFinalizeTurnPhase (checkpoint apply deferred)
[log] [coop:session] isCoopAuthoritativeGuestGated -> true (authoritative GUEST gates a structural mutation)
[log] [coop:stream] guest IGNORE idempotent turn duplicate e=1831085709869277 wave=2 turn=2 rev=24
[log] [coop:stream] guest IGNORE idempotent turn duplicate e=1831085709869277 wave=2 turn=2 rev=24
[log] [coop:replay] present move bi=0 moveId=85 targets=1
[log] [coop:replay] present hp bi=3 16->0/16
[log] [coop:replay] present faint bi=3 narrate=true
[log] [coop:checkpoint] guest apply field=4 weather=0 terrain=0 arenaTags=0
[log] [coop:session] isCoopAuthoritativeGuestGated -> true (authoritative GUEST gates a structural mutation)
[log] [coop:adopt] erMoneyStreaks host entries=1 -> restored (#837/#348)
[log] [coop:adopt] biomeOverstayAnchor host=null -> restored (#837/#504)
[log] [coop:adopt] erBiomeStructure host length=13 startWave=1 -> restored (#841 item 5)
[log] [coop:adopt] erRelicBattleState host wave=2 -> restored (#837)
[log] [coop:adopt] erLastGenericTrainerType host=none -> restored
[log] [coop:adopt] erMapState host nodes=0 travelTarget=- fragments=0 -> restored (#865/#841 item 1)
[log] [coop:adopt] erPendingNodes host count=4 revealed=2 -> restored (#865)
[log] [coop:resync] guest apply authoritativeState tick=24 wave=2 turn=2 party=6/2 field=4
[log] [coop:resync] presentation settle boundary=resync-stable side=player desired=visible ids=[2617448572,246635747] changed=0 phase=CoopFinalizeTurnPhase
[log] [coop:resync] presentation settle boundary=wave-start-pre-intro side=enemy desired=visible ids=[] changed=0 phase=CoopFinalizeTurnPhase
[log] [coop:interaction] interactionCounter() read -> 1 (role=guest)
[log] [coop:checksum] capture digest=5e9a5e538425027c field=4 biome=0 seed=coop-soak-20260831 weather=0 terrain=0 money=0 party=[149,248,143,94,376,445] partyLevels=[65,65,65,65,65,65] arenaTags=0 modifiers=1 heldItemsDigest=0 pokeballs=[0:5,1:0,2:0,3:0,4:0] mons=[bi0:sp149/hp213-213/st0/ab5013/form0/tera0:15/boss0:0 bi1:sp248/hp225-225/st0/ab5101/form0/tera0:5/boss0:0 bi2:sp519/hp0-15/st7/ab109/form0/tera0:2/boss0:0 bi3:sp174/hp0-16/st7/ab5487/form0/tera0:17/boss0:0]
[log] [coop:transport] send guest t=turnCommitAck e=1831085709869277 wave=2 turn=2 rev=24 stage=materialApplied checksum=5e9a5e538425027c
[log] [coop:stream] guest ACK turn stage=materialApplied e=1831085709869277 wave=2 turn=2 rev=24
[log] [coop:checksum] guest finalize materialApplied e=1831085709869277 wave=2 turn=2 rev=24
[log] [coop:transport] recv host t=turnCommitAck e=1831085709869277 wave=2 turn=2 rev=24 stage=materialApplied checksum=5e9a5e538425027c handlers=1
[log] [coop:stream] host ACCEPT turn ACK stage=materialApplied key=1831085709869277:2:2:24
[log] [coop:transport] send guest t=turnCommitAck e=1831085709869277 wave=2 turn=2 rev=24 stage=presentationReady checksum=5e9a5e538425027c
[log] [coop:stream] guest ACK turn stage=presentationReady e=1831085709869277 wave=2 turn=2 rev=24
[log] [coop:checksum] guest finalize presentationReady e=1831085709869277 wave=2 turn=2 rev=24
[log] [coop:replay] guest finalize turn=2: END (checkpoint applied, turn-end queued)
[log] [coop:transport] recv host t=turnCommitAck e=1831085709869277 wave=2 turn=2 rev=24 stage=presentationReady checksum=5e9a5e538425027c handlers=1
[log] [coop:stream] host ACCEPT turn ACK stage=presentationReady key=1831085709869277:2:2:24
[log] [coop:interaction] interactionCounter() read -> 1 (role=host)
[log] [coop:stream] guest admitted WAVE_ADVANCE continuation e=1831085709869277 wave=2
[log] [coop:runtime] wave-advance JOURNAL bootstrap wave=2 outcome=win (ACK withheld)
[log] [coop:runtime] wave-advance JOURNAL queued safe-boundary wake wave=2 unparkedReplay=0
[log] [coop:runtime] wave-advance op JOURNAL cursor-advanced id=1831085709869277:0:WAVE_ADVANCE:2 rev=4 dataApplied=false continuationReady=false (DATA applies at BattleEnd; retained ACK awaits DATA + destination continuation)
[log] [coop:transport] send guest t=coopAck cls=op:global seq=4
[log] [coop:replay] guest RECV waveEndState wave=2 tick=25
[log] [coop:runtime] ignore raw waveEndState for correctness wave=2 tick=25
[log] [coop:relay] RECV rewardOptions key=1:0 -> BUFFER rewardOptionsInbox (latest-wins) count=3
[log] [coop:rendezvous] RECV arrival point=shop:2:1 -> BUFFER (no waiter yet) role=guest
[log] [coop:transport] recv host t=coopAck cls=op:global seq=4 handlers=1
[log] [coop:session] isCoopAuthoritativeGuestGated -> true (authoritative GUEST gates a structural mutation)
[log] [coop:session] isCoopAuthoritativeGuestGated -> true (authoritative GUEST gates a structural mutation)
[log] [coop:session] isCoopAuthoritativeGuestGated -> true (authoritative GUEST gates a structural mutation)
[log] [coop:session] isCoopAuthoritativeGuestGated -> true (authoritative GUEST gates a structural mutation)
[log] [coop:session] isCoopAuthoritativeGuestGated -> true (authoritative GUEST gates a structural mutation)
[log] [coop:runtime] consume wave-advance wave=2 outcome=win transition=WAVE_VICTORY/next3/biome0/egg1/wild (lastResolved 1 -> 2)
[log] [coop:replay] guest wave-advance outcome=win wave=2 next=WAVE_VICTORY/wave3 biomeChange=false eggLapse=true victoryKind=wild battleType=WILD queues=VictoryPhase (host-stated)
[warn] [coop:replay] guest wave-advance wave=2: replacing speculative future queue [CommandPhase,CommandPhase,TurnStartPhase]
[log] [coop:session] isCoopAuthoritativeGuestGated -> true (authoritative GUEST gates a structural mutation)
[log] [coop:progression] GUEST applyPartyExp SKIP wave=2 koMon=Igglybuff (awaiting host waveEndState)
[log] [coop-diag] VictoryPhase win-branch role=guest battleType=WILD queuesTrainerVictory=false queuesSelectModifier=true wave=2
[log] [coop:session] isCoopAuthoritativeGuestGated -> true (authoritative GUEST gates a structural mutation)
[log] [coop:session] isCoopAuthoritativeGuestGated -> true (authoritative GUEST gates a structural mutation)
[log] [coop-diag] VictoryTail role=guest wave=2 source=host-stated trainer=false egg=true biomeShop=false biomeChange=false crossroads=false nextWave=3
[log] [coop:session] isCoopAuthoritativeGuestGated -> true (authoritative GUEST gates a structural mutation)
[log] [coop:session] isCoopAuthoritativeGuestGated -> true (authoritative GUEST gates a structural mutation)
[log] [coop:session] isCoopAuthoritativeGuestGated -> true (authoritative GUEST gates a structural mutation)
[log] [coop:adopt] erMoneyStreaks host entries=1 -> restored (#837/#348)
[log] [coop:adopt] biomeOverstayAnchor host=null -> restored (#837/#504)
[log] [coop:adopt] erBiomeStructure host length=13 startWave=1 -> restored (#841 item 5)
[log] [coop:adopt] erRelicBattleState host wave=2 -> restored (#837)
[log] [coop:adopt] erLastGenericTrainerType host=none -> restored
[log] [coop:adopt] erMapState host nodes=0 travelTarget=- fragments=0 -> restored (#865/#841 item 1)
[log] [coop:adopt] erPendingNodes host count=4 revealed=2 -> restored (#865)
[log] [coop:resync] guest apply authoritativeState tick=25 wave=2 turn=3 party=6/2 field=4
[log] [coop:resync] presentation settle boundary=resync-stable side=player desired=visible ids=[2617448572,246635747] changed=0 phase=BattleEndPhase
[log] [coop:resync] presentation settle boundary=wave-start-pre-intro side=enemy desired=visible ids=[] changed=0 phase=BattleEndPhase
[log] [coop:runtime] wave-advance retained DATA boundary admitted wave=2
[log] [coop:progression] retained WAVE_ADVANCE DATA applied wave=2 tick=25
[log] [coop:progression] GUEST retained WAVE_ADVANCE BattleEnd release wave=2
[log] [coop:progression] GUEST automatic victory settlement admitted wave=2 turn=3
[log] [coop:interaction] interactionCounter() read -> 1 (role=guest)
[log] [coop:checksum] capture digest=5e9a5e538425027c field=4 biome=0 seed=coop-soak-20260831 weather=0 terrain=0 money=0 party=[149,248,143,94,376,445] partyLevels=[65,65,65,65,65,65] arenaTags=0 modifiers=1 heldItemsDigest=0 pokeballs=[0:5,1:0,2:0,3:0,4:0] mons=[bi0:sp149/hp213-213/st0/ab5013/form0/tera0:15/boss0:0 bi1:sp248/hp225-225/st0/ab5101/form0/tera0:5/boss0:0 bi2:sp519/hp0-15/st7/ab109/form0/tera0:2/boss0:0 bi3:sp174/hp0-16/st7/ab5487/form0/tera0:17/boss0:0]
[log] [coop:interaction] interactionCounter() read -> 1 (role=guest)
[log] [coop:owner] ownerOf(counter=1) seat=1 -> owner=guest
[log] [coop:owner] isLocalOwnerAtCounter(pinnedCounter=1) parity=1 owner=guest role=guest -> true
[log] [coop:interaction] interactionCounter() read -> 1 (role=guest)
[log] [coop:reward] owner/watcher decision: pinnedStart=1 liveCounter=1 parity=1 role=guest pick=OWNER option=ADOPT spoof=false
[log] [coop:rendezvous] ARRIVE point=shop:2:1 (send) role=guest
[log] [coop:transport] send guest t=rendezvous point=shop:2:1
[log] [coop:reward] OWNER drives reward screen (start=1 role=guest spoof=false adoptsOptions=true wave=2)
[log] [coop:rendezvous] shop-pick-commit barrier AWAIT shop:2:1
[log] [coop:rendezvous] AWAIT point=shop:2:1 -> partner already arrived (buffer-hit) role=guest
[log] [coop:transport] recv host t=rendezvous point=shop:2:1 handlers=1
[log] [coop:reward] WATCHER awaiting owner reward options (start=1 reroll=0 localCount=0)
[log] [coop:relay] AWAIT rewardOptions key=1:0 timeoutMs=1200000 -> BUFFER-HIT resolve count=3
[log] [coop:shop] reconstructRewardOptions OK count=3 ids=[POKEBALL,MEMORY_MUSHROOM,BIG_NUGGET]
[log] [coop:reward] WATCHER ADOPTED owner reward options (was=0 now=3 ids=[POKEBALL,MEMORY_MUSHROOM,BIG_NUGGET])
[log] [coop:stream] guest DISCARD 1 causally dominated replacement transaction(s) via key=1831085709869277:2:2:24
[log] [coop:transport] send guest t=turnCommitAck e=1831085709869277 wave=2 turn=2 rev=24 stage=continuationReady checksum=5e9a5e538425027c
[log] [coop:stream] guest ACK turn stage=continuationReady e=1831085709869277 wave=2 turn=2 rev=24
[log] [coop:stream] guest continuation surface=sharedInput e=1831085709869277 wave=2 turn=3 waiting=1 released=1
[log] [coop:interaction] mirror begin role=owner mirrorSeq=64 interactionStart=1 reroll=0
[log] [coop:interaction] uiMirror beginSession role=owner mode=6 seq=64 early=0
[log] [coop:transport] recv host t=turnCommitAck e=1831085709869277 wave=2 turn=2 rev=24 stage=continuationReady checksum=5e9a5e538425027c handlers=1
[log] [coop:progression] retained WAVE_ADVANCE continuationReady wave=2
[log] [coop:transport] send guest t=coopAck cls=op:global seq=4
[log] [coop:transport] send guest t=coopAck cls=op:global seq=4
[log] [coop:transport] send guest t=coopAck cls=op:global seq=4
[log] [coop:transport] send guest t=battleCheckpointAck reason=replacement e=1831085709869277 wave=2 turn=2 rev=21 stage=continuationReady checksum=695476224cf5eb27
[log] [coop:checkpoint] guest RE-ACK compacted replacement through newer operation key=1831085709869277:2:2:21 operation=WAVE_ADVANCE stateTick=25
[log] [coop:transport] recv host t=coopAck cls=op:global seq=4 handlers=1
[log] [coop:transport] recv host t=coopAck cls=op:global seq=4 handlers=1
[log] [coop:transport] recv host t=coopAck cls=op:global seq=4 handlers=1
[log] [coop:transport] recv host t=battleCheckpointAck reason=replacement e=1831085709869277 wave=2 turn=2 rev=21 stage=continuationReady checksum=695476224cf5eb27 handlers=1
[log] [coop:interaction] interactionCounter() read -> 1 (role=host)
[log] [coop:health] tick=0g turn=3 wave=2 counter=1 assertions=0 wait=98ms machineWaits=- peerBeat=- lastRx=0s transport=connected journal=4/1 queue=0
[log] [coop:interaction] interactionCounter() read -> 1 (role=guest)
[log] [coop:health] tick=0g turn=3 wave=2 counter=1 assertions=0 wait=-1ms machineWaits=- peerBeat=- lastRx=0s transport=connected journal=0/0 queue=0
[log] [coop:transport] recv guest t=envelope t=envelope handlers=1
[log] [coop:transport] send guest t=coopAck cls=op:global seq=4
[log] [coop:transport] send guest t=coopAck cls=op:global seq=4
[log] [coop:transport] send guest t=coopAck cls=op:global seq=4
[log] [coop:transport] recv host t=coopAck cls=op:global seq=4 handlers=1
[log] [coop:transport] recv host t=coopAck cls=op:global seq=4 handlers=1
[log] [coop:transport] recv host t=coopAck cls=op:global seq=4 handlers=1
[log] [coop:owner] ownerOf(counter=1) seat=1 -> owner=guest
[log] [coop:owner] isLocalOwnerAtCounter(pinnedCounter=1) parity=1 owner=guest role=guest -> true
[log] [coop:owner] ownerOf(counter=1) seat=1 -> owner=guest
[log] [coop:owner] isLocalOwnerAtCounter(pinnedCounter=1) parity=1 owner=guest role=guest -> true
[log] [coop:relay] OWNER prepare seq=1 kind=reward choice=0 data=[0] role=guest
[log] [coop:reward] reward op INTENT prepared label=reward id=1831085709869277:1:REWARD:100000
[log] [coop:relay] SEND interactionChoice seq=1 kind=reward kind=? choice=0 data=[0]
[log] [coop:transport] send guest t=interactionChoice seq=1 kind=reward choice=0
[warn] [coop:v2-shadow] FAULT tap(INTERACTION_COMMIT): AuthorityLog.commit: entry context is not bound to the local authority
[log] [coop:relay] AWAIT interactionChoice seq=1 timeoutMs=1200000 expected=[reward,shop,skip,reroll,check,transfer,lock] -> network-wait
[log] [coop:transport] recv host t=interactionChoice seq=1 kind=reward choice=0 handlers=1
[log] [coop:adopt] erMoneyStreaks host entries=1 -> restored (#837/#348)
[log] [coop:adopt] biomeOverstayAnchor host=null -> restored (#837/#504)
[log] [coop:adopt] erBiomeStructure host length=13 startWave=1 -> restored (#841 item 5)
[log] [coop:adopt] erRelicBattleState host wave=2 -> restored (#837)
[log] [coop:adopt] erLastGenericTrainerType host=none -> restored
[log] [coop:adopt] erMapState host nodes=0 travelTarget=- fragments=0 -> restored (#865/#841 item 1)
[log] [coop:adopt] erPendingNodes host count=4 revealed=2 -> restored (#865)
[log] [coop:resync] guest apply authoritativeState tick=26 wave=2 turn=3 party=6/2 field=4
[log] [coop:resync] presentation settle boundary=resync-stable side=player desired=visible ids=[2617448572,246635747] changed=0 phase=SelectModifierPhase
[log] [coop:resync] presentation settle boundary=wave-start-pre-intro side=enemy desired=visible ids=[] changed=0 phase=SelectModifierPhase
[log] [coop:relay] DELIVER interactionChoice seq=1 -> waiter kind=reward choice=0 data=[0]
[log] [coop:relay] AWAIT interactionChoice seq=1 RESOLVE kind=reward choice=0 data=[0]
[log] [coop:reward] shop authoritative RESULT applied-before-render kind=REWARD id=1831085709869277:1:REWARD:100000 rev=5 tick=26
[log] [coop:transport] send guest t=coopAck cls=op:global seq=5
[log] [coop:interaction] RECV interaction broadcast (deferred catch-up net) received=2 localBefore=1 role=guest -> WILL DEFER to 2 (folds in at next advance if still ahead)
[warn] [coop:interaction] CoopInteractionTurn.mergeRemote DEFER (remote=2, counter=1, pendingRemote=2) live counter UNCHANGED (folds in at next advance if still ahead)
[log] [coop:owner] ownerOf(counter=1) seat=1 -> owner=guest
[log] [coop:owner] ownerOf(counter=1) seat=1 -> owner=guest
[log] [coop:reward] reward op WATCHER materialize retained choice=0 terminal=true skippedObsolete=0 id=1831085709869277:1:REWARD:100000
[log] [coop:reward] WATCHER applying relayed action seq=1 act=REWARD choice=0 data=[0]
[log] [coop:transport] recv host t=coopAck cls=op:global seq=5 handlers=1
[log] [coop:v2-interaction] terminal proof recorded op=1831085709869277:1:REWARD:100000 role=guest seat=1 duplicate=0 ambient=1
[log] [coop:v2-interaction] phase terminal proof op=1831085709869277:1:REWARD:100000 route=constructor-fallback accepted=1
[log] [coop:interaction] interactionCounter() read -> 1 (role=guest)
[log] [coop:interaction] CoopInteractionTurn.advance INCREMENT (fromCounter=1) counter 1 -> 2
[log] [coop:interaction] advanceInteraction ADVANCED+BROADCAST (fromCounter=1) counter 1 -> 2 role=guest; send interaction screen=__turn__ choice=2
[log] [coop:interaction] SEND counter snapshot reason=advance choice=2 role=guest
[log] [coop:transport] send guest t=interaction screen=__turn__
[log] [coop:owner] ownerOf(counter=2) seat=0 -> owner=host
[log] [coop:owner] ownerOf(counter=2) seat=0 -> owner=host
[log] [coop:interaction] interactionCounter() read -> 2 (role=guest)
[log] [coop:reward] advance interaction (role=guest from=1 counter 1 -> 2)
[log] [coop:session] isCoopAuthoritativeGuestGated -> true (authoritative GUEST gates a structural mutation)
[log] [coop:transport] recv host t=interaction screen=__turn__ handlers=1
[log] [coop:interaction] interactionCounter() read -> 2 (role=host)
[log] [coop:interaction] interactionCounter() read -> 2 (role=guest)
[log] [coop-soak:wave-complete] {"seed":20260831,"wave":2,"wavesRequested":55,"wavesCompleted":2,"waveElapsedMs":2134,"elapsedMs":5178,"findings":0,"hostPhase":"NewBattlePhase","guestPhase":"NewBattlePhase"}
[log] [coop:stream] guest RECV ghostPool count=0 -> handler
[log] [coop:replay] guest RECV enemyPartySync wave=3 count=2 -> buffered (no waiter)
[log] [coop:replay] guest RECV entry presentation wave=3 stateTick=28 events=2 buffered
[log] [coop:replay] guest RECV enemyPartySync wave=3 count=2 -> buffered (no waiter)
[log] [coop:rendezvous] RECV arrival point=cmd:3:1 -> BUFFER (no waiter yet) role=guest
[log] [coop:battletype] wave=3 HOST verdict: WILD - adopting (#867)
[log] [coop:me] wave=3 HOST verdict: NO ME - local presence roll suppressed (#862)
[log] [coop:session] isCoopAuthoritativeGuestGated -> true (authoritative GUEST gates a structural mutation)
[log] [coop:interaction] interactionCounter() read -> 2 (role=guest)
[log] [coop:stream] guest consumeEnemyParty wave=3 -> 2 enemies
[log] [coop:enemy] buildCoopEnemy ADOPT trainerSlot=0 species=21 form=0 lv=3 abilityIdx=0 nature=0 gender=0 shiny=false tera=0:0 hp=16/16 moves=4 heldItems=0
[log] [coop:enemy] buildCoopEnemy ADOPT trainerSlot=0 species=187 form=0 lv=3 abilityIdx=0 nature=0 gender=0 shiny=false tera=0:11 hp=16/16 moves=4 heldItems=0
[log] [coop:adopt] erMoneyStreaks host entries=1 -> restored (#837/#348)
[log] [coop:adopt] biomeOverstayAnchor host=null -> restored (#837/#504)
[log] [coop:adopt] erBiomeStructure host length=13 startWave=1 -> restored (#841 item 5)
[log] [coop:adopt] erRelicBattleState host wave=3 -> restored (#837)
[log] [coop:adopt] erLastGenericTrainerType host=none -> restored
[log] [coop:adopt] erMapState host nodes=0 travelTarget=- fragments=0 -> restored (#865/#841 item 1)
[log] [coop:adopt] erPendingNodes host count=4 revealed=2 -> restored (#865)
[log] [coop:resync] guest apply authoritativeState tick=28 wave=3 turn=1 party=6/2 field=4
[log] [coop:resync] presentation settle boundary=resync-stable side=player desired=visible ids=[2617448572,246635747] changed=0 phase=NextEncounterPhase
[log] [coop:resync] presentation settle boundary=resync-stable side=enemy desired=visible ids=[3931823920,3793014561] changed=2 phase=NextEncounterPhase
[log] [coop:resync] render differ: newly presented id=3931823920 key=pkmn__21 -> load atlas
[log] [coop:resync] render differ: newly presented id=3793014561 key=pkmn__187 -> load atlas
[log] [coop:resync] presentation settle boundary=wave-start-pre-intro side=enemy desired=hidden ids=[3931823920,3793014561] changed=2 phase=NextEncounterPhase
[log] [coop:resync] presentation settle boundary=encounter-summon side=enemy desired=visible ids=[3931823920,3793014561] changed=0 phase=NextEncounterPhase
[log] [coop:resync] presentation settle boundary=launch-ready side=player desired=visible ids=[2617448572,246635747] changed=0 phase=NextEncounterPhase
[log] [coop:session] isCoopAuthoritativeGuestGated -> true (authoritative GUEST gates a structural mutation)
[log] [coop:session] isCoopAuthoritativeGuestGated -> true (authoritative GUEST gates a structural mutation)
[log] [coop:session] isCoopAuthoritativeGuestGated -> true (authoritative GUEST gates a structural mutation)
[log] [coop:session] isCoopAuthoritativeGuestGated -> true (authoritative GUEST gates a structural mutation)
[log] [coop:session] isCoopAuthoritativeGuestGated -> true (authoritative GUEST gates a structural mutation)
[log] [coop:session] isCoopAuthoritativeGuestGated -> true (authoritative GUEST gates a structural mutation)
[log] [coop:replay] guest replay turn=1: awaiting retained entry presentation
[warn] [coop:resync] authoritativeState tick=28 STALE (lastApplied=28) -> REJECTED (#807)
[log] [coop:adopt] erMoneyStreaks host entries=1 -> restored (#837/#348)
[log] [coop:adopt] biomeOverstayAnchor host=null -> restored (#837/#504)
[log] [coop:adopt] erBiomeStructure host length=13 startWave=1 -> restored (#841 item 5)
[log] [coop:adopt] erRelicBattleState host wave=3 -> restored (#837)
[log] [coop:adopt] erLastGenericTrainerType host=none -> restored
[log] [coop:adopt] erMapState host nodes=0 travelTarget=- fragments=0 -> restored (#865/#841 item 1)
[log] [coop:adopt] erPendingNodes host count=4 revealed=2 -> restored (#865)
[log] [coop:resync] guest reassert authoritativeState tick=28 wave=3 turn=1 party=6/2 field=4
[log] [coop:resync] presentation settle boundary=resync-stable side=player desired=visible ids=[2617448572,246635747] changed=0 phase=CoopReplayTurnPhase
[log] [coop:resync] presentation settle boundary=resync-stable side=enemy desired=visible ids=[3931823920,3793014561] changed=0 phase=CoopReplayTurnPhase
[log] [coop:replay] guest replay turn=1: rendering 2 event(s)
[log] [coop:replay] guest replay turn=1: present k=showAbility
[log] [coop:session] isCoopAuthoritativeGuestGated -> true (authoritative GUEST gates a structural mutation)
[log] [coop:replay] guest replay turn=1: present k=hideAbility
[log] [coop:session] isCoopAuthoritativeGuestGated -> true (authoritative GUEST gates a structural mutation)
[log] [coop:replay] guest replay turn=1: rendered phases [showAbility=1 hideAbility=1]
[log] [coop:replay] guest replay turn=1: retained entry presentation queued stateTick=28 events=2; awaiting exact outcome proof
[log] [coop:session] isCoopAuthoritativeGuestGated -> true (authoritative GUEST gates a structural mutation)
[log] [coop:replay] guest pre-command presentation PROVED wave=3 turn=1 events=2
[log] [coop:stream] guest consumeEnemyParty wave=3 -> null (buffered=none)
[log] [coop:battle] CommandPhase slot=0 turn=1 owner=host role=guest -> partner path
[log] [coop:stream] guest consumeEnemyParty wave=3 -> null (buffered=none)
[log] [coop:rendezvous] ARRIVE point=cmd:3:1 (send) role=guest
[log] [coop:transport] send guest t=rendezvous point=cmd:3:1
[log] [coop:rendezvous] next-command barrier cmd:3:1 SYNC pass (partner already arrived)
[log] [coop:stream] guest consumeEnemyParty wave=3 -> null (buffered=none)
[log] [coop:transport] send guest t=coopAck cls=op:global seq=5
[log] [coop:transport] send guest t=coopAck cls=op:global seq=5
[log] [coop:transport] recv host t=rendezvous point=cmd:3:1 handlers=1
[log] [coop:transport] recv host t=coopAck cls=op:global seq=5 handlers=1
[log] [coop:transport] recv host t=coopAck cls=op:global seq=5 handlers=1
[log] [coop:rendezvous] RECV arrival point=cmd:3:1 -> DUPLICATE (already seen) role=guest
[log] [coop:replay] guest IGNORE duplicate consumed entry presentation wave=3
[log] [coop:replay] guest RECV enemyPartySync wave=3 count=2 -> buffered (no waiter)
[log] [coop-soak:wave-start] {"seed":20260831,"wave":3,"wavesRequested":55,"wavesCompleted":2,"elapsedMs":5770,"hostPhase":"CommandPhase","guestPhase":"CommandPhase"}
[log] [coop:interaction] interactionCounter() read -> 2 (role=host)
[log] [coop:interaction] interactionCounter() read -> 2 (role=guest)
[log] [coop:interaction] interactionCounter() read -> 2 (role=guest)
[log] [coop:checksum] capture digest=cebbbfd529179532 field=4 biome=0 seed=coop-soak-20260831 weather=0 terrain=0 money=0 party=[149,248,143,94,376,445] partyLevels=[65,65,65,65,65,65] arenaTags=0 modifiers=1 heldItemsDigest=0 pokeballs=[0:10,1:0,2:0,3:0,4:0] mons=[bi0:sp149/hp213-213/st0/ab5013/form0/tera0:15/boss0:0 bi1:sp248/hp225-225/st0/ab5101/form0/tera0:5/boss0:0 bi2:sp21/hp16-16/st0/ab5205/form0/tera0:0/boss0:0 bi3:sp187/hp16-16/st0/ab102/form0/tera0:11/boss0:0]
[log] [coop:interaction] interactionCounter() read -> 2 (role=guest)
[log] [coop:replay] guest IGNORE duplicate consumed entry presentation wave=3
[log] [coop:replay] guest RECV enemyPartySync wave=3 count=2 -> buffered (no waiter)
[log] [coop:replay] guest RECV turnResolution e=1831085709869277 wave=3 turn=1 events=15 checksum=d51c704236b32dc4 -> buffered (no waiter)
[log] [coop:session] isCoopAuthoritativeGuestGated -> true (authoritative GUEST gates a structural mutation)
[log] [coop:replay] guest replay turn=1: live pump start mode=turn
[log] [coop:replay] guest replay turn=1: advance local watermark 0->2
[log] [coop:session] isCoopAuthoritativeGuestGated -> true (authoritative GUEST gates a structural mutation)
[log] [coop:transport] send guest t=requestTurnCommit e=1831085709869277 wave=3 turn=1 rev=pending
[log] [coop:transport] send guest t=requestTurnCommit e=1831085709869277 wave=3 turn=1 rev=33
[log] [coop:replay] guest awaitTurn turn=1 RESOLVE (buffered race) events=15
[log] [coop:transport] recv host t=requestTurnCommit e=1831085709869277 wave=3 turn=1 rev=pending handlers=1
[log] [coop:transport] send host t=turnResolution e=1831085709869277 wave=3 turn=1 rev=33 events=15 checksum=d51c704236b32dc4
[log] [coop:transport] recv host t=requestTurnCommit e=1831085709869277 wave=3 turn=1 rev=33 handlers=1
[log] [coop:transport] send host t=turnResolution e=1831085709869277 wave=3 turn=1 rev=33 events=15 checksum=d51c704236b32dc4
[log] [coop:transport] recv guest t=turnResolution e=1831085709869277 wave=3 turn=1 rev=33 events=15 checksum=d51c704236b32dc4 handlers=1
[log] [coop:transport] recv guest t=turnResolution e=1831085709869277 wave=3 turn=1 rev=33 events=15 checksum=d51c704236b32dc4 handlers=1
[log] [coop:replay] guest consume live events turn=1 count=0
[log] [coop:replay] guest replay turn=1: RESOLVE renderedLive=2 remaining=13 batch=15
[log] [coop:replay] guest replay turn=1: rendering 13 event(s)
[log] [coop:replay] guest replay turn=1: present k=switch
[log] [coop:session] isCoopAuthoritativeGuestGated -> true (authoritative GUEST gates a structural mutation)
[log] [coop:replay] guest replay turn=1: present k=showAbility
[log] [coop:session] isCoopAuthoritativeGuestGated -> true (authoritative GUEST gates a structural mutation)
[log] [coop:replay] guest replay turn=1: present k=moveUsed
[log] [coop:replay] guest replay turn=1: present k=moveAnim
[log] [coop:session] isCoopAuthoritativeGuestGated -> true (authoritative GUEST gates a structural mutation)
[log] [coop:replay] guest replay turn=1: present k=message
[log] [coop:replay] guest replay turn=1: present k=hideAbility
[log] [coop:session] isCoopAuthoritativeGuestGated -> true (authoritative GUEST gates a structural mutation)
[log] [coop:replay] guest replay turn=1: present k=switch
[log] [coop:session] isCoopAuthoritativeGuestGated -> true (authoritative GUEST gates a structural mutation)
[log] [coop:replay] guest replay turn=1: present k=moveUsed
[log] [coop:replay] guest replay turn=1: present k=moveAnim
[log] [coop:session] isCoopAuthoritativeGuestGated -> true (authoritative GUEST gates a structural mutation)
[log] [coop:replay] guest replay turn=1: present k=message
[log] [coop:replay] guest replay turn=1: present k=statStage
[log] [coop:session] isCoopAuthoritativeGuestGated -> true (authoritative GUEST gates a structural mutation)
[log] [coop:replay] guest replay turn=1: present k=moveUsed
[log] [coop:replay] guest replay turn=1: present k=message
[log] [coop:replay] guest replay turn=1: rendered phases [switch=2 showAbility=1 moveUsed=3 moveAnim=2 message=3 hideAbility=1 statStage=1]
[log] [coop:replay] guest replay turn=1: unshift CoopFinalizeTurnPhase (checkpoint apply deferred)
[log] [coop:session] isCoopAuthoritativeGuestGated -> true (authoritative GUEST gates a structural mutation)
[log] [coop:stream] guest IGNORE idempotent turn duplicate e=1831085709869277 wave=3 turn=1 rev=33
[log] [coop:stream] guest IGNORE idempotent turn duplicate e=1831085709869277 wave=3 turn=1 rev=33
[log] [coop:replay] present move bi=2 moveId=501 targets=2
[log] [coop:replay] present move bi=0 moveId=111 targets=1
[log] [coop:replay] present statStage bi=0 stat=2 -> 1
[log] [coop:replay] present statStage bi=0 stat=2 set to 1 NO tween (delta=1 anims=false)
[log] [coop:checkpoint] guest apply field=4 weather=0 terrain=0 arenaTags=0
[log] [coop:session] isCoopAuthoritativeGuestGated -> true (authoritative GUEST gates a structural mutation)
[log] [coop:adopt] erMoneyStreaks host entries=1 -> restored (#837/#348)
[log] [coop:adopt] biomeOverstayAnchor host=null -> restored (#837/#504)
[log] [coop:adopt] erBiomeStructure host length=13 startWave=1 -> restored (#841 item 5)
[log] [coop:adopt] erRelicBattleState host wave=3 -> restored (#837)
[log] [coop:adopt] erLastGenericTrainerType host=none -> restored
[log] [coop:adopt] erMapState host nodes=0 travelTarget=- fragments=0 -> restored (#865/#841 item 1)
[log] [coop:adopt] erPendingNodes host count=4 revealed=2 -> restored (#865)
[log] [coop:resync] guest apply authoritativeState tick=33 wave=3 turn=1 party=6/2 field=4
[log] [coop:resync] presentation settle boundary=resync-stable side=player desired=visible ids=[3174707850,1003306279] changed=0 phase=CoopFinalizeTurnPhase
[log] [coop:resync] presentation settle boundary=resync-stable side=enemy desired=visible ids=[3931823920,3793014561] changed=0 phase=CoopFinalizeTurnPhase
[log] [coop:interaction] interactionCounter() read -> 2 (role=guest)
[log] [coop:checksum] capture digest=d51c704236b32dc4 field=4 biome=0 seed=coop-soak-20260831 weather=0 terrain=0 money=0 party=[143,445,149,94,376,248] partyLevels=[65,65,65,65,65,65] arenaTags=0 modifiers=1 heldItemsDigest=0 pokeballs=[0:10,1:0,2:0,3:0,4:0] mons=[bi0:sp143/hp303-303/st0/ab5031/form0/tera0:0/boss0:0 bi1:sp445/hp235-235/st0/ab5066/form0/tera0:15/boss0:0 bi2:sp21/hp16-16/st0/ab5205/form0/tera0:0/boss0:0 bi3:sp187/hp16-16/st0/ab102/form0/tera0:11/boss0:0]
[log] [coop:transport] send guest t=turnCommitAck e=1831085709869277 wave=3 turn=1 rev=33 stage=materialApplied checksum=d51c704236b32dc4
[log] [coop:stream] guest ACK turn stage=materialApplied e=1831085709869277 wave=3 turn=1 rev=33
[log] [coop:checksum] guest finalize materialApplied e=1831085709869277 wave=3 turn=1 rev=33
[log] [coop:transport] recv host t=turnCommitAck e=1831085709869277 wave=3 turn=1 rev=33 stage=materialApplied checksum=d51c704236b32dc4 handlers=1
[log] [coop:stream] host ACCEPT turn ACK stage=materialApplied key=1831085709869277:3:1:33
[log] [coop:transport] send guest t=turnCommitAck e=1831085709869277 wave=3 turn=1 rev=33 stage=presentationReady checksum=d51c704236b32dc4
[log] [coop:stream] guest ACK turn stage=presentationReady e=1831085709869277 wave=3 turn=1 rev=33
[log] [coop:checksum] guest finalize presentationReady e=1831085709869277 wave=3 turn=1 rev=33
[log] [coop:replay] guest finalize turn=1: END (checkpoint applied, turn-end queued)
[log] [coop:transport] recv host t=turnCommitAck e=1831085709869277 wave=3 turn=1 rev=33 stage=presentationReady checksum=d51c704236b32dc4 handlers=1
[log] [coop:stream] host ACCEPT turn ACK stage=presentationReady key=1831085709869277:3:1:33
[log] [coop:rendezvous] ARRIVE point=cmd:3:2 (send) role=guest
[log] [coop:transport] send guest t=rendezvous point=cmd:3:2
[log] [coop:transport] recv host t=rendezvous point=cmd:3:2 handlers=1
[log] [coop:rendezvous] RECV arrival point=cmd:3:2 -> BUFFER (no waiter yet) role=host
[log] [coop:rendezvous] RECV arrival point=cmd:3:2 -> BUFFER (no waiter yet) role=guest
[log] [coop:session] isCoopAuthoritativeGuestGated -> true (authoritative GUEST gates a structural mutation)
[log] [coop:session] isCoopAuthoritativeGuestGated -> true (authoritative GUEST gates a structural mutation)
[log] [coop:session] isCoopAuthoritativeGuestGated -> true (authoritative GUEST gates a structural mutation)
[log] [coop:session] isCoopAuthoritativeGuestGated -> true (authoritative GUEST gates a structural mutation)
[log] [coop:session] isCoopAuthoritativeGuestGated -> true (authoritative GUEST gates a structural mutation)
[log] [coop:battle] CommandPhase slot=0 turn=2 owner=host role=guest -> partner path
[log] [coop:rendezvous] next-command barrier cmd:3:2 SYNC pass (partner already arrived)
[log] [coop:transport] send guest t=turnCommitAck e=1831085709869277 wave=3 turn=1 rev=33 stage=continuationReady checksum=d51c704236b32dc4
[log] [coop:stream] guest ACK turn stage=continuationReady e=1831085709869277 wave=3 turn=1 rev=33
[log] [coop:stream] guest continuation surface=command e=1831085709869277 wave=3 turn=2 waiting=1 released=1
[log] [coop:transport] recv host t=turnCommitAck e=1831085709869277 wave=3 turn=1 rev=33 stage=continuationReady checksum=d51c704236b32dc4 handlers=1
[log] [coop:replay] guest RECV turnResolution e=1831085709869277 wave=3 turn=2 events=11 checksum=80179b608d8a6fc3 -> buffered (no waiter)
[log] [coop:replay] guest RECV waveResolved wave=3 outcome=win transition=WAVE_VICTORY/next4/biome0/egg1/wild
[log] [coop:runtime] recv waveResolved wave=3 outcome=win role=guest netcode=authoritative
[log] [coop:runtime] ignore raw waveResolved for correctness wave=3 outcome=win; awaiting retained transaction
[log] [coop:session] isCoopAuthoritativeGuestGated -> true (authoritative GUEST gates a structural mutation)
[log] [coop:replay] guest replay turn=2: live pump start mode=turn
[log] [coop:transport] send guest t=requestTurnCommit e=1831085709869277 wave=3 turn=2 rev=pending
[log] [coop:transport] send guest t=requestTurnCommit e=1831085709869277 wave=3 turn=2 rev=36
[log] [coop:replay] guest awaitTurn turn=2 RESOLVE (buffered race) events=11
[log] [coop:transport] recv host t=requestTurnCommit e=1831085709869277 wave=3 turn=2 rev=pending handlers=1
[log] [coop:transport] send host t=turnResolution e=1831085709869277 wave=3 turn=2 rev=36 events=11 checksum=80179b608d8a6fc3
[log] [coop:transport] recv host t=requestTurnCommit e=1831085709869277 wave=3 turn=2 rev=36 handlers=1
[log] [coop:transport] send host t=turnResolution e=1831085709869277 wave=3 turn=2 rev=36 events=11 checksum=80179b608d8a6fc3
[log] [coop:transport] recv guest t=turnResolution e=1831085709869277 wave=3 turn=2 rev=36 events=11 checksum=80179b608d8a6fc3 handlers=1
[log] [coop:transport] recv guest t=turnResolution e=1831085709869277 wave=3 turn=2 rev=36 events=11 checksum=80179b608d8a6fc3 handlers=1
[log] [coop:replay] guest consume live events turn=2 count=0
[log] [coop:replay] guest replay turn=2: RESOLVE renderedLive=0 remaining=11 batch=11
[log] [coop:replay] guest replay turn=2: rendering 11 event(s)
[log] [coop:replay] guest replay turn=2: present k=moveUsed
[log] [coop:replay] guest replay turn=2: present k=moveAnim
[log] [coop:session] isCoopAuthoritativeGuestGated -> true (authoritative GUEST gates a structural mutation)
[log] [coop:replay] guest replay turn=2: present k=message
[log] [coop:replay] guest replay turn=2: present k=moveUsed
[log] [coop:replay] guest replay turn=2: present k=moveAnim
[log] [coop:session] isCoopAuthoritativeGuestGated -> true (authoritative GUEST gates a structural mutation)
[log] [coop:replay] guest replay turn=2: present k=hp
[log] [coop:session] isCoopAuthoritativeGuestGated -> true (authoritative GUEST gates a structural mutation)
[log] [coop:replay] guest replay turn=2: present k=faint
[log] [coop:session] isCoopAuthoritativeGuestGated -> true (authoritative GUEST gates a structural mutation)
[log] [coop:replay] guest replay turn=2: present k=moveUsed
[log] [coop:replay] guest replay turn=2: present k=moveAnim
[log] [coop:session] isCoopAuthoritativeGuestGated -> true (authoritative GUEST gates a structural mutation)
[log] [coop:replay] guest replay turn=2: present k=hp
[log] [coop:session] isCoopAuthoritativeGuestGated -> true (authoritative GUEST gates a structural mutation)
[log] [coop:replay] guest replay turn=2: present k=faint
[log] [coop:session] isCoopAuthoritativeGuestGated -> true (authoritative GUEST gates a structural mutation)
[log] [coop:replay] guest replay turn=2: rendered phases [moveUsed=3 moveAnim=3 message=1 hp=2 faint=2]
[log] [coop:replay] guest replay turn=2: unshift CoopFinalizeTurnPhase (checkpoint apply deferred)
[log] [coop:session] isCoopAuthoritativeGuestGated -> true (authoritative GUEST gates a structural mutation)
[log] [coop:stream] guest IGNORE idempotent turn duplicate e=1831085709869277 wave=3 turn=2 rev=36
[log] [coop:stream] guest IGNORE idempotent turn duplicate e=1831085709869277 wave=3 turn=2 rev=36
[log] [coop:replay] present move bi=2 moveId=501 targets=2
[log] [coop:replay] present move bi=1 moveId=247 targets=1
[log] [coop:replay] present hp bi=3 16->0/16
[log] [coop:replay] present faint bi=3 narrate=true
[log] [coop:replay] present move bi=0 moveId=53 targets=1
[log] [coop:replay] present hp bi=2 16->0/16
[log] [coop:replay] present faint bi=2 narrate=true
[log] [coop:checkpoint] guest apply field=4 weather=0 terrain=0 arenaTags=0
[log] [coop:session] isCoopAuthoritativeGuestGated -> true (authoritative GUEST gates a structural mutation)
[log] [coop:adopt] erMoneyStreaks host entries=1 -> restored (#837/#348)
[log] [coop:adopt] biomeOverstayAnchor host=null -> restored (#837/#504)
[log] [coop:adopt] erBiomeStructure host length=13 startWave=1 -> restored (#841 item 5)
[log] [coop:adopt] erRelicBattleState host wave=3 -> restored (#837)
[log] [coop:adopt] erLastGenericTrainerType host=none -> restored
[log] [coop:adopt] erMapState host nodes=0 travelTarget=- fragments=0 -> restored (#865/#841 item 1)
[log] [coop:adopt] erPendingNodes host count=4 revealed=2 -> restored (#865)
[log] [coop:resync] guest apply authoritativeState tick=36 wave=3 turn=2 party=6/2 field=4
[log] [coop:resync] presentation settle boundary=resync-stable side=player desired=visible ids=[3174707850,1003306279] changed=0 phase=CoopFinalizeTurnPhase
[log] [coop:resync] presentation settle boundary=wave-start-pre-intro side=enemy desired=visible ids=[] changed=0 phase=CoopFinalizeTurnPhase
[log] [coop:interaction] interactionCounter() read -> 2 (role=guest)
[log] [coop:checksum] capture digest=80179b608d8a6fc3 field=4 biome=0 seed=coop-soak-20260831 weather=0 terrain=0 money=0 party=[143,445,149,94,376,248] partyLevels=[65,65,65,65,65,65] arenaTags=0 modifiers=1 heldItemsDigest=0 pokeballs=[0:10,1:0,2:0,3:0,4:0] mons=[bi0:sp143/hp303-303/st0/ab5031/form0/tera0:0/boss0:0 bi1:sp445/hp235-235/st0/ab5066/form0/tera0:15/boss0:0 bi2:sp21/hp0-16/st7/ab5205/form0/tera0:0/boss0:0 bi3:sp187/hp0-16/st7/ab102/form0/tera0:11/boss0:0]
[log] [coop:transport] send guest t=turnCommitAck e=1831085709869277 wave=3 turn=2 rev=36 stage=materialApplied checksum=80179b608d8a6fc3
[log] [coop:stream] guest ACK turn stage=materialApplied e=1831085709869277 wave=3 turn=2 rev=36
[log] [coop:checksum] guest finalize materialApplied e=1831085709869277 wave=3 turn=2 rev=36
[log] [coop:transport] recv host t=turnCommitAck e=1831085709869277 wave=3 turn=2 rev=36 stage=materialApplied checksum=80179b608d8a6fc3 handlers=1
[log] [coop:stream] host ACCEPT turn ACK stage=materialApplied key=1831085709869277:3:2:36
[log] [coop:transport] send guest t=turnCommitAck e=1831085709869277 wave=3 turn=2 rev=36 stage=presentationReady checksum=80179b608d8a6fc3
[log] [coop:stream] guest ACK turn stage=presentationReady e=1831085709869277 wave=3 turn=2 rev=36
[log] [coop:checksum] guest finalize presentationReady e=1831085709869277 wave=3 turn=2 rev=36
[log] [coop:replay] guest finalize turn=2: END (checkpoint applied, turn-end queued)
[log] [coop:transport] recv host t=turnCommitAck e=1831085709869277 wave=3 turn=2 rev=36 stage=presentationReady checksum=80179b608d8a6fc3 handlers=1
[log] [coop:stream] host ACCEPT turn ACK stage=presentationReady key=1831085709869277:3:2:36
[log] [coop:stream] guest admitted WAVE_ADVANCE continuation e=1831085709869277 wave=3
[log] [coop:runtime] wave-advance JOURNAL bootstrap wave=3 outcome=win (ACK withheld)
[log] [coop:runtime] wave-advance JOURNAL queued safe-boundary wake wave=3 unparkedReplay=0
[log] [coop:runtime] wave-advance op JOURNAL cursor-advanced id=1831085709869277:0:WAVE_ADVANCE:3 rev=6 dataApplied=false continuationReady=false (DATA applies at BattleEnd; retained ACK awaits DATA + destination continuation)
[log] [coop:transport] send guest t=coopAck cls=op:global seq=6
[log] [coop:replay] guest RECV waveEndState wave=3 tick=37
[log] [coop:runtime] ignore raw waveEndState for correctness wave=3 tick=37
[log] [coop:relay] RECV rewardOptions key=2:0 -> BUFFER rewardOptionsInbox (latest-wins) count=3
[log] [coop:rendezvous] RECV arrival point=shop:3:2 -> BUFFER (no waiter yet) role=guest
[log] [coop:transport] recv host t=coopAck cls=op:global seq=6 handlers=1
[log] [coop:session] isCoopAuthoritativeGuestGated -> true (authoritative GUEST gates a structural mutation)
[log] [coop:session] isCoopAuthoritativeGuestGated -> true (authoritative GUEST gates a structural mutation)
[log] [coop:session] isCoopAuthoritativeGuestGated -> true (authoritative GUEST gates a structural mutation)
[log] [coop:session] isCoopAuthoritativeGuestGated -> true (authoritative GUEST gates a structural mutation)
[log] [coop:session] isCoopAuthoritativeGuestGated -> true (authoritative GUEST gates a structural mutation)
[log] [coop:runtime] consume wave-advance wave=3 outcome=win transition=WAVE_VICTORY/next4/biome0/egg1/wild (lastResolved 2 -> 3)
[log] [coop:replay] guest wave-advance outcome=win wave=3 next=WAVE_VICTORY/wave4 biomeChange=false eggLapse=true victoryKind=wild battleType=WILD queues=VictoryPhase (host-stated)
[warn] [coop:replay] guest wave-advance wave=3: replacing speculative future queue [CommandPhase,CommandPhase,TurnStartPhase]
[log] [coop:session] isCoopAuthoritativeGuestGated -> true (authoritative GUEST gates a structural mutation)
[log] [coop:progression] GUEST applyPartyExp SKIP wave=3 koMon=Hoppip (awaiting host waveEndState)
[log] [coop-diag] VictoryPhase win-branch role=guest battleType=WILD queuesTrainerVictory=false queuesSelectModifier=true wave=3
[log] [coop:session] isCoopAuthoritativeGuestGated -> true (authoritative GUEST gates a structural mutation)
[log] [coop:session] isCoopAuthoritativeGuestGated -> true (authoritative GUEST gates a structural mutation)
[log] [coop-diag] VictoryTail role=guest wave=3 source=host-stated trainer=false egg=true biomeShop=false biomeChange=false crossroads=false nextWave=4
[log] [coop:session] isCoopAuthoritativeGuestGated -> true (authoritative GUEST gates a structural mutation)
[log] [coop:session] isCoopAuthoritativeGuestGated -> true (authoritative GUEST gates a structural mutation)
[log] [coop:session] isCoopAuthoritativeGuestGated -> true (authoritative GUEST gates a structural mutation)
[log] [coop:adopt] erMoneyStreaks host entries=1 -> restored (#837/#348)
[log] [coop:adopt] biomeOverstayAnchor host=null -> restored (#837/#504)
[log] [coop:adopt] erBiomeStructure host length=13 startWave=1 -> restored (#841 item 5)
[log] [coop:adopt] erRelicBattleState host wave=3 -> restored (#837)
[log] [coop:adopt] erLastGenericTrainerType host=none -> restored
[log] [coop:adopt] erMapState host nodes=0 travelTarget=- fragments=0 -> restored (#865/#841 item 1)
[log] [coop:adopt] erPendingNodes host count=4 revealed=2 -> restored (#865)
[log] [coop:resync] guest apply authoritativeState tick=37 wave=3 turn=3 party=6/2 field=4
[log] [coop:resync] presentation settle boundary=resync-stable side=player desired=visible ids=[3174707850,1003306279] changed=0 phase=BattleEndPhase
[log] [coop:resync] presentation settle boundary=wave-start-pre-intro side=enemy desired=visible ids=[] changed=0 phase=BattleEndPhase
[log] [coop:runtime] wave-advance retained DATA boundary admitted wave=3
[log] [coop:progression] retained WAVE_ADVANCE DATA applied wave=3 tick=37
[log] [coop:progression] GUEST retained WAVE_ADVANCE BattleEnd release wave=3
[log] [coop:progression] GUEST automatic victory settlement admitted wave=3 turn=3
[log] [coop:interaction] interactionCounter() read -> 2 (role=guest)
[log] [coop:checksum] capture digest=80179b608d8a6fc3 field=4 biome=0 seed=coop-soak-20260831 weather=0 terrain=0 money=0 party=[143,445,149,94,376,248] partyLevels=[65,65,65,65,65,65] arenaTags=0 modifiers=1 heldItemsDigest=0 pokeballs=[0:10,1:0,2:0,3:0,4:0] mons=[bi0:sp143/hp303-303/st0/ab5031/form0/tera0:0/boss0:0 bi1:sp445/hp235-235/st0/ab5066/form0/tera0:15/boss0:0 bi2:sp21/hp0-16/st7/ab5205/form0/tera0:0/boss0:0 bi3:sp187/hp0-16/st7/ab102/form0/tera0:11/boss0:0]
[log] [coop:interaction] interactionCounter() read -> 2 (role=guest)
[log] [coop:owner] ownerOf(counter=2) seat=0 -> owner=host
[log] [coop:owner] isLocalOwnerAtCounter(pinnedCounter=2) parity=0 owner=host role=guest -> false
[log] [coop:interaction] interactionCounter() read -> 2 (role=guest)
[log] [coop:reward] owner/watcher decision: pinnedStart=2 liveCounter=2 parity=0 role=guest pick=WATCHER option=ADOPT spoof=false
[log] [coop:rendezvous] ARRIVE point=shop:3:2 (send) role=guest
[log] [coop:transport] send guest t=rendezvous point=shop:3:2
[log] [coop:reward] WATCHER waits for partner's reward picks (start=2 role=guest wave=3)
[log] [coop:reward] WATCHER awaiting owner reward options (start=2 reroll=0 localCount=0)
[log] [coop:relay] AWAIT rewardOptions key=2:0 timeoutMs=1200000 -> BUFFER-HIT resolve count=3
[log] [coop:transport] recv host t=rendezvous point=shop:3:2 handlers=1
[log] [coop:shop] reconstructRewardOptions OK count=3 ids=[ATTACK_TYPE_BOOSTER,POKEBALL,TM_CASE]
[log] [coop:reward] WATCHER ADOPTED owner reward options (was=0 now=3 ids=[ATTACK_TYPE_BOOSTER,POKEBALL,TM_CASE])
[log] [coop:transport] send guest t=turnCommitAck e=1831085709869277 wave=3 turn=2 rev=36 stage=continuationReady checksum=80179b608d8a6fc3
[log] [coop:stream] guest ACK turn stage=continuationReady e=1831085709869277 wave=3 turn=2 rev=36
[log] [coop:stream] guest continuation surface=sharedInput e=1831085709869277 wave=3 turn=3 waiting=1 released=1
[log] [coop:transport] recv host t=turnCommitAck e=1831085709869277 wave=3 turn=2 rev=36 stage=continuationReady checksum=80179b608d8a6fc3 handlers=1
[log] [coop:progression] retained WAVE_ADVANCE continuationReady wave=3
[log] [coop:transport] send guest t=coopAck cls=op:global seq=6
[log] [coop:transport] send guest t=coopAck cls=op:global seq=6
[log] [coop:transport] send guest t=coopAck cls=op:global seq=6
[log] [coop:transport] send guest t=battleCheckpointAck reason=replacement e=1831085709869277 wave=2 turn=2 rev=21 stage=continuationReady checksum=695476224cf5eb27
[log] [coop:checkpoint] guest RE-ACK compacted replacement through newer operation key=1831085709869277:2:2:21 operation=WAVE_ADVANCE stateTick=37
[log] [coop:interaction] mirror begin role=watcher mirrorSeq=128 interactionStart=2 reroll=0
[log] [coop:interaction] uiMirror beginSession role=watcher mode=6 seq=128 early=0
[log] [coop:transport] recv host t=coopAck cls=op:global seq=6 handlers=1
[log] [coop:transport] recv host t=coopAck cls=op:global seq=6 handlers=1
[log] [coop:transport] recv host t=coopAck cls=op:global seq=6 handlers=1
[log] [coop:transport] recv host t=battleCheckpointAck reason=replacement e=1831085709869277 wave=2 turn=2 rev=21 stage=continuationReady checksum=695476224cf5eb27 handlers=1
[log] [coop:relay] AWAIT interactionChoice seq=2 timeoutMs=1200000 expected=[reward,shop,skip,reroll,check,transfer,lock] -> network-wait
[log] [coop:transport] recv guest t=envelope t=envelope handlers=1
[log] [coop:transport] send guest t=coopAck cls=op:global seq=6
[log] [coop:transport] send guest t=coopAck cls=op:global seq=6
[log] [coop:transport] send guest t=coopAck cls=op:global seq=6
[log] [coop:transport] recv host t=coopAck cls=op:global seq=6 handlers=1
[log] [coop:transport] recv host t=coopAck cls=op:global seq=6 handlers=1
[log] [coop:transport] recv host t=coopAck cls=op:global seq=6 handlers=1
[log] [coop:rendezvous] RECV arrival point=shop:3:2 -> DUPLICATE (already seen) role=guest
[log] [coop:adopt] erMoneyStreaks host entries=1 -> restored (#837/#348)
[log] [coop:adopt] biomeOverstayAnchor host=null -> restored (#837/#504)
[log] [coop:adopt] erBiomeStructure host length=13 startWave=1 -> restored (#841 item 5)
[log] [coop:adopt] erRelicBattleState host wave=3 -> restored (#837)
[log] [coop:adopt] erLastGenericTrainerType host=none -> restored
[log] [coop:adopt] erMapState host nodes=0 travelTarget=- fragments=0 -> restored (#865/#841 item 1)
[log] [coop:adopt] erPendingNodes host count=4 revealed=2 -> restored (#865)
[log] [coop:resync] guest apply authoritativeState tick=38 wave=3 turn=3 party=6/2 field=4
[log] [coop:resync] presentation settle boundary=resync-stable side=player desired=visible ids=[3174707850,1003306279] changed=0 phase=SelectModifierPhase
[log] [coop:resync] presentation settle boundary=wave-start-pre-intro side=enemy desired=visible ids=[] changed=0 phase=SelectModifierPhase
[log] [coop:relay] DELIVER interactionChoice seq=2 -> waiter kind=skip choice=-1 data=-
[log] [coop:relay] AWAIT interactionChoice seq=2 RESOLVE kind=skip choice=-1 data=-
[log] [coop:reward] shop authoritative RESULT applied-before-render kind=REWARD id=1831085709869277:0:REWARD:200000 rev=7 tick=38
[log] [coop:transport] send guest t=coopAck cls=op:global seq=7
[log] [coop:reward] reward op WATCHER materialize retained choice=-1 terminal=true skippedObsolete=0 id=1831085709869277:0:REWARD:200000
[log] [coop:reward] WATCHER applying relayed action seq=2 act=LEAVE choice=-1 data=-
[log] [coop:v2-interaction] terminal proof recorded op=1831085709869277:0:REWARD:200000 role=guest seat=1 duplicate=0 ambient=1
[log] [coop:v2-interaction] phase terminal proof op=1831085709869277:0:REWARD:200000 route=constructor-fallback accepted=1
[log] [coop:interaction] interactionCounter() read -> 2 (role=guest)
[log] [coop:interaction] CoopInteractionTurn.advance INCREMENT (fromCounter=2) counter 2 -> 3
[log] [coop:interaction] advanceInteraction ADVANCED+BROADCAST (fromCounter=2) counter 2 -> 3 role=guest; send interaction screen=__turn__ choice=3
[log] [coop:interaction] SEND counter snapshot reason=advance choice=3 role=guest
[log] [coop:transport] send guest t=interaction screen=__turn__
[log] [coop:owner] ownerOf(counter=3) seat=1 -> owner=guest
[log] [coop:owner] ownerOf(counter=3) seat=1 -> owner=guest
[log] [coop:interaction] interactionCounter() read -> 3 (role=guest)
[log] [coop:reward] advance interaction (role=guest from=2 counter 2 -> 3)
[log] [coop:session] isCoopAuthoritativeGuestGated -> true (authoritative GUEST gates a structural mutation)
[log] [coop:transport] recv host t=coopAck cls=op:global seq=7 handlers=1
[log] [coop:transport] recv host t=interaction screen=__turn__ handlers=1
[log] [coop:interaction] interactionCounter() read -> 3 (role=guest)
[log] [coop:interaction] interactionCounter() read -> 3 (role=guest)
[log] [coop:interaction] RECV interaction broadcast (deferred catch-up net) received=3 localBefore=3 role=guest -> no defer (local >= received)
[warn] [coop:interaction] CoopInteractionTurn.mergeRemote DEFER (remote=3, counter=3, pendingRemote=3) live counter UNCHANGED (folds in at next advance if still ahead)
[log] [coop:owner] ownerOf(counter=3) seat=1 -> owner=guest
[log] [coop:owner] ownerOf(counter=3) seat=1 -> owner=guest
[log] [coop:stream] guest RECV ghostPool count=0 -> handler
[log] [coop:replay] guest RECV enemyPartySync wave=4 count=2 -> buffered (no waiter)
[log] [coop:replay] guest RECV entry presentation wave=4 stateTick=40 events=5 buffered
[log] [coop:replay] guest RECV enemyPartySync wave=4 count=2 -> buffered (no waiter)
[log] [coop:rendezvous] RECV arrival point=cmd:4:1 -> BUFFER (no waiter yet) role=guest
[log] [coop:battletype] wave=4 HOST verdict: WILD - adopting (#867)
[log] [coop:me] wave=4 HOST verdict: NO ME - local presence roll suppressed (#862)
[log] [coop:session] isCoopAuthoritativeGuestGated -> true (authoritative GUEST gates a structural mutation)
[log] [coop:interaction] interactionCounter() read -> 3 (role=guest)
[log] [coop:stream] guest consumeEnemyParty wave=4 -> 2 enemies
[log] [coop:enemy] buildCoopEnemy ADOPT trainerSlot=0 species=734 form=0 lv=4 abilityIdx=1 nature=0 gender=0 shiny=false tera=0:0 hp=19/19 moves=4 heldItems=0
[log] [coop:enemy] buildCoopEnemy ADOPT trainerSlot=0 species=819 form=0 lv=4 abilityIdx=0 nature=0 gender=1 shiny=false tera=0:0 hp=20/20 moves=4 heldItems=0
[log] [coop:adopt] erMoneyStreaks host entries=1 -> restored (#837/#348)
[log] [coop:adopt] biomeOverstayAnchor host=null -> restored (#837/#504)
[log] [coop:adopt] erBiomeStructure host length=13 startWave=1 -> restored (#841 item 5)
[log] [coop:adopt] erRelicBattleState host wave=4 -> restored (#837)
[log] [coop:adopt] erLastGenericTrainerType host=none -> restored
[log] [coop:adopt] erMapState host nodes=0 travelTarget=- fragments=0 -> restored (#865/#841 item 1)
[log] [coop:adopt] erPendingNodes host count=4 revealed=2 -> restored (#865)
[log] [coop:resync] guest apply authoritativeState tick=40 wave=4 turn=1 party=6/2 field=4
[log] [coop:resync] presentation settle boundary=resync-stable side=player desired=visible ids=[3174707850,1003306279] changed=0 phase=NextEncounterPhase
[log] [coop:resync] presentation settle boundary=resync-stable side=enemy desired=visible ids=[3189599908,1932332091] changed=2 phase=NextEncounterPhase
[log] [coop:resync] render differ: newly presented id=3189599908 key=pkmn__734 -> load atlas
[log] [coop:resync] render differ: newly presented id=1932332091 key=pkmn__819 -> load atlas
[log] [coop:resync] presentation settle boundary=wave-start-pre-intro side=enemy desired=hidden ids=[3189599908,1932332091] changed=2 phase=NextEncounterPhase
[log] [coop:resync] presentation settle boundary=encounter-summon side=enemy desired=visible ids=[3189599908,1932332091] changed=0 phase=NextEncounterPhase
[log] [coop:resync] presentation settle boundary=launch-ready side=player desired=visible ids=[3174707850,1003306279] changed=0 phase=NextEncounterPhase
[log] [coop:session] isCoopAuthoritativeGuestGated -> true (authoritative GUEST gates a structural mutation)
[log] [coop:session] isCoopAuthoritativeGuestGated -> true (authoritative GUEST gates a structural mutation)
[log] [coop:session] isCoopAuthoritativeGuestGated -> true (authoritative GUEST gates a structural mutation)
[log] [coop:session] isCoopAuthoritativeGuestGated -> true (authoritative GUEST gates a structural mutation)
[log] [coop:session] isCoopAuthoritativeGuestGated -> true (authoritative GUEST gates a structural mutation)
[log] [coop:session] isCoopAuthoritativeGuestGated -> true (authoritative GUEST gates a structural mutation)
[log] [coop:replay] guest replay turn=1: awaiting retained entry presentation
[warn] [coop:resync] authoritativeState tick=40 STALE (lastApplied=40) -> REJECTED (#807)
[log] [coop:adopt] erMoneyStreaks host entries=1 -> restored (#837/#348)
[log] [coop:adopt] biomeOverstayAnchor host=null -> restored (#837/#504)
[log] [coop:adopt] erBiomeStructure host length=13 startWave=1 -> restored (#841 item 5)
[log] [coop:adopt] erRelicBattleState host wave=4 -> restored (#837)
[log] [coop:adopt] erLastGenericTrainerType host=none -> restored
[log] [coop:adopt] erMapState host nodes=0 travelTarget=- fragments=0 -> restored (#865/#841 item 1)
[log] [coop:adopt] erPendingNodes host count=4 revealed=2 -> restored (#865)
[log] [coop:resync] guest reassert authoritativeState tick=40 wave=4 turn=1 party=6/2 field=4
[log] [coop:resync] presentation settle boundary=resync-stable side=player desired=visible ids=[3174707850,1003306279] changed=0 phase=CoopReplayTurnPhase
[log] [coop:resync] presentation settle boundary=resync-stable side=enemy desired=visible ids=[3189599908,1932332091] changed=0 phase=CoopReplayTurnPhase
[log] [coop:replay] guest replay turn=1: rendering 5 event(s)
[log] [coop:replay] guest replay turn=1: present k=showAbility
[log] [coop:session] isCoopAuthoritativeGuestGated -> true (authoritative GUEST gates a structural mutation)
[log] [coop:replay] guest replay turn=1: present k=moveUsed
[log] [coop:turn] host recorder: append turn=1 seq=5 k=message total=6 live=true
[log] [coop:replay] guest replay turn=1: present k=moveAnim
[log] [coop:session] isCoopAuthoritativeGuestGated -> true (authoritative GUEST gates a structural mutation)
[log] [coop:replay] guest replay turn=1: present k=hp
[log] [coop:session] isCoopAuthoritativeGuestGated -> true (authoritative GUEST gates a structural mutation)
[log] [coop:replay] guest replay turn=1: present k=hideAbility
[log] [coop:session] isCoopAuthoritativeGuestGated -> true (authoritative GUEST gates a structural mutation)
[log] [coop:replay] guest replay turn=1: rendered phases [showAbility=1 moveUsed=1 moveAnim=1 hp=1 hideAbility=1]
[log] [coop:replay] guest replay turn=1: retained entry presentation queued stateTick=40 events=5; awaiting exact outcome proof
[log] [coop:session] isCoopAuthoritativeGuestGated -> true (authoritative GUEST gates a structural mutation)
[log] [coop:replay] present move bi=3 moveId=10 targets=1
[log] [coop:replay] present hp bi=0 300->300/303
[log] [coop:replay] guest pre-command presentation PROVED wave=4 turn=1 events=5
[log] [coop:stream] guest consumeEnemyParty wave=4 -> null (buffered=none)
[log] [coop:battle] CommandPhase slot=0 turn=1 owner=host role=guest -> partner path
[log] [coop:stream] guest consumeEnemyParty wave=4 -> null (buffered=none)
[log] [coop:rendezvous] ARRIVE point=cmd:4:1 (send) role=guest
[log] [coop:transport] send guest t=rendezvous point=cmd:4:1
[log] [coop:rendezvous] next-command barrier cmd:4:1 SYNC pass (partner already arrived)
[log] [coop:stream] guest consumeEnemyParty wave=4 -> null (buffered=none)
[log] [coop:transport] send guest t=coopAck cls=op:global seq=7
[log] [coop:transport] send guest t=coopAck cls=op:global seq=7
[log] [coop:transport] recv host t=rendezvous point=cmd:4:1 handlers=1
[log] [coop:transport] recv host t=coopAck cls=op:global seq=7 handlers=1
[log] [coop:transport] recv host t=coopAck cls=op:global seq=7 handlers=1
[log] [coop:rendezvous] RECV arrival point=cmd:4:1 -> DUPLICATE (already seen) role=guest
[log] [coop:replay] guest IGNORE duplicate consumed entry presentation wave=4
[log] [coop:replay] guest RECV enemyPartySync wave=4 count=2 -> buffered (no waiter)
[log] [coop:interaction] interactionCounter() read -> 3 (role=guest)
[log] [coop:checksum] capture digest=9c17eee9e8cdab0f field=4 biome=0 seed=coop-soak-20260831 weather=0 terrain=0 money=0 party=[143,445,149,94,376,248] partyLevels=[65,65,65,65,65,65] arenaTags=0 modifiers=1 heldItemsDigest=0 pokeballs=[0:10,1:0,2:0,3:0,4:0] mons=[bi0:sp143/hp300-303/st0/ab5031/form0/tera0:0/boss0:0 bi1:sp445/hp235-235/st0/ab5066/form0/tera0:15/boss0:0 bi2:sp734/hp19-19/st0/ab55/form0/tera0:0/boss0:0 bi3:sp819/hp20-20/st0/ab5164/form0/tera0:0/boss0:0]
[log] [coop:interaction] interactionCounter() read -> 3 (role=guest)
[log] [coop:replay] guest IGNORE duplicate consumed entry presentation wave=4
[log] [coop:replay] guest RECV enemyPartySync wave=4 count=2 -> buffered (no waiter)
[log] [coop:replay] guest RECV turnResolution e=1831085709869277 wave=4 turn=1 events=14 checksum=dc6ebd7f10833b1f -> buffered (no waiter)
[log] [coop:replay] guest RECV waveResolved wave=4 outcome=win transition=WAVE_VICTORY/next5/biome0/egg1/wild
[log] [coop:runtime] recv waveResolved wave=4 outcome=win role=guest netcode=authoritative
[log] [coop:runtime] ignore raw waveResolved for correctness wave=4 outcome=win; awaiting retained transaction
[log] [coop:session] isCoopAuthoritativeGuestGated -> true (authoritative GUEST gates a structural mutation)
[log] [coop:replay] guest replay turn=1: live pump start mode=turn
[log] [coop:replay] guest replay turn=1: advance local watermark 0->5
[log] [coop:session] isCoopAuthoritativeGuestGated -> true (authoritative GUEST gates a structural mutation)
[log] [coop:transport] send guest t=requestTurnCommit e=1831085709869277 wave=4 turn=1 rev=pending
[log] [coop:transport] send guest t=requestTurnCommit e=1831085709869277 wave=4 turn=1 rev=45
[log] [coop:replay] guest awaitTurn turn=1 RESOLVE (buffered race) events=14
[log] [coop:transport] recv host t=requestTurnCommit e=1831085709869277 wave=4 turn=1 rev=pending handlers=1
[log] [coop:transport] send host t=turnResolution e=1831085709869277 wave=4 turn=1 rev=45 events=14 checksum=dc6ebd7f10833b1f
[log] [coop:transport] recv host t=requestTurnCommit e=1831085709869277 wave=4 turn=1 rev=45 handlers=1
[log] [coop:transport] send host t=turnResolution e=1831085709869277 wave=4 turn=1 rev=45 events=14 checksum=dc6ebd7f10833b1f
[log] [coop:transport] recv guest t=turnResolution e=1831085709869277 wave=4 turn=1 rev=45 events=14 checksum=dc6ebd7f10833b1f handlers=1
[log] [coop:transport] recv guest t=turnResolution e=1831085709869277 wave=4 turn=1 rev=45 events=14 checksum=dc6ebd7f10833b1f handlers=1
[log] [coop:replay] guest consume live events turn=1 count=0
[log] [coop:replay] guest replay turn=1: RESOLVE renderedLive=5 remaining=9 batch=14
[log] [coop:replay] guest replay turn=1: rendering 9 event(s)
[log] [coop:replay] guest replay turn=1: present k=message
[log] [coop:replay] guest replay turn=1: present k=moveUsed
[log] [coop:replay] guest replay turn=1: present k=moveAnim
[log] [coop:session] isCoopAuthoritativeGuestGated -> true (authoritative GUEST gates a structural mutation)
[log] [coop:replay] guest replay turn=1: present k=hp
[log] [coop:session] isCoopAuthoritativeGuestGated -> true (authoritative GUEST gates a structural mutation)
[log] [coop:replay] guest replay turn=1: present k=faint
[log] [coop:session] isCoopAuthoritativeGuestGated -> true (authoritative GUEST gates a structural mutation)
[log] [coop:replay] guest replay turn=1: present k=moveUsed
[log] [coop:replay] guest replay turn=1: present k=moveAnim
[log] [coop:session] isCoopAuthoritativeGuestGated -> true (authoritative GUEST gates a structural mutation)
[log] [coop:replay] guest replay turn=1: present k=hp
[log] [coop:session] isCoopAuthoritativeGuestGated -> true (authoritative GUEST gates a structural mutation)
[log] [coop:replay] guest replay turn=1: present k=faint
[log] [coop:session] isCoopAuthoritativeGuestGated -> true (authoritative GUEST gates a structural mutation)
[log] [coop:replay] guest replay turn=1: rendered phases [message=1 moveUsed=2 moveAnim=2 hp=2 faint=2]
[log] [coop:replay] guest replay turn=1: unshift CoopFinalizeTurnPhase (checkpoint apply deferred)
[log] [coop:session] isCoopAuthoritativeGuestGated -> true (authoritative GUEST gates a structural mutation)
[log] [coop:stream] guest IGNORE idempotent turn duplicate e=1831085709869277 wave=4 turn=1 rev=45
[log] [coop:stream] guest IGNORE idempotent turn duplicate e=1831085709869277 wave=4 turn=1 rev=45
[log] [coop:replay] present move bi=1 moveId=85 targets=1
[log] [coop:replay] present hp bi=3 20->0/20
[log] [coop:replay] present faint bi=3 narrate=true
[log] [coop:replay] present move bi=0 moveId=85 targets=1
[log] [coop:replay] present hp bi=2 19->0/19
[log] [coop:replay] present faint bi=2 narrate=true
[log] [coop:checkpoint] guest apply field=4 weather=0 terrain=0 arenaTags=0
[log] [coop:session] isCoopAuthoritativeGuestGated -> true (authoritative GUEST gates a structural mutation)
[log] [coop:adopt] erMoneyStreaks host entries=1 -> restored (#837/#348)
[log] [coop:adopt] biomeOverstayAnchor host=null -> restored (#837/#504)
[log] [coop:adopt] erBiomeStructure host length=13 startWave=1 -> restored (#841 item 5)
[log] [coop:adopt] erRelicBattleState host wave=4 -> restored (#837)
[log] [coop:adopt] erLastGenericTrainerType host=none -> restored
[log] [coop:adopt] erMapState host nodes=0 travelTarget=- fragments=0 -> restored (#865/#841 item 1)
[log] [coop:adopt] erPendingNodes host count=4 revealed=2 -> restored (#865)
[log] [coop:resync] guest apply authoritativeState tick=45 wave=4 turn=1 party=6/2 field=4
[log] [coop:resync] presentation settle boundary=resync-stable side=player desired=visible ids=[3174707850,1003306279] changed=0 phase=CoopFinalizeTurnPhase
[log] [coop:resync] presentation settle boundary=wave-start-pre-intro side=enemy desired=visible ids=[] changed=0 phase=CoopFinalizeTurnPhase
[log] [coop:interaction] interactionCounter() read -> 3 (role=guest)
[log] [coop:checksum] capture digest=dc6ebd7f10833b1f field=4 biome=0 seed=coop-soak-20260831 weather=0 terrain=0 money=0 party=[143,445,149,94,376,248] partyLevels=[65,65,65,65,65,65] arenaTags=0 modifiers=1 heldItemsDigest=0 pokeballs=[0:10,1:0,2:0,3:0,4:0] mons=[bi0:sp143/hp300-303/st0/ab5031/form0/tera0:0/boss0:0 bi1:sp445/hp235-235/st0/ab5066/form0/tera0:15/boss0:0 bi2:sp734/hp0-19/st7/ab55/form0/tera0:0/boss0:0 bi3:sp819/hp0-20/st7/ab5164/form0/tera0:0/boss0:0]
[log] [coop:transport] send guest t=turnCommitAck e=1831085709869277 wave=4 turn=1 rev=45 stage=materialApplied checksum=dc6ebd7f10833b1f
[log] [coop:stream] guest ACK turn stage=materialApplied e=1831085709869277 wave=4 turn=1 rev=45
[log] [coop:checksum] guest finalize materialApplied e=1831085709869277 wave=4 turn=1 rev=45
[log] [coop:transport] recv host t=turnCommitAck e=1831085709869277 wave=4 turn=1 rev=45 stage=materialApplied checksum=dc6ebd7f10833b1f handlers=1
[log] [coop:stream] host ACCEPT turn ACK stage=materialApplied key=1831085709869277:4:1:45
[log] [coop:transport] send guest t=turnCommitAck e=1831085709869277 wave=4 turn=1 rev=45 stage=presentationReady checksum=dc6ebd7f10833b1f
[log] [coop:stream] guest ACK turn stage=presentationReady e=1831085709869277 wave=4 turn=1 rev=45
[log] [coop:checksum] guest finalize presentationReady e=1831085709869277 wave=4 turn=1 rev=45
[log] [coop:replay] guest finalize turn=1: END (checkpoint applied, turn-end queued)
[log] [coop:transport] recv host t=turnCommitAck e=1831085709869277 wave=4 turn=1 rev=45 stage=presentationReady checksum=dc6ebd7f10833b1f handlers=1
[log] [coop:stream] host ACCEPT turn ACK stage=presentationReady key=1831085709869277:4:1:45
[log] [coop:stream] guest admitted WAVE_ADVANCE continuation e=1831085709869277 wave=4
[log] [coop:runtime] wave-advance JOURNAL bootstrap wave=4 outcome=win (ACK withheld)
[log] [coop:runtime] wave-advance JOURNAL queued safe-boundary wake wave=4 unparkedReplay=0
[log] [coop:runtime] wave-advance op JOURNAL cursor-advanced id=1831085709869277:0:WAVE_ADVANCE:4 rev=8 dataApplied=false continuationReady=false (DATA applies at BattleEnd; retained ACK awaits DATA + destination continuation)
[log] [coop:transport] send guest t=coopAck cls=op:global seq=8
[log] [coop:replay] guest RECV waveEndState wave=4 tick=46
[log] [coop:runtime] ignore raw waveEndState for correctness wave=4 tick=46
[log] [coop:relay] RECV rewardOptions key=3:0 -> BUFFER rewardOptionsInbox (latest-wins) count=3
[log] [coop:rendezvous] RECV arrival point=shop:4:3 -> BUFFER (no waiter yet) role=guest
[log] [coop:transport] recv host t=coopAck cls=op:global seq=8 handlers=1
[log] [coop:session] isCoopAuthoritativeGuestGated -> true (authoritative GUEST gates a structural mutation)
[log] [coop:session] isCoopAuthoritativeGuestGated -> true (authoritative GUEST gates a structural mutation)
[log] [coop:session] isCoopAuthoritativeGuestGated -> true (authoritative GUEST gates a structural mutation)
[log] [coop:session] isCoopAuthoritativeGuestGated -> true (authoritative GUEST gates a structural mutation)
[log] [coop:session] isCoopAuthoritativeGuestGated -> true (authoritative GUEST gates a structural mutation)
[log] [coop:runtime] consume wave-advance wave=4 outcome=win transition=WAVE_VICTORY/next5/biome0/egg1/wild (lastResolved 3 -> 4)
[log] [coop:replay] guest wave-advance outcome=win wave=4 next=WAVE_VICTORY/wave5 biomeChange=false eggLapse=true victoryKind=wild battleType=WILD queues=VictoryPhase (host-stated)
[warn] [coop:replay] guest wave-advance wave=4: replacing speculative future queue [CommandPhase,CommandPhase,TurnStartPhase]
[log] [coop:session] isCoopAuthoritativeGuestGated -> true (authoritative GUEST gates a structural mutation)
[log] [coop:progression] GUEST applyPartyExp SKIP wave=4 koMon=Skwovet (awaiting host waveEndState)
[log] [coop-diag] VictoryPhase win-branch role=guest battleType=WILD queuesTrainerVictory=false queuesSelectModifier=true wave=4
[log] [coop:session] isCoopAuthoritativeGuestGated -> true (authoritative GUEST gates a structural mutation)
[log] [coop:session] isCoopAuthoritativeGuestGated -> true (authoritative GUEST gates a structural mutation)
[log] [coop-diag] VictoryTail role=guest wave=4 source=host-stated trainer=false egg=true biomeShop=false biomeChange=false crossroads=false nextWave=5
[log] [coop:session] isCoopAuthoritativeGuestGated -> true (authoritative GUEST gates a structural mutation)
[log] [coop:session] isCoopAuthoritativeGuestGated -> true (authoritative GUEST gates a structural mutation)
[log] [coop:session] isCoopAuthoritativeGuestGated -> true (authoritative GUEST gates a structural mutation)
[log] [coop:adopt] erMoneyStreaks host entries=1 -> restored (#837/#348)
[log] [coop:adopt] biomeOverstayAnchor host=null -> restored (#837/#504)
[log] [coop:adopt] erBiomeStructure host length=13 startWave=1 -> restored (#841 item 5)
[log] [coop:adopt] erRelicBattleState host wave=4 -> restored (#837)
[log] [coop:adopt] erLastGenericTrainerType host=none -> restored
[log] [coop:adopt] erMapState host nodes=0 travelTarget=- fragments=0 -> restored (#865/#841 item 1)
[log] [coop:adopt] erPendingNodes host count=4 revealed=2 -> restored (#865)
[log] [coop:resync] guest apply authoritativeState tick=46 wave=4 turn=2 party=6/2 field=4
[log] [coop:resync] presentation settle boundary=resync-stable side=player desired=visible ids=[3174707850,1003306279] changed=0 phase=BattleEndPhase
[log] [coop:resync] presentation settle boundary=wave-start-pre-intro side=enemy desired=visible ids=[] changed=0 phase=BattleEndPhase
[log] [coop:runtime] wave-advance retained DATA boundary admitted wave=4
[log] [coop:progression] retained WAVE_ADVANCE DATA applied wave=4 tick=46
[log] [coop:progression] GUEST retained WAVE_ADVANCE BattleEnd release wave=4
[log] [coop:progression] GUEST automatic victory settlement admitted wave=4 turn=2
[log] [coop:interaction] interactionCounter() read -> 3 (role=guest)
[log] [coop:checksum] capture digest=dc6ebd7f10833b1f field=4 biome=0 seed=coop-soak-20260831 weather=0 terrain=0 money=0 party=[143,445,149,94,376,248] partyLevels=[65,65,65,65,65,65] arenaTags=0 modifiers=1 heldItemsDigest=0 pokeballs=[0:10,1:0,2:0,3:0,4:0] mons=[bi0:sp143/hp300-303/st0/ab5031/form0/tera0:0/boss0:0 bi1:sp445/hp235-235/st0/ab5066/form0/tera0:15/boss0:0 bi2:sp734/hp0-19/st7/ab55/form0/tera0:0/boss0:0 bi3:sp819/hp0-20/st7/ab5164/form0/tera0:0/boss0:0]
[log] [coop:interaction] interactionCounter() read -> 3 (role=guest)
[log] [coop:owner] ownerOf(counter=3) seat=1 -> owner=guest
[log] [coop:owner] isLocalOwnerAtCounter(pinnedCounter=3) parity=1 owner=guest role=guest -> true
[log] [coop:interaction] interactionCounter() read -> 3 (role=guest)
[log] [coop:reward] owner/watcher decision: pinnedStart=3 liveCounter=3 parity=1 role=guest pick=OWNER option=ADOPT spoof=false
[log] [coop:rendezvous] ARRIVE point=shop:4:3 (send) role=guest
[log] [coop:transport] send guest t=rendezvous point=shop:4:3
[log] [coop:reward] OWNER drives reward screen (start=3 role=guest spoof=false adoptsOptions=true wave=4)
[log] [coop:rendezvous] shop-pick-commit barrier AWAIT shop:4:3
[log] [coop:rendezvous] AWAIT point=shop:4:3 -> partner already arrived (buffer-hit) role=guest
[log] [coop:transport] recv host t=rendezvous point=shop:4:3 handlers=1
[log] [coop:reward] WATCHER awaiting owner reward options (start=3 reroll=0 localCount=0)
[log] [coop:relay] AWAIT rewardOptions key=3:0 timeoutMs=1200000 -> BUFFER-HIT resolve count=3
[log] [coop:shop] reconstructRewardOptions OK count=3 ids=[ABILITY_RANDOMIZER,TEMP_STAT_STAGE_BOOSTER,ABILITY_CHARM]
[log] [coop:reward] WATCHER ADOPTED owner reward options (was=0 now=3 ids=[ABILITY_RANDOMIZER,TEMP_STAT_STAGE_BOOSTER,ABILITY_CHARM])
[log] [coop:transport] send guest t=turnCommitAck e=1831085709869277 wave=4 turn=1 rev=45 stage=continuationReady checksum=dc6ebd7f10833b1f
[log] [coop:stream] guest ACK turn stage=continuationReady e=1831085709869277 wave=4 turn=1 rev=45
[log] [coop:stream] guest continuation surface=sharedInput e=1831085709869277 wave=4 turn=2 waiting=1 released=1
[log] [coop:interaction] mirror begin role=owner mirrorSeq=192 interactionStart=3 reroll=0
[log] [coop:interaction] uiMirror beginSession role=owner mode=6 seq=192 early=0
[log] [coop:transport] recv host t=turnCommitAck e=1831085709869277 wave=4 turn=1 rev=45 stage=continuationReady checksum=dc6ebd7f10833b1f handlers=1
[log] [coop:progression] retained WAVE_ADVANCE continuationReady wave=4
[log] [coop:transport] send guest t=coopAck cls=op:global seq=8
[log] [coop:transport] send guest t=coopAck cls=op:global seq=8
[log] [coop:transport] send guest t=coopAck cls=op:global seq=8
[log] [coop:transport] send guest t=battleCheckpointAck reason=replacement e=1831085709869277 wave=2 turn=2 rev=21 stage=continuationReady checksum=695476224cf5eb27
[log] [coop:checkpoint] guest RE-ACK compacted replacement through newer operation key=1831085709869277:2:2:21 operation=WAVE_ADVANCE stateTick=46
[log] [coop:transport] recv host t=coopAck cls=op:global seq=8 handlers=1
[log] [coop:transport] recv host t=coopAck cls=op:global seq=8 handlers=1
[log] [coop:transport] recv host t=coopAck cls=op:global seq=8 handlers=1
[log] [coop:transport] recv host t=battleCheckpointAck reason=replacement e=1831085709869277 wave=2 turn=2 rev=21 stage=continuationReady checksum=695476224cf5eb27 handlers=1
[log] [coop:transport] recv guest t=envelope t=envelope handlers=1
[log] [coop:transport] send guest t=coopAck cls=op:global seq=8
[log] [coop:transport] send guest t=coopAck cls=op:global seq=8
[log] [coop:transport] send guest t=coopAck cls=op:global seq=8
[log] [coop:transport] recv host t=coopAck cls=op:global seq=8 handlers=1
[log] [coop:transport] recv host t=coopAck cls=op:global seq=8 handlers=1
[log] [coop:transport] recv host t=coopAck cls=op:global seq=8 handlers=1
[log] [coop:owner] ownerOf(counter=3) seat=1 -> owner=guest
[log] [coop:owner] isLocalOwnerAtCounter(pinnedCounter=3) parity=1 owner=guest role=guest -> true
[log] [coop:owner] ownerOf(counter=3) seat=1 -> owner=guest
[log] [coop:owner] isLocalOwnerAtCounter(pinnedCounter=3) parity=1 owner=guest role=guest -> true
[log] [coop:relay] OWNER prepare seq=3 kind=reward choice=1 data=[0] role=guest
[log] [coop:reward] reward op INTENT prepared label=reward id=1831085709869277:1:REWARD:300000
[log] [coop:relay] SEND interactionChoice seq=3 kind=reward kind=? choice=1 data=[0]
[log] [coop:transport] send guest t=interactionChoice seq=3 kind=reward choice=1
[warn] [coop:v2-shadow] FAULT tap(INTERACTION_COMMIT): AuthorityLog.commit: entry context is not bound to the local authority
[log] [coop:relay] AWAIT interactionChoice seq=3 timeoutMs=1200000 expected=[reward,shop,skip,reroll,check,transfer,lock] -> network-wait
[log] [coop:transport] recv host t=interactionChoice seq=3 kind=reward choice=1 handlers=1
[log] [coop:adopt] erMoneyStreaks host entries=1 -> restored (#837/#348)
[log] [coop:adopt] biomeOverstayAnchor host=null -> restored (#837/#504)
[log] [coop:adopt] erBiomeStructure host length=13 startWave=1 -> restored (#841 item 5)
[log] [coop:adopt] erRelicBattleState host wave=4 -> restored (#837)
[log] [coop:adopt] erLastGenericTrainerType host=none -> restored
[log] [coop:adopt] erMapState host nodes=0 travelTarget=- fragments=0 -> restored (#865/#841 item 1)
[log] [coop:adopt] erPendingNodes host count=4 revealed=2 -> restored (#865)
[log] [coop:resync] guest apply authoritativeState tick=47 wave=4 turn=2 party=6/2 field=4
[log] [coop:resync] presentation settle boundary=resync-stable side=player desired=visible ids=[3174707850,1003306279] changed=0 phase=SelectModifierPhase
[log] [coop:resync] presentation settle boundary=wave-start-pre-intro side=enemy desired=visible ids=[] changed=0 phase=SelectModifierPhase
[log] [coop:relay] DELIVER interactionChoice seq=3 -> waiter kind=reward choice=1 data=[0]
[log] [coop:relay] AWAIT interactionChoice seq=3 RESOLVE kind=reward choice=1 data=[0]
[log] [coop:reward] shop authoritative RESULT applied-before-render kind=REWARD id=1831085709869277:1:REWARD:300000 rev=9 tick=47
[log] [coop:transport] send guest t=coopAck cls=op:global seq=9
[log] [coop:interaction] RECV interaction broadcast (deferred catch-up net) received=4 localBefore=3 role=guest -> WILL DEFER to 4 (folds in at next advance if still ahead)
[warn] [coop:interaction] CoopInteractionTurn.mergeRemote DEFER (remote=4, counter=3, pendingRemote=4) live counter UNCHANGED (folds in at next advance if still ahead)
[log] [coop:owner] ownerOf(counter=3) seat=1 -> owner=guest
[log] [coop:owner] ownerOf(counter=3) seat=1 -> owner=guest
[log] [coop:reward] reward op WATCHER materialize retained choice=1 terminal=true skippedObsolete=0 id=1831085709869277:1:REWARD:300000
[log] [coop:reward] WATCHER applying relayed action seq=3 act=REWARD choice=1 data=[0]
[log] [coop:transport] recv host t=coopAck cls=op:global seq=9 handlers=1
[log] [coop:v2-interaction] terminal proof recorded op=1831085709869277:1:REWARD:300000 role=guest seat=1 duplicate=0 ambient=1
[log] [coop:v2-interaction] phase terminal proof op=1831085709869277:1:REWARD:300000 route=constructor-fallback accepted=1
[log] [coop:interaction] interactionCounter() read -> 3 (role=guest)
[log] [coop:interaction] CoopInteractionTurn.advance INCREMENT (fromCounter=3) counter 3 -> 4
[log] [coop:interaction] advanceInteraction ADVANCED+BROADCAST (fromCounter=3) counter 3 -> 4 role=guest; send interaction screen=__turn__ choice=4
[log] [coop:interaction] SEND counter snapshot reason=advance choice=4 role=guest
[log] [coop:transport] send guest t=interaction screen=__turn__
[log] [coop:owner] ownerOf(counter=4) seat=0 -> owner=host
[log] [coop:owner] ownerOf(counter=4) seat=0 -> owner=host
[log] [coop:interaction] interactionCounter() read -> 4 (role=guest)
[log] [coop:reward] advance interaction (role=guest from=3 counter 3 -> 4)
[log] [coop:session] isCoopAuthoritativeGuestGated -> true (authoritative GUEST gates a structural mutation)
[log] [coop:transport] recv host t=interaction screen=__turn__ handlers=1
[log] [coop:transport] recv guest t=enemyPartySync wave=5 enemies=2 battleType=1 handlers=1
[log] [coop:replay] guest RECV enemyPartySync wave=5 count=2 -> buffered (no waiter)
[log] [coop:replay] guest RECV entry presentation wave=5 stateTick=49 events=6 buffered
[log] [coop:replay] guest RECV enemyPartySync wave=5 count=2 -> buffered (no waiter)
[log] [coop:rendezvous] RECV arrival point=cmd:5:1 -> BUFFER (no waiter yet) role=guest
[log] [coop:session] isCoopAuthoritativeGuestGated -> true (authoritative GUEST gates a structural mutation)
[log] [coop:interaction] interactionCounter() read -> 4 (role=guest)
[log] [coop:stream] guest consumeEnemyParty wave=5 -> 2 enemies
[log] [coop:enemy] buildCoopEnemy ADOPT trainerSlot=1 species=265 form=0 lv=4 abilityIdx=2 nature=0 gender=0 shiny=false tera=0:6 hp=18/18 moves=4 heldItems=0
[log] [coop:enemy] buildCoopEnemy ADOPT trainerSlot=1 species=263 form=0 lv=4 abilityIdx=1 nature=0 gender=1 shiny=false tera=0:0 hp=18/18 moves=4 heldItems=0
[log] [coop:adopt] erMoneyStreaks host entries=1 -> restored (#837/#348)
[log] [coop:adopt] biomeOverstayAnchor host=null -> restored (#837/#504)
[log] [coop:adopt] erBiomeStructure host length=13 startWave=1 -> restored (#841 item 5)
[log] [coop:adopt] erRelicBattleState host wave=5 -> restored (#837)
[log] [coop:adopt] erLastGenericTrainerType host=none -> restored
[log] [coop:adopt] erMapState host nodes=0 travelTarget=- fragments=0 -> restored (#865/#841 item 1)
[log] [coop:adopt] erPendingNodes host count=4 revealed=2 -> restored (#865)
[log] [coop:resync] guest apply authoritativeState tick=49 wave=5 turn=1 party=6/2 field=4
[log] [coop:resync] presentation settle boundary=resync-stable side=player desired=visible ids=[3174707850,1003306279] changed=0 phase=NextEncounterPhase
[log] [coop:resync] presentation settle boundary=resync-stable side=enemy desired=visible ids=[2375061676,2621809676] changed=2 phase=NextEncounterPhase
[log] [coop:resync] render differ: newly presented id=2375061676 key=pkmn__265 -> load atlas
[log] [coop:resync] render differ: newly presented id=2621809676 key=pkmn__263 -> load atlas
[log] [coop:resync] presentation settle boundary=wave-start-pre-intro side=enemy desired=hidden ids=[2375061676,2621809676] changed=2 phase=NextEncounterPhase
[log] [coop:renderer] authoritative trainer intro cleared pokeball trays player=true enemy=true
[log] [coop:resync] presentation settle boundary=encounter-summon side=enemy desired=visible ids=[2375061676,2621809676] changed=2 phase=NextEncounterPhase
[log] [coop:resync] presentation settle boundary=launch-ready side=player desired=visible ids=[3174707850,1003306279] changed=0 phase=NextEncounterPhase
[log] [coop:session] isCoopAuthoritativeGuestGated -> true (authoritative GUEST gates a structural mutation)
[log] [coop:session] isCoopAuthoritativeGuestGated -> true (authoritative GUEST gates a structural mutation)
[log] [coop:session] isCoopAuthoritativeGuestGated -> true (authoritative GUEST gates a structural mutation)
[log] [coop:session] isCoopAuthoritativeGuestGated -> true (authoritative GUEST gates a structural mutation)
[log] [coop:session] isCoopAuthoritativeGuestGated -> true (authoritative GUEST gates a structural mutation)
[log] [coop:session] isCoopAuthoritativeGuestGated -> true (authoritative GUEST gates a structural mutation)
[log] [coop:replay] guest replay turn=1: awaiting retained entry presentation
[warn] [coop:resync] authoritativeState tick=49 STALE (lastApplied=49) -> REJECTED (#807)
[log] [coop:adopt] erMoneyStreaks host entries=1 -> restored (#837/#348)
[log] [coop:adopt] biomeOverstayAnchor host=null -> restored (#837/#504)
[log] [coop:adopt] erBiomeStructure host length=13 startWave=1 -> restored (#841 item 5)
[log] [coop:adopt] erRelicBattleState host wave=5 -> restored (#837)
[log] [coop:adopt] erLastGenericTrainerType host=none -> restored
[log] [coop:adopt] erMapState host nodes=0 travelTarget=- fragments=0 -> restored (#865/#841 item 1)
[log] [coop:adopt] erPendingNodes host count=4 revealed=2 -> restored (#865)
[log] [coop:resync] guest reassert authoritativeState tick=49 wave=5 turn=1 party=6/2 field=4
[log] [coop:resync] presentation settle boundary=resync-stable side=player desired=visible ids=[3174707850,1003306279] changed=0 phase=CoopReplayTurnPhase
[log] [coop:resync] presentation settle boundary=resync-stable side=enemy desired=visible ids=[2375061676,2621809676] changed=0 phase=CoopReplayTurnPhase
[log] [coop:replay] guest replay turn=1: rendering 6 event(s)
[log] [coop:replay] guest replay turn=1: present k=showAbility
[log] [coop:session] isCoopAuthoritativeGuestGated -> true (authoritative GUEST gates a structural mutation)
[log] [coop:replay] guest replay turn=1: present k=moveUsed
[log] [coop:turn] host recorder: append turn=1 seq=6 k=message total=7 live=true
[log] [coop:replay] guest replay turn=1: present k=moveAnim
[log] [coop:session] isCoopAuthoritativeGuestGated -> true (authoritative GUEST gates a structural mutation)
[log] [coop:replay] guest replay turn=1: present k=message
[log] [coop:turn] host recorder: append turn=1 seq=7 k=message total=8 live=true
[log] [coop:replay] guest replay turn=1: present k=statStage
[log] [coop:session] isCoopAuthoritativeGuestGated -> true (authoritative GUEST gates a structural mutation)
[log] [coop:replay] guest replay turn=1: present k=hideAbility
[log] [coop:session] isCoopAuthoritativeGuestGated -> true (authoritative GUEST gates a structural mutation)
[log] [coop:replay] guest replay turn=1: rendered phases [showAbility=1 moveUsed=1 moveAnim=1 message=1 statStage=1 hideAbility=1]
[log] [coop:replay] guest replay turn=1: retained entry presentation queued stateTick=49 events=6; awaiting exact outcome proof
[log] [coop:session] isCoopAuthoritativeGuestGated -> true (authoritative GUEST gates a structural mutation)
[log] [coop:replay] present move bi=0 moveId=111 targets=1
[log] [coop:replay] present statStage bi=0 stat=2 -> 1
[log] [coop:replay] present statStage bi=0 stat=2 set to 1 NO tween (delta=0 anims=false)
[log] [coop:replay] guest pre-command presentation PROVED wave=5 turn=1 events=6
[log] [coop:renderer] command presentation postcondition hid stale enemy trainer
[log] [coop:stream] guest consumeEnemyParty wave=5 -> null (buffered=none)
[log] [coop:battle] CommandPhase slot=0 turn=1 owner=host role=guest -> partner path
[log] [coop:stream] guest consumeEnemyParty wave=5 -> null (buffered=none)
[log] [coop:rendezvous] ARRIVE point=cmd:5:1 (send) role=guest
[log] [coop:transport] send guest t=rendezvous point=cmd:5:1
[log] [coop:rendezvous] next-command barrier cmd:5:1 SYNC pass (partner already arrived)
[log] [coop:stream] guest consumeEnemyParty wave=5 -> null (buffered=none)
[log] [coop:transport] send guest t=coopAck cls=op:global seq=9
[log] [coop:transport] send guest t=coopAck cls=op:global seq=9
[log] [coop:transport] recv host t=rendezvous point=cmd:5:1 handlers=1
[log] [coop:transport] recv host t=coopAck cls=op:global seq=9 handlers=1
[log] [coop:transport] recv host t=coopAck cls=op:global seq=9 handlers=1
[log] [coop:rendezvous] RECV arrival point=cmd:5:1 -> DUPLICATE (already seen) role=guest
[log] [coop:replay] guest IGNORE duplicate consumed entry presentation wave=5
[log] [coop:replay] guest RECV enemyPartySync wave=5 count=2 -> buffered (no waiter)
[log] [coop:interaction] interactionCounter() read -> 4 (role=guest)
[log] [coop:checksum] capture digest=e0e236a72d176c68 field=4 biome=0 seed=coop-soak-20260831 weather=0 terrain=0 money=0 party=[143,445,149,94,376,248] partyLevels=[65,65,65,65,65,65] arenaTags=0 modifiers=2 heldItemsDigest=0 pokeballs=[0:10,1:0,2:0,3:0,4:0] mons=[bi0:sp143/hp300-303/st0/ab5031/form0/tera0:0/boss0:0 bi1:sp445/hp235-235/st0/ab5066/form0/tera0:15/boss0:0 bi2:sp265/hp18-18/st0/ab38/form0/tera0:6/boss0:0 bi3:sp263/hp18-18/st0/ab113/form0/tera0:0/boss0:0]
[log] [coop:interaction] interactionCounter() read -> 4 (role=guest)
[log] [coop:replay] guest IGNORE duplicate consumed entry presentation wave=5
[log] [coop:replay] guest RECV enemyPartySync wave=5 count=2 -> buffered (no waiter)
[log] [coop:replay] guest RECV turnResolution e=1831085709869277 wave=5 turn=1 events=18 checksum=99bd52bd3c2ea08c -> buffered (no waiter)
[log] [coop:session] isCoopAuthoritativeGuestGated -> true (authoritative GUEST gates a structural mutation)
[log] [coop:replay] guest replay turn=1: live pump start mode=turn
[log] [coop:replay] guest replay turn=1: advance local watermark 0->6
[log] [coop:session] isCoopAuthoritativeGuestGated -> true (authoritative GUEST gates a structural mutation)
[log] [coop:transport] send guest t=requestTurnCommit e=1831085709869277 wave=5 turn=1 rev=pending
[log] [coop:transport] send guest t=requestTurnCommit e=1831085709869277 wave=5 turn=1 rev=54
[log] [coop:replay] guest awaitTurn turn=1 RESOLVE (buffered race) events=18
[log] [coop:transport] recv host t=requestTurnCommit e=1831085709869277 wave=5 turn=1 rev=pending handlers=1
[log] [coop:transport] send host t=turnResolution e=1831085709869277 wave=5 turn=1 rev=54 events=18 checksum=99bd52bd3c2ea08c
[log] [coop:transport] recv host t=requestTurnCommit e=1831085709869277 wave=5 turn=1 rev=54 handlers=1
[log] [coop:transport] send host t=turnResolution e=1831085709869277 wave=5 turn=1 rev=54 events=18 checksum=99bd52bd3c2ea08c
[log] [coop:transport] recv guest t=turnResolution e=1831085709869277 wave=5 turn=1 rev=54 events=18 checksum=99bd52bd3c2ea08c handlers=1
[log] [coop:transport] recv guest t=turnResolution e=1831085709869277 wave=5 turn=1 rev=54 events=18 checksum=99bd52bd3c2ea08c handlers=1
[log] [coop:replay] guest consume live events turn=1 count=0
[log] [coop:replay] guest replay turn=1: RESOLVE renderedLive=6 remaining=12 batch=18
[log] [coop:replay] guest replay turn=1: rendering 12 event(s)
[log] [coop:replay] guest replay turn=1: present k=message
[log] [coop:replay] guest replay turn=1: present k=message
[log] [coop:replay] guest replay turn=1: present k=switch
[log] [coop:session] isCoopAuthoritativeGuestGated -> true (authoritative GUEST gates a structural mutation)
[log] [coop:replay] guest replay turn=1: present k=moveUsed
[log] [coop:replay] guest replay turn=1: present k=moveAnim
[log] [coop:session] isCoopAuthoritativeGuestGated -> true (authoritative GUEST gates a structural mutation)
[log] [coop:replay] guest replay turn=1: present k=hp
[log] [coop:session] isCoopAuthoritativeGuestGated -> true (authoritative GUEST gates a structural mutation)
[log] [coop:replay] guest replay turn=1: present k=faint
[log] [coop:session] isCoopAuthoritativeGuestGated -> true (authoritative GUEST gates a structural mutation)
[log] [coop:replay] guest replay turn=1: present k=moveUsed
[log] [coop:replay] guest replay turn=1: present k=moveAnim
[log] [coop:session] isCoopAuthoritativeGuestGated -> true (authoritative GUEST gates a structural mutation)
[log] [coop:replay] guest replay turn=1: present k=hp
[log] [coop:session] isCoopAuthoritativeGuestGated -> true (authoritative GUEST gates a structural mutation)
[log] [coop:replay] guest replay turn=1: present k=message
[log] [coop:replay] guest replay turn=1: present k=hp
[log] [coop:session] isCoopAuthoritativeGuestGated -> true (authoritative GUEST gates a structural mutation)
[log] [coop:replay] guest replay turn=1: rendered phases [message=3 switch=1 moveUsed=2 moveAnim=2 hp=3 faint=1]
[log] [coop:replay] guest replay turn=1: unshift CoopFinalizeTurnPhase (checkpoint apply deferred)
[log] [coop:session] isCoopAuthoritativeGuestGated -> true (authoritative GUEST gates a structural mutation)
[log] [coop:stream] guest IGNORE idempotent turn duplicate e=1831085709869277 wave=5 turn=1 rev=54
[log] [coop:stream] guest IGNORE idempotent turn duplicate e=1831085709869277 wave=5 turn=1 rev=54
[log] [coop:replay] present move bi=1 moveId=53 targets=1
[log] [coop:replay] present hp bi=3 18->0/18
[log] [coop:replay] present faint bi=3 narrate=true
[log] [coop:replay] present move bi=2 moveId=522 targets=2
[log] [coop:replay] present hp bi=0 212->212/213
[log] [coop:replay] present hp bi=1 235->233/235
[log] [coop:checkpoint] guest apply field=4 weather=0 terrain=0 arenaTags=0
[log] [coop:session] isCoopAuthoritativeGuestGated -> true (authoritative GUEST gates a structural mutation)
[log] [coop:adopt] erMoneyStreaks host entries=1 -> restored (#837/#348)
[log] [coop:adopt] biomeOverstayAnchor host=null -> restored (#837/#504)
[log] [coop:adopt] erBiomeStructure host length=13 startWave=1 -> restored (#841 item 5)
[log] [coop:adopt] erRelicBattleState host wave=5 -> restored (#837)
[log] [coop:adopt] erLastGenericTrainerType host=none -> restored
[log] [coop:adopt] erMapState host nodes=0 travelTarget=- fragments=0 -> restored (#865/#841 item 1)
[log] [coop:adopt] erPendingNodes host count=4 revealed=2 -> restored (#865)
[log] [coop:resync] guest apply authoritativeState tick=54 wave=5 turn=1 party=6/2 field=4
[log] [coop:resync] presentation settle boundary=resync-stable side=player desired=visible ids=[2617448572,1003306279] changed=0 phase=CoopFinalizeTurnPhase
[log] [coop:resync] presentation settle boundary=resync-stable side=enemy desired=visible ids=[2375061676] changed=0 phase=CoopFinalizeTurnPhase
[log] [coop:interaction] interactionCounter() read -> 4 (role=guest)
[log] [coop:checksum] capture digest=99bd52bd3c2ea08c field=4 biome=0 seed=coop-soak-20260831 weather=0 terrain=0 money=0 party=[149,445,143,94,376,248] partyLevels=[65,65,65,65,65,65] arenaTags=0 modifiers=2 heldItemsDigest=0 pokeballs=[0:10,1:0,2:0,3:0,4:0] mons=[bi0:sp149/hp212-213/st0/ab5013/form0/tera0:15/boss0:0 bi1:sp445/hp233-235/st0/ab5066/form0/tera0:15/boss0:0 bi2:sp265/hp18-18/st0/ab38/form0/tera0:6/boss0:0 bi3:sp263/hp0-18/st7/ab113/form0/tera0:0/boss0:0]
[log] [coop:transport] send guest t=turnCommitAck e=1831085709869277 wave=5 turn=1 rev=54 stage=materialApplied checksum=99bd52bd3c2ea08c
[log] [coop:stream] guest ACK turn stage=materialApplied e=1831085709869277 wave=5 turn=1 rev=54
[log] [coop:checksum] guest finalize materialApplied e=1831085709869277 wave=5 turn=1 rev=54
[log] [coop:transport] recv host t=turnCommitAck e=1831085709869277 wave=5 turn=1 rev=54 stage=materialApplied checksum=99bd52bd3c2ea08c handlers=1
[log] [coop:stream] host ACCEPT turn ACK stage=materialApplied key=1831085709869277:5:1:54
[log] [coop:transport] send guest t=turnCommitAck e=1831085709869277 wave=5 turn=1 rev=54 stage=presentationReady checksum=99bd52bd3c2ea08c
[log] [coop:stream] guest ACK turn stage=presentationReady e=1831085709869277 wave=5 turn=1 rev=54
[log] [coop:checksum] guest finalize presentationReady e=1831085709869277 wave=5 turn=1 rev=54
[log] [coop:replay] guest finalize turn=1: END (checkpoint applied, turn-end queued)
[log] [coop:transport] recv host t=turnCommitAck e=1831085709869277 wave=5 turn=1 rev=54 stage=presentationReady checksum=99bd52bd3c2ea08c handlers=1
[log] [coop:stream] host ACCEPT turn ACK stage=presentationReady key=1831085709869277:5:1:54
[log] [coop:rendezvous] ARRIVE point=cmd:5:2 (send) role=guest
[log] [coop:transport] send guest t=rendezvous point=cmd:5:2
[log] [coop:rendezvous] RECV arrival point=cmd:5:2 -> BUFFER (no waiter yet) role=guest
[log] [coop:session] isCoopAuthoritativeGuestGated -> true (authoritative GUEST gates a structural mutation)
[log] [coop:session] isCoopAuthoritativeGuestGated -> true (authoritative GUEST gates a structural mutation)
[log] [coop:session] isCoopAuthoritativeGuestGated -> true (authoritative GUEST gates a structural mutation)
[log] [coop:session] isCoopAuthoritativeGuestGated -> true (authoritative GUEST gates a structural mutation)
[log] [coop:session] isCoopAuthoritativeGuestGated -> true (authoritative GUEST gates a structural mutation)
[log] [coop:battle] CommandPhase slot=0 turn=2 owner=host role=guest -> partner path
[log] [coop:rendezvous] next-command barrier cmd:5:2 SYNC pass (partner already arrived)
[log] [coop:transport] send guest t=turnCommitAck e=1831085709869277 wave=5 turn=1 rev=54 stage=continuationReady checksum=99bd52bd3c2ea08c
[log] [coop:stream] guest ACK turn stage=continuationReady e=1831085709869277 wave=5 turn=1 rev=54
[log] [coop:stream] guest continuation surface=command e=1831085709869277 wave=5 turn=2 waiting=1 released=1
[log] [coop:transport] recv host t=turnCommitAck e=1831085709869277 wave=5 turn=1 rev=54 stage=continuationReady checksum=99bd52bd3c2ea08c handlers=1
[log] [coop:replay] guest RECV turnResolution e=1831085709869277 wave=5 turn=2 events=5 checksum=a5557f58f9cd4fc4 -> buffered (no waiter)
[log] [coop:replay] guest RECV waveResolved wave=5 outcome=win transition=WAVE_VICTORY/next6/biome0/egg1/trainer
[log] [coop:runtime] recv waveResolved wave=5 outcome=win role=guest netcode=authoritative
[log] [coop:runtime] ignore raw waveResolved for correctness wave=5 outcome=win; awaiting retained transaction
[log] [coop:session] isCoopAuthoritativeGuestGated -> true (authoritative GUEST gates a structural mutation)
[log] [coop:replay] guest replay turn=2: live pump start mode=turn
[log] [coop:transport] send guest t=requestTurnCommit e=1831085709869277 wave=5 turn=2 rev=pending
[log] [coop:transport] send guest t=requestTurnCommit e=1831085709869277 wave=5 turn=2 rev=57
[log] [coop:replay] guest awaitTurn turn=2 RESOLVE (buffered race) events=5
[log] [coop:transport] recv host t=requestTurnCommit e=1831085709869277 wave=5 turn=2 rev=pending handlers=1
[log] [coop:transport] send host t=turnResolution e=1831085709869277 wave=5 turn=2 rev=57 events=5 checksum=a5557f58f9cd4fc4
[log] [coop:transport] recv host t=requestTurnCommit e=1831085709869277 wave=5 turn=2 rev=57 handlers=1
[log] [coop:transport] send host t=turnResolution e=1831085709869277 wave=5 turn=2 rev=57 events=5 checksum=a5557f58f9cd4fc4
[log] [coop:transport] recv guest t=turnResolution e=1831085709869277 wave=5 turn=2 rev=57 events=5 checksum=a5557f58f9cd4fc4 handlers=1
[log] [coop:transport] recv guest t=turnResolution e=1831085709869277 wave=5 turn=2 rev=57 events=5 checksum=a5557f58f9cd4fc4 handlers=1
[log] [coop:replay] guest consume live events turn=2 count=0
[log] [coop:replay] guest replay turn=2: RESOLVE renderedLive=0 remaining=5 batch=5
[log] [coop:replay] guest replay turn=2: rendering 5 event(s)
[log] [coop:replay] guest replay turn=2: present k=switch
[log] [coop:session] isCoopAuthoritativeGuestGated -> true (authoritative GUEST gates a structural mutation)
[log] [coop:replay] guest replay turn=2: present k=moveUsed
[log] [coop:replay] guest replay turn=2: present k=moveAnim
[log] [coop:session] isCoopAuthoritativeGuestGated -> true (authoritative GUEST gates a structural mutation)
[log] [coop:replay] guest replay turn=2: present k=hp
[log] [coop:session] isCoopAuthoritativeGuestGated -> true (authoritative GUEST gates a structural mutation)
[log] [coop:replay] guest replay turn=2: present k=faint
[log] [coop:session] isCoopAuthoritativeGuestGated -> true (authoritative GUEST gates a structural mutation)
[log] [coop:replay] guest replay turn=2: rendered phases [switch=1 moveUsed=1 moveAnim=1 hp=1 faint=1]
[log] [coop:replay] guest replay turn=2: unshift CoopFinalizeTurnPhase (checkpoint apply deferred)
[log] [coop:session] isCoopAuthoritativeGuestGated -> true (authoritative GUEST gates a structural mutation)
[log] [coop:stream] guest IGNORE idempotent turn duplicate e=1831085709869277 wave=5 turn=2 rev=57
[log] [coop:stream] guest IGNORE idempotent turn duplicate e=1831085709869277 wave=5 turn=2 rev=57
[log] [coop:replay] present move bi=0 moveId=247 targets=1
[log] [coop:replay] present hp bi=2 18->0/18
[log] [coop:replay] present faint bi=2 narrate=true
[log] [coop:checkpoint] guest apply field=4 weather=0 terrain=0 arenaTags=0
[log] [coop:session] isCoopAuthoritativeGuestGated -> true (authoritative GUEST gates a structural mutation)
[log] [coop:adopt] erMoneyStreaks host entries=1 -> restored (#837/#348)
[log] [coop:adopt] biomeOverstayAnchor host=null -> restored (#837/#504)
[log] [coop:adopt] erBiomeStructure host length=13 startWave=1 -> restored (#841 item 5)
[log] [coop:adopt] erRelicBattleState host wave=5 -> restored (#837)
[log] [coop:adopt] erLastGenericTrainerType host=none -> restored
[log] [coop:adopt] erMapState host nodes=0 travelTarget=- fragments=0 -> restored (#865/#841 item 1)
[log] [coop:adopt] erPendingNodes host count=4 revealed=2 -> restored (#865)
[log] [coop:resync] guest apply authoritativeState tick=57 wave=5 turn=2 party=6/2 field=4
[log] [coop:resync] presentation settle boundary=resync-stable side=player desired=visible ids=[2617448572,246635747] changed=0 phase=CoopFinalizeTurnPhase
[log] [coop:resync] presentation settle boundary=wave-start-pre-intro side=enemy desired=visible ids=[] changed=0 phase=CoopFinalizeTurnPhase
[log] [coop:interaction] interactionCounter() read -> 4 (role=guest)
[log] [coop:checksum] capture digest=a5557f58f9cd4fc4 field=4 biome=0 seed=coop-soak-20260831 weather=0 terrain=0 money=0 party=[149,248,143,94,376,445] partyLevels=[65,65,65,65,65,65] arenaTags=0 modifiers=2 heldItemsDigest=0 pokeballs=[0:10,1:0,2:0,3:0,4:0] mons=[bi0:sp149/hp212-213/st0/ab5013/form0/tera0:15/boss0:0 bi1:sp248/hp225-225/st0/ab5101/form0/tera0:5/boss0:0 bi2:sp265/hp0-18/st7/ab38/form0/tera0:6/boss0:0 bi3:sp263/hp0-18/st7/ab113/form0/tera0:0/boss0:0]
[log] [coop:transport] send guest t=turnCommitAck e=1831085709869277 wave=5 turn=2 rev=57 stage=materialApplied checksum=a5557f58f9cd4fc4
[log] [coop:stream] guest ACK turn stage=materialApplied e=1831085709869277 wave=5 turn=2 rev=57
[log] [coop:checksum] guest finalize materialApplied e=1831085709869277 wave=5 turn=2 rev=57
[log] [coop:transport] recv host t=turnCommitAck e=1831085709869277 wave=5 turn=2 rev=57 stage=materialApplied checksum=a5557f58f9cd4fc4 handlers=1
[log] [coop:stream] host ACCEPT turn ACK stage=materialApplied key=1831085709869277:5:2:57
[log] [coop:transport] send guest t=turnCommitAck e=1831085709869277 wave=5 turn=2 rev=57 stage=presentationReady checksum=a5557f58f9cd4fc4
[log] [coop:stream] guest ACK turn stage=presentationReady e=1831085709869277 wave=5 turn=2 rev=57
[log] [coop:checksum] guest finalize presentationReady e=1831085709869277 wave=5 turn=2 rev=57
[log] [coop:replay] guest finalize turn=2: END (checkpoint applied, turn-end queued)
[log] [coop:transport] recv host t=turnCommitAck e=1831085709869277 wave=5 turn=2 rev=57 stage=presentationReady checksum=a5557f58f9cd4fc4 handlers=1
[log] [coop:stream] host ACCEPT turn ACK stage=presentationReady key=1831085709869277:5:2:57
[log] [coop:stream] guest admitted WAVE_ADVANCE continuation e=1831085709869277 wave=5
[log] [coop:runtime] wave-advance JOURNAL bootstrap wave=5 outcome=win (ACK withheld)
[log] [coop:runtime] wave-advance JOURNAL queued safe-boundary wake wave=5 unparkedReplay=0
[log] [coop:runtime] wave-advance op JOURNAL cursor-advanced id=1831085709869277:0:WAVE_ADVANCE:5 rev=10 dataApplied=false continuationReady=false (DATA applies at BattleEnd; retained ACK awaits DATA + destination continuation)
[log] [coop:transport] send guest t=coopAck cls=op:global seq=10
[log] [coop:replay] guest RECV waveEndState wave=5 tick=58
[log] [coop:runtime] ignore raw waveEndState for correctness wave=5 tick=58
[log] [coop:relay] RECV rewardOptions key=4:0 -> BUFFER rewardOptionsInbox (latest-wins) count=3
[log] [coop:rendezvous] RECV arrival point=shop:5:4 -> BUFFER (no waiter yet) role=guest
[log] [coop:transport] recv host t=coopAck cls=op:global seq=10 handlers=1
[log] [coop:session] isCoopAuthoritativeGuestGated -> true (authoritative GUEST gates a structural mutation)
[log] [coop:session] isCoopAuthoritativeGuestGated -> true (authoritative GUEST gates a structural mutation)
[log] [coop:session] isCoopAuthoritativeGuestGated -> true (authoritative GUEST gates a structural mutation)
[log] [coop:session] isCoopAuthoritativeGuestGated -> true (authoritative GUEST gates a structural mutation)
[log] [coop:session] isCoopAuthoritativeGuestGated -> true (authoritative GUEST gates a structural mutation)
[log] [coop:runtime] consume wave-advance wave=5 outcome=win transition=WAVE_VICTORY/next6/biome0/egg1/trainer (lastResolved 4 -> 5)
[log] [coop:replay] guest wave-advance outcome=win wave=5 next=WAVE_VICTORY/wave6 biomeChange=false eggLapse=true victoryKind=trainer battleType=TRAINER queues=VictoryPhase (host-stated)
[warn] [coop:replay] guest wave-advance wave=5: replacing speculative future queue [CommandPhase,CommandPhase,TurnStartPhase]
[log] [coop:session] isCoopAuthoritativeGuestGated -> true (authoritative GUEST gates a structural mutation)
[log] [coop:progression] GUEST applyPartyExp SKIP wave=5 koMon=Zigzagoon (awaiting host waveEndState)
[log] [coop-diag] VictoryPhase win-branch role=guest battleType=TRAINER queuesTrainerVictory=true queuesSelectModifier=true wave=5
[log] [coop:session] isCoopAuthoritativeGuestGated -> true (authoritative GUEST gates a structural mutation)
[log] [coop:session] isCoopAuthoritativeGuestGated -> true (authoritative GUEST gates a structural mutation)
[log] [coop:session] isCoopAuthoritativeGuestGated -> true (authoritative GUEST gates a structural mutation)
[log] [coop-diag] VictoryTail role=guest wave=5 source=host-stated trainer=true egg=true biomeShop=false biomeChange=false crossroads=true nextWave=6
[log] [coop:session] isCoopAuthoritativeGuestGated -> true (authoritative GUEST gates a structural mutation)
[log] [coop:session] isCoopAuthoritativeGuestGated -> true (authoritative GUEST gates a structural mutation)
[log] [coop:session] isCoopAuthoritativeGuestGated -> true (authoritative GUEST gates a structural mutation)
[log] [coop:session] isCoopAuthoritativeGuestGated -> true (authoritative GUEST gates a structural mutation)
[log] [coop:adopt] erMoneyStreaks host entries=1 -> restored (#837/#348)
[log] [coop:adopt] biomeOverstayAnchor host=null -> restored (#837/#504)
[log] [coop:adopt] erBiomeStructure host length=13 startWave=1 -> restored (#841 item 5)
[log] [coop:adopt] erRelicBattleState host wave=5 -> restored (#837)
[log] [coop:adopt] erLastGenericTrainerType host=none -> restored
[log] [coop:adopt] erMapState host nodes=0 travelTarget=- fragments=0 -> restored (#865/#841 item 1)
[log] [coop:adopt] erPendingNodes host count=4 revealed=2 -> restored (#865)
[log] [coop:resync] guest apply authoritativeState tick=58 wave=5 turn=3 party=6/2 field=4
[log] [coop:resync] presentation settle boundary=resync-stable side=player desired=visible ids=[2617448572,246635747] changed=0 phase=BattleEndPhase
[log] [coop:resync] presentation settle boundary=wave-start-pre-intro side=enemy desired=visible ids=[] changed=0 phase=BattleEndPhase
[log] [coop:runtime] wave-advance retained DATA boundary admitted wave=5
[log] [coop:progression] retained WAVE_ADVANCE DATA applied wave=5 tick=58
[log] [coop:progression] GUEST retained WAVE_ADVANCE BattleEnd release wave=5
[log] [coop:session] isCoopAuthoritativeGuestGated -> true (authoritative GUEST gates a structural mutation)
[warn] [coop:gate] ALLOWLIST BLOCK phase=MoneyRewardPhase (not a guest presentation/input-intent phase; neutralized to CoopInertPhase)
[log] [coop:session] isCoopAuthoritativeGuestGated -> true (authoritative GUEST gates a structural mutation)
[log] [coop:progression] coopVictoryDialogue DECISION isCoop=true -> SKIP (constant 0 awaits, lockstep-safe)
[log] [coop:renderer] trainer victory presentation settled sourceWave=5
[log] [coop:transport] recv guest t=envelope t=envelope handlers=1
[log] [coop:transport] send guest t=coopAck cls=op:global seq=10
[log] [coop:transport] recv host t=coopAck cls=op:global seq=10 handlers=1
[log] [coop:progression] GUEST automatic victory settlement admitted wave=5 turn=3
[log] [coop:interaction] interactionCounter() read -> 4 (role=guest)
[log] [coop:checksum] capture digest=ead786c7f92df2b5 field=4 biome=0 seed=coop-soak-20260831 weather=0 terrain=0 money=110 party=[149,248,143,94,376,445] partyLevels=[65,65,65,65,65,65] arenaTags=0 modifiers=2 heldItemsDigest=0 pokeballs=[0:10,1:0,2:0,3:0,4:0] mons=[bi0:sp149/hp212-213/st0/ab5013/form0/tera0:15/boss0:0 bi1:sp248/hp225-225/st0/ab5101/form0/tera0:5/boss0:0 bi2:sp265/hp0-18/st7/ab38/form0/tera0:6/boss0:0 bi3:sp263/hp0-18/st7/ab113/form0/tera0:0/boss0:0]
[log] [coop:interaction] interactionCounter() read -> 4 (role=guest)
[log] [coop:owner] ownerOf(counter=4) seat=0 -> owner=host
[log] [coop:owner] isLocalOwnerAtCounter(pinnedCounter=4) parity=0 owner=host role=guest -> false
[log] [coop:interaction] interactionCounter() read -> 4 (role=guest)
[log] [coop:reward] owner/watcher decision: pinnedStart=4 liveCounter=4 parity=0 role=guest pick=WATCHER option=ADOPT spoof=false
[log] [coop:rendezvous] ARRIVE point=shop:5:4 (send) role=guest
[log] [coop:transport] send guest t=rendezvous point=shop:5:4
[log] [coop:reward] WATCHER waits for partner's reward picks (start=4 role=guest wave=5)
[log] [coop:reward] WATCHER awaiting owner reward options (start=4 reroll=0 localCount=0)
[log] [coop:relay] AWAIT rewardOptions key=4:0 timeoutMs=1200000 -> BUFFER-HIT resolve count=3
[log] [coop:transport] recv host t=rendezvous point=shop:5:4 handlers=1
[log] [coop:shop] reconstructRewardOptions OK count=3 ids=[BERRY,TM_CASE,WIDE_LENS]
[log] [coop:reward] WATCHER ADOPTED owner reward options (was=0 now=3 ids=[BERRY,TM_CASE,WIDE_LENS])
[log] [coop:transport] send guest t=turnCommitAck e=1831085709869277 wave=5 turn=2 rev=57 stage=continuationReady checksum=a5557f58f9cd4fc4
[log] [coop:stream] guest ACK turn stage=continuationReady e=1831085709869277 wave=5 turn=2 rev=57
[log] [coop:stream] guest continuation surface=sharedInput e=1831085709869277 wave=5 turn=3 waiting=1 released=1
[log] [coop:transport] recv host t=turnCommitAck e=1831085709869277 wave=5 turn=2 rev=57 stage=continuationReady checksum=a5557f58f9cd4fc4 handlers=1
[log] [coop:progression] retained WAVE_ADVANCE continuationReady wave=5
[log] [coop:transport] send guest t=coopAck cls=op:global seq=10
[log] [coop:transport] send guest t=coopAck cls=op:global seq=10
[log] [coop:transport] send guest t=coopAck cls=op:global seq=10
[log] [coop:transport] send guest t=battleCheckpointAck reason=replacement e=1831085709869277 wave=2 turn=2 rev=21 stage=continuationReady checksum=695476224cf5eb27
[log] [coop:checkpoint] guest RE-ACK compacted replacement through newer operation key=1831085709869277:2:2:21 operation=WAVE_ADVANCE stateTick=58
[log] [coop:interaction] mirror begin role=watcher mirrorSeq=256 interactionStart=4 reroll=0
[log] [coop:interaction] uiMirror beginSession role=watcher mode=6 seq=256 early=0
[log] [coop:transport] recv host t=coopAck cls=op:global seq=10 handlers=1
[log] [coop:transport] recv host t=coopAck cls=op:global seq=10 handlers=1
[log] [coop:transport] recv host t=coopAck cls=op:global seq=10 handlers=1
[log] [coop:transport] recv host t=battleCheckpointAck reason=replacement e=1831085709869277 wave=2 turn=2 rev=21 stage=continuationReady checksum=695476224cf5eb27 handlers=1
[log] [coop:relay] AWAIT interactionChoice seq=4 timeoutMs=1200000 expected=[reward,shop,skip,reroll,check,transfer,lock] -> network-wait
[log] [coop:rendezvous] RECV arrival point=shop:5:4 -> DUPLICATE (already seen) role=guest
[log] [coop:adopt] erMoneyStreaks host entries=1 -> restored (#837/#348)
[log] [coop:adopt] biomeOverstayAnchor host=null -> restored (#837/#504)
[log] [coop:adopt] erBiomeStructure host length=13 startWave=1 -> restored (#841 item 5)
[log] [coop:adopt] erRelicBattleState host wave=5 -> restored (#837)
[log] [coop:adopt] erLastGenericTrainerType host=none -> restored
[log] [coop:adopt] erMapState host nodes=0 travelTarget=- fragments=0 -> restored (#865/#841 item 1)
[log] [coop:adopt] erPendingNodes host count=4 revealed=2 -> restored (#865)
[log] [coop:resync] guest apply authoritativeState tick=59 wave=5 turn=3 party=6/2 field=4
[log] [coop:resync] presentation settle boundary=resync-stable side=player desired=visible ids=[2617448572,246635747] changed=0 phase=SelectModifierPhase
[log] [coop:resync] presentation settle boundary=wave-start-pre-intro side=enemy desired=visible ids=[] changed=0 phase=SelectModifierPhase
[log] [coop:relay] DELIVER interactionChoice seq=4 -> waiter kind=skip choice=-1 data=-
[log] [coop:relay] AWAIT interactionChoice seq=4 RESOLVE kind=skip choice=-1 data=-
[log] [coop:reward] shop authoritative RESULT applied-before-render kind=REWARD id=1831085709869277:0:REWARD:400000 rev=11 tick=59
[log] [coop:transport] send guest t=coopAck cls=op:global seq=11
[log] [coop:reward] reward op WATCHER materialize retained choice=-1 terminal=true skippedObsolete=0 id=1831085709869277:0:REWARD:400000
[log] [coop:reward] WATCHER applying relayed action seq=4 act=LEAVE choice=-1 data=-
[log] [coop:v2-interaction] terminal proof recorded op=1831085709869277:0:REWARD:400000 role=guest seat=1 duplicate=0 ambient=1
[log] [coop:v2-interaction] phase terminal proof op=1831085709869277:0:REWARD:400000 route=constructor-fallback accepted=1
[log] [coop:interaction] interactionCounter() read -> 4 (role=guest)
[log] [coop:interaction] CoopInteractionTurn.advance INCREMENT (fromCounter=4) counter 4 -> 5
[log] [coop:interaction] advanceInteraction ADVANCED+BROADCAST (fromCounter=4) counter 4 -> 5 role=guest; send interaction screen=__turn__ choice=5
[log] [coop:interaction] SEND counter snapshot reason=advance choice=5 role=guest
[log] [coop:transport] send guest t=interaction screen=__turn__
[log] [coop:owner] ownerOf(counter=5) seat=1 -> owner=guest
[log] [coop:owner] ownerOf(counter=5) seat=1 -> owner=guest
[log] [coop:interaction] interactionCounter() read -> 5 (role=guest)
[log] [coop:reward] advance interaction (role=guest from=4 counter 4 -> 5)
[log] [coop:session] isCoopAuthoritativeGuestGated -> true (authoritative GUEST gates a structural mutation)
[log] [coop:transport] recv host t=coopAck cls=op:global seq=11 handlers=1
[log] [coop:transport] recv host t=interaction screen=__turn__ handlers=1
[log] [coop:interaction] interactionCounter() read -> 5 (role=guest)
[log] [coop:interaction] interactionCounter() read -> 5 (role=guest)
[log] [coop:interaction] RECV interaction broadcast (deferred catch-up net) received=5 localBefore=5 role=guest -> no defer (local >= received)
[warn] [coop:interaction] CoopInteractionTurn.mergeRemote DEFER (remote=5, counter=5, pendingRemote=5) live counter UNCHANGED (folds in at next advance if still ahead)
[log] [coop:owner] ownerOf(counter=5) seat=1 -> owner=guest
[log] [coop:owner] ownerOf(counter=5) seat=1 -> owner=guest
[log] [coop:rendezvous] RECV arrival point=xroads:5 -> BUFFER (no waiter yet) role=guest
[log] [coop:interaction] interactionCounter() read -> 5 (role=guest)
[log] [coop:owner] ownerOf(counter=5) seat=1 -> owner=guest
[log] [coop:owner] isLocalOwnerAtCounter(pinnedCounter=5) parity=1 owner=guest role=guest -> true
[log] [coop:rendezvous] crossroads boundary barrier RENDEZVOUS xroads:5 (#858)
[log] [coop:rendezvous] ARRIVE point=xroads:5 (send) role=guest
[log] [coop:transport] send guest t=rendezvous point=xroads:5
[log] [coop:rendezvous] AWAIT point=xroads:5 -> partner already arrived (buffer-hit) role=guest
[log] [coop:transport] recv host t=rendezvous point=xroads:5 handlers=1
[log] [coop:interaction] interactionCounter() read -> 5 (role=guest)
[log] [coop:owner] ownerOf(counter=5) seat=1 -> owner=guest
[log] [coop:owner] isLocalOwnerAtCounter(pinnedCounter=5) parity=1 owner=guest role=guest -> true
[log] [coop:reward] crossroads owner/watcher decision: pinnedStart=5 role=guest spoof=false -> OWNER (#848)
[log] [coop:interaction] uiMirror beginSession role=owner mode=15 seq=9600005 early=0
[log] [coop:transport] send guest t=coopAck cls=op:global seq=10
[log] [coop:transport] send guest t=battleCheckpointAck reason=replacement e=1831085709869277 wave=2 turn=2 rev=21 stage=continuationReady checksum=695476224cf5eb27
[log] [coop:checkpoint] guest RE-ACK compacted replacement through newer operation key=1831085709869277:2:2:21 operation=WAVE_ADVANCE stateTick=58
[log] [coop:rendezvous] RECV arrival point=xroads:5 -> DUPLICATE (already seen) role=guest
[log] [coop:interaction] uiMirror OWNER send seq=9600005 n=0 button=1 modeBefore=15
[log] [coop:transport] send guest t=uiInput seq=9600005 n=0 button=1 mode=15
[log] [coop:transport] recv host t=uiInput seq=9600005 n=0 button=1 mode=15 handlers=1
[log] [coop:relay] SEND interactionChoice seq=9600005 kind=crossroads kind=? choice=1 data=-
[log] [coop:transport] send guest t=interactionChoice seq=9600005 kind=crossroads choice=1
[warn] [coop:v2-shadow] FAULT tap(INTERACTION_COMMIT): AuthorityLog.commit: entry context is not bound to the local authority
[log] [coop:reward] crossroads OWNER commit moveOn=true pinnedStart=5 (#848)
[log] [coop:v2-interaction] terminal proof recorded op=1831085709869277:1:CROSSROADS_PICK:9600005 role=guest seat=1 duplicate=0 ambient=1
[log] [coop:transport] recv host t=interactionChoice seq=9600005 kind=crossroads choice=1 handlers=1
[log] [coop:relay] DELIVER interactionChoice seq=9600005 -> BUFFER inbox depth=1 kind=crossroads choice=1 data=-
[log] [coop:reward] biome op JOURNAL apply id=1831085709869277:1:CROSSROADS_PICK:9600005 rev=12 (Wave-2e/W2e-R)
[log] [coop:transport] send guest t=coopAck cls=op:global seq=12
[log] [coop:transport] recv host t=coopAck cls=op:global seq=12 handlers=1
[log] [coop:session] isCoopAuthoritativeGuestGated -> true (authoritative GUEST gates a structural mutation)
[log] [coop:v2-interaction] terminal proof recorded op=1831085709869277:1:CROSSROADS_PICK:9600005 role=guest seat=1 duplicate=1 ambient=1
[log] [coop:interaction] interactionCounter() read -> 5 (role=guest)
[log] [coop:interaction] interactionCounter() read -> 5 (role=guest)
[log] [coop:owner] ownerOf(counter=5) seat=1 -> owner=guest
[log] [coop:owner] isLocalOwnerAtCounter(pinnedCounter=5) parity=1 owner=guest role=guest -> true
[log] [coop:session] isCoopAuthoritativeGuestGated -> true (authoritative GUEST gates a structural mutation)
[log] [coop:owner] ownerOf(counter=5) seat=1 -> owner=guest
[log] [coop:owner] isLocalOwnerAtCounter(pinnedCounter=5) parity=1 owner=guest role=guest -> true
[log] [coop:session] isCoopAuthoritativeGuestGated -> true (authoritative GUEST gates a structural mutation)
[log] [coop:owner] ownerOf(counter=5) seat=1 -> owner=guest
[log] [coop:owner] isLocalOwnerAtCounter(pinnedCounter=5) parity=1 owner=guest role=guest -> true
[log] [coop:reward] biome pick owner/watcher decision: pinnedStart=5 role=guest spoof=false chained=true -> OWNER (#848)
[log] [coop:interaction] uiMirror beginSession role=owner mode=54 seq=9700005 early=0
[log] [coop:transport] send guest t=coopAck cls=op:global seq=10
[log] [coop:transport] send guest t=battleCheckpointAck reason=replacement e=1831085709869277 wave=2 turn=2 rev=21 stage=continuationReady checksum=695476224cf5eb27
[log] [coop:checkpoint] guest RE-ACK compacted replacement through newer operation key=1831085709869277:2:2:21 operation=WAVE_ADVANCE stateTick=58
[log] [coop:transport] recv host t=coopAck cls=op:global seq=10 handlers=1
[log] [coop:transport] recv host t=battleCheckpointAck reason=replacement e=1831085709869277 wave=2 turn=2 rev=21 stage=continuationReady checksum=695476224cf5eb27 handlers=1
[log] [coop:reward] biome pick OWNER picked biome=undefined pinnedStart=5 (#848)
[log] [coop:relay] SEND interactionChoice seq=9700005 kind=biomePick kind=? choice=0 data=[1]
[log] [coop:transport] send guest t=interactionChoice seq=9700005 kind=biomePick choice=0
[warn] [coop:v2-shadow] FAULT tap(INTERACTION_COMMIT): AuthorityLog.commit: entry context is not bound to the local authority
[log] [coop:reward] biome pick OWNER relay biome=undefined idx=0 pinnedStart=5 (#864)
[log] [coop:v2-interaction] terminal proof recorded op=1831085709869277:1:BIOME_PICK:9700005 role=guest seat=1 duplicate=0 ambient=1
[log] [coop:transport] recv host t=interactionChoice seq=9700005 kind=biomePick choice=0 handlers=1
[log] [coop:relay] DELIVER interactionChoice seq=9700005 -> BUFFER inbox depth=1 kind=biomePick choice=0 data=[1]
[log] [coop:reward] biome op JOURNAL apply id=1831085709869277:1:BIOME_PICK:9700005 rev=13 (Wave-2e/W2e-R)
[log] [coop:transport] send guest t=coopAck cls=op:global seq=13
[log] [coop:interaction] RECV interaction broadcast (deferred catch-up net) received=6 localBefore=5 role=guest -> WILL DEFER to 6 (folds in at next advance if still ahead)
[warn] [coop:interaction] CoopInteractionTurn.mergeRemote DEFER (remote=6, counter=5, pendingRemote=6) live counter UNCHANGED (folds in at next advance if still ahead)
[log] [coop:owner] ownerOf(counter=5) seat=1 -> owner=guest
[log] [coop:owner] ownerOf(counter=5) seat=1 -> owner=guest
[log] [coop:transport] recv host t=coopAck cls=op:global seq=13 handlers=1
[log] [coop:session] isCoopAuthoritativeGuestGated -> true (authoritative GUEST gates a structural mutation)
[log] [coop:interaction] interactionCounter() read -> 5 (role=guest)
[log] [coop:interaction] CoopInteractionTurn.advance INCREMENT (fromCounter=5) counter 5 -> 6
[log] [coop:interaction] advanceInteraction ADVANCED+BROADCAST (fromCounter=5) counter 5 -> 6 role=guest; send interaction screen=__turn__ choice=6
[log] [coop:interaction] SEND counter snapshot reason=advance choice=6 role=guest
[log] [coop:transport] send guest t=interaction screen=__turn__
[log] [coop:owner] ownerOf(counter=6) seat=0 -> owner=host
[log] [coop:owner] ownerOf(counter=6) seat=0 -> owner=host
[log] [coop:interaction] interactionCounter() read -> 6 (role=guest)
[log] [coop:reward] advance interaction from CONTINUATION commit (role=guest from=5 counter 5 -> 6)
[log] [coop:interaction] interactionCounter() read -> 6 (role=guest)
[log] [coop:v2-interaction] terminal proof recorded op=1831085709869277:1:BIOME_PICK:9700005 role=guest seat=1 duplicate=1 ambient=1
[log] [coop:transport] recv host t=interaction screen=__turn__ handlers=1
[log] [coop:interaction] interactionCounter() read -> 6 (role=guest)
[log] [coop:stream] guest RECV ghostPool count=0 -> handler
[log] [coop:transport] recv guest t=enemyPartySync wave=6 enemies=2 battleType=0 handlers=1
[log] [coop:replay] guest RECV enemyPartySync wave=6 count=2 -> buffered (no waiter)
[log] [coop:replay] guest RECV entry presentation wave=6 stateTick=63 events=6 buffered
[log] [coop:replay] guest RECV enemyPartySync wave=6 count=2 -> buffered (no waiter)
[log] [coop:rendezvous] RECV arrival point=cmd:6:1 -> BUFFER (no waiter yet) role=guest
[log] [coop:session] isCoopAuthoritativeGuestGated -> true (authoritative GUEST gates a structural mutation)
[log] [coop:battletype] wave=6 HOST verdict: WILD - adopting (#867)
[log] [coop:me] wave=6 HOST verdict: NO ME - local presence roll suppressed (#862)
[log] [coop:session] isCoopAuthoritativeGuestGated -> true (authoritative GUEST gates a structural mutation)
[log] [coop:session] isCoopAuthoritativeGuestGated -> true (authoritative GUEST gates a structural mutation)
[log] [coop:stream] guest consumeEnemyParty wave=6 -> 2 enemies
[log] [coop:enemy] buildCoopEnemy ADOPT trainerSlot=0 species=821 form=0 lv=5 abilityIdx=0 nature=0 gender=1 shiny=false tera=0:2 hp=20/20 moves=4 heldItems=0
[log] [coop:enemy] buildCoopEnemy ADOPT trainerSlot=0 species=263 form=0 lv=5 abilityIdx=0 nature=0 gender=0 shiny=false tera=0:0 hp=20/20 moves=4 heldItems=0
[log] [coop:adopt] erMoneyStreaks host entries=1 -> restored (#837/#348)
[log] [coop:adopt] biomeOverstayAnchor host=null -> restored (#837/#504)
[log] [coop:adopt] erBiomeStructure host length=17 startWave=6 -> restored (#841 item 5)
[log] [coop:adopt] erRelicBattleState host wave=6 -> restored (#837)
[log] [coop:adopt] erLastGenericTrainerType host=none -> restored
[log] [coop:adopt] erMapState host nodes=2 travelTarget=- fragments=0 -> restored (#865/#841 item 1)
[log] [coop:adopt] erPendingNodes host count=6 revealed=2 -> restored (#865)
[log] [coop:resync] guest apply authoritativeState tick=63 wave=6 turn=1 party=6/2 field=4
[log] [coop:resync] presentation settle boundary=resync-stable side=player desired=visible ids=[2617448572,246635747] changed=0 phase=NewBiomeEncounterPhase
[log] [coop:resync] presentation settle boundary=resync-stable side=enemy desired=visible ids=[2390460025,2701493658] changed=2 phase=NewBiomeEncounterPhase
[log] [coop:resync] render differ: newly presented id=2390460025 key=pkmn__821 -> load atlas
[log] [coop:resync] render differ: newly presented id=2701493658 key=pkmn__263 -> load atlas
[log] [coop:resync] presentation settle boundary=launch-ready side=player desired=visible ids=[2617448572,246635747] changed=0 phase=NewBiomeEncounterPhase
[log] [coop:resync] presentation settle boundary=encounter-summon side=enemy desired=visible ids=[2390460025,2701493658] changed=2 phase=NewBiomeEncounterPhase
[log] [coop:session] isCoopAuthoritativeGuestGated -> true (authoritative GUEST gates a structural mutation)
[log] [coop:session] isCoopAuthoritativeGuestGated -> true (authoritative GUEST gates a structural mutation)
[log] [coop:session] isCoopAuthoritativeGuestGated -> true (authoritative GUEST gates a structural mutation)
[log] [coop:session] isCoopAuthoritativeGuestGated -> true (authoritative GUEST gates a structural mutation)
[log] [coop:session] isCoopAuthoritativeGuestGated -> true (authoritative GUEST gates a structural mutation)
[log] [coop:session] isCoopAuthoritativeGuestGated -> true (authoritative GUEST gates a structural mutation)
[log] [coop:replay] guest replay turn=1: awaiting retained entry presentation
[warn] [coop:resync] authoritativeState tick=63 STALE (lastApplied=63) -> REJECTED (#807)
[log] [coop:adopt] erMoneyStreaks host entries=1 -> restored (#837/#348)
[log] [coop:adopt] biomeOverstayAnchor host=null -> restored (#837/#504)
[log] [coop:adopt] erBiomeStructure host length=17 startWave=6 -> restored (#841 item 5)
[log] [coop:adopt] erRelicBattleState host wave=6 -> restored (#837)
[log] [coop:adopt] erLastGenericTrainerType host=none -> restored
[log] [coop:adopt] erMapState host nodes=2 travelTarget=- fragments=0 -> restored (#865/#841 item 1)
[log] [coop:adopt] erPendingNodes host count=6 revealed=2 -> restored (#865)
[log] [coop:resync] guest reassert authoritativeState tick=63 wave=6 turn=1 party=6/2 field=4
[log] [coop:resync] presentation settle boundary=resync-stable side=player desired=visible ids=[2617448572,246635747] changed=0 phase=CoopReplayTurnPhase
[log] [coop:resync] presentation settle boundary=resync-stable side=enemy desired=visible ids=[2390460025,2701493658] changed=0 phase=CoopReplayTurnPhase
[log] [coop:replay] guest replay turn=1: rendering 6 event(s)
[log] [coop:replay] guest replay turn=1: present k=showAbility
[log] [coop:session] isCoopAuthoritativeGuestGated -> true (authoritative GUEST gates a structural mutation)
[log] [coop:replay] guest replay turn=1: present k=message
[log] [coop:turn] host recorder: append turn=1 seq=6 k=message total=7 live=true
[log] [coop:replay] guest replay turn=1: present k=statStage
[log] [coop:session] isCoopAuthoritativeGuestGated -> true (authoritative GUEST gates a structural mutation)
[log] [coop:replay] guest replay turn=1: present k=message
[log] [coop:turn] host recorder: append turn=1 seq=7 k=message total=8 live=true
[log] [coop:replay] guest replay turn=1: present k=statStage
[log] [coop:session] isCoopAuthoritativeGuestGated -> true (authoritative GUEST gates a structural mutation)
[log] [coop:replay] guest replay turn=1: present k=hideAbility
[log] [coop:session] isCoopAuthoritativeGuestGated -> true (authoritative GUEST gates a structural mutation)
[log] [coop:replay] guest replay turn=1: rendered phases [showAbility=1 message=2 statStage=2 hideAbility=1]
[log] [coop:replay] guest replay turn=1: retained entry presentation queued stateTick=63 events=6; awaiting exact outcome proof
[log] [coop:session] isCoopAuthoritativeGuestGated -> true (authoritative GUEST gates a structural mutation)
[log] [coop:replay] present statStage bi=0 stat=3 -> -1
[log] [coop:replay] present statStage bi=0 stat=3 set to -1 NO tween (delta=0 anims=false)
[log] [coop:replay] present statStage bi=1 stat=3 -> -1
[log] [coop:replay] present statStage bi=1 stat=3 set to -1 NO tween (delta=0 anims=false)
[log] [coop:replay] guest pre-command presentation PROVED wave=6 turn=1 events=6
[log] [coop:stream] guest consumeEnemyParty wave=6 -> null (buffered=none)
[log] [coop:battle] CommandPhase slot=0 turn=1 owner=host role=guest -> partner path
[log] [coop:stream] guest consumeEnemyParty wave=6 -> null (buffered=none)
[log] [coop:rendezvous] ARRIVE point=cmd:6:1 (send) role=guest
[log] [coop:transport] send guest t=rendezvous point=cmd:6:1
[log] [coop:rendezvous] next-command barrier cmd:6:1 SYNC pass (partner already arrived)
[log] [coop:stream] guest consumeEnemyParty wave=6 -> null (buffered=none)
[log] [coop:transport] send guest t=coopAck cls=op:global seq=11
[log] [coop:transport] send guest t=coopAck cls=op:global seq=11
[log] [coop:transport] send guest t=coopAck cls=op:global seq=12
[log] [coop:transport] send guest t=coopAck cls=op:global seq=12
[log] [coop:transport] send guest t=coopAck cls=op:global seq=13
[log] [coop:transport] send guest t=coopAck cls=op:global seq=13
[log] [coop:transport] recv host t=rendezvous point=cmd:6:1 handlers=1
[log] [coop:transport] recv host t=coopAck cls=op:global seq=11 handlers=1
[log] [coop:transport] recv host t=coopAck cls=op:global seq=11 handlers=1
[log] [coop:transport] recv host t=coopAck cls=op:global seq=12 handlers=1
[log] [coop:transport] recv host t=coopAck cls=op:global seq=12 handlers=1
[log] [coop:transport] recv host t=coopAck cls=op:global seq=13 handlers=1
[log] [coop:transport] recv host t=coopAck cls=op:global seq=13 handlers=1
[log] [coop:rendezvous] RECV arrival point=cmd:6:1 -> DUPLICATE (already seen) role=guest
[log] [coop:replay] guest IGNORE duplicate consumed entry presentation wave=6
[log] [coop:replay] guest RECV enemyPartySync wave=6 count=2 -> buffered (no waiter)
[log] [coop:interaction] interactionCounter() read -> 6 (role=guest)
[log] [coop:checksum] capture digest=9764bc29bb637b5f field=4 biome=1 seed=coop-soak-20260831 weather=0 terrain=0 money=110 party=[149,248,143,94,376,445] partyLevels=[65,65,65,65,65,65] arenaTags=0 modifiers=2 heldItemsDigest=0 pokeballs=[0:10,1:0,2:0,3:0,4:0] mons=[bi0:sp149/hp212-213/st0/ab5013/form0/tera0:15/boss0:0 bi1:sp248/hp225-225/st0/ab5101/form0/tera0:5/boss0:0 bi2:sp821/hp20-20/st0/ab5067/form0/tera0:2/boss0:0 bi3:sp263/hp20-20/st0/ab5109/form0/tera0:0/boss0:0]
[log] [coop:interaction] interactionCounter() read -> 6 (role=guest)
[log] [coop:replay] guest IGNORE duplicate consumed entry presentation wave=6
[log] [coop:replay] guest RECV enemyPartySync wave=6 count=2 -> buffered (no waiter)
[log] [coop:replay] guest RECV turnResolution e=1831085709869277 wave=6 turn=1 events=15 checksum=044596c652d90daf -> buffered (no waiter)
[log] [coop:session] isCoopAuthoritativeGuestGated -> true (authoritative GUEST gates a structural mutation)
[log] [coop:replay] guest replay turn=1: live pump start mode=turn
[log] [coop:replay] guest replay turn=1: advance local watermark 0->6
[log] [coop:session] isCoopAuthoritativeGuestGated -> true (authoritative GUEST gates a structural mutation)
[log] [coop:transport] send guest t=requestTurnCommit e=1831085709869277 wave=6 turn=1 rev=pending
[log] [coop:transport] send guest t=requestTurnCommit e=1831085709869277 wave=6 turn=1 rev=68
[log] [coop:replay] guest awaitTurn turn=1 RESOLVE (buffered race) events=15
[log] [coop:transport] recv host t=requestTurnCommit e=1831085709869277 wave=6 turn=1 rev=pending handlers=1
[log] [coop:transport] send host t=turnResolution e=1831085709869277 wave=6 turn=1 rev=68 events=15 checksum=044596c652d90daf
[log] [coop:transport] recv host t=requestTurnCommit e=1831085709869277 wave=6 turn=1 rev=68 handlers=1
[log] [coop:transport] send host t=turnResolution e=1831085709869277 wave=6 turn=1 rev=68 events=15 checksum=044596c652d90daf
[log] [coop:transport] recv guest t=turnResolution e=1831085709869277 wave=6 turn=1 rev=68 events=15 checksum=044596c652d90daf handlers=1
[log] [coop:transport] recv guest t=turnResolution e=1831085709869277 wave=6 turn=1 rev=68 events=15 checksum=044596c652d90daf handlers=1
[log] [coop:replay] guest consume live events turn=1 count=0
[log] [coop:replay] guest replay turn=1: RESOLVE renderedLive=6 remaining=9 batch=15
[log] [coop:replay] guest replay turn=1: rendering 9 event(s)
[log] [coop:replay] guest replay turn=1: present k=message
[log] [coop:replay] guest replay turn=1: present k=message
[log] [coop:replay] guest replay turn=1: present k=switch
[log] [coop:session] isCoopAuthoritativeGuestGated -> true (authoritative GUEST gates a structural mutation)
[log] [coop:replay] guest replay turn=1: present k=moveUsed
[log] [coop:replay] guest replay turn=1: present k=moveAnim
[log] [coop:session] isCoopAuthoritativeGuestGated -> true (authoritative GUEST gates a structural mutation)
[log] [coop:replay] guest replay turn=1: present k=hp
[log] [coop:session] isCoopAuthoritativeGuestGated -> true (authoritative GUEST gates a structural mutation)
[log] [coop:replay] guest replay turn=1: present k=faint
[log] [coop:session] isCoopAuthoritativeGuestGated -> true (authoritative GUEST gates a structural mutation)
[log] [coop:replay] guest replay turn=1: present k=moveUsed
[log] [coop:replay] guest replay turn=1: present k=message
[log] [coop:replay] guest replay turn=1: rendered phases [message=3 switch=1 moveUsed=2 moveAnim=1 hp=1 faint=1]
[log] [coop:replay] guest replay turn=1: unshift CoopFinalizeTurnPhase (checkpoint apply deferred)
[log] [coop:session] isCoopAuthoritativeGuestGated -> true (authoritative GUEST gates a structural mutation)
[log] [coop:stream] guest IGNORE idempotent turn duplicate e=1831085709869277 wave=6 turn=1 rev=68
[log] [coop:stream] guest IGNORE idempotent turn duplicate e=1831085709869277 wave=6 turn=1 rev=68
[log] [coop:replay] present move bi=0 moveId=53 targets=1
[log] [coop:replay] present hp bi=2 20->0/20
[log] [coop:replay] present faint bi=2 narrate=true
[log] [coop:checkpoint] guest apply field=4 weather=0 terrain=0 arenaTags=0
[log] [coop:session] isCoopAuthoritativeGuestGated -> true (authoritative GUEST gates a structural mutation)
[log] [coop:adopt] erMoneyStreaks host entries=1 -> restored (#837/#348)
[log] [coop:adopt] biomeOverstayAnchor host=null -> restored (#837/#504)
[log] [coop:adopt] erBiomeStructure host length=17 startWave=6 -> restored (#841 item 5)
[log] [coop:adopt] erRelicBattleState host wave=6 -> restored (#837)
[log] [coop:adopt] erLastGenericTrainerType host=none -> restored
[log] [coop:adopt] erMapState host nodes=2 travelTarget=- fragments=0 -> restored (#865/#841 item 1)
[log] [coop:adopt] erPendingNodes host count=6 revealed=2 -> restored (#865)
[log] [coop:resync] guest apply authoritativeState tick=68 wave=6 turn=1 party=6/2 field=4
[log] [coop:resync] presentation settle boundary=resync-stable side=player desired=visible ids=[2617448572,1003306279] changed=0 phase=CoopFinalizeTurnPhase
[log] [coop:resync] presentation settle boundary=resync-stable side=enemy desired=visible ids=[2701493658] changed=0 phase=CoopFinalizeTurnPhase
[log] [coop:interaction] interactionCounter() read -> 6 (role=guest)
[log] [coop:checksum] capture digest=044596c652d90daf field=4 biome=1 seed=coop-soak-20260831 weather=0 terrain=0 money=110 party=[149,445,143,94,376,248] partyLevels=[65,65,65,65,65,65] arenaTags=0 modifiers=2 heldItemsDigest=0 pokeballs=[0:10,1:0,2:0,3:0,4:0] mons=[bi0:sp149/hp212-213/st0/ab5013/form0/tera0:15/boss0:0 bi1:sp445/hp233-235/st0/ab5066/form0/tera0:15/boss0:0 bi2:sp821/hp0-20/st7/ab5067/form0/tera0:2/boss0:0 bi3:sp263/hp20-20/st0/ab5109/form0/tera0:0/boss0:0]
[log] [coop:transport] send guest t=turnCommitAck e=1831085709869277 wave=6 turn=1 rev=68 stage=materialApplied checksum=044596c652d90daf
[log] [coop:stream] guest ACK turn stage=materialApplied e=1831085709869277 wave=6 turn=1 rev=68
[log] [coop:checksum] guest finalize materialApplied e=1831085709869277 wave=6 turn=1 rev=68
[log] [coop:transport] recv host t=turnCommitAck e=1831085709869277 wave=6 turn=1 rev=68 stage=materialApplied checksum=044596c652d90daf handlers=1
[log] [coop:stream] host ACCEPT turn ACK stage=materialApplied key=1831085709869277:6:1:68
[log] [coop:transport] send guest t=turnCommitAck e=1831085709869277 wave=6 turn=1 rev=68 stage=presentationReady checksum=044596c652d90daf
[log] [coop:stream] guest ACK turn stage=presentationReady e=1831085709869277 wave=6 turn=1 rev=68
[log] [coop:checksum] guest finalize presentationReady e=1831085709869277 wave=6 turn=1 rev=68
[log] [coop:replay] guest finalize turn=1: END (checkpoint applied, turn-end queued)
[log] [coop:transport] recv host t=turnCommitAck e=1831085709869277 wave=6 turn=1 rev=68 stage=presentationReady checksum=044596c652d90daf handlers=1
[log] [coop:stream] host ACCEPT turn ACK stage=presentationReady key=1831085709869277:6:1:68
[log] [coop:rendezvous] ARRIVE point=cmd:6:2 (send) role=guest
[log] [coop:transport] send guest t=rendezvous point=cmd:6:2
[log] [coop:transport] recv host t=rendezvous point=cmd:6:2 handlers=1
[log] [coop:rendezvous] RECV arrival point=cmd:6:2 -> BUFFER (no waiter yet) role=host
[log] [coop:rendezvous] RECV arrival point=cmd:6:2 -> BUFFER (no waiter yet) role=guest
[log] [coop:session] isCoopAuthoritativeGuestGated -> true (authoritative GUEST gates a structural mutation)
[log] [coop:session] isCoopAuthoritativeGuestGated -> true (authoritative GUEST gates a structural mutation)
[log] [coop:session] isCoopAuthoritativeGuestGated -> true (authoritative GUEST gates a structural mutation)
[log] [coop:session] isCoopAuthoritativeGuestGated -> true (authoritative GUEST gates a structural mutation)
[log] [coop:session] isCoopAuthoritativeGuestGated -> true (authoritative GUEST gates a structural mutation)
[log] [coop:battle] CommandPhase slot=0 turn=2 owner=host role=guest -> partner path
[log] [coop:rendezvous] next-command barrier cmd:6:2 SYNC pass (partner already arrived)
[log] [coop:transport] send guest t=turnCommitAck e=1831085709869277 wave=6 turn=1 rev=68 stage=continuationReady checksum=044596c652d90daf
[log] [coop:stream] guest ACK turn stage=continuationReady e=1831085709869277 wave=6 turn=1 rev=68
[log] [coop:stream] guest continuation surface=command e=1831085709869277 wave=6 turn=2 waiting=1 released=1
[log] [coop:transport] recv host t=turnCommitAck e=1831085709869277 wave=6 turn=1 rev=68 stage=continuationReady checksum=044596c652d90daf handlers=1
[log] [coop:replay] guest RECV turnResolution e=1831085709869277 wave=6 turn=2 events=5 checksum=409df71dbcd14213 -> buffered (no waiter)
[log] [coop:replay] guest RECV waveResolved wave=6 outcome=win transition=WAVE_VICTORY/next7/biome0/egg1/wild
[log] [coop:runtime] recv waveResolved wave=6 outcome=win role=guest netcode=authoritative
[log] [coop:runtime] ignore raw waveResolved for correctness wave=6 outcome=win; awaiting retained transaction
[log] [coop:session] isCoopAuthoritativeGuestGated -> true (authoritative GUEST gates a structural mutation)
[log] [coop:replay] guest replay turn=2: live pump start mode=turn
[log] [coop:transport] send guest t=requestTurnCommit e=1831085709869277 wave=6 turn=2 rev=pending
[log] [coop:transport] send guest t=requestTurnCommit e=1831085709869277 wave=6 turn=2 rev=71
[log] [coop:replay] guest awaitTurn turn=2 RESOLVE (buffered race) events=5
[log] [coop:transport] recv host t=requestTurnCommit e=1831085709869277 wave=6 turn=2 rev=pending handlers=1
[log] [coop:transport] send host t=turnResolution e=1831085709869277 wave=6 turn=2 rev=71 events=5 checksum=409df71dbcd14213
[log] [coop:transport] recv host t=requestTurnCommit e=1831085709869277 wave=6 turn=2 rev=71 handlers=1
[log] [coop:transport] send host t=turnResolution e=1831085709869277 wave=6 turn=2 rev=71 events=5 checksum=409df71dbcd14213
[log] [coop:transport] recv guest t=turnResolution e=1831085709869277 wave=6 turn=2 rev=71 events=5 checksum=409df71dbcd14213 handlers=1
[log] [coop:transport] recv guest t=turnResolution e=1831085709869277 wave=6 turn=2 rev=71 events=5 checksum=409df71dbcd14213 handlers=1
[log] [coop:replay] guest consume live events turn=2 count=0
[log] [coop:replay] guest replay turn=2: RESOLVE renderedLive=0 remaining=5 batch=5
[log] [coop:replay] guest replay turn=2: rendering 5 event(s)
[log] [coop:replay] guest replay turn=2: present k=moveUsed
[log] [coop:replay] guest replay turn=2: present k=moveAnim
[log] [coop:session] isCoopAuthoritativeGuestGated -> true (authoritative GUEST gates a structural mutation)
[log] [coop:replay] guest replay turn=2: present k=hp
[log] [coop:session] isCoopAuthoritativeGuestGated -> true (authoritative GUEST gates a structural mutation)
[log] [coop:replay] guest replay turn=2: present k=faint
[log] [coop:session] isCoopAuthoritativeGuestGated -> true (authoritative GUEST gates a structural mutation)
[log] [coop:replay] guest replay turn=2: present k=message
[log] [coop:replay] guest replay turn=2: rendered phases [moveUsed=1 moveAnim=1 hp=1 faint=1 message=1]
[log] [coop:replay] guest replay turn=2: unshift CoopFinalizeTurnPhase (checkpoint apply deferred)
[log] [coop:session] isCoopAuthoritativeGuestGated -> true (authoritative GUEST gates a structural mutation)
[log] [coop:stream] guest IGNORE idempotent turn duplicate e=1831085709869277 wave=6 turn=2 rev=71
[log] [coop:stream] guest IGNORE idempotent turn duplicate e=1831085709869277 wave=6 turn=2 rev=71
[log] [coop:replay] present move bi=1 moveId=85 targets=1
[log] [coop:replay] present hp bi=3 20->0/20
[log] [coop:replay] present faint bi=3 narrate=true
[log] [coop:checkpoint] guest apply field=4 weather=0 terrain=0 arenaTags=0
[log] [coop:session] isCoopAuthoritativeGuestGated -> true (authoritative GUEST gates a structural mutation)
[log] [coop:adopt] erMoneyStreaks host entries=1 -> restored (#837/#348)
[log] [coop:adopt] biomeOverstayAnchor host=null -> restored (#837/#504)
[log] [coop:adopt] erBiomeStructure host length=17 startWave=6 -> restored (#841 item 5)
[log] [coop:adopt] erRelicBattleState host wave=6 -> restored (#837)
[log] [coop:adopt] erLastGenericTrainerType host=none -> restored
[log] [coop:adopt] erMapState host nodes=2 travelTarget=- fragments=0 -> restored (#865/#841 item 1)
[log] [coop:adopt] erPendingNodes host count=6 revealed=2 -> restored (#865)
[log] [coop:resync] guest apply authoritativeState tick=71 wave=6 turn=2 party=6/2 field=4
[log] [coop:resync] presentation settle boundary=resync-stable side=player desired=visible ids=[2617448572,1003306279] changed=0 phase=CoopFinalizeTurnPhase
[log] [coop:resync] presentation settle boundary=wave-start-pre-intro side=enemy desired=visible ids=[] changed=0 phase=CoopFinalizeTurnPhase
[log] [coop:interaction] interactionCounter() read -> 6 (role=guest)
[log] [coop:checksum] capture digest=409df71dbcd14213 field=4 biome=1 seed=coop-soak-20260831 weather=0 terrain=0 money=110 party=[149,445,143,94,376,248] partyLevels=[65,65,65,65,65,65] arenaTags=0 modifiers=2 heldItemsDigest=0 pokeballs=[0:10,1:0,2:0,3:0,4:0] mons=[bi0:sp149/hp212-213/st0/ab5013/form0/tera0:15/boss0:0 bi1:sp445/hp233-235/st0/ab5066/form0/tera0:15/boss0:0 bi2:sp821/hp0-20/st7/ab5067/form0/tera0:2/boss0:0 bi3:sp263/hp0-20/st7/ab5109/form0/tera0:0/boss0:0]
[log] [coop:transport] send guest t=turnCommitAck e=1831085709869277 wave=6 turn=2 rev=71 stage=materialApplied checksum=409df71dbcd14213
[log] [coop:stream] guest ACK turn stage=materialApplied e=1831085709869277 wave=6 turn=2 rev=71
[log] [coop:checksum] guest finalize materialApplied e=1831085709869277 wave=6 turn=2 rev=71
[log] [coop:transport] recv host t=turnCommitAck e=1831085709869277 wave=6 turn=2 rev=71 stage=materialApplied checksum=409df71dbcd14213 handlers=1
[log] [coop:stream] host ACCEPT turn ACK stage=materialApplied key=1831085709869277:6:2:71
[log] [coop:transport] send guest t=turnCommitAck e=1831085709869277 wave=6 turn=2 rev=71 stage=presentationReady checksum=409df71dbcd14213
[log] [coop:stream] guest ACK turn stage=presentationReady e=1831085709869277 wave=6 turn=2 rev=71
[log] [coop:checksum] guest finalize presentationReady e=1831085709869277 wave=6 turn=2 rev=71
[log] [coop:replay] guest finalize turn=2: END (checkpoint applied, turn-end queued)
[log] [coop:transport] recv host t=turnCommitAck e=1831085709869277 wave=6 turn=2 rev=71 stage=presentationReady checksum=409df71dbcd14213 handlers=1
[log] [coop:stream] host ACCEPT turn ACK stage=presentationReady key=1831085709869277:6:2:71
[log] [coop:interaction] interactionCounter() read -> 6 (role=host)
[log] [coop:stream] guest admitted WAVE_ADVANCE continuation e=1831085709869277 wave=6
[log] [coop:runtime] wave-advance JOURNAL bootstrap wave=6 outcome=win (ACK withheld)
[log] [coop:runtime] wave-advance JOURNAL queued safe-boundary wake wave=6 unparkedReplay=0
[log] [coop:runtime] wave-advance op JOURNAL cursor-advanced id=1831085709869277:0:WAVE_ADVANCE:6 rev=14 dataApplied=false continuationReady=false (DATA applies at BattleEnd; retained ACK awaits DATA + destination continuation)
[log] [coop:transport] send guest t=coopAck cls=op:global seq=14
[log] [coop:replay] guest RECV waveEndState wave=6 tick=72
[log] [coop:runtime] ignore raw waveEndState for correctness wave=6 tick=72
[log] [coop:relay] RECV rewardOptions key=6:0 -> BUFFER rewardOptionsInbox (latest-wins) count=3
[log] [coop:rendezvous] RECV arrival point=shop:6:6 -> BUFFER (no waiter yet) role=guest
[log] [coop:transport] recv host t=coopAck cls=op:global seq=14 handlers=1
[log] [coop:session] isCoopAuthoritativeGuestGated -> true (authoritative GUEST gates a structural mutation)
[log] [coop:session] isCoopAuthoritativeGuestGated -> true (authoritative GUEST gates a structural mutation)
[log] [coop:session] isCoopAuthoritativeGuestGated -> true (authoritative GUEST gates a structural mutation)
[log] [coop:session] isCoopAuthoritativeGuestGated -> true (authoritative GUEST gates a structural mutation)
[log] [coop:session] isCoopAuthoritativeGuestGated -> true (authoritative GUEST gates a structural mutation)
[log] [coop:runtime] consume wave-advance wave=6 outcome=win transition=WAVE_VICTORY/next7/biome0/egg1/wild (lastResolved 5 -> 6)
[log] [coop:replay] guest wave-advance outcome=win wave=6 next=WAVE_VICTORY/wave7 biomeChange=false eggLapse=true victoryKind=wild battleType=WILD queues=VictoryPhase (host-stated)
[warn] [coop:replay] guest wave-advance wave=6: replacing speculative future queue [CommandPhase,CommandPhase,TurnStartPhase]
[log] [coop:session] isCoopAuthoritativeGuestGated -> true (authoritative GUEST gates a structural mutation)
[log] [coop:progression] GUEST applyPartyExp SKIP wave=6 koMon=Zigzagoon (awaiting host waveEndState)
[log] [coop-diag] VictoryPhase win-branch role=guest battleType=WILD queuesTrainerVictory=false queuesSelectModifier=true wave=6
[log] [coop:session] isCoopAuthoritativeGuestGated -> true (authoritative GUEST gates a structural mutation)
[log] [coop:session] isCoopAuthoritativeGuestGated -> true (authoritative GUEST gates a structural mutation)
[log] [coop-diag] VictoryTail role=guest wave=6 source=host-stated trainer=false egg=true biomeShop=false biomeChange=false crossroads=false nextWave=7
[log] [coop:session] isCoopAuthoritativeGuestGated -> true (authoritative GUEST gates a structural mutation)
[log] [coop:session] isCoopAuthoritativeGuestGated -> true (authoritative GUEST gates a structural mutation)
[log] [coop:session] isCoopAuthoritativeGuestGated -> true (authoritative GUEST gates a structural mutation)
[log] [coop:adopt] erMoneyStreaks host entries=1 -> restored (#837/#348)
[log] [coop:adopt] biomeOverstayAnchor host=null -> restored (#837/#504)
[log] [coop:adopt] erBiomeStructure host length=17 startWave=6 -> restored (#841 item 5)
[log] [coop:adopt] erRelicBattleState host wave=6 -> restored (#837)
[log] [coop:adopt] erLastGenericTrainerType host=none -> restored
[log] [coop:adopt] erMapState host nodes=2 travelTarget=- fragments=0 -> restored (#865/#841 item 1)
[log] [coop:adopt] erPendingNodes host count=6 revealed=2 -> restored (#865)
[log] [coop:resync] guest apply authoritativeState tick=72 wave=6 turn=3 party=6/2 field=4
[log] [coop:resync] presentation settle boundary=resync-stable side=player desired=visible ids=[2617448572,1003306279] changed=0 phase=BattleEndPhase
[log] [coop:resync] presentation settle boundary=wave-start-pre-intro side=enemy desired=visible ids=[] changed=0 phase=BattleEndPhase
[log] [coop:runtime] wave-advance retained DATA boundary admitted wave=6
[log] [coop:progression] retained WAVE_ADVANCE DATA applied wave=6 tick=72
[log] [coop:progression] GUEST retained WAVE_ADVANCE BattleEnd release wave=6
[log] [coop:progression] GUEST automatic victory settlement admitted wave=6 turn=3
[log] [coop:interaction] interactionCounter() read -> 6 (role=guest)
[log] [coop:checksum] capture digest=3177d6b6da33de42 field=4 biome=1 seed=coop-soak-20260831 weather=0 terrain=0 money=110 party=[149,445,143,94,376,248] partyLevels=[65,65,65,65,65,65] arenaTags=0 modifiers=2 heldItemsDigest=0 pokeballs=[0:10,1:0,2:0,3:0,4:0] mons=[bi0:sp149/hp212-213/st0/ab5013/form0/tera0:15/boss0:0 bi1:sp445/hp233-235/st0/ab5066/form0/tera0:15/boss0:0 bi2:sp821/hp0-20/st7/ab5067/form0/tera0:2/boss0:0 bi3:sp263/hp0-20/st7/ab5109/form0/tera0:0/boss0:0]
[log] [coop:interaction] interactionCounter() read -> 6 (role=guest)
[log] [coop:owner] ownerOf(counter=6) seat=0 -> owner=host
[log] [coop:owner] isLocalOwnerAtCounter(pinnedCounter=6) parity=0 owner=host role=guest -> false
[log] [coop:interaction] interactionCounter() read -> 6 (role=guest)
[log] [coop:reward] owner/watcher decision: pinnedStart=6 liveCounter=6 parity=0 role=guest pick=WATCHER option=ADOPT spoof=false
[log] [coop:rendezvous] ARRIVE point=shop:6:6 (send) role=guest
[log] [coop:transport] send guest t=rendezvous point=shop:6:6
[log] [coop:reward] WATCHER waits for partner's reward picks (start=6 role=guest wave=6)
[log] [coop:reward] WATCHER awaiting owner reward options (start=6 reroll=0 localCount=0)
[log] [coop:relay] AWAIT rewardOptions key=6:0 timeoutMs=1200000 -> BUFFER-HIT resolve count=3
[log] [coop:transport] recv host t=rendezvous point=shop:6:6 handlers=1
[log] [coop:shop] reconstructRewardOptions OK count=3 ids=[VOUCHER,BERRY,ER_UPGRADED_MAP]
[log] [coop:reward] WATCHER ADOPTED owner reward options (was=0 now=3 ids=[VOUCHER,BERRY,ER_UPGRADED_MAP])
[log] [coop:transport] send guest t=turnCommitAck e=1831085709869277 wave=6 turn=2 rev=71 stage=continuationReady checksum=409df71dbcd14213
[log] [coop:stream] guest ACK turn stage=continuationReady e=1831085709869277 wave=6 turn=2 rev=71
[log] [coop:stream] guest continuation surface=sharedInput e=1831085709869277 wave=6 turn=3 waiting=1 released=1
[log] [coop:transport] recv host t=turnCommitAck e=1831085709869277 wave=6 turn=2 rev=71 stage=continuationReady checksum=409df71dbcd14213 handlers=1
[log] [coop:progression] retained WAVE_ADVANCE continuationReady wave=6
[log] [coop:transport] send guest t=coopAck cls=op:global seq=14
[log] [coop:transport] send guest t=coopAck cls=op:global seq=14
[log] [coop:transport] send guest t=coopAck cls=op:global seq=14
[log] [coop:transport] send guest t=battleCheckpointAck reason=replacement e=1831085709869277 wave=2 turn=2 rev=21 stage=continuationReady checksum=695476224cf5eb27
[log] [coop:checkpoint] guest RE-ACK compacted replacement through newer operation key=1831085709869277:2:2:21 operation=WAVE_ADVANCE stateTick=72
[log] [coop:interaction] mirror begin role=watcher mirrorSeq=384 interactionStart=6 reroll=0
[log] [coop:interaction] uiMirror beginSession role=watcher mode=6 seq=384 early=0
[log] [coop:transport] recv host t=coopAck cls=op:global seq=14 handlers=1
[log] [coop:transport] recv host t=coopAck cls=op:global seq=14 handlers=1
[log] [coop:transport] recv host t=coopAck cls=op:global seq=14 handlers=1
[log] [coop:transport] recv host t=battleCheckpointAck reason=replacement e=1831085709869277 wave=2 turn=2 rev=21 stage=continuationReady checksum=695476224cf5eb27 handlers=1
[log] [coop:relay] AWAIT interactionChoice seq=6 timeoutMs=1200000 expected=[reward,shop,skip,reroll,check,transfer,lock] -> network-wait
[log] [coop:transport] recv guest t=envelope t=envelope handlers=1
[log] [coop:transport] send guest t=coopAck cls=op:global seq=14
[log] [coop:transport] send guest t=coopAck cls=op:global seq=14
[log] [coop:transport] send guest t=coopAck cls=op:global seq=14
[log] [coop:transport] recv host t=coopAck cls=op:global seq=14 handlers=1
[log] [coop:transport] recv host t=coopAck cls=op:global seq=14 handlers=1
[log] [coop:transport] recv host t=coopAck cls=op:global seq=14 handlers=1
[log] [coop:rendezvous] RECV arrival point=shop:6:6 -> DUPLICATE (already seen) role=guest
[log] [coop:adopt] erMoneyStreaks host entries=1 -> restored (#837/#348)
[log] [coop:adopt] biomeOverstayAnchor host=null -> restored (#837/#504)
[log] [coop:adopt] erBiomeStructure host length=17 startWave=6 -> restored (#841 item 5)
[log] [coop:adopt] erRelicBattleState host wave=6 -> restored (#837)
[log] [coop:adopt] erLastGenericTrainerType host=none -> restored
[log] [coop:adopt] erMapState host nodes=2 travelTarget=- fragments=0 -> restored (#865/#841 item 1)
[log] [coop:adopt] erPendingNodes host count=6 revealed=2 -> restored (#865)
[log] [coop:resync] guest apply authoritativeState tick=73 wave=6 turn=3 party=6/2 field=4
[log] [coop:resync] presentation settle boundary=resync-stable side=player desired=visible ids=[2617448572,1003306279] changed=0 phase=SelectModifierPhase
[log] [coop:resync] presentation settle boundary=wave-start-pre-intro side=enemy desired=visible ids=[] changed=0 phase=SelectModifierPhase
[log] [coop:relay] DELIVER interactionChoice seq=6 -> waiter kind=skip choice=-1 data=-
[log] [coop:relay] AWAIT interactionChoice seq=6 RESOLVE kind=skip choice=-1 data=-
[log] [coop:reward] shop authoritative RESULT applied-before-render kind=REWARD id=1831085709869277:0:REWARD:600000 rev=15 tick=73
[log] [coop:transport] send guest t=coopAck cls=op:global seq=15
[log] [coop:reward] reward op WATCHER materialize retained choice=-1 terminal=true skippedObsolete=0 id=1831085709869277:0:REWARD:600000
[log] [coop:reward] WATCHER applying relayed action seq=6 act=LEAVE choice=-1 data=-
[log] [coop:v2-interaction] terminal proof recorded op=1831085709869277:0:REWARD:600000 role=guest seat=1 duplicate=0 ambient=1
[log] [coop:v2-interaction] phase terminal proof op=1831085709869277:0:REWARD:600000 route=constructor-fallback accepted=1
[log] [coop:interaction] interactionCounter() read -> 6 (role=guest)
[log] [coop:interaction] CoopInteractionTurn.advance INCREMENT (fromCounter=6) counter 6 -> 7
[log] [coop:interaction] advanceInteraction ADVANCED+BROADCAST (fromCounter=6) counter 6 -> 7 role=guest; send interaction screen=__turn__ choice=7
[log] [coop:interaction] SEND counter snapshot reason=advance choice=7 role=guest
[log] [coop:transport] send guest t=interaction screen=__turn__
[log] [coop:owner] ownerOf(counter=7) seat=1 -> owner=guest
[log] [coop:owner] ownerOf(counter=7) seat=1 -> owner=guest
[log] [coop:interaction] interactionCounter() read -> 7 (role=guest)
[log] [coop:reward] advance interaction (role=guest from=6 counter 6 -> 7)
[log] [coop:session] isCoopAuthoritativeGuestGated -> true (authoritative GUEST gates a structural mutation)
[log] [coop:transport] recv host t=coopAck cls=op:global seq=15 handlers=1
[log] [coop:transport] recv host t=interaction screen=__turn__ handlers=1
[log] [coop:interaction] interactionCounter() read -> 7 (role=guest)
[log] [coop:interaction] interactionCounter() read -> 7 (role=guest)
[log] [coop:interaction] RECV interaction broadcast (deferred catch-up net) received=7 localBefore=7 role=guest -> no defer (local >= received)
[warn] [coop:interaction] CoopInteractionTurn.mergeRemote DEFER (remote=7, counter=7, pendingRemote=7) live counter UNCHANGED (folds in at next advance if still ahead)
[log] [coop:owner] ownerOf(counter=7) seat=1 -> owner=guest
[log] [coop:owner] ownerOf(counter=7) seat=1 -> owner=guest
[log] [coop:interaction] interactionCounter() read -> 7 (role=host)
[log] [coop:interaction] interactionCounter() read -> 7 (role=guest)
[log] [coop-soak:wave-complete] {"seed":20260831,"wave":6,"wavesRequested":55,"wavesCompleted":6,"waveElapsedMs":1854,"elapsedMs":16272,"findings":0,"hostPhase":"NewBattlePhase","guestPhase":"NewBattlePhase"}
[log] [coop:replay] guest RECV enemyPartySync wave=7 count=2 -> buffered (no waiter)
[log] [coop:replay] guest RECV entry presentation wave=7 stateTick=75 events=2 buffered
[log] [coop:replay] guest RECV enemyPartySync wave=7 count=2 -> buffered (no waiter)
[log] [coop:rendezvous] RECV arrival point=cmd:7:1 -> BUFFER (no waiter yet) role=guest
[log] [coop:battletype] wave=7 HOST verdict: WILD - adopting (#867)
[log] [coop:me] wave=7 HOST verdict: NO ME - local presence roll suppressed (#862)
[log] [coop:session] isCoopAuthoritativeGuestGated -> true (authoritative GUEST gates a structural mutation)
[log] [coop:interaction] interactionCounter() read -> 7 (role=guest)
[log] [coop:stream] guest consumeEnemyParty wave=7 -> 2 enemies
[log] [coop:enemy] buildCoopEnemy ADOPT trainerSlot=0 species=915 form=0 lv=5 abilityIdx=0 nature=0 gender=0 shiny=false tera=0:0 hp=21/21 moves=4 heldItems=0
[log] [coop:enemy] buildCoopEnemy ADOPT trainerSlot=0 species=161 form=0 lv=5 abilityIdx=1 nature=0 gender=1 shiny=false tera=0:0 hp=20/20 moves=3 heldItems=0
[log] [coop:adopt] erMoneyStreaks host entries=1 -> restored (#837/#348)
[log] [coop:adopt] biomeOverstayAnchor host=null -> restored (#837/#504)
[log] [coop:adopt] erBiomeStructure host length=17 startWave=6 -> restored (#841 item 5)
[log] [coop:adopt] erRelicBattleState host wave=7 -> restored (#837)
[log] [coop:adopt] erLastGenericTrainerType host=none -> restored
[log] [coop:adopt] erMapState host nodes=2 travelTarget=- fragments=0 -> restored (#865/#841 item 1)
[log] [coop:adopt] erPendingNodes host count=6 revealed=2 -> restored (#865)
[log] [coop:resync] guest apply authoritativeState tick=75 wave=7 turn=1 party=6/2 field=4
[log] [coop:resync] presentation settle boundary=resync-stable side=player desired=visible ids=[2617448572,1003306279] changed=0 phase=NextEncounterPhase
[log] [coop:resync] presentation settle boundary=resync-stable side=enemy desired=visible ids=[2815357939,1768067348] changed=2 phase=NextEncounterPhase
[log] [coop:resync] render differ: newly presented id=2815357939 key=pkmn__915 -> load atlas
[log] [coop:resync] render differ: newly presented id=1768067348 key=pkmn__161 -> load atlas
[log] [coop:resync] presentation settle boundary=wave-start-pre-intro side=enemy desired=hidden ids=[2815357939,1768067348] changed=2 phase=NextEncounterPhase
[log] [coop:resync] presentation settle boundary=encounter-summon side=enemy desired=visible ids=[2815357939,1768067348] changed=0 phase=NextEncounterPhase
[log] [coop:resync] presentation settle boundary=launch-ready side=player desired=visible ids=[2617448572,1003306279] changed=0 phase=NextEncounterPhase
[log] [coop:session] isCoopAuthoritativeGuestGated -> true (authoritative GUEST gates a structural mutation)
[log] [coop:session] isCoopAuthoritativeGuestGated -> true (authoritative GUEST gates a structural mutation)
[log] [coop:session] isCoopAuthoritativeGuestGated -> true (authoritative GUEST gates a structural mutation)
[log] [coop:session] isCoopAuthoritativeGuestGated -> true (authoritative GUEST gates a structural mutation)
[log] [coop:session] isCoopAuthoritativeGuestGated -> true (authoritative GUEST gates a structural mutation)
[log] [coop:session] isCoopAuthoritativeGuestGated -> true (authoritative GUEST gates a structural mutation)
[log] [coop:replay] guest replay turn=1: awaiting retained entry presentation
[warn] [coop:resync] authoritativeState tick=75 STALE (lastApplied=75) -> REJECTED (#807)
[log] [coop:adopt] erMoneyStreaks host entries=1 -> restored (#837/#348)
[log] [coop:adopt] biomeOverstayAnchor host=null -> restored (#837/#504)
[log] [coop:adopt] erBiomeStructure host length=17 startWave=6 -> restored (#841 item 5)
[log] [coop:adopt] erRelicBattleState host wave=7 -> restored (#837)
[log] [coop:adopt] erLastGenericTrainerType host=none -> restored
[log] [coop:adopt] erMapState host nodes=2 travelTarget=- fragments=0 -> restored (#865/#841 item 1)
[log] [coop:adopt] erPendingNodes host count=6 revealed=2 -> restored (#865)
[log] [coop:resync] guest reassert authoritativeState tick=75 wave=7 turn=1 party=6/2 field=4
[log] [coop:resync] presentation settle boundary=resync-stable side=player desired=visible ids=[2617448572,1003306279] changed=0 phase=CoopReplayTurnPhase
[log] [coop:resync] presentation settle boundary=resync-stable side=enemy desired=visible ids=[2815357939,1768067348] changed=0 phase=CoopReplayTurnPhase
[log] [coop:replay] guest replay turn=1: rendering 2 event(s)
[log] [coop:replay] guest replay turn=1: present k=showAbility
[log] [coop:session] isCoopAuthoritativeGuestGated -> true (authoritative GUEST gates a structural mutation)
[log] [coop:replay] guest replay turn=1: present k=hideAbility
[log] [coop:session] isCoopAuthoritativeGuestGated -> true (authoritative GUEST gates a structural mutation)
[log] [coop:replay] guest replay turn=1: rendered phases [showAbility=1 hideAbility=1]
[log] [coop:replay] guest replay turn=1: retained entry presentation queued stateTick=75 events=2; awaiting exact outcome proof
[log] [coop:session] isCoopAuthoritativeGuestGated -> true (authoritative GUEST gates a structural mutation)
[log] [coop:replay] guest pre-command presentation PROVED wave=7 turn=1 events=2
[log] [coop:stream] guest consumeEnemyParty wave=7 -> null (buffered=none)
[log] [coop:battle] CommandPhase slot=0 turn=1 owner=host role=guest -> partner path
[log] [coop:stream] guest consumeEnemyParty wave=7 -> null (buffered=none)
[log] [coop:rendezvous] ARRIVE point=cmd:7:1 (send) role=guest
[log] [coop:transport] send guest t=rendezvous point=cmd:7:1
[log] [coop:rendezvous] next-command barrier cmd:7:1 SYNC pass (partner already arrived)
[log] [coop:stream] guest consumeEnemyParty wave=7 -> null (buffered=none)
[log] [coop:transport] send guest t=coopAck cls=op:global seq=15
[log] [coop:transport] send guest t=coopAck cls=op:global seq=15
[log] [coop:transport] recv host t=rendezvous point=cmd:7:1 handlers=1
[log] [coop:transport] recv host t=coopAck cls=op:global seq=15 handlers=1
[log] [coop:transport] recv host t=coopAck cls=op:global seq=15 handlers=1
[log] [coop:rendezvous] RECV arrival point=cmd:7:1 -> DUPLICATE (already seen) role=guest
[log] [coop:replay] guest IGNORE duplicate consumed entry presentation wave=7
[log] [coop:replay] guest RECV enemyPartySync wave=7 count=2 -> buffered (no waiter)
[log] [coop-soak:wave-start] {"seed":20260831,"wave":7,"wavesRequested":55,"wavesCompleted":6,"elapsedMs":16855,"hostPhase":"CommandPhase","guestPhase":"CommandPhase"}
[log] [coop:interaction] interactionCounter() read -> 7 (role=host)
[log] [coop:interaction] interactionCounter() read -> 7 (role=guest)
[log] [coop:interaction] interactionCounter() read -> 7 (role=guest)
[log] [coop:checksum] capture digest=076953226320c7ff field=4 biome=1 seed=coop-soak-20260831 weather=0 terrain=0 money=110 party=[149,445,143,94,376,248] partyLevels=[65,65,65,65,65,65] arenaTags=0 modifiers=2 heldItemsDigest=0 pokeballs=[0:10,1:0,2:0,3:0,4:0] mons=[bi0:sp149/hp212-213/st0/ab5013/form0/tera0:15/boss0:0 bi1:sp445/hp233-235/st0/ab5066/form0/tera0:15/boss0:0 bi2:sp915/hp21-21/st0/ab268/form0/tera0:0/boss0:0 bi3:sp161/hp20-20/st0/ab157/form0/tera0:0/boss0:0]
[log] [coop:interaction] interactionCounter() read -> 7 (role=guest)
[log] [coop:replay] guest IGNORE duplicate consumed entry presentation wave=7
[log] [coop:replay] guest RECV enemyPartySync wave=7 count=2 -> buffered (no waiter)
[log] [coop:replay] guest RECV turnResolution e=1831085709869277 wave=7 turn=1 events=10 checksum=eb54bf9f6e711b3c -> buffered (no waiter)
[log] [coop:replay] guest RECV waveResolved wave=7 outcome=win transition=WAVE_VICTORY/next8/biome0/egg1/wild
[log] [coop:runtime] recv waveResolved wave=7 outcome=win role=guest netcode=authoritative
[log] [coop:runtime] ignore raw waveResolved for correctness wave=7 outcome=win; awaiting retained transaction
[log] [coop:session] isCoopAuthoritativeGuestGated -> true (authoritative GUEST gates a structural mutation)
[log] [coop:replay] guest replay turn=1: live pump start mode=turn
[log] [coop:replay] guest replay turn=1: advance local watermark 0->2
[log] [coop:session] isCoopAuthoritativeGuestGated -> true (authoritative GUEST gates a structural mutation)
[log] [coop:transport] send guest t=requestTurnCommit e=1831085709869277 wave=7 turn=1 rev=pending
[log] [coop:transport] send guest t=requestTurnCommit e=1831085709869277 wave=7 turn=1 rev=80
[log] [coop:replay] guest awaitTurn turn=1 RESOLVE (buffered race) events=10
[log] [coop:transport] recv host t=requestTurnCommit e=1831085709869277 wave=7 turn=1 rev=pending handlers=1
[log] [coop:transport] send host t=turnResolution e=1831085709869277 wave=7 turn=1 rev=80 events=10 checksum=eb54bf9f6e711b3c
[log] [coop:transport] recv host t=requestTurnCommit e=1831085709869277 wave=7 turn=1 rev=80 handlers=1
[log] [coop:transport] send host t=turnResolution e=1831085709869277 wave=7 turn=1 rev=80 events=10 checksum=eb54bf9f6e711b3c
[log] [coop:transport] recv guest t=turnResolution e=1831085709869277 wave=7 turn=1 rev=80 events=10 checksum=eb54bf9f6e711b3c handlers=1
[log] [coop:transport] recv guest t=turnResolution e=1831085709869277 wave=7 turn=1 rev=80 events=10 checksum=eb54bf9f6e711b3c handlers=1
[log] [coop:replay] guest consume live events turn=1 count=0
[log] [coop:replay] guest replay turn=1: RESOLVE renderedLive=2 remaining=8 batch=10
[log] [coop:replay] guest replay turn=1: rendering 8 event(s)
[log] [coop:replay] guest replay turn=1: present k=moveUsed
[log] [coop:replay] guest replay turn=1: present k=moveAnim
[log] [coop:session] isCoopAuthoritativeGuestGated -> true (authoritative GUEST gates a structural mutation)
[log] [coop:replay] guest replay turn=1: present k=hp
[log] [coop:session] isCoopAuthoritativeGuestGated -> true (authoritative GUEST gates a structural mutation)
[log] [coop:replay] guest replay turn=1: present k=faint
[log] [coop:session] isCoopAuthoritativeGuestGated -> true (authoritative GUEST gates a structural mutation)
[log] [coop:replay] guest replay turn=1: present k=moveUsed
[log] [coop:replay] guest replay turn=1: present k=moveAnim
[log] [coop:session] isCoopAuthoritativeGuestGated -> true (authoritative GUEST gates a structural mutation)
[log] [coop:replay] guest replay turn=1: present k=hp
[log] [coop:session] isCoopAuthoritativeGuestGated -> true (authoritative GUEST gates a structural mutation)
[log] [coop:replay] guest replay turn=1: present k=faint
[log] [coop:session] isCoopAuthoritativeGuestGated -> true (authoritative GUEST gates a structural mutation)
[log] [coop:replay] guest replay turn=1: rendered phases [moveUsed=2 moveAnim=2 hp=2 faint=2]
[log] [coop:replay] guest replay turn=1: unshift CoopFinalizeTurnPhase (checkpoint apply deferred)
[log] [coop:session] isCoopAuthoritativeGuestGated -> true (authoritative GUEST gates a structural mutation)
[log] [coop:stream] guest IGNORE idempotent turn duplicate e=1831085709869277 wave=7 turn=1 rev=80
[log] [coop:stream] guest IGNORE idempotent turn duplicate e=1831085709869277 wave=7 turn=1 rev=80
[log] [coop:replay] present move bi=1 moveId=53 targets=1
[log] [coop:replay] present hp bi=3 20->0/20
[log] [coop:replay] present faint bi=3 narrate=true
[log] [coop:replay] present move bi=0 moveId=53 targets=1
[log] [coop:replay] present hp bi=2 21->0/21
[log] [coop:replay] present faint bi=2 narrate=true
[log] [coop:checkpoint] guest apply field=4 weather=0 terrain=0 arenaTags=0
[log] [coop:session] isCoopAuthoritativeGuestGated -> true (authoritative GUEST gates a structural mutation)
[log] [coop:adopt] erMoneyStreaks host entries=1 -> restored (#837/#348)
[log] [coop:adopt] biomeOverstayAnchor host=null -> restored (#837/#504)
[log] [coop:adopt] erBiomeStructure host length=17 startWave=6 -> restored (#841 item 5)
[log] [coop:adopt] erRelicBattleState host wave=7 -> restored (#837)
[log] [coop:adopt] erLastGenericTrainerType host=none -> restored
[log] [coop:adopt] erMapState host nodes=2 travelTarget=- fragments=0 -> restored (#865/#841 item 1)
[log] [coop:adopt] erPendingNodes host count=6 revealed=2 -> restored (#865)
[log] [coop:resync] guest apply authoritativeState tick=80 wave=7 turn=1 party=6/2 field=4
[log] [coop:resync] presentation settle boundary=resync-stable side=player desired=visible ids=[2617448572,1003306279] changed=0 phase=CoopFinalizeTurnPhase
[log] [coop:resync] presentation settle boundary=wave-start-pre-intro side=enemy desired=visible ids=[] changed=0 phase=CoopFinalizeTurnPhase
[log] [coop:interaction] interactionCounter() read -> 7 (role=guest)
[log] [coop:checksum] capture digest=eb54bf9f6e711b3c field=4 biome=1 seed=coop-soak-20260831 weather=0 terrain=0 money=110 party=[149,445,143,94,376,248] partyLevels=[65,65,65,65,65,65] arenaTags=0 modifiers=2 heldItemsDigest=0 pokeballs=[0:10,1:0,2:0,3:0,4:0] mons=[bi0:sp149/hp212-213/st0/ab5013/form0/tera0:15/boss0:0 bi1:sp445/hp233-235/st0/ab5066/form0/tera0:15/boss0:0 bi2:sp915/hp0-21/st7/ab268/form0/tera0:0/boss0:0 bi3:sp161/hp0-20/st7/ab157/form0/tera0:0/boss0:0]
[log] [coop:transport] send guest t=turnCommitAck e=1831085709869277 wave=7 turn=1 rev=80 stage=materialApplied checksum=eb54bf9f6e711b3c
[log] [coop:stream] guest ACK turn stage=materialApplied e=1831085709869277 wave=7 turn=1 rev=80
[log] [coop:checksum] guest finalize materialApplied e=1831085709869277 wave=7 turn=1 rev=80
[log] [coop:transport] recv host t=turnCommitAck e=1831085709869277 wave=7 turn=1 rev=80 stage=materialApplied checksum=eb54bf9f6e711b3c handlers=1
[log] [coop:stream] host ACCEPT turn ACK stage=materialApplied key=1831085709869277:7:1:80
[log] [coop:transport] send guest t=turnCommitAck e=1831085709869277 wave=7 turn=1 rev=80 stage=presentationReady checksum=eb54bf9f6e711b3c
[log] [coop:stream] guest ACK turn stage=presentationReady e=1831085709869277 wave=7 turn=1 rev=80
[log] [coop:checksum] guest finalize presentationReady e=1831085709869277 wave=7 turn=1 rev=80
[log] [coop:replay] guest finalize turn=1: END (checkpoint applied, turn-end queued)
[log] [coop:transport] recv host t=turnCommitAck e=1831085709869277 wave=7 turn=1 rev=80 stage=presentationReady checksum=eb54bf9f6e711b3c handlers=1
[log] [coop:stream] host ACCEPT turn ACK stage=presentationReady key=1831085709869277:7:1:80
[log] [coop:interaction] interactionCounter() read -> 7 (role=host)
[log] [coop:stream] guest admitted WAVE_ADVANCE continuation e=1831085709869277 wave=7
[log] [coop:runtime] wave-advance JOURNAL bootstrap wave=7 outcome=win (ACK withheld)
[log] [coop:runtime] wave-advance JOURNAL queued safe-boundary wake wave=7 unparkedReplay=0
[log] [coop:runtime] wave-advance op JOURNAL cursor-advanced id=1831085709869277:0:WAVE_ADVANCE:7 rev=16 dataApplied=false continuationReady=false (DATA applies at BattleEnd; retained ACK awaits DATA + destination continuation)
[log] [coop:transport] send guest t=coopAck cls=op:global seq=16
[log] [coop:replay] guest RECV waveEndState wave=7 tick=81
[log] [coop:runtime] ignore raw waveEndState for correctness wave=7 tick=81
[log] [coop:relay] RECV rewardOptions key=7:0 -> BUFFER rewardOptionsInbox (latest-wins) count=3
[log] [coop:rendezvous] RECV arrival point=shop:7:7 -> BUFFER (no waiter yet) role=guest
[log] [coop:transport] recv host t=coopAck cls=op:global seq=16 handlers=1
[log] [coop:session] isCoopAuthoritativeGuestGated -> true (authoritative GUEST gates a structural mutation)
[log] [coop:session] isCoopAuthoritativeGuestGated -> true (authoritative GUEST gates a structural mutation)
[log] [coop:session] isCoopAuthoritativeGuestGated -> true (authoritative GUEST gates a structural mutation)
[log] [coop:session] isCoopAuthoritativeGuestGated -> true (authoritative GUEST gates a structural mutation)
[log] [coop:session] isCoopAuthoritativeGuestGated -> true (authoritative GUEST gates a structural mutation)
[log] [coop:runtime] consume wave-advance wave=7 outcome=win transition=WAVE_VICTORY/next8/biome0/egg1/wild (lastResolved 6 -> 7)
[log] [coop:replay] guest wave-advance outcome=win wave=7 next=WAVE_VICTORY/wave8 biomeChange=false eggLapse=true victoryKind=wild battleType=WILD queues=VictoryPhase (host-stated)
[warn] [coop:replay] guest wave-advance wave=7: replacing speculative future queue [CommandPhase,CommandPhase,TurnStartPhase]
[log] [coop:session] isCoopAuthoritativeGuestGated -> true (authoritative GUEST gates a structural mutation)
[log] [coop:progression] GUEST applyPartyExp SKIP wave=7 koMon=Sentret (awaiting host waveEndState)
[log] [coop-diag] VictoryPhase win-branch role=guest battleType=WILD queuesTrainerVictory=false queuesSelectModifier=true wave=7
[log] [coop:session] isCoopAuthoritativeGuestGated -> true (authoritative GUEST gates a structural mutation)
[log] [coop:session] isCoopAuthoritativeGuestGated -> true (authoritative GUEST gates a structural mutation)
[log] [coop-diag] VictoryTail role=guest wave=7 source=host-stated trainer=false egg=true biomeShop=false biomeChange=false crossroads=false nextWave=8
[log] [coop:session] isCoopAuthoritativeGuestGated -> true (authoritative GUEST gates a structural mutation)
[log] [coop:session] isCoopAuthoritativeGuestGated -> true (authoritative GUEST gates a structural mutation)
[log] [coop:session] isCoopAuthoritativeGuestGated -> true (authoritative GUEST gates a structural mutation)
[log] [coop:adopt] erMoneyStreaks host entries=1 -> restored (#837/#348)
[log] [coop:adopt] biomeOverstayAnchor host=null -> restored (#837/#504)
[log] [coop:adopt] erBiomeStructure host length=17 startWave=6 -> restored (#841 item 5)
[log] [coop:adopt] erRelicBattleState host wave=7 -> restored (#837)
[log] [coop:adopt] erLastGenericTrainerType host=none -> restored
[log] [coop:adopt] erMapState host nodes=2 travelTarget=- fragments=0 -> restored (#865/#841 item 1)
[log] [coop:adopt] erPendingNodes host count=6 revealed=2 -> restored (#865)
[log] [coop:resync] guest apply authoritativeState tick=81 wave=7 turn=2 party=6/2 field=4
[log] [coop:resync] presentation settle boundary=resync-stable side=player desired=visible ids=[2617448572,1003306279] changed=0 phase=BattleEndPhase
[log] [coop:resync] presentation settle boundary=wave-start-pre-intro side=enemy desired=visible ids=[] changed=0 phase=BattleEndPhase
[log] [coop:runtime] wave-advance retained DATA boundary admitted wave=7
[log] [coop:progression] retained WAVE_ADVANCE DATA applied wave=7 tick=81
[log] [coop:progression] GUEST retained WAVE_ADVANCE BattleEnd release wave=7
[log] [coop:progression] GUEST automatic victory settlement admitted wave=7 turn=2
[log] [coop:transport] recv guest t=envelope t=envelope handlers=1
[log] [coop:interaction] interactionCounter() read -> 7 (role=guest)
[log] [coop:checksum] capture digest=a789a5d73b7da4c4 field=4 biome=1 seed=coop-soak-20260831 weather=0 terrain=0 money=110 party=[149,445,143,94,376,248] partyLevels=[65,65,65,65,65,65] arenaTags=0 modifiers=2 heldItemsDigest=0 pokeballs=[0:10,1:0,2:0,3:0,4:0] mons=[bi0:sp149/hp212-213/st0/ab5013/form0/tera0:15/boss0:0 bi1:sp445/hp233-235/st0/ab5066/form0/tera0:15/boss0:0 bi2:sp915/hp0-21/st7/ab268/form0/tera0:0/boss0:0 bi3:sp161/hp0-20/st7/ab157/form0/tera0:0/boss0:0]
[log] [coop:interaction] interactionCounter() read -> 7 (role=guest)
[log] [coop:owner] ownerOf(counter=7) seat=1 -> owner=guest
[log] [coop:owner] isLocalOwnerAtCounter(pinnedCounter=7) parity=1 owner=guest role=guest -> true
[log] [coop:interaction] interactionCounter() read -> 7 (role=guest)
[log] [coop:reward] owner/watcher decision: pinnedStart=7 liveCounter=7 parity=1 role=guest pick=OWNER option=ADOPT spoof=false
[log] [coop:rendezvous] ARRIVE point=shop:7:7 (send) role=guest
[log] [coop:transport] send guest t=rendezvous point=shop:7:7
[log] [coop:reward] OWNER drives reward screen (start=7 role=guest spoof=false adoptsOptions=true wave=7)
[log] [coop:rendezvous] shop-pick-commit barrier AWAIT shop:7:7
[log] [coop:rendezvous] AWAIT point=shop:7:7 -> partner already arrived (buffer-hit) role=guest
[log] [coop:transport] recv host t=rendezvous point=shop:7:7 handlers=1
[log] [coop:transport] send guest t=coopAck cls=op:global seq=16
[log] [coop:reward] WATCHER awaiting owner reward options (start=7 reroll=0 localCount=0)
[log] [coop:relay] AWAIT rewardOptions key=7:0 timeoutMs=1200000 -> BUFFER-HIT resolve count=3
[log] [coop:transport] recv host t=coopAck cls=op:global seq=16 handlers=1
[log] [coop:shop] reconstructRewardOptions OK count=3 ids=[REVIVE,MEMORY_MUSHROOM,TEMP_STAT_STAGE_BOOSTER]
[log] [coop:reward] WATCHER ADOPTED owner reward options (was=0 now=3 ids=[REVIVE,MEMORY_MUSHROOM,TEMP_STAT_STAGE_BOOSTER])
[log] [coop:transport] send guest t=turnCommitAck e=1831085709869277 wave=7 turn=1 rev=80 stage=continuationReady checksum=eb54bf9f6e711b3c
[log] [coop:stream] guest ACK turn stage=continuationReady e=1831085709869277 wave=7 turn=1 rev=80
[log] [coop:stream] guest continuation surface=sharedInput e=1831085709869277 wave=7 turn=2 waiting=1 released=1
[log] [coop:interaction] mirror begin role=owner mirrorSeq=448 interactionStart=7 reroll=0
[log] [coop:interaction] uiMirror beginSession role=owner mode=6 seq=448 early=0
[log] [coop:transport] recv host t=turnCommitAck e=1831085709869277 wave=7 turn=1 rev=80 stage=continuationReady checksum=eb54bf9f6e711b3c handlers=1
[log] [coop:progression] retained WAVE_ADVANCE continuationReady wave=7
[log] [coop:transport] send guest t=coopAck cls=op:global seq=16
[log] [coop:transport] send guest t=coopAck cls=op:global seq=16
[log] [coop:transport] send guest t=coopAck cls=op:global seq=16
[log] [coop:transport] send guest t=battleCheckpointAck reason=replacement e=1831085709869277 wave=2 turn=2 rev=21 stage=continuationReady checksum=695476224cf5eb27
[log] [coop:checkpoint] guest RE-ACK compacted replacement through newer operation key=1831085709869277:2:2:21 operation=WAVE_ADVANCE stateTick=81
[log] [coop:transport] recv host t=coopAck cls=op:global seq=16 handlers=1
[log] [coop:transport] recv host t=coopAck cls=op:global seq=16 handlers=1
[log] [coop:transport] recv host t=coopAck cls=op:global seq=16 handlers=1
[log] [coop:transport] recv host t=battleCheckpointAck reason=replacement e=1831085709869277 wave=2 turn=2 rev=21 stage=continuationReady checksum=695476224cf5eb27 handlers=1
[log] [coop:owner] ownerOf(counter=7) seat=1 -> owner=guest
[log] [coop:owner] isLocalOwnerAtCounter(pinnedCounter=7) parity=1 owner=guest role=guest -> true
[log] [coop:reward] nested PARTY transition completed phaseCurrent=true
[log] [coop:transport] recv guest t=envelope t=envelope handlers=1
[log] [coop:transport] send guest t=coopAck cls=op:global seq=16
[log] [coop:transport] send guest t=coopAck cls=op:global seq=16
[log] [coop:transport] send guest t=coopAck cls=op:global seq=16
[log] [coop:transport] recv host t=coopAck cls=op:global seq=16 handlers=1
[log] [coop:transport] recv host t=coopAck cls=op:global seq=16 handlers=1
[log] [coop:transport] recv host t=coopAck cls=op:global seq=16 handlers=1
[log] [coop:interaction] interactionCounter() read -> 7 (role=host)
[log] [coop:interaction] interactionCounter() read -> 7 (role=guest)